C:\Users\ToniH\Documents\GitHub\LiveScore\backend\env\Lib\site-packages\pretty_midi\instrument.py:11: UserWarning: pkg_resources is deprecated as an API. See https://setuptools.pypa.io/en/latest/pkg_resources.html. The pkg_resources package is slated for removal as early as 2025-11-30. Refrain from using this package or pin to Setuptools<81.
  import pkg_resources
[GPU] Using NVIDIA GeForce RTX 5070 Ti Laptop GPU
[GPU] VRAM: 12.8 GB
Warming live neural path...
[GPU EnhancedMel] Loaded from C:\Users\ToniH\Documents\GitHub\LiveScore\backend\rhythm_training\enhanced_mel_transcription.pt (43,225,009 params)
[TIMING] EnhancedMel.transcribe: audio_to_gpu=0.1ms, features=106.5ms, model=205.8ms, decode=1.5ms | TOTAL=313.9ms for 600ms audio (RTF=0.52x)
[TIMING] stream_chunk[experiment-608ddb5ae2e9409896d2806fbf63c15b](live_neural): decode=0.3ms, inference=1236.2ms, second_pass=0.0ms, contention=0.0ms, TOTAL=1236.5ms | audio=600ms, RTF=2.06x | model=enhanced_mel, neural_total=1230.0ms, model_inference=205.8ms
[TIMING] EnhancedMel.transcribe: audio_to_gpu=0.7ms, features=0.7ms, model=14.8ms, decode=1.8ms | TOTAL=18.0ms for 600ms audio (RTF=0.03x)
[TIMING] stream_chunk[experiment-8e436863f910403dbc83e1380eadaa5f](live_neural): decode=0.3ms, inference=21.0ms, second_pass=0.0ms, contention=0.0ms, TOTAL=21.4ms | audio=600ms, RTF=0.04x | model=enhanced_mel, neural_total=20.3ms, model_inference=14.8ms
[TIMING] EnhancedMel.transcribe: audio_to_gpu=0.2ms, features=1.9ms, model=23.2ms, decode=3.1ms | TOTAL=28.3ms for 1200ms audio (RTF=0.02x)
[TIMING] stream_chunk[experiment-8e436863f910403dbc83e1380eadaa5f](live_neural): decode=0.3ms, inference=31.3ms, second_pass=0.0ms, contention=0.0ms, TOTAL=31.8ms | audio=600ms, RTF=0.05x | model=enhanced_mel, neural_total=30.7ms, model_inference=23.2ms
[TIMING] EnhancedMel.transcribe: audio_to_gpu=0.2ms, features=1.9ms, model=21.9ms, decode=7.0ms | TOTAL=31.0ms for 1800ms audio (RTF=0.02x)
[TIMING] stream_chunk[experiment-8e436863f910403dbc83e1380eadaa5f](live_neural): decode=0.3ms, inference=34.2ms, second_pass=0.0ms, contention=0.0ms, TOTAL=34.6ms | audio=600ms, RTF=0.06x | model=enhanced_mel, neural_total=33.7ms, model_inference=21.9ms
[TIMING] EnhancedMel.transcribe: audio_to_gpu=0.2ms, features=1.8ms, model=22.0ms, decode=6.7ms | TOTAL=30.7ms for 2400ms audio (RTF=0.01x)
[TIMING] stream_chunk[experiment-8e436863f910403dbc83e1380eadaa5f](live_neural): decode=0.2ms, inference=34.1ms, second_pass=0.0ms, contention=0.0ms, TOTAL=34.4ms | audio=600ms, RTF=0.06x | model=enhanced_mel, neural_total=33.6ms, model_inference=22.0ms
[TIMING] EnhancedMel.transcribe: audio_to_gpu=0.2ms, features=1.6ms, model=20.1ms, decode=7.6ms | TOTAL=29.5ms for 3000ms audio (RTF=0.01x)
[TIMING] stream_chunk[experiment-8e436863f910403dbc83e1380eadaa5f](live_neural): decode=0.2ms, inference=36.0ms, second_pass=0.0ms, contention=0.0ms, TOTAL=36.4ms | audio=600ms, RTF=0.06x | model=enhanced_mel, neural_total=35.5ms, model_inference=20.1ms
[TIMING] EnhancedMel.transcribe: audio_to_gpu=0.5ms, features=0.7ms, model=17.2ms, decode=13.2ms | TOTAL=31.5ms for 3000ms audio (RTF=0.01x)
[TIMING] stream_chunk[experiment-8e436863f910403dbc83e1380eadaa5f](live_neural): decode=0.2ms, inference=36.2ms, second_pass=0.0ms, contention=0.0ms, TOTAL=36.5ms | audio=600ms, RTF=0.06x | model=enhanced_mel, neural_total=35.8ms, model_inference=17.2ms
[TIMING] EnhancedMel.transcribe: audio_to_gpu=0.2ms, features=0.7ms, model=23.9ms, decode=7.2ms | TOTAL=31.9ms for 3000ms audio (RTF=0.01x)
[TIMING] stream_chunk[experiment-8e436863f910403dbc83e1380eadaa5f](live_neural): decode=0.2ms, inference=37.0ms, second_pass=0.0ms, contention=0.0ms, TOTAL=37.3ms | audio=600ms, RTF=0.06x | model=enhanced_mel, neural_total=36.5ms, model_inference=23.9ms
[TIMING] EnhancedMel.transcribe: audio_to_gpu=0.2ms, features=0.5ms, model=20.8ms, decode=6.8ms | TOTAL=28.3ms for 3000ms audio (RTF=0.01x)
[TIMING] stream_chunk[experiment-8e436863f910403dbc83e1380eadaa5f](live_neural): decode=0.2ms, inference=32.1ms, second_pass=0.0ms, contention=0.0ms, TOTAL=32.3ms | audio=600ms, RTF=0.05x | model=enhanced_mel, neural_total=31.6ms, model_inference=20.8ms
[TIMING] EnhancedMel.transcribe: audio_to_gpu=0.3ms, features=0.9ms, model=16.6ms, decode=5.5ms | TOTAL=23.3ms for 3000ms audio (RTF=0.01x)
[TIMING] stream_chunk[experiment-8e436863f910403dbc83e1380eadaa5f](live_neural): decode=0.3ms, inference=26.8ms, second_pass=0.0ms, contention=0.0ms, TOTAL=27.3ms | audio=600ms, RTF=0.05x | model=enhanced_mel, neural_total=26.3ms, model_inference=16.6ms
[TIMING] EnhancedMel.transcribe: audio_to_gpu=0.2ms, features=0.9ms, model=19.4ms, decode=6.4ms | TOTAL=26.9ms for 3000ms audio (RTF=0.01x)
[TIMING] stream_chunk[experiment-8e436863f910403dbc83e1380eadaa5f](live_neural): decode=0.2ms, inference=29.2ms, second_pass=0.0ms, contention=0.0ms, TOTAL=29.5ms | audio=600ms, RTF=0.05x | model=enhanced_mel, neural_total=28.8ms, model_inference=19.4ms
[TIMING] EnhancedMel.transcribe: audio_to_gpu=0.2ms, features=0.5ms, model=12.9ms, decode=2.5ms | TOTAL=16.2ms for 600ms audio (RTF=0.03x)
[TIMING] stream_chunk[experiment-ba963660bc024fd19a9df1867481844e](live_neural): decode=0.2ms, inference=18.9ms, second_pass=0.0ms, contention=0.0ms, TOTAL=19.1ms | audio=600ms, RTF=0.03x | model=enhanced_mel, neural_total=18.4ms, model_inference=12.9ms
[TIMING] EnhancedMel.transcribe: audio_to_gpu=0.4ms, features=0.5ms, model=15.5ms, decode=4.7ms | TOTAL=21.0ms for 1200ms audio (RTF=0.02x)
[TIMING] stream_chunk[experiment-ba963660bc024fd19a9df1867481844e](live_neural): decode=0.3ms, inference=25.3ms, second_pass=0.0ms, contention=0.0ms, TOTAL=25.6ms | audio=600ms, RTF=0.04x | model=enhanced_mel, neural_total=24.7ms, model_inference=15.5ms
[TIMING] EnhancedMel.transcribe: audio_to_gpu=0.5ms, features=0.7ms, model=17.5ms, decode=6.6ms | TOTAL=25.2ms for 1800ms audio (RTF=0.01x)
[TIMING] stream_chunk[experiment-ba963660bc024fd19a9df1867481844e](live_neural): decode=0.2ms, inference=29.8ms, second_pass=0.0ms, contention=0.0ms, TOTAL=30.1ms | audio=600ms, RTF=0.05x | model=enhanced_mel, neural_total=29.3ms, model_inference=17.5ms
[TIMING] EnhancedMel.transcribe: audio_to_gpu=0.3ms, features=0.7ms, model=19.9ms, decode=9.7ms | TOTAL=30.5ms for 2400ms audio (RTF=0.01x)
[TIMING] stream_chunk[experiment-ba963660bc024fd19a9df1867481844e](live_neural): decode=0.2ms, inference=36.2ms, second_pass=0.0ms, contention=0.0ms, TOTAL=36.6ms | audio=600ms, RTF=0.06x | model=enhanced_mel, neural_total=35.7ms, model_inference=19.9ms
[TIMING] EnhancedMel.transcribe: audio_to_gpu=0.3ms, features=0.6ms, model=24.1ms, decode=12.4ms | TOTAL=37.3ms for 3000ms audio (RTF=0.01x)
[TIMING] stream_chunk[experiment-ba963660bc024fd19a9df1867481844e](live_neural): decode=0.2ms, inference=41.2ms, second_pass=0.0ms, contention=0.0ms, TOTAL=41.6ms | audio=600ms, RTF=0.07x | model=enhanced_mel, neural_total=40.7ms, model_inference=24.1ms
[TIMING] EnhancedMel.transcribe: audio_to_gpu=0.3ms, features=0.8ms, model=18.5ms, decode=7.0ms | TOTAL=26.6ms for 3000ms audio (RTF=0.01x)
[TIMING] stream_chunk[experiment-ba963660bc024fd19a9df1867481844e](live_neural): decode=0.2ms, inference=31.8ms, second_pass=0.0ms, contention=0.0ms, TOTAL=32.2ms | audio=600ms, RTF=0.05x | model=enhanced_mel, neural_total=31.2ms, model_inference=18.5ms
[TIMING] EnhancedMel.transcribe: audio_to_gpu=0.2ms, features=0.6ms, model=15.7ms, decode=8.0ms | TOTAL=24.5ms for 3000ms audio (RTF=0.01x)
[TIMING] stream_chunk[experiment-ba963660bc024fd19a9df1867481844e](live_neural): decode=0.3ms, inference=27.8ms, second_pass=0.0ms, contention=0.0ms, TOTAL=28.2ms | audio=600ms, RTF=0.05x | model=enhanced_mel, neural_total=27.3ms, model_inference=15.7ms
[TIMING] EnhancedMel.transcribe: audio_to_gpu=0.2ms, features=0.6ms, model=16.2ms, decode=8.2ms | TOTAL=25.2ms for 3000ms audio (RTF=0.01x)
[TIMING] stream_chunk[experiment-ba963660bc024fd19a9df1867481844e](live_neural): decode=0.2ms, inference=28.6ms, second_pass=0.0ms, contention=0.0ms, TOTAL=28.9ms | audio=600ms, RTF=0.05x | model=enhanced_mel, neural_total=28.2ms, model_inference=16.2ms
[TIMING] EnhancedMel.transcribe: audio_to_gpu=0.2ms, features=0.5ms, model=19.4ms, decode=9.1ms | TOTAL=29.3ms for 3000ms audio (RTF=0.01x)
[TIMING] stream_chunk[experiment-ba963660bc024fd19a9df1867481844e](live_neural): decode=0.2ms, inference=32.5ms, second_pass=0.0ms, contention=0.0ms, TOTAL=32.8ms | audio=600ms, RTF=0.05x | model=enhanced_mel, neural_total=32.1ms, model_inference=19.4ms
[TIMING] EnhancedMel.transcribe: audio_to_gpu=0.2ms, features=0.5ms, model=19.0ms, decode=6.7ms | TOTAL=26.5ms for 3000ms audio (RTF=0.01x)
[TIMING] stream_chunk[experiment-ba963660bc024fd19a9df1867481844e](live_neural): decode=0.3ms, inference=30.7ms, second_pass=0.0ms, contention=0.0ms, TOTAL=31.2ms | audio=600ms, RTF=0.05x | model=enhanced_mel, neural_total=30.3ms, model_inference=19.0ms

[CLIP_001] Sonata in D Minor, K. 9
  excerpt: start=42.00s end=48.00s duration=6.00s gt_notes=26 rms=0.0058 peak=0.0376 crest=6.423 rms_std=0.0029
    control:
      note metrics: precision=0.960 recall=0.923 f1=0.941 matched=24/26 pred=25
      strict onset f1: 10ms=0.824 20ms=0.941 30ms=0.941
      timing metrics: offset_f1=0.627 rhythm_precision=0.667 note_value_acc=0.250 note_value_n=24 avg_beat_error=0.508
      duplicate metrics: duplicates=0 per_100_notes=0.00
      boundary metrics: gt=8 matched=7 missed=1 miss_rate=0.125
      latency: avg_chunk_ms=32.17 p95_chunk_ms=36.97 avg_rtf=0.054
      notation metrics: first_correct_ms=61.4 visible_p50_ms=368.7 visible_p95_ms=575.1 stabilize_p50_ms=1148.6 stabilize_p95_ms=4075.6 avg_revisions=0.82 matched=22 refined=22 snapshots=17
      algorithmic latency: first_correct_ms=34.1 visible_p50_ms=335.5 visible_p95_ms=540.6 stabilize_p50_ms=725.3 stabilize_p95_ms=3587.1
      final display note metrics: precision=0.960 recall=0.923 f1=0.941 matched=24/26 pred=25
      final display strict onset f1: 10ms=0.824 20ms=0.941 30ms=0.941
      final display timing: offset_f1=0.627 rhythm_precision=0.667 note_value_acc=0.208 note_value_n=24 avg_beat_error=0.714
      final display structure: cluster_f1=0.900 onset_align_recall=0.950 avg_jaccard=0.987 exact=18/20 pred=20 over=0 under=1 pitch_conflicts=0 missed_gt=1
      threshold profiles: hit_rate=0.000 thresholds=[0.55] profiles={'fixed_baseline': 10}
    treatment:
      note metrics: precision=0.960 recall=0.923 f1=0.941 matched=24/26 pred=25
      strict onset f1: 10ms=0.824 20ms=0.941 30ms=0.941
      timing metrics: offset_f1=0.627 rhythm_precision=0.667 note_value_acc=0.250 note_value_n=24 avg_beat_error=0.508
      duplicate metrics: duplicates=0 per_100_notes=0.00
      boundary metrics: gt=8 matched=7 missed=1 miss_rate=0.125
      latency: avg_chunk_ms=30.64 p95_chunk_ms=39.38 avg_rtf=0.051
      notation metrics: first_correct_ms=66.9 visible_p50_ms=370.6 visible_p95_ms=570.5 stabilize_p50_ms=1149.1 stabilize_p95_ms=4081.3 avg_revisions=0.82 matched=22 refined=22 snapshots=17
      algorithmic latency: first_correct_ms=34.1 visible_p50_ms=335.5 visible_p95_ms=540.6 stabilize_p50_ms=725.3 stabilize_p95_ms=3587.1
      final display note metrics: precision=0.960 recall=0.923 f1=0.941 matched=24/26 pred=25
      final display strict onset f1: 10ms=0.824 20ms=0.941 30ms=0.941
      final display timing: offset_f1=0.627 rhythm_precision=0.667 note_value_acc=0.208 note_value_n=24 avg_beat_error=0.714
      final display structure: cluster_f1=0.900 onset_align_recall=0.950 avg_jaccard=0.987 exact=18/20 pred=20 over=0 under=1 pitch_conflicts=0 missed_gt=1
      threshold profiles: hit_rate=1.000 thresholds=[0.51] profiles={'soft_sparse_recall': 10}
    delta treatment-control: precision=+0.000 recall=+0.000 f1=+0.000 offset_f1=+0.000 note_value_acc=+0.000 dup_per_100=+0.00 boundary_miss_rate=+0.000 p95_chunk_ms=+2.41 f1_10ms=+0.000 f1_20ms=+0.000 f1_30ms=+0.000 visible_p50_ms=+1.9 stabilize_p50_ms=+0.6 algo_visible_p50_ms=+0.0 algo_stabilize_p50_ms=+0.0 avg_revisions=+0.00 display_note_f1=+0.000 display_offset_f1=+0.000 display_cluster_f1=+0.000 display_cluster_jaccard=+0.000
    failure buckets: ['boundary_miss_failure', 'high_revision_slow_stabilization', 'note_value_offset_failure']
      boundary diagnostics: missed=1 by_arm={'control': 1, 'treatment': 1} tags={'control_boundary_miss': 1, 'no_control_coarse_candidate': 1}
        miss: pitch=53 onset=1.719s boundary_delta_ms=-81.3 control_coarse=False treatment_coarse=False retro=n/a
[TIMING] EnhancedMel.transcribe: audio_to_gpu=0.3ms, features=0.9ms, model=20.6ms, decode=2.6ms | TOTAL=24.4ms for 600ms audio (RTF=0.04x)
[TIMING] stream_chunk[experiment-f158c4250d1d404ba38aa91757438d0f](live_neural): decode=0.4ms, inference=28.3ms, second_pass=0.0ms, contention=0.0ms, TOTAL=28.8ms | audio=600ms, RTF=0.05x | model=enhanced_mel, neural_total=27.7ms, model_inference=20.6ms
[TIMING] EnhancedMel.transcribe: audio_to_gpu=0.2ms, features=0.6ms, model=18.3ms, decode=3.2ms | TOTAL=22.2ms for 1200ms audio (RTF=0.02x)
[TIMING] stream_chunk[experiment-f158c4250d1d404ba38aa91757438d0f](live_neural): decode=0.2ms, inference=24.6ms, second_pass=0.0ms, contention=0.0ms, TOTAL=25.2ms | audio=600ms, RTF=0.04x | model=enhanced_mel, neural_total=24.2ms, model_inference=18.3ms
[TIMING] EnhancedMel.transcribe: audio_to_gpu=0.2ms, features=0.7ms, model=17.4ms, decode=6.4ms | TOTAL=24.8ms for 1800ms audio (RTF=0.01x)
[TIMING] stream_chunk[experiment-f158c4250d1d404ba38aa91757438d0f](live_neural): decode=0.1ms, inference=29.5ms, second_pass=0.0ms, contention=0.0ms, TOTAL=29.9ms | audio=600ms, RTF=0.05x | model=enhanced_mel, neural_total=29.0ms, model_inference=17.4ms
[TIMING] EnhancedMel.transcribe: audio_to_gpu=0.3ms, features=0.6ms, model=14.3ms, decode=6.5ms | TOTAL=21.6ms for 2400ms audio (RTF=0.01x)
[TIMING] stream_chunk[experiment-f158c4250d1d404ba38aa91757438d0f](live_neural): decode=0.2ms, inference=26.2ms, second_pass=0.0ms, contention=0.0ms, TOTAL=26.7ms | audio=600ms, RTF=0.04x | model=enhanced_mel, neural_total=25.6ms, model_inference=14.3ms
[TIMING] EnhancedMel.transcribe: audio_to_gpu=0.4ms, features=0.7ms, model=21.5ms, decode=8.6ms | TOTAL=31.2ms for 3000ms audio (RTF=0.01x)
[TIMING] stream_chunk[experiment-f158c4250d1d404ba38aa91757438d0f](live_neural): decode=0.2ms, inference=35.6ms, second_pass=0.0ms, contention=0.0ms, TOTAL=36.2ms | audio=600ms, RTF=0.06x | model=enhanced_mel, neural_total=35.0ms, model_inference=21.5ms
[TIMING] EnhancedMel.transcribe: audio_to_gpu=0.3ms, features=0.6ms, model=16.7ms, decode=7.4ms | TOTAL=25.0ms for 3000ms audio (RTF=0.01x)
[TIMING] stream_chunk[experiment-f158c4250d1d404ba38aa91757438d0f](live_neural): decode=0.2ms, inference=29.3ms, second_pass=0.0ms, contention=0.0ms, TOTAL=29.8ms | audio=600ms, RTF=0.05x | model=enhanced_mel, neural_total=28.7ms, model_inference=16.7ms
[TIMING] EnhancedMel.transcribe: audio_to_gpu=0.4ms, features=0.6ms, model=20.2ms, decode=7.7ms | TOTAL=28.9ms for 3000ms audio (RTF=0.01x)
[TIMING] stream_chunk[experiment-f158c4250d1d404ba38aa91757438d0f](live_neural): decode=0.2ms, inference=32.4ms, second_pass=0.0ms, contention=0.0ms, TOTAL=32.8ms | audio=600ms, RTF=0.05x | model=enhanced_mel, neural_total=31.8ms, model_inference=20.2ms
[TIMING] EnhancedMel.transcribe: audio_to_gpu=0.3ms, features=0.6ms, model=21.2ms, decode=12.4ms | TOTAL=34.5ms for 3000ms audio (RTF=0.01x)
[TIMING] stream_chunk[experiment-f158c4250d1d404ba38aa91757438d0f](live_neural): decode=0.3ms, inference=38.8ms, second_pass=0.0ms, contention=0.0ms, TOTAL=39.3ms | audio=600ms, RTF=0.07x | model=enhanced_mel, neural_total=38.2ms, model_inference=21.2ms
[TIMING] EnhancedMel.transcribe: audio_to_gpu=0.3ms, features=0.6ms, model=21.0ms, decode=7.8ms | TOTAL=29.7ms for 3000ms audio (RTF=0.01x)
[TIMING] stream_chunk[experiment-f158c4250d1d404ba38aa91757438d0f](live_neural): decode=0.2ms, inference=34.2ms, second_pass=0.0ms, contention=0.0ms, TOTAL=34.6ms | audio=600ms, RTF=0.06x | model=enhanced_mel, neural_total=33.5ms, model_inference=21.0ms
[TIMING] EnhancedMel.transcribe: audio_to_gpu=0.2ms, features=0.6ms, model=20.6ms, decode=7.8ms | TOTAL=29.2ms for 3000ms audio (RTF=0.01x)
[TIMING] stream_chunk[experiment-f158c4250d1d404ba38aa91757438d0f](live_neural): decode=0.2ms, inference=34.3ms, second_pass=0.0ms, contention=0.0ms, TOTAL=34.7ms | audio=600ms, RTF=0.06x | model=enhanced_mel, neural_total=33.7ms, model_inference=20.6ms
[TIMING] EnhancedMel.transcribe: audio_to_gpu=0.4ms, features=0.8ms, model=16.1ms, decode=3.2ms | TOTAL=20.5ms for 600ms audio (RTF=0.03x)
[TIMING] stream_chunk[experiment-4d35fa45647844608e4d2cd16d67d179](live_neural): decode=0.2ms, inference=22.5ms, second_pass=0.0ms, contention=0.0ms, TOTAL=22.8ms | audio=600ms, RTF=0.04x | model=enhanced_mel, neural_total=21.9ms, model_inference=16.1ms
[TIMING] EnhancedMel.transcribe: audio_to_gpu=0.2ms, features=0.6ms, model=14.4ms, decode=3.6ms | TOTAL=18.9ms for 1200ms audio (RTF=0.02x)
[TIMING] stream_chunk[experiment-4d35fa45647844608e4d2cd16d67d179](live_neural): decode=0.3ms, inference=21.8ms, second_pass=0.0ms, contention=0.0ms, TOTAL=22.2ms | audio=600ms, RTF=0.04x | model=enhanced_mel, neural_total=21.3ms, model_inference=14.4ms
[TIMING] EnhancedMel.transcribe: audio_to_gpu=0.2ms, features=0.5ms, model=15.0ms, decode=5.2ms | TOTAL=21.0ms for 1800ms audio (RTF=0.01x)
[TIMING] stream_chunk[experiment-4d35fa45647844608e4d2cd16d67d179](live_neural): decode=0.2ms, inference=24.3ms, second_pass=0.0ms, contention=0.0ms, TOTAL=24.7ms | audio=600ms, RTF=0.04x | model=enhanced_mel, neural_total=23.9ms, model_inference=15.0ms
[TIMING] EnhancedMel.transcribe: audio_to_gpu=0.4ms, features=0.7ms, model=15.4ms, decode=4.7ms | TOTAL=21.3ms for 2400ms audio (RTF=0.01x)
[TIMING] stream_chunk[experiment-4d35fa45647844608e4d2cd16d67d179](live_neural): decode=0.2ms, inference=24.5ms, second_pass=0.0ms, contention=0.0ms, TOTAL=24.9ms | audio=600ms, RTF=0.04x | model=enhanced_mel, neural_total=24.1ms, model_inference=15.4ms
[TIMING] EnhancedMel.transcribe: audio_to_gpu=0.2ms, features=0.9ms, model=20.6ms, decode=8.1ms | TOTAL=29.8ms for 3000ms audio (RTF=0.01x)
[TIMING] stream_chunk[experiment-4d35fa45647844608e4d2cd16d67d179](live_neural): decode=0.1ms, inference=32.8ms, second_pass=0.0ms, contention=0.0ms, TOTAL=33.3ms | audio=600ms, RTF=0.06x | model=enhanced_mel, neural_total=32.4ms, model_inference=20.6ms
[TIMING] EnhancedMel.transcribe: audio_to_gpu=0.3ms, features=0.6ms, model=16.2ms, decode=9.8ms | TOTAL=26.9ms for 3000ms audio (RTF=0.01x)
[TIMING] stream_chunk[experiment-4d35fa45647844608e4d2cd16d67d179](live_neural): decode=0.3ms, inference=33.0ms, second_pass=0.0ms, contention=0.0ms, TOTAL=33.6ms | audio=600ms, RTF=0.06x | model=enhanced_mel, neural_total=32.2ms, model_inference=16.2ms
[TIMING] EnhancedMel.transcribe: audio_to_gpu=0.5ms, features=0.8ms, model=21.6ms, decode=9.5ms | TOTAL=32.4ms for 3000ms audio (RTF=0.01x)
[TIMING] stream_chunk[experiment-4d35fa45647844608e4d2cd16d67d179](live_neural): decode=0.2ms, inference=37.6ms, second_pass=0.0ms, contention=0.0ms, TOTAL=38.1ms | audio=600ms, RTF=0.06x | model=enhanced_mel, neural_total=37.1ms, model_inference=21.6ms
[TIMING] EnhancedMel.transcribe: audio_to_gpu=0.4ms, features=0.6ms, model=15.9ms, decode=6.8ms | TOTAL=23.7ms for 3000ms audio (RTF=0.01x)
[TIMING] stream_chunk[experiment-4d35fa45647844608e4d2cd16d67d179](live_neural): decode=0.3ms, inference=27.4ms, second_pass=0.0ms, contention=0.0ms, TOTAL=27.9ms | audio=600ms, RTF=0.05x | model=enhanced_mel, neural_total=26.8ms, model_inference=15.9ms
[TIMING] EnhancedMel.transcribe: audio_to_gpu=0.3ms, features=0.7ms, model=21.2ms, decode=7.5ms | TOTAL=29.6ms for 3000ms audio (RTF=0.01x)
[TIMING] stream_chunk[experiment-4d35fa45647844608e4d2cd16d67d179](live_neural): decode=0.2ms, inference=33.4ms, second_pass=0.0ms, contention=0.0ms, TOTAL=33.8ms | audio=600ms, RTF=0.06x | model=enhanced_mel, neural_total=32.9ms, model_inference=21.2ms
[TIMING] EnhancedMel.transcribe: audio_to_gpu=0.3ms, features=0.5ms, model=17.3ms, decode=9.0ms | TOTAL=27.1ms for 3000ms audio (RTF=0.01x)
[TIMING] stream_chunk[experiment-4d35fa45647844608e4d2cd16d67d179](live_neural): decode=0.2ms, inference=29.8ms, second_pass=0.0ms, contention=0.0ms, TOTAL=30.2ms | audio=600ms, RTF=0.05x | model=enhanced_mel, neural_total=29.2ms, model_inference=17.3ms

[CLIP_002] Two Sonatas
  excerpt: start=21.00s end=27.00s duration=6.00s gt_notes=95 rms=0.1706 peak=0.8416 crest=4.933 rms_std=0.0350
    control:
      note metrics: precision=0.883 recall=0.958 f1=0.919 matched=91/95 pred=103
      strict onset f1: 10ms=0.848 20ms=0.919 30ms=0.919
      timing metrics: offset_f1=0.818 rhythm_precision=0.890 note_value_acc=0.374 note_value_n=91 avg_beat_error=0.134
      duplicate metrics: duplicates=6 per_100_notes=5.83
      boundary metrics: gt=30 matched=29 missed=1 miss_rate=0.033
      latency: avg_chunk_ms=31.80 p95_chunk_ms=37.90 avg_rtf=0.053
      notation metrics: first_correct_ms=78.9 visible_p50_ms=350.0 visible_p95_ms=623.0 stabilize_p50_ms=973.1 stabilize_p95_ms=2269.0 avg_revisions=0.93 matched=29 refined=29 snapshots=20
      algorithmic latency: first_correct_ms=39.6 visible_p50_ms=317.2 visible_p95_ms=587.8 stabilize_p50_ms=639.6 stabilize_p95_ms=1835.7
      final display note metrics: precision=0.938 recall=0.958 f1=0.948 matched=91/95 pred=97
      final display strict onset f1: 10ms=0.875 20ms=0.948 30ms=0.948
      final display timing: offset_f1=0.844 rhythm_precision=0.890 note_value_acc=0.231 note_value_n=91 avg_beat_error=0.239
      final display structure: cluster_f1=0.838 onset_align_recall=1.000 avg_jaccard=0.935 exact=44/52 pred=53 over=4 under=3 pitch_conflicts=1 missed_gt=0
      threshold profiles: hit_rate=0.000 thresholds=[0.55] profiles={'fixed_baseline': 10}
    treatment:
      note metrics: precision=0.876 recall=0.968 f1=0.920 matched=92/95 pred=105
      strict onset f1: 10ms=0.840 20ms=0.920 30ms=0.920
      timing metrics: offset_f1=0.820 rhythm_precision=0.891 note_value_acc=0.370 note_value_n=92 avg_beat_error=0.134
      duplicate metrics: duplicates=6 per_100_notes=5.71
      boundary metrics: gt=30 matched=30 missed=0 miss_rate=0.000
      latency: avg_chunk_ms=29.15 p95_chunk_ms=36.14 avg_rtf=0.049
      notation metrics: first_correct_ms=41.9 visible_p50_ms=352.2 visible_p95_ms=583.9 stabilize_p50_ms=1005.1 stabilize_p95_ms=2284.6 avg_revisions=0.96 matched=28 refined=28 snapshots=20
      algorithmic latency: first_correct_ms=8.1 visible_p50_ms=316.3 visible_p95_ms=549.2 stabilize_p50_ms=623.8 stabilize_p95_ms=1845.7
      final display note metrics: precision=0.929 recall=0.968 f1=0.948 matched=92/95 pred=99
      final display strict onset f1: 10ms=0.866 20ms=0.948 30ms=0.948
      final display timing: offset_f1=0.845 rhythm_precision=0.891 note_value_acc=0.228 note_value_n=92 avg_beat_error=0.240
      final display structure: cluster_f1=0.838 onset_align_recall=1.000 avg_jaccard=0.935 exact=44/52 pred=53 over=5 under=3 pitch_conflicts=0 missed_gt=0
      threshold profiles: hit_rate=1.000 thresholds=[0.46] profiles={'loud_dense_precision': 10}
    delta treatment-control: precision=-0.007 recall=+0.011 f1=+0.001 offset_f1=+0.002 note_value_acc=-0.004 dup_per_100=-0.11 boundary_miss_rate=-0.033 p95_chunk_ms=-1.76 f1_10ms=-0.008 f1_20ms=+0.001 f1_30ms=+0.001 visible_p50_ms=+2.2 stabilize_p50_ms=+32.0 algo_visible_p50_ms=-0.9 algo_stabilize_p50_ms=-15.8 avg_revisions=+0.03 display_note_f1=+0.001 display_offset_f1=+0.002 display_cluster_f1=+0.000 display_cluster_jaccard=+0.001
    failure buckets: ['boundary_miss_failure', 'high_revision_slow_stabilization', 'note_value_offset_failure']
      boundary diagnostics: missed=1 by_arm={'control': 1, 'treatment': 0} tags={'control_boundary_miss': 1, 'no_control_coarse_candidate': 1, 'treatment_recovers_boundary_note': 1}
        miss: pitch=34 onset=5.949s boundary_delta_ms=-50.8 control_coarse=False treatment_coarse=True retro=n/a
[TIMING] EnhancedMel.transcribe: audio_to_gpu=0.3ms, features=0.6ms, model=11.5ms, decode=1.5ms | TOTAL=13.9ms for 600ms audio (RTF=0.02x)
[TIMING] stream_chunk[experiment-8e0a86fe630f48ec95e07d54d9588976](live_neural): decode=0.2ms, inference=15.8ms, second_pass=0.0ms, contention=0.0ms, TOTAL=16.1ms | audio=600ms, RTF=0.03x | model=enhanced_mel, neural_total=15.2ms, model_inference=11.5ms
[TIMING] EnhancedMel.transcribe: audio_to_gpu=0.2ms, features=0.5ms, model=13.4ms, decode=2.7ms | TOTAL=16.9ms for 1200ms audio (RTF=0.01x)
[TIMING] stream_chunk[experiment-8e0a86fe630f48ec95e07d54d9588976](live_neural): decode=0.4ms, inference=18.8ms, second_pass=0.0ms, contention=0.0ms, TOTAL=19.3ms | audio=600ms, RTF=0.03x | model=enhanced_mel, neural_total=18.4ms, model_inference=13.4ms
[TIMING] EnhancedMel.transcribe: audio_to_gpu=0.2ms, features=0.6ms, model=13.4ms, decode=5.0ms | TOTAL=19.2ms for 1800ms audio (RTF=0.01x)
[TIMING] stream_chunk[experiment-8e0a86fe630f48ec95e07d54d9588976](live_neural): decode=0.2ms, inference=21.7ms, second_pass=0.0ms, contention=0.0ms, TOTAL=22.1ms | audio=600ms, RTF=0.04x | model=enhanced_mel, neural_total=21.1ms, model_inference=13.3ms
[TIMING] EnhancedMel.transcribe: audio_to_gpu=0.3ms, features=0.7ms, model=17.0ms, decode=6.7ms | TOTAL=24.8ms for 2400ms audio (RTF=0.01x)
[TIMING] stream_chunk[experiment-8e0a86fe630f48ec95e07d54d9588976](live_neural): decode=0.2ms, inference=27.4ms, second_pass=0.0ms, contention=0.0ms, TOTAL=27.8ms | audio=600ms, RTF=0.05x | model=enhanced_mel, neural_total=26.9ms, model_inference=17.0ms
[TIMING] EnhancedMel.transcribe: audio_to_gpu=0.4ms, features=0.6ms, model=14.2ms, decode=6.4ms | TOTAL=21.5ms for 3000ms audio (RTF=0.01x)
[TIMING] stream_chunk[experiment-8e0a86fe630f48ec95e07d54d9588976](live_neural): decode=0.2ms, inference=23.9ms, second_pass=0.0ms, contention=0.0ms, TOTAL=24.3ms | audio=600ms, RTF=0.04x | model=enhanced_mel, neural_total=23.5ms, model_inference=14.2ms
[TIMING] EnhancedMel.transcribe: audio_to_gpu=0.3ms, features=1.2ms, model=18.6ms, decode=8.8ms | TOTAL=28.8ms for 3000ms audio (RTF=0.01x)
[TIMING] stream_chunk[experiment-8e0a86fe630f48ec95e07d54d9588976](live_neural): decode=0.2ms, inference=31.8ms, second_pass=0.0ms, contention=0.0ms, TOTAL=32.1ms | audio=600ms, RTF=0.05x | model=enhanced_mel, neural_total=31.3ms, model_inference=18.6ms
[TIMING] EnhancedMel.transcribe: audio_to_gpu=0.5ms, features=0.6ms, model=15.0ms, decode=7.6ms | TOTAL=23.8ms for 3000ms audio (RTF=0.01x)
[TIMING] stream_chunk[experiment-8e0a86fe630f48ec95e07d54d9588976](live_neural): decode=0.2ms, inference=27.7ms, second_pass=0.0ms, contention=0.0ms, TOTAL=28.0ms | audio=600ms, RTF=0.05x | model=enhanced_mel, neural_total=27.1ms, model_inference=15.0ms
[TIMING] EnhancedMel.transcribe: audio_to_gpu=0.3ms, features=0.6ms, model=16.8ms, decode=6.2ms | TOTAL=23.9ms for 3000ms audio (RTF=0.01x)
[TIMING] stream_chunk[experiment-8e0a86fe630f48ec95e07d54d9588976](live_neural): decode=0.1ms, inference=26.5ms, second_pass=0.0ms, contention=0.0ms, TOTAL=26.7ms | audio=600ms, RTF=0.04x | model=enhanced_mel, neural_total=26.0ms, model_inference=16.8ms
[TIMING] EnhancedMel.transcribe: audio_to_gpu=0.2ms, features=0.7ms, model=19.2ms, decode=6.5ms | TOTAL=26.5ms for 3000ms audio (RTF=0.01x)
[TIMING] stream_chunk[experiment-8e0a86fe630f48ec95e07d54d9588976](live_neural): decode=0.2ms, inference=29.3ms, second_pass=0.0ms, contention=0.0ms, TOTAL=29.6ms | audio=600ms, RTF=0.05x | model=enhanced_mel, neural_total=28.6ms, model_inference=19.2ms
[TIMING] EnhancedMel.transcribe: audio_to_gpu=0.3ms, features=0.8ms, model=15.1ms, decode=10.7ms | TOTAL=26.9ms for 3000ms audio (RTF=0.01x)
[TIMING] stream_chunk[experiment-8e0a86fe630f48ec95e07d54d9588976](live_neural): decode=0.2ms, inference=30.3ms, second_pass=0.0ms, contention=0.0ms, TOTAL=30.7ms | audio=600ms, RTF=0.05x | model=enhanced_mel, neural_total=29.6ms, model_inference=15.1ms
[TIMING] EnhancedMel.transcribe: audio_to_gpu=0.4ms, features=0.8ms, model=15.6ms, decode=3.6ms | TOTAL=20.4ms for 600ms audio (RTF=0.03x)
[TIMING] stream_chunk[experiment-e94e002b23504ad095edfcb047ba9cc7](live_neural): decode=0.2ms, inference=23.3ms, second_pass=0.0ms, contention=0.0ms, TOTAL=23.6ms | audio=600ms, RTF=0.04x | model=enhanced_mel, neural_total=22.7ms, model_inference=15.6ms
[TIMING] EnhancedMel.transcribe: audio_to_gpu=0.3ms, features=0.6ms, model=16.9ms, decode=6.1ms | TOTAL=23.9ms for 1200ms audio (RTF=0.02x)
[TIMING] stream_chunk[experiment-e94e002b23504ad095edfcb047ba9cc7](live_neural): decode=0.2ms, inference=27.5ms, second_pass=0.0ms, contention=0.0ms, TOTAL=27.8ms | audio=600ms, RTF=0.05x | model=enhanced_mel, neural_total=26.8ms, model_inference=16.9ms
[TIMING] EnhancedMel.transcribe: audio_to_gpu=0.3ms, features=0.6ms, model=16.1ms, decode=4.7ms | TOTAL=21.7ms for 1800ms audio (RTF=0.01x)
[TIMING] stream_chunk[experiment-e94e002b23504ad095edfcb047ba9cc7](live_neural): decode=0.2ms, inference=23.6ms, second_pass=0.0ms, contention=0.0ms, TOTAL=23.9ms | audio=600ms, RTF=0.04x | model=enhanced_mel, neural_total=23.2ms, model_inference=16.1ms
[TIMING] EnhancedMel.transcribe: audio_to_gpu=0.1ms, features=2.6ms, model=16.3ms, decode=6.7ms | TOTAL=25.7ms for 2400ms audio (RTF=0.01x)
[TIMING] stream_chunk[experiment-e94e002b23504ad095edfcb047ba9cc7](live_neural): decode=0.1ms, inference=29.3ms, second_pass=0.0ms, contention=0.0ms, TOTAL=29.5ms | audio=600ms, RTF=0.05x | model=enhanced_mel, neural_total=28.7ms, model_inference=16.3ms
[TIMING] EnhancedMel.transcribe: audio_to_gpu=0.2ms, features=0.8ms, model=23.2ms, decode=7.6ms | TOTAL=31.8ms for 3000ms audio (RTF=0.01x)
[TIMING] stream_chunk[experiment-e94e002b23504ad095edfcb047ba9cc7](live_neural): decode=0.2ms, inference=36.4ms, second_pass=0.0ms, contention=0.0ms, TOTAL=36.8ms | audio=600ms, RTF=0.06x | model=enhanced_mel, neural_total=36.0ms, model_inference=23.2ms
[TIMING] EnhancedMel.transcribe: audio_to_gpu=0.3ms, features=1.1ms, model=17.9ms, decode=8.8ms | TOTAL=28.2ms for 3000ms audio (RTF=0.01x)
[TIMING] stream_chunk[experiment-e94e002b23504ad095edfcb047ba9cc7](live_neural): decode=0.2ms, inference=32.2ms, second_pass=0.0ms, contention=0.0ms, TOTAL=32.5ms | audio=600ms, RTF=0.05x | model=enhanced_mel, neural_total=31.7ms, model_inference=17.9ms
[TIMING] EnhancedMel.transcribe: audio_to_gpu=0.3ms, features=0.8ms, model=18.1ms, decode=6.8ms | TOTAL=26.0ms for 3000ms audio (RTF=0.01x)
[TIMING] stream_chunk[experiment-e94e002b23504ad095edfcb047ba9cc7](live_neural): decode=0.2ms, inference=30.6ms, second_pass=0.0ms, contention=0.0ms, TOTAL=30.9ms | audio=600ms, RTF=0.05x | model=enhanced_mel, neural_total=30.1ms, model_inference=18.1ms
[TIMING] EnhancedMel.transcribe: audio_to_gpu=0.3ms, features=0.6ms, model=14.7ms, decode=11.6ms | TOTAL=27.1ms for 3000ms audio (RTF=0.01x)
[TIMING] stream_chunk[experiment-e94e002b23504ad095edfcb047ba9cc7](live_neural): decode=0.2ms, inference=32.4ms, second_pass=0.0ms, contention=0.0ms, TOTAL=32.6ms | audio=600ms, RTF=0.05x | model=enhanced_mel, neural_total=31.7ms, model_inference=14.7ms
[TIMING] EnhancedMel.transcribe: audio_to_gpu=0.4ms, features=0.6ms, model=15.8ms, decode=11.1ms | TOTAL=27.9ms for 3000ms audio (RTF=0.01x)
[TIMING] stream_chunk[experiment-e94e002b23504ad095edfcb047ba9cc7](live_neural): decode=0.2ms, inference=33.3ms, second_pass=0.0ms, contention=0.0ms, TOTAL=33.6ms | audio=600ms, RTF=0.06x | model=enhanced_mel, neural_total=32.6ms, model_inference=15.8ms
[TIMING] EnhancedMel.transcribe: audio_to_gpu=0.2ms, features=0.5ms, model=19.6ms, decode=7.2ms | TOTAL=27.6ms for 3000ms audio (RTF=0.01x)
[TIMING] stream_chunk[experiment-e94e002b23504ad095edfcb047ba9cc7](live_neural): decode=0.3ms, inference=31.5ms, second_pass=0.0ms, contention=0.0ms, TOTAL=31.9ms | audio=600ms, RTF=0.05x | model=enhanced_mel, neural_total=31.0ms, model_inference=19.6ms

[CLIP_003] Sonata in D Minor, K. 213
  excerpt: start=9.00s end=15.00s duration=6.00s gt_notes=18 rms=0.0079 peak=0.0465 crest=5.877 rms_std=0.0026
    control:
      note metrics: precision=0.667 recall=1.000 f1=0.800 matched=18/18 pred=27
      strict onset f1: 10ms=0.756 20ms=0.800 30ms=0.800
      timing metrics: offset_f1=0.400 rhythm_precision=0.500 note_value_acc=0.056 note_value_n=18 avg_beat_error=0.920
      duplicate metrics: duplicates=1 per_100_notes=3.70
      boundary metrics: gt=8 matched=8 missed=0 miss_rate=0.000
      latency: avg_chunk_ms=25.68 p95_chunk_ms=31.45 avg_rtf=0.043
      notation metrics: first_correct_ms=46.3 visible_p50_ms=316.3 visible_p95_ms=571.7 stabilize_p50_ms=1211.4 stabilize_p95_ms=3147.2 avg_revisions=0.94 matched=17 refined=17 snapshots=21
      algorithmic latency: first_correct_ms=15.6 visible_p50_ms=286.7 visible_p95_ms=551.8 stabilize_p50_ms=795.1 stabilize_p95_ms=2605.5
      final display note metrics: precision=0.692 recall=1.000 f1=0.818 matched=18/18 pred=26
      final display strict onset f1: 10ms=0.773 20ms=0.818 30ms=0.818
      final display timing: offset_f1=0.409 rhythm_precision=0.500 note_value_acc=0.278 note_value_n=18 avg_beat_error=0.682
      final display structure: cluster_f1=0.800 onset_align_recall=1.000 avg_jaccard=0.971 exact=16/17 pred=23 over=1 under=0 pitch_conflicts=0 missed_gt=0
      threshold profiles: hit_rate=0.000 thresholds=[0.55] profiles={'fixed_baseline': 10}
    treatment:
      note metrics: precision=0.667 recall=1.000 f1=0.800 matched=18/18 pred=27
      strict onset f1: 10ms=0.756 20ms=0.800 30ms=0.800
      timing metrics: offset_f1=0.400 rhythm_precision=0.500 note_value_acc=0.056 note_value_n=18 avg_beat_error=0.920
      duplicate metrics: duplicates=1 per_100_notes=3.70
      boundary metrics: gt=8 matched=8 missed=0 miss_rate=0.000
      latency: avg_chunk_ms=30.31 p95_chunk_ms=35.34 avg_rtf=0.050
      notation metrics: first_correct_ms=47.6 visible_p50_ms=320.3 visible_p95_ms=578.8 stabilize_p50_ms=1218.8 stabilize_p95_ms=3150.4 avg_revisions=0.94 matched=17 refined=17 snapshots=21
      algorithmic latency: first_correct_ms=15.6 visible_p50_ms=286.7 visible_p95_ms=551.8 stabilize_p50_ms=795.1 stabilize_p95_ms=2605.5
      final display note metrics: precision=0.692 recall=1.000 f1=0.818 matched=18/18 pred=26
      final display strict onset f1: 10ms=0.773 20ms=0.818 30ms=0.818
      final display timing: offset_f1=0.409 rhythm_precision=0.500 note_value_acc=0.278 note_value_n=18 avg_beat_error=0.682
      final display structure: cluster_f1=0.800 onset_align_recall=1.000 avg_jaccard=0.971 exact=16/17 pred=23 over=1 under=0 pitch_conflicts=0 missed_gt=0
      threshold profiles: hit_rate=1.000 thresholds=[0.51] profiles={'soft_sparse_recall': 10}
    delta treatment-control: precision=+0.000 recall=+0.000 f1=+0.000 offset_f1=+0.000 note_value_acc=+0.000 dup_per_100=+0.00 boundary_miss_rate=+0.000 p95_chunk_ms=+3.89 f1_10ms=+0.000 f1_20ms=+0.000 f1_30ms=+0.000 visible_p50_ms=+4.0 stabilize_p50_ms=+7.4 algo_visible_p50_ms=+0.0 algo_stabilize_p50_ms=+0.0 avg_revisions=+0.00 display_note_f1=+0.000 display_offset_f1=+0.000 display_cluster_f1=+0.000 display_cluster_jaccard=+0.000
    failure buckets: ['high_revision_slow_stabilization', 'note_value_offset_failure']
[TIMING] EnhancedMel.transcribe: audio_to_gpu=0.6ms, features=0.8ms, model=21.2ms, decode=3.1ms | TOTAL=25.6ms for 600ms audio (RTF=0.04x)
[TIMING] stream_chunk[experiment-e66f38c723864fceb3c1eed0f50ce9f6](live_neural): decode=0.2ms, inference=29.5ms, second_pass=0.0ms, contention=0.0ms, TOTAL=29.8ms | audio=600ms, RTF=0.05x | model=enhanced_mel, neural_total=28.8ms, model_inference=21.2ms
[TIMING] EnhancedMel.transcribe: audio_to_gpu=0.2ms, features=0.6ms, model=18.2ms, decode=3.5ms | TOTAL=22.4ms for 1200ms audio (RTF=0.02x)
[TIMING] stream_chunk[experiment-e66f38c723864fceb3c1eed0f50ce9f6](live_neural): decode=0.2ms, inference=26.4ms, second_pass=0.0ms, contention=0.0ms, TOTAL=26.9ms | audio=600ms, RTF=0.04x | model=enhanced_mel, neural_total=25.9ms, model_inference=18.2ms
[TIMING] EnhancedMel.transcribe: audio_to_gpu=0.3ms, features=0.6ms, model=20.7ms, decode=5.1ms | TOTAL=26.7ms for 1800ms audio (RTF=0.01x)
[TIMING] stream_chunk[experiment-e66f38c723864fceb3c1eed0f50ce9f6](live_neural): decode=0.2ms, inference=30.1ms, second_pass=0.0ms, contention=0.0ms, TOTAL=30.5ms | audio=600ms, RTF=0.05x | model=enhanced_mel, neural_total=29.6ms, model_inference=20.7ms
[TIMING] EnhancedMel.transcribe: audio_to_gpu=0.2ms, features=0.5ms, model=18.5ms, decode=9.3ms | TOTAL=28.6ms for 2400ms audio (RTF=0.01x)
[TIMING] stream_chunk[experiment-e66f38c723864fceb3c1eed0f50ce9f6](live_neural): decode=0.3ms, inference=32.0ms, second_pass=0.0ms, contention=0.0ms, TOTAL=32.5ms | audio=600ms, RTF=0.05x | model=enhanced_mel, neural_total=31.6ms, model_inference=18.5ms
[TIMING] EnhancedMel.transcribe: audio_to_gpu=0.3ms, features=0.6ms, model=20.0ms, decode=13.3ms | TOTAL=34.2ms for 3000ms audio (RTF=0.01x)
[TIMING] stream_chunk[experiment-e66f38c723864fceb3c1eed0f50ce9f6](live_neural): decode=0.2ms, inference=38.0ms, second_pass=0.0ms, contention=0.0ms, TOTAL=38.4ms | audio=600ms, RTF=0.06x | model=enhanced_mel, neural_total=37.5ms, model_inference=20.0ms
[TIMING] EnhancedMel.transcribe: audio_to_gpu=0.3ms, features=0.8ms, model=23.4ms, decode=8.3ms | TOTAL=32.8ms for 3000ms audio (RTF=0.01x)
[TIMING] stream_chunk[experiment-e66f38c723864fceb3c1eed0f50ce9f6](live_neural): decode=0.2ms, inference=38.4ms, second_pass=0.0ms, contention=0.0ms, TOTAL=38.8ms | audio=600ms, RTF=0.06x | model=enhanced_mel, neural_total=37.8ms, model_inference=23.4ms
[TIMING] EnhancedMel.transcribe: audio_to_gpu=0.3ms, features=0.8ms, model=17.4ms, decode=12.5ms | TOTAL=31.0ms for 3000ms audio (RTF=0.01x)
[TIMING] stream_chunk[experiment-e66f38c723864fceb3c1eed0f50ce9f6](live_neural): decode=0.2ms, inference=33.7ms, second_pass=0.0ms, contention=0.0ms, TOTAL=34.0ms | audio=600ms, RTF=0.06x | model=enhanced_mel, neural_total=33.1ms, model_inference=17.4ms
[TIMING] EnhancedMel.transcribe: audio_to_gpu=0.2ms, features=0.5ms, model=19.1ms, decode=8.9ms | TOTAL=28.7ms for 3000ms audio (RTF=0.01x)
[TIMING] stream_chunk[experiment-e66f38c723864fceb3c1eed0f50ce9f6](live_neural): decode=0.3ms, inference=32.3ms, second_pass=0.0ms, contention=0.0ms, TOTAL=32.7ms | audio=600ms, RTF=0.05x | model=enhanced_mel, neural_total=31.6ms, model_inference=19.1ms
[TIMING] EnhancedMel.transcribe: audio_to_gpu=0.4ms, features=0.7ms, model=21.1ms, decode=12.4ms | TOTAL=34.7ms for 3000ms audio (RTF=0.01x)
[TIMING] stream_chunk[experiment-e66f38c723864fceb3c1eed0f50ce9f6](live_neural): decode=0.2ms, inference=38.9ms, second_pass=0.0ms, contention=0.0ms, TOTAL=39.2ms | audio=600ms, RTF=0.07x | model=enhanced_mel, neural_total=38.3ms, model_inference=21.1ms
[TIMING] EnhancedMel.transcribe: audio_to_gpu=0.3ms, features=0.6ms, model=17.3ms, decode=8.8ms | TOTAL=27.0ms for 3000ms audio (RTF=0.01x)
[TIMING] stream_chunk[experiment-e66f38c723864fceb3c1eed0f50ce9f6](live_neural): decode=0.2ms, inference=30.5ms, second_pass=0.0ms, contention=0.0ms, TOTAL=30.9ms | audio=600ms, RTF=0.05x | model=enhanced_mel, neural_total=30.1ms, model_inference=17.3ms
[TIMING] EnhancedMel.transcribe: audio_to_gpu=0.4ms, features=0.7ms, model=14.5ms, decode=1.9ms | TOTAL=17.5ms for 600ms audio (RTF=0.03x)
[TIMING] stream_chunk[experiment-57e2233f35ca44dcbcc32f6ae721279d](live_neural): decode=0.3ms, inference=19.3ms, second_pass=0.0ms, contention=0.0ms, TOTAL=19.6ms | audio=600ms, RTF=0.03x | model=enhanced_mel, neural_total=18.9ms, model_inference=14.5ms
[TIMING] EnhancedMel.transcribe: audio_to_gpu=0.1ms, features=0.3ms, model=16.9ms, decode=2.5ms | TOTAL=19.8ms for 1200ms audio (RTF=0.02x)
[TIMING] stream_chunk[experiment-57e2233f35ca44dcbcc32f6ae721279d](live_neural): decode=0.1ms, inference=21.6ms, second_pass=0.0ms, contention=0.0ms, TOTAL=22.0ms | audio=600ms, RTF=0.04x | model=enhanced_mel, neural_total=21.3ms, model_inference=16.9ms
[TIMING] EnhancedMel.transcribe: audio_to_gpu=0.3ms, features=0.4ms, model=13.8ms, decode=3.5ms | TOTAL=18.0ms for 1800ms audio (RTF=0.01x)
[TIMING] stream_chunk[experiment-57e2233f35ca44dcbcc32f6ae721279d](live_neural): decode=0.1ms, inference=20.9ms, second_pass=0.0ms, contention=0.0ms, TOTAL=21.1ms | audio=600ms, RTF=0.04x | model=enhanced_mel, neural_total=20.6ms, model_inference=13.8ms
[TIMING] EnhancedMel.transcribe: audio_to_gpu=0.4ms, features=0.5ms, model=16.6ms, decode=5.8ms | TOTAL=23.4ms for 2400ms audio (RTF=0.01x)
[TIMING] stream_chunk[experiment-57e2233f35ca44dcbcc32f6ae721279d](live_neural): decode=0.3ms, inference=26.9ms, second_pass=0.0ms, contention=0.0ms, TOTAL=27.4ms | audio=600ms, RTF=0.05x | model=enhanced_mel, neural_total=26.3ms, model_inference=16.6ms
[TIMING] EnhancedMel.transcribe: audio_to_gpu=0.4ms, features=0.5ms, model=16.5ms, decode=12.6ms | TOTAL=30.0ms for 3000ms audio (RTF=0.01x)
[TIMING] stream_chunk[experiment-57e2233f35ca44dcbcc32f6ae721279d](live_neural): decode=0.1ms, inference=32.7ms, second_pass=0.0ms, contention=0.0ms, TOTAL=33.1ms | audio=600ms, RTF=0.06x | model=enhanced_mel, neural_total=32.3ms, model_inference=16.5ms
[TIMING] EnhancedMel.transcribe: audio_to_gpu=0.5ms, features=1.2ms, model=18.4ms, decode=7.5ms | TOTAL=27.6ms for 3000ms audio (RTF=0.01x)
[TIMING] stream_chunk[experiment-57e2233f35ca44dcbcc32f6ae721279d](live_neural): decode=0.3ms, inference=33.1ms, second_pass=0.0ms, contention=0.0ms, TOTAL=33.6ms | audio=600ms, RTF=0.06x | model=enhanced_mel, neural_total=32.5ms, model_inference=18.4ms
[TIMING] EnhancedMel.transcribe: audio_to_gpu=0.3ms, features=0.8ms, model=22.2ms, decode=8.7ms | TOTAL=32.1ms for 3000ms audio (RTF=0.01x)
[TIMING] stream_chunk[experiment-57e2233f35ca44dcbcc32f6ae721279d](live_neural): decode=0.2ms, inference=36.9ms, second_pass=0.0ms, contention=0.0ms, TOTAL=37.3ms | audio=600ms, RTF=0.06x | model=enhanced_mel, neural_total=36.3ms, model_inference=22.2ms
[TIMING] EnhancedMel.transcribe: audio_to_gpu=0.5ms, features=2.9ms, model=20.7ms, decode=7.9ms | TOTAL=32.0ms for 3000ms audio (RTF=0.01x)
[TIMING] stream_chunk[experiment-57e2233f35ca44dcbcc32f6ae721279d](live_neural): decode=0.2ms, inference=34.8ms, second_pass=0.0ms, contention=0.0ms, TOTAL=35.1ms | audio=600ms, RTF=0.06x | model=enhanced_mel, neural_total=34.3ms, model_inference=20.7ms
[TIMING] EnhancedMel.transcribe: audio_to_gpu=0.3ms, features=0.8ms, model=20.7ms, decode=10.3ms | TOTAL=32.1ms for 3000ms audio (RTF=0.01x)
[TIMING] stream_chunk[experiment-57e2233f35ca44dcbcc32f6ae721279d](live_neural): decode=0.2ms, inference=35.8ms, second_pass=0.0ms, contention=0.0ms, TOTAL=36.1ms | audio=600ms, RTF=0.06x | model=enhanced_mel, neural_total=35.2ms, model_inference=20.7ms
[TIMING] EnhancedMel.transcribe: audio_to_gpu=0.5ms, features=0.8ms, model=19.6ms, decode=7.2ms | TOTAL=28.2ms for 3000ms audio (RTF=0.01x)
[TIMING] stream_chunk[experiment-57e2233f35ca44dcbcc32f6ae721279d](live_neural): decode=0.2ms, inference=31.7ms, second_pass=0.0ms, contention=0.0ms, TOTAL=32.1ms | audio=600ms, RTF=0.05x | model=enhanced_mel, neural_total=31.3ms, model_inference=19.6ms

[CLIP_004] Two Sonatas
  excerpt: start=51.00s end=57.00s duration=6.00s gt_notes=50 rms=0.1572 peak=0.7955 crest=5.060 rms_std=0.0687
    control:
      note metrics: precision=0.817 recall=0.980 f1=0.891 matched=49/50 pred=60
      strict onset f1: 10ms=0.782 20ms=0.891 30ms=0.891
      timing metrics: offset_f1=0.873 rhythm_precision=0.959 note_value_acc=0.286 note_value_n=49 avg_beat_error=0.094
      duplicate metrics: duplicates=1 per_100_notes=1.67
      boundary metrics: gt=16 matched=15 missed=1 miss_rate=0.062
      latency: avg_chunk_ms=33.37 p95_chunk_ms=39.03 avg_rtf=0.056
      notation metrics: first_correct_ms=79.7 visible_p50_ms=349.8 visible_p95_ms=628.9 stabilize_p50_ms=526.3 stabilize_p95_ms=1995.7 avg_revisions=0.34 matched=29 refined=29 snapshots=20
      algorithmic latency: first_correct_ms=52.9 visible_p50_ms=320.1 visible_p95_ms=600.5 stabilize_p50_ms=452.3 stabilize_p95_ms=970.2
      final display note metrics: precision=0.831 recall=0.980 f1=0.899 matched=49/50 pred=59
      final display strict onset f1: 10ms=0.789 20ms=0.899 30ms=0.899
      final display timing: offset_f1=0.881 rhythm_precision=0.980 note_value_acc=0.204 note_value_n=49 avg_beat_error=0.193
      final display structure: cluster_f1=0.857 onset_align_recall=1.000 avg_jaccard=0.958 exact=33/36 pred=41 over=2 under=1 pitch_conflicts=0 missed_gt=0
      threshold profiles: hit_rate=0.000 thresholds=[0.55] profiles={'fixed_baseline': 10}
    treatment:
      note metrics: precision=0.778 recall=0.980 f1=0.867 matched=49/50 pred=63
      strict onset f1: 10ms=0.761 20ms=0.867 30ms=0.867
      timing metrics: offset_f1=0.850 rhythm_precision=0.959 note_value_acc=0.286 note_value_n=49 avg_beat_error=0.094
      duplicate metrics: duplicates=1 per_100_notes=1.59
      boundary metrics: gt=16 matched=15 missed=1 miss_rate=0.062
      latency: avg_chunk_ms=29.74 p95_chunk_ms=36.74 avg_rtf=0.050
      notation metrics: first_correct_ms=74.8 visible_p50_ms=341.6 visible_p95_ms=627.6 stabilize_p50_ms=521.4 stabilize_p95_ms=1996.9 avg_revisions=0.34 matched=29 refined=29 snapshots=20
      algorithmic latency: first_correct_ms=52.9 visible_p50_ms=320.1 visible_p95_ms=600.5 stabilize_p50_ms=452.3 stabilize_p95_ms=970.2
      final display note metrics: precision=0.790 recall=0.980 f1=0.875 matched=49/50 pred=62
      final display strict onset f1: 10ms=0.768 20ms=0.875 30ms=0.875
      final display timing: offset_f1=0.857 rhythm_precision=0.980 note_value_acc=0.163 note_value_n=49 avg_beat_error=0.226
      final display structure: cluster_f1=0.831 onset_align_recall=1.000 avg_jaccard=0.944 exact=32/36 pred=41 over=3 under=1 pitch_conflicts=0 missed_gt=0
      threshold profiles: hit_rate=1.000 thresholds=[0.46] profiles={'loud_dense_precision': 10}
    delta treatment-control: precision=-0.039 recall=+0.000 f1=-0.024 offset_f1=-0.023 note_value_acc=+0.000 dup_per_100=-0.08 boundary_miss_rate=+0.000 p95_chunk_ms=-2.28 f1_10ms=-0.021 f1_20ms=-0.024 f1_30ms=-0.024 visible_p50_ms=-8.2 stabilize_p50_ms=-4.9 algo_visible_p50_ms=+0.0 algo_stabilize_p50_ms=+0.0 avg_revisions=+0.00 display_note_f1=-0.024 display_offset_f1=-0.024 display_cluster_f1=-0.026 display_cluster_jaccard=-0.014
    failure buckets: ['boundary_miss_failure', 'high_revision_slow_stabilization', 'note_value_offset_failure']
      boundary diagnostics: missed=1 by_arm={'control': 1, 'treatment': 1} tags={'control_boundary_miss': 1, 'control_timing_or_quantization_drift': 1, 'treatment_candidate_not_retained': 1}
        miss: pitch=67 onset=1.895s boundary_delta_ms=+94.5 control_coarse=True treatment_coarse=True retro=n/a
[TIMING] EnhancedMel.transcribe: audio_to_gpu=0.7ms, features=1.1ms, model=18.1ms, decode=2.8ms | TOTAL=22.7ms for 600ms audio (RTF=0.04x)
[TIMING] stream_chunk[experiment-fbf02902b81e431caf3769595db83f12](live_neural): decode=0.3ms, inference=26.4ms, second_pass=0.0ms, contention=0.0ms, TOTAL=26.8ms | audio=600ms, RTF=0.04x | model=enhanced_mel, neural_total=25.9ms, model_inference=18.1ms
[TIMING] EnhancedMel.transcribe: audio_to_gpu=0.1ms, features=0.6ms, model=17.6ms, decode=4.3ms | TOTAL=22.7ms for 1200ms audio (RTF=0.02x)
[TIMING] stream_chunk[experiment-fbf02902b81e431caf3769595db83f12](live_neural): decode=0.3ms, inference=26.8ms, second_pass=0.0ms, contention=0.0ms, TOTAL=27.2ms | audio=600ms, RTF=0.05x | model=enhanced_mel, neural_total=26.2ms, model_inference=17.6ms
[TIMING] EnhancedMel.transcribe: audio_to_gpu=0.2ms, features=0.6ms, model=17.3ms, decode=4.2ms | TOTAL=22.4ms for 1800ms audio (RTF=0.01x)
[TIMING] stream_chunk[experiment-fbf02902b81e431caf3769595db83f12](live_neural): decode=0.2ms, inference=25.6ms, second_pass=0.0ms, contention=0.0ms, TOTAL=25.9ms | audio=600ms, RTF=0.04x | model=enhanced_mel, neural_total=25.2ms, model_inference=17.3ms
[TIMING] EnhancedMel.transcribe: audio_to_gpu=0.3ms, features=0.6ms, model=16.4ms, decode=6.8ms | TOTAL=24.2ms for 2400ms audio (RTF=0.01x)
[TIMING] stream_chunk[experiment-fbf02902b81e431caf3769595db83f12](live_neural): decode=0.3ms, inference=27.4ms, second_pass=0.0ms, contention=0.0ms, TOTAL=27.8ms | audio=600ms, RTF=0.05x | model=enhanced_mel, neural_total=26.9ms, model_inference=16.4ms
[TIMING] EnhancedMel.transcribe: audio_to_gpu=0.3ms, features=0.6ms, model=15.5ms, decode=6.8ms | TOTAL=23.1ms for 3000ms audio (RTF=0.01x)
[TIMING] stream_chunk[experiment-fbf02902b81e431caf3769595db83f12](live_neural): decode=0.2ms, inference=26.8ms, second_pass=0.0ms, contention=0.0ms, TOTAL=27.3ms | audio=600ms, RTF=0.05x | model=enhanced_mel, neural_total=26.2ms, model_inference=15.5ms
[TIMING] EnhancedMel.transcribe: audio_to_gpu=0.3ms, features=0.6ms, model=17.6ms, decode=6.8ms | TOTAL=25.4ms for 3000ms audio (RTF=0.01x)
[TIMING] stream_chunk[experiment-fbf02902b81e431caf3769595db83f12](live_neural): decode=0.2ms, inference=28.8ms, second_pass=0.0ms, contention=0.0ms, TOTAL=29.1ms | audio=600ms, RTF=0.05x | model=enhanced_mel, neural_total=28.3ms, model_inference=17.6ms
[TIMING] EnhancedMel.transcribe: audio_to_gpu=0.4ms, features=0.7ms, model=19.4ms, decode=6.7ms | TOTAL=27.2ms for 3000ms audio (RTF=0.01x)
[TIMING] stream_chunk[experiment-fbf02902b81e431caf3769595db83f12](live_neural): decode=0.2ms, inference=33.1ms, second_pass=0.0ms, contention=0.0ms, TOTAL=33.4ms | audio=600ms, RTF=0.06x | model=enhanced_mel, neural_total=32.5ms, model_inference=19.4ms
[TIMING] EnhancedMel.transcribe: audio_to_gpu=0.2ms, features=0.5ms, model=14.9ms, decode=6.5ms | TOTAL=22.2ms for 3000ms audio (RTF=0.01x)
[TIMING] stream_chunk[experiment-fbf02902b81e431caf3769595db83f12](live_neural): decode=0.2ms, inference=25.5ms, second_pass=0.0ms, contention=0.0ms, TOTAL=25.8ms | audio=600ms, RTF=0.04x | model=enhanced_mel, neural_total=25.1ms, model_inference=14.9ms
[TIMING] EnhancedMel.transcribe: audio_to_gpu=0.3ms, features=0.7ms, model=21.7ms, decode=6.7ms | TOTAL=29.3ms for 3000ms audio (RTF=0.01x)
[TIMING] stream_chunk[experiment-fbf02902b81e431caf3769595db83f12](live_neural): decode=0.2ms, inference=34.0ms, second_pass=0.0ms, contention=0.0ms, TOTAL=34.2ms | audio=600ms, RTF=0.06x | model=enhanced_mel, neural_total=33.5ms, model_inference=21.7ms
[TIMING] EnhancedMel.transcribe: audio_to_gpu=0.3ms, features=0.5ms, model=14.3ms, decode=10.9ms | TOTAL=26.0ms for 3000ms audio (RTF=0.01x)
[TIMING] stream_chunk[experiment-fbf02902b81e431caf3769595db83f12](live_neural): decode=0.2ms, inference=28.5ms, second_pass=0.0ms, contention=0.0ms, TOTAL=28.8ms | audio=600ms, RTF=0.05x | model=enhanced_mel, neural_total=28.1ms, model_inference=14.3ms
[TIMING] EnhancedMel.transcribe: audio_to_gpu=0.4ms, features=0.7ms, model=14.2ms, decode=1.8ms | TOTAL=17.1ms for 600ms audio (RTF=0.03x)
[TIMING] stream_chunk[experiment-8fab76057d2049c78b8f0700cad0d1db](live_neural): decode=0.2ms, inference=19.6ms, second_pass=0.0ms, contention=0.0ms, TOTAL=19.9ms | audio=600ms, RTF=0.03x | model=enhanced_mel, neural_total=19.1ms, model_inference=14.2ms
[TIMING] EnhancedMel.transcribe: audio_to_gpu=0.2ms, features=0.4ms, model=14.2ms, decode=2.9ms | TOTAL=17.7ms for 1200ms audio (RTF=0.01x)
[TIMING] stream_chunk[experiment-8fab76057d2049c78b8f0700cad0d1db](live_neural): decode=0.2ms, inference=20.4ms, second_pass=0.0ms, contention=0.0ms, TOTAL=20.7ms | audio=600ms, RTF=0.03x | model=enhanced_mel, neural_total=20.0ms, model_inference=14.2ms
[TIMING] EnhancedMel.transcribe: audio_to_gpu=0.1ms, features=0.4ms, model=14.4ms, decode=4.7ms | TOTAL=19.7ms for 1800ms audio (RTF=0.01x)
[TIMING] stream_chunk[experiment-8fab76057d2049c78b8f0700cad0d1db](live_neural): decode=0.1ms, inference=22.7ms, second_pass=0.0ms, contention=0.0ms, TOTAL=23.0ms | audio=600ms, RTF=0.04x | model=enhanced_mel, neural_total=22.2ms, model_inference=14.4ms
[TIMING] EnhancedMel.transcribe: audio_to_gpu=0.3ms, features=0.6ms, model=20.7ms, decode=8.2ms | TOTAL=29.9ms for 2400ms audio (RTF=0.01x)
[TIMING] stream_chunk[experiment-8fab76057d2049c78b8f0700cad0d1db](live_neural): decode=0.2ms, inference=33.0ms, second_pass=0.0ms, contention=0.0ms, TOTAL=33.3ms | audio=600ms, RTF=0.06x | model=enhanced_mel, neural_total=32.6ms, model_inference=20.7ms
[TIMING] EnhancedMel.transcribe: audio_to_gpu=0.3ms, features=0.7ms, model=18.2ms, decode=7.6ms | TOTAL=26.7ms for 3000ms audio (RTF=0.01x)
[TIMING] stream_chunk[experiment-8fab76057d2049c78b8f0700cad0d1db](live_neural): decode=0.2ms, inference=31.8ms, second_pass=0.0ms, contention=0.0ms, TOTAL=32.1ms | audio=600ms, RTF=0.05x | model=enhanced_mel, neural_total=31.3ms, model_inference=18.2ms
[TIMING] EnhancedMel.transcribe: audio_to_gpu=0.2ms, features=0.5ms, model=18.1ms, decode=11.6ms | TOTAL=30.4ms for 3000ms audio (RTF=0.01x)
[TIMING] stream_chunk[experiment-8fab76057d2049c78b8f0700cad0d1db](live_neural): decode=0.2ms, inference=33.7ms, second_pass=0.0ms, contention=0.0ms, TOTAL=34.0ms | audio=600ms, RTF=0.06x | model=enhanced_mel, neural_total=33.3ms, model_inference=18.1ms
[TIMING] EnhancedMel.transcribe: audio_to_gpu=0.3ms, features=0.5ms, model=14.6ms, decode=6.7ms | TOTAL=22.1ms for 3000ms audio (RTF=0.01x)
[TIMING] stream_chunk[experiment-8fab76057d2049c78b8f0700cad0d1db](live_neural): decode=0.3ms, inference=25.2ms, second_pass=0.0ms, contention=0.0ms, TOTAL=25.6ms | audio=600ms, RTF=0.04x | model=enhanced_mel, neural_total=24.8ms, model_inference=14.6ms
[TIMING] EnhancedMel.transcribe: audio_to_gpu=0.1ms, features=0.4ms, model=16.2ms, decode=8.0ms | TOTAL=24.7ms for 3000ms audio (RTF=0.01x)
[TIMING] stream_chunk[experiment-8fab76057d2049c78b8f0700cad0d1db](live_neural): decode=0.2ms, inference=28.2ms, second_pass=0.0ms, contention=0.0ms, TOTAL=28.5ms | audio=600ms, RTF=0.05x | model=enhanced_mel, neural_total=27.8ms, model_inference=16.2ms
[TIMING] EnhancedMel.transcribe: audio_to_gpu=0.2ms, features=0.5ms, model=15.5ms, decode=7.5ms | TOTAL=23.7ms for 3000ms audio (RTF=0.01x)
[TIMING] stream_chunk[experiment-8fab76057d2049c78b8f0700cad0d1db](live_neural): decode=0.2ms, inference=27.0ms, second_pass=0.0ms, contention=0.0ms, TOTAL=27.3ms | audio=600ms, RTF=0.05x | model=enhanced_mel, neural_total=26.6ms, model_inference=15.5ms
[TIMING] EnhancedMel.transcribe: audio_to_gpu=0.2ms, features=0.5ms, model=17.3ms, decode=9.3ms | TOTAL=27.2ms for 3000ms audio (RTF=0.01x)
[TIMING] stream_chunk[experiment-8fab76057d2049c78b8f0700cad0d1db](live_neural): decode=0.2ms, inference=31.5ms, second_pass=0.0ms, contention=0.0ms, TOTAL=31.8ms | audio=600ms, RTF=0.05x | model=enhanced_mel, neural_total=31.1ms, model_inference=17.3ms

[CLIP_005] Hungarian Rhapsody No. 9
  excerpt: start=48.00s end=54.00s duration=6.00s gt_notes=8 rms=0.0260 peak=0.1356 crest=5.209 rms_std=0.0157
    control:
      note metrics: precision=0.615 recall=1.000 f1=0.762 matched=8/8 pred=13
      strict onset f1: 10ms=0.762 20ms=0.762 30ms=0.762
      timing metrics: offset_f1=0.286 rhythm_precision=0.375 note_value_acc=0.000 note_value_n=8 avg_beat_error=1.734
      duplicate metrics: duplicates=0 per_100_notes=0.00
      boundary metrics: gt=3 matched=3 missed=0 miss_rate=0.000
      latency: avg_chunk_ms=28.63 p95_chunk_ms=33.83 avg_rtf=0.048
      notation metrics: first_correct_ms=207.6 visible_p50_ms=455.6 visible_p95_ms=602.7 stabilize_p50_ms=1946.9 stabilize_p95_ms=2313.0 avg_revisions=1.75 matched=8 refined=8 snapshots=16
      algorithmic latency: first_correct_ms=180.5 visible_p50_ms=429.0 visible_p95_ms=576.1 stabilize_p50_ms=1477.5 stabilize_p95_ms=1737.1
      final display note metrics: precision=0.615 recall=1.000 f1=0.762 matched=8/8 pred=13
      final display strict onset f1: 10ms=0.762 20ms=0.762 30ms=0.762
      final display timing: offset_f1=0.286 rhythm_precision=0.375 note_value_acc=0.125 note_value_n=8 avg_beat_error=1.432
      final display structure: cluster_f1=0.700 onset_align_recall=1.000 avg_jaccard=0.938 exact=7/8 pred=12 over=1 under=0 pitch_conflicts=0 missed_gt=0
      threshold profiles: hit_rate=0.000 thresholds=[0.55] profiles={'fixed_baseline': 10}
    treatment:
      note metrics: precision=0.615 recall=1.000 f1=0.762 matched=8/8 pred=13
      strict onset f1: 10ms=0.762 20ms=0.762 30ms=0.762
      timing metrics: offset_f1=0.286 rhythm_precision=0.375 note_value_acc=0.000 note_value_n=8 avg_beat_error=1.734
      duplicate metrics: duplicates=0 per_100_notes=0.00
      boundary metrics: gt=3 matched=3 missed=0 miss_rate=0.000
      latency: avg_chunk_ms=27.61 p95_chunk_ms=33.70 avg_rtf=0.046
      notation metrics: first_correct_ms=201.1 visible_p50_ms=450.9 visible_p95_ms=602.7 stabilize_p50_ms=1948.1 stabilize_p95_ms=2318.8 avg_revisions=1.75 matched=8 refined=8 snapshots=16
      algorithmic latency: first_correct_ms=180.5 visible_p50_ms=429.0 visible_p95_ms=576.1 stabilize_p50_ms=1477.5 stabilize_p95_ms=1737.1
      final display note metrics: precision=0.615 recall=1.000 f1=0.762 matched=8/8 pred=13
      final display strict onset f1: 10ms=0.762 20ms=0.762 30ms=0.762
      final display timing: offset_f1=0.286 rhythm_precision=0.375 note_value_acc=0.125 note_value_n=8 avg_beat_error=1.432
      final display structure: cluster_f1=0.700 onset_align_recall=1.000 avg_jaccard=0.938 exact=7/8 pred=12 over=1 under=0 pitch_conflicts=0 missed_gt=0
      threshold profiles: hit_rate=0.300 thresholds=[0.51, 0.55] profiles={'baseline_nominal': 7, 'soft_sparse_recall': 3}
    delta treatment-control: precision=+0.000 recall=+0.000 f1=+0.000 offset_f1=+0.000 note_value_acc=+0.000 dup_per_100=+0.00 boundary_miss_rate=+0.000 p95_chunk_ms=-0.13 f1_10ms=+0.000 f1_20ms=+0.000 f1_30ms=+0.000 visible_p50_ms=-4.7 stabilize_p50_ms=+1.1 algo_visible_p50_ms=+0.0 algo_stabilize_p50_ms=+0.0 avg_revisions=+0.00 display_note_f1=+0.000 display_offset_f1=+0.000 display_cluster_f1=+0.000 display_cluster_jaccard=+0.000
    failure buckets: ['high_revision_slow_stabilization', 'note_value_offset_failure']
[TIMING] EnhancedMel.transcribe: audio_to_gpu=0.4ms, features=0.9ms, model=18.5ms, decode=2.2ms | TOTAL=22.0ms for 600ms audio (RTF=0.04x)
[TIMING] stream_chunk[experiment-220ce51c4fb7471eb29e9eaea0ef38e4](live_neural): decode=0.3ms, inference=26.1ms, second_pass=0.0ms, contention=0.0ms, TOTAL=26.5ms | audio=600ms, RTF=0.04x | model=enhanced_mel, neural_total=25.4ms, model_inference=18.5ms
[TIMING] EnhancedMel.transcribe: audio_to_gpu=0.2ms, features=0.5ms, model=12.6ms, decode=4.2ms | TOTAL=17.5ms for 1200ms audio (RTF=0.01x)
[TIMING] stream_chunk[experiment-220ce51c4fb7471eb29e9eaea0ef38e4](live_neural): decode=0.3ms, inference=20.4ms, second_pass=0.0ms, contention=0.0ms, TOTAL=20.9ms | audio=600ms, RTF=0.03x | model=enhanced_mel, neural_total=20.1ms, model_inference=12.6ms
[TIMING] EnhancedMel.transcribe: audio_to_gpu=0.3ms, features=0.5ms, model=15.6ms, decode=5.4ms | TOTAL=21.7ms for 1800ms audio (RTF=0.01x)
[TIMING] stream_chunk[experiment-220ce51c4fb7471eb29e9eaea0ef38e4](live_neural): decode=0.3ms, inference=24.9ms, second_pass=0.0ms, contention=0.0ms, TOTAL=26.4ms | audio=600ms, RTF=0.04x | model=enhanced_mel, neural_total=24.3ms, model_inference=15.6ms
[TIMING] EnhancedMel.transcribe: audio_to_gpu=0.2ms, features=0.5ms, model=18.1ms, decode=11.4ms | TOTAL=30.3ms for 2400ms audio (RTF=0.01x)
[TIMING] stream_chunk[experiment-220ce51c4fb7471eb29e9eaea0ef38e4](live_neural): decode=0.3ms, inference=34.4ms, second_pass=0.0ms, contention=0.0ms, TOTAL=35.0ms | audio=600ms, RTF=0.06x | model=enhanced_mel, neural_total=33.8ms, model_inference=18.1ms
[TIMING] EnhancedMel.transcribe: audio_to_gpu=0.3ms, features=0.7ms, model=21.6ms, decode=16.0ms | TOTAL=38.5ms for 3000ms audio (RTF=0.01x)
[TIMING] stream_chunk[experiment-220ce51c4fb7471eb29e9eaea0ef38e4](live_neural): decode=0.3ms, inference=44.1ms, second_pass=0.0ms, contention=0.0ms, TOTAL=44.6ms | audio=600ms, RTF=0.07x | model=enhanced_mel, neural_total=43.4ms, model_inference=21.6ms
[TIMING] EnhancedMel.transcribe: audio_to_gpu=0.3ms, features=0.6ms, model=15.3ms, decode=8.7ms | TOTAL=24.9ms for 3000ms audio (RTF=0.01x)
[TIMING] stream_chunk[experiment-220ce51c4fb7471eb29e9eaea0ef38e4](live_neural): decode=0.2ms, inference=27.7ms, second_pass=0.0ms, contention=0.0ms, TOTAL=28.4ms | audio=600ms, RTF=0.05x | model=enhanced_mel, neural_total=27.2ms, model_inference=15.3ms
[TIMING] EnhancedMel.transcribe: audio_to_gpu=0.3ms, features=0.9ms, model=17.7ms, decode=9.8ms | TOTAL=28.7ms for 3000ms audio (RTF=0.01x)
[TIMING] stream_chunk[experiment-220ce51c4fb7471eb29e9eaea0ef38e4](live_neural): decode=0.2ms, inference=32.1ms, second_pass=0.0ms, contention=0.0ms, TOTAL=32.5ms | audio=600ms, RTF=0.05x | model=enhanced_mel, neural_total=31.5ms, model_inference=17.7ms
[TIMING] EnhancedMel.transcribe: audio_to_gpu=0.3ms, features=0.7ms, model=22.6ms, decode=11.5ms | TOTAL=35.1ms for 3000ms audio (RTF=0.01x)
[TIMING] stream_chunk[experiment-220ce51c4fb7471eb29e9eaea0ef38e4](live_neural): decode=0.1ms, inference=38.9ms, second_pass=0.0ms, contention=0.0ms, TOTAL=39.4ms | audio=600ms, RTF=0.07x | model=enhanced_mel, neural_total=38.4ms, model_inference=22.6ms
[TIMING] EnhancedMel.transcribe: audio_to_gpu=0.3ms, features=0.8ms, model=16.1ms, decode=9.0ms | TOTAL=26.3ms for 3000ms audio (RTF=0.01x)
[TIMING] stream_chunk[experiment-220ce51c4fb7471eb29e9eaea0ef38e4](live_neural): decode=0.3ms, inference=30.4ms, second_pass=0.0ms, contention=0.0ms, TOTAL=31.1ms | audio=600ms, RTF=0.05x | model=enhanced_mel, neural_total=29.7ms, model_inference=16.1ms
[TIMING] EnhancedMel.transcribe: audio_to_gpu=0.4ms, features=0.6ms, model=15.0ms, decode=14.0ms | TOTAL=30.0ms for 3000ms audio (RTF=0.01x)
[TIMING] stream_chunk[experiment-220ce51c4fb7471eb29e9eaea0ef38e4](live_neural): decode=0.2ms, inference=34.3ms, second_pass=0.0ms, contention=0.0ms, TOTAL=34.9ms | audio=600ms, RTF=0.06x | model=enhanced_mel, neural_total=33.8ms, model_inference=15.0ms
[TIMING] EnhancedMel.transcribe: audio_to_gpu=0.2ms, features=0.6ms, model=14.1ms, decode=2.6ms | TOTAL=17.6ms for 600ms audio (RTF=0.03x)
[TIMING] stream_chunk[experiment-ade28ac50df14429a9e19bdb47ce0f5a](live_neural): decode=0.2ms, inference=20.2ms, second_pass=0.0ms, contention=0.0ms, TOTAL=20.5ms | audio=600ms, RTF=0.03x | model=enhanced_mel, neural_total=19.6ms, model_inference=14.1ms
[TIMING] EnhancedMel.transcribe: audio_to_gpu=0.2ms, features=0.6ms, model=17.3ms, decode=3.0ms | TOTAL=21.1ms for 1200ms audio (RTF=0.02x)
[TIMING] stream_chunk[experiment-ade28ac50df14429a9e19bdb47ce0f5a](live_neural): decode=0.2ms, inference=25.0ms, second_pass=0.0ms, contention=0.0ms, TOTAL=25.4ms | audio=600ms, RTF=0.04x | model=enhanced_mel, neural_total=24.6ms, model_inference=17.3ms
[TIMING] EnhancedMel.transcribe: audio_to_gpu=0.2ms, features=0.6ms, model=19.3ms, decode=6.4ms | TOTAL=26.6ms for 1800ms audio (RTF=0.01x)
[TIMING] stream_chunk[experiment-ade28ac50df14429a9e19bdb47ce0f5a](live_neural): decode=0.2ms, inference=30.2ms, second_pass=0.0ms, contention=0.0ms, TOTAL=30.7ms | audio=600ms, RTF=0.05x | model=enhanced_mel, neural_total=29.7ms, model_inference=19.3ms
[TIMING] EnhancedMel.transcribe: audio_to_gpu=0.2ms, features=0.5ms, model=18.8ms, decode=9.4ms | TOTAL=28.9ms for 2400ms audio (RTF=0.01x)
[TIMING] stream_chunk[experiment-ade28ac50df14429a9e19bdb47ce0f5a](live_neural): decode=0.2ms, inference=32.6ms, second_pass=0.0ms, contention=0.0ms, TOTAL=33.1ms | audio=600ms, RTF=0.06x | model=enhanced_mel, neural_total=32.2ms, model_inference=18.8ms
[TIMING] EnhancedMel.transcribe: audio_to_gpu=0.4ms, features=0.7ms, model=16.9ms, decode=7.0ms | TOTAL=24.9ms for 3000ms audio (RTF=0.01x)
[TIMING] stream_chunk[experiment-ade28ac50df14429a9e19bdb47ce0f5a](live_neural): decode=0.2ms, inference=29.1ms, second_pass=0.0ms, contention=0.0ms, TOTAL=29.5ms | audio=600ms, RTF=0.05x | model=enhanced_mel, neural_total=28.7ms, model_inference=16.9ms
[TIMING] EnhancedMel.transcribe: audio_to_gpu=0.2ms, features=0.6ms, model=19.6ms, decode=12.2ms | TOTAL=32.6ms for 3000ms audio (RTF=0.01x)
[TIMING] stream_chunk[experiment-ade28ac50df14429a9e19bdb47ce0f5a](live_neural): decode=0.3ms, inference=37.1ms, second_pass=0.0ms, contention=0.0ms, TOTAL=37.8ms | audio=600ms, RTF=0.06x | model=enhanced_mel, neural_total=36.6ms, model_inference=19.6ms
[TIMING] EnhancedMel.transcribe: audio_to_gpu=0.3ms, features=0.7ms, model=16.9ms, decode=8.9ms | TOTAL=26.8ms for 3000ms audio (RTF=0.01x)
[TIMING] stream_chunk[experiment-ade28ac50df14429a9e19bdb47ce0f5a](live_neural): decode=0.3ms, inference=31.7ms, second_pass=0.0ms, contention=0.0ms, TOTAL=32.3ms | audio=600ms, RTF=0.05x | model=enhanced_mel, neural_total=30.2ms, model_inference=16.9ms
[TIMING] EnhancedMel.transcribe: audio_to_gpu=0.2ms, features=0.5ms, model=16.6ms, decode=10.4ms | TOTAL=27.7ms for 3000ms audio (RTF=0.01x)
[TIMING] stream_chunk[experiment-ade28ac50df14429a9e19bdb47ce0f5a](live_neural): decode=0.2ms, inference=31.2ms, second_pass=0.0ms, contention=0.0ms, TOTAL=31.6ms | audio=600ms, RTF=0.05x | model=enhanced_mel, neural_total=30.8ms, model_inference=16.6ms
[TIMING] EnhancedMel.transcribe: audio_to_gpu=0.3ms, features=0.6ms, model=16.9ms, decode=14.6ms | TOTAL=32.4ms for 3000ms audio (RTF=0.01x)
[TIMING] stream_chunk[experiment-ade28ac50df14429a9e19bdb47ce0f5a](live_neural): decode=0.1ms, inference=36.4ms, second_pass=0.0ms, contention=0.0ms, TOTAL=36.8ms | audio=600ms, RTF=0.06x | model=enhanced_mel, neural_total=35.9ms, model_inference=16.9ms
[TIMING] EnhancedMel.transcribe: audio_to_gpu=0.4ms, features=0.6ms, model=17.9ms, decode=9.1ms | TOTAL=28.0ms for 3000ms audio (RTF=0.01x)
[TIMING] stream_chunk[experiment-ade28ac50df14429a9e19bdb47ce0f5a](live_neural): decode=0.1ms, inference=31.0ms, second_pass=0.0ms, contention=0.0ms, TOTAL=31.4ms | audio=600ms, RTF=0.05x | model=enhanced_mel, neural_total=30.6ms, model_inference=17.9ms

[CLIP_006] Pour le piano (Complete)
  excerpt: start=57.00s end=63.00s duration=6.00s gt_notes=204 rms=0.0936 peak=0.4392 crest=4.692 rms_std=0.0147
    control:
      note metrics: precision=0.805 recall=0.892 f1=0.847 matched=182/204 pred=226
      strict onset f1: 10ms=0.581 20ms=0.814 30ms=0.847
      timing metrics: offset_f1=0.795 rhythm_precision=0.940 note_value_acc=0.577 note_value_n=182 avg_beat_error=0.083
      duplicate metrics: duplicates=15 per_100_notes=6.64
      boundary metrics: gt=63 matched=56 missed=7 miss_rate=0.111
      latency: avg_chunk_ms=31.97 p95_chunk_ms=42.27 avg_rtf=0.053
      notation metrics: first_correct_ms=85.3 visible_p50_ms=419.2 visible_p95_ms=646.8 stabilize_p50_ms=1632.4 stabilize_p95_ms=2844.5 avg_revisions=1.64 matched=28 refined=28 snapshots=18
      algorithmic latency: first_correct_ms=40.6 visible_p50_ms=390.6 visible_p95_ms=620.4 stabilize_p50_ms=1188.5 stabilize_p95_ms=2581.3
      final display note metrics: precision=0.858 recall=0.828 f1=0.843 matched=169/204 pred=197
      final display strict onset f1: 10ms=0.569 20ms=0.803 30ms=0.843
      final display timing: offset_f1=0.793 rhythm_precision=0.941 note_value_acc=0.320 note_value_n=169 avg_beat_error=0.197
      final display structure: cluster_f1=0.220 onset_align_recall=0.841 avg_jaccard=0.726 exact=9/44 pred=38 over=12 under=11 pitch_conflicts=5 missed_gt=7
      threshold profiles: hit_rate=0.000 thresholds=[0.55] profiles={'fixed_baseline': 10}
    treatment:
      note metrics: precision=0.805 recall=0.892 f1=0.847 matched=182/204 pred=226
      strict onset f1: 10ms=0.581 20ms=0.814 30ms=0.847
      timing metrics: offset_f1=0.795 rhythm_precision=0.940 note_value_acc=0.577 note_value_n=182 avg_beat_error=0.083
      duplicate metrics: duplicates=15 per_100_notes=6.64
      boundary metrics: gt=63 matched=56 missed=7 miss_rate=0.111
      latency: avg_chunk_ms=30.91 p95_chunk_ms=37.37 avg_rtf=0.051
      notation metrics: first_correct_ms=70.1 visible_p50_ms=421.3 visible_p95_ms=651.1 stabilize_p50_ms=1636.4 stabilize_p95_ms=2851.2 avg_revisions=1.64 matched=28 refined=28 snapshots=18
      algorithmic latency: first_correct_ms=40.6 visible_p50_ms=390.6 visible_p95_ms=620.4 stabilize_p50_ms=1188.5 stabilize_p95_ms=2581.3
      final display note metrics: precision=0.858 recall=0.828 f1=0.843 matched=169/204 pred=197
      final display strict onset f1: 10ms=0.569 20ms=0.803 30ms=0.843
      final display timing: offset_f1=0.793 rhythm_precision=0.941 note_value_acc=0.320 note_value_n=169 avg_beat_error=0.197
      final display structure: cluster_f1=0.220 onset_align_recall=0.841 avg_jaccard=0.726 exact=9/44 pred=38 over=12 under=11 pitch_conflicts=5 missed_gt=7
      threshold profiles: hit_rate=0.000 thresholds=[0.55] profiles={'baseline_nominal': 10}
    delta treatment-control: precision=+0.000 recall=+0.000 f1=+0.000 offset_f1=+0.000 note_value_acc=+0.000 dup_per_100=+0.00 boundary_miss_rate=+0.000 p95_chunk_ms=-4.90 f1_10ms=+0.000 f1_20ms=+0.000 f1_30ms=+0.000 visible_p50_ms=+2.1 stabilize_p50_ms=+4.1 algo_visible_p50_ms=+0.0 algo_stabilize_p50_ms=+0.0 avg_revisions=+0.00 display_note_f1=+0.000 display_offset_f1=+0.000 display_cluster_f1=+0.000 display_cluster_jaccard=+0.000
    failure buckets: ['runtime_only_win', 'boundary_miss_failure', 'high_revision_slow_stabilization']
      boundary diagnostics: missed=7 by_arm={'control': 7, 'treatment': 7} tags={'control_boundary_miss': 7, 'no_control_coarse_candidate': 7}
        miss: pitch=75 onset=0.662s boundary_delta_ms=+62.5 control_coarse=False treatment_coarse=False retro=n/a
        miss: pitch=56 onset=0.683s boundary_delta_ms=+83.3 control_coarse=False treatment_coarse=False retro=n/a
        miss: pitch=73 onset=0.689s boundary_delta_ms=+88.5 control_coarse=False treatment_coarse=False retro=n/a
        ... 4 more missed boundary notes in diagnostics JSON
[TIMING] EnhancedMel.transcribe: audio_to_gpu=0.4ms, features=0.6ms, model=19.8ms, decode=2.6ms | TOTAL=23.4ms for 600ms audio (RTF=0.04x)
[TIMING] stream_chunk[experiment-bb2766c95d724bd39ca2bdcd5bc25d58](live_neural): decode=0.3ms, inference=27.4ms, second_pass=0.0ms, contention=0.0ms, TOTAL=27.8ms | audio=600ms, RTF=0.05x | model=enhanced_mel, neural_total=26.7ms, model_inference=19.8ms
[TIMING] EnhancedMel.transcribe: audio_to_gpu=0.2ms, features=0.5ms, model=12.6ms, decode=4.9ms | TOTAL=18.2ms for 1200ms audio (RTF=0.02x)
[TIMING] stream_chunk[experiment-bb2766c95d724bd39ca2bdcd5bc25d58](live_neural): decode=0.4ms, inference=21.4ms, second_pass=0.0ms, contention=0.0ms, TOTAL=21.9ms | audio=600ms, RTF=0.04x | model=enhanced_mel, neural_total=20.9ms, model_inference=12.6ms
[TIMING] EnhancedMel.transcribe: audio_to_gpu=0.2ms, features=0.6ms, model=15.3ms, decode=4.9ms | TOTAL=21.1ms for 1800ms audio (RTF=0.01x)
[TIMING] stream_chunk[experiment-bb2766c95d724bd39ca2bdcd5bc25d58](live_neural): decode=0.2ms, inference=25.7ms, second_pass=0.0ms, contention=0.0ms, TOTAL=26.0ms | audio=600ms, RTF=0.04x | model=enhanced_mel, neural_total=25.2ms, model_inference=15.3ms
[TIMING] EnhancedMel.transcribe: audio_to_gpu=0.2ms, features=0.5ms, model=14.9ms, decode=5.3ms | TOTAL=20.8ms for 2400ms audio (RTF=0.01x)
[TIMING] stream_chunk[experiment-bb2766c95d724bd39ca2bdcd5bc25d58](live_neural): decode=0.2ms, inference=23.8ms, second_pass=0.0ms, contention=0.0ms, TOTAL=24.1ms | audio=600ms, RTF=0.04x | model=enhanced_mel, neural_total=23.4ms, model_inference=14.9ms
[TIMING] EnhancedMel.transcribe: audio_to_gpu=0.1ms, features=0.4ms, model=22.3ms, decode=7.9ms | TOTAL=30.7ms for 3000ms audio (RTF=0.01x)
[TIMING] stream_chunk[experiment-bb2766c95d724bd39ca2bdcd5bc25d58](live_neural): decode=0.3ms, inference=33.9ms, second_pass=0.0ms, contention=0.0ms, TOTAL=34.4ms | audio=600ms, RTF=0.06x | model=enhanced_mel, neural_total=33.5ms, model_inference=22.3ms
[TIMING] EnhancedMel.transcribe: audio_to_gpu=0.2ms, features=0.4ms, model=14.8ms, decode=11.1ms | TOTAL=26.5ms for 3000ms audio (RTF=0.01x)
[TIMING] stream_chunk[experiment-bb2766c95d724bd39ca2bdcd5bc25d58](live_neural): decode=0.3ms, inference=30.5ms, second_pass=0.0ms, contention=0.0ms, TOTAL=30.8ms | audio=600ms, RTF=0.05x | model=enhanced_mel, neural_total=30.0ms, model_inference=14.8ms
[TIMING] EnhancedMel.transcribe: audio_to_gpu=0.2ms, features=0.6ms, model=16.2ms, decode=7.0ms | TOTAL=24.1ms for 3000ms audio (RTF=0.01x)
[TIMING] stream_chunk[experiment-bb2766c95d724bd39ca2bdcd5bc25d58](live_neural): decode=0.2ms, inference=29.2ms, second_pass=0.0ms, contention=0.0ms, TOTAL=29.5ms | audio=600ms, RTF=0.05x | model=enhanced_mel, neural_total=28.8ms, model_inference=16.2ms
[TIMING] EnhancedMel.transcribe: audio_to_gpu=0.2ms, features=0.5ms, model=14.9ms, decode=7.5ms | TOTAL=23.0ms for 3000ms audio (RTF=0.01x)
[TIMING] stream_chunk[experiment-bb2766c95d724bd39ca2bdcd5bc25d58](live_neural): decode=0.2ms, inference=26.8ms, second_pass=0.0ms, contention=0.0ms, TOTAL=27.1ms | audio=600ms, RTF=0.05x | model=enhanced_mel, neural_total=26.2ms, model_inference=14.9ms
[TIMING] EnhancedMel.transcribe: audio_to_gpu=0.2ms, features=0.4ms, model=21.4ms, decode=11.8ms | TOTAL=33.8ms for 3000ms audio (RTF=0.01x)
[TIMING] stream_chunk[experiment-bb2766c95d724bd39ca2bdcd5bc25d58](live_neural): decode=0.3ms, inference=37.3ms, second_pass=0.0ms, contention=0.0ms, TOTAL=37.8ms | audio=600ms, RTF=0.06x | model=enhanced_mel, neural_total=36.9ms, model_inference=21.4ms
[TIMING] EnhancedMel.transcribe: audio_to_gpu=0.2ms, features=0.5ms, model=17.5ms, decode=6.9ms | TOTAL=25.1ms for 3000ms audio (RTF=0.01x)
[TIMING] stream_chunk[experiment-bb2766c95d724bd39ca2bdcd5bc25d58](live_neural): decode=0.3ms, inference=28.3ms, second_pass=0.0ms, contention=0.0ms, TOTAL=28.7ms | audio=600ms, RTF=0.05x | model=enhanced_mel, neural_total=27.9ms, model_inference=17.5ms
[TIMING] EnhancedMel.transcribe: audio_to_gpu=0.4ms, features=0.8ms, model=20.3ms, decode=1.2ms | TOTAL=22.7ms for 600ms audio (RTF=0.04x)
[TIMING] stream_chunk[experiment-abd2317e7e5f4de9b2979dd70f496aa3](live_neural): decode=0.2ms, inference=25.0ms, second_pass=0.0ms, contention=0.0ms, TOTAL=25.2ms | audio=600ms, RTF=0.04x | model=enhanced_mel, neural_total=24.6ms, model_inference=20.3ms
[TIMING] EnhancedMel.transcribe: audio_to_gpu=0.2ms, features=0.5ms, model=16.4ms, decode=3.4ms | TOTAL=20.5ms for 1200ms audio (RTF=0.02x)
[TIMING] stream_chunk[experiment-abd2317e7e5f4de9b2979dd70f496aa3](live_neural): decode=0.3ms, inference=23.2ms, second_pass=0.0ms, contention=0.0ms, TOTAL=23.6ms | audio=600ms, RTF=0.04x | model=enhanced_mel, neural_total=22.7ms, model_inference=16.4ms
[TIMING] EnhancedMel.transcribe: audio_to_gpu=0.3ms, features=0.7ms, model=20.7ms, decode=7.0ms | TOTAL=28.6ms for 1800ms audio (RTF=0.02x)
[TIMING] stream_chunk[experiment-abd2317e7e5f4de9b2979dd70f496aa3](live_neural): decode=0.2ms, inference=33.0ms, second_pass=0.0ms, contention=0.0ms, TOTAL=33.4ms | audio=600ms, RTF=0.06x | model=enhanced_mel, neural_total=32.5ms, model_inference=20.7ms
[TIMING] EnhancedMel.transcribe: audio_to_gpu=0.3ms, features=0.7ms, model=17.9ms, decode=5.8ms | TOTAL=24.7ms for 2400ms audio (RTF=0.01x)
[TIMING] stream_chunk[experiment-abd2317e7e5f4de9b2979dd70f496aa3](live_neural): decode=0.2ms, inference=29.4ms, second_pass=0.0ms, contention=0.0ms, TOTAL=29.7ms | audio=600ms, RTF=0.05x | model=enhanced_mel, neural_total=29.0ms, model_inference=17.9ms
[TIMING] EnhancedMel.transcribe: audio_to_gpu=0.3ms, features=0.8ms, model=15.8ms, decode=6.4ms | TOTAL=23.3ms for 3000ms audio (RTF=0.01x)
[TIMING] stream_chunk[experiment-abd2317e7e5f4de9b2979dd70f496aa3](live_neural): decode=0.2ms, inference=26.9ms, second_pass=0.0ms, contention=0.0ms, TOTAL=27.2ms | audio=600ms, RTF=0.05x | model=enhanced_mel, neural_total=26.3ms, model_inference=15.8ms
[TIMING] EnhancedMel.transcribe: audio_to_gpu=0.4ms, features=0.8ms, model=18.9ms, decode=7.7ms | TOTAL=27.8ms for 3000ms audio (RTF=0.01x)
[TIMING] stream_chunk[experiment-abd2317e7e5f4de9b2979dd70f496aa3](live_neural): decode=0.2ms, inference=31.5ms, second_pass=0.0ms, contention=0.0ms, TOTAL=31.8ms | audio=600ms, RTF=0.05x | model=enhanced_mel, neural_total=31.1ms, model_inference=18.9ms
[TIMING] EnhancedMel.transcribe: audio_to_gpu=0.3ms, features=0.7ms, model=16.4ms, decode=6.5ms | TOTAL=23.9ms for 3000ms audio (RTF=0.01x)
[TIMING] stream_chunk[experiment-abd2317e7e5f4de9b2979dd70f496aa3](live_neural): decode=0.2ms, inference=26.1ms, second_pass=0.0ms, contention=0.0ms, TOTAL=26.4ms | audio=600ms, RTF=0.04x | model=enhanced_mel, neural_total=25.7ms, model_inference=16.4ms
[TIMING] EnhancedMel.transcribe: audio_to_gpu=0.4ms, features=1.0ms, model=17.5ms, decode=6.4ms | TOTAL=25.2ms for 3000ms audio (RTF=0.01x)
[TIMING] stream_chunk[experiment-abd2317e7e5f4de9b2979dd70f496aa3](live_neural): decode=0.3ms, inference=30.1ms, second_pass=0.0ms, contention=0.0ms, TOTAL=30.4ms | audio=600ms, RTF=0.05x | model=enhanced_mel, neural_total=29.6ms, model_inference=17.5ms
[TIMING] EnhancedMel.transcribe: audio_to_gpu=0.3ms, features=0.7ms, model=21.1ms, decode=6.8ms | TOTAL=28.8ms for 3000ms audio (RTF=0.01x)
[TIMING] stream_chunk[experiment-abd2317e7e5f4de9b2979dd70f496aa3](live_neural): decode=0.2ms, inference=35.0ms, second_pass=0.0ms, contention=0.0ms, TOTAL=35.3ms | audio=600ms, RTF=0.06x | model=enhanced_mel, neural_total=34.6ms, model_inference=21.1ms
[TIMING] EnhancedMel.transcribe: audio_to_gpu=0.3ms, features=0.4ms, model=16.6ms, decode=6.9ms | TOTAL=24.1ms for 3000ms audio (RTF=0.01x)
[TIMING] stream_chunk[experiment-abd2317e7e5f4de9b2979dd70f496aa3](live_neural): decode=0.3ms, inference=27.6ms, second_pass=0.0ms, contention=0.0ms, TOTAL=28.1ms | audio=600ms, RTF=0.05x | model=enhanced_mel, neural_total=27.0ms, model_inference=16.6ms

[CLIP_007] Etude "Pour les accords"
  excerpt: start=66.00s end=72.00s duration=6.00s gt_notes=10 rms=0.0115 peak=0.0641 crest=5.566 rms_std=0.0051
    control:
      note metrics: precision=0.500 recall=0.900 f1=0.643 matched=9/10 pred=18
      strict onset f1: 10ms=0.571 20ms=0.643 30ms=0.643
      timing metrics: offset_f1=0.286 rhythm_precision=0.444 note_value_acc=0.000 note_value_n=9 avg_beat_error=0.799
      duplicate metrics: duplicates=4 per_100_notes=22.22
      boundary metrics: gt=4 matched=4 missed=0 miss_rate=0.000
      latency: avg_chunk_ms=28.81 p95_chunk_ms=36.24 avg_rtf=0.048
      notation metrics: first_correct_ms=705.8 visible_p50_ms=705.8 visible_p95_ms=705.8 stabilize_p50_ms=705.8 stabilize_p95_ms=705.8 avg_revisions=0.00 matched=1 refined=1 snapshots=12
      algorithmic latency: first_correct_ms=677.1 visible_p50_ms=677.1 visible_p95_ms=677.1 stabilize_p50_ms=677.1 stabilize_p95_ms=677.1
      final display note metrics: precision=0.643 recall=0.900 f1=0.750 matched=9/10 pred=14
      final display strict onset f1: 10ms=0.583 20ms=0.667 30ms=0.750
      final display timing: offset_f1=0.333 rhythm_precision=0.444 note_value_acc=0.333 note_value_n=9 avg_beat_error=0.560
      final display structure: cluster_f1=0.400 onset_align_recall=1.000 avg_jaccard=0.889 exact=2/3 pred=7 over=0 under=1 pitch_conflicts=0 missed_gt=0
      threshold profiles: hit_rate=0.000 thresholds=[0.55] profiles={'fixed_baseline': 10}
    treatment:
      note metrics: precision=0.450 recall=0.900 f1=0.600 matched=9/10 pred=20
      strict onset f1: 10ms=0.533 20ms=0.600 30ms=0.600
      timing metrics: offset_f1=0.267 rhythm_precision=0.444 note_value_acc=0.000 note_value_n=9 avg_beat_error=0.799
      duplicate metrics: duplicates=4 per_100_notes=20.00
      boundary metrics: gt=4 matched=4 missed=0 miss_rate=0.000
      latency: avg_chunk_ms=29.11 p95_chunk_ms=34.43 avg_rtf=0.049
      notation metrics: first_correct_ms=705.2 visible_p50_ms=705.2 visible_p95_ms=705.2 stabilize_p50_ms=705.2 stabilize_p95_ms=705.2 avg_revisions=1.00 matched=1 refined=1 snapshots=11
      algorithmic latency: first_correct_ms=677.1 visible_p50_ms=677.1 visible_p95_ms=677.1 stabilize_p50_ms=677.1 stabilize_p95_ms=677.1
      final display note metrics: precision=0.562 recall=0.900 f1=0.692 matched=9/10 pred=16
      final display strict onset f1: 10ms=0.538 20ms=0.615 30ms=0.692
      final display timing: offset_f1=0.308 rhythm_precision=0.444 note_value_acc=0.333 note_value_n=9 avg_beat_error=0.560
      final display structure: cluster_f1=0.400 onset_align_recall=1.000 avg_jaccard=0.889 exact=2/3 pred=7 over=0 under=1 pitch_conflicts=0 missed_gt=0
      threshold profiles: hit_rate=1.000 thresholds=[0.51] profiles={'soft_sparse_recall': 10}
    delta treatment-control: precision=-0.050 recall=+0.000 f1=-0.043 offset_f1=-0.019 note_value_acc=+0.000 dup_per_100=-2.22 boundary_miss_rate=+0.000 p95_chunk_ms=-1.81 f1_10ms=-0.038 f1_20ms=-0.043 f1_30ms=-0.043 visible_p50_ms=-0.6 stabilize_p50_ms=-0.6 algo_visible_p50_ms=+0.0 algo_stabilize_p50_ms=+0.0 avg_revisions=+1.00 display_note_f1=-0.058 display_offset_f1=-0.026 display_cluster_f1=+0.000 display_cluster_jaccard=+0.000
    failure buckets: ['note_value_offset_failure']
[TIMING] EnhancedMel.transcribe: audio_to_gpu=0.3ms, features=0.8ms, model=18.2ms, decode=2.0ms | TOTAL=21.3ms for 600ms audio (RTF=0.04x)
[TIMING] stream_chunk[experiment-61d97eabe1e14e4b981f72cc6b269fb9](live_neural): decode=0.4ms, inference=24.9ms, second_pass=0.0ms, contention=0.0ms, TOTAL=25.4ms | audio=600ms, RTF=0.04x | model=enhanced_mel, neural_total=24.2ms, model_inference=18.2ms
[TIMING] EnhancedMel.transcribe: audio_to_gpu=0.1ms, features=0.4ms, model=19.4ms, decode=5.6ms | TOTAL=25.5ms for 1200ms audio (RTF=0.02x)
[TIMING] stream_chunk[experiment-61d97eabe1e14e4b981f72cc6b269fb9](live_neural): decode=0.2ms, inference=28.2ms, second_pass=0.0ms, contention=0.0ms, TOTAL=28.5ms | audio=600ms, RTF=0.05x | model=enhanced_mel, neural_total=27.8ms, model_inference=19.4ms
[TIMING] EnhancedMel.transcribe: audio_to_gpu=0.2ms, features=0.7ms, model=22.8ms, decode=9.5ms | TOTAL=33.3ms for 1800ms audio (RTF=0.02x)
[TIMING] stream_chunk[experiment-61d97eabe1e14e4b981f72cc6b269fb9](live_neural): decode=0.2ms, inference=39.3ms, second_pass=0.0ms, contention=0.0ms, TOTAL=39.8ms | audio=600ms, RTF=0.07x | model=enhanced_mel, neural_total=38.9ms, model_inference=22.8ms
[TIMING] EnhancedMel.transcribe: audio_to_gpu=0.3ms, features=1.6ms, model=13.6ms, decode=8.0ms | TOTAL=23.6ms for 2400ms audio (RTF=0.01x)
[TIMING] stream_chunk[experiment-61d97eabe1e14e4b981f72cc6b269fb9](live_neural): decode=0.2ms, inference=27.5ms, second_pass=0.0ms, contention=0.0ms, TOTAL=28.0ms | audio=600ms, RTF=0.05x | model=enhanced_mel, neural_total=27.1ms, model_inference=13.6ms
[TIMING] EnhancedMel.transcribe: audio_to_gpu=0.3ms, features=0.7ms, model=15.5ms, decode=12.2ms | TOTAL=28.7ms for 3000ms audio (RTF=0.01x)
[TIMING] stream_chunk[experiment-61d97eabe1e14e4b981f72cc6b269fb9](live_neural): decode=0.2ms, inference=32.9ms, second_pass=0.0ms, contention=0.0ms, TOTAL=33.5ms | audio=600ms, RTF=0.06x | model=enhanced_mel, neural_total=32.2ms, model_inference=15.5ms
[TIMING] EnhancedMel.transcribe: audio_to_gpu=0.4ms, features=0.8ms, model=19.1ms, decode=7.3ms | TOTAL=27.6ms for 3000ms audio (RTF=0.01x)
[TIMING] stream_chunk[experiment-61d97eabe1e14e4b981f72cc6b269fb9](live_neural): decode=0.2ms, inference=33.3ms, second_pass=0.0ms, contention=0.0ms, TOTAL=33.8ms | audio=600ms, RTF=0.06x | model=enhanced_mel, neural_total=32.7ms, model_inference=19.1ms
[TIMING] EnhancedMel.transcribe: audio_to_gpu=0.5ms, features=0.7ms, model=16.8ms, decode=14.2ms | TOTAL=32.2ms for 3000ms audio (RTF=0.01x)
[TIMING] stream_chunk[experiment-61d97eabe1e14e4b981f72cc6b269fb9](live_neural): decode=0.2ms, inference=36.3ms, second_pass=0.0ms, contention=0.0ms, TOTAL=36.9ms | audio=600ms, RTF=0.06x | model=enhanced_mel, neural_total=35.8ms, model_inference=16.8ms
[TIMING] EnhancedMel.transcribe: audio_to_gpu=0.5ms, features=0.7ms, model=14.3ms, decode=13.8ms | TOTAL=29.3ms for 3000ms audio (RTF=0.01x)
[TIMING] stream_chunk[experiment-61d97eabe1e14e4b981f72cc6b269fb9](live_neural): decode=0.2ms, inference=33.8ms, second_pass=0.0ms, contention=0.0ms, TOTAL=34.4ms | audio=600ms, RTF=0.06x | model=enhanced_mel, neural_total=33.1ms, model_inference=14.3ms
[TIMING] EnhancedMel.transcribe: audio_to_gpu=0.3ms, features=0.8ms, model=20.5ms, decode=8.6ms | TOTAL=30.2ms for 3000ms audio (RTF=0.01x)
[TIMING] stream_chunk[experiment-61d97eabe1e14e4b981f72cc6b269fb9](live_neural): decode=0.5ms, inference=35.3ms, second_pass=0.0ms, contention=0.0ms, TOTAL=36.1ms | audio=600ms, RTF=0.06x | model=enhanced_mel, neural_total=34.7ms, model_inference=20.5ms
[TIMING] EnhancedMel.transcribe: audio_to_gpu=0.3ms, features=0.6ms, model=15.3ms, decode=9.6ms | TOTAL=25.8ms for 3000ms audio (RTF=0.01x)
[TIMING] stream_chunk[experiment-61d97eabe1e14e4b981f72cc6b269fb9](live_neural): decode=0.2ms, inference=29.8ms, second_pass=0.0ms, contention=0.0ms, TOTAL=30.3ms | audio=600ms, RTF=0.05x | model=enhanced_mel, neural_total=29.2ms, model_inference=15.3ms
[TIMING] EnhancedMel.transcribe: audio_to_gpu=0.3ms, features=1.5ms, model=20.1ms, decode=2.8ms | TOTAL=24.7ms for 600ms audio (RTF=0.04x)
[TIMING] stream_chunk[experiment-4215c72c5e8644e4900e5716d957e3a2](live_neural): decode=0.3ms, inference=27.4ms, second_pass=0.0ms, contention=0.0ms, TOTAL=27.8ms | audio=600ms, RTF=0.05x | model=enhanced_mel, neural_total=26.8ms, model_inference=20.1ms
[TIMING] EnhancedMel.transcribe: audio_to_gpu=0.1ms, features=0.5ms, model=13.3ms, decode=5.2ms | TOTAL=19.1ms for 1200ms audio (RTF=0.02x)
[TIMING] stream_chunk[experiment-4215c72c5e8644e4900e5716d957e3a2](live_neural): decode=0.2ms, inference=23.1ms, second_pass=0.0ms, contention=0.0ms, TOTAL=23.6ms | audio=600ms, RTF=0.04x | model=enhanced_mel, neural_total=22.5ms, model_inference=13.3ms
[TIMING] EnhancedMel.transcribe: audio_to_gpu=0.2ms, features=0.5ms, model=11.9ms, decode=3.9ms | TOTAL=16.6ms for 1800ms audio (RTF=0.01x)
[TIMING] stream_chunk[experiment-4215c72c5e8644e4900e5716d957e3a2](live_neural): decode=0.1ms, inference=18.8ms, second_pass=0.0ms, contention=0.0ms, TOTAL=19.2ms | audio=600ms, RTF=0.03x | model=enhanced_mel, neural_total=18.5ms, model_inference=11.9ms
[TIMING] EnhancedMel.transcribe: audio_to_gpu=0.3ms, features=0.5ms, model=15.6ms, decode=12.0ms | TOTAL=28.4ms for 2400ms audio (RTF=0.01x)
[TIMING] stream_chunk[experiment-4215c72c5e8644e4900e5716d957e3a2](live_neural): decode=0.1ms, inference=32.0ms, second_pass=0.0ms, contention=0.0ms, TOTAL=32.4ms | audio=600ms, RTF=0.05x | model=enhanced_mel, neural_total=31.6ms, model_inference=15.6ms
[TIMING] EnhancedMel.transcribe: audio_to_gpu=0.2ms, features=0.5ms, model=22.1ms, decode=13.0ms | TOTAL=35.8ms for 3000ms audio (RTF=0.01x)
[TIMING] stream_chunk[experiment-4215c72c5e8644e4900e5716d957e3a2](live_neural): decode=0.2ms, inference=39.9ms, second_pass=0.0ms, contention=0.0ms, TOTAL=40.4ms | audio=600ms, RTF=0.07x | model=enhanced_mel, neural_total=39.2ms, model_inference=22.1ms
[TIMING] EnhancedMel.transcribe: audio_to_gpu=0.3ms, features=0.6ms, model=20.3ms, decode=9.0ms | TOTAL=30.1ms for 3000ms audio (RTF=0.01x)
[TIMING] stream_chunk[experiment-4215c72c5e8644e4900e5716d957e3a2](live_neural): decode=0.2ms, inference=34.8ms, second_pass=0.0ms, contention=0.0ms, TOTAL=35.2ms | audio=600ms, RTF=0.06x | model=enhanced_mel, neural_total=34.3ms, model_inference=20.3ms
[TIMING] EnhancedMel.transcribe: audio_to_gpu=0.3ms, features=0.5ms, model=17.2ms, decode=10.8ms | TOTAL=28.9ms for 3000ms audio (RTF=0.01x)
[TIMING] stream_chunk[experiment-4215c72c5e8644e4900e5716d957e3a2](live_neural): decode=0.2ms, inference=32.6ms, second_pass=0.0ms, contention=0.0ms, TOTAL=33.0ms | audio=600ms, RTF=0.06x | model=enhanced_mel, neural_total=32.1ms, model_inference=17.2ms
[TIMING] EnhancedMel.transcribe: audio_to_gpu=0.3ms, features=0.7ms, model=18.6ms, decode=8.5ms | TOTAL=28.2ms for 3000ms audio (RTF=0.01x)
[TIMING] stream_chunk[experiment-4215c72c5e8644e4900e5716d957e3a2](live_neural): decode=0.2ms, inference=33.5ms, second_pass=0.0ms, contention=0.0ms, TOTAL=34.1ms | audio=600ms, RTF=0.06x | model=enhanced_mel, neural_total=33.0ms, model_inference=18.6ms
[TIMING] EnhancedMel.transcribe: audio_to_gpu=0.3ms, features=0.6ms, model=15.9ms, decode=9.7ms | TOTAL=26.4ms for 3000ms audio (RTF=0.01x)
[TIMING] stream_chunk[experiment-4215c72c5e8644e4900e5716d957e3a2](live_neural): decode=0.2ms, inference=31.2ms, second_pass=0.0ms, contention=0.0ms, TOTAL=31.7ms | audio=600ms, RTF=0.05x | model=enhanced_mel, neural_total=30.5ms, model_inference=15.9ms
[TIMING] EnhancedMel.transcribe: audio_to_gpu=0.3ms, features=0.6ms, model=17.4ms, decode=15.1ms | TOTAL=33.4ms for 3000ms audio (RTF=0.01x)
[TIMING] stream_chunk[experiment-4215c72c5e8644e4900e5716d957e3a2](live_neural): decode=0.2ms, inference=38.4ms, second_pass=0.0ms, contention=0.0ms, TOTAL=38.9ms | audio=600ms, RTF=0.06x | model=enhanced_mel, neural_total=37.8ms, model_inference=17.4ms

[CLIP_008] Concert Etude No. 2, "Gnomenreigen", S. 145/2
  excerpt: start=57.00s end=63.00s duration=6.00s gt_notes=168 rms=0.1152 peak=0.5883 crest=5.105 rms_std=0.0373
    control:
      note metrics: precision=0.908 recall=0.935 f1=0.921 matched=157/168 pred=173
      strict onset f1: 10ms=0.710 20ms=0.903 30ms=0.921
      timing metrics: offset_f1=0.921 rhythm_precision=1.000 note_value_acc=0.822 note_value_n=157 avg_beat_error=0.019
      duplicate metrics: duplicates=6 per_100_notes=3.47
      boundary metrics: gt=57 matched=54 missed=3 miss_rate=0.053
      latency: avg_chunk_ms=32.65 p95_chunk_ms=38.47 avg_rtf=0.054
      notation metrics: first_correct_ms=60.3 visible_p50_ms=412.6 visible_p95_ms=632.0 stabilize_p50_ms=1718.7 stabilize_p95_ms=2200.8 avg_revisions=1.88 matched=58 refined=58 snapshots=20
      algorithmic latency: first_correct_ms=34.9 visible_p50_ms=385.7 visible_p95_ms=596.7 stabilize_p50_ms=1351.2 stabilize_p95_ms=1822.1
      final display note metrics: precision=0.940 recall=0.929 f1=0.934 matched=156/168 pred=166
      final display strict onset f1: 10ms=0.713 20ms=0.910 30ms=0.934
      final display timing: offset_f1=0.934 rhythm_precision=1.000 note_value_acc=0.333 note_value_n=156 avg_beat_error=0.071
      final display structure: cluster_f1=0.667 onset_align_recall=0.962 avg_jaccard=0.873 exact=52/79 pred=77 over=11 under=10 pitch_conflicts=3 missed_gt=3
      threshold profiles: hit_rate=0.000 thresholds=[0.55] profiles={'fixed_baseline': 10}
    treatment:
      note metrics: precision=0.863 recall=0.940 f1=0.900 matched=158/168 pred=183
      strict onset f1: 10ms=0.695 20ms=0.883 30ms=0.900
      timing metrics: offset_f1=0.900 rhythm_precision=1.000 note_value_acc=0.816 note_value_n=158 avg_beat_error=0.019
      duplicate metrics: duplicates=11 per_100_notes=6.01
      boundary metrics: gt=57 matched=54 missed=3 miss_rate=0.053
      latency: avg_chunk_ms=31.65 p95_chunk_ms=39.74 avg_rtf=0.053
      notation metrics: first_correct_ms=62.7 visible_p50_ms=415.0 visible_p95_ms=631.0 stabilize_p50_ms=1691.5 stabilize_p95_ms=2153.4 avg_revisions=1.58 matched=57 refined=57 snapshots=19
      algorithmic latency: first_correct_ms=34.9 visible_p50_ms=391.4 visible_p95_ms=596.9 stabilize_p50_ms=1293.0 stabilize_p95_ms=1820.3
      final display note metrics: precision=0.923 recall=0.923 f1=0.923 matched=155/168 pred=168
      final display strict onset f1: 10ms=0.702 20ms=0.899 30ms=0.923
      final display timing: offset_f1=0.923 rhythm_precision=1.000 note_value_acc=0.368 note_value_n=155 avg_beat_error=0.070
      final display structure: cluster_f1=0.654 onset_align_recall=0.962 avg_jaccard=0.860 exact=51/79 pred=77 over=13 under=9 pitch_conflicts=3 missed_gt=3
      threshold profiles: hit_rate=0.700 thresholds=[0.46, 0.55] profiles={'baseline_nominal': 3, 'loud_dense_precision': 7}
    delta treatment-control: precision=-0.044 recall=+0.006 f1=-0.021 offset_f1=-0.021 note_value_acc=-0.005 dup_per_100=+2.54 boundary_miss_rate=+0.000 p95_chunk_ms=+1.27 f1_10ms=-0.015 f1_20ms=-0.020 f1_30ms=-0.021 visible_p50_ms=+2.4 stabilize_p50_ms=-27.2 algo_visible_p50_ms=+5.7 algo_stabilize_p50_ms=-58.2 avg_revisions=-0.30 display_note_f1=-0.012 display_offset_f1=-0.012 display_cluster_f1=-0.013 display_cluster_jaccard=-0.013
    failure buckets: ['boundary_miss_failure', 'high_revision_slow_stabilization']
      boundary diagnostics: missed=3 by_arm={'control': 3, 'treatment': 3} tags={'control_boundary_miss': 3, 'no_control_coarse_candidate': 3}
        miss: pitch=76 onset=1.727s boundary_delta_ms=-73.4 control_coarse=False treatment_coarse=False retro=n/a
        miss: pitch=76 onset=1.835s boundary_delta_ms=+34.6 control_coarse=False treatment_coarse=False retro=n/a
        miss: pitch=78 onset=4.191s boundary_delta_ms=-8.6 control_coarse=False treatment_coarse=False retro=n/a
[TIMING] EnhancedMel.transcribe: audio_to_gpu=0.3ms, features=0.6ms, model=14.1ms, decode=1.6ms | TOTAL=16.6ms for 600ms audio (RTF=0.03x)
[TIMING] stream_chunk[experiment-699bf8c74ee243e1acbf8d1b2dd1b93e](live_neural): decode=0.2ms, inference=20.2ms, second_pass=0.0ms, contention=0.0ms, TOTAL=20.4ms | audio=600ms, RTF=0.03x | model=enhanced_mel, neural_total=19.4ms, model_inference=14.1ms
[TIMING] EnhancedMel.transcribe: audio_to_gpu=0.2ms, features=0.6ms, model=18.2ms, decode=2.9ms | TOTAL=21.8ms for 1200ms audio (RTF=0.02x)
[TIMING] stream_chunk[experiment-699bf8c74ee243e1acbf8d1b2dd1b93e](live_neural): decode=0.2ms, inference=24.9ms, second_pass=0.0ms, contention=0.0ms, TOTAL=25.1ms | audio=600ms, RTF=0.04x | model=enhanced_mel, neural_total=24.4ms, model_inference=18.2ms
[TIMING] EnhancedMel.transcribe: audio_to_gpu=0.1ms, features=0.4ms, model=15.3ms, decode=4.1ms | TOTAL=19.9ms for 1800ms audio (RTF=0.01x)
[TIMING] stream_chunk[experiment-699bf8c74ee243e1acbf8d1b2dd1b93e](live_neural): decode=0.2ms, inference=22.8ms, second_pass=0.0ms, contention=0.0ms, TOTAL=23.2ms | audio=600ms, RTF=0.04x | model=enhanced_mel, neural_total=22.2ms, model_inference=15.3ms
[TIMING] EnhancedMel.transcribe: audio_to_gpu=0.2ms, features=0.5ms, model=14.6ms, decode=5.4ms | TOTAL=20.7ms for 2400ms audio (RTF=0.01x)
[TIMING] stream_chunk[experiment-699bf8c74ee243e1acbf8d1b2dd1b93e](live_neural): decode=0.2ms, inference=24.3ms, second_pass=0.0ms, contention=0.0ms, TOTAL=24.7ms | audio=600ms, RTF=0.04x | model=enhanced_mel, neural_total=23.7ms, model_inference=14.6ms
[TIMING] EnhancedMel.transcribe: audio_to_gpu=0.3ms, features=0.9ms, model=16.8ms, decode=6.9ms | TOTAL=24.8ms for 3000ms audio (RTF=0.01x)
[TIMING] stream_chunk[experiment-699bf8c74ee243e1acbf8d1b2dd1b93e](live_neural): decode=0.2ms, inference=28.4ms, second_pass=0.0ms, contention=0.0ms, TOTAL=28.7ms | audio=600ms, RTF=0.05x | model=enhanced_mel, neural_total=28.0ms, model_inference=16.8ms
[TIMING] EnhancedMel.transcribe: audio_to_gpu=0.1ms, features=0.5ms, model=16.9ms, decode=7.7ms | TOTAL=25.2ms for 3000ms audio (RTF=0.01x)
[TIMING] stream_chunk[experiment-699bf8c74ee243e1acbf8d1b2dd1b93e](live_neural): decode=0.2ms, inference=28.9ms, second_pass=0.0ms, contention=0.0ms, TOTAL=29.2ms | audio=600ms, RTF=0.05x | model=enhanced_mel, neural_total=28.4ms, model_inference=16.9ms
[TIMING] EnhancedMel.transcribe: audio_to_gpu=0.2ms, features=0.5ms, model=16.8ms, decode=8.1ms | TOTAL=25.6ms for 3000ms audio (RTF=0.01x)
[TIMING] stream_chunk[experiment-699bf8c74ee243e1acbf8d1b2dd1b93e](live_neural): decode=0.2ms, inference=28.8ms, second_pass=0.0ms, contention=0.0ms, TOTAL=29.0ms | audio=600ms, RTF=0.05x | model=enhanced_mel, neural_total=28.4ms, model_inference=16.8ms
[TIMING] EnhancedMel.transcribe: audio_to_gpu=0.3ms, features=0.7ms, model=15.8ms, decode=6.8ms | TOTAL=23.5ms for 3000ms audio (RTF=0.01x)
[TIMING] stream_chunk[experiment-699bf8c74ee243e1acbf8d1b2dd1b93e](live_neural): decode=0.2ms, inference=27.7ms, second_pass=0.0ms, contention=0.0ms, TOTAL=28.0ms | audio=600ms, RTF=0.05x | model=enhanced_mel, neural_total=27.3ms, model_inference=15.8ms
[TIMING] EnhancedMel.transcribe: audio_to_gpu=0.2ms, features=0.6ms, model=16.0ms, decode=7.2ms | TOTAL=24.0ms for 3000ms audio (RTF=0.01x)
[TIMING] stream_chunk[experiment-699bf8c74ee243e1acbf8d1b2dd1b93e](live_neural): decode=0.2ms, inference=28.6ms, second_pass=0.0ms, contention=0.0ms, TOTAL=28.8ms | audio=600ms, RTF=0.05x | model=enhanced_mel, neural_total=28.1ms, model_inference=16.0ms
[TIMING] EnhancedMel.transcribe: audio_to_gpu=0.1ms, features=0.4ms, model=18.0ms, decode=7.3ms | TOTAL=25.9ms for 3000ms audio (RTF=0.01x)
[TIMING] stream_chunk[experiment-699bf8c74ee243e1acbf8d1b2dd1b93e](live_neural): decode=0.2ms, inference=29.5ms, second_pass=0.0ms, contention=0.0ms, TOTAL=29.8ms | audio=600ms, RTF=0.05x | model=enhanced_mel, neural_total=29.0ms, model_inference=18.0ms
[TIMING] EnhancedMel.transcribe: audio_to_gpu=0.2ms, features=0.6ms, model=14.5ms, decode=1.5ms | TOTAL=16.8ms for 600ms audio (RTF=0.03x)
[TIMING] stream_chunk[experiment-2376afbd834a4a2a8651ead5bd33c489](live_neural): decode=0.2ms, inference=19.5ms, second_pass=0.0ms, contention=0.0ms, TOTAL=19.7ms | audio=600ms, RTF=0.03x | model=enhanced_mel, neural_total=19.0ms, model_inference=14.5ms
[TIMING] EnhancedMel.transcribe: audio_to_gpu=0.2ms, features=0.5ms, model=10.6ms, decode=2.1ms | TOTAL=13.5ms for 1200ms audio (RTF=0.01x)
[TIMING] stream_chunk[experiment-2376afbd834a4a2a8651ead5bd33c489](live_neural): decode=0.1ms, inference=15.6ms, second_pass=0.0ms, contention=0.0ms, TOTAL=17.0ms | audio=600ms, RTF=0.03x | model=enhanced_mel, neural_total=15.0ms, model_inference=10.6ms
[TIMING] EnhancedMel.transcribe: audio_to_gpu=0.1ms, features=0.5ms, model=22.8ms, decode=6.7ms | TOTAL=30.1ms for 1800ms audio (RTF=0.02x)
[TIMING] stream_chunk[experiment-2376afbd834a4a2a8651ead5bd33c489](live_neural): decode=0.1ms, inference=32.6ms, second_pass=0.0ms, contention=0.0ms, TOTAL=32.8ms | audio=600ms, RTF=0.05x | model=enhanced_mel, neural_total=32.2ms, model_inference=22.8ms
[TIMING] EnhancedMel.transcribe: audio_to_gpu=0.2ms, features=0.4ms, model=19.0ms, decode=7.3ms | TOTAL=26.9ms for 2400ms audio (RTF=0.01x)
[TIMING] stream_chunk[experiment-2376afbd834a4a2a8651ead5bd33c489](live_neural): decode=0.3ms, inference=29.3ms, second_pass=0.0ms, contention=0.0ms, TOTAL=29.7ms | audio=600ms, RTF=0.05x | model=enhanced_mel, neural_total=28.8ms, model_inference=19.0ms
[TIMING] EnhancedMel.transcribe: audio_to_gpu=0.2ms, features=0.4ms, model=20.2ms, decode=11.5ms | TOTAL=32.2ms for 3000ms audio (RTF=0.01x)
[TIMING] stream_chunk[experiment-2376afbd834a4a2a8651ead5bd33c489](live_neural): decode=0.2ms, inference=35.2ms, second_pass=0.0ms, contention=0.0ms, TOTAL=35.6ms | audio=600ms, RTF=0.06x | model=enhanced_mel, neural_total=34.8ms, model_inference=20.2ms
[TIMING] EnhancedMel.transcribe: audio_to_gpu=0.3ms, features=0.6ms, model=18.6ms, decode=11.2ms | TOTAL=30.6ms for 3000ms audio (RTF=0.01x)
[TIMING] stream_chunk[experiment-2376afbd834a4a2a8651ead5bd33c489](live_neural): decode=0.2ms, inference=35.2ms, second_pass=0.0ms, contention=0.0ms, TOTAL=35.5ms | audio=600ms, RTF=0.06x | model=enhanced_mel, neural_total=34.5ms, model_inference=18.6ms
[TIMING] EnhancedMel.transcribe: audio_to_gpu=0.2ms, features=0.7ms, model=18.9ms, decode=8.8ms | TOTAL=28.7ms for 3000ms audio (RTF=0.01x)
[TIMING] stream_chunk[experiment-2376afbd834a4a2a8651ead5bd33c489](live_neural): decode=0.3ms, inference=33.7ms, second_pass=0.0ms, contention=0.0ms, TOTAL=34.1ms | audio=600ms, RTF=0.06x | model=enhanced_mel, neural_total=33.1ms, model_inference=18.9ms
[TIMING] EnhancedMel.transcribe: audio_to_gpu=0.4ms, features=1.4ms, model=22.0ms, decode=11.7ms | TOTAL=35.4ms for 3000ms audio (RTF=0.01x)
[TIMING] stream_chunk[experiment-2376afbd834a4a2a8651ead5bd33c489](live_neural): decode=0.3ms, inference=40.2ms, second_pass=0.0ms, contention=0.0ms, TOTAL=40.6ms | audio=600ms, RTF=0.07x | model=enhanced_mel, neural_total=39.5ms, model_inference=22.0ms
[TIMING] EnhancedMel.transcribe: audio_to_gpu=0.3ms, features=0.7ms, model=17.7ms, decode=10.7ms | TOTAL=29.4ms for 3000ms audio (RTF=0.01x)
[TIMING] stream_chunk[experiment-2376afbd834a4a2a8651ead5bd33c489](live_neural): decode=0.2ms, inference=34.3ms, second_pass=0.0ms, contention=0.0ms, TOTAL=34.7ms | audio=600ms, RTF=0.06x | model=enhanced_mel, neural_total=33.7ms, model_inference=17.7ms
[TIMING] EnhancedMel.transcribe: audio_to_gpu=0.4ms, features=0.9ms, model=19.9ms, decode=7.9ms | TOTAL=29.2ms for 3000ms audio (RTF=0.01x)
[TIMING] stream_chunk[experiment-2376afbd834a4a2a8651ead5bd33c489](live_neural): decode=0.3ms, inference=35.0ms, second_pass=0.0ms, contention=0.0ms, TOTAL=35.4ms | audio=600ms, RTF=0.06x | model=enhanced_mel, neural_total=34.4ms, model_inference=19.9ms

[CLIP_009] Sonata in A Major, K. 208
  excerpt: start=3.00s end=9.00s duration=6.00s gt_notes=10 rms=0.0080 peak=0.0538 crest=6.725 rms_std=0.0041
    control:
      note metrics: precision=0.588 recall=1.000 f1=0.741 matched=10/10 pred=17
      strict onset f1: 10ms=0.741 20ms=0.741 30ms=0.741
      timing metrics: offset_f1=0.148 rhythm_precision=0.200 note_value_acc=0.000 note_value_n=10 avg_beat_error=1.456
      duplicate metrics: duplicates=0 per_100_notes=0.00
      boundary metrics: gt=2 matched=2 missed=0 miss_rate=0.000
      latency: avg_chunk_ms=26.69 p95_chunk_ms=29.52 avg_rtf=0.045
      notation metrics: first_correct_ms=143.4 visible_p50_ms=369.0 visible_p95_ms=619.6 stabilize_p50_ms=2189.6 stabilize_p95_ms=3084.7 avg_revisions=2.50 matched=10 refined=10 snapshots=19
      algorithmic latency: first_correct_ms=118.7 visible_p50_ms=341.9 visible_p95_ms=590.1 stabilize_p50_ms=1732.2 stabilize_p95_ms=2594.8
      final display note metrics: precision=0.588 recall=1.000 f1=0.741 matched=10/10 pred=17
      final display strict onset f1: 10ms=0.741 20ms=0.741 30ms=0.741
      final display timing: offset_f1=0.148 rhythm_precision=0.200 note_value_acc=0.100 note_value_n=10 avg_beat_error=1.238
      final display structure: cluster_f1=0.741 onset_align_recall=1.000 avg_jaccard=1.000 exact=10/10 pred=17 over=0 under=0 pitch_conflicts=0 missed_gt=0
      threshold profiles: hit_rate=0.000 thresholds=[0.55] profiles={'fixed_baseline': 10}
    treatment:
      note metrics: precision=0.588 recall=1.000 f1=0.741 matched=10/10 pred=17
      strict onset f1: 10ms=0.741 20ms=0.741 30ms=0.741
      timing metrics: offset_f1=0.148 rhythm_precision=0.200 note_value_acc=0.000 note_value_n=10 avg_beat_error=1.456
      duplicate metrics: duplicates=0 per_100_notes=0.00
      boundary metrics: gt=2 matched=2 missed=0 miss_rate=0.000
      latency: avg_chunk_ms=31.50 p95_chunk_ms=38.35 avg_rtf=0.053
      notation metrics: first_correct_ms=148.4 visible_p50_ms=366.1 visible_p95_ms=625.6 stabilize_p50_ms=2198.3 stabilize_p95_ms=3090.2 avg_revisions=2.50 matched=10 refined=10 snapshots=19
      algorithmic latency: first_correct_ms=118.7 visible_p50_ms=341.9 visible_p95_ms=590.1 stabilize_p50_ms=1732.2 stabilize_p95_ms=2594.8
      final display note metrics: precision=0.588 recall=1.000 f1=0.741 matched=10/10 pred=17
      final display strict onset f1: 10ms=0.741 20ms=0.741 30ms=0.741
      final display timing: offset_f1=0.148 rhythm_precision=0.200 note_value_acc=0.100 note_value_n=10 avg_beat_error=1.238
      final display structure: cluster_f1=0.741 onset_align_recall=1.000 avg_jaccard=1.000 exact=10/10 pred=17 over=0 under=0 pitch_conflicts=0 missed_gt=0
      threshold profiles: hit_rate=1.000 thresholds=[0.51] profiles={'soft_sparse_recall': 10}
    delta treatment-control: precision=+0.000 recall=+0.000 f1=+0.000 offset_f1=+0.000 note_value_acc=+0.000 dup_per_100=+0.00 boundary_miss_rate=+0.000 p95_chunk_ms=+8.84 f1_10ms=+0.000 f1_20ms=+0.000 f1_30ms=+0.000 visible_p50_ms=-2.9 stabilize_p50_ms=+8.7 algo_visible_p50_ms=+0.0 algo_stabilize_p50_ms=+0.0 avg_revisions=+0.00 display_note_f1=+0.000 display_offset_f1=+0.000 display_cluster_f1=+0.000 display_cluster_jaccard=+0.000
    failure buckets: ['high_revision_slow_stabilization', 'note_value_offset_failure']
[TIMING] EnhancedMel.transcribe: audio_to_gpu=0.4ms, features=0.8ms, model=14.9ms, decode=1.5ms | TOTAL=17.6ms for 600ms audio (RTF=0.03x)
[TIMING] stream_chunk[experiment-442b9d10c72742239edeec694c49bd6c](live_neural): decode=0.2ms, inference=21.2ms, second_pass=0.0ms, contention=0.0ms, TOTAL=21.4ms | audio=600ms, RTF=0.04x | model=enhanced_mel, neural_total=20.6ms, model_inference=14.9ms
[TIMING] EnhancedMel.transcribe: audio_to_gpu=0.2ms, features=0.6ms, model=12.6ms, decode=4.2ms | TOTAL=17.7ms for 1200ms audio (RTF=0.01x)
[TIMING] stream_chunk[experiment-442b9d10c72742239edeec694c49bd6c](live_neural): decode=0.3ms, inference=21.3ms, second_pass=0.0ms, contention=0.0ms, TOTAL=21.7ms | audio=600ms, RTF=0.04x | model=enhanced_mel, neural_total=20.8ms, model_inference=12.6ms
[TIMING] EnhancedMel.transcribe: audio_to_gpu=0.2ms, features=0.6ms, model=15.7ms, decode=4.6ms | TOTAL=21.1ms for 1800ms audio (RTF=0.01x)
[TIMING] stream_chunk[experiment-442b9d10c72742239edeec694c49bd6c](live_neural): decode=0.2ms, inference=24.2ms, second_pass=0.0ms, contention=0.0ms, TOTAL=24.5ms | audio=600ms, RTF=0.04x | model=enhanced_mel, neural_total=23.8ms, model_inference=15.7ms
[TIMING] EnhancedMel.transcribe: audio_to_gpu=0.3ms, features=0.7ms, model=18.3ms, decode=5.6ms | TOTAL=25.0ms for 2400ms audio (RTF=0.01x)
[TIMING] stream_chunk[experiment-442b9d10c72742239edeec694c49bd6c](live_neural): decode=0.3ms, inference=27.9ms, second_pass=0.0ms, contention=0.0ms, TOTAL=28.4ms | audio=600ms, RTF=0.05x | model=enhanced_mel, neural_total=27.4ms, model_inference=18.3ms
[TIMING] EnhancedMel.transcribe: audio_to_gpu=0.4ms, features=0.5ms, model=14.8ms, decode=7.6ms | TOTAL=23.3ms for 3000ms audio (RTF=0.01x)
[TIMING] stream_chunk[experiment-442b9d10c72742239edeec694c49bd6c](live_neural): decode=0.1ms, inference=26.0ms, second_pass=0.0ms, contention=0.0ms, TOTAL=26.2ms | audio=600ms, RTF=0.04x | model=enhanced_mel, neural_total=25.6ms, model_inference=14.8ms
[TIMING] EnhancedMel.transcribe: audio_to_gpu=0.2ms, features=0.5ms, model=14.2ms, decode=9.1ms | TOTAL=24.0ms for 3000ms audio (RTF=0.01x)
[TIMING] stream_chunk[experiment-442b9d10c72742239edeec694c49bd6c](live_neural): decode=0.1ms, inference=27.9ms, second_pass=0.0ms, contention=0.0ms, TOTAL=28.2ms | audio=600ms, RTF=0.05x | model=enhanced_mel, neural_total=27.3ms, model_inference=14.2ms
[TIMING] EnhancedMel.transcribe: audio_to_gpu=0.5ms, features=0.8ms, model=15.4ms, decode=8.7ms | TOTAL=25.3ms for 3000ms audio (RTF=0.01x)
[TIMING] stream_chunk[experiment-442b9d10c72742239edeec694c49bd6c](live_neural): decode=0.2ms, inference=30.8ms, second_pass=0.0ms, contention=0.0ms, TOTAL=31.2ms | audio=600ms, RTF=0.05x | model=enhanced_mel, neural_total=30.3ms, model_inference=15.4ms
[TIMING] EnhancedMel.transcribe: audio_to_gpu=0.5ms, features=0.6ms, model=15.3ms, decode=8.3ms | TOTAL=24.7ms for 3000ms audio (RTF=0.01x)
[TIMING] stream_chunk[experiment-442b9d10c72742239edeec694c49bd6c](live_neural): decode=0.3ms, inference=28.7ms, second_pass=0.0ms, contention=0.0ms, TOTAL=29.2ms | audio=600ms, RTF=0.05x | model=enhanced_mel, neural_total=28.3ms, model_inference=15.3ms
[TIMING] EnhancedMel.transcribe: audio_to_gpu=0.3ms, features=0.6ms, model=14.7ms, decode=8.4ms | TOTAL=24.1ms for 3000ms audio (RTF=0.01x)
[TIMING] stream_chunk[experiment-442b9d10c72742239edeec694c49bd6c](live_neural): decode=0.2ms, inference=27.9ms, second_pass=0.0ms, contention=0.0ms, TOTAL=28.2ms | audio=600ms, RTF=0.05x | model=enhanced_mel, neural_total=27.4ms, model_inference=14.7ms
[TIMING] EnhancedMel.transcribe: audio_to_gpu=0.4ms, features=0.8ms, model=18.9ms, decode=6.1ms | TOTAL=26.2ms for 3000ms audio (RTF=0.01x)
[TIMING] stream_chunk[experiment-442b9d10c72742239edeec694c49bd6c](live_neural): decode=0.2ms, inference=30.7ms, second_pass=0.0ms, contention=0.0ms, TOTAL=31.1ms | audio=600ms, RTF=0.05x | model=enhanced_mel, neural_total=30.1ms, model_inference=18.9ms
[TIMING] EnhancedMel.transcribe: audio_to_gpu=0.4ms, features=0.8ms, model=16.9ms, decode=1.5ms | TOTAL=19.6ms for 600ms audio (RTF=0.03x)
[TIMING] stream_chunk[experiment-bef3339f21454c3a979ebfc416c3a9e5](live_neural): decode=0.2ms, inference=22.2ms, second_pass=0.0ms, contention=0.0ms, TOTAL=22.5ms | audio=600ms, RTF=0.04x | model=enhanced_mel, neural_total=21.7ms, model_inference=16.9ms
[TIMING] EnhancedMel.transcribe: audio_to_gpu=0.2ms, features=0.5ms, model=13.1ms, decode=3.4ms | TOTAL=17.1ms for 1200ms audio (RTF=0.01x)
[TIMING] stream_chunk[experiment-bef3339f21454c3a979ebfc416c3a9e5](live_neural): decode=0.2ms, inference=19.9ms, second_pass=0.0ms, contention=0.0ms, TOTAL=20.2ms | audio=600ms, RTF=0.03x | model=enhanced_mel, neural_total=19.4ms, model_inference=13.1ms
[TIMING] EnhancedMel.transcribe: audio_to_gpu=0.1ms, features=0.4ms, model=17.1ms, decode=4.8ms | TOTAL=22.4ms for 1800ms audio (RTF=0.01x)
[TIMING] stream_chunk[experiment-bef3339f21454c3a979ebfc416c3a9e5](live_neural): decode=0.2ms, inference=25.3ms, second_pass=0.0ms, contention=0.0ms, TOTAL=25.6ms | audio=600ms, RTF=0.04x | model=enhanced_mel, neural_total=24.8ms, model_inference=17.1ms
[TIMING] EnhancedMel.transcribe: audio_to_gpu=0.2ms, features=0.4ms, model=13.1ms, decode=6.3ms | TOTAL=20.0ms for 2400ms audio (RTF=0.01x)
[TIMING] stream_chunk[experiment-bef3339f21454c3a979ebfc416c3a9e5](live_neural): decode=0.3ms, inference=23.1ms, second_pass=0.0ms, contention=0.0ms, TOTAL=23.5ms | audio=600ms, RTF=0.04x | model=enhanced_mel, neural_total=22.7ms, model_inference=13.1ms
[TIMING] EnhancedMel.transcribe: audio_to_gpu=0.2ms, features=0.9ms, model=17.3ms, decode=5.4ms | TOTAL=23.8ms for 3000ms audio (RTF=0.01x)
[TIMING] stream_chunk[experiment-bef3339f21454c3a979ebfc416c3a9e5](live_neural): decode=0.2ms, inference=28.7ms, second_pass=0.0ms, contention=0.0ms, TOTAL=29.0ms | audio=600ms, RTF=0.05x | model=enhanced_mel, neural_total=28.2ms, model_inference=17.3ms
[TIMING] EnhancedMel.transcribe: audio_to_gpu=0.2ms, features=0.6ms, model=13.0ms, decode=8.4ms | TOTAL=22.2ms for 3000ms audio (RTF=0.01x)
[TIMING] stream_chunk[experiment-bef3339f21454c3a979ebfc416c3a9e5](live_neural): decode=0.2ms, inference=24.9ms, second_pass=0.0ms, contention=0.0ms, TOTAL=25.4ms | audio=600ms, RTF=0.04x | model=enhanced_mel, neural_total=24.5ms, model_inference=13.0ms
[TIMING] EnhancedMel.transcribe: audio_to_gpu=0.4ms, features=0.7ms, model=18.7ms, decode=8.4ms | TOTAL=28.2ms for 3000ms audio (RTF=0.01x)
[TIMING] stream_chunk[experiment-bef3339f21454c3a979ebfc416c3a9e5](live_neural): decode=0.2ms, inference=34.1ms, second_pass=0.0ms, contention=0.0ms, TOTAL=34.5ms | audio=600ms, RTF=0.06x | model=enhanced_mel, neural_total=33.6ms, model_inference=18.7ms
[TIMING] EnhancedMel.transcribe: audio_to_gpu=0.4ms, features=0.9ms, model=20.5ms, decode=13.4ms | TOTAL=35.1ms for 3000ms audio (RTF=0.01x)
[TIMING] stream_chunk[experiment-bef3339f21454c3a979ebfc416c3a9e5](live_neural): decode=0.2ms, inference=39.0ms, second_pass=0.0ms, contention=0.0ms, TOTAL=39.5ms | audio=600ms, RTF=0.07x | model=enhanced_mel, neural_total=38.3ms, model_inference=20.5ms
[TIMING] EnhancedMel.transcribe: audio_to_gpu=0.3ms, features=0.7ms, model=20.1ms, decode=8.1ms | TOTAL=29.2ms for 3000ms audio (RTF=0.01x)
[TIMING] stream_chunk[experiment-bef3339f21454c3a979ebfc416c3a9e5](live_neural): decode=0.2ms, inference=34.5ms, second_pass=0.0ms, contention=0.0ms, TOTAL=35.1ms | audio=600ms, RTF=0.06x | model=enhanced_mel, neural_total=34.0ms, model_inference=20.1ms
[TIMING] EnhancedMel.transcribe: audio_to_gpu=0.3ms, features=0.6ms, model=15.8ms, decode=8.2ms | TOTAL=24.9ms for 3000ms audio (RTF=0.01x)
[TIMING] stream_chunk[experiment-bef3339f21454c3a979ebfc416c3a9e5](live_neural): decode=0.3ms, inference=30.4ms, second_pass=0.0ms, contention=0.0ms, TOTAL=31.0ms | audio=600ms, RTF=0.05x | model=enhanced_mel, neural_total=29.8ms, model_inference=15.8ms

[CLIP_010] Etude "Pour les accords"
  excerpt: start=0.00s end=6.00s duration=6.00s gt_notes=108 rms=0.0820 peak=0.5182 crest=6.319 rms_std=0.0389
    control:
      note metrics: precision=0.788 recall=0.963 f1=0.867 matched=104/108 pred=132
      strict onset f1: 10ms=0.650 20ms=0.850 30ms=0.867
      timing metrics: offset_f1=0.867 rhythm_precision=1.000 note_value_acc=0.942 note_value_n=104 avg_beat_error=0.006
      duplicate metrics: duplicates=18 per_100_notes=13.64
      boundary metrics: gt=34 matched=33 missed=1 miss_rate=0.029
      latency: avg_chunk_ms=27.02 p95_chunk_ms=31.17 avg_rtf=0.045
      notation metrics: first_correct_ms=140.4 visible_p50_ms=299.7 visible_p95_ms=323.1 stabilize_p50_ms=3719.6 stabilize_p95_ms=3743.0 avg_revisions=1.67 matched=3 refined=3 snapshots=14
      algorithmic latency: first_correct_ms=111.2 visible_p50_ms=273.4 visible_p95_ms=296.9 stabilize_p50_ms=3273.4 stabilize_p95_ms=3296.9
      final display note metrics: precision=0.920 recall=0.852 f1=0.885 matched=92/108 pred=100
      final display strict onset f1: 10ms=0.635 20ms=0.875 30ms=0.885
      final display timing: offset_f1=0.885 rhythm_precision=1.000 note_value_acc=0.978 note_value_n=92 avg_beat_error=0.043
      final display structure: cluster_f1=0.619 onset_align_recall=0.950 avg_jaccard=0.827 exact=13/20 pred=22 over=3 under=3 pitch_conflicts=0 missed_gt=1
      threshold profiles: hit_rate=0.000 thresholds=[0.55] profiles={'fixed_baseline': 10}
    treatment:
      note metrics: precision=0.788 recall=0.963 f1=0.867 matched=104/108 pred=132
      strict onset f1: 10ms=0.650 20ms=0.850 30ms=0.867
      timing metrics: offset_f1=0.867 rhythm_precision=1.000 note_value_acc=0.942 note_value_n=104 avg_beat_error=0.006
      duplicate metrics: duplicates=18 per_100_notes=13.64
      boundary metrics: gt=34 matched=33 missed=1 miss_rate=0.029
      latency: avg_chunk_ms=28.64 p95_chunk_ms=37.50 avg_rtf=0.048
      notation metrics: first_correct_ms=150.7 visible_p50_ms=302.4 visible_p95_ms=325.9 stabilize_p50_ms=3725.5 stabilize_p95_ms=3748.9 avg_revisions=1.67 matched=3 refined=3 snapshots=14
      algorithmic latency: first_correct_ms=111.2 visible_p50_ms=273.4 visible_p95_ms=296.9 stabilize_p50_ms=3273.4 stabilize_p95_ms=3296.9
      final display note metrics: precision=0.920 recall=0.852 f1=0.885 matched=92/108 pred=100
      final display strict onset f1: 10ms=0.635 20ms=0.875 30ms=0.885
      final display timing: offset_f1=0.885 rhythm_precision=1.000 note_value_acc=0.978 note_value_n=92 avg_beat_error=0.043
      final display structure: cluster_f1=0.619 onset_align_recall=0.950 avg_jaccard=0.827 exact=13/20 pred=22 over=3 under=3 pitch_conflicts=0 missed_gt=1
      threshold profiles: hit_rate=0.100 thresholds=[0.51, 0.55] profiles={'baseline_nominal': 9, 'soft_sparse_recall': 1}
    delta treatment-control: precision=+0.000 recall=+0.000 f1=+0.000 offset_f1=+0.000 note_value_acc=+0.000 dup_per_100=+0.00 boundary_miss_rate=+0.000 p95_chunk_ms=+6.33 f1_10ms=+0.000 f1_20ms=+0.000 f1_30ms=+0.000 visible_p50_ms=+2.8 stabilize_p50_ms=+5.9 algo_visible_p50_ms=+0.0 algo_stabilize_p50_ms=+0.0 avg_revisions=+0.00 display_note_f1=+0.000 display_offset_f1=+0.000 display_cluster_f1=+0.000 display_cluster_jaccard=+0.000
    failure buckets: ['boundary_miss_failure', 'high_revision_slow_stabilization']
      boundary diagnostics: missed=1 by_arm={'control': 1, 'treatment': 1} tags={'control_boundary_miss': 1, 'no_control_coarse_candidate': 1}
        miss: pitch=56 onset=1.172s boundary_delta_ms=-28.1 control_coarse=False treatment_coarse=False retro=n/a
[TIMING] EnhancedMel.transcribe: audio_to_gpu=0.4ms, features=0.9ms, model=21.4ms, decode=2.7ms | TOTAL=25.4ms for 600ms audio (RTF=0.04x)
[TIMING] stream_chunk[experiment-cd810cbd09dd48fba487abd10dc28447](live_neural): decode=0.3ms, inference=29.5ms, second_pass=0.0ms, contention=0.0ms, TOTAL=29.8ms | audio=600ms, RTF=0.05x | model=enhanced_mel, neural_total=28.8ms, model_inference=21.4ms
[TIMING] EnhancedMel.transcribe: audio_to_gpu=0.2ms, features=0.6ms, model=20.5ms, decode=3.7ms | TOTAL=24.9ms for 1200ms audio (RTF=0.02x)
[TIMING] stream_chunk[experiment-cd810cbd09dd48fba487abd10dc28447](live_neural): decode=0.3ms, inference=28.2ms, second_pass=0.0ms, contention=0.0ms, TOTAL=28.6ms | audio=600ms, RTF=0.05x | model=enhanced_mel, neural_total=27.6ms, model_inference=20.5ms
[TIMING] EnhancedMel.transcribe: audio_to_gpu=0.2ms, features=0.6ms, model=20.7ms, decode=5.3ms | TOTAL=26.8ms for 1800ms audio (RTF=0.01x)
[TIMING] stream_chunk[experiment-cd810cbd09dd48fba487abd10dc28447](live_neural): decode=0.2ms, inference=31.4ms, second_pass=0.0ms, contention=0.0ms, TOTAL=31.7ms | audio=600ms, RTF=0.05x | model=enhanced_mel, neural_total=30.8ms, model_inference=20.7ms
[TIMING] EnhancedMel.transcribe: audio_to_gpu=0.2ms, features=0.5ms, model=13.6ms, decode=9.8ms | TOTAL=24.0ms for 2400ms audio (RTF=0.01x)
[TIMING] stream_chunk[experiment-cd810cbd09dd48fba487abd10dc28447](live_neural): decode=0.2ms, inference=28.8ms, second_pass=0.0ms, contention=0.0ms, TOTAL=29.2ms | audio=600ms, RTF=0.05x | model=enhanced_mel, neural_total=28.3ms, model_inference=13.6ms
[TIMING] EnhancedMel.transcribe: audio_to_gpu=0.2ms, features=0.5ms, model=23.5ms, decode=12.0ms | TOTAL=36.2ms for 3000ms audio (RTF=0.01x)
[TIMING] stream_chunk[experiment-cd810cbd09dd48fba487abd10dc28447](live_neural): decode=0.2ms, inference=40.2ms, second_pass=0.0ms, contention=0.0ms, TOTAL=40.5ms | audio=600ms, RTF=0.07x | model=enhanced_mel, neural_total=39.6ms, model_inference=23.5ms
[TIMING] EnhancedMel.transcribe: audio_to_gpu=0.2ms, features=0.5ms, model=17.0ms, decode=7.0ms | TOTAL=24.7ms for 3000ms audio (RTF=0.01x)
[TIMING] stream_chunk[experiment-cd810cbd09dd48fba487abd10dc28447](live_neural): decode=0.2ms, inference=28.5ms, second_pass=0.0ms, contention=0.0ms, TOTAL=28.9ms | audio=600ms, RTF=0.05x | model=enhanced_mel, neural_total=28.0ms, model_inference=17.0ms
[TIMING] EnhancedMel.transcribe: audio_to_gpu=0.3ms, features=0.4ms, model=15.5ms, decode=6.8ms | TOTAL=23.0ms for 3000ms audio (RTF=0.01x)
[TIMING] stream_chunk[experiment-cd810cbd09dd48fba487abd10dc28447](live_neural): decode=0.2ms, inference=27.1ms, second_pass=0.0ms, contention=0.0ms, TOTAL=27.4ms | audio=600ms, RTF=0.05x | model=enhanced_mel, neural_total=25.9ms, model_inference=15.5ms
[TIMING] EnhancedMel.transcribe: audio_to_gpu=0.3ms, features=0.6ms, model=16.2ms, decode=12.8ms | TOTAL=29.9ms for 3000ms audio (RTF=0.01x)
[TIMING] stream_chunk[experiment-cd810cbd09dd48fba487abd10dc28447](live_neural): decode=0.2ms, inference=33.9ms, second_pass=0.0ms, contention=0.0ms, TOTAL=34.2ms | audio=600ms, RTF=0.06x | model=enhanced_mel, neural_total=33.4ms, model_inference=16.2ms
[TIMING] EnhancedMel.transcribe: audio_to_gpu=0.2ms, features=0.5ms, model=19.6ms, decode=10.5ms | TOTAL=30.9ms for 3000ms audio (RTF=0.01x)
[TIMING] stream_chunk[experiment-cd810cbd09dd48fba487abd10dc28447](live_neural): decode=0.2ms, inference=34.5ms, second_pass=0.0ms, contention=0.0ms, TOTAL=34.8ms | audio=600ms, RTF=0.06x | model=enhanced_mel, neural_total=33.9ms, model_inference=19.6ms
[TIMING] EnhancedMel.transcribe: audio_to_gpu=0.2ms, features=0.5ms, model=17.4ms, decode=7.1ms | TOTAL=25.2ms for 3000ms audio (RTF=0.01x)
[TIMING] stream_chunk[experiment-cd810cbd09dd48fba487abd10dc28447](live_neural): decode=0.1ms, inference=29.5ms, second_pass=0.0ms, contention=0.0ms, TOTAL=29.8ms | audio=600ms, RTF=0.05x | model=enhanced_mel, neural_total=29.1ms, model_inference=17.4ms
[TIMING] EnhancedMel.transcribe: audio_to_gpu=0.2ms, features=0.5ms, model=15.1ms, decode=1.6ms | TOTAL=17.4ms for 600ms audio (RTF=0.03x)
[TIMING] stream_chunk[experiment-93dc33392cbe4e88b9193c6aee1d4b98](live_neural): decode=0.2ms, inference=19.9ms, second_pass=0.0ms, contention=0.0ms, TOTAL=20.2ms | audio=600ms, RTF=0.03x | model=enhanced_mel, neural_total=19.4ms, model_inference=15.1ms
[TIMING] EnhancedMel.transcribe: audio_to_gpu=0.2ms, features=0.7ms, model=16.8ms, decode=2.9ms | TOTAL=20.6ms for 1200ms audio (RTF=0.02x)
[TIMING] stream_chunk[experiment-93dc33392cbe4e88b9193c6aee1d4b98](live_neural): decode=0.1ms, inference=22.2ms, second_pass=0.0ms, contention=0.0ms, TOTAL=22.4ms | audio=600ms, RTF=0.04x | model=enhanced_mel, neural_total=21.9ms, model_inference=16.8ms
[TIMING] EnhancedMel.transcribe: audio_to_gpu=0.2ms, features=0.6ms, model=15.6ms, decode=4.9ms | TOTAL=21.3ms for 1800ms audio (RTF=0.01x)
[TIMING] stream_chunk[experiment-93dc33392cbe4e88b9193c6aee1d4b98](live_neural): decode=0.1ms, inference=24.2ms, second_pass=0.0ms, contention=0.0ms, TOTAL=24.4ms | audio=600ms, RTF=0.04x | model=enhanced_mel, neural_total=23.7ms, model_inference=15.6ms
[TIMING] EnhancedMel.transcribe: audio_to_gpu=0.1ms, features=0.4ms, model=15.4ms, decode=5.5ms | TOTAL=21.5ms for 2400ms audio (RTF=0.01x)
[TIMING] stream_chunk[experiment-93dc33392cbe4e88b9193c6aee1d4b98](live_neural): decode=0.2ms, inference=24.6ms, second_pass=0.0ms, contention=0.0ms, TOTAL=24.9ms | audio=600ms, RTF=0.04x | model=enhanced_mel, neural_total=24.2ms, model_inference=15.4ms
[TIMING] EnhancedMel.transcribe: audio_to_gpu=0.4ms, features=0.8ms, model=17.5ms, decode=10.0ms | TOTAL=28.7ms for 3000ms audio (RTF=0.01x)
[TIMING] stream_chunk[experiment-93dc33392cbe4e88b9193c6aee1d4b98](live_neural): decode=0.3ms, inference=32.7ms, second_pass=0.0ms, contention=0.0ms, TOTAL=33.0ms | audio=600ms, RTF=0.06x | model=enhanced_mel, neural_total=31.9ms, model_inference=17.5ms
[TIMING] EnhancedMel.transcribe: audio_to_gpu=0.3ms, features=0.5ms, model=18.0ms, decode=7.2ms | TOTAL=26.0ms for 3000ms audio (RTF=0.01x)
[TIMING] stream_chunk[experiment-93dc33392cbe4e88b9193c6aee1d4b98](live_neural): decode=0.1ms, inference=29.3ms, second_pass=0.0ms, contention=0.0ms, TOTAL=29.6ms | audio=600ms, RTF=0.05x | model=enhanced_mel, neural_total=28.9ms, model_inference=18.0ms
[TIMING] EnhancedMel.transcribe: audio_to_gpu=0.3ms, features=0.6ms, model=20.8ms, decode=10.8ms | TOTAL=32.5ms for 3000ms audio (RTF=0.01x)
[TIMING] stream_chunk[experiment-93dc33392cbe4e88b9193c6aee1d4b98](live_neural): decode=0.1ms, inference=36.0ms, second_pass=0.0ms, contention=0.0ms, TOTAL=36.2ms | audio=600ms, RTF=0.06x | model=enhanced_mel, neural_total=35.6ms, model_inference=20.8ms
[TIMING] EnhancedMel.transcribe: audio_to_gpu=0.3ms, features=0.6ms, model=15.7ms, decode=7.0ms | TOTAL=23.5ms for 3000ms audio (RTF=0.01x)
[TIMING] stream_chunk[experiment-93dc33392cbe4e88b9193c6aee1d4b98](live_neural): decode=0.2ms, inference=27.8ms, second_pass=0.0ms, contention=0.0ms, TOTAL=28.1ms | audio=600ms, RTF=0.05x | model=enhanced_mel, neural_total=27.4ms, model_inference=15.7ms
[TIMING] EnhancedMel.transcribe: audio_to_gpu=0.4ms, features=0.6ms, model=17.9ms, decode=12.3ms | TOTAL=31.1ms for 3000ms audio (RTF=0.01x)
[TIMING] stream_chunk[experiment-93dc33392cbe4e88b9193c6aee1d4b98](live_neural): decode=0.2ms, inference=34.7ms, second_pass=0.0ms, contention=0.0ms, TOTAL=35.0ms | audio=600ms, RTF=0.06x | model=enhanced_mel, neural_total=34.2ms, model_inference=17.9ms
[TIMING] EnhancedMel.transcribe: audio_to_gpu=0.3ms, features=0.8ms, model=20.5ms, decode=8.7ms | TOTAL=30.3ms for 3000ms audio (RTF=0.01x)
[TIMING] stream_chunk[experiment-93dc33392cbe4e88b9193c6aee1d4b98](live_neural): decode=0.2ms, inference=35.6ms, second_pass=0.0ms, contention=0.0ms, TOTAL=35.9ms | audio=600ms, RTF=0.06x | model=enhanced_mel, neural_total=35.1ms, model_inference=20.5ms

[CLIP_011] Sonata No. 9, Op. 68, "Black Mass"
  excerpt: start=9.00s end=15.00s duration=6.00s gt_notes=16 rms=0.0125 peak=0.0693 crest=5.524 rms_std=0.0040
    control:
      note metrics: precision=0.727 recall=1.000 f1=0.842 matched=16/16 pred=22
      strict onset f1: 10ms=0.632 20ms=0.789 30ms=0.842
      timing metrics: offset_f1=0.105 rhythm_precision=0.125 note_value_acc=0.000 note_value_n=16 avg_beat_error=1.992
      duplicate metrics: duplicates=0 per_100_notes=0.00
      boundary metrics: gt=3 matched=3 missed=0 miss_rate=0.000
      latency: avg_chunk_ms=31.49 p95_chunk_ms=37.97 avg_rtf=0.053
      notation metrics: first_correct_ms=151.9 visible_p50_ms=426.8 visible_p95_ms=449.2 stabilize_p50_ms=2271.8 stabilize_p95_ms=2543.2 avg_revisions=2.00 matched=5 refined=5 snapshots=18
      algorithmic latency: first_correct_ms=122.7 visible_p50_ms=395.1 visible_p95_ms=418.1 stabilize_p50_ms=1943.5 stabilize_p95_ms=2212.1
      final display note metrics: precision=0.727 recall=1.000 f1=0.842 matched=16/16 pred=22
      final display strict onset f1: 10ms=0.632 20ms=0.789 30ms=0.842
      final display timing: offset_f1=0.105 rhythm_precision=0.125 note_value_acc=0.188 note_value_n=16 avg_beat_error=1.443
      final display structure: cluster_f1=0.700 onset_align_recall=1.000 avg_jaccard=1.000 exact=7/7 pred=13 over=0 under=0 pitch_conflicts=0 missed_gt=0
      threshold profiles: hit_rate=0.000 thresholds=[0.55] profiles={'fixed_baseline': 10}
    treatment:
      note metrics: precision=0.667 recall=1.000 f1=0.800 matched=16/16 pred=24
      strict onset f1: 10ms=0.600 20ms=0.750 30ms=0.800
      timing metrics: offset_f1=0.100 rhythm_precision=0.125 note_value_acc=0.000 note_value_n=16 avg_beat_error=1.992
      duplicate metrics: duplicates=0 per_100_notes=0.00
      boundary metrics: gt=3 matched=3 missed=0 miss_rate=0.000
      latency: avg_chunk_ms=28.98 p95_chunk_ms=36.08 avg_rtf=0.048
      notation metrics: first_correct_ms=147.5 visible_p50_ms=419.5 visible_p95_ms=445.4 stabilize_p50_ms=2348.7 stabilize_p95_ms=3656.2 avg_revisions=2.20 matched=5 refined=5 snapshots=17
      algorithmic latency: first_correct_ms=122.7 visible_p50_ms=395.1 visible_p95_ms=418.1 stabilize_p50_ms=1943.5 stabilize_p95_ms=2692.1
      final display note metrics: precision=0.667 recall=1.000 f1=0.800 matched=16/16 pred=24
      final display strict onset f1: 10ms=0.600 20ms=0.750 30ms=0.800
      final display timing: offset_f1=0.100 rhythm_precision=0.125 note_value_acc=0.062 note_value_n=16 avg_beat_error=1.698
      final display structure: cluster_f1=0.667 onset_align_recall=1.000 avg_jaccard=1.000 exact=7/7 pred=14 over=0 under=0 pitch_conflicts=0 missed_gt=0
      threshold profiles: hit_rate=1.000 thresholds=[0.51] profiles={'soft_sparse_recall': 10}
    delta treatment-control: precision=-0.061 recall=+0.000 f1=-0.042 offset_f1=-0.005 note_value_acc=+0.000 dup_per_100=+0.00 boundary_miss_rate=+0.000 p95_chunk_ms=-1.89 f1_10ms=-0.032 f1_20ms=-0.039 f1_30ms=-0.042 visible_p50_ms=-7.3 stabilize_p50_ms=+76.9 algo_visible_p50_ms=+0.0 algo_stabilize_p50_ms=+0.0 avg_revisions=+0.20 display_note_f1=-0.042 display_offset_f1=-0.005 display_cluster_f1=-0.033 display_cluster_jaccard=+0.000
    failure buckets: ['high_revision_slow_stabilization', 'note_value_offset_failure']
[TIMING] EnhancedMel.transcribe: audio_to_gpu=0.3ms, features=0.6ms, model=13.1ms, decode=2.0ms | TOTAL=16.0ms for 600ms audio (RTF=0.03x)
[TIMING] stream_chunk[experiment-a224605c278e439585bcae77cd389d56](live_neural): decode=0.2ms, inference=18.9ms, second_pass=0.0ms, contention=0.0ms, TOTAL=19.1ms | audio=600ms, RTF=0.03x | model=enhanced_mel, neural_total=18.3ms, model_inference=13.1ms
[TIMING] EnhancedMel.transcribe: audio_to_gpu=0.1ms, features=0.5ms, model=12.1ms, decode=2.5ms | TOTAL=15.3ms for 1200ms audio (RTF=0.01x)
[TIMING] stream_chunk[experiment-a224605c278e439585bcae77cd389d56](live_neural): decode=0.2ms, inference=17.9ms, second_pass=0.0ms, contention=0.0ms, TOTAL=18.3ms | audio=600ms, RTF=0.03x | model=enhanced_mel, neural_total=17.4ms, model_inference=12.1ms
[TIMING] EnhancedMel.transcribe: audio_to_gpu=0.1ms, features=0.4ms, model=16.1ms, decode=7.4ms | TOTAL=24.1ms for 1800ms audio (RTF=0.01x)
[TIMING] stream_chunk[experiment-a224605c278e439585bcae77cd389d56](live_neural): decode=0.2ms, inference=26.5ms, second_pass=0.0ms, contention=0.0ms, TOTAL=26.9ms | audio=600ms, RTF=0.04x | model=enhanced_mel, neural_total=26.0ms, model_inference=16.1ms
[TIMING] EnhancedMel.transcribe: audio_to_gpu=0.4ms, features=1.1ms, model=23.3ms, decode=6.3ms | TOTAL=31.1ms for 2400ms audio (RTF=0.01x)
[TIMING] stream_chunk[experiment-a224605c278e439585bcae77cd389d56](live_neural): decode=0.2ms, inference=34.8ms, second_pass=0.0ms, contention=0.0ms, TOTAL=35.2ms | audio=600ms, RTF=0.06x | model=enhanced_mel, neural_total=34.4ms, model_inference=23.3ms
[TIMING] EnhancedMel.transcribe: audio_to_gpu=0.4ms, features=0.6ms, model=14.0ms, decode=13.7ms | TOTAL=28.7ms for 3000ms audio (RTF=0.01x)
[TIMING] stream_chunk[experiment-a224605c278e439585bcae77cd389d56](live_neural): decode=0.1ms, inference=32.4ms, second_pass=0.0ms, contention=0.0ms, TOTAL=32.8ms | audio=600ms, RTF=0.05x | model=enhanced_mel, neural_total=32.0ms, model_inference=14.0ms
[TIMING] EnhancedMel.transcribe: audio_to_gpu=0.2ms, features=0.5ms, model=15.9ms, decode=14.0ms | TOTAL=30.7ms for 3000ms audio (RTF=0.01x)
[TIMING] stream_chunk[experiment-a224605c278e439585bcae77cd389d56](live_neural): decode=0.3ms, inference=33.5ms, second_pass=0.0ms, contention=0.0ms, TOTAL=33.9ms | audio=600ms, RTF=0.06x | model=enhanced_mel, neural_total=33.0ms, model_inference=15.9ms
[TIMING] EnhancedMel.transcribe: audio_to_gpu=0.4ms, features=0.8ms, model=23.5ms, decode=7.6ms | TOTAL=32.3ms for 3000ms audio (RTF=0.01x)
[TIMING] stream_chunk[experiment-a224605c278e439585bcae77cd389d56](live_neural): decode=0.3ms, inference=38.0ms, second_pass=0.0ms, contention=0.0ms, TOTAL=38.4ms | audio=600ms, RTF=0.06x | model=enhanced_mel, neural_total=37.4ms, model_inference=23.5ms
[TIMING] EnhancedMel.transcribe: audio_to_gpu=0.3ms, features=0.6ms, model=15.7ms, decode=7.2ms | TOTAL=23.7ms for 3000ms audio (RTF=0.01x)
[TIMING] stream_chunk[experiment-a224605c278e439585bcae77cd389d56](live_neural): decode=0.2ms, inference=27.4ms, second_pass=0.0ms, contention=0.0ms, TOTAL=27.8ms | audio=600ms, RTF=0.05x | model=enhanced_mel, neural_total=26.8ms, model_inference=15.7ms
[TIMING] EnhancedMel.transcribe: audio_to_gpu=0.6ms, features=0.6ms, model=19.9ms, decode=7.4ms | TOTAL=28.5ms for 3000ms audio (RTF=0.01x)
[TIMING] stream_chunk[experiment-a224605c278e439585bcae77cd389d56](live_neural): decode=0.2ms, inference=34.1ms, second_pass=0.0ms, contention=0.0ms, TOTAL=34.4ms | audio=600ms, RTF=0.06x | model=enhanced_mel, neural_total=33.6ms, model_inference=19.9ms
[TIMING] EnhancedMel.transcribe: audio_to_gpu=0.4ms, features=0.7ms, model=19.5ms, decode=8.9ms | TOTAL=29.5ms for 3000ms audio (RTF=0.01x)
[TIMING] stream_chunk[experiment-a224605c278e439585bcae77cd389d56](live_neural): decode=0.2ms, inference=34.0ms, second_pass=0.0ms, contention=0.0ms, TOTAL=34.3ms | audio=600ms, RTF=0.06x | model=enhanced_mel, neural_total=33.4ms, model_inference=19.5ms
[TIMING] EnhancedMel.transcribe: audio_to_gpu=0.9ms, features=0.7ms, model=14.7ms, decode=2.2ms | TOTAL=18.5ms for 600ms audio (RTF=0.03x)
[TIMING] stream_chunk[experiment-8411b5c134424081a18c157cc016ad84](live_neural): decode=0.2ms, inference=21.7ms, second_pass=0.0ms, contention=0.0ms, TOTAL=22.0ms | audio=600ms, RTF=0.04x | model=enhanced_mel, neural_total=21.2ms, model_inference=14.7ms
[TIMING] EnhancedMel.transcribe: audio_to_gpu=0.2ms, features=0.5ms, model=14.9ms, decode=3.6ms | TOTAL=19.2ms for 1200ms audio (RTF=0.02x)
[TIMING] stream_chunk[experiment-8411b5c134424081a18c157cc016ad84](live_neural): decode=0.2ms, inference=22.0ms, second_pass=0.0ms, contention=0.0ms, TOTAL=22.3ms | audio=600ms, RTF=0.04x | model=enhanced_mel, neural_total=21.6ms, model_inference=14.9ms
[TIMING] EnhancedMel.transcribe: audio_to_gpu=0.2ms, features=0.4ms, model=15.1ms, decode=5.2ms | TOTAL=20.9ms for 1800ms audio (RTF=0.01x)
[TIMING] stream_chunk[experiment-8411b5c134424081a18c157cc016ad84](live_neural): decode=0.2ms, inference=24.1ms, second_pass=0.0ms, contention=0.0ms, TOTAL=24.4ms | audio=600ms, RTF=0.04x | model=enhanced_mel, neural_total=23.6ms, model_inference=15.1ms
[TIMING] EnhancedMel.transcribe: audio_to_gpu=0.3ms, features=0.8ms, model=21.0ms, decode=7.8ms | TOTAL=29.9ms for 2400ms audio (RTF=0.01x)
[TIMING] stream_chunk[experiment-8411b5c134424081a18c157cc016ad84](live_neural): decode=0.2ms, inference=35.7ms, second_pass=0.0ms, contention=0.0ms, TOTAL=36.1ms | audio=600ms, RTF=0.06x | model=enhanced_mel, neural_total=35.1ms, model_inference=21.0ms
[TIMING] EnhancedMel.transcribe: audio_to_gpu=0.4ms, features=0.9ms, model=20.4ms, decode=10.7ms | TOTAL=32.4ms for 3000ms audio (RTF=0.01x)
[TIMING] stream_chunk[experiment-8411b5c134424081a18c157cc016ad84](live_neural): decode=0.3ms, inference=38.7ms, second_pass=0.0ms, contention=0.0ms, TOTAL=39.3ms | audio=600ms, RTF=0.07x | model=enhanced_mel, neural_total=38.0ms, model_inference=20.4ms
[TIMING] EnhancedMel.transcribe: audio_to_gpu=0.3ms, features=0.6ms, model=13.5ms, decode=6.2ms | TOTAL=20.6ms for 3000ms audio (RTF=0.01x)
[TIMING] stream_chunk[experiment-8411b5c134424081a18c157cc016ad84](live_neural): decode=0.2ms, inference=23.3ms, second_pass=0.0ms, contention=0.0ms, TOTAL=23.7ms | audio=600ms, RTF=0.04x | model=enhanced_mel, neural_total=22.9ms, model_inference=13.5ms
[TIMING] EnhancedMel.transcribe: audio_to_gpu=0.2ms, features=0.6ms, model=16.5ms, decode=7.9ms | TOTAL=25.2ms for 3000ms audio (RTF=0.01x)
[TIMING] stream_chunk[experiment-8411b5c134424081a18c157cc016ad84](live_neural): decode=0.1ms, inference=27.8ms, second_pass=0.0ms, contention=0.0ms, TOTAL=28.1ms | audio=600ms, RTF=0.05x | model=enhanced_mel, neural_total=27.3ms, model_inference=16.5ms
[TIMING] EnhancedMel.transcribe: audio_to_gpu=0.2ms, features=0.7ms, model=16.6ms, decode=8.1ms | TOTAL=25.6ms for 3000ms audio (RTF=0.01x)
[TIMING] stream_chunk[experiment-8411b5c134424081a18c157cc016ad84](live_neural): decode=0.3ms, inference=29.5ms, second_pass=0.0ms, contention=0.0ms, TOTAL=29.9ms | audio=600ms, RTF=0.05x | model=enhanced_mel, neural_total=29.1ms, model_inference=16.6ms
[TIMING] EnhancedMel.transcribe: audio_to_gpu=0.3ms, features=0.7ms, model=14.8ms, decode=5.9ms | TOTAL=21.6ms for 3000ms audio (RTF=0.01x)
[TIMING] stream_chunk[experiment-8411b5c134424081a18c157cc016ad84](live_neural): decode=0.2ms, inference=25.3ms, second_pass=0.0ms, contention=0.0ms, TOTAL=25.6ms | audio=600ms, RTF=0.04x | model=enhanced_mel, neural_total=24.9ms, model_inference=14.8ms
[TIMING] EnhancedMel.transcribe: audio_to_gpu=0.4ms, features=0.7ms, model=21.2ms, decode=10.7ms | TOTAL=33.1ms for 3000ms audio (RTF=0.01x)
[TIMING] stream_chunk[experiment-8411b5c134424081a18c157cc016ad84](live_neural): decode=0.1ms, inference=36.5ms, second_pass=0.0ms, contention=0.0ms, TOTAL=36.8ms | audio=600ms, RTF=0.06x | model=enhanced_mel, neural_total=36.0ms, model_inference=21.2ms

[CLIP_012] Entragete, Op.63
  excerpt: start=75.00s end=81.00s duration=6.00s gt_notes=50 rms=0.0549 peak=0.8432 crest=15.372 rms_std=0.0369
    control:
      note metrics: precision=0.840 recall=0.840 f1=0.840 matched=42/50 pred=50
      strict onset f1: 10ms=0.520 20ms=0.820 30ms=0.840
      timing metrics: offset_f1=0.760 rhythm_precision=0.905 note_value_acc=0.690 note_value_n=42 avg_beat_error=0.150
      duplicate metrics: duplicates=1 per_100_notes=2.00
      boundary metrics: gt=11 matched=9 missed=2 miss_rate=0.182
      latency: avg_chunk_ms=30.11 p95_chunk_ms=36.95 avg_rtf=0.050
      notation metrics: first_correct_ms=86.8 visible_p50_ms=320.3 visible_p95_ms=583.4 stabilize_p50_ms=583.4 stabilize_p95_ms=1416.2 avg_revisions=0.43 matched=21 refined=21 snapshots=17
      algorithmic latency: first_correct_ms=68.5 visible_p50_ms=293.5 visible_p95_ms=556.5 stabilize_p50_ms=556.5 stabilize_p95_ms=964.8
      final display note metrics: precision=0.854 recall=0.820 f1=0.837 matched=41/50 pred=48
      final display strict onset f1: 10ms=0.510 20ms=0.816 30ms=0.837
      final display timing: offset_f1=0.755 rhythm_precision=0.902 note_value_acc=0.512 note_value_n=41 avg_beat_error=0.172
      final display structure: cluster_f1=0.510 onset_align_recall=0.917 avg_jaccard=0.817 exact=13/24 pred=27 over=3 under=6 pitch_conflicts=0 missed_gt=2
      threshold profiles: hit_rate=0.000 thresholds=[0.55] profiles={'fixed_baseline': 10}
    treatment:
      note metrics: precision=0.830 recall=0.880 f1=0.854 matched=44/50 pred=53
      strict onset f1: 10ms=0.544 20ms=0.835 30ms=0.854
      timing metrics: offset_f1=0.777 rhythm_precision=0.909 note_value_acc=0.682 note_value_n=44 avg_beat_error=0.146
      duplicate metrics: duplicates=1 per_100_notes=1.89
      boundary metrics: gt=11 matched=9 missed=2 miss_rate=0.182
      latency: avg_chunk_ms=28.83 p95_chunk_ms=38.19 avg_rtf=0.048
      notation metrics: first_correct_ms=90.8 visible_p50_ms=317.9 visible_p95_ms=580.9 stabilize_p50_ms=824.4 stabilize_p95_ms=4813.9 avg_revisions=0.86 matched=21 refined=21 snapshots=17
      algorithmic latency: first_correct_ms=68.5 visible_p50_ms=293.5 visible_p95_ms=556.5 stabilize_p50_ms=668.5 stabilize_p95_ms=4371.1
      final display note metrics: precision=0.843 recall=0.860 f1=0.851 matched=43/50 pred=51
      final display strict onset f1: 10ms=0.554 20ms=0.832 30ms=0.851
      final display timing: offset_f1=0.792 rhythm_precision=0.930 note_value_acc=0.442 note_value_n=43 avg_beat_error=0.133
      final display structure: cluster_f1=0.538 onset_align_recall=0.917 avg_jaccard=0.844 exact=14/24 pred=28 over=3 under=5 pitch_conflicts=0 missed_gt=2
      threshold profiles: hit_rate=0.200 thresholds=[0.46, 0.51, 0.55] profiles={'baseline_nominal': 8, 'loud_dense_precision': 1, 'soft_sparse_recall': 1}
    delta treatment-control: precision=-0.010 recall=+0.040 f1=+0.014 offset_f1=+0.017 note_value_acc=-0.009 dup_per_100=-0.11 boundary_miss_rate=+0.000 p95_chunk_ms=+1.24 f1_10ms=+0.024 f1_20ms=+0.015 f1_30ms=+0.014 visible_p50_ms=-2.4 stabilize_p50_ms=+241.1 algo_visible_p50_ms=+0.0 algo_stabilize_p50_ms=+112.0 avg_revisions=+0.43 display_note_f1=+0.015 display_offset_f1=+0.037 display_cluster_f1=+0.029 display_cluster_jaccard=+0.027
    failure buckets: ['boundary_miss_failure']
      boundary diagnostics: missed=2 by_arm={'control': 2, 'treatment': 2} tags={'control_boundary_miss': 2, 'no_control_coarse_candidate': 2}
        miss: pitch=81 onset=1.704s boundary_delta_ms=-95.6 control_coarse=False treatment_coarse=False retro=n/a
        miss: pitch=98 onset=5.426s boundary_delta_ms=+25.8 control_coarse=False treatment_coarse=False retro=n/a
[TIMING] EnhancedMel.transcribe: audio_to_gpu=0.6ms, features=0.8ms, model=19.2ms, decode=2.6ms | TOTAL=23.3ms for 600ms audio (RTF=0.04x)
[TIMING] stream_chunk[experiment-1f0ae598bb1b4af696863761b383f227](live_neural): decode=0.2ms, inference=27.1ms, second_pass=0.0ms, contention=0.0ms, TOTAL=27.4ms | audio=600ms, RTF=0.05x | model=enhanced_mel, neural_total=26.4ms, model_inference=19.2ms
[TIMING] EnhancedMel.transcribe: audio_to_gpu=0.2ms, features=0.7ms, model=19.4ms, decode=3.0ms | TOTAL=23.3ms for 1200ms audio (RTF=0.02x)
[TIMING] stream_chunk[experiment-1f0ae598bb1b4af696863761b383f227](live_neural): decode=0.3ms, inference=27.2ms, second_pass=0.0ms, contention=0.0ms, TOTAL=27.6ms | audio=600ms, RTF=0.05x | model=enhanced_mel, neural_total=26.7ms, model_inference=19.4ms
[TIMING] EnhancedMel.transcribe: audio_to_gpu=0.2ms, features=0.4ms, model=16.0ms, decode=5.3ms | TOTAL=21.9ms for 1800ms audio (RTF=0.01x)
[TIMING] stream_chunk[experiment-1f0ae598bb1b4af696863761b383f227](live_neural): decode=0.2ms, inference=24.8ms, second_pass=0.0ms, contention=0.0ms, TOTAL=25.2ms | audio=600ms, RTF=0.04x | model=enhanced_mel, neural_total=24.2ms, model_inference=16.0ms
[TIMING] EnhancedMel.transcribe: audio_to_gpu=0.2ms, features=0.5ms, model=17.9ms, decode=8.9ms | TOTAL=27.5ms for 2400ms audio (RTF=0.01x)
[TIMING] stream_chunk[experiment-1f0ae598bb1b4af696863761b383f227](live_neural): decode=0.2ms, inference=30.8ms, second_pass=0.0ms, contention=0.0ms, TOTAL=31.1ms | audio=600ms, RTF=0.05x | model=enhanced_mel, neural_total=30.3ms, model_inference=17.9ms
[TIMING] EnhancedMel.transcribe: audio_to_gpu=0.2ms, features=0.6ms, model=14.7ms, decode=7.4ms | TOTAL=22.9ms for 3000ms audio (RTF=0.01x)
[TIMING] stream_chunk[experiment-1f0ae598bb1b4af696863761b383f227](live_neural): decode=0.3ms, inference=27.1ms, second_pass=0.0ms, contention=0.0ms, TOTAL=27.5ms | audio=600ms, RTF=0.05x | model=enhanced_mel, neural_total=26.6ms, model_inference=14.7ms
[TIMING] EnhancedMel.transcribe: audio_to_gpu=0.2ms, features=0.7ms, model=20.8ms, decode=9.2ms | TOTAL=31.0ms for 3000ms audio (RTF=0.01x)
[TIMING] stream_chunk[experiment-1f0ae598bb1b4af696863761b383f227](live_neural): decode=0.2ms, inference=36.2ms, second_pass=0.0ms, contention=0.0ms, TOTAL=36.7ms | audio=600ms, RTF=0.06x | model=enhanced_mel, neural_total=35.6ms, model_inference=20.8ms
[TIMING] EnhancedMel.transcribe: audio_to_gpu=0.3ms, features=0.6ms, model=17.4ms, decode=5.4ms | TOTAL=23.7ms for 3000ms audio (RTF=0.01x)
[TIMING] stream_chunk[experiment-1f0ae598bb1b4af696863761b383f227](live_neural): decode=0.1ms, inference=25.7ms, second_pass=0.0ms, contention=0.0ms, TOTAL=25.9ms | audio=600ms, RTF=0.04x | model=enhanced_mel, neural_total=25.4ms, model_inference=17.4ms
[TIMING] EnhancedMel.transcribe: audio_to_gpu=0.3ms, features=0.6ms, model=20.8ms, decode=12.3ms | TOTAL=34.0ms for 3000ms audio (RTF=0.01x)
[TIMING] stream_chunk[experiment-1f0ae598bb1b4af696863761b383f227](live_neural): decode=0.1ms, inference=37.7ms, second_pass=0.0ms, contention=0.0ms, TOTAL=38.0ms | audio=600ms, RTF=0.06x | model=enhanced_mel, neural_total=37.1ms, model_inference=20.8ms
[TIMING] EnhancedMel.transcribe: audio_to_gpu=0.3ms, features=0.7ms, model=20.3ms, decode=7.1ms | TOTAL=28.5ms for 3000ms audio (RTF=0.01x)
[TIMING] stream_chunk[experiment-1f0ae598bb1b4af696863761b383f227](live_neural): decode=0.2ms, inference=33.4ms, second_pass=0.0ms, contention=0.0ms, TOTAL=33.7ms | audio=600ms, RTF=0.06x | model=enhanced_mel, neural_total=33.1ms, model_inference=20.4ms
[TIMING] EnhancedMel.transcribe: audio_to_gpu=0.5ms, features=0.6ms, model=13.7ms, decode=10.2ms | TOTAL=24.9ms for 3000ms audio (RTF=0.01x)
[TIMING] stream_chunk[experiment-1f0ae598bb1b4af696863761b383f227](live_neural): decode=0.2ms, inference=31.7ms, second_pass=0.0ms, contention=0.0ms, TOTAL=32.0ms | audio=600ms, RTF=0.05x | model=enhanced_mel, neural_total=31.1ms, model_inference=13.7ms
[TIMING] EnhancedMel.transcribe: audio_to_gpu=0.3ms, features=0.6ms, model=17.1ms, decode=2.5ms | TOTAL=20.5ms for 600ms audio (RTF=0.03x)
[TIMING] stream_chunk[experiment-1c89b5d67e4b46cf89a4aa05376c6541](live_neural): decode=0.3ms, inference=23.4ms, second_pass=0.0ms, contention=0.0ms, TOTAL=23.7ms | audio=600ms, RTF=0.04x | model=enhanced_mel, neural_total=22.7ms, model_inference=17.1ms
[TIMING] EnhancedMel.transcribe: audio_to_gpu=0.2ms, features=0.6ms, model=13.6ms, decode=3.1ms | TOTAL=17.6ms for 1200ms audio (RTF=0.01x)
[TIMING] stream_chunk[experiment-1c89b5d67e4b46cf89a4aa05376c6541](live_neural): decode=0.3ms, inference=21.5ms, second_pass=0.0ms, contention=0.0ms, TOTAL=21.9ms | audio=600ms, RTF=0.04x | model=enhanced_mel, neural_total=21.0ms, model_inference=13.6ms
[TIMING] EnhancedMel.transcribe: audio_to_gpu=0.2ms, features=0.4ms, model=17.4ms, decode=4.4ms | TOTAL=22.4ms for 1800ms audio (RTF=0.01x)
[TIMING] stream_chunk[experiment-1c89b5d67e4b46cf89a4aa05376c6541](live_neural): decode=0.2ms, inference=25.7ms, second_pass=0.0ms, contention=0.0ms, TOTAL=26.0ms | audio=600ms, RTF=0.04x | model=enhanced_mel, neural_total=25.3ms, model_inference=17.4ms
[TIMING] EnhancedMel.transcribe: audio_to_gpu=0.2ms, features=2.3ms, model=14.0ms, decode=5.5ms | TOTAL=22.1ms for 2400ms audio (RTF=0.01x)
[TIMING] stream_chunk[experiment-1c89b5d67e4b46cf89a4aa05376c6541](live_neural): decode=0.1ms, inference=26.2ms, second_pass=0.0ms, contention=0.0ms, TOTAL=26.5ms | audio=600ms, RTF=0.04x | model=enhanced_mel, neural_total=25.7ms, model_inference=14.0ms
[TIMING] EnhancedMel.transcribe: audio_to_gpu=0.2ms, features=0.7ms, model=16.5ms, decode=6.8ms | TOTAL=24.2ms for 3000ms audio (RTF=0.01x)
[TIMING] stream_chunk[experiment-1c89b5d67e4b46cf89a4aa05376c6541](live_neural): decode=0.3ms, inference=27.7ms, second_pass=0.0ms, contention=0.0ms, TOTAL=28.1ms | audio=600ms, RTF=0.05x | model=enhanced_mel, neural_total=27.3ms, model_inference=16.5ms
[TIMING] EnhancedMel.transcribe: audio_to_gpu=0.3ms, features=4.8ms, model=16.1ms, decode=7.1ms | TOTAL=28.3ms for 3000ms audio (RTF=0.01x)
[TIMING] stream_chunk[experiment-1c89b5d67e4b46cf89a4aa05376c6541](live_neural): decode=0.2ms, inference=32.2ms, second_pass=0.0ms, contention=0.0ms, TOTAL=32.5ms | audio=600ms, RTF=0.05x | model=enhanced_mel, neural_total=31.8ms, model_inference=16.1ms
[TIMING] EnhancedMel.transcribe: audio_to_gpu=0.2ms, features=0.6ms, model=16.8ms, decode=7.2ms | TOTAL=24.9ms for 3000ms audio (RTF=0.01x)
[TIMING] stream_chunk[experiment-1c89b5d67e4b46cf89a4aa05376c6541](live_neural): decode=0.2ms, inference=28.3ms, second_pass=0.0ms, contention=0.0ms, TOTAL=28.6ms | audio=600ms, RTF=0.05x | model=enhanced_mel, neural_total=27.9ms, model_inference=16.8ms
[TIMING] EnhancedMel.transcribe: audio_to_gpu=0.2ms, features=0.6ms, model=15.9ms, decode=7.3ms | TOTAL=24.0ms for 3000ms audio (RTF=0.01x)
[TIMING] stream_chunk[experiment-1c89b5d67e4b46cf89a4aa05376c6541](live_neural): decode=0.2ms, inference=27.4ms, second_pass=0.0ms, contention=0.0ms, TOTAL=27.9ms | audio=600ms, RTF=0.05x | model=enhanced_mel, neural_total=27.0ms, model_inference=15.9ms
[TIMING] EnhancedMel.transcribe: audio_to_gpu=0.3ms, features=0.6ms, model=15.6ms, decode=7.6ms | TOTAL=24.2ms for 3000ms audio (RTF=0.01x)
[TIMING] stream_chunk[experiment-1c89b5d67e4b46cf89a4aa05376c6541](live_neural): decode=0.2ms, inference=27.6ms, second_pass=0.0ms, contention=0.0ms, TOTAL=27.9ms | audio=600ms, RTF=0.05x | model=enhanced_mel, neural_total=27.1ms, model_inference=15.6ms
[TIMING] EnhancedMel.transcribe: audio_to_gpu=0.3ms, features=0.5ms, model=16.9ms, decode=7.6ms | TOTAL=25.3ms for 3000ms audio (RTF=0.01x)
[TIMING] stream_chunk[experiment-1c89b5d67e4b46cf89a4aa05376c6541](live_neural): decode=0.2ms, inference=28.6ms, second_pass=0.0ms, contention=0.0ms, TOTAL=29.0ms | audio=600ms, RTF=0.05x | model=enhanced_mel, neural_total=28.2ms, model_inference=16.9ms

[CLIP_013] Sonata No. 9
  excerpt: start=0.00s end=6.00s duration=6.00s gt_notes=18 rms=0.0169 peak=0.0999 crest=5.898 rms_std=0.0093
    control:
      note metrics: precision=0.783 recall=1.000 f1=0.878 matched=18/18 pred=23
      strict onset f1: 10ms=0.780 20ms=0.878 30ms=0.878
      timing metrics: offset_f1=0.098 rhythm_precision=0.111 note_value_acc=0.056 note_value_n=18 avg_beat_error=1.580
      duplicate metrics: duplicates=0 per_100_notes=0.00
      boundary metrics: gt=1 matched=1 missed=0 miss_rate=0.000
      latency: avg_chunk_ms=30.51 p95_chunk_ms=37.44 avg_rtf=0.051
      notation metrics: first_correct_ms=158.5 visible_p50_ms=271.5 visible_p95_ms=410.8 stabilize_p50_ms=2500.6 stabilize_p95_ms=3653.1 avg_revisions=2.20 matched=5 refined=5 snapshots=17
      algorithmic latency: first_correct_ms=131.0 visible_p50_ms=245.6 visible_p95_ms=379.7 stabilize_p50_ms=2045.6 stabilize_p95_ms=3241.7
      final display note metrics: precision=0.783 recall=1.000 f1=0.878 matched=18/18 pred=23
      final display strict onset f1: 10ms=0.780 20ms=0.878 30ms=0.878
      final display timing: offset_f1=0.098 rhythm_precision=0.111 note_value_acc=0.000 note_value_n=18 avg_beat_error=1.359
      final display structure: cluster_f1=0.609 onset_align_recall=1.000 avg_jaccard=0.852 exact=7/9 pred=14 over=1 under=1 pitch_conflicts=0 missed_gt=0
      threshold profiles: hit_rate=0.000 thresholds=[0.55] profiles={'fixed_baseline': 10}
    treatment:
      note metrics: precision=0.783 recall=1.000 f1=0.878 matched=18/18 pred=23
      strict onset f1: 10ms=0.780 20ms=0.878 30ms=0.878
      timing metrics: offset_f1=0.098 rhythm_precision=0.111 note_value_acc=0.056 note_value_n=18 avg_beat_error=1.580
      duplicate metrics: duplicates=0 per_100_notes=0.00
      boundary metrics: gt=1 matched=1 missed=0 miss_rate=0.000
      latency: avg_chunk_ms=27.20 p95_chunk_ms=30.88 avg_rtf=0.045
      notation metrics: first_correct_ms=152.9 visible_p50_ms=274.1 visible_p95_ms=406.2 stabilize_p50_ms=2494.5 stabilize_p95_ms=3645.8 avg_revisions=2.20 matched=5 refined=5 snapshots=17
      algorithmic latency: first_correct_ms=131.0 visible_p50_ms=245.6 visible_p95_ms=379.7 stabilize_p50_ms=2045.6 stabilize_p95_ms=3241.7
      final display note metrics: precision=0.783 recall=1.000 f1=0.878 matched=18/18 pred=23
      final display strict onset f1: 10ms=0.780 20ms=0.878 30ms=0.878
      final display timing: offset_f1=0.098 rhythm_precision=0.111 note_value_acc=0.000 note_value_n=18 avg_beat_error=1.359
      final display structure: cluster_f1=0.609 onset_align_recall=1.000 avg_jaccard=0.852 exact=7/9 pred=14 over=1 under=1 pitch_conflicts=0 missed_gt=0
      threshold profiles: hit_rate=1.000 thresholds=[0.51] profiles={'soft_sparse_recall': 10}
    delta treatment-control: precision=+0.000 recall=+0.000 f1=+0.000 offset_f1=+0.000 note_value_acc=+0.000 dup_per_100=+0.00 boundary_miss_rate=+0.000 p95_chunk_ms=-6.56 f1_10ms=+0.000 f1_20ms=+0.000 f1_30ms=+0.000 visible_p50_ms=+2.7 stabilize_p50_ms=-6.0 algo_visible_p50_ms=+0.0 algo_stabilize_p50_ms=+0.0 avg_revisions=+0.00 display_note_f1=+0.000 display_offset_f1=+0.000 display_cluster_f1=+0.000 display_cluster_jaccard=+0.000
    failure buckets: ['runtime_only_win', 'high_revision_slow_stabilization', 'note_value_offset_failure']
[TIMING] EnhancedMel.transcribe: audio_to_gpu=0.5ms, features=0.6ms, model=15.0ms, decode=1.5ms | TOTAL=17.6ms for 600ms audio (RTF=0.03x)
[TIMING] stream_chunk[experiment-f3d28e34b7244b49908a655d24d7289c](live_neural): decode=0.3ms, inference=20.1ms, second_pass=0.0ms, contention=0.0ms, TOTAL=20.4ms | audio=600ms, RTF=0.03x | model=enhanced_mel, neural_total=19.5ms, model_inference=15.0ms
[TIMING] EnhancedMel.transcribe: audio_to_gpu=0.2ms, features=0.4ms, model=13.9ms, decode=3.1ms | TOTAL=17.6ms for 1200ms audio (RTF=0.01x)
[TIMING] stream_chunk[experiment-f3d28e34b7244b49908a655d24d7289c](live_neural): decode=0.2ms, inference=21.2ms, second_pass=0.0ms, contention=0.0ms, TOTAL=21.5ms | audio=600ms, RTF=0.04x | model=enhanced_mel, neural_total=20.7ms, model_inference=13.9ms
[TIMING] EnhancedMel.transcribe: audio_to_gpu=0.1ms, features=0.5ms, model=15.7ms, decode=4.1ms | TOTAL=20.4ms for 1800ms audio (RTF=0.01x)
[TIMING] stream_chunk[experiment-f3d28e34b7244b49908a655d24d7289c](live_neural): decode=0.2ms, inference=23.3ms, second_pass=0.0ms, contention=0.0ms, TOTAL=23.7ms | audio=600ms, RTF=0.04x | model=enhanced_mel, neural_total=22.8ms, model_inference=15.7ms
[TIMING] EnhancedMel.transcribe: audio_to_gpu=0.3ms, features=0.4ms, model=14.0ms, decode=5.5ms | TOTAL=20.3ms for 2400ms audio (RTF=0.01x)
[TIMING] stream_chunk[experiment-f3d28e34b7244b49908a655d24d7289c](live_neural): decode=0.2ms, inference=25.3ms, second_pass=0.0ms, contention=0.0ms, TOTAL=25.7ms | audio=600ms, RTF=0.04x | model=enhanced_mel, neural_total=24.9ms, model_inference=14.0ms
[TIMING] EnhancedMel.transcribe: audio_to_gpu=0.1ms, features=0.5ms, model=16.2ms, decode=8.3ms | TOTAL=25.1ms for 3000ms audio (RTF=0.01x)
[TIMING] stream_chunk[experiment-f3d28e34b7244b49908a655d24d7289c](live_neural): decode=0.2ms, inference=28.8ms, second_pass=0.0ms, contention=0.0ms, TOTAL=29.2ms | audio=600ms, RTF=0.05x | model=enhanced_mel, neural_total=28.2ms, model_inference=16.2ms
[TIMING] EnhancedMel.transcribe: audio_to_gpu=0.2ms, features=0.5ms, model=17.1ms, decode=7.5ms | TOTAL=25.3ms for 3000ms audio (RTF=0.01x)
[TIMING] stream_chunk[experiment-f3d28e34b7244b49908a655d24d7289c](live_neural): decode=0.2ms, inference=28.5ms, second_pass=0.0ms, contention=0.0ms, TOTAL=28.8ms | audio=600ms, RTF=0.05x | model=enhanced_mel, neural_total=28.1ms, model_inference=17.1ms
[TIMING] EnhancedMel.transcribe: audio_to_gpu=0.2ms, features=0.6ms, model=21.2ms, decode=8.1ms | TOTAL=30.1ms for 3000ms audio (RTF=0.01x)
[TIMING] stream_chunk[experiment-f3d28e34b7244b49908a655d24d7289c](live_neural): decode=0.2ms, inference=33.7ms, second_pass=0.0ms, contention=0.0ms, TOTAL=34.0ms | audio=600ms, RTF=0.06x | model=enhanced_mel, neural_total=33.3ms, model_inference=21.2ms
[TIMING] EnhancedMel.transcribe: audio_to_gpu=0.3ms, features=0.7ms, model=17.7ms, decode=7.0ms | TOTAL=25.6ms for 3000ms audio (RTF=0.01x)
[TIMING] stream_chunk[experiment-f3d28e34b7244b49908a655d24d7289c](live_neural): decode=0.2ms, inference=30.4ms, second_pass=0.0ms, contention=0.0ms, TOTAL=30.7ms | audio=600ms, RTF=0.05x | model=enhanced_mel, neural_total=29.8ms, model_inference=17.7ms
[TIMING] EnhancedMel.transcribe: audio_to_gpu=0.3ms, features=2.0ms, model=12.8ms, decode=5.1ms | TOTAL=20.2ms for 3000ms audio (RTF=0.01x)
[TIMING] stream_chunk[experiment-f3d28e34b7244b49908a655d24d7289c](live_neural): decode=0.2ms, inference=22.6ms, second_pass=0.0ms, contention=0.0ms, TOTAL=22.9ms | audio=600ms, RTF=0.04x | model=enhanced_mel, neural_total=22.2ms, model_inference=12.8ms
[TIMING] EnhancedMel.transcribe: audio_to_gpu=0.2ms, features=0.6ms, model=16.3ms, decode=8.1ms | TOTAL=25.2ms for 3000ms audio (RTF=0.01x)
[TIMING] stream_chunk[experiment-f3d28e34b7244b49908a655d24d7289c](live_neural): decode=0.1ms, inference=28.5ms, second_pass=0.0ms, contention=0.0ms, TOTAL=28.7ms | audio=600ms, RTF=0.05x | model=enhanced_mel, neural_total=28.1ms, model_inference=16.3ms
[TIMING] EnhancedMel.transcribe: audio_to_gpu=0.4ms, features=0.7ms, model=15.6ms, decode=1.5ms | TOTAL=18.3ms for 600ms audio (RTF=0.03x)
[TIMING] stream_chunk[experiment-4d249c71c4d84fdfa69098bd6e5a6f64](live_neural): decode=0.2ms, inference=19.8ms, second_pass=0.0ms, contention=0.0ms, TOTAL=20.0ms | audio=600ms, RTF=0.03x | model=enhanced_mel, neural_total=19.4ms, model_inference=15.6ms
[TIMING] EnhancedMel.transcribe: audio_to_gpu=0.2ms, features=0.4ms, model=13.7ms, decode=2.9ms | TOTAL=17.2ms for 1200ms audio (RTF=0.01x)
[TIMING] stream_chunk[experiment-4d249c71c4d84fdfa69098bd6e5a6f64](live_neural): decode=0.2ms, inference=20.0ms, second_pass=0.0ms, contention=0.0ms, TOTAL=20.3ms | audio=600ms, RTF=0.03x | model=enhanced_mel, neural_total=19.5ms, model_inference=13.7ms
[TIMING] EnhancedMel.transcribe: audio_to_gpu=0.2ms, features=2.8ms, model=18.4ms, decode=4.3ms | TOTAL=25.7ms for 1800ms audio (RTF=0.01x)
[TIMING] stream_chunk[experiment-4d249c71c4d84fdfa69098bd6e5a6f64](live_neural): decode=0.1ms, inference=28.6ms, second_pass=0.0ms, contention=0.0ms, TOTAL=28.8ms | audio=600ms, RTF=0.05x | model=enhanced_mel, neural_total=28.1ms, model_inference=18.4ms
[TIMING] EnhancedMel.transcribe: audio_to_gpu=0.4ms, features=0.6ms, model=17.5ms, decode=5.5ms | TOTAL=24.0ms for 2400ms audio (RTF=0.01x)
[TIMING] stream_chunk[experiment-4d249c71c4d84fdfa69098bd6e5a6f64](live_neural): decode=0.2ms, inference=27.7ms, second_pass=0.0ms, contention=0.0ms, TOTAL=28.1ms | audio=600ms, RTF=0.05x | model=enhanced_mel, neural_total=27.3ms, model_inference=17.5ms
[TIMING] EnhancedMel.transcribe: audio_to_gpu=0.3ms, features=0.6ms, model=15.1ms, decode=7.3ms | TOTAL=23.2ms for 3000ms audio (RTF=0.01x)
[TIMING] stream_chunk[experiment-4d249c71c4d84fdfa69098bd6e5a6f64](live_neural): decode=0.3ms, inference=26.8ms, second_pass=0.0ms, contention=0.0ms, TOTAL=27.3ms | audio=600ms, RTF=0.05x | model=enhanced_mel, neural_total=26.2ms, model_inference=15.1ms
[TIMING] EnhancedMel.transcribe: audio_to_gpu=0.2ms, features=1.7ms, model=19.4ms, decode=6.2ms | TOTAL=27.5ms for 3000ms audio (RTF=0.01x)
[TIMING] stream_chunk[experiment-4d249c71c4d84fdfa69098bd6e5a6f64](live_neural): decode=0.2ms, inference=31.3ms, second_pass=0.0ms, contention=0.0ms, TOTAL=31.5ms | audio=600ms, RTF=0.05x | model=enhanced_mel, neural_total=30.9ms, model_inference=19.4ms
[TIMING] EnhancedMel.transcribe: audio_to_gpu=0.3ms, features=0.7ms, model=19.9ms, decode=7.4ms | TOTAL=28.2ms for 3000ms audio (RTF=0.01x)
[TIMING] stream_chunk[experiment-4d249c71c4d84fdfa69098bd6e5a6f64](live_neural): decode=0.2ms, inference=33.2ms, second_pass=0.0ms, contention=0.0ms, TOTAL=33.5ms | audio=600ms, RTF=0.06x | model=enhanced_mel, neural_total=32.6ms, model_inference=19.9ms
[TIMING] EnhancedMel.transcribe: audio_to_gpu=0.3ms, features=0.6ms, model=14.2ms, decode=6.9ms | TOTAL=22.1ms for 3000ms audio (RTF=0.01x)
[TIMING] stream_chunk[experiment-4d249c71c4d84fdfa69098bd6e5a6f64](live_neural): decode=0.2ms, inference=24.9ms, second_pass=0.0ms, contention=0.0ms, TOTAL=25.2ms | audio=600ms, RTF=0.04x | model=enhanced_mel, neural_total=24.6ms, model_inference=14.2ms
[TIMING] EnhancedMel.transcribe: audio_to_gpu=0.3ms, features=0.7ms, model=15.9ms, decode=5.8ms | TOTAL=22.7ms for 3000ms audio (RTF=0.01x)
[TIMING] stream_chunk[experiment-4d249c71c4d84fdfa69098bd6e5a6f64](live_neural): decode=0.2ms, inference=26.5ms, second_pass=0.0ms, contention=0.0ms, TOTAL=26.9ms | audio=600ms, RTF=0.04x | model=enhanced_mel, neural_total=26.0ms, model_inference=15.9ms
[TIMING] EnhancedMel.transcribe: audio_to_gpu=0.2ms, features=0.6ms, model=13.1ms, decode=5.7ms | TOTAL=19.5ms for 3000ms audio (RTF=0.01x)
[TIMING] stream_chunk[experiment-4d249c71c4d84fdfa69098bd6e5a6f64](live_neural): decode=0.2ms, inference=23.1ms, second_pass=0.0ms, contention=0.0ms, TOTAL=23.4ms | audio=600ms, RTF=0.04x | model=enhanced_mel, neural_total=22.7ms, model_inference=13.1ms

[CLIP_014] Sonata No. 9
  excerpt: start=6.00s end=12.00s duration=6.00s gt_notes=18 rms=0.0208 peak=0.1336 crest=6.421 rms_std=0.0097
    control:
      note metrics: precision=0.667 recall=1.000 f1=0.800 matched=18/18 pred=27
      strict onset f1: 10ms=0.578 20ms=0.800 30ms=0.800
      timing metrics: offset_f1=0.222 rhythm_precision=0.278 note_value_acc=0.000 note_value_n=18 avg_beat_error=1.306
      duplicate metrics: duplicates=0 per_100_notes=0.00
      boundary metrics: gt=14 matched=14 missed=0 miss_rate=0.000
      latency: avg_chunk_ms=26.57 p95_chunk_ms=32.54 avg_rtf=0.044
      notation metrics: first_correct_ms=500.1 visible_p50_ms=559.6 visible_p95_ms=590.8 stabilize_p50_ms=1611.2 stabilize_p95_ms=3101.9 avg_revisions=2.00 matched=7 refined=7 snapshots=19
      algorithmic latency: first_correct_ms=471.4 visible_p50_ms=525.5 visible_p95_ms=561.6 stabilize_p50_ms=1125.5 stabilize_p95_ms=2601.5
      final display note metrics: precision=0.654 recall=0.944 f1=0.773 matched=17/18 pred=26
      final display strict onset f1: 10ms=0.591 20ms=0.773 30ms=0.773
      final display timing: offset_f1=0.227 rhythm_precision=0.294 note_value_acc=0.000 note_value_n=17 avg_beat_error=1.154
      final display structure: cluster_f1=0.348 onset_align_recall=1.000 avg_jaccard=0.741 exact=4/9 pred=14 over=3 under=0 pitch_conflicts=2 missed_gt=0
      threshold profiles: hit_rate=0.000 thresholds=[0.55] profiles={'fixed_baseline': 10}
    treatment:
      note metrics: precision=0.643 recall=1.000 f1=0.783 matched=18/18 pred=28
      strict onset f1: 10ms=0.565 20ms=0.783 30ms=0.783
      timing metrics: offset_f1=0.217 rhythm_precision=0.278 note_value_acc=0.000 note_value_n=18 avg_beat_error=1.306
      duplicate metrics: duplicates=0 per_100_notes=0.00
      boundary metrics: gt=14 matched=14 missed=0 miss_rate=0.000
      latency: avg_chunk_ms=26.50 p95_chunk_ms=32.64 avg_rtf=0.044
      notation metrics: first_correct_ms=494.7 visible_p50_ms=558.3 visible_p95_ms=588.7 stabilize_p50_ms=1610.7 stabilize_p95_ms=3102.7 avg_revisions=1.86 matched=7 refined=7 snapshots=18
      algorithmic latency: first_correct_ms=471.4 visible_p50_ms=525.5 visible_p95_ms=561.6 stabilize_p50_ms=1125.5 stabilize_p95_ms=2601.5
      final display note metrics: precision=0.630 recall=0.944 f1=0.756 matched=17/18 pred=27
      final display strict onset f1: 10ms=0.578 20ms=0.756 30ms=0.756
      final display timing: offset_f1=0.222 rhythm_precision=0.294 note_value_acc=0.000 note_value_n=17 avg_beat_error=1.154
      final display structure: cluster_f1=0.348 onset_align_recall=1.000 avg_jaccard=0.741 exact=4/9 pred=14 over=3 under=0 pitch_conflicts=2 missed_gt=0
      threshold profiles: hit_rate=0.600 thresholds=[0.51, 0.55] profiles={'baseline_nominal': 4, 'soft_sparse_recall': 6}
    delta treatment-control: precision=-0.024 recall=+0.000 f1=-0.017 offset_f1=-0.005 note_value_acc=+0.000 dup_per_100=+0.00 boundary_miss_rate=+0.000 p95_chunk_ms=+0.10 f1_10ms=-0.013 f1_20ms=-0.017 f1_30ms=-0.017 visible_p50_ms=-1.3 stabilize_p50_ms=-0.5 algo_visible_p50_ms=+0.0 algo_stabilize_p50_ms=+0.0 avg_revisions=-0.14 display_note_f1=-0.017 display_offset_f1=-0.005 display_cluster_f1=+0.000 display_cluster_jaccard=+0.000
    failure buckets: ['high_revision_slow_stabilization', 'note_value_offset_failure']
[TIMING] EnhancedMel.transcribe: audio_to_gpu=0.4ms, features=0.7ms, model=14.1ms, decode=2.1ms | TOTAL=17.2ms for 600ms audio (RTF=0.03x)
[TIMING] stream_chunk[experiment-083d8f0488df49a9afc7c681356e2cc9](live_neural): decode=0.2ms, inference=19.8ms, second_pass=0.0ms, contention=0.0ms, TOTAL=20.0ms | audio=600ms, RTF=0.03x | model=enhanced_mel, neural_total=19.3ms, model_inference=14.1ms
[TIMING] EnhancedMel.transcribe: audio_to_gpu=0.2ms, features=0.4ms, model=9.9ms, decode=4.1ms | TOTAL=14.6ms for 1200ms audio (RTF=0.01x)
[TIMING] stream_chunk[experiment-083d8f0488df49a9afc7c681356e2cc9](live_neural): decode=0.1ms, inference=17.0ms, second_pass=0.0ms, contention=0.0ms, TOTAL=17.3ms | audio=600ms, RTF=0.03x | model=enhanced_mel, neural_total=16.4ms, model_inference=9.9ms
[TIMING] EnhancedMel.transcribe: audio_to_gpu=0.2ms, features=4.9ms, model=20.4ms, decode=8.4ms | TOTAL=33.9ms for 1800ms audio (RTF=0.02x)
[TIMING] stream_chunk[experiment-083d8f0488df49a9afc7c681356e2cc9](live_neural): decode=0.2ms, inference=36.2ms, second_pass=0.0ms, contention=0.0ms, TOTAL=36.7ms | audio=600ms, RTF=0.06x | model=enhanced_mel, neural_total=35.8ms, model_inference=20.4ms
[TIMING] EnhancedMel.transcribe: audio_to_gpu=0.2ms, features=0.6ms, model=14.5ms, decode=6.9ms | TOTAL=22.2ms for 2400ms audio (RTF=0.01x)
[TIMING] stream_chunk[experiment-083d8f0488df49a9afc7c681356e2cc9](live_neural): decode=0.2ms, inference=26.7ms, second_pass=0.0ms, contention=0.0ms, TOTAL=27.1ms | audio=600ms, RTF=0.05x | model=enhanced_mel, neural_total=26.1ms, model_inference=14.5ms
[TIMING] EnhancedMel.transcribe: audio_to_gpu=0.3ms, features=4.8ms, model=15.3ms, decode=10.1ms | TOTAL=30.4ms for 3000ms audio (RTF=0.01x)
[TIMING] stream_chunk[experiment-083d8f0488df49a9afc7c681356e2cc9](live_neural): decode=0.1ms, inference=34.9ms, second_pass=0.0ms, contention=0.0ms, TOTAL=35.4ms | audio=600ms, RTF=0.06x | model=enhanced_mel, neural_total=34.2ms, model_inference=15.3ms
[TIMING] EnhancedMel.transcribe: audio_to_gpu=0.4ms, features=0.7ms, model=18.5ms, decode=12.8ms | TOTAL=32.5ms for 3000ms audio (RTF=0.01x)
[TIMING] stream_chunk[experiment-083d8f0488df49a9afc7c681356e2cc9](live_neural): decode=0.2ms, inference=35.8ms, second_pass=0.0ms, contention=0.0ms, TOTAL=36.4ms | audio=600ms, RTF=0.06x | model=enhanced_mel, neural_total=35.3ms, model_inference=18.5ms
[TIMING] EnhancedMel.transcribe: audio_to_gpu=0.4ms, features=0.7ms, model=16.1ms, decode=9.7ms | TOTAL=26.8ms for 3000ms audio (RTF=0.01x)
[TIMING] stream_chunk[experiment-083d8f0488df49a9afc7c681356e2cc9](live_neural): decode=0.2ms, inference=32.5ms, second_pass=0.0ms, contention=0.0ms, TOTAL=33.1ms | audio=600ms, RTF=0.06x | model=enhanced_mel, neural_total=31.9ms, model_inference=16.1ms
[TIMING] EnhancedMel.transcribe: audio_to_gpu=0.3ms, features=0.6ms, model=19.0ms, decode=9.8ms | TOTAL=29.7ms for 3000ms audio (RTF=0.01x)
[TIMING] stream_chunk[experiment-083d8f0488df49a9afc7c681356e2cc9](live_neural): decode=0.2ms, inference=33.6ms, second_pass=0.0ms, contention=0.0ms, TOTAL=34.0ms | audio=600ms, RTF=0.06x | model=enhanced_mel, neural_total=33.1ms, model_inference=19.0ms
[TIMING] EnhancedMel.transcribe: audio_to_gpu=0.4ms, features=0.6ms, model=15.8ms, decode=11.4ms | TOTAL=28.2ms for 3000ms audio (RTF=0.01x)
[TIMING] stream_chunk[experiment-083d8f0488df49a9afc7c681356e2cc9](live_neural): decode=0.2ms, inference=33.7ms, second_pass=0.0ms, contention=0.0ms, TOTAL=34.1ms | audio=600ms, RTF=0.06x | model=enhanced_mel, neural_total=33.2ms, model_inference=15.8ms
[TIMING] EnhancedMel.transcribe: audio_to_gpu=0.3ms, features=0.7ms, model=17.6ms, decode=6.9ms | TOTAL=25.5ms for 3000ms audio (RTF=0.01x)
[TIMING] stream_chunk[experiment-083d8f0488df49a9afc7c681356e2cc9](live_neural): decode=0.2ms, inference=29.5ms, second_pass=0.0ms, contention=0.0ms, TOTAL=30.0ms | audio=600ms, RTF=0.05x | model=enhanced_mel, neural_total=29.1ms, model_inference=17.6ms
[TIMING] EnhancedMel.transcribe: audio_to_gpu=0.4ms, features=0.5ms, model=13.5ms, decode=2.2ms | TOTAL=16.7ms for 600ms audio (RTF=0.03x)
[TIMING] stream_chunk[experiment-5f6536b3c8b84518bea2d8fa0ec0ecb8](live_neural): decode=0.2ms, inference=19.2ms, second_pass=0.0ms, contention=0.0ms, TOTAL=19.5ms | audio=600ms, RTF=0.03x | model=enhanced_mel, neural_total=18.8ms, model_inference=13.5ms
[TIMING] EnhancedMel.transcribe: audio_to_gpu=0.2ms, features=0.6ms, model=16.7ms, decode=5.0ms | TOTAL=22.5ms for 1200ms audio (RTF=0.02x)
[TIMING] stream_chunk[experiment-5f6536b3c8b84518bea2d8fa0ec0ecb8](live_neural): decode=0.1ms, inference=25.3ms, second_pass=0.0ms, contention=0.0ms, TOTAL=25.6ms | audio=600ms, RTF=0.04x | model=enhanced_mel, neural_total=24.8ms, model_inference=16.7ms
[TIMING] EnhancedMel.transcribe: audio_to_gpu=0.3ms, features=0.7ms, model=18.5ms, decode=8.3ms | TOTAL=27.8ms for 1800ms audio (RTF=0.02x)
[TIMING] stream_chunk[experiment-5f6536b3c8b84518bea2d8fa0ec0ecb8](live_neural): decode=0.2ms, inference=30.2ms, second_pass=0.0ms, contention=0.0ms, TOTAL=30.6ms | audio=600ms, RTF=0.05x | model=enhanced_mel, neural_total=29.7ms, model_inference=18.5ms
[TIMING] EnhancedMel.transcribe: audio_to_gpu=0.3ms, features=0.8ms, model=16.7ms, decode=8.9ms | TOTAL=26.7ms for 2400ms audio (RTF=0.01x)
[TIMING] stream_chunk[experiment-5f6536b3c8b84518bea2d8fa0ec0ecb8](live_neural): decode=0.2ms, inference=29.9ms, second_pass=0.0ms, contention=0.0ms, TOTAL=30.4ms | audio=600ms, RTF=0.05x | model=enhanced_mel, neural_total=29.4ms, model_inference=16.7ms
[TIMING] EnhancedMel.transcribe: audio_to_gpu=0.5ms, features=0.5ms, model=14.1ms, decode=6.0ms | TOTAL=21.0ms for 3000ms audio (RTF=0.01x)
[TIMING] stream_chunk[experiment-5f6536b3c8b84518bea2d8fa0ec0ecb8](live_neural): decode=0.2ms, inference=24.7ms, second_pass=0.0ms, contention=0.0ms, TOTAL=25.2ms | audio=600ms, RTF=0.04x | model=enhanced_mel, neural_total=24.3ms, model_inference=14.1ms
[TIMING] EnhancedMel.transcribe: audio_to_gpu=0.4ms, features=0.6ms, model=16.6ms, decode=15.3ms | TOTAL=32.9ms for 3000ms audio (RTF=0.01x)
[TIMING] stream_chunk[experiment-5f6536b3c8b84518bea2d8fa0ec0ecb8](live_neural): decode=0.1ms, inference=37.2ms, second_pass=0.0ms, contention=0.0ms, TOTAL=37.8ms | audio=600ms, RTF=0.06x | model=enhanced_mel, neural_total=36.7ms, model_inference=16.6ms
[TIMING] EnhancedMel.transcribe: audio_to_gpu=0.4ms, features=4.6ms, model=17.2ms, decode=10.6ms | TOTAL=32.8ms for 3000ms audio (RTF=0.01x)
[TIMING] stream_chunk[experiment-5f6536b3c8b84518bea2d8fa0ec0ecb8](live_neural): decode=0.2ms, inference=36.6ms, second_pass=0.0ms, contention=0.0ms, TOTAL=37.1ms | audio=600ms, RTF=0.06x | model=enhanced_mel, neural_total=36.1ms, model_inference=17.2ms
[TIMING] EnhancedMel.transcribe: audio_to_gpu=0.3ms, features=0.5ms, model=17.1ms, decode=9.3ms | TOTAL=27.3ms for 3000ms audio (RTF=0.01x)
[TIMING] stream_chunk[experiment-5f6536b3c8b84518bea2d8fa0ec0ecb8](live_neural): decode=0.2ms, inference=31.4ms, second_pass=0.0ms, contention=0.0ms, TOTAL=31.9ms | audio=600ms, RTF=0.05x | model=enhanced_mel, neural_total=30.7ms, model_inference=17.1ms
[TIMING] EnhancedMel.transcribe: audio_to_gpu=0.3ms, features=0.6ms, model=18.8ms, decode=12.3ms | TOTAL=32.1ms for 3000ms audio (RTF=0.01x)
[TIMING] stream_chunk[experiment-5f6536b3c8b84518bea2d8fa0ec0ecb8](live_neural): decode=1.0ms, inference=37.0ms, second_pass=0.0ms, contention=0.0ms, TOTAL=38.4ms | audio=600ms, RTF=0.06x | model=enhanced_mel, neural_total=36.2ms, model_inference=18.8ms
[TIMING] EnhancedMel.transcribe: audio_to_gpu=0.4ms, features=0.8ms, model=21.4ms, decode=14.2ms | TOTAL=36.8ms for 3000ms audio (RTF=0.01x)
[TIMING] stream_chunk[experiment-5f6536b3c8b84518bea2d8fa0ec0ecb8](live_neural): decode=0.3ms, inference=42.8ms, second_pass=0.0ms, contention=0.0ms, TOTAL=43.3ms | audio=600ms, RTF=0.07x | model=enhanced_mel, neural_total=42.2ms, model_inference=21.4ms

[CLIP_015] Concert Etude No. 2 "Gnomenreigen"
  excerpt: start=21.00s end=27.00s duration=6.00s gt_notes=182 rms=0.0327 peak=0.2179 crest=6.658 rms_std=0.0112
    control:
      note metrics: precision=0.929 recall=0.934 f1=0.932 matched=170/182 pred=183
      strict onset f1: 10ms=0.707 20ms=0.904 30ms=0.932
      timing metrics: offset_f1=0.926 rhythm_precision=0.994 note_value_acc=0.947 note_value_n=170 avg_beat_error=0.006
      duplicate metrics: duplicates=6 per_100_notes=3.28
      boundary metrics: gt=54 matched=50 missed=4 miss_rate=0.074
      latency: avg_chunk_ms=30.41 p95_chunk_ms=36.56 avg_rtf=0.051
      notation metrics: first_correct_ms=60.5 visible_p50_ms=335.7 visible_p95_ms=623.1 stabilize_p50_ms=1577.6 stabilize_p95_ms=2050.0 avg_revisions=1.80 matched=66 refined=66 snapshots=19
      algorithmic latency: first_correct_ms=26.6 visible_p50_ms=306.4 visible_p95_ms=588.4 stabilize_p50_ms=1040.8 stabilize_p95_ms=1932.2
      final display note metrics: precision=0.960 recall=0.934 f1=0.947 matched=170/182 pred=177
      final display strict onset f1: 10ms=0.713 20ms=0.914 30ms=0.942
      final display timing: offset_f1=0.942 rhythm_precision=0.994 note_value_acc=0.382 note_value_n=170 avg_beat_error=0.064
      final display structure: cluster_f1=0.414 onset_align_recall=0.859 avg_jaccard=0.773 exact=30/78 pred=67 over=20 under=15 pitch_conflicts=2 missed_gt=11
      threshold profiles: hit_rate=0.000 thresholds=[0.55] profiles={'fixed_baseline': 10}
    treatment:
      note metrics: precision=0.929 recall=0.934 f1=0.932 matched=170/182 pred=183
      strict onset f1: 10ms=0.707 20ms=0.904 30ms=0.932
      timing metrics: offset_f1=0.926 rhythm_precision=0.994 note_value_acc=0.947 note_value_n=170 avg_beat_error=0.006
      duplicate metrics: duplicates=6 per_100_notes=3.28
      boundary metrics: gt=54 matched=50 missed=4 miss_rate=0.074
      latency: avg_chunk_ms=31.98 p95_chunk_ms=41.08 avg_rtf=0.053
      notation metrics: first_correct_ms=58.5 visible_p50_ms=338.4 visible_p95_ms=621.4 stabilize_p50_ms=1573.6 stabilize_p95_ms=2043.2 avg_revisions=1.80 matched=66 refined=66 snapshots=19
      algorithmic latency: first_correct_ms=26.6 visible_p50_ms=306.4 visible_p95_ms=588.4 stabilize_p50_ms=1040.8 stabilize_p95_ms=1932.2
      final display note metrics: precision=0.960 recall=0.934 f1=0.947 matched=170/182 pred=177
      final display strict onset f1: 10ms=0.713 20ms=0.914 30ms=0.942
      final display timing: offset_f1=0.942 rhythm_precision=0.994 note_value_acc=0.382 note_value_n=170 avg_beat_error=0.064
      final display structure: cluster_f1=0.414 onset_align_recall=0.859 avg_jaccard=0.773 exact=30/78 pred=67 over=20 under=15 pitch_conflicts=2 missed_gt=11
      threshold profiles: hit_rate=0.100 thresholds=[0.51, 0.55] profiles={'baseline_nominal': 9, 'soft_sparse_recall': 1}
    delta treatment-control: precision=+0.000 recall=+0.000 f1=+0.000 offset_f1=+0.000 note_value_acc=+0.000 dup_per_100=+0.00 boundary_miss_rate=+0.000 p95_chunk_ms=+4.52 f1_10ms=+0.000 f1_20ms=+0.000 f1_30ms=+0.000 visible_p50_ms=+2.8 stabilize_p50_ms=-4.0 algo_visible_p50_ms=+0.0 algo_stabilize_p50_ms=+0.0 avg_revisions=+0.00 display_note_f1=+0.000 display_offset_f1=+0.000 display_cluster_f1=+0.000 display_cluster_jaccard=+0.000
    failure buckets: ['boundary_miss_failure', 'high_revision_slow_stabilization']
      boundary diagnostics: missed=4 by_arm={'control': 4, 'treatment': 4} tags={'control_boundary_miss': 4, 'control_timing_or_quantization_drift': 1, 'no_control_coarse_candidate': 3, 'treatment_candidate_not_retained': 1}
        miss: pitch=64 onset=0.512s boundary_delta_ms=-88.3 control_coarse=True treatment_coarse=True retro=n/a
        miss: pitch=84 onset=1.797s boundary_delta_ms=-3.1 control_coarse=False treatment_coarse=False retro=n/a
        miss: pitch=83 onset=1.801s boundary_delta_ms=+0.8 control_coarse=False treatment_coarse=False retro=n/a
        ... 1 more missed boundary notes in diagnostics JSON
[TIMING] EnhancedMel.transcribe: audio_to_gpu=0.7ms, features=0.7ms, model=21.9ms, decode=3.6ms | TOTAL=26.9ms for 600ms audio (RTF=0.04x)
[TIMING] stream_chunk[experiment-8a66a6021b6e4232845851d8cad56984](live_neural): decode=0.3ms, inference=29.8ms, second_pass=0.0ms, contention=0.0ms, TOTAL=30.2ms | audio=600ms, RTF=0.05x | model=enhanced_mel, neural_total=29.1ms, model_inference=21.9ms
[TIMING] EnhancedMel.transcribe: audio_to_gpu=0.2ms, features=0.5ms, model=19.7ms, decode=5.7ms | TOTAL=26.1ms for 1200ms audio (RTF=0.02x)
[TIMING] stream_chunk[experiment-8a66a6021b6e4232845851d8cad56984](live_neural): decode=0.2ms, inference=30.4ms, second_pass=0.0ms, contention=0.0ms, TOTAL=30.8ms | audio=600ms, RTF=0.05x | model=enhanced_mel, neural_total=29.9ms, model_inference=19.7ms
[TIMING] EnhancedMel.transcribe: audio_to_gpu=0.2ms, features=0.8ms, model=14.8ms, decode=7.4ms | TOTAL=23.2ms for 1800ms audio (RTF=0.01x)
[TIMING] stream_chunk[experiment-8a66a6021b6e4232845851d8cad56984](live_neural): decode=0.2ms, inference=27.3ms, second_pass=0.0ms, contention=0.0ms, TOTAL=27.8ms | audio=600ms, RTF=0.05x | model=enhanced_mel, neural_total=26.8ms, model_inference=14.8ms
[TIMING] EnhancedMel.transcribe: audio_to_gpu=0.3ms, features=0.6ms, model=15.8ms, decode=10.2ms | TOTAL=27.0ms for 2400ms audio (RTF=0.01x)
[TIMING] stream_chunk[experiment-8a66a6021b6e4232845851d8cad56984](live_neural): decode=0.3ms, inference=31.0ms, second_pass=0.0ms, contention=0.0ms, TOTAL=31.5ms | audio=600ms, RTF=0.05x | model=enhanced_mel, neural_total=30.3ms, model_inference=15.8ms
[TIMING] EnhancedMel.transcribe: audio_to_gpu=0.3ms, features=3.1ms, model=17.3ms, decode=15.7ms | TOTAL=36.5ms for 3000ms audio (RTF=0.01x)
[TIMING] stream_chunk[experiment-8a66a6021b6e4232845851d8cad56984](live_neural): decode=0.2ms, inference=42.5ms, second_pass=0.0ms, contention=0.0ms, TOTAL=43.1ms | audio=600ms, RTF=0.07x | model=enhanced_mel, neural_total=41.9ms, model_inference=17.3ms
[TIMING] EnhancedMel.transcribe: audio_to_gpu=0.4ms, features=3.5ms, model=16.2ms, decode=8.8ms | TOTAL=28.8ms for 3000ms audio (RTF=0.01x)
[TIMING] stream_chunk[experiment-8a66a6021b6e4232845851d8cad56984](live_neural): decode=0.2ms, inference=33.0ms, second_pass=0.0ms, contention=0.0ms, TOTAL=33.5ms | audio=600ms, RTF=0.06x | model=enhanced_mel, neural_total=32.4ms, model_inference=16.2ms
[TIMING] EnhancedMel.transcribe: audio_to_gpu=0.3ms, features=3.9ms, model=14.9ms, decode=8.7ms | TOTAL=27.8ms for 3000ms audio (RTF=0.01x)
[TIMING] stream_chunk[experiment-8a66a6021b6e4232845851d8cad56984](live_neural): decode=0.2ms, inference=32.4ms, second_pass=0.0ms, contention=0.0ms, TOTAL=32.8ms | audio=600ms, RTF=0.05x | model=enhanced_mel, neural_total=31.9ms, model_inference=14.9ms
[TIMING] EnhancedMel.transcribe: audio_to_gpu=0.4ms, features=0.6ms, model=17.3ms, decode=10.4ms | TOTAL=28.7ms for 3000ms audio (RTF=0.01x)
[TIMING] stream_chunk[experiment-8a66a6021b6e4232845851d8cad56984](live_neural): decode=0.2ms, inference=32.4ms, second_pass=0.0ms, contention=0.0ms, TOTAL=32.9ms | audio=600ms, RTF=0.05x | model=enhanced_mel, neural_total=31.9ms, model_inference=17.3ms
[TIMING] EnhancedMel.transcribe: audio_to_gpu=0.4ms, features=0.6ms, model=17.4ms, decode=10.3ms | TOTAL=28.7ms for 3000ms audio (RTF=0.01x)
[TIMING] stream_chunk[experiment-8a66a6021b6e4232845851d8cad56984](live_neural): decode=0.2ms, inference=32.0ms, second_pass=0.0ms, contention=0.0ms, TOTAL=32.5ms | audio=600ms, RTF=0.05x | model=enhanced_mel, neural_total=31.4ms, model_inference=17.4ms
[TIMING] EnhancedMel.transcribe: audio_to_gpu=0.3ms, features=0.6ms, model=16.9ms, decode=15.2ms | TOTAL=33.1ms for 3000ms audio (RTF=0.01x)
[TIMING] stream_chunk[experiment-8a66a6021b6e4232845851d8cad56984](live_neural): decode=0.3ms, inference=37.4ms, second_pass=0.0ms, contention=0.0ms, TOTAL=38.1ms | audio=600ms, RTF=0.06x | model=enhanced_mel, neural_total=36.6ms, model_inference=16.9ms
[TIMING] EnhancedMel.transcribe: audio_to_gpu=2.6ms, features=0.8ms, model=20.2ms, decode=3.1ms | TOTAL=26.7ms for 600ms audio (RTF=0.04x)
[TIMING] stream_chunk[experiment-e2092599c9f64ad4b7c24e7291d2d8af](live_neural): decode=0.2ms, inference=29.1ms, second_pass=0.0ms, contention=0.0ms, TOTAL=29.3ms | audio=600ms, RTF=0.05x | model=enhanced_mel, neural_total=28.6ms, model_inference=20.2ms
[TIMING] EnhancedMel.transcribe: audio_to_gpu=0.2ms, features=0.6ms, model=18.2ms, decode=3.8ms | TOTAL=22.8ms for 1200ms audio (RTF=0.02x)
[TIMING] stream_chunk[experiment-e2092599c9f64ad4b7c24e7291d2d8af](live_neural): decode=0.2ms, inference=26.5ms, second_pass=0.0ms, contention=0.0ms, TOTAL=26.9ms | audio=600ms, RTF=0.04x | model=enhanced_mel, neural_total=26.1ms, model_inference=18.2ms
[TIMING] EnhancedMel.transcribe: audio_to_gpu=0.4ms, features=0.6ms, model=17.0ms, decode=5.3ms | TOTAL=23.2ms for 1800ms audio (RTF=0.01x)
[TIMING] stream_chunk[experiment-e2092599c9f64ad4b7c24e7291d2d8af](live_neural): decode=0.3ms, inference=26.5ms, second_pass=0.0ms, contention=0.0ms, TOTAL=27.1ms | audio=600ms, RTF=0.05x | model=enhanced_mel, neural_total=25.9ms, model_inference=17.0ms
[TIMING] EnhancedMel.transcribe: audio_to_gpu=0.3ms, features=0.6ms, model=14.7ms, decode=5.5ms | TOTAL=21.0ms for 2400ms audio (RTF=0.01x)
[TIMING] stream_chunk[experiment-e2092599c9f64ad4b7c24e7291d2d8af](live_neural): decode=0.1ms, inference=24.4ms, second_pass=0.0ms, contention=0.0ms, TOTAL=24.8ms | audio=600ms, RTF=0.04x | model=enhanced_mel, neural_total=24.0ms, model_inference=14.7ms
[TIMING] EnhancedMel.transcribe: audio_to_gpu=0.4ms, features=0.6ms, model=16.2ms, decode=8.2ms | TOTAL=25.4ms for 3000ms audio (RTF=0.01x)
[TIMING] stream_chunk[experiment-e2092599c9f64ad4b7c24e7291d2d8af](live_neural): decode=0.2ms, inference=29.0ms, second_pass=0.0ms, contention=0.0ms, TOTAL=29.6ms | audio=600ms, RTF=0.05x | model=enhanced_mel, neural_total=28.5ms, model_inference=16.2ms
[TIMING] EnhancedMel.transcribe: audio_to_gpu=0.3ms, features=0.6ms, model=16.9ms, decode=10.1ms | TOTAL=27.9ms for 3000ms audio (RTF=0.01x)
[TIMING] stream_chunk[experiment-e2092599c9f64ad4b7c24e7291d2d8af](live_neural): decode=0.2ms, inference=32.2ms, second_pass=0.0ms, contention=0.0ms, TOTAL=32.6ms | audio=600ms, RTF=0.05x | model=enhanced_mel, neural_total=31.5ms, model_inference=16.9ms
[TIMING] EnhancedMel.transcribe: audio_to_gpu=0.4ms, features=0.8ms, model=14.5ms, decode=13.6ms | TOTAL=29.3ms for 3000ms audio (RTF=0.01x)
[TIMING] stream_chunk[experiment-e2092599c9f64ad4b7c24e7291d2d8af](live_neural): decode=0.2ms, inference=34.2ms, second_pass=0.0ms, contention=0.0ms, TOTAL=34.6ms | audio=600ms, RTF=0.06x | model=enhanced_mel, neural_total=33.5ms, model_inference=14.5ms
[TIMING] EnhancedMel.transcribe: audio_to_gpu=0.3ms, features=0.6ms, model=22.0ms, decode=9.4ms | TOTAL=32.4ms for 3000ms audio (RTF=0.01x)
[TIMING] stream_chunk[experiment-e2092599c9f64ad4b7c24e7291d2d8af](live_neural): decode=0.2ms, inference=36.3ms, second_pass=0.0ms, contention=0.0ms, TOTAL=36.8ms | audio=600ms, RTF=0.06x | model=enhanced_mel, neural_total=35.7ms, model_inference=22.0ms
[TIMING] EnhancedMel.transcribe: audio_to_gpu=0.5ms, features=0.7ms, model=16.5ms, decode=9.0ms | TOTAL=26.7ms for 3000ms audio (RTF=0.01x)
[TIMING] stream_chunk[experiment-e2092599c9f64ad4b7c24e7291d2d8af](live_neural): decode=0.2ms, inference=32.0ms, second_pass=0.0ms, contention=0.0ms, TOTAL=32.6ms | audio=600ms, RTF=0.05x | model=enhanced_mel, neural_total=31.4ms, model_inference=16.5ms
[TIMING] EnhancedMel.transcribe: audio_to_gpu=0.3ms, features=2.5ms, model=22.7ms, decode=5.8ms | TOTAL=31.4ms for 3000ms audio (RTF=0.01x)
[TIMING] stream_chunk[experiment-e2092599c9f64ad4b7c24e7291d2d8af](live_neural): decode=0.2ms, inference=36.2ms, second_pass=0.0ms, contention=0.0ms, TOTAL=36.6ms | audio=600ms, RTF=0.06x | model=enhanced_mel, neural_total=35.6ms, model_inference=22.7ms

[CLIP_016] Concert Etude "Gnomenreigen"
  excerpt: start=24.00s end=30.00s duration=6.00s gt_notes=169 rms=0.0769 peak=0.3682 crest=4.787 rms_std=0.0214
    control:
      note metrics: precision=0.882 recall=0.882 f1=0.882 matched=149/169 pred=169
      strict onset f1: 10ms=0.680 20ms=0.882 30ms=0.882
      timing metrics: offset_f1=0.781 rhythm_precision=0.886 note_value_acc=0.732 note_value_n=149 avg_beat_error=0.072
      duplicate metrics: duplicates=5 per_100_notes=2.96
      boundary metrics: gt=46 matched=42 missed=4 miss_rate=0.087
      latency: avg_chunk_ms=33.31 p95_chunk_ms=40.85 avg_rtf=0.055
      notation metrics: first_correct_ms=30.1 visible_p50_ms=336.1 visible_p95_ms=611.8 stabilize_p50_ms=1668.1 stabilize_p95_ms=2141.4 avg_revisions=1.86 matched=50 refined=50 snapshots=20
      algorithmic latency: first_correct_ms=0.0 visible_p50_ms=303.0 visible_p95_ms=579.1 stabilize_p50_ms=1145.3 stabilize_p95_ms=1655.8
      final display note metrics: precision=0.902 recall=0.870 f1=0.886 matched=147/169 pred=163
      final display strict onset f1: 10ms=0.675 20ms=0.873 30ms=0.880
      final display timing: offset_f1=0.783 rhythm_precision=0.884 note_value_acc=0.238 note_value_n=147 avg_beat_error=0.142
      final display structure: cluster_f1=0.557 onset_align_recall=0.892 avg_jaccard=0.799 exact=39/74 pred=66 over=12 under=11 pitch_conflicts=4 missed_gt=8
      threshold profiles: hit_rate=0.000 thresholds=[0.55] profiles={'fixed_baseline': 10}
    treatment:
      note metrics: precision=0.882 recall=0.882 f1=0.882 matched=149/169 pred=169
      strict onset f1: 10ms=0.680 20ms=0.882 30ms=0.882
      timing metrics: offset_f1=0.781 rhythm_precision=0.886 note_value_acc=0.732 note_value_n=149 avg_beat_error=0.072
      duplicate metrics: duplicates=5 per_100_notes=2.96
      boundary metrics: gt=46 matched=42 missed=4 miss_rate=0.087
      latency: avg_chunk_ms=31.09 p95_chunk_ms=36.71 avg_rtf=0.052
      notation metrics: first_correct_ms=30.2 visible_p50_ms=336.6 visible_p95_ms=612.7 stabilize_p50_ms=1667.4 stabilize_p95_ms=2141.9 avg_revisions=1.86 matched=50 refined=50 snapshots=20
      algorithmic latency: first_correct_ms=0.0 visible_p50_ms=303.0 visible_p95_ms=579.1 stabilize_p50_ms=1145.3 stabilize_p95_ms=1655.8
      final display note metrics: precision=0.902 recall=0.870 f1=0.886 matched=147/169 pred=163
      final display strict onset f1: 10ms=0.675 20ms=0.873 30ms=0.880
      final display timing: offset_f1=0.783 rhythm_precision=0.884 note_value_acc=0.238 note_value_n=147 avg_beat_error=0.142
      final display structure: cluster_f1=0.557 onset_align_recall=0.892 avg_jaccard=0.799 exact=39/74 pred=66 over=12 under=11 pitch_conflicts=4 missed_gt=8
      threshold profiles: hit_rate=0.000 thresholds=[0.55] profiles={'baseline_nominal': 10}
    delta treatment-control: precision=+0.000 recall=+0.000 f1=+0.000 offset_f1=+0.000 note_value_acc=+0.000 dup_per_100=+0.00 boundary_miss_rate=+0.000 p95_chunk_ms=-4.14 f1_10ms=+0.000 f1_20ms=+0.000 f1_30ms=+0.000 visible_p50_ms=+0.5 stabilize_p50_ms=-0.7 algo_visible_p50_ms=+0.0 algo_stabilize_p50_ms=+0.0 avg_revisions=+0.00 display_note_f1=+0.000 display_offset_f1=+0.000 display_cluster_f1=+0.000 display_cluster_jaccard=+0.000
    failure buckets: ['runtime_only_win', 'boundary_miss_failure', 'high_revision_slow_stabilization']
      boundary diagnostics: missed=4 by_arm={'control': 4, 'treatment': 4} tags={'control_boundary_miss': 4, 'no_control_coarse_candidate': 4}
        miss: pitch=81 onset=3.046s boundary_delta_ms=+45.6 control_coarse=False treatment_coarse=False retro=n/a
        miss: pitch=75 onset=3.557s boundary_delta_ms=-42.7 control_coarse=False treatment_coarse=False retro=n/a
        miss: pitch=69 onset=4.719s boundary_delta_ms=-81.2 control_coarse=False treatment_coarse=False retro=n/a
        ... 1 more missed boundary notes in diagnostics JSON
[TIMING] EnhancedMel.transcribe: audio_to_gpu=0.4ms, features=0.8ms, model=19.8ms, decode=5.0ms | TOTAL=26.1ms for 600ms audio (RTF=0.04x)
[TIMING] stream_chunk[experiment-5209576a739746c895a87281d6595fc2](live_neural): decode=0.3ms, inference=30.1ms, second_pass=0.0ms, contention=0.0ms, TOTAL=30.5ms | audio=600ms, RTF=0.05x | model=enhanced_mel, neural_total=29.4ms, model_inference=19.8ms
[TIMING] EnhancedMel.transcribe: audio_to_gpu=0.2ms, features=0.6ms, model=16.6ms, decode=4.0ms | TOTAL=21.3ms for 1200ms audio (RTF=0.02x)
[TIMING] stream_chunk[experiment-5209576a739746c895a87281d6595fc2](live_neural): decode=0.3ms, inference=24.5ms, second_pass=0.0ms, contention=0.0ms, TOTAL=24.9ms | audio=600ms, RTF=0.04x | model=enhanced_mel, neural_total=24.0ms, model_inference=16.6ms
[TIMING] EnhancedMel.transcribe: audio_to_gpu=0.2ms, features=0.6ms, model=18.8ms, decode=5.7ms | TOTAL=25.3ms for 1800ms audio (RTF=0.01x)
[TIMING] stream_chunk[experiment-5209576a739746c895a87281d6595fc2](live_neural): decode=0.2ms, inference=29.3ms, second_pass=0.0ms, contention=0.0ms, TOTAL=29.7ms | audio=600ms, RTF=0.05x | model=enhanced_mel, neural_total=28.9ms, model_inference=18.8ms
[TIMING] EnhancedMel.transcribe: audio_to_gpu=0.4ms, features=0.6ms, model=17.3ms, decode=5.6ms | TOTAL=23.9ms for 2400ms audio (RTF=0.01x)
[TIMING] stream_chunk[experiment-5209576a739746c895a87281d6595fc2](live_neural): decode=0.2ms, inference=27.3ms, second_pass=0.0ms, contention=0.0ms, TOTAL=27.6ms | audio=600ms, RTF=0.05x | model=enhanced_mel, neural_total=27.0ms, model_inference=17.3ms
[TIMING] EnhancedMel.transcribe: audio_to_gpu=0.3ms, features=0.5ms, model=16.7ms, decode=10.3ms | TOTAL=27.7ms for 3000ms audio (RTF=0.01x)
[TIMING] stream_chunk[experiment-5209576a739746c895a87281d6595fc2](live_neural): decode=0.2ms, inference=30.6ms, second_pass=0.0ms, contention=0.0ms, TOTAL=31.3ms | audio=600ms, RTF=0.05x | model=enhanced_mel, neural_total=30.2ms, model_inference=16.7ms
[TIMING] EnhancedMel.transcribe: audio_to_gpu=0.3ms, features=0.8ms, model=21.0ms, decode=10.0ms | TOTAL=32.1ms for 3000ms audio (RTF=0.01x)
[TIMING] stream_chunk[experiment-5209576a739746c895a87281d6595fc2](live_neural): decode=0.3ms, inference=37.9ms, second_pass=0.0ms, contention=0.0ms, TOTAL=38.5ms | audio=600ms, RTF=0.06x | model=enhanced_mel, neural_total=37.3ms, model_inference=21.0ms
[TIMING] EnhancedMel.transcribe: audio_to_gpu=0.4ms, features=0.6ms, model=16.4ms, decode=9.9ms | TOTAL=27.2ms for 3000ms audio (RTF=0.01x)
[TIMING] stream_chunk[experiment-5209576a739746c895a87281d6595fc2](live_neural): decode=0.1ms, inference=30.0ms, second_pass=0.0ms, contention=0.0ms, TOTAL=30.4ms | audio=600ms, RTF=0.05x | model=enhanced_mel, neural_total=29.4ms, model_inference=16.4ms
[TIMING] EnhancedMel.transcribe: audio_to_gpu=0.3ms, features=0.6ms, model=16.7ms, decode=9.6ms | TOTAL=27.2ms for 3000ms audio (RTF=0.01x)
[TIMING] stream_chunk[experiment-5209576a739746c895a87281d6595fc2](live_neural): decode=0.2ms, inference=31.1ms, second_pass=0.0ms, contention=0.0ms, TOTAL=31.5ms | audio=600ms, RTF=0.05x | model=enhanced_mel, neural_total=30.5ms, model_inference=16.7ms
[TIMING] EnhancedMel.transcribe: audio_to_gpu=1.4ms, features=0.6ms, model=13.9ms, decode=9.6ms | TOTAL=25.5ms for 3000ms audio (RTF=0.01x)
[TIMING] stream_chunk[experiment-5209576a739746c895a87281d6595fc2](live_neural): decode=0.2ms, inference=29.7ms, second_pass=0.0ms, contention=0.0ms, TOTAL=30.2ms | audio=600ms, RTF=0.05x | model=enhanced_mel, neural_total=28.9ms, model_inference=13.9ms
[TIMING] EnhancedMel.transcribe: audio_to_gpu=0.3ms, features=0.9ms, model=15.1ms, decode=9.1ms | TOTAL=25.5ms for 3000ms audio (RTF=0.01x)
[TIMING] stream_chunk[experiment-5209576a739746c895a87281d6595fc2](live_neural): decode=0.2ms, inference=29.8ms, second_pass=0.0ms, contention=0.0ms, TOTAL=30.3ms | audio=600ms, RTF=0.05x | model=enhanced_mel, neural_total=28.9ms, model_inference=15.1ms
[TIMING] EnhancedMel.transcribe: audio_to_gpu=0.4ms, features=0.7ms, model=20.7ms, decode=3.5ms | TOTAL=25.2ms for 600ms audio (RTF=0.04x)
[TIMING] stream_chunk[experiment-7a2c95d3e1fc4c9db5a4f92896abfecc](live_neural): decode=0.2ms, inference=27.7ms, second_pass=0.0ms, contention=0.0ms, TOTAL=28.0ms | audio=600ms, RTF=0.05x | model=enhanced_mel, neural_total=27.2ms, model_inference=20.7ms
[TIMING] EnhancedMel.transcribe: audio_to_gpu=0.2ms, features=0.4ms, model=18.1ms, decode=5.6ms | TOTAL=24.3ms for 1200ms audio (RTF=0.02x)
[TIMING] stream_chunk[experiment-7a2c95d3e1fc4c9db5a4f92896abfecc](live_neural): decode=0.2ms, inference=27.2ms, second_pass=0.0ms, contention=0.0ms, TOTAL=27.6ms | audio=600ms, RTF=0.05x | model=enhanced_mel, neural_total=26.6ms, model_inference=18.1ms
[TIMING] EnhancedMel.transcribe: audio_to_gpu=0.3ms, features=0.7ms, model=18.7ms, decode=7.1ms | TOTAL=26.8ms for 1800ms audio (RTF=0.01x)
[TIMING] stream_chunk[experiment-7a2c95d3e1fc4c9db5a4f92896abfecc](live_neural): decode=0.2ms, inference=30.1ms, second_pass=0.0ms, contention=0.0ms, TOTAL=30.4ms | audio=600ms, RTF=0.05x | model=enhanced_mel, neural_total=29.7ms, model_inference=18.7ms
[TIMING] EnhancedMel.transcribe: audio_to_gpu=0.3ms, features=0.5ms, model=27.4ms, decode=12.1ms | TOTAL=40.4ms for 2400ms audio (RTF=0.02x)
[TIMING] stream_chunk[experiment-7a2c95d3e1fc4c9db5a4f92896abfecc](live_neural): decode=0.2ms, inference=45.3ms, second_pass=0.0ms, contention=0.0ms, TOTAL=45.8ms | audio=600ms, RTF=0.08x | model=enhanced_mel, neural_total=44.7ms, model_inference=27.4ms
[TIMING] EnhancedMel.transcribe: audio_to_gpu=0.3ms, features=2.2ms, model=20.9ms, decode=9.3ms | TOTAL=32.7ms for 3000ms audio (RTF=0.01x)
[TIMING] stream_chunk[experiment-7a2c95d3e1fc4c9db5a4f92896abfecc](live_neural): decode=0.2ms, inference=38.2ms, second_pass=0.0ms, contention=0.0ms, TOTAL=38.8ms | audio=600ms, RTF=0.06x | model=enhanced_mel, neural_total=37.7ms, model_inference=20.9ms
[TIMING] EnhancedMel.transcribe: audio_to_gpu=0.5ms, features=0.8ms, model=19.1ms, decode=8.7ms | TOTAL=29.1ms for 3000ms audio (RTF=0.01x)
[TIMING] stream_chunk[experiment-7a2c95d3e1fc4c9db5a4f92896abfecc](live_neural): decode=0.2ms, inference=33.4ms, second_pass=0.0ms, contention=0.0ms, TOTAL=34.0ms | audio=600ms, RTF=0.06x | model=enhanced_mel, neural_total=32.8ms, model_inference=19.1ms
[TIMING] EnhancedMel.transcribe: audio_to_gpu=0.2ms, features=0.5ms, model=17.9ms, decode=8.0ms | TOTAL=26.6ms for 3000ms audio (RTF=0.01x)
[TIMING] stream_chunk[experiment-7a2c95d3e1fc4c9db5a4f92896abfecc](live_neural): decode=0.3ms, inference=30.8ms, second_pass=0.0ms, contention=0.0ms, TOTAL=31.4ms | audio=600ms, RTF=0.05x | model=enhanced_mel, neural_total=30.3ms, model_inference=17.9ms
[TIMING] EnhancedMel.transcribe: audio_to_gpu=0.3ms, features=0.7ms, model=17.5ms, decode=9.7ms | TOTAL=28.1ms for 3000ms audio (RTF=0.01x)
[TIMING] stream_chunk[experiment-7a2c95d3e1fc4c9db5a4f92896abfecc](live_neural): decode=0.2ms, inference=32.4ms, second_pass=0.0ms, contention=0.0ms, TOTAL=33.0ms | audio=600ms, RTF=0.05x | model=enhanced_mel, neural_total=31.9ms, model_inference=17.5ms
[TIMING] EnhancedMel.transcribe: audio_to_gpu=0.3ms, features=3.1ms, model=19.7ms, decode=10.5ms | TOTAL=33.5ms for 3000ms audio (RTF=0.01x)
[TIMING] stream_chunk[experiment-7a2c95d3e1fc4c9db5a4f92896abfecc](live_neural): decode=0.2ms, inference=37.4ms, second_pass=0.0ms, contention=0.0ms, TOTAL=38.0ms | audio=600ms, RTF=0.06x | model=enhanced_mel, neural_total=36.8ms, model_inference=19.7ms
[TIMING] EnhancedMel.transcribe: audio_to_gpu=0.4ms, features=0.8ms, model=15.7ms, decode=8.7ms | TOTAL=25.5ms for 3000ms audio (RTF=0.01x)
[TIMING] stream_chunk[experiment-7a2c95d3e1fc4c9db5a4f92896abfecc](live_neural): decode=0.2ms, inference=29.7ms, second_pass=0.0ms, contention=0.0ms, TOTAL=30.1ms | audio=600ms, RTF=0.05x | model=enhanced_mel, neural_total=29.1ms, model_inference=15.7ms

[CLIP_017] Pour le piano (Complete)
  excerpt: start=51.00s end=57.00s duration=6.00s gt_notes=197 rms=0.0898 peak=0.4396 crest=4.895 rms_std=0.0142
    control:
      note metrics: precision=0.784 recall=0.848 f1=0.815 matched=167/197 pred=213
      strict onset f1: 10ms=0.615 20ms=0.810 30ms=0.815
      timing metrics: offset_f1=0.800 rhythm_precision=0.976 note_value_acc=0.539 note_value_n=167 avg_beat_error=0.054
      duplicate metrics: duplicates=25 per_100_notes=11.74
      boundary metrics: gt=67 matched=63 missed=4 miss_rate=0.060
      latency: avg_chunk_ms=30.49 p95_chunk_ms=35.37 avg_rtf=0.051
      notation metrics: first_correct_ms=55.2 visible_p50_ms=338.6 visible_p95_ms=597.6 stabilize_p50_ms=1925.4 stabilize_p95_ms=3289.5 avg_revisions=2.38 matched=24 refined=24 snapshots=19
      algorithmic latency: first_correct_ms=24.0 visible_p50_ms=307.8 visible_p95_ms=564.6 stabilize_p50_ms=1746.4 stabilize_p95_ms=2855.1
      final display note metrics: precision=0.896 recall=0.827 f1=0.860 matched=163/197 pred=182
      final display strict onset f1: 10ms=0.623 20ms=0.855 30ms=0.860
      final display timing: offset_f1=0.834 rhythm_precision=0.969 note_value_acc=0.380 note_value_n=163 avg_beat_error=0.119
      final display structure: cluster_f1=0.128 onset_align_recall=0.829 avg_jaccard=0.747 exact=5/41 pred=37 over=7 under=15 pitch_conflicts=7 missed_gt=7
      threshold profiles: hit_rate=0.000 thresholds=[0.55] profiles={'fixed_baseline': 10}
    treatment:
      note metrics: precision=0.784 recall=0.848 f1=0.815 matched=167/197 pred=213
      strict onset f1: 10ms=0.615 20ms=0.810 30ms=0.815
      timing metrics: offset_f1=0.800 rhythm_precision=0.976 note_value_acc=0.539 note_value_n=167 avg_beat_error=0.054
      duplicate metrics: duplicates=25 per_100_notes=11.74
      boundary metrics: gt=67 matched=63 missed=4 miss_rate=0.060
      latency: avg_chunk_ms=33.72 p95_chunk_ms=42.66 avg_rtf=0.056
      notation metrics: first_correct_ms=62.8 visible_p50_ms=346.2 visible_p95_ms=597.7 stabilize_p50_ms=1932.4 stabilize_p95_ms=3306.4 avg_revisions=2.38 matched=24 refined=24 snapshots=19
      algorithmic latency: first_correct_ms=24.0 visible_p50_ms=307.8 visible_p95_ms=564.6 stabilize_p50_ms=1746.4 stabilize_p95_ms=2855.1
      final display note metrics: precision=0.896 recall=0.827 f1=0.860 matched=163/197 pred=182
      final display strict onset f1: 10ms=0.623 20ms=0.855 30ms=0.860
      final display timing: offset_f1=0.834 rhythm_precision=0.969 note_value_acc=0.380 note_value_n=163 avg_beat_error=0.119
      final display structure: cluster_f1=0.128 onset_align_recall=0.829 avg_jaccard=0.747 exact=5/41 pred=37 over=7 under=15 pitch_conflicts=7 missed_gt=7
      threshold profiles: hit_rate=0.000 thresholds=[0.55] profiles={'baseline_nominal': 10}
    delta treatment-control: precision=+0.000 recall=+0.000 f1=+0.000 offset_f1=+0.000 note_value_acc=+0.000 dup_per_100=+0.00 boundary_miss_rate=+0.000 p95_chunk_ms=+7.28 f1_10ms=+0.000 f1_20ms=+0.000 f1_30ms=+0.000 visible_p50_ms=+7.7 stabilize_p50_ms=+7.0 algo_visible_p50_ms=+0.0 algo_stabilize_p50_ms=+0.0 avg_revisions=+0.00 display_note_f1=+0.000 display_offset_f1=+0.000 display_cluster_f1=+0.000 display_cluster_jaccard=+0.000
    failure buckets: ['boundary_miss_failure', 'high_revision_slow_stabilization']
      boundary diagnostics: missed=4 by_arm={'control': 4, 'treatment': 4} tags={'control_boundary_miss': 4, 'no_control_coarse_candidate': 4}
        miss: pitch=70 onset=0.595s boundary_delta_ms=-5.2 control_coarse=False treatment_coarse=False retro=n/a
        miss: pitch=77 onset=0.614s boundary_delta_ms=+13.5 control_coarse=False treatment_coarse=False retro=n/a
        miss: pitch=79 onset=4.103s boundary_delta_ms=-96.9 control_coarse=False treatment_coarse=False retro=n/a
        ... 1 more missed boundary notes in diagnostics JSON
[TIMING] EnhancedMel.transcribe: audio_to_gpu=0.6ms, features=0.6ms, model=15.9ms, decode=2.1ms | TOTAL=19.2ms for 600ms audio (RTF=0.03x)
[TIMING] stream_chunk[experiment-e80c7839d63748b0b9aed2d5a0e558d8](live_neural): decode=0.2ms, inference=22.1ms, second_pass=0.0ms, contention=0.0ms, TOTAL=22.4ms | audio=600ms, RTF=0.04x | model=enhanced_mel, neural_total=21.4ms, model_inference=15.9ms
[TIMING] EnhancedMel.transcribe: audio_to_gpu=0.5ms, features=0.5ms, model=12.5ms, decode=4.9ms | TOTAL=18.4ms for 1200ms audio (RTF=0.02x)
[TIMING] stream_chunk[experiment-e80c7839d63748b0b9aed2d5a0e558d8](live_neural): decode=0.2ms, inference=21.5ms, second_pass=0.0ms, contention=0.0ms, TOTAL=21.8ms | audio=600ms, RTF=0.04x | model=enhanced_mel, neural_total=21.1ms, model_inference=12.5ms
[TIMING] EnhancedMel.transcribe: audio_to_gpu=0.2ms, features=0.5ms, model=16.0ms, decode=7.2ms | TOTAL=24.0ms for 1800ms audio (RTF=0.01x)
[TIMING] stream_chunk[experiment-e80c7839d63748b0b9aed2d5a0e558d8](live_neural): decode=0.2ms, inference=27.3ms, second_pass=0.0ms, contention=0.0ms, TOTAL=27.7ms | audio=600ms, RTF=0.05x | model=enhanced_mel, neural_total=26.8ms, model_inference=16.0ms
[TIMING] EnhancedMel.transcribe: audio_to_gpu=0.2ms, features=0.5ms, model=20.6ms, decode=10.1ms | TOTAL=31.5ms for 2400ms audio (RTF=0.01x)
[TIMING] stream_chunk[experiment-e80c7839d63748b0b9aed2d5a0e558d8](live_neural): decode=0.2ms, inference=35.2ms, second_pass=0.0ms, contention=0.0ms, TOTAL=35.7ms | audio=600ms, RTF=0.06x | model=enhanced_mel, neural_total=34.8ms, model_inference=20.6ms
[TIMING] EnhancedMel.transcribe: audio_to_gpu=0.4ms, features=4.1ms, model=21.7ms, decode=13.9ms | TOTAL=40.1ms for 3000ms audio (RTF=0.01x)
[TIMING] stream_chunk[experiment-e80c7839d63748b0b9aed2d5a0e558d8](live_neural): decode=0.2ms, inference=45.9ms, second_pass=0.0ms, contention=0.0ms, TOTAL=46.4ms | audio=600ms, RTF=0.08x | model=enhanced_mel, neural_total=45.3ms, model_inference=21.7ms
[TIMING] EnhancedMel.transcribe: audio_to_gpu=0.5ms, features=1.5ms, model=16.5ms, decode=8.7ms | TOTAL=27.2ms for 3000ms audio (RTF=0.01x)
[TIMING] stream_chunk[experiment-e80c7839d63748b0b9aed2d5a0e558d8](live_neural): decode=0.2ms, inference=32.3ms, second_pass=0.0ms, contention=0.0ms, TOTAL=32.8ms | audio=600ms, RTF=0.05x | model=enhanced_mel, neural_total=31.7ms, model_inference=16.5ms
[TIMING] EnhancedMel.transcribe: audio_to_gpu=0.3ms, features=0.6ms, model=15.2ms, decode=9.1ms | TOTAL=25.1ms for 3000ms audio (RTF=0.01x)
[TIMING] stream_chunk[experiment-e80c7839d63748b0b9aed2d5a0e558d8](live_neural): decode=0.2ms, inference=28.9ms, second_pass=0.0ms, contention=0.0ms, TOTAL=29.4ms | audio=600ms, RTF=0.05x | model=enhanced_mel, neural_total=28.4ms, model_inference=15.2ms
[TIMING] EnhancedMel.transcribe: audio_to_gpu=0.2ms, features=0.5ms, model=16.1ms, decode=9.9ms | TOTAL=26.7ms for 3000ms audio (RTF=0.01x)
[TIMING] stream_chunk[experiment-e80c7839d63748b0b9aed2d5a0e558d8](live_neural): decode=0.3ms, inference=30.3ms, second_pass=0.0ms, contention=0.0ms, TOTAL=30.8ms | audio=600ms, RTF=0.05x | model=enhanced_mel, neural_total=29.8ms, model_inference=16.1ms
[TIMING] EnhancedMel.transcribe: audio_to_gpu=0.3ms, features=0.6ms, model=15.4ms, decode=14.1ms | TOTAL=30.4ms for 3000ms audio (RTF=0.01x)
[TIMING] stream_chunk[experiment-e80c7839d63748b0b9aed2d5a0e558d8](live_neural): decode=0.2ms, inference=34.9ms, second_pass=0.0ms, contention=0.0ms, TOTAL=35.4ms | audio=600ms, RTF=0.06x | model=enhanced_mel, neural_total=34.3ms, model_inference=15.4ms
[TIMING] EnhancedMel.transcribe: audio_to_gpu=0.3ms, features=5.4ms, model=21.2ms, decode=8.3ms | TOTAL=35.2ms for 3000ms audio (RTF=0.01x)
[TIMING] stream_chunk[experiment-e80c7839d63748b0b9aed2d5a0e558d8](live_neural): decode=0.2ms, inference=39.3ms, second_pass=0.0ms, contention=0.0ms, TOTAL=39.8ms | audio=600ms, RTF=0.07x | model=enhanced_mel, neural_total=38.6ms, model_inference=21.2ms
[TIMING] EnhancedMel.transcribe: audio_to_gpu=0.5ms, features=1.0ms, model=17.2ms, decode=2.0ms | TOTAL=20.8ms for 600ms audio (RTF=0.03x)
[TIMING] stream_chunk[experiment-45e8b4d104584dc8b313320dd27bcbe0](live_neural): decode=0.2ms, inference=24.5ms, second_pass=0.0ms, contention=0.0ms, TOTAL=24.8ms | audio=600ms, RTF=0.04x | model=enhanced_mel, neural_total=23.9ms, model_inference=17.2ms
[TIMING] EnhancedMel.transcribe: audio_to_gpu=0.1ms, features=1.6ms, model=18.7ms, decode=3.6ms | TOTAL=24.0ms for 1200ms audio (RTF=0.02x)
[TIMING] stream_chunk[experiment-45e8b4d104584dc8b313320dd27bcbe0](live_neural): decode=0.4ms, inference=27.0ms, second_pass=0.0ms, contention=0.0ms, TOTAL=27.6ms | audio=600ms, RTF=0.05x | model=enhanced_mel, neural_total=26.4ms, model_inference=18.7ms
[TIMING] EnhancedMel.transcribe: audio_to_gpu=0.1ms, features=0.4ms, model=22.2ms, decode=5.3ms | TOTAL=28.1ms for 1800ms audio (RTF=0.02x)
[TIMING] stream_chunk[experiment-45e8b4d104584dc8b313320dd27bcbe0](live_neural): decode=0.2ms, inference=31.5ms, second_pass=0.0ms, contention=0.0ms, TOTAL=31.8ms | audio=600ms, RTF=0.05x | model=enhanced_mel, neural_total=31.0ms, model_inference=22.2ms
[TIMING] EnhancedMel.transcribe: audio_to_gpu=0.3ms, features=0.5ms, model=14.2ms, decode=7.2ms | TOTAL=22.2ms for 2400ms audio (RTF=0.01x)
[TIMING] stream_chunk[experiment-45e8b4d104584dc8b313320dd27bcbe0](live_neural): decode=0.2ms, inference=26.7ms, second_pass=0.0ms, contention=0.0ms, TOTAL=27.1ms | audio=600ms, RTF=0.05x | model=enhanced_mel, neural_total=26.2ms, model_inference=14.2ms
[TIMING] EnhancedMel.transcribe: audio_to_gpu=0.3ms, features=0.7ms, model=16.5ms, decode=8.7ms | TOTAL=26.2ms for 3000ms audio (RTF=0.01x)
[TIMING] stream_chunk[experiment-45e8b4d104584dc8b313320dd27bcbe0](live_neural): decode=0.2ms, inference=30.2ms, second_pass=0.0ms, contention=0.0ms, TOTAL=30.6ms | audio=600ms, RTF=0.05x | model=enhanced_mel, neural_total=29.6ms, model_inference=16.5ms
[TIMING] EnhancedMel.transcribe: audio_to_gpu=0.4ms, features=0.9ms, model=19.4ms, decode=9.5ms | TOTAL=30.3ms for 3000ms audio (RTF=0.01x)
[TIMING] stream_chunk[experiment-45e8b4d104584dc8b313320dd27bcbe0](live_neural): decode=0.1ms, inference=35.2ms, second_pass=0.0ms, contention=0.0ms, TOTAL=35.6ms | audio=600ms, RTF=0.06x | model=enhanced_mel, neural_total=34.8ms, model_inference=19.4ms
[TIMING] EnhancedMel.transcribe: audio_to_gpu=1.6ms, features=0.9ms, model=15.5ms, decode=8.3ms | TOTAL=26.3ms for 3000ms audio (RTF=0.01x)
[TIMING] stream_chunk[experiment-45e8b4d104584dc8b313320dd27bcbe0](live_neural): decode=0.3ms, inference=30.0ms, second_pass=0.0ms, contention=0.0ms, TOTAL=30.5ms | audio=600ms, RTF=0.05x | model=enhanced_mel, neural_total=29.5ms, model_inference=15.5ms
[TIMING] EnhancedMel.transcribe: audio_to_gpu=0.3ms, features=0.6ms, model=16.1ms, decode=8.1ms | TOTAL=25.1ms for 3000ms audio (RTF=0.01x)
[TIMING] stream_chunk[experiment-45e8b4d104584dc8b313320dd27bcbe0](live_neural): decode=0.2ms, inference=28.3ms, second_pass=0.0ms, contention=0.0ms, TOTAL=28.8ms | audio=600ms, RTF=0.05x | model=enhanced_mel, neural_total=27.7ms, model_inference=16.1ms
[TIMING] EnhancedMel.transcribe: audio_to_gpu=0.3ms, features=0.6ms, model=14.6ms, decode=8.9ms | TOTAL=24.3ms for 3000ms audio (RTF=0.01x)
[TIMING] stream_chunk[experiment-45e8b4d104584dc8b313320dd27bcbe0](live_neural): decode=0.2ms, inference=28.8ms, second_pass=0.0ms, contention=0.0ms, TOTAL=29.2ms | audio=600ms, RTF=0.05x | model=enhanced_mel, neural_total=28.0ms, model_inference=14.6ms
[TIMING] EnhancedMel.transcribe: audio_to_gpu=0.3ms, features=0.5ms, model=15.7ms, decode=14.5ms | TOTAL=31.1ms for 3000ms audio (RTF=0.01x)
[TIMING] stream_chunk[experiment-45e8b4d104584dc8b313320dd27bcbe0](live_neural): decode=0.2ms, inference=33.9ms, second_pass=0.0ms, contention=0.0ms, TOTAL=34.3ms | audio=600ms, RTF=0.06x | model=enhanced_mel, neural_total=33.3ms, model_inference=15.7ms

[CLIP_018] Sonata in D Major, K96
  excerpt: start=9.00s end=15.00s duration=6.00s gt_notes=135 rms=0.0710 peak=0.4131 crest=5.817 rms_std=0.0138
    control:
      note metrics: precision=0.834 recall=0.970 f1=0.897 matched=131/135 pred=157
      strict onset f1: 10ms=0.829 20ms=0.890 30ms=0.897
      timing metrics: offset_f1=0.836 rhythm_precision=0.931 note_value_acc=0.855 note_value_n=131 avg_beat_error=0.023
      duplicate metrics: duplicates=13 per_100_notes=8.28
      boundary metrics: gt=46 matched=45 missed=1 miss_rate=0.022
      latency: avg_chunk_ms=32.20 p95_chunk_ms=43.41 avg_rtf=0.054
      notation metrics: first_correct_ms=75.5 visible_p50_ms=438.8 visible_p95_ms=616.3 stabilize_p50_ms=2145.2 stabilize_p95_ms=3400.5 avg_revisions=2.27 matched=15 refined=15 snapshots=17
      algorithmic latency: first_correct_ms=53.1 visible_p50_ms=416.4 visible_p95_ms=584.8 stabilize_p50_ms=2074.5 stabilize_p95_ms=3012.8
      final display note metrics: precision=0.915 recall=0.956 f1=0.935 matched=129/135 pred=141
      final display strict onset f1: 10ms=0.855 20ms=0.928 30ms=0.935
      final display timing: offset_f1=0.870 rhythm_precision=0.930 note_value_acc=0.419 note_value_n=129 avg_beat_error=0.130
      final display structure: cluster_f1=0.565 onset_align_recall=0.932 avg_jaccard=0.854 exact=24/44 pred=41 over=11 under=3 pitch_conflicts=3 missed_gt=3
      threshold profiles: hit_rate=0.000 thresholds=[0.55] profiles={'fixed_baseline': 10}
    treatment:
      note metrics: precision=0.834 recall=0.970 f1=0.897 matched=131/135 pred=157
      strict onset f1: 10ms=0.829 20ms=0.890 30ms=0.897
      timing metrics: offset_f1=0.836 rhythm_precision=0.931 note_value_acc=0.855 note_value_n=131 avg_beat_error=0.023
      duplicate metrics: duplicates=13 per_100_notes=8.28
      boundary metrics: gt=46 matched=45 missed=1 miss_rate=0.022
      latency: avg_chunk_ms=30.03 p95_chunk_ms=35.03 avg_rtf=0.050
      notation metrics: first_correct_ms=77.9 visible_p50_ms=441.2 visible_p95_ms=612.1 stabilize_p50_ms=2150.6 stabilize_p95_ms=3401.5 avg_revisions=2.27 matched=15 refined=15 snapshots=17
      algorithmic latency: first_correct_ms=53.1 visible_p50_ms=416.4 visible_p95_ms=584.8 stabilize_p50_ms=2074.5 stabilize_p95_ms=3012.8
      final display note metrics: precision=0.915 recall=0.956 f1=0.935 matched=129/135 pred=141
      final display strict onset f1: 10ms=0.855 20ms=0.928 30ms=0.935
      final display timing: offset_f1=0.870 rhythm_precision=0.930 note_value_acc=0.419 note_value_n=129 avg_beat_error=0.130
      final display structure: cluster_f1=0.565 onset_align_recall=0.932 avg_jaccard=0.854 exact=24/44 pred=41 over=11 under=3 pitch_conflicts=3 missed_gt=3
      threshold profiles: hit_rate=0.000 thresholds=[0.55] profiles={'baseline_nominal': 10}
    delta treatment-control: precision=+0.000 recall=+0.000 f1=+0.000 offset_f1=+0.000 note_value_acc=+0.000 dup_per_100=+0.00 boundary_miss_rate=+0.000 p95_chunk_ms=-8.38 f1_10ms=+0.000 f1_20ms=+0.000 f1_30ms=+0.000 visible_p50_ms=+2.4 stabilize_p50_ms=+5.4 algo_visible_p50_ms=+0.0 algo_stabilize_p50_ms=+0.0 avg_revisions=+0.00 display_note_f1=+0.000 display_offset_f1=+0.000 display_cluster_f1=+0.000 display_cluster_jaccard=+0.000
    failure buckets: ['runtime_only_win', 'boundary_miss_failure', 'high_revision_slow_stabilization']
      boundary diagnostics: missed=1 by_arm={'control': 1, 'treatment': 1} tags={'control_boundary_miss': 1, 'no_control_coarse_candidate': 1}
        miss: pitch=69 onset=5.457s boundary_delta_ms=+57.0 control_coarse=False treatment_coarse=False retro=n/a
[TIMING] EnhancedMel.transcribe: audio_to_gpu=0.5ms, features=0.8ms, model=24.0ms, decode=2.9ms | TOTAL=28.3ms for 600ms audio (RTF=0.05x)
[TIMING] stream_chunk[experiment-c55f32e904624b86a6fd6304143942fd](live_neural): decode=0.2ms, inference=32.1ms, second_pass=0.0ms, contention=0.0ms, TOTAL=32.5ms | audio=600ms, RTF=0.05x | model=enhanced_mel, neural_total=31.5ms, model_inference=24.0ms
[TIMING] EnhancedMel.transcribe: audio_to_gpu=0.1ms, features=0.4ms, model=17.1ms, decode=4.5ms | TOTAL=22.2ms for 1200ms audio (RTF=0.02x)
[TIMING] stream_chunk[experiment-c55f32e904624b86a6fd6304143942fd](live_neural): decode=0.2ms, inference=25.5ms, second_pass=0.0ms, contention=0.0ms, TOTAL=25.8ms | audio=600ms, RTF=0.04x | model=enhanced_mel, neural_total=25.1ms, model_inference=17.1ms
[TIMING] EnhancedMel.transcribe: audio_to_gpu=0.2ms, features=0.6ms, model=17.8ms, decode=6.6ms | TOTAL=25.3ms for 1800ms audio (RTF=0.01x)
[TIMING] stream_chunk[experiment-c55f32e904624b86a6fd6304143942fd](live_neural): decode=0.2ms, inference=29.1ms, second_pass=0.0ms, contention=0.0ms, TOTAL=29.5ms | audio=600ms, RTF=0.05x | model=enhanced_mel, neural_total=28.7ms, model_inference=17.8ms
[TIMING] EnhancedMel.transcribe: audio_to_gpu=0.3ms, features=0.5ms, model=19.9ms, decode=6.7ms | TOTAL=27.3ms for 2400ms audio (RTF=0.01x)
[TIMING] stream_chunk[experiment-c55f32e904624b86a6fd6304143942fd](live_neural): decode=0.2ms, inference=31.1ms, second_pass=0.0ms, contention=0.0ms, TOTAL=31.5ms | audio=600ms, RTF=0.05x | model=enhanced_mel, neural_total=30.6ms, model_inference=19.9ms
[TIMING] EnhancedMel.transcribe: audio_to_gpu=0.4ms, features=0.6ms, model=16.2ms, decode=9.8ms | TOTAL=27.0ms for 3000ms audio (RTF=0.01x)
[TIMING] stream_chunk[experiment-c55f32e904624b86a6fd6304143942fd](live_neural): decode=0.2ms, inference=30.1ms, second_pass=0.0ms, contention=0.0ms, TOTAL=30.7ms | audio=600ms, RTF=0.05x | model=enhanced_mel, neural_total=29.6ms, model_inference=16.2ms
[TIMING] EnhancedMel.transcribe: audio_to_gpu=0.5ms, features=0.7ms, model=18.8ms, decode=12.7ms | TOTAL=32.7ms for 3000ms audio (RTF=0.01x)
[TIMING] stream_chunk[experiment-c55f32e904624b86a6fd6304143942fd](live_neural): decode=0.3ms, inference=35.4ms, second_pass=0.0ms, contention=0.0ms, TOTAL=36.0ms | audio=600ms, RTF=0.06x | model=enhanced_mel, neural_total=34.9ms, model_inference=18.8ms
[TIMING] EnhancedMel.transcribe: audio_to_gpu=0.4ms, features=0.6ms, model=15.3ms, decode=10.3ms | TOTAL=26.5ms for 3000ms audio (RTF=0.01x)
[TIMING] stream_chunk[experiment-c55f32e904624b86a6fd6304143942fd](live_neural): decode=0.2ms, inference=30.8ms, second_pass=0.0ms, contention=0.0ms, TOTAL=31.4ms | audio=600ms, RTF=0.05x | model=enhanced_mel, neural_total=30.1ms, model_inference=15.3ms
[TIMING] EnhancedMel.transcribe: audio_to_gpu=0.4ms, features=0.9ms, model=16.8ms, decode=6.1ms | TOTAL=24.2ms for 3000ms audio (RTF=0.01x)
[TIMING] stream_chunk[experiment-c55f32e904624b86a6fd6304143942fd](live_neural): decode=0.2ms, inference=29.0ms, second_pass=0.0ms, contention=0.0ms, TOTAL=29.5ms | audio=600ms, RTF=0.05x | model=enhanced_mel, neural_total=28.4ms, model_inference=16.8ms
[TIMING] EnhancedMel.transcribe: audio_to_gpu=0.3ms, features=0.5ms, model=12.5ms, decode=15.3ms | TOTAL=28.6ms for 3000ms audio (RTF=0.01x)
[TIMING] stream_chunk[experiment-c55f32e904624b86a6fd6304143942fd](live_neural): decode=0.1ms, inference=31.8ms, second_pass=0.0ms, contention=0.0ms, TOTAL=32.4ms | audio=600ms, RTF=0.05x | model=enhanced_mel, neural_total=31.2ms, model_inference=12.5ms
[TIMING] EnhancedMel.transcribe: audio_to_gpu=0.4ms, features=0.6ms, model=16.3ms, decode=6.3ms | TOTAL=23.5ms for 3000ms audio (RTF=0.01x)
[TIMING] stream_chunk[experiment-c55f32e904624b86a6fd6304143942fd](live_neural): decode=0.2ms, inference=27.8ms, second_pass=0.0ms, contention=0.0ms, TOTAL=28.5ms | audio=600ms, RTF=0.05x | model=enhanced_mel, neural_total=26.8ms, model_inference=16.3ms
[TIMING] EnhancedMel.transcribe: audio_to_gpu=0.4ms, features=0.7ms, model=14.5ms, decode=1.6ms | TOTAL=17.2ms for 600ms audio (RTF=0.03x)
[TIMING] stream_chunk[experiment-2c5c4066decd40a0b06fa1c5fec2b20a](live_neural): decode=0.2ms, inference=20.0ms, second_pass=0.0ms, contention=0.0ms, TOTAL=20.3ms | audio=600ms, RTF=0.03x | model=enhanced_mel, neural_total=19.5ms, model_inference=14.5ms
[TIMING] EnhancedMel.transcribe: audio_to_gpu=0.2ms, features=0.4ms, model=13.1ms, decode=3.8ms | TOTAL=17.5ms for 1200ms audio (RTF=0.01x)
[TIMING] stream_chunk[experiment-2c5c4066decd40a0b06fa1c5fec2b20a](live_neural): decode=0.2ms, inference=20.5ms, second_pass=0.0ms, contention=0.0ms, TOTAL=20.9ms | audio=600ms, RTF=0.03x | model=enhanced_mel, neural_total=20.1ms, model_inference=13.1ms
[TIMING] EnhancedMel.transcribe: audio_to_gpu=0.2ms, features=0.5ms, model=14.1ms, decode=5.1ms | TOTAL=20.0ms for 1800ms audio (RTF=0.01x)
[TIMING] stream_chunk[experiment-2c5c4066decd40a0b06fa1c5fec2b20a](live_neural): decode=0.2ms, inference=23.0ms, second_pass=0.0ms, contention=0.0ms, TOTAL=23.4ms | audio=600ms, RTF=0.04x | model=enhanced_mel, neural_total=22.6ms, model_inference=14.1ms
[TIMING] EnhancedMel.transcribe: audio_to_gpu=0.3ms, features=0.5ms, model=14.4ms, decode=9.3ms | TOTAL=24.6ms for 2400ms audio (RTF=0.01x)
[TIMING] stream_chunk[experiment-2c5c4066decd40a0b06fa1c5fec2b20a](live_neural): decode=0.1ms, inference=28.3ms, second_pass=0.0ms, contention=0.0ms, TOTAL=28.7ms | audio=600ms, RTF=0.05x | model=enhanced_mel, neural_total=27.8ms, model_inference=14.4ms
[TIMING] EnhancedMel.transcribe: audio_to_gpu=0.6ms, features=4.0ms, model=19.1ms, decode=7.5ms | TOTAL=31.1ms for 3000ms audio (RTF=0.01x)
[TIMING] stream_chunk[experiment-2c5c4066decd40a0b06fa1c5fec2b20a](live_neural): decode=0.3ms, inference=36.7ms, second_pass=0.0ms, contention=0.0ms, TOTAL=37.3ms | audio=600ms, RTF=0.06x | model=enhanced_mel, neural_total=36.2ms, model_inference=19.1ms
[TIMING] EnhancedMel.transcribe: audio_to_gpu=0.4ms, features=0.8ms, model=24.6ms, decode=12.6ms | TOTAL=38.4ms for 3000ms audio (RTF=0.01x)
[TIMING] stream_chunk[experiment-2c5c4066decd40a0b06fa1c5fec2b20a](live_neural): decode=0.2ms, inference=41.3ms, second_pass=0.0ms, contention=0.0ms, TOTAL=41.8ms | audio=600ms, RTF=0.07x | model=enhanced_mel, neural_total=40.8ms, model_inference=24.6ms
[TIMING] EnhancedMel.transcribe: audio_to_gpu=0.5ms, features=0.6ms, model=14.7ms, decode=9.0ms | TOTAL=24.8ms for 3000ms audio (RTF=0.01x)
[TIMING] stream_chunk[experiment-2c5c4066decd40a0b06fa1c5fec2b20a](live_neural): decode=0.2ms, inference=29.4ms, second_pass=0.0ms, contention=0.0ms, TOTAL=30.0ms | audio=600ms, RTF=0.05x | model=enhanced_mel, neural_total=28.8ms, model_inference=14.7ms
[TIMING] EnhancedMel.transcribe: audio_to_gpu=0.2ms, features=0.5ms, model=16.3ms, decode=9.9ms | TOTAL=27.0ms for 3000ms audio (RTF=0.01x)
[TIMING] stream_chunk[experiment-2c5c4066decd40a0b06fa1c5fec2b20a](live_neural): decode=0.2ms, inference=30.6ms, second_pass=0.0ms, contention=0.0ms, TOTAL=31.1ms | audio=600ms, RTF=0.05x | model=enhanced_mel, neural_total=30.1ms, model_inference=16.3ms
[TIMING] EnhancedMel.transcribe: audio_to_gpu=0.3ms, features=1.7ms, model=15.4ms, decode=14.0ms | TOTAL=31.4ms for 3000ms audio (RTF=0.01x)
[TIMING] stream_chunk[experiment-2c5c4066decd40a0b06fa1c5fec2b20a](live_neural): decode=0.2ms, inference=36.6ms, second_pass=0.0ms, contention=0.0ms, TOTAL=37.0ms | audio=600ms, RTF=0.06x | model=enhanced_mel, neural_total=36.0ms, model_inference=15.4ms
[TIMING] EnhancedMel.transcribe: audio_to_gpu=0.5ms, features=0.8ms, model=21.6ms, decode=9.5ms | TOTAL=32.3ms for 3000ms audio (RTF=0.01x)
[TIMING] stream_chunk[experiment-2c5c4066decd40a0b06fa1c5fec2b20a](live_neural): decode=0.2ms, inference=38.2ms, second_pass=0.0ms, contention=0.0ms, TOTAL=38.9ms | audio=600ms, RTF=0.06x | model=enhanced_mel, neural_total=37.8ms, model_inference=21.6ms

[CLIP_019] Concert Etude No. 2, "Gnomenreigen", S. 145/2
  excerpt: start=63.00s end=69.00s duration=6.00s gt_notes=178 rms=0.1284 peak=0.5428 crest=4.227 rms_std=0.0274
    control:
      note metrics: precision=0.878 recall=0.888 f1=0.883 matched=158/178 pred=180
      strict onset f1: 10ms=0.726 20ms=0.866 30ms=0.883
      timing metrics: offset_f1=0.872 rhythm_precision=0.987 note_value_acc=0.778 note_value_n=158 avg_beat_error=0.025
      duplicate metrics: duplicates=8 per_100_notes=4.44
      boundary metrics: gt=55 matched=49 missed=6 miss_rate=0.109
      latency: avg_chunk_ms=30.77 p95_chunk_ms=34.43 avg_rtf=0.051
      notation metrics: first_correct_ms=58.4 visible_p50_ms=365.9 visible_p95_ms=632.9 stabilize_p50_ms=905.7 stabilize_p95_ms=1508.8 avg_revisions=1.13 matched=67 refined=67 snapshots=21
      algorithmic latency: first_correct_ms=29.9 visible_p50_ms=336.5 visible_p95_ms=600.7 stabilize_p50_ms=449.2 stabilize_p95_ms=1018.8
      final display note metrics: precision=0.918 recall=0.876 f1=0.897 matched=156/178 pred=170
      final display strict onset f1: 10ms=0.741 20ms=0.885 30ms=0.897
      final display timing: offset_f1=0.885 rhythm_precision=0.987 note_value_acc=0.218 note_value_n=156 avg_beat_error=0.098
      final display structure: cluster_f1=0.503 onset_align_recall=0.923 avg_jaccard=0.775 exact=38/78 pred=73 over=13 under=15 pitch_conflicts=6 missed_gt=6
      threshold profiles: hit_rate=0.000 thresholds=[0.55] profiles={'fixed_baseline': 10}
    treatment:
      note metrics: precision=0.861 recall=0.904 f1=0.882 matched=161/178 pred=187
      strict onset f1: 10ms=0.734 20ms=0.866 30ms=0.882
      timing metrics: offset_f1=0.871 rhythm_precision=0.988 note_value_acc=0.776 note_value_n=161 avg_beat_error=0.024
      duplicate metrics: duplicates=8 per_100_notes=4.28
      boundary metrics: gt=55 matched=50 missed=5 miss_rate=0.091
      latency: avg_chunk_ms=30.94 p95_chunk_ms=40.50 avg_rtf=0.052
      notation metrics: first_correct_ms=64.6 visible_p50_ms=361.9 visible_p95_ms=619.3 stabilize_p50_ms=1215.3 stabilize_p95_ms=1903.2 avg_revisions=1.17 matched=63 refined=63 snapshots=21
      algorithmic latency: first_correct_ms=43.7 visible_p50_ms=327.3 visible_p95_ms=590.0 stabilize_p50_ms=753.9 stabilize_p95_ms=1450.3
      final display note metrics: precision=0.908 recall=0.888 f1=0.898 matched=158/178 pred=174
      final display strict onset f1: 10ms=0.744 20ms=0.881 30ms=0.898
      final display timing: offset_f1=0.886 rhythm_precision=0.987 note_value_acc=0.354 note_value_n=158 avg_beat_error=0.096
      final display structure: cluster_f1=0.490 onset_align_recall=0.923 avg_jaccard=0.765 exact=37/78 pred=73 over=13 under=15 pitch_conflicts=7 missed_gt=6
      threshold profiles: hit_rate=1.000 thresholds=[0.46] profiles={'loud_dense_precision': 10}
    delta treatment-control: precision=-0.017 recall=+0.017 f1=-0.000 offset_f1=-0.000 note_value_acc=-0.002 dup_per_100=-0.17 boundary_miss_rate=-0.018 p95_chunk_ms=+6.07 f1_10ms=+0.008 f1_20ms=-0.000 f1_30ms=-0.000 visible_p50_ms=-4.0 stabilize_p50_ms=+309.6 algo_visible_p50_ms=-9.1 algo_stabilize_p50_ms=+304.7 avg_revisions=+0.04 display_note_f1=+0.001 display_offset_f1=+0.001 display_cluster_f1=-0.013 display_cluster_jaccard=-0.010
    failure buckets: ['boundary_miss_failure', 'high_revision_slow_stabilization']
      boundary diagnostics: missed=6 by_arm={'control': 6, 'treatment': 5} tags={'control_boundary_miss': 6, 'no_control_coarse_candidate': 6, 'treatment_recovers_boundary_note': 1}
        miss: pitch=73 onset=0.659s boundary_delta_ms=+58.9 control_coarse=False treatment_coarse=False retro=n/a
        miss: pitch=87 onset=1.128s boundary_delta_ms=-72.4 control_coarse=False treatment_coarse=False retro=n/a
        miss: pitch=72 onset=4.861s boundary_delta_ms=+60.7 control_coarse=False treatment_coarse=False retro=n/a
        ... 3 more missed boundary notes in diagnostics JSON
[TIMING] EnhancedMel.transcribe: audio_to_gpu=0.4ms, features=0.8ms, model=14.8ms, decode=1.9ms | TOTAL=17.9ms for 600ms audio (RTF=0.03x)
[TIMING] stream_chunk[experiment-2397ca2d81084986ac6343d0672dd143](live_neural): decode=0.2ms, inference=21.8ms, second_pass=0.0ms, contention=0.0ms, TOTAL=22.1ms | audio=600ms, RTF=0.04x | model=enhanced_mel, neural_total=21.1ms, model_inference=14.8ms
[TIMING] EnhancedMel.transcribe: audio_to_gpu=0.3ms, features=0.5ms, model=10.7ms, decode=5.4ms | TOTAL=16.8ms for 1200ms audio (RTF=0.01x)
[TIMING] stream_chunk[experiment-2397ca2d81084986ac6343d0672dd143](live_neural): decode=0.1ms, inference=19.4ms, second_pass=0.0ms, contention=0.0ms, TOTAL=19.6ms | audio=600ms, RTF=0.03x | model=enhanced_mel, neural_total=18.9ms, model_inference=10.7ms
[TIMING] EnhancedMel.transcribe: audio_to_gpu=0.2ms, features=0.7ms, model=13.1ms, decode=3.7ms | TOTAL=17.7ms for 1800ms audio (RTF=0.01x)
[TIMING] stream_chunk[experiment-2397ca2d81084986ac6343d0672dd143](live_neural): decode=0.1ms, inference=20.9ms, second_pass=0.0ms, contention=0.0ms, TOTAL=21.2ms | audio=600ms, RTF=0.04x | model=enhanced_mel, neural_total=20.4ms, model_inference=13.1ms
[TIMING] EnhancedMel.transcribe: audio_to_gpu=0.4ms, features=2.1ms, model=21.6ms, decode=11.4ms | TOTAL=35.4ms for 2400ms audio (RTF=0.01x)
[TIMING] stream_chunk[experiment-2397ca2d81084986ac6343d0672dd143](live_neural): decode=0.3ms, inference=39.6ms, second_pass=0.0ms, contention=0.0ms, TOTAL=40.2ms | audio=600ms, RTF=0.07x | model=enhanced_mel, neural_total=38.8ms, model_inference=21.6ms
[TIMING] EnhancedMel.transcribe: audio_to_gpu=0.4ms, features=0.8ms, model=21.6ms, decode=15.1ms | TOTAL=37.9ms for 3000ms audio (RTF=0.01x)
[TIMING] stream_chunk[experiment-2397ca2d81084986ac6343d0672dd143](live_neural): decode=0.2ms, inference=43.6ms, second_pass=0.0ms, contention=0.0ms, TOTAL=44.2ms | audio=600ms, RTF=0.07x | model=enhanced_mel, neural_total=43.1ms, model_inference=21.6ms
[TIMING] EnhancedMel.transcribe: audio_to_gpu=0.4ms, features=0.8ms, model=21.2ms, decode=9.1ms | TOTAL=31.5ms for 3000ms audio (RTF=0.01x)
[TIMING] stream_chunk[experiment-2397ca2d81084986ac6343d0672dd143](live_neural): decode=0.2ms, inference=36.3ms, second_pass=0.0ms, contention=0.0ms, TOTAL=36.9ms | audio=600ms, RTF=0.06x | model=enhanced_mel, neural_total=35.7ms, model_inference=21.2ms
[TIMING] EnhancedMel.transcribe: audio_to_gpu=0.3ms, features=4.3ms, model=18.0ms, decode=8.9ms | TOTAL=31.5ms for 3000ms audio (RTF=0.01x)
[TIMING] stream_chunk[experiment-2397ca2d81084986ac6343d0672dd143](live_neural): decode=0.3ms, inference=36.3ms, second_pass=0.0ms, contention=0.0ms, TOTAL=37.1ms | audio=600ms, RTF=0.06x | model=enhanced_mel, neural_total=35.8ms, model_inference=18.0ms
[TIMING] EnhancedMel.transcribe: audio_to_gpu=0.4ms, features=0.9ms, model=16.0ms, decode=12.3ms | TOTAL=29.7ms for 3000ms audio (RTF=0.01x)
[TIMING] stream_chunk[experiment-2397ca2d81084986ac6343d0672dd143](live_neural): decode=0.3ms, inference=34.6ms, second_pass=0.0ms, contention=0.0ms, TOTAL=35.2ms | audio=600ms, RTF=0.06x | model=enhanced_mel, neural_total=33.9ms, model_inference=16.0ms
[TIMING] EnhancedMel.transcribe: audio_to_gpu=0.4ms, features=2.7ms, model=14.9ms, decode=8.8ms | TOTAL=26.8ms for 3000ms audio (RTF=0.01x)
[TIMING] stream_chunk[experiment-2397ca2d81084986ac6343d0672dd143](live_neural): decode=0.2ms, inference=33.0ms, second_pass=0.0ms, contention=0.0ms, TOTAL=33.5ms | audio=600ms, RTF=0.06x | model=enhanced_mel, neural_total=32.3ms, model_inference=14.9ms
[TIMING] EnhancedMel.transcribe: audio_to_gpu=0.4ms, features=0.6ms, model=14.7ms, decode=8.7ms | TOTAL=24.5ms for 3000ms audio (RTF=0.01x)
[TIMING] stream_chunk[experiment-2397ca2d81084986ac6343d0672dd143](live_neural): decode=0.2ms, inference=28.3ms, second_pass=0.0ms, contention=0.0ms, TOTAL=28.9ms | audio=600ms, RTF=0.05x | model=enhanced_mel, neural_total=27.6ms, model_inference=14.7ms
[TIMING] EnhancedMel.transcribe: audio_to_gpu=0.5ms, features=0.8ms, model=19.2ms, decode=2.2ms | TOTAL=22.7ms for 600ms audio (RTF=0.04x)
[TIMING] stream_chunk[experiment-9a3e7b3d67dc46bd9e6b5015322b6c10](live_neural): decode=0.3ms, inference=26.6ms, second_pass=0.0ms, contention=0.0ms, TOTAL=27.0ms | audio=600ms, RTF=0.05x | model=enhanced_mel, neural_total=26.0ms, model_inference=19.2ms
[TIMING] EnhancedMel.transcribe: audio_to_gpu=0.2ms, features=0.7ms, model=21.1ms, decode=3.2ms | TOTAL=25.2ms for 1200ms audio (RTF=0.02x)
[TIMING] stream_chunk[experiment-9a3e7b3d67dc46bd9e6b5015322b6c10](live_neural): decode=0.1ms, inference=28.2ms, second_pass=0.0ms, contention=0.0ms, TOTAL=28.5ms | audio=600ms, RTF=0.05x | model=enhanced_mel, neural_total=27.7ms, model_inference=21.1ms
[TIMING] EnhancedMel.transcribe: audio_to_gpu=1.7ms, features=0.6ms, model=21.7ms, decode=5.4ms | TOTAL=29.4ms for 1800ms audio (RTF=0.02x)
[TIMING] stream_chunk[experiment-9a3e7b3d67dc46bd9e6b5015322b6c10](live_neural): decode=0.2ms, inference=33.6ms, second_pass=0.0ms, contention=0.0ms, TOTAL=34.0ms | audio=600ms, RTF=0.06x | model=enhanced_mel, neural_total=33.1ms, model_inference=21.7ms
[TIMING] EnhancedMel.transcribe: audio_to_gpu=0.2ms, features=0.5ms, model=15.7ms, decode=8.0ms | TOTAL=24.3ms for 2400ms audio (RTF=0.01x)
[TIMING] stream_chunk[experiment-9a3e7b3d67dc46bd9e6b5015322b6c10](live_neural): decode=0.2ms, inference=28.9ms, second_pass=0.0ms, contention=0.0ms, TOTAL=29.2ms | audio=600ms, RTF=0.05x | model=enhanced_mel, neural_total=28.3ms, model_inference=15.7ms
[TIMING] EnhancedMel.transcribe: audio_to_gpu=0.4ms, features=0.6ms, model=18.1ms, decode=8.4ms | TOTAL=27.5ms for 3000ms audio (RTF=0.01x)
[TIMING] stream_chunk[experiment-9a3e7b3d67dc46bd9e6b5015322b6c10](live_neural): decode=0.2ms, inference=31.3ms, second_pass=0.0ms, contention=0.0ms, TOTAL=31.9ms | audio=600ms, RTF=0.05x | model=enhanced_mel, neural_total=30.7ms, model_inference=18.1ms
[TIMING] EnhancedMel.transcribe: audio_to_gpu=0.4ms, features=0.5ms, model=14.0ms, decode=6.9ms | TOTAL=21.8ms for 3000ms audio (RTF=0.01x)
[TIMING] stream_chunk[experiment-9a3e7b3d67dc46bd9e6b5015322b6c10](live_neural): decode=0.2ms, inference=26.3ms, second_pass=0.0ms, contention=0.0ms, TOTAL=26.8ms | audio=600ms, RTF=0.04x | model=enhanced_mel, neural_total=25.0ms, model_inference=14.0ms
[TIMING] EnhancedMel.transcribe: audio_to_gpu=0.3ms, features=5.4ms, model=14.7ms, decode=9.0ms | TOTAL=29.4ms for 3000ms audio (RTF=0.01x)
[TIMING] stream_chunk[experiment-9a3e7b3d67dc46bd9e6b5015322b6c10](live_neural): decode=0.2ms, inference=32.9ms, second_pass=0.0ms, contention=0.0ms, TOTAL=33.6ms | audio=600ms, RTF=0.06x | model=enhanced_mel, neural_total=32.3ms, model_inference=14.7ms
[TIMING] EnhancedMel.transcribe: audio_to_gpu=0.3ms, features=1.0ms, model=17.0ms, decode=8.8ms | TOTAL=27.2ms for 3000ms audio (RTF=0.01x)
[TIMING] stream_chunk[experiment-9a3e7b3d67dc46bd9e6b5015322b6c10](live_neural): decode=0.2ms, inference=30.8ms, second_pass=0.0ms, contention=0.0ms, TOTAL=31.4ms | audio=600ms, RTF=0.05x | model=enhanced_mel, neural_total=30.4ms, model_inference=17.0ms
[TIMING] EnhancedMel.transcribe: audio_to_gpu=0.4ms, features=0.7ms, model=22.4ms, decode=11.3ms | TOTAL=34.9ms for 3000ms audio (RTF=0.01x)
[TIMING] stream_chunk[experiment-9a3e7b3d67dc46bd9e6b5015322b6c10](live_neural): decode=0.2ms, inference=40.2ms, second_pass=0.0ms, contention=0.0ms, TOTAL=40.8ms | audio=600ms, RTF=0.07x | model=enhanced_mel, neural_total=39.5ms, model_inference=22.4ms
[TIMING] EnhancedMel.transcribe: audio_to_gpu=0.3ms, features=0.5ms, model=19.8ms, decode=10.3ms | TOTAL=30.9ms for 3000ms audio (RTF=0.01x)
[TIMING] stream_chunk[experiment-9a3e7b3d67dc46bd9e6b5015322b6c10](live_neural): decode=0.2ms, inference=34.0ms, second_pass=0.0ms, contention=0.0ms, TOTAL=34.6ms | audio=600ms, RTF=0.06x | model=enhanced_mel, neural_total=33.5ms, model_inference=19.8ms

[CLIP_020] Concert Etude No. 2 "Gnomenreigen"
  excerpt: start=30.00s end=36.00s duration=6.00s gt_notes=177 rms=0.0476 peak=0.3012 crest=6.327 rms_std=0.0147
    control:
      note metrics: precision=0.937 recall=0.927 f1=0.932 matched=164/177 pred=175
      strict onset f1: 10ms=0.812 20ms=0.920 30ms=0.926
      timing metrics: offset_f1=0.932 rhythm_precision=1.000 note_value_acc=0.841 note_value_n=164 avg_beat_error=0.017
      duplicate metrics: duplicates=8 per_100_notes=4.57
      boundary metrics: gt=54 matched=53 missed=1 miss_rate=0.019
      latency: avg_chunk_ms=31.90 p95_chunk_ms=42.41 avg_rtf=0.053
      notation metrics: first_correct_ms=42.9 visible_p50_ms=381.6 visible_p95_ms=622.5 stabilize_p50_ms=1547.9 stabilize_p95_ms=2048.6 avg_revisions=1.32 matched=65 refined=65 snapshots=20
      algorithmic latency: first_correct_ms=0.0 visible_p50_ms=343.8 visible_p95_ms=594.4 stabilize_p50_ms=913.3 stabilize_p95_ms=1551.2
      final display note metrics: precision=0.970 recall=0.915 f1=0.942 matched=162/177 pred=167
      final display strict onset f1: 10ms=0.814 20ms=0.930 30ms=0.936
      final display timing: offset_f1=0.942 rhythm_precision=1.000 note_value_acc=0.358 note_value_n=162 avg_beat_error=0.104
      final display structure: cluster_f1=0.603 onset_align_recall=0.949 avg_jaccard=0.840 exact=47/79 pred=77 over=11 under=15 pitch_conflicts=2 missed_gt=4
      threshold profiles: hit_rate=0.000 thresholds=[0.55] profiles={'fixed_baseline': 10}
    treatment:
      note metrics: precision=0.937 recall=0.927 f1=0.932 matched=164/177 pred=175
      strict onset f1: 10ms=0.812 20ms=0.920 30ms=0.926
      timing metrics: offset_f1=0.932 rhythm_precision=1.000 note_value_acc=0.841 note_value_n=164 avg_beat_error=0.017
      duplicate metrics: duplicates=8 per_100_notes=4.57
      boundary metrics: gt=54 matched=53 missed=1 miss_rate=0.019
      latency: avg_chunk_ms=31.79 p95_chunk_ms=38.03 avg_rtf=0.053
      notation metrics: first_correct_ms=30.6 visible_p50_ms=375.6 visible_p95_ms=621.8 stabilize_p50_ms=1553.7 stabilize_p95_ms=2055.7 avg_revisions=1.32 matched=65 refined=65 snapshots=20
      algorithmic latency: first_correct_ms=0.0 visible_p50_ms=343.8 visible_p95_ms=594.4 stabilize_p50_ms=913.3 stabilize_p95_ms=1551.2
      final display note metrics: precision=0.970 recall=0.915 f1=0.942 matched=162/177 pred=167
      final display strict onset f1: 10ms=0.814 20ms=0.930 30ms=0.936
      final display timing: offset_f1=0.942 rhythm_precision=1.000 note_value_acc=0.358 note_value_n=162 avg_beat_error=0.104
      final display structure: cluster_f1=0.603 onset_align_recall=0.949 avg_jaccard=0.840 exact=47/79 pred=77 over=11 under=15 pitch_conflicts=2 missed_gt=4
      threshold profiles: hit_rate=0.000 thresholds=[0.55] profiles={'baseline_nominal': 10}
    delta treatment-control: precision=+0.000 recall=+0.000 f1=+0.000 offset_f1=+0.000 note_value_acc=+0.000 dup_per_100=+0.00 boundary_miss_rate=+0.000 p95_chunk_ms=-4.38 f1_10ms=+0.000 f1_20ms=+0.000 f1_30ms=+0.000 visible_p50_ms=-6.0 stabilize_p50_ms=+5.8 algo_visible_p50_ms=+0.0 algo_stabilize_p50_ms=+0.0 avg_revisions=+0.00 display_note_f1=+0.000 display_offset_f1=+0.000 display_cluster_f1=+0.000 display_cluster_jaccard=+0.000C:\Users\ToniH\Documents\GitHub\LiveScore\backend\rhythm_training\train_enhanced_mel_transcriber.py:643: RuntimeWarning: Mean of empty slice.
  pooled = note_value_probs[onset_f:offset_f, key, :].mean(axis=0)
C:\Users\ToniH\Documents\GitHub\LiveScore\backend\env\Lib\site-packages\numpy\_core\_methods.py:137: RuntimeWarning: invalid value encountered in divide
  ret = um.true_divide(

    failure buckets: ['runtime_only_win', 'boundary_miss_failure', 'high_revision_slow_stabilization']
      boundary diagnostics: missed=1 by_arm={'control': 1, 'treatment': 1} tags={'control_boundary_miss': 1, 'no_control_coarse_candidate': 1}
        miss: pitch=92 onset=4.234s boundary_delta_ms=+34.4 control_coarse=False treatment_coarse=False retro=n/a
[TIMING] EnhancedMel.transcribe: audio_to_gpu=0.5ms, features=0.8ms, model=22.7ms, decode=2.3ms | TOTAL=26.3ms for 600ms audio (RTF=0.04x)
[TIMING] stream_chunk[experiment-e6e1b95fa0564d11aa8cc7ce84149e18](live_neural): decode=0.2ms, inference=30.1ms, second_pass=0.0ms, contention=0.0ms, TOTAL=30.4ms | audio=600ms, RTF=0.05x | model=enhanced_mel, neural_total=29.5ms, model_inference=22.7ms
[TIMING] EnhancedMel.transcribe: audio_to_gpu=0.3ms, features=1.1ms, model=13.0ms, decode=3.0ms | TOTAL=17.4ms for 1200ms audio (RTF=0.01x)
[TIMING] stream_chunk[experiment-e6e1b95fa0564d11aa8cc7ce84149e18](live_neural): decode=0.2ms, inference=20.5ms, second_pass=0.0ms, contention=0.0ms, TOTAL=20.7ms | audio=600ms, RTF=0.03x | model=enhanced_mel, neural_total=20.0ms, model_inference=13.0ms
[TIMING] EnhancedMel.transcribe: audio_to_gpu=0.4ms, features=0.6ms, model=19.2ms, decode=7.9ms | TOTAL=28.0ms for 1800ms audio (RTF=0.02x)
[TIMING] stream_chunk[experiment-e6e1b95fa0564d11aa8cc7ce84149e18](live_neural): decode=0.1ms, inference=30.1ms, second_pass=0.0ms, contention=0.0ms, TOTAL=30.4ms | audio=600ms, RTF=0.05x | model=enhanced_mel, neural_total=29.6ms, model_inference=19.2ms
[TIMING] EnhancedMel.transcribe: audio_to_gpu=0.4ms, features=0.7ms, model=20.9ms, decode=7.3ms | TOTAL=29.4ms for 2400ms audio (RTF=0.01x)
[TIMING] stream_chunk[experiment-e6e1b95fa0564d11aa8cc7ce84149e18](live_neural): decode=0.1ms, inference=34.3ms, second_pass=0.0ms, contention=0.0ms, TOTAL=34.8ms | audio=600ms, RTF=0.06x | model=enhanced_mel, neural_total=33.8ms, model_inference=20.9ms
[TIMING] EnhancedMel.transcribe: audio_to_gpu=0.3ms, features=0.8ms, model=18.4ms, decode=9.3ms | TOTAL=28.8ms for 3000ms audio (RTF=0.01x)
[TIMING] stream_chunk[experiment-e6e1b95fa0564d11aa8cc7ce84149e18](live_neural): decode=0.2ms, inference=32.5ms, second_pass=0.0ms, contention=0.0ms, TOTAL=33.1ms | audio=600ms, RTF=0.06x | model=enhanced_mel, neural_total=32.0ms, model_inference=18.4ms
[TIMING] EnhancedMel.transcribe: audio_to_gpu=0.4ms, features=0.7ms, model=19.4ms, decode=8.3ms | TOTAL=28.8ms for 3000ms audio (RTF=0.01x)
[TIMING] stream_chunk[experiment-e6e1b95fa0564d11aa8cc7ce84149e18](live_neural): decode=0.2ms, inference=34.2ms, second_pass=0.0ms, contention=0.0ms, TOTAL=34.7ms | audio=600ms, RTF=0.06x | model=enhanced_mel, neural_total=33.6ms, model_inference=19.4ms
[TIMING] EnhancedMel.transcribe: audio_to_gpu=0.3ms, features=0.7ms, model=19.3ms, decode=12.6ms | TOTAL=33.0ms for 3000ms audio (RTF=0.01x)
[TIMING] stream_chunk[experiment-e6e1b95fa0564d11aa8cc7ce84149e18](live_neural): decode=0.3ms, inference=37.0ms, second_pass=0.0ms, contention=0.0ms, TOTAL=37.7ms | audio=600ms, RTF=0.06x | model=enhanced_mel, neural_total=36.4ms, model_inference=19.3ms
[TIMING] EnhancedMel.transcribe: audio_to_gpu=0.4ms, features=0.8ms, model=23.6ms, decode=11.7ms | TOTAL=36.6ms for 3000ms audio (RTF=0.01x)
[TIMING] stream_chunk[experiment-e6e1b95fa0564d11aa8cc7ce84149e18](live_neural): decode=0.1ms, inference=42.0ms, second_pass=0.0ms, contention=0.0ms, TOTAL=42.6ms | audio=600ms, RTF=0.07x | model=enhanced_mel, neural_total=41.4ms, model_inference=23.6ms
[TIMING] EnhancedMel.transcribe: audio_to_gpu=0.4ms, features=0.7ms, model=15.5ms, decode=8.7ms | TOTAL=25.3ms for 3000ms audio (RTF=0.01x)
[TIMING] stream_chunk[experiment-e6e1b95fa0564d11aa8cc7ce84149e18](live_neural): decode=0.2ms, inference=29.2ms, second_pass=0.0ms, contention=0.0ms, TOTAL=29.8ms | audio=600ms, RTF=0.05x | model=enhanced_mel, neural_total=28.5ms, model_inference=15.5ms
[TIMING] EnhancedMel.transcribe: audio_to_gpu=0.3ms, features=0.8ms, model=14.3ms, decode=8.5ms | TOTAL=24.0ms for 3000ms audio (RTF=0.01x)
[TIMING] stream_chunk[experiment-e6e1b95fa0564d11aa8cc7ce84149e18](live_neural): decode=0.2ms, inference=29.2ms, second_pass=0.0ms, contention=0.0ms, TOTAL=29.8ms | audio=600ms, RTF=0.05x | model=enhanced_mel, neural_total=28.7ms, model_inference=14.3ms
[TIMING] EnhancedMel.transcribe: audio_to_gpu=0.5ms, features=0.6ms, model=19.5ms, decode=2.6ms | TOTAL=23.1ms for 600ms audio (RTF=0.04x)
[TIMING] stream_chunk[experiment-0c87623af95b48568aa3a70041e24ef1](live_neural): decode=0.2ms, inference=25.1ms, second_pass=0.0ms, contention=0.0ms, TOTAL=25.3ms | audio=600ms, RTF=0.04x | model=enhanced_mel, neural_total=24.5ms, model_inference=19.5ms
[TIMING] EnhancedMel.transcribe: audio_to_gpu=0.2ms, features=0.5ms, model=11.7ms, decode=4.0ms | TOTAL=16.3ms for 1200ms audio (RTF=0.01x)
[TIMING] stream_chunk[experiment-0c87623af95b48568aa3a70041e24ef1](live_neural): decode=0.1ms, inference=18.2ms, second_pass=0.0ms, contention=0.0ms, TOTAL=18.4ms | audio=600ms, RTF=0.03x | model=enhanced_mel, neural_total=17.8ms, model_inference=11.7ms
[TIMING] EnhancedMel.transcribe: audio_to_gpu=0.2ms, features=0.5ms, model=13.7ms, decode=4.5ms | TOTAL=18.8ms for 1800ms audio (RTF=0.01x)
[TIMING] stream_chunk[experiment-0c87623af95b48568aa3a70041e24ef1](live_neural): decode=0.1ms, inference=22.1ms, second_pass=0.0ms, contention=0.0ms, TOTAL=22.4ms | audio=600ms, RTF=0.04x | model=enhanced_mel, neural_total=21.6ms, model_inference=13.7ms
[TIMING] EnhancedMel.transcribe: audio_to_gpu=0.3ms, features=0.5ms, model=16.4ms, decode=10.8ms | TOTAL=27.9ms for 2400ms audio (RTF=0.01x)
[TIMING] stream_chunk[experiment-0c87623af95b48568aa3a70041e24ef1](live_neural): decode=0.2ms, inference=31.9ms, second_pass=0.0ms, contention=0.0ms, TOTAL=32.3ms | audio=600ms, RTF=0.05x | model=enhanced_mel, neural_total=31.4ms, model_inference=16.4ms
[TIMING] EnhancedMel.transcribe: audio_to_gpu=1.1ms, features=1.0ms, model=14.8ms, decode=12.1ms | TOTAL=29.0ms for 3000ms audio (RTF=0.01x)
[TIMING] stream_chunk[experiment-0c87623af95b48568aa3a70041e24ef1](live_neural): decode=0.2ms, inference=34.5ms, second_pass=0.0ms, contention=0.0ms, TOTAL=35.1ms | audio=600ms, RTF=0.06x | model=enhanced_mel, neural_total=34.0ms, model_inference=14.8ms
[TIMING] EnhancedMel.transcribe: audio_to_gpu=0.3ms, features=0.6ms, model=21.2ms, decode=11.0ms | TOTAL=33.1ms for 3000ms audio (RTF=0.01x)
[TIMING] stream_chunk[experiment-0c87623af95b48568aa3a70041e24ef1](live_neural): decode=0.2ms, inference=37.0ms, second_pass=0.0ms, contention=0.0ms, TOTAL=37.6ms | audio=600ms, RTF=0.06x | model=enhanced_mel, neural_total=36.4ms, model_inference=21.2ms
[TIMING] EnhancedMel.transcribe: audio_to_gpu=0.4ms, features=0.8ms, model=17.7ms, decode=10.3ms | TOTAL=29.1ms for 3000ms audio (RTF=0.01x)
[TIMING] stream_chunk[experiment-0c87623af95b48568aa3a70041e24ef1](live_neural): decode=0.2ms, inference=33.9ms, second_pass=0.0ms, contention=0.0ms, TOTAL=34.4ms | audio=600ms, RTF=0.06x | model=enhanced_mel, neural_total=33.4ms, model_inference=17.7ms
[TIMING] EnhancedMel.transcribe: audio_to_gpu=0.9ms, features=0.9ms, model=20.1ms, decode=8.9ms | TOTAL=30.7ms for 3000ms audio (RTF=0.01x)
[TIMING] stream_chunk[experiment-0c87623af95b48568aa3a70041e24ef1](live_neural): decode=0.2ms, inference=35.7ms, second_pass=0.0ms, contention=0.0ms, TOTAL=36.3ms | audio=600ms, RTF=0.06x | model=enhanced_mel, neural_total=35.1ms, model_inference=20.1ms
[TIMING] EnhancedMel.transcribe: audio_to_gpu=0.3ms, features=0.7ms, model=17.1ms, decode=12.4ms | TOTAL=30.5ms for 3000ms audio (RTF=0.01x)
[TIMING] stream_chunk[experiment-0c87623af95b48568aa3a70041e24ef1](live_neural): decode=0.2ms, inference=34.8ms, second_pass=0.0ms, contention=0.0ms, TOTAL=35.4ms | audio=600ms, RTF=0.06x | model=enhanced_mel, neural_total=34.2ms, model_inference=17.1ms
[TIMING] EnhancedMel.transcribe: audio_to_gpu=0.4ms, features=0.6ms, model=16.9ms, decode=9.0ms | TOTAL=26.9ms for 3000ms audio (RTF=0.01x)
[TIMING] stream_chunk[experiment-0c87623af95b48568aa3a70041e24ef1](live_neural): decode=0.2ms, inference=30.7ms, second_pass=0.0ms, contention=0.0ms, TOTAL=31.3ms | audio=600ms, RTF=0.05x | model=enhanced_mel, neural_total=30.1ms, model_inference=16.9ms

[CLIP_021] Concert Etude "Gnomenreigen"
  excerpt: start=63.00s end=69.00s duration=6.00s gt_notes=141 rms=0.0904 peak=0.6430 crest=7.115 rms_std=0.0461
    control:
      note metrics: precision=0.833 recall=0.922 f1=0.875 matched=130/141 pred=156
      strict onset f1: 10ms=0.660 20ms=0.842 30ms=0.869
      timing metrics: offset_f1=0.795 rhythm_precision=0.908 note_value_acc=0.754 note_value_n=130 avg_beat_error=0.067
      duplicate metrics: duplicates=13 per_100_notes=8.33
      boundary metrics: gt=43 matched=41 missed=2 miss_rate=0.047
      latency: avg_chunk_ms=32.39 p95_chunk_ms=40.38 avg_rtf=0.054
      notation metrics: first_correct_ms=52.7 visible_p50_ms=386.8 visible_p95_ms=619.1 stabilize_p50_ms=1684.4 stabilize_p95_ms=2162.0 avg_revisions=1.64 matched=45 refined=45 snapshots=18
      algorithmic latency: first_correct_ms=18.0 visible_p50_ms=357.0 visible_p95_ms=586.7 stabilize_p50_ms=1145.8 stabilize_p95_ms=1591.0
      final display note metrics: precision=0.908 recall=0.908 f1=0.908 matched=128/141 pred=141
      final display strict onset f1: 10ms=0.652 20ms=0.865 30ms=0.901
      final display timing: offset_f1=0.823 rhythm_precision=0.906 note_value_acc=0.422 note_value_n=128 avg_beat_error=0.127
      final display structure: cluster_f1=0.567 onset_align_recall=0.966 avg_jaccard=0.846 exact=34/59 pred=61 over=8 under=10 pitch_conflicts=5 missed_gt=2
      threshold profiles: hit_rate=0.000 thresholds=[0.55] profiles={'fixed_baseline': 10}
    treatment:
      note metrics: precision=0.833 recall=0.922 f1=0.875 matched=130/141 pred=156
      strict onset f1: 10ms=0.660 20ms=0.842 30ms=0.869
      timing metrics: offset_f1=0.795 rhythm_precision=0.908 note_value_acc=0.754 note_value_n=130 avg_beat_error=0.067
      duplicate metrics: duplicates=13 per_100_notes=8.33
      boundary metrics: gt=43 matched=41 missed=2 miss_rate=0.047
      latency: avg_chunk_ms=30.85 p95_chunk_ms=36.99 avg_rtf=0.051
      notation metrics: first_correct_ms=55.5 visible_p50_ms=392.5 visible_p95_ms=621.4 stabilize_p50_ms=1687.7 stabilize_p95_ms=2155.7 avg_revisions=1.64 matched=45 refined=45 snapshots=18
      algorithmic latency: first_correct_ms=18.0 visible_p50_ms=357.0 visible_p95_ms=586.7 stabilize_p50_ms=1145.8 stabilize_p95_ms=1591.0
      final display note metrics: precision=0.908 recall=0.908 f1=0.908 matched=128/141 pred=141
      final display strict onset f1: 10ms=0.652 20ms=0.865 30ms=0.901
      final display timing: offset_f1=0.823 rhythm_precision=0.906 note_value_acc=0.422 note_value_n=128 avg_beat_error=0.127
      final display structure: cluster_f1=0.567 onset_align_recall=0.966 avg_jaccard=0.846 exact=34/59 pred=61 over=8 under=10 pitch_conflicts=5 missed_gt=2
      threshold profiles: hit_rate=0.100 thresholds=[0.46, 0.55] profiles={'baseline_nominal': 9, 'loud_dense_precision': 1}
    delta treatment-control: precision=+0.000 recall=+0.000 f1=+0.000 offset_f1=+0.000 note_value_acc=+0.000 dup_per_100=+0.00 boundary_miss_rate=+0.000 p95_chunk_ms=-3.39 f1_10ms=+0.000 f1_20ms=+0.000 f1_30ms=+0.000 visible_p50_ms=+5.7 stabilize_p50_ms=+3.4 algo_visible_p50_ms=+0.0 algo_stabilize_p50_ms=+0.0 avg_revisions=+0.00 display_note_f1=+0.000 display_offset_f1=+0.000 display_cluster_f1=+0.000 display_cluster_jaccard=+0.000
    failure buckets: ['runtime_only_win', 'boundary_miss_failure', 'high_revision_slow_stabilization']
      boundary diagnostics: missed=2 by_arm={'control': 2, 'treatment': 2} tags={'control_boundary_miss': 2, 'no_control_coarse_candidate': 2}
        miss: pitch=69 onset=3.085s boundary_delta_ms=+84.6 control_coarse=False treatment_coarse=False retro=n/a
        miss: pitch=69 onset=5.466s boundary_delta_ms=+66.1 control_coarse=False treatment_coarse=False retro=n/a
[TIMING] EnhancedMel.transcribe: audio_to_gpu=0.7ms, features=0.8ms, model=19.8ms, decode=2.8ms | TOTAL=24.1ms for 600ms audio (RTF=0.04x)
[TIMING] stream_chunk[experiment-9980372b475449a58d36e63f2e909add](live_neural): decode=0.3ms, inference=29.2ms, second_pass=0.0ms, contention=0.0ms, TOTAL=29.7ms | audio=600ms, RTF=0.05x | model=enhanced_mel, neural_total=28.4ms, model_inference=19.8ms
[TIMING] EnhancedMel.transcribe: audio_to_gpu=0.3ms, features=0.7ms, model=18.7ms, decode=6.3ms | TOTAL=25.9ms for 1200ms audio (RTF=0.02x)
[TIMING] stream_chunk[experiment-9980372b475449a58d36e63f2e909add](live_neural): decode=0.2ms, inference=30.2ms, second_pass=0.0ms, contention=0.0ms, TOTAL=30.7ms | audio=600ms, RTF=0.05x | model=enhanced_mel, neural_total=29.7ms, model_inference=18.7ms
[TIMING] EnhancedMel.transcribe: audio_to_gpu=0.3ms, features=0.9ms, model=19.2ms, decode=6.1ms | TOTAL=26.6ms for 1800ms audio (RTF=0.01x)
[TIMING] stream_chunk[experiment-9980372b475449a58d36e63f2e909add](live_neural): decode=0.4ms, inference=31.1ms, second_pass=0.0ms, contention=0.0ms, TOTAL=31.8ms | audio=600ms, RTF=0.05x | model=enhanced_mel, neural_total=30.3ms, model_inference=19.2ms
[TIMING] EnhancedMel.transcribe: audio_to_gpu=0.3ms, features=0.8ms, model=22.9ms, decode=12.2ms | TOTAL=36.2ms for 2400ms audio (RTF=0.02x)
[TIMING] stream_chunk[experiment-9980372b475449a58d36e63f2e909add](live_neural): decode=0.2ms, inference=41.9ms, second_pass=0.0ms, contention=0.0ms, TOTAL=43.0ms | audio=600ms, RTF=0.07x | model=enhanced_mel, neural_total=41.3ms, model_inference=22.9ms
[TIMING] EnhancedMel.transcribe: audio_to_gpu=0.3ms, features=0.6ms, model=15.0ms, decode=8.7ms | TOTAL=24.6ms for 3000ms audio (RTF=0.01x)
[TIMING] stream_chunk[experiment-9980372b475449a58d36e63f2e909add](live_neural): decode=0.2ms, inference=30.5ms, second_pass=0.0ms, contention=0.0ms, TOTAL=31.2ms | audio=600ms, RTF=0.05x | model=enhanced_mel, neural_total=29.9ms, model_inference=15.0ms
[TIMING] EnhancedMel.transcribe: audio_to_gpu=0.3ms, features=0.6ms, model=17.3ms, decode=7.0ms | TOTAL=25.3ms for 3000ms audio (RTF=0.01x)
[TIMING] stream_chunk[experiment-9980372b475449a58d36e63f2e909add](live_neural): decode=0.2ms, inference=28.8ms, second_pass=0.0ms, contention=0.0ms, TOTAL=29.4ms | audio=600ms, RTF=0.05x | model=enhanced_mel, neural_total=28.4ms, model_inference=17.3ms
[TIMING] EnhancedMel.transcribe: audio_to_gpu=0.3ms, features=0.7ms, model=20.8ms, decode=8.6ms | TOTAL=30.4ms for 3000ms audio (RTF=0.01x)
[TIMING] stream_chunk[experiment-9980372b475449a58d36e63f2e909add](live_neural): decode=0.1ms, inference=33.0ms, second_pass=0.0ms, contention=0.0ms, TOTAL=33.6ms | audio=600ms, RTF=0.06x | model=enhanced_mel, neural_total=32.5ms, model_inference=20.8ms
[TIMING] EnhancedMel.transcribe: audio_to_gpu=0.4ms, features=0.6ms, model=15.1ms, decode=8.4ms | TOTAL=24.5ms for 3000ms audio (RTF=0.01x)
[TIMING] stream_chunk[experiment-9980372b475449a58d36e63f2e909add](live_neural): decode=0.2ms, inference=29.0ms, second_pass=0.0ms, contention=0.0ms, TOTAL=29.8ms | audio=600ms, RTF=0.05x | model=enhanced_mel, neural_total=27.8ms, model_inference=15.1ms
[TIMING] EnhancedMel.transcribe: audio_to_gpu=0.4ms, features=0.8ms, model=17.5ms, decode=8.4ms | TOTAL=27.0ms for 3000ms audio (RTF=0.01x)
[TIMING] stream_chunk[experiment-9980372b475449a58d36e63f2e909add](live_neural): decode=0.3ms, inference=31.7ms, second_pass=0.0ms, contention=0.0ms, TOTAL=32.4ms | audio=600ms, RTF=0.05x | model=enhanced_mel, neural_total=31.1ms, model_inference=17.5ms
[TIMING] EnhancedMel.transcribe: audio_to_gpu=0.3ms, features=1.1ms, model=15.5ms, decode=11.5ms | TOTAL=28.4ms for 3000ms audio (RTF=0.01x)
[TIMING] stream_chunk[experiment-9980372b475449a58d36e63f2e909add](live_neural): decode=0.3ms, inference=32.0ms, second_pass=0.0ms, contention=0.0ms, TOTAL=32.6ms | audio=600ms, RTF=0.05x | model=enhanced_mel, neural_total=31.6ms, model_inference=15.5ms
[TIMING] EnhancedMel.transcribe: audio_to_gpu=0.5ms, features=0.7ms, model=16.5ms, decode=2.3ms | TOTAL=20.0ms for 600ms audio (RTF=0.03x)
[TIMING] stream_chunk[experiment-dbb2c906d4d64269bdd08f85fb09e0f1](live_neural): decode=0.2ms, inference=23.0ms, second_pass=0.0ms, contention=0.0ms, TOTAL=23.2ms | audio=600ms, RTF=0.04x | model=enhanced_mel, neural_total=22.4ms, model_inference=16.5ms
[TIMING] EnhancedMel.transcribe: audio_to_gpu=0.2ms, features=1.7ms, model=19.3ms, decode=4.7ms | TOTAL=25.9ms for 1200ms audio (RTF=0.02x)
[TIMING] stream_chunk[experiment-dbb2c906d4d64269bdd08f85fb09e0f1](live_neural): decode=0.2ms, inference=30.1ms, second_pass=0.0ms, contention=0.0ms, TOTAL=30.5ms | audio=600ms, RTF=0.05x | model=enhanced_mel, neural_total=29.6ms, model_inference=19.3ms
[TIMING] EnhancedMel.transcribe: audio_to_gpu=0.4ms, features=0.8ms, model=18.9ms, decode=5.3ms | TOTAL=25.3ms for 1800ms audio (RTF=0.01x)
[TIMING] stream_chunk[experiment-dbb2c906d4d64269bdd08f85fb09e0f1](live_neural): decode=0.3ms, inference=31.4ms, second_pass=0.0ms, contention=0.0ms, TOTAL=31.9ms | audio=600ms, RTF=0.05x | model=enhanced_mel, neural_total=30.7ms, model_inference=18.9ms
[TIMING] EnhancedMel.transcribe: audio_to_gpu=0.2ms, features=0.7ms, model=20.0ms, decode=6.8ms | TOTAL=27.8ms for 2400ms audio (RTF=0.01x)
[TIMING] stream_chunk[experiment-dbb2c906d4d64269bdd08f85fb09e0f1](live_neural): decode=0.3ms, inference=33.0ms, second_pass=0.0ms, contention=0.0ms, TOTAL=33.7ms | audio=600ms, RTF=0.06x | model=enhanced_mel, neural_total=32.4ms, model_inference=20.0ms
[TIMING] EnhancedMel.transcribe: audio_to_gpu=0.3ms, features=0.6ms, model=20.2ms, decode=9.8ms | TOTAL=30.9ms for 3000ms audio (RTF=0.01x)
[TIMING] stream_chunk[experiment-dbb2c906d4d64269bdd08f85fb09e0f1](live_neural): decode=0.2ms, inference=34.0ms, second_pass=0.0ms, contention=0.0ms, TOTAL=34.6ms | audio=600ms, RTF=0.06x | model=enhanced_mel, neural_total=33.4ms, model_inference=20.2ms
[TIMING] EnhancedMel.transcribe: audio_to_gpu=0.3ms, features=1.7ms, model=21.4ms, decode=8.2ms | TOTAL=31.6ms for 3000ms audio (RTF=0.01x)
[TIMING] stream_chunk[experiment-dbb2c906d4d64269bdd08f85fb09e0f1](live_neural): decode=0.3ms, inference=36.9ms, second_pass=0.0ms, contention=0.0ms, TOTAL=37.7ms | audio=600ms, RTF=0.06x | model=enhanced_mel, neural_total=36.2ms, model_inference=21.4ms
[TIMING] EnhancedMel.transcribe: audio_to_gpu=0.3ms, features=0.8ms, model=20.3ms, decode=8.8ms | TOTAL=30.2ms for 3000ms audio (RTF=0.01x)
[TIMING] stream_chunk[experiment-dbb2c906d4d64269bdd08f85fb09e0f1](live_neural): decode=0.2ms, inference=35.7ms, second_pass=0.0ms, contention=0.0ms, TOTAL=36.4ms | audio=600ms, RTF=0.06x | model=enhanced_mel, neural_total=35.2ms, model_inference=20.3ms
[TIMING] EnhancedMel.transcribe: audio_to_gpu=0.4ms, features=0.7ms, model=16.6ms, decode=9.2ms | TOTAL=26.8ms for 3000ms audio (RTF=0.01x)
[TIMING] stream_chunk[experiment-dbb2c906d4d64269bdd08f85fb09e0f1](live_neural): decode=0.2ms, inference=31.7ms, second_pass=0.0ms, contention=0.0ms, TOTAL=32.5ms | audio=600ms, RTF=0.05x | model=enhanced_mel, neural_total=31.0ms, model_inference=16.6ms
[TIMING] EnhancedMel.transcribe: audio_to_gpu=0.4ms, features=2.2ms, model=15.2ms, decode=11.3ms | TOTAL=29.1ms for 3000ms audio (RTF=0.01x)
[TIMING] stream_chunk[experiment-dbb2c906d4d64269bdd08f85fb09e0f1](live_neural): decode=0.3ms, inference=33.8ms, second_pass=0.0ms, contention=0.0ms, TOTAL=34.5ms | audio=600ms, RTF=0.06x | model=enhanced_mel, neural_total=32.8ms, model_inference=15.2ms
[TIMING] EnhancedMel.transcribe: audio_to_gpu=0.4ms, features=0.8ms, model=22.5ms, decode=12.3ms | TOTAL=35.9ms for 3000ms audio (RTF=0.01x)
[TIMING] stream_chunk[experiment-dbb2c906d4d64269bdd08f85fb09e0f1](live_neural): decode=0.3ms, inference=41.7ms, second_pass=0.0ms, contention=0.0ms, TOTAL=42.2ms | audio=600ms, RTF=0.07x | model=enhanced_mel, neural_total=41.1ms, model_inference=22.5ms

[CLIP_022] Au bord d'une source
  excerpt: start=30.00s end=36.00s duration=6.00s gt_notes=137 rms=0.0340 peak=0.1971 crest=5.791 rms_std=0.0167
    control:
      note metrics: precision=0.867 recall=0.949 f1=0.906 matched=130/137 pred=150
      strict onset f1: 10ms=0.690 20ms=0.878 30ms=0.906
      timing metrics: offset_f1=0.822 rhythm_precision=0.908 note_value_acc=0.554 note_value_n=130 avg_beat_error=0.072
      duplicate metrics: duplicates=12 per_100_notes=8.00
      boundary metrics: gt=46 matched=44 missed=2 miss_rate=0.043
      latency: avg_chunk_ms=32.41 p95_chunk_ms=38.79 avg_rtf=0.054
      notation metrics: first_correct_ms=28.6 visible_p50_ms=388.5 visible_p95_ms=668.9 stabilize_p50_ms=1872.9 stabilize_p95_ms=3466.7 avg_revisions=2.17 matched=18 refined=18 snapshots=19
      algorithmic latency: first_correct_ms=0.0 visible_p50_ms=359.1 visible_p95_ms=637.1 stabilize_p50_ms=1440.6 stabilize_p95_ms=3037.1
      final display note metrics: precision=0.962 recall=0.934 f1=0.948 matched=128/137 pred=133
      final display strict onset f1: 10ms=0.704 20ms=0.919 30ms=0.948
      final display timing: offset_f1=0.859 rhythm_precision=0.906 note_value_acc=0.391 note_value_n=128 avg_beat_error=0.151
      final display structure: cluster_f1=0.765 onset_align_recall=1.000 avg_jaccard=0.918 exact=44/57 pred=58 over=4 under=9 pitch_conflicts=0 missed_gt=0
      threshold profiles: hit_rate=0.000 thresholds=[0.55] profiles={'fixed_baseline': 10}
    treatment:
      note metrics: precision=0.867 recall=0.949 f1=0.906 matched=130/137 pred=150
      strict onset f1: 10ms=0.690 20ms=0.878 30ms=0.906
      timing metrics: offset_f1=0.822 rhythm_precision=0.908 note_value_acc=0.554 note_value_n=130 avg_beat_error=0.072
      duplicate metrics: duplicates=12 per_100_notes=8.00
      boundary metrics: gt=46 matched=44 missed=2 miss_rate=0.043
      latency: avg_chunk_ms=33.71 p95_chunk_ms=40.18 avg_rtf=0.056
      notation metrics: first_correct_ms=32.0 visible_p50_ms=396.8 visible_p95_ms=669.0 stabilize_p50_ms=1874.3 stabilize_p95_ms=3475.5 avg_revisions=2.17 matched=18 refined=18 snapshots=19
      algorithmic latency: first_correct_ms=0.0 visible_p50_ms=359.1 visible_p95_ms=637.1 stabilize_p50_ms=1440.6 stabilize_p95_ms=3037.1
      final display note metrics: precision=0.962 recall=0.934 f1=0.948 matched=128/137 pred=133
      final display strict onset f1: 10ms=0.704 20ms=0.919 30ms=0.948
      final display timing: offset_f1=0.859 rhythm_precision=0.906 note_value_acc=0.391 note_value_n=128 avg_beat_error=0.151
      final display structure: cluster_f1=0.765 onset_align_recall=1.000 avg_jaccard=0.918 exact=44/57 pred=58 over=4 under=9 pitch_conflicts=0 missed_gt=0
      threshold profiles: hit_rate=0.100 thresholds=[0.51, 0.55] profiles={'baseline_nominal': 9, 'soft_sparse_recall': 1}
    delta treatment-control: precision=+0.000 recall=+0.000 f1=+0.000 offset_f1=+0.000 note_value_acc=+0.000 dup_per_100=+0.00 boundary_miss_rate=+0.000 p95_chunk_ms=+1.39 f1_10ms=+0.000 f1_20ms=+0.000 f1_30ms=+0.000 visible_p50_ms=+8.3 stabilize_p50_ms=+1.4 algo_visible_p50_ms=+0.0 algo_stabilize_p50_ms=+0.0 avg_revisions=+0.00 display_note_f1=+0.000 display_offset_f1=+0.000 display_cluster_f1=+0.000 display_cluster_jaccard=+0.000
    failure buckets: ['boundary_miss_failure', 'high_revision_slow_stabilization']
      boundary diagnostics: missed=2 by_arm={'control': 2, 'treatment': 2} tags={'control_boundary_miss': 2, 'no_control_coarse_candidate': 2}
        miss: pitch=80 onset=0.663s boundary_delta_ms=+62.8 control_coarse=False treatment_coarse=False retro=n/a
        miss: pitch=92 onset=5.470s boundary_delta_ms=+70.1 control_coarse=False treatment_coarse=False retro=n/a
[TIMING] EnhancedMel.transcribe: audio_to_gpu=0.6ms, features=0.6ms, model=12.9ms, decode=2.0ms | TOTAL=16.0ms for 600ms audio (RTF=0.03x)
[TIMING] stream_chunk[experiment-c6caf64f131e45e383960d7cfc0c7b33](live_neural): decode=0.4ms, inference=19.0ms, second_pass=0.0ms, contention=0.0ms, TOTAL=19.5ms | audio=600ms, RTF=0.03x | model=enhanced_mel, neural_total=18.3ms, model_inference=12.9ms
[TIMING] EnhancedMel.transcribe: audio_to_gpu=0.3ms, features=0.5ms, model=12.3ms, decode=4.9ms | TOTAL=17.9ms for 1200ms audio (RTF=0.01x)
[TIMING] stream_chunk[experiment-c6caf64f131e45e383960d7cfc0c7b33](live_neural): decode=0.3ms, inference=21.1ms, second_pass=0.0ms, contention=0.0ms, TOTAL=21.7ms | audio=600ms, RTF=0.04x | model=enhanced_mel, neural_total=20.6ms, model_inference=12.3ms
[TIMING] EnhancedMel.transcribe: audio_to_gpu=0.4ms, features=0.6ms, model=14.9ms, decode=5.3ms | TOTAL=21.2ms for 1800ms audio (RTF=0.01x)
[TIMING] stream_chunk[experiment-c6caf64f131e45e383960d7cfc0c7b33](live_neural): decode=0.3ms, inference=26.1ms, second_pass=0.0ms, contention=0.0ms, TOTAL=26.7ms | audio=600ms, RTF=0.04x | model=enhanced_mel, neural_total=25.5ms, model_inference=14.9ms
[TIMING] EnhancedMel.transcribe: audio_to_gpu=0.2ms, features=0.5ms, model=19.9ms, decode=11.9ms | TOTAL=32.4ms for 2400ms audio (RTF=0.01x)
[TIMING] stream_chunk[experiment-c6caf64f131e45e383960d7cfc0c7b33](live_neural): decode=0.2ms, inference=38.6ms, second_pass=0.0ms, contention=0.0ms, TOTAL=39.3ms | audio=600ms, RTF=0.07x | model=enhanced_mel, neural_total=38.0ms, model_inference=19.9ms
[TIMING] EnhancedMel.transcribe: audio_to_gpu=0.3ms, features=0.7ms, model=21.3ms, decode=10.9ms | TOTAL=33.3ms for 3000ms audio (RTF=0.01x)
[TIMING] stream_chunk[experiment-c6caf64f131e45e383960d7cfc0c7b33](live_neural): decode=0.3ms, inference=39.9ms, second_pass=0.0ms, contention=0.0ms, TOTAL=40.5ms | audio=600ms, RTF=0.07x | model=enhanced_mel, neural_total=39.4ms, model_inference=21.3ms
[TIMING] EnhancedMel.transcribe: audio_to_gpu=0.5ms, features=0.8ms, model=19.7ms, decode=9.0ms | TOTAL=30.1ms for 3000ms audio (RTF=0.01x)
[TIMING] stream_chunk[experiment-c6caf64f131e45e383960d7cfc0c7b33](live_neural): decode=0.1ms, inference=35.0ms, second_pass=0.0ms, contention=0.0ms, TOTAL=35.5ms | audio=600ms, RTF=0.06x | model=enhanced_mel, neural_total=34.4ms, model_inference=19.7ms
[TIMING] EnhancedMel.transcribe: audio_to_gpu=0.3ms, features=2.3ms, model=16.4ms, decode=9.8ms | TOTAL=28.8ms for 3000ms audio (RTF=0.01x)
[TIMING] stream_chunk[experiment-c6caf64f131e45e383960d7cfc0c7b33](live_neural): decode=0.2ms, inference=32.7ms, second_pass=0.0ms, contention=0.0ms, TOTAL=33.2ms | audio=600ms, RTF=0.06x | model=enhanced_mel, neural_total=32.1ms, model_inference=16.4ms
[TIMING] EnhancedMel.transcribe: audio_to_gpu=0.3ms, features=3.1ms, model=15.8ms, decode=8.5ms | TOTAL=27.7ms for 3000ms audio (RTF=0.01x)
[TIMING] stream_chunk[experiment-c6caf64f131e45e383960d7cfc0c7b33](live_neural): decode=0.3ms, inference=33.0ms, second_pass=0.0ms, contention=0.0ms, TOTAL=33.6ms | audio=600ms, RTF=0.06x | model=enhanced_mel, neural_total=32.5ms, model_inference=15.8ms
[TIMING] EnhancedMel.transcribe: audio_to_gpu=0.3ms, features=4.4ms, model=15.4ms, decode=9.7ms | TOTAL=29.8ms for 3000ms audio (RTF=0.01x)
[TIMING] stream_chunk[experiment-c6caf64f131e45e383960d7cfc0c7b33](live_neural): decode=0.2ms, inference=33.6ms, second_pass=0.0ms, contention=0.0ms, TOTAL=34.1ms | audio=600ms, RTF=0.06x | model=enhanced_mel, neural_total=33.1ms, model_inference=15.4ms
[TIMING] EnhancedMel.transcribe: audio_to_gpu=0.3ms, features=0.6ms, model=17.3ms, decode=11.6ms | TOTAL=29.8ms for 3000ms audio (RTF=0.01x)
[TIMING] stream_chunk[experiment-c6caf64f131e45e383960d7cfc0c7b33](live_neural): decode=0.2ms, inference=33.0ms, second_pass=0.0ms, contention=0.0ms, TOTAL=33.4ms | audio=600ms, RTF=0.06x | model=enhanced_mel, neural_total=32.4ms, model_inference=17.3ms
[TIMING] EnhancedMel.transcribe: audio_to_gpu=0.3ms, features=1.0ms, model=20.4ms, decode=2.6ms | TOTAL=24.3ms for 600ms audio (RTF=0.04x)
[TIMING] stream_chunk[experiment-fe22ce74469f4eff840e31f186aaece9](live_neural): decode=0.2ms, inference=26.3ms, second_pass=0.0ms, contention=0.0ms, TOTAL=26.6ms | audio=600ms, RTF=0.04x | model=enhanced_mel, neural_total=25.8ms, model_inference=20.4ms
[TIMING] EnhancedMel.transcribe: audio_to_gpu=0.2ms, features=0.5ms, model=14.4ms, decode=3.7ms | TOTAL=18.8ms for 1200ms audio (RTF=0.02x)
[TIMING] stream_chunk[experiment-fe22ce74469f4eff840e31f186aaece9](live_neural): decode=0.2ms, inference=22.1ms, second_pass=0.0ms, contention=0.0ms, TOTAL=22.6ms | audio=600ms, RTF=0.04x | model=enhanced_mel, neural_total=21.6ms, model_inference=14.4ms
[TIMING] EnhancedMel.transcribe: audio_to_gpu=0.2ms, features=0.4ms, model=19.5ms, decode=5.6ms | TOTAL=25.8ms for 1800ms audio (RTF=0.01x)
[TIMING] stream_chunk[experiment-fe22ce74469f4eff840e31f186aaece9](live_neural): decode=0.2ms, inference=29.8ms, second_pass=0.0ms, contention=0.0ms, TOTAL=30.4ms | audio=600ms, RTF=0.05x | model=enhanced_mel, neural_total=28.4ms, model_inference=19.5ms
[TIMING] EnhancedMel.transcribe: audio_to_gpu=0.4ms, features=1.1ms, model=15.0ms, decode=6.9ms | TOTAL=23.4ms for 2400ms audio (RTF=0.01x)
[TIMING] stream_chunk[experiment-fe22ce74469f4eff840e31f186aaece9](live_neural): decode=0.2ms, inference=27.1ms, second_pass=0.0ms, contention=0.0ms, TOTAL=27.5ms | audio=600ms, RTF=0.05x | model=enhanced_mel, neural_total=26.6ms, model_inference=15.0ms
[TIMING] EnhancedMel.transcribe: audio_to_gpu=0.3ms, features=0.5ms, model=15.3ms, decode=9.6ms | TOTAL=25.7ms for 3000ms audio (RTF=0.01x)
[TIMING] stream_chunk[experiment-fe22ce74469f4eff840e31f186aaece9](live_neural): decode=0.3ms, inference=29.5ms, second_pass=0.0ms, contention=0.0ms, TOTAL=30.2ms | audio=600ms, RTF=0.05x | model=enhanced_mel, neural_total=28.9ms, model_inference=15.3ms
[TIMING] EnhancedMel.transcribe: audio_to_gpu=0.3ms, features=2.9ms, model=15.2ms, decode=8.7ms | TOTAL=27.1ms for 3000ms audio (RTF=0.01x)
[TIMING] stream_chunk[experiment-fe22ce74469f4eff840e31f186aaece9](live_neural): decode=0.2ms, inference=30.3ms, second_pass=0.0ms, contention=0.0ms, TOTAL=30.8ms | audio=600ms, RTF=0.05x | model=enhanced_mel, neural_total=29.8ms, model_inference=15.2ms
[TIMING] EnhancedMel.transcribe: audio_to_gpu=0.3ms, features=1.5ms, model=15.5ms, decode=7.2ms | TOTAL=24.5ms for 3000ms audio (RTF=0.01x)
[TIMING] stream_chunk[experiment-fe22ce74469f4eff840e31f186aaece9](live_neural): decode=0.3ms, inference=28.8ms, second_pass=0.0ms, contention=0.0ms, TOTAL=29.3ms | audio=600ms, RTF=0.05x | model=enhanced_mel, neural_total=28.3ms, model_inference=15.5ms
[TIMING] EnhancedMel.transcribe: audio_to_gpu=0.3ms, features=0.6ms, model=18.8ms, decode=6.1ms | TOTAL=25.8ms for 3000ms audio (RTF=0.01x)
[TIMING] stream_chunk[experiment-fe22ce74469f4eff840e31f186aaece9](live_neural): decode=0.1ms, inference=29.5ms, second_pass=0.0ms, contention=0.0ms, TOTAL=29.9ms | audio=600ms, RTF=0.05x | model=enhanced_mel, neural_total=29.1ms, model_inference=18.8ms
[TIMING] EnhancedMel.transcribe: audio_to_gpu=0.2ms, features=0.5ms, model=15.4ms, decode=12.8ms | TOTAL=28.8ms for 3000ms audio (RTF=0.01x)
[TIMING] stream_chunk[experiment-fe22ce74469f4eff840e31f186aaece9](live_neural): decode=0.3ms, inference=32.7ms, second_pass=0.0ms, contention=0.0ms, TOTAL=33.3ms | audio=600ms, RTF=0.06x | model=enhanced_mel, neural_total=32.0ms, model_inference=15.4ms
[TIMING] EnhancedMel.transcribe: audio_to_gpu=0.3ms, features=0.7ms, model=17.9ms, decode=10.8ms | TOTAL=29.7ms for 3000ms audio (RTF=0.01x)
[TIMING] stream_chunk[experiment-fe22ce74469f4eff840e31f186aaece9](live_neural): decode=0.2ms, inference=35.1ms, second_pass=0.0ms, contention=0.0ms, TOTAL=35.6ms | audio=600ms, RTF=0.06x | model=enhanced_mel, neural_total=34.5ms, model_inference=17.9ms

[CLIP_023] Etude No. 7 "Study in Chromatic Steps"
  excerpt: start=78.00s end=84.00s duration=6.00s gt_notes=137 rms=0.1020 peak=0.5496 crest=5.387 rms_std=0.0281
    control:
      note metrics: precision=0.894 recall=0.985 f1=0.937 matched=135/137 pred=151
      strict onset f1: 10ms=0.715 20ms=0.931 30ms=0.937
      timing metrics: offset_f1=0.917 rhythm_precision=0.978 note_value_acc=0.600 note_value_n=135 avg_beat_error=0.044
      duplicate metrics: duplicates=6 per_100_notes=3.97
      boundary metrics: gt=36 matched=35 missed=1 miss_rate=0.028
      latency: avg_chunk_ms=31.76 p95_chunk_ms=39.96 avg_rtf=0.053
      notation metrics: first_correct_ms=77.8 visible_p50_ms=332.6 visible_p95_ms=621.1 stabilize_p50_ms=947.7 stabilize_p95_ms=1899.8 avg_revisions=1.10 matched=68 refined=68 snapshots=20
      algorithmic latency: first_correct_ms=44.8 visible_p50_ms=299.0 visible_p95_ms=589.9 stabilize_p50_ms=521.9 stabilize_p95_ms=1399.0
      final display note metrics: precision=0.918 recall=0.978 f1=0.947 matched=134/137 pred=146
      final display strict onset f1: 10ms=0.714 20ms=0.940 30ms=0.947
      final display timing: offset_f1=0.926 rhythm_precision=0.978 note_value_acc=0.254 note_value_n=134 avg_beat_error=0.097
      final display structure: cluster_f1=0.618 onset_align_recall=0.961 avg_jaccard=0.820 exact=47/77 pred=75 over=16 under=8 pitch_conflicts=3 missed_gt=3
      threshold profiles: hit_rate=0.000 thresholds=[0.55] profiles={'fixed_baseline': 10}
    treatment:
      note metrics: precision=0.888 recall=0.985 f1=0.934 matched=135/137 pred=152
      strict onset f1: 10ms=0.713 20ms=0.927 30ms=0.934
      timing metrics: offset_f1=0.913 rhythm_precision=0.978 note_value_acc=0.600 note_value_n=135 avg_beat_error=0.044
      duplicate metrics: duplicates=6 per_100_notes=3.95
      boundary metrics: gt=36 matched=35 missed=1 miss_rate=0.028
      latency: avg_chunk_ms=29.62 p95_chunk_ms=34.57 avg_rtf=0.049
      notation metrics: first_correct_ms=74.7 visible_p50_ms=330.2 visible_p95_ms=620.0 stabilize_p50_ms=943.4 stabilize_p95_ms=1896.0 avg_revisions=1.10 matched=68 refined=68 snapshots=20
      algorithmic latency: first_correct_ms=44.8 visible_p50_ms=299.0 visible_p95_ms=589.9 stabilize_p50_ms=521.9 stabilize_p95_ms=1399.0
      final display note metrics: precision=0.912 recall=0.978 f1=0.944 matched=134/137 pred=147
      final display strict onset f1: 10ms=0.711 20ms=0.937 30ms=0.944
      final display timing: offset_f1=0.923 rhythm_precision=0.978 note_value_acc=0.254 note_value_n=134 avg_beat_error=0.096
      final display structure: cluster_f1=0.618 onset_align_recall=0.961 avg_jaccard=0.818 exact=47/77 pred=75 over=16 under=8 pitch_conflicts=3 missed_gt=3
      threshold profiles: hit_rate=0.200 thresholds=[0.46, 0.55] profiles={'baseline_nominal': 8, 'loud_dense_precision': 2}
    delta treatment-control: precision=-0.006 recall=+0.000 f1=-0.003 offset_f1=-0.003 note_value_acc=+0.000 dup_per_100=-0.03 boundary_miss_rate=+0.000 p95_chunk_ms=-5.39 f1_10ms=-0.002 f1_20ms=-0.003 f1_30ms=-0.003 visible_p50_ms=-2.3 stabilize_p50_ms=-4.3 algo_visible_p50_ms=+0.0 algo_stabilize_p50_ms=+0.0 avg_revisions=+0.00 display_note_f1=-0.003 display_offset_f1=-0.003 display_cluster_f1=+0.000 display_cluster_jaccard=-0.002
    failure buckets: ['runtime_only_win', 'boundary_miss_failure', 'high_revision_slow_stabilization']
      boundary diagnostics: missed=1 by_arm={'control': 1, 'treatment': 1} tags={'control_boundary_miss': 1, 'control_timing_or_quantization_drift': 1, 'treatment_candidate_not_retained': 1}
        miss: pitch=72 onset=4.883s boundary_delta_ms=+83.3 control_coarse=True treatment_coarse=True retro=n/a
[TIMING] EnhancedMel.transcribe: audio_to_gpu=0.8ms, features=0.8ms, model=23.0ms, decode=2.3ms | TOTAL=27.0ms for 600ms audio (RTF=0.04x)
[TIMING] stream_chunk[experiment-e96bd8c8be3247eb8018348f4c7654e8](live_neural): decode=0.3ms, inference=31.4ms, second_pass=0.0ms, contention=0.0ms, TOTAL=31.8ms | audio=600ms, RTF=0.05x | model=enhanced_mel, neural_total=30.9ms, model_inference=23.0ms
[TIMING] EnhancedMel.transcribe: audio_to_gpu=0.2ms, features=0.4ms, model=12.2ms, decode=6.0ms | TOTAL=18.8ms for 1200ms audio (RTF=0.02x)
[TIMING] stream_chunk[experiment-e96bd8c8be3247eb8018348f4c7654e8](live_neural): decode=0.3ms, inference=22.5ms, second_pass=0.0ms, contention=0.0ms, TOTAL=23.0ms | audio=600ms, RTF=0.04x | model=enhanced_mel, neural_total=22.1ms, model_inference=12.2ms
[TIMING] EnhancedMel.transcribe: audio_to_gpu=0.1ms, features=0.4ms, model=17.9ms, decode=6.7ms | TOTAL=25.2ms for 1800ms audio (RTF=0.01x)
[TIMING] stream_chunk[experiment-e96bd8c8be3247eb8018348f4c7654e8](live_neural): decode=0.2ms, inference=28.1ms, second_pass=0.0ms, contention=0.0ms, TOTAL=28.5ms | audio=600ms, RTF=0.05x | model=enhanced_mel, neural_total=27.7ms, model_inference=17.9ms
[TIMING] EnhancedMel.transcribe: audio_to_gpu=0.3ms, features=0.5ms, model=14.5ms, decode=9.4ms | TOTAL=24.6ms for 2400ms audio (RTF=0.01x)
[TIMING] stream_chunk[experiment-e96bd8c8be3247eb8018348f4c7654e8](live_neural): decode=0.2ms, inference=27.8ms, second_pass=0.0ms, contention=0.0ms, TOTAL=28.3ms | audio=600ms, RTF=0.05x | model=enhanced_mel, neural_total=27.4ms, model_inference=14.4ms
[TIMING] EnhancedMel.transcribe: audio_to_gpu=0.2ms, features=0.5ms, model=21.4ms, decode=9.7ms | TOTAL=31.9ms for 3000ms audio (RTF=0.01x)
[TIMING] stream_chunk[experiment-e96bd8c8be3247eb8018348f4c7654e8](live_neural): decode=0.2ms, inference=35.1ms, second_pass=0.0ms, contention=0.0ms, TOTAL=35.5ms | audio=600ms, RTF=0.06x | model=enhanced_mel, neural_total=34.6ms, model_inference=21.4ms
[TIMING] EnhancedMel.transcribe: audio_to_gpu=0.4ms, features=0.8ms, model=22.3ms, decode=8.3ms | TOTAL=31.8ms for 3000ms audio (RTF=0.01x)
[TIMING] stream_chunk[experiment-e96bd8c8be3247eb8018348f4c7654e8](live_neural): decode=0.2ms, inference=37.1ms, second_pass=0.0ms, contention=0.0ms, TOTAL=37.5ms | audio=600ms, RTF=0.06x | model=enhanced_mel, neural_total=36.6ms, model_inference=22.3ms
[TIMING] EnhancedMel.transcribe: audio_to_gpu=0.4ms, features=0.8ms, model=17.7ms, decode=9.4ms | TOTAL=28.3ms for 3000ms audio (RTF=0.01x)
[TIMING] stream_chunk[experiment-e96bd8c8be3247eb8018348f4c7654e8](live_neural): decode=0.2ms, inference=33.1ms, second_pass=0.0ms, contention=0.0ms, TOTAL=33.5ms | audio=600ms, RTF=0.06x | model=enhanced_mel, neural_total=32.6ms, model_inference=17.7ms
[TIMING] EnhancedMel.transcribe: audio_to_gpu=0.4ms, features=0.6ms, model=14.1ms, decode=7.4ms | TOTAL=22.5ms for 3000ms audio (RTF=0.01x)
[TIMING] stream_chunk[experiment-e96bd8c8be3247eb8018348f4c7654e8](live_neural): decode=0.2ms, inference=26.5ms, second_pass=0.0ms, contention=0.0ms, TOTAL=26.9ms | audio=600ms, RTF=0.04x | model=enhanced_mel, neural_total=25.9ms, model_inference=14.1ms
[TIMING] EnhancedMel.transcribe: audio_to_gpu=0.1ms, features=0.5ms, model=15.4ms, decode=8.0ms | TOTAL=24.0ms for 3000ms audio (RTF=0.01x)
[TIMING] stream_chunk[experiment-e96bd8c8be3247eb8018348f4c7654e8](live_neural): decode=0.2ms, inference=27.4ms, second_pass=0.0ms, contention=0.0ms, TOTAL=27.7ms | audio=600ms, RTF=0.05x | model=enhanced_mel, neural_total=26.9ms, model_inference=15.4ms
[TIMING] EnhancedMel.transcribe: audio_to_gpu=0.2ms, features=0.5ms, model=19.6ms, decode=8.2ms | TOTAL=28.4ms for 3000ms audio (RTF=0.01x)
[TIMING] stream_chunk[experiment-e96bd8c8be3247eb8018348f4c7654e8](live_neural): decode=0.3ms, inference=31.8ms, second_pass=0.0ms, contention=0.0ms, TOTAL=32.2ms | audio=600ms, RTF=0.05x | model=enhanced_mel, neural_total=31.2ms, model_inference=19.6ms
[TIMING] EnhancedMel.transcribe: audio_to_gpu=2.6ms, features=2.4ms, model=17.6ms, decode=1.9ms | TOTAL=24.5ms for 600ms audio (RTF=0.04x)
[TIMING] stream_chunk[experiment-d34046e6edb34ec09167dfe6fa275228](live_neural): decode=0.2ms, inference=28.2ms, second_pass=0.0ms, contention=0.0ms, TOTAL=28.4ms | audio=600ms, RTF=0.05x | model=enhanced_mel, neural_total=27.6ms, model_inference=17.6ms
[TIMING] EnhancedMel.transcribe: audio_to_gpu=0.1ms, features=0.5ms, model=16.1ms, decode=4.5ms | TOTAL=21.2ms for 1200ms audio (RTF=0.02x)
[TIMING] stream_chunk[experiment-d34046e6edb34ec09167dfe6fa275228](live_neural): decode=0.2ms, inference=24.5ms, second_pass=0.0ms, contention=0.0ms, TOTAL=24.8ms | audio=600ms, RTF=0.04x | model=enhanced_mel, neural_total=24.1ms, model_inference=16.1ms
[TIMING] EnhancedMel.transcribe: audio_to_gpu=0.2ms, features=0.5ms, model=18.1ms, decode=6.3ms | TOTAL=25.2ms for 1800ms audio (RTF=0.01x)
[TIMING] stream_chunk[experiment-d34046e6edb34ec09167dfe6fa275228](live_neural): decode=0.2ms, inference=28.6ms, second_pass=0.0ms, contention=0.0ms, TOTAL=29.0ms | audio=600ms, RTF=0.05x | model=enhanced_mel, neural_total=28.2ms, model_inference=18.1ms
[TIMING] EnhancedMel.transcribe: audio_to_gpu=0.2ms, features=0.7ms, model=19.2ms, decode=9.5ms | TOTAL=29.7ms for 2400ms audio (RTF=0.01x)
[TIMING] stream_chunk[experiment-d34046e6edb34ec09167dfe6fa275228](live_neural): decode=0.2ms, inference=34.6ms, second_pass=0.0ms, contention=0.0ms, TOTAL=35.0ms | audio=600ms, RTF=0.06x | model=enhanced_mel, neural_total=33.9ms, model_inference=19.2ms
[TIMING] EnhancedMel.transcribe: audio_to_gpu=0.4ms, features=0.6ms, model=14.9ms, decode=9.1ms | TOTAL=25.0ms for 3000ms audio (RTF=0.01x)
[TIMING] stream_chunk[experiment-d34046e6edb34ec09167dfe6fa275228](live_neural): decode=0.1ms, inference=28.7ms, second_pass=0.0ms, contention=0.0ms, TOTAL=29.1ms | audio=600ms, RTF=0.05x | model=enhanced_mel, neural_total=28.3ms, model_inference=14.9ms
[TIMING] EnhancedMel.transcribe: audio_to_gpu=0.3ms, features=1.7ms, model=15.1ms, decode=11.0ms | TOTAL=28.2ms for 3000ms audio (RTF=0.01x)
[TIMING] stream_chunk[experiment-d34046e6edb34ec09167dfe6fa275228](live_neural): decode=0.2ms, inference=32.0ms, second_pass=0.0ms, contention=0.0ms, TOTAL=32.3ms | audio=600ms, RTF=0.05x | model=enhanced_mel, neural_total=31.5ms, model_inference=15.1ms
[TIMING] EnhancedMel.transcribe: audio_to_gpu=0.3ms, features=0.6ms, model=16.3ms, decode=9.2ms | TOTAL=26.3ms for 3000ms audio (RTF=0.01x)
[TIMING] stream_chunk[experiment-d34046e6edb34ec09167dfe6fa275228](live_neural): decode=0.2ms, inference=30.2ms, second_pass=0.0ms, contention=0.0ms, TOTAL=30.5ms | audio=600ms, RTF=0.05x | model=enhanced_mel, neural_total=29.7ms, model_inference=16.3ms
[TIMING] EnhancedMel.transcribe: audio_to_gpu=0.3ms, features=0.6ms, model=14.2ms, decode=10.9ms | TOTAL=26.0ms for 3000ms audio (RTF=0.01x)
[TIMING] stream_chunk[experiment-d34046e6edb34ec09167dfe6fa275228](live_neural): decode=0.2ms, inference=30.3ms, second_pass=0.0ms, contention=0.0ms, TOTAL=30.6ms | audio=600ms, RTF=0.05x | model=enhanced_mel, neural_total=29.8ms, model_inference=14.2ms
[TIMING] EnhancedMel.transcribe: audio_to_gpu=0.4ms, features=0.7ms, model=21.2ms, decode=9.6ms | TOTAL=31.9ms for 3000ms audio (RTF=0.01x)
[TIMING] stream_chunk[experiment-d34046e6edb34ec09167dfe6fa275228](live_neural): decode=0.2ms, inference=36.0ms, second_pass=0.0ms, contention=0.0ms, TOTAL=37.2ms | audio=600ms, RTF=0.06x | model=enhanced_mel, neural_total=35.5ms, model_inference=21.2ms
[TIMING] EnhancedMel.transcribe: audio_to_gpu=0.2ms, features=0.5ms, model=18.0ms, decode=7.6ms | TOTAL=26.4ms for 3000ms audio (RTF=0.01x)
[TIMING] stream_chunk[experiment-d34046e6edb34ec09167dfe6fa275228](live_neural): decode=0.2ms, inference=30.5ms, second_pass=0.0ms, contention=0.0ms, TOTAL=30.7ms | audio=600ms, RTF=0.05x | model=enhanced_mel, neural_total=30.0ms, model_inference=18.0ms

[CLIP_024] Hungarian Rhapsody No. 9 in E-flat Major, S. 244
  excerpt: start=21.00s end=27.00s duration=6.00s gt_notes=83 rms=0.0266 peak=0.2525 crest=9.478 rms_std=0.0179
    control:
      note metrics: precision=0.864 recall=0.916 f1=0.889 matched=76/83 pred=88
      strict onset f1: 10ms=0.760 20ms=0.889 30ms=0.889
      timing metrics: offset_f1=0.877 rhythm_precision=0.987 note_value_acc=0.921 note_value_n=76 avg_beat_error=0.011
      duplicate metrics: duplicates=3 per_100_notes=3.41
      boundary metrics: gt=26 matched=23 missed=3 miss_rate=0.115
      latency: avg_chunk_ms=30.49 p95_chunk_ms=36.63 avg_rtf=0.051
      notation metrics: first_correct_ms=39.7 visible_p50_ms=505.0 visible_p95_ms=612.4 stabilize_p50_ms=2980.0 stabilize_p95_ms=4048.0 avg_revisions=1.83 matched=6 refined=6 snapshots=18
      algorithmic latency: first_correct_ms=4.2 visible_p50_ms=477.6 visible_p95_ms=577.1 stabilize_p50_ms=2603.1 stabilize_p95_ms=3001.8
      final display note metrics: precision=0.894 recall=0.916 f1=0.905 matched=76/83 pred=85
      final display strict onset f1: 10ms=0.762 20ms=0.905 30ms=0.905
      final display timing: offset_f1=0.893 rhythm_precision=0.987 note_value_acc=0.408 note_value_n=76 avg_beat_error=0.189
      final display structure: cluster_f1=0.476 onset_align_recall=1.000 avg_jaccard=0.872 exact=10/20 pred=22 over=4 under=5 pitch_conflicts=1 missed_gt=0
      threshold profiles: hit_rate=0.000 thresholds=[0.55] profiles={'fixed_baseline': 10}
    treatment:
      note metrics: precision=0.864 recall=0.916 f1=0.889 matched=76/83 pred=88
      strict onset f1: 10ms=0.760 20ms=0.889 30ms=0.889
      timing metrics: offset_f1=0.877 rhythm_precision=0.987 note_value_acc=0.921 note_value_n=76 avg_beat_error=0.011
      duplicate metrics: duplicates=3 per_100_notes=3.41
      boundary metrics: gt=26 matched=23 missed=3 miss_rate=0.115
      latency: avg_chunk_ms=30.77 p95_chunk_ms=36.20 avg_rtf=0.051
      notation metrics: first_correct_ms=33.3 visible_p50_ms=504.2 visible_p95_ms=608.6 stabilize_p50_ms=2977.9 stabilize_p95_ms=4046.5 avg_revisions=1.83 matched=6 refined=6 snapshots=18
      algorithmic latency: first_correct_ms=4.2 visible_p50_ms=477.6 visible_p95_ms=577.1 stabilize_p50_ms=2603.1 stabilize_p95_ms=3001.8
      final display note metrics: precision=0.894 recall=0.916 f1=0.905 matched=76/83 pred=85
      final display strict onset f1: 10ms=0.762 20ms=0.905 30ms=0.905
      final display timing: offset_f1=0.893 rhythm_precision=0.987 note_value_acc=0.408 note_value_n=76 avg_beat_error=0.189
      final display structure: cluster_f1=0.476 onset_align_recall=1.000 avg_jaccard=0.872 exact=10/20 pred=22 over=4 under=5 pitch_conflicts=1 missed_gt=0
      threshold profiles: hit_rate=0.400 thresholds=[0.51, 0.55] profiles={'baseline_nominal': 6, 'soft_sparse_recall': 4}
    delta treatment-control: precision=+0.000 recall=+0.000 f1=+0.000 offset_f1=+0.000 note_value_acc=+0.000 dup_per_100=+0.00 boundary_miss_rate=+0.000 p95_chunk_ms=-0.43 f1_10ms=+0.000 f1_20ms=+0.000 f1_30ms=+0.000 visible_p50_ms=-0.8 stabilize_p50_ms=-2.1 algo_visible_p50_ms=+0.0 algo_stabilize_p50_ms=+0.0 avg_revisions=+0.00 display_note_f1=+0.000 display_offset_f1=+0.000 display_cluster_f1=+0.000 display_cluster_jaccard=+0.000
    failure buckets: ['boundary_miss_failure', 'high_revision_slow_stabilization']
      boundary diagnostics: missed=3 by_arm={'control': 3, 'treatment': 3} tags={'control_boundary_miss': 3, 'control_timing_or_quantization_drift': 1, 'no_control_coarse_candidate': 2, 'treatment_candidate_not_retained': 1}
        miss: pitch=76 onset=1.791s boundary_delta_ms=-9.4 control_coarse=False treatment_coarse=False retro=n/a
        miss: pitch=101 onset=3.001s boundary_delta_ms=+1.0 control_coarse=True treatment_coarse=True retro=n/a
        miss: pitch=85 onset=3.022s boundary_delta_ms=+21.9 control_coarse=False treatment_coarse=False retro=n/a
[TIMING] EnhancedMel.transcribe: audio_to_gpu=0.5ms, features=0.6ms, model=16.8ms, decode=1.9ms | TOTAL=19.9ms for 600ms audio (RTF=0.03x)
[TIMING] stream_chunk[experiment-291e5ee6204c4a11ac2e515a76f89d33](live_neural): decode=0.2ms, inference=22.6ms, second_pass=0.0ms, contention=0.0ms, TOTAL=22.9ms | audio=600ms, RTF=0.04x | model=enhanced_mel, neural_total=22.1ms, model_inference=16.8ms
[TIMING] EnhancedMel.transcribe: audio_to_gpu=0.2ms, features=0.5ms, model=18.7ms, decode=5.3ms | TOTAL=24.8ms for 1200ms audio (RTF=0.02x)
[TIMING] stream_chunk[experiment-291e5ee6204c4a11ac2e515a76f89d33](live_neural): decode=0.3ms, inference=28.1ms, second_pass=0.0ms, contention=0.0ms, TOTAL=28.5ms | audio=600ms, RTF=0.05x | model=enhanced_mel, neural_total=27.5ms, model_inference=18.7ms
[TIMING] EnhancedMel.transcribe: audio_to_gpu=0.2ms, features=1.5ms, model=16.1ms, decode=5.5ms | TOTAL=23.4ms for 1800ms audio (RTF=0.01x)
[TIMING] stream_chunk[experiment-291e5ee6204c4a11ac2e515a76f89d33](live_neural): decode=0.2ms, inference=27.6ms, second_pass=0.0ms, contention=0.0ms, TOTAL=28.0ms | audio=600ms, RTF=0.05x | model=enhanced_mel, neural_total=27.0ms, model_inference=16.1ms
[TIMING] EnhancedMel.transcribe: audio_to_gpu=0.4ms, features=0.7ms, model=15.5ms, decode=6.3ms | TOTAL=22.9ms for 2400ms audio (RTF=0.01x)
[TIMING] stream_chunk[experiment-291e5ee6204c4a11ac2e515a76f89d33](live_neural): decode=0.2ms, inference=26.9ms, second_pass=0.0ms, contention=0.0ms, TOTAL=27.4ms | audio=600ms, RTF=0.05x | model=enhanced_mel, neural_total=26.4ms, model_inference=15.5ms
[TIMING] EnhancedMel.transcribe: audio_to_gpu=0.2ms, features=4.9ms, model=14.7ms, decode=8.6ms | TOTAL=28.5ms for 3000ms audio (RTF=0.01x)
[TIMING] stream_chunk[experiment-291e5ee6204c4a11ac2e515a76f89d33](live_neural): decode=0.2ms, inference=32.2ms, second_pass=0.0ms, contention=0.0ms, TOTAL=32.7ms | audio=600ms, RTF=0.05x | model=enhanced_mel, neural_total=31.7ms, model_inference=14.7ms
[TIMING] EnhancedMel.transcribe: audio_to_gpu=0.3ms, features=5.3ms, model=20.0ms, decode=8.6ms | TOTAL=34.1ms for 3000ms audio (RTF=0.01x)
[TIMING] stream_chunk[experiment-291e5ee6204c4a11ac2e515a76f89d33](live_neural): decode=0.2ms, inference=37.9ms, second_pass=0.0ms, contention=0.0ms, TOTAL=38.4ms | audio=600ms, RTF=0.06x | model=enhanced_mel, neural_total=37.4ms, model_inference=20.0ms
[TIMING] EnhancedMel.transcribe: audio_to_gpu=0.3ms, features=0.7ms, model=19.3ms, decode=11.3ms | TOTAL=31.6ms for 3000ms audio (RTF=0.01x)
[TIMING] stream_chunk[experiment-291e5ee6204c4a11ac2e515a76f89d33](live_neural): decode=0.2ms, inference=36.0ms, second_pass=0.0ms, contention=0.0ms, TOTAL=36.5ms | audio=600ms, RTF=0.06x | model=enhanced_mel, neural_total=35.5ms, model_inference=19.3ms
[TIMING] EnhancedMel.transcribe: audio_to_gpu=0.3ms, features=3.1ms, model=17.4ms, decode=10.4ms | TOTAL=31.3ms for 3000ms audio (RTF=0.01x)
[TIMING] stream_chunk[experiment-291e5ee6204c4a11ac2e515a76f89d33](live_neural): decode=0.2ms, inference=34.2ms, second_pass=0.0ms, contention=0.0ms, TOTAL=34.8ms | audio=600ms, RTF=0.06x | model=enhanced_mel, neural_total=33.7ms, model_inference=17.4ms
[TIMING] EnhancedMel.transcribe: audio_to_gpu=0.3ms, features=0.5ms, model=15.9ms, decode=8.7ms | TOTAL=25.5ms for 3000ms audio (RTF=0.01x)
[TIMING] stream_chunk[experiment-291e5ee6204c4a11ac2e515a76f89d33](live_neural): decode=0.4ms, inference=29.1ms, second_pass=0.0ms, contention=0.0ms, TOTAL=29.9ms | audio=600ms, RTF=0.05x | model=enhanced_mel, neural_total=28.5ms, model_inference=15.9ms
[TIMING] EnhancedMel.transcribe: audio_to_gpu=0.4ms, features=0.6ms, model=16.1ms, decode=8.0ms | TOTAL=25.1ms for 3000ms audio (RTF=0.01x)
[TIMING] stream_chunk[experiment-291e5ee6204c4a11ac2e515a76f89d33](live_neural): decode=0.3ms, inference=29.6ms, second_pass=0.0ms, contention=0.0ms, TOTAL=30.2ms | audio=600ms, RTF=0.05x | model=enhanced_mel, neural_total=28.9ms, model_inference=16.1ms
[TIMING] EnhancedMel.transcribe: audio_to_gpu=0.5ms, features=0.6ms, model=16.4ms, decode=2.5ms | TOTAL=20.0ms for 600ms audio (RTF=0.03x)
[TIMING] stream_chunk[experiment-21dc5bbd73474b21b3c013bd32061857](live_neural): decode=0.2ms, inference=22.3ms, second_pass=0.0ms, contention=0.0ms, TOTAL=22.6ms | audio=600ms, RTF=0.04x | model=enhanced_mel, neural_total=21.8ms, model_inference=16.4ms
[TIMING] EnhancedMel.transcribe: audio_to_gpu=0.2ms, features=0.7ms, model=19.9ms, decode=5.5ms | TOTAL=26.3ms for 1200ms audio (RTF=0.02x)
[TIMING] stream_chunk[experiment-21dc5bbd73474b21b3c013bd32061857](live_neural): decode=0.2ms, inference=30.2ms, second_pass=0.0ms, contention=0.0ms, TOTAL=30.6ms | audio=600ms, RTF=0.05x | model=enhanced_mel, neural_total=29.6ms, model_inference=19.9ms
[TIMING] EnhancedMel.transcribe: audio_to_gpu=0.4ms, features=0.6ms, model=15.3ms, decode=6.1ms | TOTAL=22.3ms for 1800ms audio (RTF=0.01x)
[TIMING] stream_chunk[experiment-21dc5bbd73474b21b3c013bd32061857](live_neural): decode=0.3ms, inference=26.7ms, second_pass=0.0ms, contention=0.0ms, TOTAL=27.2ms | audio=600ms, RTF=0.05x | model=enhanced_mel, neural_total=26.1ms, model_inference=15.3ms
[TIMING] EnhancedMel.transcribe: audio_to_gpu=0.3ms, features=0.6ms, model=18.6ms, decode=10.7ms | TOTAL=30.2ms for 2400ms audio (RTF=0.01x)
[TIMING] stream_chunk[experiment-21dc5bbd73474b21b3c013bd32061857](live_neural): decode=0.3ms, inference=34.0ms, second_pass=0.0ms, contention=0.0ms, TOTAL=34.6ms | audio=600ms, RTF=0.06x | model=enhanced_mel, neural_total=33.4ms, model_inference=18.6ms
[TIMING] EnhancedMel.transcribe: audio_to_gpu=0.3ms, features=0.7ms, model=21.6ms, decode=10.4ms | TOTAL=33.0ms for 3000ms audio (RTF=0.01x)
[TIMING] stream_chunk[experiment-21dc5bbd73474b21b3c013bd32061857](live_neural): decode=0.2ms, inference=38.4ms, second_pass=0.0ms, contention=0.0ms, TOTAL=39.0ms | audio=600ms, RTF=0.06x | model=enhanced_mel, neural_total=37.8ms, model_inference=21.6ms
[TIMING] EnhancedMel.transcribe: audio_to_gpu=0.4ms, features=0.8ms, model=23.5ms, decode=12.8ms | TOTAL=37.4ms for 3000ms audio (RTF=0.01x)
[TIMING] stream_chunk[experiment-21dc5bbd73474b21b3c013bd32061857](live_neural): decode=0.2ms, inference=42.9ms, second_pass=0.0ms, contention=0.0ms, TOTAL=43.3ms | audio=600ms, RTF=0.07x | model=enhanced_mel, neural_total=42.3ms, model_inference=23.5ms
[TIMING] EnhancedMel.transcribe: audio_to_gpu=0.2ms, features=0.5ms, model=15.2ms, decode=8.7ms | TOTAL=24.7ms for 3000ms audio (RTF=0.01x)
[TIMING] stream_chunk[experiment-21dc5bbd73474b21b3c013bd32061857](live_neural): decode=0.2ms, inference=28.7ms, second_pass=0.0ms, contention=0.0ms, TOTAL=29.1ms | audio=600ms, RTF=0.05x | model=enhanced_mel, neural_total=28.1ms, model_inference=15.2ms
[TIMING] EnhancedMel.transcribe: audio_to_gpu=0.3ms, features=2.5ms, model=21.5ms, decode=8.0ms | TOTAL=32.3ms for 3000ms audio (RTF=0.01x)
[TIMING] stream_chunk[experiment-21dc5bbd73474b21b3c013bd32061857](live_neural): decode=0.2ms, inference=36.1ms, second_pass=0.0ms, contention=0.0ms, TOTAL=36.6ms | audio=600ms, RTF=0.06x | model=enhanced_mel, neural_total=35.6ms, model_inference=21.5ms
[TIMING] EnhancedMel.transcribe: audio_to_gpu=0.3ms, features=0.8ms, model=19.1ms, decode=8.2ms | TOTAL=28.3ms for 3000ms audio (RTF=0.01x)
[TIMING] stream_chunk[experiment-21dc5bbd73474b21b3c013bd32061857](live_neural): decode=0.2ms, inference=34.0ms, second_pass=0.0ms, contention=0.0ms, TOTAL=34.6ms | audio=600ms, RTF=0.06x | model=enhanced_mel, neural_total=33.3ms, model_inference=19.1ms
[TIMING] EnhancedMel.transcribe: audio_to_gpu=0.3ms, features=0.8ms, model=15.8ms, decode=14.2ms | TOTAL=31.1ms for 3000ms audio (RTF=0.01x)
[TIMING] stream_chunk[experiment-21dc5bbd73474b21b3c013bd32061857](live_neural): decode=0.3ms, inference=37.2ms, second_pass=0.0ms, contention=0.0ms, TOTAL=37.8ms | audio=600ms, RTF=0.06x | model=enhanced_mel, neural_total=36.2ms, model_inference=15.8ms

[CLIP_025] Jardins sous la pluie from Estampes
  excerpt: start=78.00s end=84.00s duration=6.00s gt_notes=111 rms=0.1094 peak=0.6345 crest=5.802 rms_std=0.0496
    control:
      note metrics: precision=0.913 recall=0.946 f1=0.929 matched=105/111 pred=115
      strict onset f1: 10ms=0.796 20ms=0.929 30ms=0.929
      timing metrics: offset_f1=0.876 rhythm_precision=0.943 note_value_acc=0.410 note_value_n=105 avg_beat_error=0.075
      duplicate metrics: duplicates=2 per_100_notes=1.74
      boundary metrics: gt=35 matched=30 missed=5 miss_rate=0.143
      latency: avg_chunk_ms=30.93 p95_chunk_ms=37.50 avg_rtf=0.052
      notation metrics: first_correct_ms=44.5 visible_p50_ms=392.4 visible_p95_ms=618.4 stabilize_p50_ms=558.9 stabilize_p95_ms=1911.0 avg_revisions=0.42 matched=45 refined=45 snapshots=21
      algorithmic latency: first_correct_ms=14.3 visible_p50_ms=369.5 visible_p95_ms=590.0 stabilize_p50_ms=442.4 stabilize_p95_ms=857.9
      final display note metrics: precision=0.929 recall=0.946 f1=0.938 matched=105/111 pred=113
      final display strict onset f1: 10ms=0.804 20ms=0.938 30ms=0.938
      final display timing: offset_f1=0.884 rhythm_precision=0.943 note_value_acc=0.219 note_value_n=105 avg_beat_error=0.146
      final display structure: cluster_f1=0.806 onset_align_recall=0.971 avg_jaccard=0.912 exact=56/70 pred=69 over=6 under=5 pitch_conflicts=1 missed_gt=2
      threshold profiles: hit_rate=0.000 thresholds=[0.55] profiles={'fixed_baseline': 10}
    treatment:
      note metrics: precision=0.882 recall=0.946 f1=0.913 matched=105/111 pred=119
      strict onset f1: 10ms=0.783 20ms=0.913 30ms=0.913
      timing metrics: offset_f1=0.861 rhythm_precision=0.943 note_value_acc=0.410 note_value_n=105 avg_beat_error=0.075
      duplicate metrics: duplicates=2 per_100_notes=1.68
      boundary metrics: gt=35 matched=30 missed=5 miss_rate=0.143
      latency: avg_chunk_ms=33.52 p95_chunk_ms=41.36 avg_rtf=0.056
      notation metrics: first_correct_ms=44.2 visible_p50_ms=392.1 visible_p95_ms=620.7 stabilize_p50_ms=1340.1 stabilize_p95_ms=2089.4 avg_revisions=1.00 matched=45 refined=45 snapshots=21
      algorithmic latency: first_correct_ms=14.3 visible_p50_ms=369.5 visible_p95_ms=590.0 stabilize_p50_ms=868.0 stabilize_p95_ms=1613.6
      final display note metrics: precision=0.897 recall=0.946 f1=0.921 matched=105/111 pred=117
      final display strict onset f1: 10ms=0.789 20ms=0.921 30ms=0.921
      final display timing: offset_f1=0.868 rhythm_precision=0.943 note_value_acc=0.190 note_value_n=105 avg_beat_error=0.148
      final display structure: cluster_f1=0.806 onset_align_recall=0.971 avg_jaccard=0.909 exact=56/70 pred=69 over=7 under=5 pitch_conflicts=0 missed_gt=2
      threshold profiles: hit_rate=0.500 thresholds=[0.46, 0.55] profiles={'baseline_nominal': 5, 'loud_dense_precision': 5}
    delta treatment-control: precision=-0.031 recall=+0.000 f1=-0.016 offset_f1=-0.015 note_value_acc=+0.000 dup_per_100=-0.06 boundary_miss_rate=+0.000 p95_chunk_ms=+3.85 f1_10ms=-0.014 f1_20ms=-0.016 f1_30ms=-0.016 visible_p50_ms=-0.3 stabilize_p50_ms=+781.1 algo_visible_p50_ms=+0.0 algo_stabilize_p50_ms=+425.5 avg_revisions=+0.58 display_note_f1=-0.016 display_offset_f1=-0.016 display_cluster_f1=+0.000 display_cluster_jaccard=-0.003
    failure buckets: ['boundary_miss_failure', 'high_revision_slow_stabilization', 'note_value_offset_failure']
      boundary diagnostics: missed=5 by_arm={'control': 5, 'treatment': 5} tags={'control_boundary_miss': 5, 'no_control_coarse_candidate': 5}
        miss: pitch=77 onset=0.669s boundary_delta_ms=+69.3 control_coarse=False treatment_coarse=False retro=n/a
        miss: pitch=84 onset=2.951s boundary_delta_ms=-49.5 control_coarse=False treatment_coarse=False retro=n/a
        miss: pitch=84 onset=4.835s boundary_delta_ms=+34.6 control_coarse=False treatment_coarse=False retro=n/a
        ... 2 more missed boundary notes in diagnostics JSON
[TIMING] EnhancedMel.transcribe: audio_to_gpu=4.8ms, features=0.7ms, model=15.1ms, decode=2.8ms | TOTAL=23.3ms for 600ms audio (RTF=0.04x)
[TIMING] stream_chunk[experiment-b25c1055e45d446084dcda98e9f90287](live_neural): decode=0.3ms, inference=26.2ms, second_pass=0.0ms, contention=0.0ms, TOTAL=26.6ms | audio=600ms, RTF=0.04x | model=enhanced_mel, neural_total=25.6ms, model_inference=15.1ms
[TIMING] EnhancedMel.transcribe: audio_to_gpu=0.2ms, features=0.7ms, model=14.8ms, decode=3.2ms | TOTAL=18.9ms for 1200ms audio (RTF=0.02x)
[TIMING] stream_chunk[experiment-b25c1055e45d446084dcda98e9f90287](live_neural): decode=0.2ms, inference=21.8ms, second_pass=0.0ms, contention=0.0ms, TOTAL=22.2ms | audio=600ms, RTF=0.04x | model=enhanced_mel, neural_total=21.4ms, model_inference=14.8ms
[TIMING] EnhancedMel.transcribe: audio_to_gpu=0.2ms, features=0.4ms, model=13.7ms, decode=4.7ms | TOTAL=19.0ms for 1800ms audio (RTF=0.01x)
[TIMING] stream_chunk[experiment-b25c1055e45d446084dcda98e9f90287](live_neural): decode=0.2ms, inference=22.0ms, second_pass=0.0ms, contention=0.0ms, TOTAL=22.4ms | audio=600ms, RTF=0.04x | model=enhanced_mel, neural_total=21.5ms, model_inference=13.7ms
[TIMING] EnhancedMel.transcribe: audio_to_gpu=0.2ms, features=0.5ms, model=17.5ms, decode=6.6ms | TOTAL=24.8ms for 2400ms audio (RTF=0.01x)
[TIMING] stream_chunk[experiment-b25c1055e45d446084dcda98e9f90287](live_neural): decode=0.2ms, inference=28.8ms, second_pass=0.0ms, contention=0.0ms, TOTAL=29.2ms | audio=600ms, RTF=0.05x | model=enhanced_mel, neural_total=28.3ms, model_inference=17.5ms
[TIMING] EnhancedMel.transcribe: audio_to_gpu=0.3ms, features=0.6ms, model=16.5ms, decode=8.6ms | TOTAL=25.9ms for 3000ms audio (RTF=0.01x)
[TIMING] stream_chunk[experiment-b25c1055e45d446084dcda98e9f90287](live_neural): decode=0.2ms, inference=30.6ms, second_pass=0.0ms, contention=0.0ms, TOTAL=31.3ms | audio=600ms, RTF=0.05x | model=enhanced_mel, neural_total=30.1ms, model_inference=16.5ms
[TIMING] EnhancedMel.transcribe: audio_to_gpu=0.3ms, features=0.7ms, model=19.0ms, decode=9.9ms | TOTAL=30.0ms for 3000ms audio (RTF=0.01x)
[TIMING] stream_chunk[experiment-b25c1055e45d446084dcda98e9f90287](live_neural): decode=0.2ms, inference=32.9ms, second_pass=0.0ms, contention=0.0ms, TOTAL=33.4ms | audio=600ms, RTF=0.06x | model=enhanced_mel, neural_total=32.4ms, model_inference=19.0ms
[TIMING] EnhancedMel.transcribe: audio_to_gpu=0.3ms, features=5.5ms, model=16.3ms, decode=10.0ms | TOTAL=32.1ms for 3000ms audio (RTF=0.01x)
[TIMING] stream_chunk[experiment-b25c1055e45d446084dcda98e9f90287](live_neural): decode=0.5ms, inference=36.0ms, second_pass=0.0ms, contention=0.0ms, TOTAL=36.7ms | audio=600ms, RTF=0.06x | model=enhanced_mel, neural_total=35.4ms, model_inference=16.3ms
[TIMING] EnhancedMel.transcribe: audio_to_gpu=0.4ms, features=0.8ms, model=20.7ms, decode=10.8ms | TOTAL=32.7ms for 3000ms audio (RTF=0.01x)
[TIMING] stream_chunk[experiment-b25c1055e45d446084dcda98e9f90287](live_neural): decode=0.2ms, inference=38.9ms, second_pass=0.0ms, contention=0.0ms, TOTAL=39.3ms | audio=600ms, RTF=0.07x | model=enhanced_mel, neural_total=38.3ms, model_inference=20.7ms
[TIMING] EnhancedMel.transcribe: audio_to_gpu=0.3ms, features=0.5ms, model=14.1ms, decode=5.8ms | TOTAL=20.7ms for 3000ms audio (RTF=0.01x)
[TIMING] stream_chunk[experiment-b25c1055e45d446084dcda98e9f90287](live_neural): decode=0.2ms, inference=24.4ms, second_pass=0.0ms, contention=0.0ms, TOTAL=24.9ms | audio=600ms, RTF=0.04x | model=enhanced_mel, neural_total=23.9ms, model_inference=14.1ms
[TIMING] EnhancedMel.transcribe: audio_to_gpu=0.3ms, features=1.0ms, model=19.2ms, decode=6.2ms | TOTAL=26.7ms for 3000ms audio (RTF=0.01x)
[TIMING] stream_chunk[experiment-b25c1055e45d446084dcda98e9f90287](live_neural): decode=0.3ms, inference=32.2ms, second_pass=0.0ms, contention=0.0ms, TOTAL=32.8ms | audio=600ms, RTF=0.05x | model=enhanced_mel, neural_total=31.6ms, model_inference=19.2ms
[TIMING] EnhancedMel.transcribe: audio_to_gpu=4.7ms, features=0.7ms, model=23.2ms, decode=3.1ms | TOTAL=31.6ms for 600ms audio (RTF=0.05x)
[TIMING] stream_chunk[experiment-63234b34ef644780b4cf962fbe0901e6](live_neural): decode=0.1ms, inference=33.5ms, second_pass=0.0ms, contention=0.0ms, TOTAL=33.8ms | audio=600ms, RTF=0.06x | model=enhanced_mel, neural_total=32.9ms, model_inference=23.2ms
[TIMING] EnhancedMel.transcribe: audio_to_gpu=0.2ms, features=0.5ms, model=16.0ms, decode=5.0ms | TOTAL=21.7ms for 1200ms audio (RTF=0.02x)
[TIMING] stream_chunk[experiment-63234b34ef644780b4cf962fbe0901e6](live_neural): decode=0.2ms, inference=24.7ms, second_pass=0.0ms, contention=0.0ms, TOTAL=25.1ms | audio=600ms, RTF=0.04x | model=enhanced_mel, neural_total=24.1ms, model_inference=16.0ms
[TIMING] EnhancedMel.transcribe: audio_to_gpu=0.2ms, features=0.6ms, model=18.2ms, decode=8.3ms | TOTAL=27.4ms for 1800ms audio (RTF=0.02x)
[TIMING] stream_chunk[experiment-63234b34ef644780b4cf962fbe0901e6](live_neural): decode=0.2ms, inference=30.6ms, second_pass=0.0ms, contention=0.0ms, TOTAL=31.0ms | audio=600ms, RTF=0.05x | model=enhanced_mel, neural_total=30.1ms, model_inference=18.2ms
[TIMING] EnhancedMel.transcribe: audio_to_gpu=0.3ms, features=0.6ms, model=19.0ms, decode=6.4ms | TOTAL=26.3ms for 2400ms audio (RTF=0.01x)
[TIMING] stream_chunk[experiment-63234b34ef644780b4cf962fbe0901e6](live_neural): decode=0.2ms, inference=30.8ms, second_pass=0.0ms, contention=0.0ms, TOTAL=31.2ms | audio=600ms, RTF=0.05x | model=enhanced_mel, neural_total=30.3ms, model_inference=19.0ms
[TIMING] EnhancedMel.transcribe: audio_to_gpu=0.3ms, features=0.7ms, model=19.1ms, decode=7.7ms | TOTAL=27.8ms for 3000ms audio (RTF=0.01x)
[TIMING] stream_chunk[experiment-63234b34ef644780b4cf962fbe0901e6](live_neural): decode=0.2ms, inference=33.1ms, second_pass=0.0ms, contention=0.0ms, TOTAL=33.6ms | audio=600ms, RTF=0.06x | model=enhanced_mel, neural_total=32.6ms, model_inference=19.1ms
[TIMING] EnhancedMel.transcribe: audio_to_gpu=0.5ms, features=0.7ms, model=15.3ms, decode=11.7ms | TOTAL=28.2ms for 3000ms audio (RTF=0.01x)
[TIMING] stream_chunk[experiment-63234b34ef644780b4cf962fbe0901e6](live_neural): decode=0.2ms, inference=32.8ms, second_pass=0.0ms, contention=0.0ms, TOTAL=33.4ms | audio=600ms, RTF=0.06x | model=enhanced_mel, neural_total=32.2ms, model_inference=15.3ms
[TIMING] EnhancedMel.transcribe: audio_to_gpu=0.4ms, features=0.7ms, model=21.0ms, decode=8.4ms | TOTAL=30.4ms for 3000ms audio (RTF=0.01x)
[TIMING] stream_chunk[experiment-63234b34ef644780b4cf962fbe0901e6](live_neural): decode=0.2ms, inference=35.2ms, second_pass=0.0ms, contention=0.0ms, TOTAL=35.7ms | audio=600ms, RTF=0.06x | model=enhanced_mel, neural_total=34.6ms, model_inference=21.0ms
[TIMING] EnhancedMel.transcribe: audio_to_gpu=0.4ms, features=1.1ms, model=14.5ms, decode=13.1ms | TOTAL=29.0ms for 3000ms audio (RTF=0.01x)
[TIMING] stream_chunk[experiment-63234b34ef644780b4cf962fbe0901e6](live_neural): decode=0.3ms, inference=32.9ms, second_pass=0.0ms, contention=0.0ms, TOTAL=33.5ms | audio=600ms, RTF=0.06x | model=enhanced_mel, neural_total=32.3ms, model_inference=14.5ms
[TIMING] EnhancedMel.transcribe: audio_to_gpu=0.3ms, features=0.7ms, model=21.0ms, decode=12.9ms | TOTAL=35.0ms for 3000ms audio (RTF=0.01x)
[TIMING] stream_chunk[experiment-63234b34ef644780b4cf962fbe0901e6](live_neural): decode=0.3ms, inference=38.1ms, second_pass=0.0ms, contention=0.0ms, TOTAL=38.7ms | audio=600ms, RTF=0.06x | model=enhanced_mel, neural_total=37.5ms, model_inference=21.0ms
[TIMING] EnhancedMel.transcribe: audio_to_gpu=0.3ms, features=0.6ms, model=21.0ms, decode=12.9ms | TOTAL=34.8ms for 3000ms audio (RTF=0.01x)
[TIMING] stream_chunk[experiment-63234b34ef644780b4cf962fbe0901e6](live_neural): decode=0.2ms, inference=40.6ms, second_pass=0.0ms, contention=0.0ms, TOTAL=41.0ms | audio=600ms, RTF=0.07x | model=enhanced_mel, neural_total=39.8ms, model_inference=21.0ms

[CLIP_026] Concert Etude "Waldesrauschen"
  excerpt: start=12.00s end=18.00s duration=6.00s gt_notes=111 rms=0.0395 peak=0.1975 crest=5.006 rms_std=0.0126
    control:
      note metrics: precision=0.891 recall=0.811 f1=0.849 matched=90/111 pred=101
      strict onset f1: 10ms=0.698 20ms=0.840 30ms=0.849
      timing metrics: offset_f1=0.679 rhythm_precision=0.800 note_value_acc=0.311 note_value_n=90 avg_beat_error=0.163
      duplicate metrics: duplicates=4 per_100_notes=3.96
      boundary metrics: gt=41 matched=35 missed=6 miss_rate=0.146
      latency: avg_chunk_ms=29.88 p95_chunk_ms=38.18 avg_rtf=0.050
      notation metrics: first_correct_ms=0.0 visible_p50_ms=334.5 visible_p95_ms=603.4 stabilize_p50_ms=1015.4 stabilize_p95_ms=1970.9 avg_revisions=1.01 matched=68 refined=68 snapshots=21
      algorithmic latency: first_correct_ms=0.0 visible_p50_ms=305.3 visible_p95_ms=575.5 stabilize_p50_ms=509.6 stabilize_p95_ms=1454.1
      final display note metrics: precision=0.926 recall=0.793 f1=0.854 matched=88/111 pred=95
      final display strict onset f1: 10ms=0.689 20ms=0.835 30ms=0.845
      final display timing: offset_f1=0.680 rhythm_precision=0.795 note_value_acc=0.125 note_value_n=88 avg_beat_error=0.203
      final display structure: cluster_f1=0.612 onset_align_recall=0.914 avg_jaccard=0.806 exact=41/70 pred=64 over=5 under=16 pitch_conflicts=2 missed_gt=6
      threshold profiles: hit_rate=0.000 thresholds=[0.55] profiles={'fixed_baseline': 10}
    treatment:
      note metrics: precision=0.891 recall=0.811 f1=0.849 matched=90/111 pred=101
      strict onset f1: 10ms=0.698 20ms=0.840 30ms=0.849
      timing metrics: offset_f1=0.679 rhythm_precision=0.800 note_value_acc=0.311 note_value_n=90 avg_beat_error=0.163
      duplicate metrics: duplicates=4 per_100_notes=3.96
      boundary metrics: gt=41 matched=35 missed=6 miss_rate=0.146
      latency: avg_chunk_ms=33.69 p95_chunk_ms=39.96 avg_rtf=0.056
      notation metrics: first_correct_ms=6.2 visible_p50_ms=341.3 visible_p95_ms=608.2 stabilize_p50_ms=1017.8 stabilize_p95_ms=1973.8 avg_revisions=1.01 matched=68 refined=68 snapshots=21
      algorithmic latency: first_correct_ms=0.0 visible_p50_ms=305.3 visible_p95_ms=575.5 stabilize_p50_ms=509.6 stabilize_p95_ms=1454.1
      final display note metrics: precision=0.926 recall=0.793 f1=0.854 matched=88/111 pred=95
      final display strict onset f1: 10ms=0.689 20ms=0.835 30ms=0.845
      final display timing: offset_f1=0.680 rhythm_precision=0.795 note_value_acc=0.125 note_value_n=88 avg_beat_error=0.203
      final display structure: cluster_f1=0.612 onset_align_recall=0.914 avg_jaccard=0.806 exact=41/70 pred=64 over=5 under=16 pitch_conflicts=2 missed_gt=6
      threshold profiles: hit_rate=0.200 thresholds=[0.51, 0.55] profiles={'baseline_nominal': 8, 'soft_sparse_recall': 2}
    delta treatment-control: precision=+0.000 recall=+0.000 f1=+0.000 offset_f1=+0.000 note_value_acc=+0.000 dup_per_100=+0.00 boundary_miss_rate=+0.000 p95_chunk_ms=+1.78 f1_10ms=+0.000 f1_20ms=+0.000 f1_30ms=+0.000 visible_p50_ms=+6.9 stabilize_p50_ms=+2.4 algo_visible_p50_ms=+0.0 algo_stabilize_p50_ms=+0.0 avg_revisions=+0.00 display_note_f1=+0.000 display_offset_f1=+0.000 display_cluster_f1=+0.000 display_cluster_jaccard=+0.000
    failure buckets: ['boundary_miss_failure', 'high_revision_slow_stabilization', 'note_value_offset_failure']
      boundary diagnostics: missed=6 by_arm={'control': 6, 'treatment': 6} tags={'control_boundary_miss': 6, 'no_control_coarse_candidate': 6}
        miss: pitch=80 onset=0.542s boundary_delta_ms=-58.3 control_coarse=False treatment_coarse=False retro=n/a
        miss: pitch=77 onset=0.562s boundary_delta_ms=-37.5 control_coarse=False treatment_coarse=False retro=n/a
        miss: pitch=80 onset=1.814s boundary_delta_ms=+13.8 control_coarse=False treatment_coarse=False retro=n/a
        ... 3 more missed boundary notes in diagnostics JSON
[TIMING] EnhancedMel.transcribe: audio_to_gpu=0.7ms, features=0.8ms, model=14.4ms, decode=1.9ms | TOTAL=17.8ms for 600ms audio (RTF=0.03x)
[TIMING] stream_chunk[experiment-96efbc4931764203a8a008762045a8de](live_neural): decode=0.3ms, inference=21.0ms, second_pass=0.0ms, contention=0.0ms, TOTAL=21.5ms | audio=600ms, RTF=0.04x | model=enhanced_mel, neural_total=20.5ms, model_inference=14.4ms
[TIMING] EnhancedMel.transcribe: audio_to_gpu=0.1ms, features=0.3ms, model=13.9ms, decode=3.6ms | TOTAL=17.9ms for 1200ms audio (RTF=0.01x)
[TIMING] stream_chunk[experiment-96efbc4931764203a8a008762045a8de](live_neural): decode=0.2ms, inference=20.7ms, second_pass=0.0ms, contention=0.0ms, TOTAL=21.1ms | audio=600ms, RTF=0.04x | model=enhanced_mel, neural_total=20.2ms, model_inference=13.9ms
[TIMING] EnhancedMel.transcribe: audio_to_gpu=0.3ms, features=0.5ms, model=17.1ms, decode=4.9ms | TOTAL=22.9ms for 1800ms audio (RTF=0.01x)
[TIMING] stream_chunk[experiment-96efbc4931764203a8a008762045a8de](live_neural): decode=0.2ms, inference=26.0ms, second_pass=0.0ms, contention=0.0ms, TOTAL=26.3ms | audio=600ms, RTF=0.04x | model=enhanced_mel, neural_total=25.5ms, model_inference=17.1ms
[TIMING] EnhancedMel.transcribe: audio_to_gpu=0.3ms, features=1.3ms, model=15.3ms, decode=7.0ms | TOTAL=23.9ms for 2400ms audio (RTF=0.01x)
[TIMING] stream_chunk[experiment-96efbc4931764203a8a008762045a8de](live_neural): decode=0.2ms, inference=27.7ms, second_pass=0.0ms, contention=0.0ms, TOTAL=28.2ms | audio=600ms, RTF=0.05x | model=enhanced_mel, neural_total=27.2ms, model_inference=15.3ms
[TIMING] EnhancedMel.transcribe: audio_to_gpu=0.3ms, features=6.0ms, model=15.8ms, decode=8.1ms | TOTAL=30.2ms for 3000ms audio (RTF=0.01x)
[TIMING] stream_chunk[experiment-96efbc4931764203a8a008762045a8de](live_neural): decode=0.2ms, inference=33.9ms, second_pass=0.0ms, contention=0.0ms, TOTAL=34.5ms | audio=600ms, RTF=0.06x | model=enhanced_mel, neural_total=33.4ms, model_inference=15.8ms
[TIMING] EnhancedMel.transcribe: audio_to_gpu=0.2ms, features=0.5ms, model=17.9ms, decode=7.8ms | TOTAL=26.4ms for 3000ms audio (RTF=0.01x)
[TIMING] stream_chunk[experiment-96efbc4931764203a8a008762045a8de](live_neural): decode=0.2ms, inference=29.6ms, second_pass=0.0ms, contention=0.0ms, TOTAL=30.1ms | audio=600ms, RTF=0.05x | model=enhanced_mel, neural_total=29.0ms, model_inference=17.9ms
[TIMING] EnhancedMel.transcribe: audio_to_gpu=0.4ms, features=0.6ms, model=16.2ms, decode=9.0ms | TOTAL=26.1ms for 3000ms audio (RTF=0.01x)
[TIMING] stream_chunk[experiment-96efbc4931764203a8a008762045a8de](live_neural): decode=0.2ms, inference=29.9ms, second_pass=0.0ms, contention=0.0ms, TOTAL=30.4ms | audio=600ms, RTF=0.05x | model=enhanced_mel, neural_total=29.2ms, model_inference=16.2ms
[TIMING] EnhancedMel.transcribe: audio_to_gpu=0.4ms, features=0.9ms, model=22.8ms, decode=8.2ms | TOTAL=32.3ms for 3000ms audio (RTF=0.01x)
[TIMING] stream_chunk[experiment-96efbc4931764203a8a008762045a8de](live_neural): decode=0.2ms, inference=35.1ms, second_pass=0.0ms, contention=0.0ms, TOTAL=35.6ms | audio=600ms, RTF=0.06x | model=enhanced_mel, neural_total=34.6ms, model_inference=22.8ms
[TIMING] EnhancedMel.transcribe: audio_to_gpu=0.3ms, features=0.6ms, model=18.9ms, decode=11.2ms | TOTAL=31.0ms for 3000ms audio (RTF=0.01x)
[TIMING] stream_chunk[experiment-96efbc4931764203a8a008762045a8de](live_neural): decode=0.2ms, inference=34.7ms, second_pass=0.0ms, contention=0.0ms, TOTAL=35.1ms | audio=600ms, RTF=0.06x | model=enhanced_mel, neural_total=34.1ms, model_inference=18.9ms
[TIMING] EnhancedMel.transcribe: audio_to_gpu=0.4ms, features=0.9ms, model=16.4ms, decode=6.8ms | TOTAL=24.5ms for 3000ms audio (RTF=0.01x)
[TIMING] stream_chunk[experiment-96efbc4931764203a8a008762045a8de](live_neural): decode=0.2ms, inference=28.2ms, second_pass=0.0ms, contention=0.0ms, TOTAL=28.7ms | audio=600ms, RTF=0.05x | model=enhanced_mel, neural_total=27.6ms, model_inference=16.4ms
[TIMING] EnhancedMel.transcribe: audio_to_gpu=0.7ms, features=0.6ms, model=14.3ms, decode=1.9ms | TOTAL=17.6ms for 600ms audio (RTF=0.03x)
[TIMING] stream_chunk[experiment-64b09d98c4f249c4bf91a90fca1f916b](live_neural): decode=0.2ms, inference=20.0ms, second_pass=0.0ms, contention=0.0ms, TOTAL=20.3ms | audio=600ms, RTF=0.03x | model=enhanced_mel, neural_total=19.5ms, model_inference=14.3ms
[TIMING] EnhancedMel.transcribe: audio_to_gpu=0.2ms, features=0.4ms, model=15.7ms, decode=3.5ms | TOTAL=19.9ms for 1200ms audio (RTF=0.02x)
[TIMING] stream_chunk[experiment-64b09d98c4f249c4bf91a90fca1f916b](live_neural): decode=0.2ms, inference=23.5ms, second_pass=0.0ms, contention=0.0ms, TOTAL=23.9ms | audio=600ms, RTF=0.04x | model=enhanced_mel, neural_total=23.1ms, model_inference=15.8ms
[TIMING] EnhancedMel.transcribe: audio_to_gpu=0.4ms, features=0.5ms, model=18.1ms, decode=7.8ms | TOTAL=26.8ms for 1800ms audio (RTF=0.01x)
[TIMING] stream_chunk[experiment-64b09d98c4f249c4bf91a90fca1f916b](live_neural): decode=0.2ms, inference=31.5ms, second_pass=0.0ms, contention=0.0ms, TOTAL=31.9ms | audio=600ms, RTF=0.05x | model=enhanced_mel, neural_total=30.9ms, model_inference=18.1ms
[TIMING] EnhancedMel.transcribe: audio_to_gpu=0.8ms, features=0.7ms, model=21.3ms, decode=6.7ms | TOTAL=29.5ms for 2400ms audio (RTF=0.01x)
[TIMING] stream_chunk[experiment-64b09d98c4f249c4bf91a90fca1f916b](live_neural): decode=0.2ms, inference=33.5ms, second_pass=0.0ms, contention=0.0ms, TOTAL=34.0ms | audio=600ms, RTF=0.06x | model=enhanced_mel, neural_total=32.9ms, model_inference=21.3ms
[TIMING] EnhancedMel.transcribe: audio_to_gpu=0.4ms, features=0.7ms, model=15.4ms, decode=8.3ms | TOTAL=24.7ms for 3000ms audio (RTF=0.01x)
[TIMING] stream_chunk[experiment-64b09d98c4f249c4bf91a90fca1f916b](live_neural): decode=0.2ms, inference=27.7ms, second_pass=0.0ms, contention=0.0ms, TOTAL=28.2ms | audio=600ms, RTF=0.05x | model=enhanced_mel, neural_total=27.2ms, model_inference=15.4ms
[TIMING] EnhancedMel.transcribe: audio_to_gpu=0.4ms, features=0.6ms, model=16.4ms, decode=12.3ms | TOTAL=29.7ms for 3000ms audio (RTF=0.01x)
[TIMING] stream_chunk[experiment-64b09d98c4f249c4bf91a90fca1f916b](live_neural): decode=0.2ms, inference=33.6ms, second_pass=0.0ms, contention=0.0ms, TOTAL=34.0ms | audio=600ms, RTF=0.06x | model=enhanced_mel, neural_total=33.0ms, model_inference=16.4ms
[TIMING] EnhancedMel.transcribe: audio_to_gpu=0.4ms, features=0.6ms, model=16.2ms, decode=9.2ms | TOTAL=26.4ms for 3000ms audio (RTF=0.01x)
[TIMING] stream_chunk[experiment-64b09d98c4f249c4bf91a90fca1f916b](live_neural): decode=0.2ms, inference=31.1ms, second_pass=0.0ms, contention=0.0ms, TOTAL=31.6ms | audio=600ms, RTF=0.05x | model=enhanced_mel, neural_total=30.4ms, model_inference=16.2ms
[TIMING] EnhancedMel.transcribe: audio_to_gpu=0.3ms, features=0.6ms, model=16.0ms, decode=7.9ms | TOTAL=24.9ms for 3000ms audio (RTF=0.01x)
[TIMING] stream_chunk[experiment-64b09d98c4f249c4bf91a90fca1f916b](live_neural): decode=0.2ms, inference=29.5ms, second_pass=0.0ms, contention=0.0ms, TOTAL=30.0ms | audio=600ms, RTF=0.05x | model=enhanced_mel, neural_total=28.9ms, model_inference=16.0ms
[TIMING] EnhancedMel.transcribe: audio_to_gpu=0.4ms, features=1.0ms, model=14.4ms, decode=8.7ms | TOTAL=24.6ms for 3000ms audio (RTF=0.01x)
[TIMING] stream_chunk[experiment-64b09d98c4f249c4bf91a90fca1f916b](live_neural): decode=0.2ms, inference=29.2ms, second_pass=0.0ms, contention=0.0ms, TOTAL=29.6ms | audio=600ms, RTF=0.05x | model=enhanced_mel, neural_total=28.5ms, model_inference=14.4ms
[TIMING] EnhancedMel.transcribe: audio_to_gpu=0.4ms, features=0.7ms, model=16.8ms, decode=8.3ms | TOTAL=26.1ms for 3000ms audio (RTF=0.01x)
[TIMING] stream_chunk[experiment-64b09d98c4f249c4bf91a90fca1f916b](live_neural): decode=0.3ms, inference=31.9ms, second_pass=0.0ms, contention=0.0ms, TOTAL=32.5ms | audio=600ms, RTF=0.05x | model=enhanced_mel, neural_total=31.4ms, model_inference=16.8ms

[CLIP_027] Sonata in D Major, K. 96 L. 465
  excerpt: start=9.00s end=15.00s duration=6.00s gt_notes=124 rms=0.0589 peak=0.3158 crest=5.362 rms_std=0.0197
    control:
      note metrics: precision=0.858 recall=0.927 f1=0.891 matched=115/124 pred=134
      strict onset f1: 10ms=0.744 20ms=0.891 30ms=0.891
      timing metrics: offset_f1=0.822 rhythm_precision=0.922 note_value_acc=0.643 note_value_n=115 avg_beat_error=0.079
      duplicate metrics: duplicates=12 per_100_notes=8.96
      boundary metrics: gt=43 matched=38 missed=5 miss_rate=0.116
      latency: avg_chunk_ms=29.14 p95_chunk_ms=35.35 avg_rtf=0.049
      notation metrics: first_correct_ms=61.0 visible_p50_ms=461.1 visible_p95_ms=637.4 stabilize_p50_ms=1327.6 stabilize_p95_ms=3238.7 avg_revisions=1.64 matched=25 refined=25 snapshots=18
      algorithmic latency: first_correct_ms=29.2 visible_p50_ms=426.0 visible_p95_ms=613.6 stabilize_p50_ms=1138.5 stabilize_p95_ms=2785.7
      final display note metrics: precision=0.965 recall=0.887 f1=0.924 matched=110/124 pred=114
      final display strict onset f1: 10ms=0.790 20ms=0.924 30ms=0.924
      final display timing: offset_f1=0.849 rhythm_precision=0.918 note_value_acc=0.445 note_value_n=110 avg_beat_error=0.161
      final display structure: cluster_f1=0.753 onset_align_recall=0.957 avg_jaccard=0.912 exact=35/47 pred=46 over=2 under=7 pitch_conflicts=1 missed_gt=2
      threshold profiles: hit_rate=0.000 thresholds=[0.55] profiles={'fixed_baseline': 10}
    treatment:
      note metrics: precision=0.858 recall=0.927 f1=0.891 matched=115/124 pred=134
      strict onset f1: 10ms=0.744 20ms=0.891 30ms=0.891
      timing metrics: offset_f1=0.822 rhythm_precision=0.922 note_value_acc=0.643 note_value_n=115 avg_beat_error=0.079
      duplicate metrics: duplicates=12 per_100_notes=8.96
      boundary metrics: gt=43 matched=38 missed=5 miss_rate=0.116
      latency: avg_chunk_ms=29.59 p95_chunk_ms=33.99 avg_rtf=0.049
      notation metrics: first_correct_ms=59.1 visible_p50_ms=455.6 visible_p95_ms=638.4 stabilize_p50_ms=1333.2 stabilize_p95_ms=3234.6 avg_revisions=1.64 matched=25 refined=25 snapshots=18
      algorithmic latency: first_correct_ms=29.2 visible_p50_ms=426.0 visible_p95_ms=613.6 stabilize_p50_ms=1138.5 stabilize_p95_ms=2785.7
      final display note metrics: precision=0.965 recall=0.887 f1=0.924 matched=110/124 pred=114
      final display strict onset f1: 10ms=0.790 20ms=0.924 30ms=0.924
      final display timing: offset_f1=0.849 rhythm_precision=0.918 note_value_acc=0.445 note_value_n=110 avg_beat_error=0.161
      final display structure: cluster_f1=0.753 onset_align_recall=0.957 avg_jaccard=0.912 exact=35/47 pred=46 over=2 under=7 pitch_conflicts=1 missed_gt=2
      threshold profiles: hit_rate=0.000 thresholds=[0.55] profiles={'baseline_nominal': 10}
    delta treatment-control: precision=+0.000 recall=+0.000 f1=+0.000 offset_f1=+0.000 note_value_acc=+0.000 dup_per_100=+0.00 boundary_miss_rate=+0.000 p95_chunk_ms=-1.36 f1_10ms=+0.000 f1_20ms=+0.000 f1_30ms=+0.000 visible_p50_ms=-5.5 stabilize_p50_ms=+5.6 algo_visible_p50_ms=+0.0 algo_stabilize_p50_ms=+0.0 avg_revisions=+0.00 display_note_f1=+0.000 display_offset_f1=+0.000 display_cluster_f1=+0.000 display_cluster_jaccard=+0.000
    failure buckets: ['boundary_miss_failure', 'high_revision_slow_stabilization']
      boundary diagnostics: missed=5 by_arm={'control': 5, 'treatment': 5} tags={'control_boundary_miss': 5, 'no_control_coarse_candidate': 5}
        miss: pitch=55 onset=0.630s boundary_delta_ms=+30.2 control_coarse=False treatment_coarse=False retro=n/a
        miss: pitch=74 onset=1.161s boundary_delta_ms=-38.5 control_coarse=False treatment_coarse=False retro=n/a
        miss: pitch=54 onset=5.987s boundary_delta_ms=-13.0 control_coarse=False treatment_coarse=False retro=n/a
        ... 2 more missed boundary notes in diagnostics JSON
[TIMING] EnhancedMel.transcribe: audio_to_gpu=1.0ms, features=0.8ms, model=13.6ms, decode=1.9ms | TOTAL=17.3ms for 600ms audio (RTF=0.03x)
[TIMING] stream_chunk[experiment-b53d1980cd2b4d9f93d1751cfd7b2462](live_neural): decode=0.3ms, inference=20.4ms, second_pass=0.0ms, contention=0.0ms, TOTAL=20.8ms | audio=600ms, RTF=0.03x | model=enhanced_mel, neural_total=19.8ms, model_inference=13.6ms
[TIMING] EnhancedMel.transcribe: audio_to_gpu=0.3ms, features=0.8ms, model=15.8ms, decode=2.4ms | TOTAL=19.3ms for 1200ms audio (RTF=0.02x)
[TIMING] stream_chunk[experiment-b53d1980cd2b4d9f93d1751cfd7b2462](live_neural): decode=0.1ms, inference=23.4ms, second_pass=0.0ms, contention=0.0ms, TOTAL=23.7ms | audio=600ms, RTF=0.04x | model=enhanced_mel, neural_total=23.0ms, model_inference=15.8ms
[TIMING] EnhancedMel.transcribe: audio_to_gpu=0.1ms, features=4.9ms, model=16.1ms, decode=8.3ms | TOTAL=29.5ms for 1800ms audio (RTF=0.02x)
[TIMING] stream_chunk[experiment-b53d1980cd2b4d9f93d1751cfd7b2462](live_neural): decode=0.2ms, inference=32.3ms, second_pass=0.0ms, contention=0.0ms, TOTAL=32.8ms | audio=600ms, RTF=0.05x | model=enhanced_mel, neural_total=31.5ms, model_inference=16.1ms
[TIMING] EnhancedMel.transcribe: audio_to_gpu=0.2ms, features=0.5ms, model=18.2ms, decode=11.1ms | TOTAL=30.1ms for 2400ms audio (RTF=0.01x)
[TIMING] stream_chunk[experiment-b53d1980cd2b4d9f93d1751cfd7b2462](live_neural): decode=0.2ms, inference=33.8ms, second_pass=0.0ms, contention=0.0ms, TOTAL=34.3ms | audio=600ms, RTF=0.06x | model=enhanced_mel, neural_total=33.3ms, model_inference=18.2ms
[TIMING] EnhancedMel.transcribe: audio_to_gpu=0.3ms, features=0.6ms, model=16.9ms, decode=12.4ms | TOTAL=30.2ms for 3000ms audio (RTF=0.01x)
[TIMING] stream_chunk[experiment-b53d1980cd2b4d9f93d1751cfd7b2462](live_neural): decode=0.3ms, inference=34.6ms, second_pass=0.0ms, contention=0.0ms, TOTAL=35.3ms | audio=600ms, RTF=0.06x | model=enhanced_mel, neural_total=34.0ms, model_inference=16.9ms
[TIMING] EnhancedMel.transcribe: audio_to_gpu=0.4ms, features=0.7ms, model=16.8ms, decode=11.5ms | TOTAL=29.5ms for 3000ms audio (RTF=0.01x)
[TIMING] stream_chunk[experiment-b53d1980cd2b4d9f93d1751cfd7b2462](live_neural): decode=0.2ms, inference=34.0ms, second_pass=0.0ms, contention=0.0ms, TOTAL=34.5ms | audio=600ms, RTF=0.06x | model=enhanced_mel, neural_total=33.4ms, model_inference=16.8ms
[TIMING] EnhancedMel.transcribe: audio_to_gpu=0.3ms, features=0.5ms, model=15.6ms, decode=9.9ms | TOTAL=26.3ms for 3000ms audio (RTF=0.01x)
[TIMING] stream_chunk[experiment-b53d1980cd2b4d9f93d1751cfd7b2462](live_neural): decode=0.2ms, inference=31.2ms, second_pass=0.0ms, contention=0.0ms, TOTAL=31.7ms | audio=600ms, RTF=0.05x | model=enhanced_mel, neural_total=30.6ms, model_inference=15.6ms
[TIMING] EnhancedMel.transcribe: audio_to_gpu=0.3ms, features=2.0ms, model=16.9ms, decode=9.8ms | TOTAL=29.0ms for 3000ms audio (RTF=0.01x)
[TIMING] stream_chunk[experiment-b53d1980cd2b4d9f93d1751cfd7b2462](live_neural): decode=0.3ms, inference=33.4ms, second_pass=0.0ms, contention=0.0ms, TOTAL=34.2ms | audio=600ms, RTF=0.06x | model=enhanced_mel, neural_total=32.7ms, model_inference=16.9ms
[TIMING] EnhancedMel.transcribe: audio_to_gpu=0.4ms, features=0.8ms, model=21.2ms, decode=10.2ms | TOTAL=32.5ms for 3000ms audio (RTF=0.01x)
[TIMING] stream_chunk[experiment-b53d1980cd2b4d9f93d1751cfd7b2462](live_neural): decode=0.2ms, inference=38.1ms, second_pass=0.0ms, contention=0.0ms, TOTAL=38.7ms | audio=600ms, RTF=0.06x | model=enhanced_mel, neural_total=37.5ms, model_inference=21.2ms
[TIMING] EnhancedMel.transcribe: audio_to_gpu=0.4ms, features=0.7ms, model=24.5ms, decode=10.1ms | TOTAL=35.7ms for 3000ms audio (RTF=0.01x)
[TIMING] stream_chunk[experiment-b53d1980cd2b4d9f93d1751cfd7b2462](live_neural): decode=0.2ms, inference=40.1ms, second_pass=0.0ms, contention=0.0ms, TOTAL=40.6ms | audio=600ms, RTF=0.07x | model=enhanced_mel, neural_total=39.5ms, model_inference=24.5ms
[TIMING] EnhancedMel.transcribe: audio_to_gpu=0.4ms, features=0.6ms, model=18.4ms, decode=3.1ms | TOTAL=22.5ms for 600ms audio (RTF=0.04x)
[TIMING] stream_chunk[experiment-8adffb16191241079eefa69d65766853](live_neural): decode=0.3ms, inference=25.2ms, second_pass=0.0ms, contention=0.0ms, TOTAL=25.5ms | audio=600ms, RTF=0.04x | model=enhanced_mel, neural_total=24.5ms, model_inference=18.4ms
[TIMING] EnhancedMel.transcribe: audio_to_gpu=0.2ms, features=0.4ms, model=16.7ms, decode=5.6ms | TOTAL=23.0ms for 1200ms audio (RTF=0.02x)
[TIMING] stream_chunk[experiment-8adffb16191241079eefa69d65766853](live_neural): decode=0.2ms, inference=26.7ms, second_pass=0.0ms, contention=0.0ms, TOTAL=27.1ms | audio=600ms, RTF=0.05x | model=enhanced_mel, neural_total=25.3ms, model_inference=16.7ms
[TIMING] EnhancedMel.transcribe: audio_to_gpu=0.3ms, features=0.7ms, model=22.1ms, decode=5.8ms | TOTAL=28.9ms for 1800ms audio (RTF=0.02x)
[TIMING] stream_chunk[experiment-8adffb16191241079eefa69d65766853](live_neural): decode=0.2ms, inference=31.9ms, second_pass=0.0ms, contention=0.0ms, TOTAL=32.3ms | audio=600ms, RTF=0.05x | model=enhanced_mel, neural_total=31.5ms, model_inference=22.1ms
[TIMING] EnhancedMel.transcribe: audio_to_gpu=0.2ms, features=0.7ms, model=19.0ms, decode=7.1ms | TOTAL=27.0ms for 2400ms audio (RTF=0.01x)
[TIMING] stream_chunk[experiment-8adffb16191241079eefa69d65766853](live_neural): decode=1.8ms, inference=32.4ms, second_pass=0.0ms, contention=0.0ms, TOTAL=34.5ms | audio=600ms, RTF=0.06x | model=enhanced_mel, neural_total=31.8ms, model_inference=19.0ms
[TIMING] EnhancedMel.transcribe: audio_to_gpu=0.4ms, features=0.7ms, model=20.7ms, decode=11.9ms | TOTAL=33.7ms for 3000ms audio (RTF=0.01x)
[TIMING] stream_chunk[experiment-8adffb16191241079eefa69d65766853](live_neural): decode=0.3ms, inference=38.2ms, second_pass=0.0ms, contention=0.0ms, TOTAL=38.8ms | audio=600ms, RTF=0.06x | model=enhanced_mel, neural_total=37.7ms, model_inference=20.7ms
[TIMING] EnhancedMel.transcribe: audio_to_gpu=0.3ms, features=0.5ms, model=15.0ms, decode=8.2ms | TOTAL=24.1ms for 3000ms audio (RTF=0.01x)
[TIMING] stream_chunk[experiment-8adffb16191241079eefa69d65766853](live_neural): decode=0.3ms, inference=27.8ms, second_pass=0.0ms, contention=0.0ms, TOTAL=28.5ms | audio=600ms, RTF=0.05x | model=enhanced_mel, neural_total=27.2ms, model_inference=15.0ms
[TIMING] EnhancedMel.transcribe: audio_to_gpu=0.2ms, features=1.6ms, model=16.0ms, decode=9.3ms | TOTAL=27.1ms for 3000ms audio (RTF=0.01x)
[TIMING] stream_chunk[experiment-8adffb16191241079eefa69d65766853](live_neural): decode=0.2ms, inference=31.9ms, second_pass=0.0ms, contention=0.0ms, TOTAL=32.4ms | audio=600ms, RTF=0.05x | model=enhanced_mel, neural_total=31.2ms, model_inference=16.0ms
[TIMING] EnhancedMel.transcribe: audio_to_gpu=0.3ms, features=0.9ms, model=22.0ms, decode=13.6ms | TOTAL=36.9ms for 3000ms audio (RTF=0.01x)
[TIMING] stream_chunk[experiment-8adffb16191241079eefa69d65766853](live_neural): decode=0.2ms, inference=42.0ms, second_pass=0.0ms, contention=0.0ms, TOTAL=42.5ms | audio=600ms, RTF=0.07x | model=enhanced_mel, neural_total=41.5ms, model_inference=22.0ms
[TIMING] EnhancedMel.transcribe: audio_to_gpu=0.3ms, features=2.5ms, model=20.2ms, decode=11.9ms | TOTAL=34.8ms for 3000ms audio (RTF=0.01x)
[TIMING] stream_chunk[experiment-8adffb16191241079eefa69d65766853](live_neural): decode=0.2ms, inference=38.7ms, second_pass=0.0ms, contention=0.0ms, TOTAL=39.3ms | audio=600ms, RTF=0.07x | model=enhanced_mel, neural_total=38.1ms, model_inference=20.2ms
[TIMING] EnhancedMel.transcribe: audio_to_gpu=0.3ms, features=1.6ms, model=20.7ms, decode=8.7ms | TOTAL=31.2ms for 3000ms audio (RTF=0.01x)
[TIMING] stream_chunk[experiment-8adffb16191241079eefa69d65766853](live_neural): decode=0.2ms, inference=38.4ms, second_pass=0.0ms, contention=0.0ms, TOTAL=39.1ms | audio=600ms, RTF=0.07x | model=enhanced_mel, neural_total=37.8ms, model_inference=20.7ms

[CLIP_028] Etude No. 7 "Study in Chromatic Steps"
  excerpt: start=84.00s end=90.00s duration=6.00s gt_notes=131 rms=0.0495 peak=0.4230 crest=8.542 rms_std=0.0249
    control:
      note metrics: precision=0.901 recall=0.969 f1=0.934 matched=127/131 pred=141
      strict onset f1: 10ms=0.684 20ms=0.904 30ms=0.934
      timing metrics: offset_f1=0.926 rhythm_precision=0.992 note_value_acc=0.709 note_value_n=127 avg_beat_error=0.031
      duplicate metrics: duplicates=5 per_100_notes=3.55
      boundary metrics: gt=37 matched=35 missed=2 miss_rate=0.054
      latency: avg_chunk_ms=32.66 p95_chunk_ms=39.76 avg_rtf=0.054
      notation metrics: first_correct_ms=70.9 visible_p50_ms=338.5 visible_p95_ms=620.6 stabilize_p50_ms=1875.2 stabilize_p95_ms=2626.3 avg_revisions=2.00 matched=33 refined=33 snapshots=17
      algorithmic latency: first_correct_ms=36.5 visible_p50_ms=304.2 visible_p95_ms=581.9 stabilize_p50_ms=1605.2 stabilize_p95_ms=2549.2
      final display note metrics: precision=0.934 recall=0.969 f1=0.951 matched=127/131 pred=136
      final display strict onset f1: 10ms=0.689 20ms=0.921 30ms=0.951
      final display timing: offset_f1=0.944 rhythm_precision=0.992 note_value_acc=0.441 note_value_n=127 avg_beat_error=0.089
      final display structure: cluster_f1=0.785 onset_align_recall=1.000 avg_jaccard=0.915 exact=53/67 pred=68 over=8 under=5 pitch_conflicts=1 missed_gt=0
      threshold profiles: hit_rate=0.000 thresholds=[0.55] profiles={'fixed_baseline': 10}
    treatment:
      note metrics: precision=0.901 recall=0.969 f1=0.934 matched=127/131 pred=141
      strict onset f1: 10ms=0.684 20ms=0.904 30ms=0.934
      timing metrics: offset_f1=0.926 rhythm_precision=0.992 note_value_acc=0.709 note_value_n=127 avg_beat_error=0.031
      duplicate metrics: duplicates=5 per_100_notes=3.55
      boundary metrics: gt=37 matched=35 missed=2 miss_rate=0.054
      latency: avg_chunk_ms=34.00 p95_chunk_ms=41.04 avg_rtf=0.057
      notation metrics: first_correct_ms=64.9 visible_p50_ms=337.0 visible_p95_ms=621.2 stabilize_p50_ms=1711.6 stabilize_p95_ms=2628.7 avg_revisions=1.91 matched=33 refined=33 snapshots=16
      algorithmic latency: first_correct_ms=36.5 visible_p50_ms=304.2 visible_p95_ms=581.9 stabilize_p50_ms=1605.2 stabilize_p95_ms=2549.2
      final display note metrics: precision=0.934 recall=0.969 f1=0.951 matched=127/131 pred=136
      final display strict onset f1: 10ms=0.689 20ms=0.921 30ms=0.951
      final display timing: offset_f1=0.944 rhythm_precision=0.992 note_value_acc=0.441 note_value_n=127 avg_beat_error=0.089
      final display structure: cluster_f1=0.785 onset_align_recall=1.000 avg_jaccard=0.915 exact=53/67 pred=68 over=8 under=5 pitch_conflicts=1 missed_gt=0
      threshold profiles: hit_rate=0.100 thresholds=[0.46, 0.55] profiles={'baseline_nominal': 9, 'loud_dense_precision': 1}
    delta treatment-control: precision=+0.000 recall=+0.000 f1=+0.000 offset_f1=+0.000 note_value_acc=+0.000 dup_per_100=+0.00 boundary_miss_rate=+0.000 p95_chunk_ms=+1.28 f1_10ms=+0.000 f1_20ms=+0.000 f1_30ms=+0.000 visible_p50_ms=-1.5 stabilize_p50_ms=-163.6 algo_visible_p50_ms=+0.0 algo_stabilize_p50_ms=+0.0 avg_revisions=-0.09 display_note_f1=+0.000 display_offset_f1=+0.000 display_cluster_f1=+0.000 display_cluster_jaccard=+0.000
    failure buckets: ['boundary_miss_failure', 'high_revision_slow_stabilization']
      boundary diagnostics: missed=2 by_arm={'control': 2, 'treatment': 2} tags={'control_boundary_miss': 2, 'no_control_coarse_candidate': 2}
        miss: pitch=76 onset=1.101s boundary_delta_ms=-99.0 control_coarse=False treatment_coarse=False retro=n/a
        miss: pitch=76 onset=4.205s boundary_delta_ms=+5.2 control_coarse=False treatment_coarse=False retro=n/a
[TIMING] EnhancedMel.transcribe: audio_to_gpu=1.8ms, features=0.8ms, model=17.7ms, decode=2.2ms | TOTAL=22.4ms for 600ms audio (RTF=0.04x)
[TIMING] stream_chunk[experiment-2094bf433e7648a3b13c4ed7f533c436](live_neural): decode=0.4ms, inference=25.5ms, second_pass=0.0ms, contention=0.0ms, TOTAL=25.9ms | audio=600ms, RTF=0.04x | model=enhanced_mel, neural_total=24.7ms, model_inference=17.7ms
[TIMING] EnhancedMel.transcribe: audio_to_gpu=0.2ms, features=0.4ms, model=14.5ms, decode=3.7ms | TOTAL=18.8ms for 1200ms audio (RTF=0.02x)
[TIMING] stream_chunk[experiment-2094bf433e7648a3b13c4ed7f533c436](live_neural): decode=0.1ms, inference=21.6ms, second_pass=0.0ms, contention=0.0ms, TOTAL=21.9ms | audio=600ms, RTF=0.04x | model=enhanced_mel, neural_total=21.1ms, model_inference=14.5ms
[TIMING] EnhancedMel.transcribe: audio_to_gpu=0.3ms, features=0.6ms, model=16.3ms, decode=5.0ms | TOTAL=22.2ms for 1800ms audio (RTF=0.01x)
[TIMING] stream_chunk[experiment-2094bf433e7648a3b13c4ed7f533c436](live_neural): decode=0.2ms, inference=26.7ms, second_pass=0.0ms, contention=0.0ms, TOTAL=27.0ms | audio=600ms, RTF=0.05x | model=enhanced_mel, neural_total=26.3ms, model_inference=16.3ms
[TIMING] EnhancedMel.transcribe: audio_to_gpu=0.4ms, features=0.6ms, model=16.0ms, decode=11.6ms | TOTAL=28.6ms for 2400ms audio (RTF=0.01x)
[TIMING] stream_chunk[experiment-2094bf433e7648a3b13c4ed7f533c436](live_neural): decode=0.2ms, inference=32.5ms, second_pass=0.0ms, contention=0.0ms, TOTAL=33.0ms | audio=600ms, RTF=0.06x | model=enhanced_mel, neural_total=32.0ms, model_inference=16.0ms
[TIMING] EnhancedMel.transcribe: audio_to_gpu=0.4ms, features=5.5ms, model=20.4ms, decode=8.8ms | TOTAL=35.0ms for 3000ms audio (RTF=0.01x)
[TIMING] stream_chunk[experiment-2094bf433e7648a3b13c4ed7f533c436](live_neural): decode=0.2ms, inference=38.0ms, second_pass=0.0ms, contention=0.0ms, TOTAL=38.5ms | audio=600ms, RTF=0.06x | model=enhanced_mel, neural_total=37.5ms, model_inference=20.4ms
[TIMING] EnhancedMel.transcribe: audio_to_gpu=0.4ms, features=0.7ms, model=19.6ms, decode=13.4ms | TOTAL=34.1ms for 3000ms audio (RTF=0.01x)
[TIMING] stream_chunk[experiment-2094bf433e7648a3b13c4ed7f533c436](live_neural): decode=0.2ms, inference=38.4ms, second_pass=0.0ms, contention=0.0ms, TOTAL=38.9ms | audio=600ms, RTF=0.06x | model=enhanced_mel, neural_total=37.8ms, model_inference=19.6ms
[TIMING] EnhancedMel.transcribe: audio_to_gpu=0.5ms, features=1.1ms, model=18.1ms, decode=5.8ms | TOTAL=25.5ms for 3000ms audio (RTF=0.01x)
[TIMING] stream_chunk[experiment-2094bf433e7648a3b13c4ed7f533c436](live_neural): decode=0.1ms, inference=29.1ms, second_pass=0.0ms, contention=0.0ms, TOTAL=29.5ms | audio=600ms, RTF=0.05x | model=enhanced_mel, neural_total=28.5ms, model_inference=18.1ms
[TIMING] EnhancedMel.transcribe: audio_to_gpu=0.3ms, features=0.7ms, model=16.0ms, decode=12.0ms | TOTAL=29.0ms for 3000ms audio (RTF=0.01x)
[TIMING] stream_chunk[experiment-2094bf433e7648a3b13c4ed7f533c436](live_neural): decode=0.1ms, inference=32.9ms, second_pass=0.0ms, contention=0.0ms, TOTAL=33.3ms | audio=600ms, RTF=0.06x | model=enhanced_mel, neural_total=32.5ms, model_inference=16.0ms
[TIMING] EnhancedMel.transcribe: audio_to_gpu=0.5ms, features=0.7ms, model=17.5ms, decode=9.7ms | TOTAL=28.4ms for 3000ms audio (RTF=0.01x)
[TIMING] stream_chunk[experiment-2094bf433e7648a3b13c4ed7f533c436](live_neural): decode=0.3ms, inference=33.9ms, second_pass=0.0ms, contention=0.0ms, TOTAL=34.5ms | audio=600ms, RTF=0.06x | model=enhanced_mel, neural_total=33.4ms, model_inference=17.5ms
[TIMING] EnhancedMel.transcribe: audio_to_gpu=0.3ms, features=0.5ms, model=14.2ms, decode=8.2ms | TOTAL=23.3ms for 3000ms audio (RTF=0.01x)
[TIMING] stream_chunk[experiment-2094bf433e7648a3b13c4ed7f533c436](live_neural): decode=0.1ms, inference=25.9ms, second_pass=0.0ms, contention=0.0ms, TOTAL=26.3ms | audio=600ms, RTF=0.04x | model=enhanced_mel, neural_total=25.4ms, model_inference=14.2ms
[TIMING] EnhancedMel.transcribe: audio_to_gpu=0.3ms, features=0.6ms, model=9.9ms, decode=1.2ms | TOTAL=12.1ms for 600ms audio (RTF=0.02x)
[TIMING] stream_chunk[experiment-54bec615a2374b86a06c7660d274bd4f](live_neural): decode=0.2ms, inference=13.8ms, second_pass=0.0ms, contention=0.0ms, TOTAL=14.1ms | audio=600ms, RTF=0.02x | model=enhanced_mel, neural_total=13.3ms, model_inference=9.9ms
[TIMING] EnhancedMel.transcribe: audio_to_gpu=0.2ms, features=0.4ms, model=10.9ms, decode=4.9ms | TOTAL=16.5ms for 1200ms audio (RTF=0.01x)
[TIMING] stream_chunk[experiment-54bec615a2374b86a06c7660d274bd4f](live_neural): decode=0.2ms, inference=19.0ms, second_pass=0.0ms, contention=0.0ms, TOTAL=19.2ms | audio=600ms, RTF=0.03x | model=enhanced_mel, neural_total=18.5ms, model_inference=10.9ms
[TIMING] EnhancedMel.transcribe: audio_to_gpu=0.2ms, features=0.6ms, model=18.5ms, decode=7.4ms | TOTAL=26.6ms for 1800ms audio (RTF=0.01x)
[TIMING] stream_chunk[experiment-54bec615a2374b86a06c7660d274bd4f](live_neural): decode=0.1ms, inference=29.3ms, second_pass=0.0ms, contention=0.0ms, TOTAL=29.6ms | audio=600ms, RTF=0.05x | model=enhanced_mel, neural_total=28.8ms, model_inference=18.5ms
[TIMING] EnhancedMel.transcribe: audio_to_gpu=0.3ms, features=0.5ms, model=14.2ms, decode=8.2ms | TOTAL=23.2ms for 2400ms audio (RTF=0.01x)
[TIMING] stream_chunk[experiment-54bec615a2374b86a06c7660d274bd4f](live_neural): decode=0.9ms, inference=26.9ms, second_pass=0.0ms, contention=0.0ms, TOTAL=28.0ms | audio=600ms, RTF=0.05x | model=enhanced_mel, neural_total=26.3ms, model_inference=14.2ms
[TIMING] EnhancedMel.transcribe: audio_to_gpu=0.5ms, features=0.6ms, model=14.2ms, decode=8.2ms | TOTAL=23.4ms for 3000ms audio (RTF=0.01x)
[TIMING] stream_chunk[experiment-54bec615a2374b86a06c7660d274bd4f](live_neural): decode=0.2ms, inference=27.2ms, second_pass=0.0ms, contention=0.0ms, TOTAL=27.6ms | audio=600ms, RTF=0.05x | model=enhanced_mel, neural_total=26.7ms, model_inference=14.2ms
[TIMING] EnhancedMel.transcribe: audio_to_gpu=0.3ms, features=0.5ms, model=14.3ms, decode=8.3ms | TOTAL=23.4ms for 3000ms audio (RTF=0.01x)
[TIMING] stream_chunk[experiment-54bec615a2374b86a06c7660d274bd4f](live_neural): decode=0.1ms, inference=26.1ms, second_pass=0.0ms, contention=0.0ms, TOTAL=26.4ms | audio=600ms, RTF=0.04x | model=enhanced_mel, neural_total=25.6ms, model_inference=14.3ms
[TIMING] EnhancedMel.transcribe: audio_to_gpu=0.4ms, features=0.6ms, model=22.4ms, decode=10.0ms | TOTAL=33.4ms for 3000ms audio (RTF=0.01x)
[TIMING] stream_chunk[experiment-54bec615a2374b86a06c7660d274bd4f](live_neural): decode=0.2ms, inference=37.7ms, second_pass=0.0ms, contention=0.0ms, TOTAL=38.1ms | audio=600ms, RTF=0.06x | model=enhanced_mel, neural_total=37.1ms, model_inference=22.4ms
[TIMING] EnhancedMel.transcribe: audio_to_gpu=0.3ms, features=0.8ms, model=18.8ms, decode=9.2ms | TOTAL=29.1ms for 3000ms audio (RTF=0.01x)
[TIMING] stream_chunk[experiment-54bec615a2374b86a06c7660d274bd4f](live_neural): decode=0.2ms, inference=34.7ms, second_pass=0.0ms, contention=0.0ms, TOTAL=35.2ms | audio=600ms, RTF=0.06x | model=enhanced_mel, neural_total=34.1ms, model_inference=18.8ms
[TIMING] EnhancedMel.transcribe: audio_to_gpu=0.3ms, features=0.8ms, model=19.9ms, decode=8.1ms | TOTAL=29.1ms for 3000ms audio (RTF=0.01x)
[TIMING] stream_chunk[experiment-54bec615a2374b86a06c7660d274bd4f](live_neural): decode=0.2ms, inference=34.6ms, second_pass=0.0ms, contention=0.0ms, TOTAL=35.1ms | audio=600ms, RTF=0.06x | model=enhanced_mel, neural_total=34.0ms, model_inference=19.9ms
[TIMING] EnhancedMel.transcribe: audio_to_gpu=0.4ms, features=0.7ms, model=17.3ms, decode=6.6ms | TOTAL=25.0ms for 3000ms audio (RTF=0.01x)
[TIMING] stream_chunk[experiment-54bec615a2374b86a06c7660d274bd4f](live_neural): decode=0.2ms, inference=28.8ms, second_pass=0.0ms, contention=0.0ms, TOTAL=29.3ms | audio=600ms, RTF=0.05x | model=enhanced_mel, neural_total=28.2ms, model_inference=17.3ms

[CLIP_029] Concert Etude "Waldesrauschen"
  excerpt: start=42.00s end=48.00s duration=6.00s gt_notes=107 rms=0.0942 peak=0.4380 crest=4.650 rms_std=0.0186
    control:
      note metrics: precision=0.832 recall=0.925 f1=0.876 matched=99/107 pred=119
      strict onset f1: 10ms=0.717 20ms=0.867 30ms=0.876
      timing metrics: offset_f1=0.823 rhythm_precision=0.939 note_value_acc=0.242 note_value_n=99 avg_beat_error=0.106
      duplicate metrics: duplicates=10 per_100_notes=8.40
      boundary metrics: gt=34 matched=32 missed=2 miss_rate=0.059
      latency: avg_chunk_ms=30.88 p95_chunk_ms=38.73 avg_rtf=0.051
      notation metrics: first_correct_ms=79.9 visible_p50_ms=399.3 visible_p95_ms=655.9 stabilize_p50_ms=1613.8 stabilize_p95_ms=2206.5 avg_revisions=1.33 matched=43 refined=43 snapshots=21
      algorithmic latency: first_correct_ms=58.1 visible_p50_ms=364.3 visible_p95_ms=617.1 stabilize_p50_ms=964.8 stabilize_p95_ms=1732.4
      final display note metrics: precision=0.908 recall=0.925 f1=0.917 matched=99/107 pred=109
      final display strict onset f1: 10ms=0.741 20ms=0.907 30ms=0.917
      final display timing: offset_f1=0.861 rhythm_precision=0.939 note_value_acc=0.253 note_value_n=99 avg_beat_error=0.137
      final display structure: cluster_f1=0.752 onset_align_recall=0.949 avg_jaccard=0.889 exact=44/59 pred=58 over=6 under=4 pitch_conflicts=2 missed_gt=3
      threshold profiles: hit_rate=0.000 thresholds=[0.55] profiles={'fixed_baseline': 10}
    treatment:
      note metrics: precision=0.832 recall=0.925 f1=0.876 matched=99/107 pred=119
      strict onset f1: 10ms=0.717 20ms=0.867 30ms=0.876
      timing metrics: offset_f1=0.823 rhythm_precision=0.939 note_value_acc=0.242 note_value_n=99 avg_beat_error=0.106
      duplicate metrics: duplicates=10 per_100_notes=8.40
      boundary metrics: gt=34 matched=32 missed=2 miss_rate=0.059
      latency: avg_chunk_ms=28.27 p95_chunk_ms=36.79 avg_rtf=0.047
      notation metrics: first_correct_ms=77.3 visible_p50_ms=394.3 visible_p95_ms=643.6 stabilize_p50_ms=1621.7 stabilize_p95_ms=2197.9 avg_revisions=1.33 matched=43 refined=43 snapshots=21
      algorithmic latency: first_correct_ms=58.1 visible_p50_ms=364.3 visible_p95_ms=617.1 stabilize_p50_ms=964.8 stabilize_p95_ms=1732.4
      final display note metrics: precision=0.908 recall=0.925 f1=0.917 matched=99/107 pred=109
      final display strict onset f1: 10ms=0.741 20ms=0.907 30ms=0.917
      final display timing: offset_f1=0.861 rhythm_precision=0.939 note_value_acc=0.253 note_value_n=99 avg_beat_error=0.137
      final display structure: cluster_f1=0.752 onset_align_recall=0.949 avg_jaccard=0.889 exact=44/59 pred=58 over=6 under=4 pitch_conflicts=2 missed_gt=3
      threshold profiles: hit_rate=0.000 thresholds=[0.55] profiles={'baseline_nominal': 10}
    delta treatment-control: precision=+0.000 recall=+0.000 f1=+0.000 offset_f1=+0.000 note_value_acc=+0.000 dup_per_100=+0.00 boundary_miss_rate=+0.000 p95_chunk_ms=-1.94 f1_10ms=+0.000 f1_20ms=+0.000 f1_30ms=+0.000 visible_p50_ms=-5.0 stabilize_p50_ms=+7.9 algo_visible_p50_ms=+0.0 algo_stabilize_p50_ms=+0.0 avg_revisions=+0.00 display_note_f1=+0.000 display_offset_f1=+0.000 display_cluster_f1=+0.000 display_cluster_jaccard=+0.000
    failure buckets: ['boundary_miss_failure', 'high_revision_slow_stabilization', 'note_value_offset_failure']
      boundary diagnostics: missed=2 by_arm={'control': 2, 'treatment': 2} tags={'control_boundary_miss': 2, 'no_control_coarse_candidate': 2}
        miss: pitch=87 onset=1.836s boundary_delta_ms=+35.9 control_coarse=False treatment_coarse=False retro=n/a
        miss: pitch=60 onset=2.947s boundary_delta_ms=-53.4 control_coarse=False treatment_coarse=False retro=n/a
[TIMING] EnhancedMel.transcribe: audio_to_gpu=0.5ms, features=0.7ms, model=21.1ms, decode=2.8ms | TOTAL=25.0ms for 600ms audio (RTF=0.04x)
[TIMING] stream_chunk[experiment-28b91be3b2574fabbe6f99c3d18d9bd3](live_neural): decode=0.2ms, inference=28.2ms, second_pass=0.0ms, contention=0.0ms, TOTAL=28.5ms | audio=600ms, RTF=0.05x | model=enhanced_mel, neural_total=27.5ms, model_inference=21.1ms
[TIMING] EnhancedMel.transcribe: audio_to_gpu=0.1ms, features=0.4ms, model=12.7ms, decode=3.3ms | TOTAL=16.5ms for 1200ms audio (RTF=0.01x)
[TIMING] stream_chunk[experiment-28b91be3b2574fabbe6f99c3d18d9bd3](live_neural): decode=0.3ms, inference=19.4ms, second_pass=0.0ms, contention=0.0ms, TOTAL=19.9ms | audio=600ms, RTF=0.03x | model=enhanced_mel, neural_total=19.0ms, model_inference=12.7ms
[TIMING] EnhancedMel.transcribe: audio_to_gpu=0.2ms, features=0.5ms, model=13.3ms, decode=4.6ms | TOTAL=18.6ms for 1800ms audio (RTF=0.01x)
[TIMING] stream_chunk[experiment-28b91be3b2574fabbe6f99c3d18d9bd3](live_neural): decode=0.2ms, inference=22.4ms, second_pass=0.0ms, contention=0.0ms, TOTAL=22.7ms | audio=600ms, RTF=0.04x | model=enhanced_mel, neural_total=21.9ms, model_inference=13.3ms
[TIMING] EnhancedMel.transcribe: audio_to_gpu=0.1ms, features=0.4ms, model=21.9ms, decode=8.3ms | TOTAL=30.8ms for 2400ms audio (RTF=0.01x)
[TIMING] stream_chunk[experiment-28b91be3b2574fabbe6f99c3d18d9bd3](live_neural): decode=0.2ms, inference=34.3ms, second_pass=0.0ms, contention=0.0ms, TOTAL=34.8ms | audio=600ms, RTF=0.06x | model=enhanced_mel, neural_total=33.8ms, model_inference=21.9ms
[TIMING] EnhancedMel.transcribe: audio_to_gpu=0.3ms, features=5.4ms, model=20.3ms, decode=7.3ms | TOTAL=33.3ms for 3000ms audio (RTF=0.01x)
[TIMING] stream_chunk[experiment-28b91be3b2574fabbe6f99c3d18d9bd3](live_neural): decode=0.2ms, inference=36.7ms, second_pass=0.0ms, contention=0.0ms, TOTAL=37.1ms | audio=600ms, RTF=0.06x | model=enhanced_mel, neural_total=36.3ms, model_inference=20.3ms
[TIMING] EnhancedMel.transcribe: audio_to_gpu=0.3ms, features=0.6ms, model=16.3ms, decode=13.0ms | TOTAL=30.1ms for 3000ms audio (RTF=0.01x)
[TIMING] stream_chunk[experiment-28b91be3b2574fabbe6f99c3d18d9bd3](live_neural): decode=0.3ms, inference=36.2ms, second_pass=0.0ms, contention=0.0ms, TOTAL=36.7ms | audio=600ms, RTF=0.06x | model=enhanced_mel, neural_total=35.6ms, model_inference=16.3ms
[TIMING] EnhancedMel.transcribe: audio_to_gpu=0.3ms, features=0.7ms, model=22.6ms, decode=7.8ms | TOTAL=31.5ms for 3000ms audio (RTF=0.01x)
[TIMING] stream_chunk[experiment-28b91be3b2574fabbe6f99c3d18d9bd3](live_neural): decode=0.2ms, inference=35.9ms, second_pass=0.0ms, contention=0.0ms, TOTAL=36.3ms | audio=600ms, RTF=0.06x | model=enhanced_mel, neural_total=35.5ms, model_inference=22.6ms
[TIMING] EnhancedMel.transcribe: audio_to_gpu=0.3ms, features=0.5ms, model=13.9ms, decode=8.3ms | TOTAL=23.0ms for 3000ms audio (RTF=0.01x)
[TIMING] stream_chunk[experiment-28b91be3b2574fabbe6f99c3d18d9bd3](live_neural): decode=0.2ms, inference=28.0ms, second_pass=0.0ms, contention=0.0ms, TOTAL=28.4ms | audio=600ms, RTF=0.05x | model=enhanced_mel, neural_total=27.5ms, model_inference=13.9ms
[TIMING] EnhancedMel.transcribe: audio_to_gpu=0.4ms, features=0.7ms, model=16.5ms, decode=8.0ms | TOTAL=25.6ms for 3000ms audio (RTF=0.01x)
[TIMING] stream_chunk[experiment-28b91be3b2574fabbe6f99c3d18d9bd3](live_neural): decode=0.1ms, inference=31.9ms, second_pass=0.0ms, contention=0.0ms, TOTAL=32.3ms | audio=600ms, RTF=0.05x | model=enhanced_mel, neural_total=31.4ms, model_inference=16.5ms
[TIMING] EnhancedMel.transcribe: audio_to_gpu=0.4ms, features=0.7ms, model=19.3ms, decode=8.1ms | TOTAL=28.5ms for 3000ms audio (RTF=0.01x)
[TIMING] stream_chunk[experiment-28b91be3b2574fabbe6f99c3d18d9bd3](live_neural): decode=0.2ms, inference=33.5ms, second_pass=0.0ms, contention=0.0ms, TOTAL=33.8ms | audio=600ms, RTF=0.06x | model=enhanced_mel, neural_total=33.1ms, model_inference=19.3ms
[TIMING] EnhancedMel.transcribe: audio_to_gpu=4.3ms, features=0.6ms, model=15.5ms, decode=1.8ms | TOTAL=22.3ms for 600ms audio (RTF=0.04x)
[TIMING] stream_chunk[experiment-db68109db9ac4be6b11494ba7be04a8f](live_neural): decode=0.3ms, inference=24.8ms, second_pass=0.0ms, contention=0.0ms, TOTAL=25.1ms | audio=600ms, RTF=0.04x | model=enhanced_mel, neural_total=24.3ms, model_inference=15.5ms
[TIMING] EnhancedMel.transcribe: audio_to_gpu=0.3ms, features=0.6ms, model=13.7ms, decode=6.2ms | TOTAL=20.8ms for 1200ms audio (RTF=0.02x)
[TIMING] stream_chunk[experiment-db68109db9ac4be6b11494ba7be04a8f](live_neural): decode=0.2ms, inference=25.0ms, second_pass=0.0ms, contention=0.0ms, TOTAL=25.3ms | audio=600ms, RTF=0.04x | model=enhanced_mel, neural_total=24.6ms, model_inference=13.7ms
[TIMING] EnhancedMel.transcribe: audio_to_gpu=0.2ms, features=0.5ms, model=15.6ms, decode=5.9ms | TOTAL=22.2ms for 1800ms audio (RTF=0.01x)
[TIMING] stream_chunk[experiment-db68109db9ac4be6b11494ba7be04a8f](live_neural): decode=0.2ms, inference=25.3ms, second_pass=0.0ms, contention=0.0ms, TOTAL=25.6ms | audio=600ms, RTF=0.04x | model=enhanced_mel, neural_total=24.9ms, model_inference=15.6ms
[TIMING] EnhancedMel.transcribe: audio_to_gpu=0.2ms, features=4.8ms, model=16.8ms, decode=8.9ms | TOTAL=30.7ms for 2400ms audio (RTF=0.01x)
[TIMING] stream_chunk[experiment-db68109db9ac4be6b11494ba7be04a8f](live_neural): decode=0.1ms, inference=33.1ms, second_pass=0.0ms, contention=0.0ms, TOTAL=33.4ms | audio=600ms, RTF=0.06x | model=enhanced_mel, neural_total=32.6ms, model_inference=16.8ms
[TIMING] EnhancedMel.transcribe: audio_to_gpu=3.0ms, features=2.6ms, model=15.3ms, decode=7.6ms | TOTAL=28.5ms for 3000ms audio (RTF=0.01x)
[TIMING] stream_chunk[experiment-db68109db9ac4be6b11494ba7be04a8f](live_neural): decode=0.2ms, inference=32.2ms, second_pass=0.0ms, contention=0.0ms, TOTAL=32.5ms | audio=600ms, RTF=0.05x | model=enhanced_mel, neural_total=31.7ms, model_inference=15.3ms
[TIMING] EnhancedMel.transcribe: audio_to_gpu=0.2ms, features=0.4ms, model=19.0ms, decode=8.8ms | TOTAL=28.4ms for 3000ms audio (RTF=0.01x)
[TIMING] stream_chunk[experiment-db68109db9ac4be6b11494ba7be04a8f](live_neural): decode=0.2ms, inference=33.3ms, second_pass=0.0ms, contention=0.0ms, TOTAL=33.7ms | audio=600ms, RTF=0.06x | model=enhanced_mel, neural_total=32.7ms, model_inference=19.0ms
[TIMING] EnhancedMel.transcribe: audio_to_gpu=0.2ms, features=0.5ms, model=16.2ms, decode=8.7ms | TOTAL=25.5ms for 3000ms audio (RTF=0.01x)
[TIMING] stream_chunk[experiment-db68109db9ac4be6b11494ba7be04a8f](live_neural): decode=0.2ms, inference=29.2ms, second_pass=0.0ms, contention=0.0ms, TOTAL=29.5ms | audio=600ms, RTF=0.05x | model=enhanced_mel, neural_total=28.7ms, model_inference=16.2ms
[TIMING] EnhancedMel.transcribe: audio_to_gpu=0.3ms, features=0.8ms, model=13.7ms, decode=13.5ms | TOTAL=28.3ms for 3000ms audio (RTF=0.01x)
[TIMING] stream_chunk[experiment-db68109db9ac4be6b11494ba7be04a8f](live_neural): decode=0.2ms, inference=33.0ms, second_pass=0.0ms, contention=0.0ms, TOTAL=33.4ms | audio=600ms, RTF=0.06x | model=enhanced_mel, neural_total=32.3ms, model_inference=13.7ms
[TIMING] EnhancedMel.transcribe: audio_to_gpu=0.3ms, features=3.4ms, model=15.7ms, decode=14.9ms | TOTAL=34.3ms for 3000ms audio (RTF=0.01x)
[TIMING] stream_chunk[experiment-db68109db9ac4be6b11494ba7be04a8f](live_neural): decode=0.2ms, inference=36.8ms, second_pass=0.0ms, contention=0.0ms, TOTAL=37.2ms | audio=600ms, RTF=0.06x | model=enhanced_mel, neural_total=36.3ms, model_inference=15.7ms
[TIMING] EnhancedMel.transcribe: audio_to_gpu=0.4ms, features=2.5ms, model=21.0ms, decode=10.2ms | TOTAL=34.1ms for 3000ms audio (RTF=0.01x)
[TIMING] stream_chunk[experiment-db68109db9ac4be6b11494ba7be04a8f](live_neural): decode=0.2ms, inference=39.8ms, second_pass=0.0ms, contention=0.0ms, TOTAL=40.2ms | audio=600ms, RTF=0.07x | model=enhanced_mel, neural_total=39.1ms, model_inference=21.0ms

[CLIP_030] Fantasy in F-sharp Minor, Op. 28 (Complete)
  excerpt: start=75.00s end=81.00s duration=6.00s gt_notes=93 rms=0.0981 peak=0.6460 crest=6.582 rms_std=0.0429
    control:
      note metrics: precision=0.786 recall=0.989 f1=0.876 matched=92/93 pred=117
      strict onset f1: 10ms=0.790 20ms=0.867 30ms=0.876
      timing metrics: offset_f1=0.771 rhythm_precision=0.880 note_value_acc=0.283 note_value_n=92 avg_beat_error=0.185
      duplicate metrics: duplicates=1 per_100_notes=0.85
      boundary metrics: gt=23 matched=23 missed=0 miss_rate=0.000
      latency: avg_chunk_ms=31.04 p95_chunk_ms=36.93 avg_rtf=0.052
      notation metrics: first_correct_ms=83.1 visible_p50_ms=281.4 visible_p95_ms=524.8 stabilize_p50_ms=1999.3 stabilize_p95_ms=3045.6 avg_revisions=1.75 matched=12 refined=12 snapshots=17
      algorithmic latency: first_correct_ms=46.9 visible_p50_ms=246.4 visible_p95_ms=495.6 stabilize_p50_ms=1638.0 stabilize_p95_ms=2637.4
      final display note metrics: precision=0.814 recall=0.989 f1=0.893 matched=92/93 pred=113
      final display strict onset f1: 10ms=0.796 20ms=0.883 30ms=0.893
      final display timing: offset_f1=0.786 rhythm_precision=0.880 note_value_acc=0.207 note_value_n=92 avg_beat_error=0.266
      final display structure: cluster_f1=0.792 onset_align_recall=1.000 avg_jaccard=0.916 exact=21/25 pred=28 over=3 under=1 pitch_conflicts=0 missed_gt=0
      threshold profiles: hit_rate=0.000 thresholds=[0.55] profiles={'fixed_baseline': 10}
    treatment:
      note metrics: precision=0.780 recall=0.989 f1=0.872 matched=92/93 pred=118
      strict onset f1: 10ms=0.787 20ms=0.863 30ms=0.872
      timing metrics: offset_f1=0.768 rhythm_precision=0.880 note_value_acc=0.283 note_value_n=92 avg_beat_error=0.185
      duplicate metrics: duplicates=1 per_100_notes=0.85
      boundary metrics: gt=23 matched=23 missed=0 miss_rate=0.000
      latency: avg_chunk_ms=31.60 p95_chunk_ms=38.88 avg_rtf=0.053
      notation metrics: first_correct_ms=76.4 visible_p50_ms=281.2 visible_p95_ms=524.3 stabilize_p50_ms=1999.9 stabilize_p95_ms=3041.1 avg_revisions=1.75 matched=12 refined=12 snapshots=17
      algorithmic latency: first_correct_ms=46.9 visible_p50_ms=246.4 visible_p95_ms=495.6 stabilize_p50_ms=1638.0 stabilize_p95_ms=2637.4
      final display note metrics: precision=0.807 recall=0.989 f1=0.889 matched=92/93 pred=114
      final display strict onset f1: 10ms=0.792 20ms=0.879 30ms=0.889
      final display timing: offset_f1=0.783 rhythm_precision=0.880 note_value_acc=0.207 note_value_n=92 avg_beat_error=0.266
      final display structure: cluster_f1=0.792 onset_align_recall=1.000 avg_jaccard=0.916 exact=21/25 pred=28 over=3 under=1 pitch_conflicts=0 missed_gt=0
      threshold profiles: hit_rate=0.200 thresholds=[0.46, 0.55] profiles={'baseline_nominal': 8, 'loud_dense_precision': 2}
    delta treatment-control: precision=-0.007 recall=+0.000 f1=-0.004 offset_f1=-0.004 note_value_acc=+0.000 dup_per_100=-0.01 boundary_miss_rate=+0.000 p95_chunk_ms=+1.95 f1_10ms=-0.004 f1_20ms=-0.004 f1_30ms=-0.004 visible_p50_ms=-0.2 stabilize_p50_ms=+0.6 algo_visible_p50_ms=+0.0 algo_stabilize_p50_ms=+0.0 avg_revisions=+0.00 display_note_f1=-0.004 display_offset_f1=-0.004 display_cluster_f1=+0.000 display_cluster_jaccard=+0.000
    failure buckets: ['high_revision_slow_stabilization', 'note_value_offset_failure']
[TIMING] EnhancedMel.transcribe: audio_to_gpu=0.5ms, features=0.6ms, model=15.1ms, decode=1.5ms | TOTAL=17.7ms for 600ms audio (RTF=0.03x)
[TIMING] stream_chunk[experiment-596c6fdb076046098e9b68da9019d0a3](live_neural): decode=0.3ms, inference=20.3ms, second_pass=0.0ms, contention=0.0ms, TOTAL=20.7ms | audio=600ms, RTF=0.03x | model=enhanced_mel, neural_total=19.7ms, model_inference=15.1ms
[TIMING] EnhancedMel.transcribe: audio_to_gpu=0.3ms, features=0.4ms, model=12.3ms, decode=3.2ms | TOTAL=16.2ms for 1200ms audio (RTF=0.01x)
[TIMING] stream_chunk[experiment-596c6fdb076046098e9b68da9019d0a3](live_neural): decode=0.3ms, inference=18.9ms, second_pass=0.0ms, contention=0.0ms, TOTAL=19.3ms | audio=600ms, RTF=0.03x | model=enhanced_mel, neural_total=18.4ms, model_inference=12.3ms
[TIMING] EnhancedMel.transcribe: audio_to_gpu=0.2ms, features=5.3ms, model=19.3ms, decode=4.8ms | TOTAL=29.5ms for 1800ms audio (RTF=0.02x)
[TIMING] stream_chunk[experiment-596c6fdb076046098e9b68da9019d0a3](live_neural): decode=0.2ms, inference=32.4ms, second_pass=0.0ms, contention=0.0ms, TOTAL=32.8ms | audio=600ms, RTF=0.05x | model=enhanced_mel, neural_total=32.0ms, model_inference=19.3ms
[TIMING] EnhancedMel.transcribe: audio_to_gpu=0.2ms, features=4.6ms, model=21.3ms, decode=10.4ms | TOTAL=36.5ms for 2400ms audio (RTF=0.02x)
[TIMING] stream_chunk[experiment-596c6fdb076046098e9b68da9019d0a3](live_neural): decode=0.2ms, inference=39.2ms, second_pass=0.0ms, contention=0.0ms, TOTAL=39.6ms | audio=600ms, RTF=0.07x | model=enhanced_mel, neural_total=38.7ms, model_inference=21.3ms
[TIMING] EnhancedMel.transcribe: audio_to_gpu=0.3ms, features=0.7ms, model=17.8ms, decode=9.0ms | TOTAL=27.8ms for 3000ms audio (RTF=0.01x)
[TIMING] stream_chunk[experiment-596c6fdb076046098e9b68da9019d0a3](live_neural): decode=0.3ms, inference=30.8ms, second_pass=0.0ms, contention=0.0ms, TOTAL=31.3ms | audio=600ms, RTF=0.05x | model=enhanced_mel, neural_total=30.3ms, model_inference=17.8ms
[TIMING] EnhancedMel.transcribe: audio_to_gpu=0.3ms, features=0.8ms, model=17.0ms, decode=9.6ms | TOTAL=27.7ms for 3000ms audio (RTF=0.01x)
[TIMING] stream_chunk[experiment-596c6fdb076046098e9b68da9019d0a3](live_neural): decode=0.2ms, inference=31.2ms, second_pass=0.0ms, contention=0.0ms, TOTAL=31.8ms | audio=600ms, RTF=0.05x | model=enhanced_mel, neural_total=30.8ms, model_inference=17.0ms
[TIMING] EnhancedMel.transcribe: audio_to_gpu=0.4ms, features=0.7ms, model=15.2ms, decode=8.5ms | TOTAL=24.9ms for 3000ms audio (RTF=0.01x)
[TIMING] stream_chunk[experiment-596c6fdb076046098e9b68da9019d0a3](live_neural): decode=0.2ms, inference=27.5ms, second_pass=0.0ms, contention=0.0ms, TOTAL=27.9ms | audio=600ms, RTF=0.05x | model=enhanced_mel, neural_total=27.0ms, model_inference=15.2ms
[TIMING] EnhancedMel.transcribe: audio_to_gpu=0.3ms, features=0.7ms, model=18.1ms, decode=7.5ms | TOTAL=26.5ms for 3000ms audio (RTF=0.01x)
[TIMING] stream_chunk[experiment-596c6fdb076046098e9b68da9019d0a3](live_neural): decode=0.3ms, inference=32.3ms, second_pass=0.0ms, contention=0.0ms, TOTAL=32.9ms | audio=600ms, RTF=0.05x | model=enhanced_mel, neural_total=31.7ms, model_inference=18.1ms
[TIMING] EnhancedMel.transcribe: audio_to_gpu=0.3ms, features=0.6ms, model=15.5ms, decode=10.4ms | TOTAL=26.8ms for 3000ms audio (RTF=0.01x)
[TIMING] stream_chunk[experiment-596c6fdb076046098e9b68da9019d0a3](live_neural): decode=0.3ms, inference=31.0ms, second_pass=0.0ms, contention=0.0ms, TOTAL=31.5ms | audio=600ms, RTF=0.05x | model=enhanced_mel, neural_total=30.5ms, model_inference=15.5ms
[TIMING] EnhancedMel.transcribe: audio_to_gpu=0.2ms, features=0.5ms, model=15.0ms, decode=6.0ms | TOTAL=21.7ms for 3000ms audio (RTF=0.01x)
[TIMING] stream_chunk[experiment-596c6fdb076046098e9b68da9019d0a3](live_neural): decode=0.2ms, inference=25.2ms, second_pass=0.0ms, contention=0.0ms, TOTAL=25.5ms | audio=600ms, RTF=0.04x | model=enhanced_mel, neural_total=24.7ms, model_inference=15.0ms
[TIMING] EnhancedMel.transcribe: audio_to_gpu=0.6ms, features=0.8ms, model=17.2ms, decode=1.5ms | TOTAL=20.1ms for 600ms audio (RTF=0.03x)
[TIMING] stream_chunk[experiment-26aec74d116d42b6947dac76d9e4285b](live_neural): decode=0.2ms, inference=21.7ms, second_pass=0.0ms, contention=0.0ms, TOTAL=22.0ms | audio=600ms, RTF=0.04x | model=enhanced_mel, neural_total=21.2ms, model_inference=17.2ms
[TIMING] EnhancedMel.transcribe: audio_to_gpu=0.4ms, features=0.7ms, model=18.7ms, decode=3.2ms | TOTAL=23.0ms for 1200ms audio (RTF=0.02x)
[TIMING] stream_chunk[experiment-26aec74d116d42b6947dac76d9e4285b](live_neural): decode=0.2ms, inference=26.0ms, second_pass=0.0ms, contention=0.0ms, TOTAL=26.3ms | audio=600ms, RTF=0.04x | model=enhanced_mel, neural_total=25.5ms, model_inference=18.7ms
[TIMING] EnhancedMel.transcribe: audio_to_gpu=0.2ms, features=0.4ms, model=14.9ms, decode=4.5ms | TOTAL=20.0ms for 1800ms audio (RTF=0.01x)
[TIMING] stream_chunk[experiment-26aec74d116d42b6947dac76d9e4285b](live_neural): decode=0.2ms, inference=23.1ms, second_pass=0.0ms, contention=0.0ms, TOTAL=23.4ms | audio=600ms, RTF=0.04x | model=enhanced_mel, neural_total=22.6ms, model_inference=14.9ms
[TIMING] EnhancedMel.transcribe: audio_to_gpu=0.2ms, features=4.4ms, model=15.2ms, decode=8.6ms | TOTAL=28.5ms for 2400ms audio (RTF=0.01x)
[TIMING] stream_chunk[experiment-26aec74d116d42b6947dac76d9e4285b](live_neural): decode=0.2ms, inference=31.8ms, second_pass=0.0ms, contention=0.0ms, TOTAL=32.3ms | audio=600ms, RTF=0.05x | model=enhanced_mel, neural_total=31.3ms, model_inference=15.2ms
[TIMING] EnhancedMel.transcribe: audio_to_gpu=0.3ms, features=0.6ms, model=16.0ms, decode=9.2ms | TOTAL=26.0ms for 3000ms audio (RTF=0.01x)
[TIMING] stream_chunk[experiment-26aec74d116d42b6947dac76d9e4285b](live_neural): decode=0.2ms, inference=29.9ms, second_pass=0.0ms, contention=0.0ms, TOTAL=30.3ms | audio=600ms, RTF=0.05x | model=enhanced_mel, neural_total=29.4ms, model_inference=16.0ms
[TIMING] EnhancedMel.transcribe: audio_to_gpu=0.3ms, features=0.8ms, model=16.3ms, decode=8.4ms | TOTAL=25.9ms for 3000ms audio (RTF=0.01x)
[TIMING] stream_chunk[experiment-26aec74d116d42b6947dac76d9e4285b](live_neural): decode=0.2ms, inference=31.3ms, second_pass=0.0ms, contention=0.0ms, TOTAL=31.7ms | audio=600ms, RTF=0.05x | model=enhanced_mel, neural_total=30.8ms, model_inference=16.3ms
[TIMING] EnhancedMel.transcribe: audio_to_gpu=0.3ms, features=0.7ms, model=14.6ms, decode=9.9ms | TOTAL=25.6ms for 3000ms audio (RTF=0.01x)
[TIMING] stream_chunk[experiment-26aec74d116d42b6947dac76d9e4285b](live_neural): decode=0.2ms, inference=29.9ms, second_pass=0.0ms, contention=0.0ms, TOTAL=30.5ms | audio=600ms, RTF=0.05x | model=enhanced_mel, neural_total=29.1ms, model_inference=14.6ms
[TIMING] EnhancedMel.transcribe: audio_to_gpu=0.3ms, features=0.6ms, model=16.9ms, decode=8.8ms | TOTAL=26.6ms for 3000ms audio (RTF=0.01x)
[TIMING] stream_chunk[experiment-26aec74d116d42b6947dac76d9e4285b](live_neural): decode=0.2ms, inference=31.5ms, second_pass=0.0ms, contention=0.0ms, TOTAL=32.1ms | audio=600ms, RTF=0.05x | model=enhanced_mel, neural_total=30.9ms, model_inference=16.9ms
[TIMING] EnhancedMel.transcribe: audio_to_gpu=0.3ms, features=0.7ms, model=17.8ms, decode=10.7ms | TOTAL=29.5ms for 3000ms audio (RTF=0.01x)
[TIMING] stream_chunk[experiment-26aec74d116d42b6947dac76d9e4285b](live_neural): decode=0.2ms, inference=33.1ms, second_pass=0.0ms, contention=0.0ms, TOTAL=33.6ms | audio=600ms, RTF=0.06x | model=enhanced_mel, neural_total=32.6ms, model_inference=17.8ms
[TIMING] EnhancedMel.transcribe: audio_to_gpu=0.3ms, features=0.6ms, model=22.0ms, decode=12.4ms | TOTAL=35.3ms for 3000ms audio (RTF=0.01x)
[TIMING] stream_chunk[experiment-26aec74d116d42b6947dac76d9e4285b](live_neural): decode=0.3ms, inference=39.4ms, second_pass=0.0ms, contention=0.0ms, TOTAL=39.9ms | audio=600ms, RTF=0.07x | model=enhanced_mel, neural_total=38.7ms, model_inference=22.0ms

[CLIP_031] Hungarian Rhapsody No. 9
  excerpt: start=18.00s end=24.00s duration=6.00s gt_notes=99 rms=0.0312 peak=0.2985 crest=9.571 rms_std=0.0160
    control:
      note metrics: precision=0.880 recall=0.960 f1=0.918 matched=95/99 pred=108
      strict onset f1: 10ms=0.696 20ms=0.908 30ms=0.908
      timing metrics: offset_f1=0.918 rhythm_precision=1.000 note_value_acc=0.937 note_value_n=95 avg_beat_error=0.005
      duplicate metrics: duplicates=3 per_100_notes=2.78
      boundary metrics: gt=32 matched=31 missed=1 miss_rate=0.031
      latency: avg_chunk_ms=29.33 p95_chunk_ms=36.60 avg_rtf=0.049
      notation metrics: first_correct_ms=105.0 visible_p50_ms=370.3 visible_p95_ms=512.3 stabilize_p50_ms=2935.4 stabilize_p95_ms=3228.1 avg_revisions=2.40 matched=5 refined=5 snapshots=13
      algorithmic latency: first_correct_ms=65.4 visible_p50_ms=351.0 visible_p95_ms=481.7 stabilize_p50_ms=2903.9 stabilize_p95_ms=3196.6
      final display note metrics: precision=0.904 recall=0.949 f1=0.926 matched=94/99 pred=104
      final display strict onset f1: 10ms=0.709 20ms=0.916 30ms=0.916
      final display timing: offset_f1=0.926 rhythm_precision=1.000 note_value_acc=0.947 note_value_n=94 avg_beat_error=0.057
      final display structure: cluster_f1=0.471 onset_align_recall=0.962 avg_jaccard=0.864 exact=12/26 pred=25 over=8 under=4 pitch_conflicts=1 missed_gt=1
      threshold profiles: hit_rate=0.000 thresholds=[0.55] profiles={'fixed_baseline': 10}
    treatment:
      note metrics: precision=0.880 recall=0.960 f1=0.918 matched=95/99 pred=108
      strict onset f1: 10ms=0.696 20ms=0.908 30ms=0.908
      timing metrics: offset_f1=0.918 rhythm_precision=1.000 note_value_acc=0.937 note_value_n=95 avg_beat_error=0.005
      duplicate metrics: duplicates=3 per_100_notes=2.78
      boundary metrics: gt=32 matched=31 missed=1 miss_rate=0.031
      latency: avg_chunk_ms=30.22 p95_chunk_ms=37.11 avg_rtf=0.051
      notation metrics: first_correct_ms=97.7 visible_p50_ms=377.3 visible_p95_ms=512.0 stabilize_p50_ms=2937.6 stabilize_p95_ms=3230.3 avg_revisions=2.40 matched=5 refined=5 snapshots=13
      algorithmic latency: first_correct_ms=65.4 visible_p50_ms=351.0 visible_p95_ms=481.7 stabilize_p50_ms=2903.9 stabilize_p95_ms=3196.6
      final display note metrics: precision=0.904 recall=0.949 f1=0.926 matched=94/99 pred=104
      final display strict onset f1: 10ms=0.709 20ms=0.916 30ms=0.916
      final display timing: offset_f1=0.926 rhythm_precision=1.000 note_value_acc=0.947 note_value_n=94 avg_beat_error=0.057
      final display structure: cluster_f1=0.471 onset_align_recall=0.962 avg_jaccard=0.864 exact=12/26 pred=25 over=8 under=4 pitch_conflicts=1 missed_gt=1
      threshold profiles: hit_rate=0.300 thresholds=[0.51, 0.55] profiles={'baseline_nominal': 7, 'soft_sparse_recall': 3}
    delta treatment-control: precision=+0.000 recall=+0.000 f1=+0.000 offset_f1=+0.000 note_value_acc=+0.000 dup_per_100=+0.00 boundary_miss_rate=+0.000 p95_chunk_ms=+0.51 f1_10ms=+0.000 f1_20ms=+0.000 f1_30ms=+0.000 visible_p50_ms=+7.0 stabilize_p50_ms=+2.2 algo_visible_p50_ms=+0.0 algo_stabilize_p50_ms=+0.0 avg_revisions=+0.00 display_note_f1=+0.000 display_offset_f1=+0.000 display_cluster_f1=+0.000 display_cluster_jaccard=+0.000
    failure buckets: ['boundary_miss_failure', 'high_revision_slow_stabilization']
      boundary diagnostics: missed=1 by_arm={'control': 1, 'treatment': 1} tags={'control_boundary_miss': 1, 'no_control_coarse_candidate': 1}
        miss: pitch=82 onset=4.102s boundary_delta_ms=-98.4 control_coarse=False treatment_coarse=False retro=n/a
[TIMING] EnhancedMel.transcribe: audio_to_gpu=0.4ms, features=0.6ms, model=15.5ms, decode=3.1ms | TOTAL=19.7ms for 600ms audio (RTF=0.03x)
[TIMING] stream_chunk[experiment-8a987c952ab34bb586d909d897a221c6](live_neural): decode=0.2ms, inference=21.6ms, second_pass=0.0ms, contention=0.0ms, TOTAL=21.8ms | audio=600ms, RTF=0.04x | model=enhanced_mel, neural_total=21.0ms, model_inference=15.5ms
[TIMING] EnhancedMel.transcribe: audio_to_gpu=0.3ms, features=0.7ms, model=17.3ms, decode=3.4ms | TOTAL=21.7ms for 1200ms audio (RTF=0.02x)
[TIMING] stream_chunk[experiment-8a987c952ab34bb586d909d897a221c6](live_neural): decode=0.2ms, inference=24.9ms, second_pass=0.0ms, contention=0.0ms, TOTAL=25.4ms | audio=600ms, RTF=0.04x | model=enhanced_mel, neural_total=24.5ms, model_inference=17.3ms
[TIMING] EnhancedMel.transcribe: audio_to_gpu=0.4ms, features=0.7ms, model=17.3ms, decode=4.8ms | TOTAL=23.2ms for 1800ms audio (RTF=0.01x)
[TIMING] stream_chunk[experiment-8a987c952ab34bb586d909d897a221c6](live_neural): decode=0.3ms, inference=27.9ms, second_pass=0.0ms, contention=0.0ms, TOTAL=28.5ms | audio=600ms, RTF=0.05x | model=enhanced_mel, neural_total=27.2ms, model_inference=17.3ms
[TIMING] EnhancedMel.transcribe: audio_to_gpu=0.3ms, features=0.5ms, model=14.4ms, decode=6.5ms | TOTAL=21.7ms for 2400ms audio (RTF=0.01x)
[TIMING] stream_chunk[experiment-8a987c952ab34bb586d909d897a221c6](live_neural): decode=0.3ms, inference=25.2ms, second_pass=0.0ms, contention=0.0ms, TOTAL=25.8ms | audio=600ms, RTF=0.04x | model=enhanced_mel, neural_total=24.6ms, model_inference=14.4ms
[TIMING] EnhancedMel.transcribe: audio_to_gpu=0.3ms, features=0.5ms, model=16.2ms, decode=8.8ms | TOTAL=25.8ms for 3000ms audio (RTF=0.01x)
[TIMING] stream_chunk[experiment-8a987c952ab34bb586d909d897a221c6](live_neural): decode=0.2ms, inference=30.3ms, second_pass=0.0ms, contention=0.0ms, TOTAL=30.8ms | audio=600ms, RTF=0.05x | model=enhanced_mel, neural_total=29.6ms, model_inference=16.2ms
[TIMING] EnhancedMel.transcribe: audio_to_gpu=0.3ms, features=0.6ms, model=19.9ms, decode=8.6ms | TOTAL=29.4ms for 3000ms audio (RTF=0.01x)
[TIMING] stream_chunk[experiment-8a987c952ab34bb586d909d897a221c6](live_neural): decode=0.2ms, inference=33.4ms, second_pass=0.0ms, contention=0.0ms, TOTAL=34.1ms | audio=600ms, RTF=0.06x | model=enhanced_mel, neural_total=32.7ms, model_inference=19.9ms
[TIMING] EnhancedMel.transcribe: audio_to_gpu=0.3ms, features=0.9ms, model=21.9ms, decode=13.7ms | TOTAL=36.8ms for 3000ms audio (RTF=0.01x)
[TIMING] stream_chunk[experiment-8a987c952ab34bb586d909d897a221c6](live_neural): decode=0.2ms, inference=41.3ms, second_pass=0.0ms, contention=0.0ms, TOTAL=41.9ms | audio=600ms, RTF=0.07x | model=enhanced_mel, neural_total=40.8ms, model_inference=21.9ms
[TIMING] EnhancedMel.transcribe: audio_to_gpu=0.4ms, features=0.6ms, model=19.2ms, decode=8.3ms | TOTAL=28.6ms for 3000ms audio (RTF=0.01x)
[TIMING] stream_chunk[experiment-8a987c952ab34bb586d909d897a221c6](live_neural): decode=0.2ms, inference=35.7ms, second_pass=0.0ms, contention=0.0ms, TOTAL=36.3ms | audio=600ms, RTF=0.06x | model=enhanced_mel, neural_total=35.2ms, model_inference=19.2ms
[TIMING] EnhancedMel.transcribe: audio_to_gpu=0.3ms, features=0.6ms, model=18.5ms, decode=10.0ms | TOTAL=29.4ms for 3000ms audio (RTF=0.01x)
[TIMING] stream_chunk[experiment-8a987c952ab34bb586d909d897a221c6](live_neural): decode=0.2ms, inference=34.1ms, second_pass=0.0ms, contention=0.0ms, TOTAL=34.6ms | audio=600ms, RTF=0.06x | model=enhanced_mel, neural_total=33.7ms, model_inference=18.5ms
[TIMING] EnhancedMel.transcribe: audio_to_gpu=0.3ms, features=1.8ms, model=21.5ms, decode=14.1ms | TOTAL=37.8ms for 3000ms audio (RTF=0.01x)
[TIMING] stream_chunk[experiment-8a987c952ab34bb586d909d897a221c6](live_neural): decode=0.2ms, inference=43.2ms, second_pass=0.0ms, contention=0.0ms, TOTAL=43.9ms | audio=600ms, RTF=0.07x | model=enhanced_mel, neural_total=42.2ms, model_inference=21.5ms
[TIMING] EnhancedMel.transcribe: audio_to_gpu=0.4ms, features=0.7ms, model=13.0ms, decode=1.9ms | TOTAL=16.0ms for 600ms audio (RTF=0.03x)
[TIMING] stream_chunk[experiment-53970036ee814e5a992cbb6908357aed](live_neural): decode=0.2ms, inference=18.9ms, second_pass=0.0ms, contention=0.0ms, TOTAL=19.1ms | audio=600ms, RTF=0.03x | model=enhanced_mel, neural_total=18.3ms, model_inference=13.0ms
[TIMING] EnhancedMel.transcribe: audio_to_gpu=0.1ms, features=0.4ms, model=14.3ms, decode=5.7ms | TOTAL=20.5ms for 1200ms audio (RTF=0.02x)
[TIMING] stream_chunk[experiment-53970036ee814e5a992cbb6908357aed](live_neural): decode=0.3ms, inference=24.3ms, second_pass=0.0ms, contention=0.0ms, TOTAL=24.7ms | audio=600ms, RTF=0.04x | model=enhanced_mel, neural_total=23.8ms, model_inference=14.3ms
[TIMING] EnhancedMel.transcribe: audio_to_gpu=0.5ms, features=0.5ms, model=13.7ms, decode=5.0ms | TOTAL=19.8ms for 1800ms audio (RTF=0.01x)
[TIMING] stream_chunk[experiment-53970036ee814e5a992cbb6908357aed](live_neural): decode=0.2ms, inference=21.8ms, second_pass=0.0ms, contention=0.0ms, TOTAL=22.1ms | audio=600ms, RTF=0.04x | model=enhanced_mel, neural_total=21.4ms, model_inference=13.7ms
[TIMING] EnhancedMel.transcribe: audio_to_gpu=0.3ms, features=0.5ms, model=13.4ms, decode=6.8ms | TOTAL=21.0ms for 2400ms audio (RTF=0.01x)
[TIMING] stream_chunk[experiment-53970036ee814e5a992cbb6908357aed](live_neural): decode=0.2ms, inference=24.8ms, second_pass=0.0ms, contention=0.0ms, TOTAL=25.1ms | audio=600ms, RTF=0.04x | model=enhanced_mel, neural_total=24.3ms, model_inference=13.4ms
[TIMING] EnhancedMel.transcribe: audio_to_gpu=0.3ms, features=0.6ms, model=14.2ms, decode=13.7ms | TOTAL=28.7ms for 3000ms audio (RTF=0.01x)
[TIMING] stream_chunk[experiment-53970036ee814e5a992cbb6908357aed](live_neural): decode=0.2ms, inference=35.0ms, second_pass=0.0ms, contention=0.0ms, TOTAL=35.5ms | audio=600ms, RTF=0.06x | model=enhanced_mel, neural_total=34.5ms, model_inference=14.2ms
[TIMING] EnhancedMel.transcribe: audio_to_gpu=0.3ms, features=0.8ms, model=19.3ms, decode=11.2ms | TOTAL=31.5ms for 3000ms audio (RTF=0.01x)
[TIMING] stream_chunk[experiment-53970036ee814e5a992cbb6908357aed](live_neural): decode=0.3ms, inference=37.0ms, second_pass=0.0ms, contention=0.0ms, TOTAL=37.6ms | audio=600ms, RTF=0.06x | model=enhanced_mel, neural_total=36.5ms, model_inference=19.3ms
[TIMING] EnhancedMel.transcribe: audio_to_gpu=0.4ms, features=1.6ms, model=15.3ms, decode=9.0ms | TOTAL=26.3ms for 3000ms audio (RTF=0.01x)
[TIMING] stream_chunk[experiment-53970036ee814e5a992cbb6908357aed](live_neural): decode=0.2ms, inference=31.6ms, second_pass=0.0ms, contention=0.0ms, TOTAL=32.0ms | audio=600ms, RTF=0.05x | model=enhanced_mel, neural_total=30.9ms, model_inference=15.3ms
[TIMING] EnhancedMel.transcribe: audio_to_gpu=0.3ms, features=0.6ms, model=20.2ms, decode=8.3ms | TOTAL=29.5ms for 3000ms audio (RTF=0.01x)
[TIMING] stream_chunk[experiment-53970036ee814e5a992cbb6908357aed](live_neural): decode=0.3ms, inference=33.7ms, second_pass=0.0ms, contention=0.0ms, TOTAL=34.5ms | audio=600ms, RTF=0.06x | model=enhanced_mel, neural_total=33.1ms, model_inference=20.2ms
[TIMING] EnhancedMel.transcribe: audio_to_gpu=0.4ms, features=0.7ms, model=20.7ms, decode=10.1ms | TOTAL=32.0ms for 3000ms audio (RTF=0.01x)
[TIMING] stream_chunk[experiment-53970036ee814e5a992cbb6908357aed](live_neural): decode=0.2ms, inference=37.6ms, second_pass=0.0ms, contention=0.0ms, TOTAL=38.3ms | audio=600ms, RTF=0.06x | model=enhanced_mel, neural_total=36.9ms, model_inference=20.7ms
[TIMING] EnhancedMel.transcribe: audio_to_gpu=0.4ms, features=0.8ms, model=22.2ms, decode=8.2ms | TOTAL=31.7ms for 3000ms audio (RTF=0.01x)
[TIMING] stream_chunk[experiment-53970036ee814e5a992cbb6908357aed](live_neural): decode=0.2ms, inference=36.3ms, second_pass=0.0ms, contention=0.0ms, TOTAL=36.9ms | audio=600ms, RTF=0.06x | model=enhanced_mel, neural_total=35.8ms, model_inference=22.2ms

[CLIP_032] Au bord d'une source
  excerpt: start=75.00s end=81.00s duration=6.00s gt_notes=122 rms=0.0265 peak=0.1431 crest=5.398 rms_std=0.0113
    control:
      note metrics: precision=0.952 recall=0.967 f1=0.959 matched=118/122 pred=124
      strict onset f1: 10ms=0.813 20ms=0.959 30ms=0.959
      timing metrics: offset_f1=0.862 rhythm_precision=0.898 note_value_acc=0.661 note_value_n=118 avg_beat_error=0.080
      duplicate metrics: duplicates=0 per_100_notes=0.00
      boundary metrics: gt=39 matched=36 missed=3 miss_rate=0.077
      latency: avg_chunk_ms=32.31 p95_chunk_ms=42.99 avg_rtf=0.054
      notation metrics: first_correct_ms=56.7 visible_p50_ms=190.4 visible_p95_ms=604.2 stabilize_p50_ms=1506.9 stabilize_p95_ms=2238.2 avg_revisions=1.14 matched=21 refined=21 snapshots=19
      algorithmic latency: first_correct_ms=19.0 visible_p50_ms=162.0 visible_p95_ms=578.4 stabilize_p50_ms=1317.7 stabilize_p95_ms=1803.4
      final display note metrics: precision=0.951 recall=0.951 f1=0.951 matched=116/122 pred=122
      final display strict onset f1: 10ms=0.803 20ms=0.951 30ms=0.951
      final display timing: offset_f1=0.852 rhythm_precision=0.897 note_value_acc=0.457 note_value_n=116 avg_beat_error=0.147
      final display structure: cluster_f1=0.845 onset_align_recall=1.000 avg_jaccard=0.931 exact=49/58 pred=58 over=3 under=4 pitch_conflicts=2 missed_gt=0
      threshold profiles: hit_rate=0.000 thresholds=[0.55] profiles={'fixed_baseline': 10}
    treatment:
      note metrics: precision=0.952 recall=0.967 f1=0.959 matched=118/122 pred=124
      strict onset f1: 10ms=0.813 20ms=0.959 30ms=0.959
      timing metrics: offset_f1=0.862 rhythm_precision=0.898 note_value_acc=0.661 note_value_n=118 avg_beat_error=0.080
      duplicate metrics: duplicates=0 per_100_notes=0.00
      boundary metrics: gt=39 matched=36 missed=3 miss_rate=0.077
      latency: avg_chunk_ms=30.59 p95_chunk_ms=37.97 avg_rtf=0.051
      notation metrics: first_correct_ms=51.0 visible_p50_ms=184.1 visible_p95_ms=603.5 stabilize_p50_ms=1500.5 stabilize_p95_ms=2242.3 avg_revisions=1.14 matched=21 refined=21 snapshots=19
      algorithmic latency: first_correct_ms=19.0 visible_p50_ms=162.0 visible_p95_ms=578.4 stabilize_p50_ms=1317.7 stabilize_p95_ms=1803.4
      final display note metrics: precision=0.951 recall=0.951 f1=0.951 matched=116/122 pred=122
      final display strict onset f1: 10ms=0.803 20ms=0.951 30ms=0.951
      final display timing: offset_f1=0.852 rhythm_precision=0.897 note_value_acc=0.457 note_value_n=116 avg_beat_error=0.147
      final display structure: cluster_f1=0.845 onset_align_recall=1.000 avg_jaccard=0.931 exact=49/58 pred=58 over=3 under=4 pitch_conflicts=2 missed_gt=0
      threshold profiles: hit_rate=0.600 thresholds=[0.51, 0.55] profiles={'baseline_nominal': 4, 'soft_sparse_recall': 6}
    delta treatment-control: precision=+0.000 recall=+0.000 f1=+0.000 offset_f1=+0.000 note_value_acc=+0.000 dup_per_100=+0.00 boundary_miss_rate=+0.000 p95_chunk_ms=-5.02 f1_10ms=+0.000 f1_20ms=+0.000 f1_30ms=+0.000 visible_p50_ms=-6.4 stabilize_p50_ms=-6.4 algo_visible_p50_ms=+0.0 algo_stabilize_p50_ms=+0.0 avg_revisions=+0.00 display_note_f1=+0.000 display_offset_f1=+0.000 display_cluster_f1=+0.000 display_cluster_jaccard=+0.000
    failure buckets: ['runtime_only_win', 'boundary_miss_failure', 'high_revision_slow_stabilization']
      boundary diagnostics: missed=3 by_arm={'control': 3, 'treatment': 3} tags={'control_boundary_miss': 3, 'no_control_coarse_candidate': 3}
        miss: pitch=82 onset=4.197s boundary_delta_ms=-3.4 control_coarse=False treatment_coarse=False retro=n/a
        miss: pitch=83 onset=4.276s boundary_delta_ms=+76.0 control_coarse=False treatment_coarse=False retro=n/a
        miss: pitch=76 onset=5.990s boundary_delta_ms=-10.4 control_coarse=False treatment_coarse=False retro=n/a
[TIMING] EnhancedMel.transcribe: audio_to_gpu=2.1ms, features=0.6ms, model=16.5ms, decode=2.0ms | TOTAL=21.2ms for 600ms audio (RTF=0.04x)
[TIMING] stream_chunk[experiment-92b585de25ee41b69f98f4f867e91c45](live_neural): decode=0.2ms, inference=24.3ms, second_pass=0.0ms, contention=0.0ms, TOTAL=24.6ms | audio=600ms, RTF=0.04x | model=enhanced_mel, neural_total=23.7ms, model_inference=16.5ms
[TIMING] EnhancedMel.transcribe: audio_to_gpu=0.2ms, features=0.6ms, model=18.7ms, decode=5.0ms | TOTAL=24.5ms for 1200ms audio (RTF=0.02x)
[TIMING] stream_chunk[experiment-92b585de25ee41b69f98f4f867e91c45](live_neural): decode=0.2ms, inference=28.6ms, second_pass=0.0ms, contention=0.0ms, TOTAL=28.9ms | audio=600ms, RTF=0.05x | model=enhanced_mel, neural_total=28.1ms, model_inference=18.7ms
[TIMING] EnhancedMel.transcribe: audio_to_gpu=0.2ms, features=0.6ms, model=16.4ms, decode=3.6ms | TOTAL=20.8ms for 1800ms audio (RTF=0.01x)
[TIMING] stream_chunk[experiment-92b585de25ee41b69f98f4f867e91c45](live_neural): decode=0.2ms, inference=23.9ms, second_pass=0.0ms, contention=0.0ms, TOTAL=24.3ms | audio=600ms, RTF=0.04x | model=enhanced_mel, neural_total=23.4ms, model_inference=16.4ms
[TIMING] EnhancedMel.transcribe: audio_to_gpu=0.5ms, features=0.6ms, model=21.0ms, decode=4.6ms | TOTAL=26.6ms for 2400ms audio (RTF=0.01x)
[TIMING] stream_chunk[experiment-92b585de25ee41b69f98f4f867e91c45](live_neural): decode=0.1ms, inference=30.0ms, second_pass=0.0ms, contention=0.0ms, TOTAL=30.2ms | audio=600ms, RTF=0.05x | model=enhanced_mel, neural_total=29.5ms, model_inference=21.0ms
[TIMING] EnhancedMel.transcribe: audio_to_gpu=0.2ms, features=0.6ms, model=19.3ms, decode=11.2ms | TOTAL=31.2ms for 3000ms audio (RTF=0.01x)
[TIMING] stream_chunk[experiment-92b585de25ee41b69f98f4f867e91c45](live_neural): decode=0.1ms, inference=34.3ms, second_pass=0.0ms, contention=0.0ms, TOTAL=34.6ms | audio=600ms, RTF=0.06x | model=enhanced_mel, neural_total=33.9ms, model_inference=19.3ms
[TIMING] EnhancedMel.transcribe: audio_to_gpu=0.5ms, features=0.8ms, model=22.7ms, decode=8.7ms | TOTAL=32.6ms for 3000ms audio (RTF=0.01x)
[TIMING] stream_chunk[experiment-92b585de25ee41b69f98f4f867e91c45](live_neural): decode=0.2ms, inference=36.9ms, second_pass=0.0ms, contention=0.0ms, TOTAL=37.2ms | audio=600ms, RTF=0.06x | model=enhanced_mel, neural_total=36.5ms, model_inference=22.7ms
[TIMING] EnhancedMel.transcribe: audio_to_gpu=0.3ms, features=0.7ms, model=20.4ms, decode=8.7ms | TOTAL=30.2ms for 3000ms audio (RTF=0.01x)
[TIMING] stream_chunk[experiment-92b585de25ee41b69f98f4f867e91c45](live_neural): decode=0.2ms, inference=34.1ms, second_pass=0.0ms, contention=0.0ms, TOTAL=34.4ms | audio=600ms, RTF=0.06x | model=enhanced_mel, neural_total=33.7ms, model_inference=20.4ms
[TIMING] EnhancedMel.transcribe: audio_to_gpu=0.4ms, features=0.7ms, model=18.3ms, decode=10.0ms | TOTAL=29.4ms for 3000ms audio (RTF=0.01x)
[TIMING] stream_chunk[experiment-92b585de25ee41b69f98f4f867e91c45](live_neural): decode=0.2ms, inference=34.9ms, second_pass=0.0ms, contention=0.0ms, TOTAL=35.3ms | audio=600ms, RTF=0.06x | model=enhanced_mel, neural_total=34.4ms, model_inference=18.3ms
[TIMING] EnhancedMel.transcribe: audio_to_gpu=0.3ms, features=0.8ms, model=22.5ms, decode=11.5ms | TOTAL=35.0ms for 3000ms audio (RTF=0.01x)
[TIMING] stream_chunk[experiment-92b585de25ee41b69f98f4f867e91c45](live_neural): decode=0.2ms, inference=39.6ms, second_pass=0.0ms, contention=0.0ms, TOTAL=40.0ms | audio=600ms, RTF=0.07x | model=enhanced_mel, neural_total=39.0ms, model_inference=22.5ms
[TIMING] EnhancedMel.transcribe: audio_to_gpu=0.3ms, features=0.6ms, model=17.4ms, decode=8.8ms | TOTAL=27.1ms for 3000ms audio (RTF=0.01x)
[TIMING] stream_chunk[experiment-92b585de25ee41b69f98f4f867e91c45](live_neural): decode=0.2ms, inference=30.9ms, second_pass=0.0ms, contention=0.0ms, TOTAL=31.3ms | audio=600ms, RTF=0.05x | model=enhanced_mel, neural_total=30.3ms, model_inference=17.4ms
[TIMING] EnhancedMel.transcribe: audio_to_gpu=0.4ms, features=0.6ms, model=14.8ms, decode=2.1ms | TOTAL=17.9ms for 600ms audio (RTF=0.03x)
[TIMING] stream_chunk[experiment-39074ceff0794a479eca139c912f30ec](live_neural): decode=0.3ms, inference=20.6ms, second_pass=0.0ms, contention=0.0ms, TOTAL=21.0ms | audio=600ms, RTF=0.03x | model=enhanced_mel, neural_total=20.1ms, model_inference=14.8ms
[TIMING] EnhancedMel.transcribe: audio_to_gpu=0.3ms, features=0.6ms, model=13.5ms, decode=3.7ms | TOTAL=18.1ms for 1200ms audio (RTF=0.02x)
[TIMING] stream_chunk[experiment-39074ceff0794a479eca139c912f30ec](live_neural): decode=1.2ms, inference=21.2ms, second_pass=0.0ms, contention=0.0ms, TOTAL=22.6ms | audio=600ms, RTF=0.04x | model=enhanced_mel, neural_total=20.8ms, model_inference=13.5ms
[TIMING] EnhancedMel.transcribe: audio_to_gpu=0.3ms, features=0.7ms, model=20.8ms, decode=5.5ms | TOTAL=27.3ms for 1800ms audio (RTF=0.02x)
[TIMING] stream_chunk[experiment-39074ceff0794a479eca139c912f30ec](live_neural): decode=0.2ms, inference=32.0ms, second_pass=0.0ms, contention=0.0ms, TOTAL=32.3ms | audio=600ms, RTF=0.05x | model=enhanced_mel, neural_total=31.5ms, model_inference=20.8ms
[TIMING] EnhancedMel.transcribe: audio_to_gpu=0.4ms, features=0.7ms, model=22.0ms, decode=6.8ms | TOTAL=29.9ms for 2400ms audio (RTF=0.01x)
[TIMING] stream_chunk[experiment-39074ceff0794a479eca139c912f30ec](live_neural): decode=0.3ms, inference=33.5ms, second_pass=0.0ms, contention=0.0ms, TOTAL=34.0ms | audio=600ms, RTF=0.06x | model=enhanced_mel, neural_total=32.9ms, model_inference=22.0ms
[TIMING] EnhancedMel.transcribe: audio_to_gpu=0.3ms, features=0.6ms, model=14.3ms, decode=7.5ms | TOTAL=22.6ms for 3000ms audio (RTF=0.01x)
[TIMING] stream_chunk[experiment-39074ceff0794a479eca139c912f30ec](live_neural): decode=0.2ms, inference=25.7ms, second_pass=0.0ms, contention=0.0ms, TOTAL=26.1ms | audio=600ms, RTF=0.04x | model=enhanced_mel, neural_total=25.3ms, model_inference=14.3ms
[TIMING] EnhancedMel.transcribe: audio_to_gpu=0.3ms, features=0.6ms, model=20.7ms, decode=9.9ms | TOTAL=31.5ms for 3000ms audio (RTF=0.01x)
[TIMING] stream_chunk[experiment-39074ceff0794a479eca139c912f30ec](live_neural): decode=0.2ms, inference=36.8ms, second_pass=0.0ms, contention=0.0ms, TOTAL=37.2ms | audio=600ms, RTF=0.06x | model=enhanced_mel, neural_total=36.4ms, model_inference=20.7ms
[TIMING] EnhancedMel.transcribe: audio_to_gpu=0.4ms, features=3.0ms, model=13.2ms, decode=9.8ms | TOTAL=26.4ms for 3000ms audio (RTF=0.01x)
[TIMING] stream_chunk[experiment-39074ceff0794a479eca139c912f30ec](live_neural): decode=0.2ms, inference=31.5ms, second_pass=0.0ms, contention=0.0ms, TOTAL=31.9ms | audio=600ms, RTF=0.05x | model=enhanced_mel, neural_total=30.9ms, model_inference=13.2ms
[TIMING] EnhancedMel.transcribe: audio_to_gpu=0.3ms, features=0.6ms, model=15.9ms, decode=9.4ms | TOTAL=26.2ms for 3000ms audio (RTF=0.01x)
[TIMING] stream_chunk[experiment-39074ceff0794a479eca139c912f30ec](live_neural): decode=0.1ms, inference=30.0ms, second_pass=0.0ms, contention=0.0ms, TOTAL=30.4ms | audio=600ms, RTF=0.05x | model=enhanced_mel, neural_total=29.5ms, model_inference=15.9ms
[TIMING] EnhancedMel.transcribe: audio_to_gpu=0.5ms, features=5.1ms, model=18.4ms, decode=12.0ms | TOTAL=36.0ms for 3000ms audio (RTF=0.01x)
[TIMING] stream_chunk[experiment-39074ceff0794a479eca139c912f30ec](live_neural): decode=0.2ms, inference=40.4ms, second_pass=0.0ms, contention=0.0ms, TOTAL=40.8ms | audio=600ms, RTF=0.07x | model=enhanced_mel, neural_total=39.8ms, model_inference=18.4ms
[TIMING] EnhancedMel.transcribe: audio_to_gpu=0.3ms, features=2.9ms, model=16.3ms, decode=9.9ms | TOTAL=29.3ms for 3000ms audio (RTF=0.01x)
[TIMING] stream_chunk[experiment-39074ceff0794a479eca139c912f30ec](live_neural): decode=0.2ms, inference=33.6ms, second_pass=0.0ms, contention=0.0ms, TOTAL=33.9ms | audio=600ms, RTF=0.06x | model=enhanced_mel, neural_total=33.1ms, model_inference=16.3ms

[CLIP_033] SuiteBergamasque
  excerpt: start=30.00s end=36.00s duration=6.00s gt_notes=90 rms=0.0930 peak=0.4669 crest=5.021 rms_std=0.0382
    control:
      note metrics: precision=0.725 recall=0.967 f1=0.829 matched=87/90 pred=120
      strict onset f1: 10ms=0.695 20ms=0.829 30ms=0.829
      timing metrics: offset_f1=0.629 rhythm_precision=0.759 note_value_acc=0.299 note_value_n=87 avg_beat_error=0.195
      duplicate metrics: duplicates=17 per_100_notes=14.17
      boundary metrics: gt=33 matched=32 missed=1 miss_rate=0.030
      latency: avg_chunk_ms=32.09 p95_chunk_ms=38.76 avg_rtf=0.053
      notation metrics: first_correct_ms=38.3 visible_p50_ms=346.3 visible_p95_ms=574.6 stabilize_p50_ms=2432.4 stabilize_p95_ms=2959.1 avg_revisions=2.55 matched=11 refined=11 snapshots=18
      algorithmic latency: first_correct_ms=1.0 visible_p50_ms=306.3 visible_p95_ms=545.2 stabilize_p50_ms=1923.4 stabilize_p95_ms=2673.4
      final display note metrics: precision=0.839 recall=0.867 f1=0.852 matched=78/90 pred=93
      final display strict onset f1: 10ms=0.689 20ms=0.831 30ms=0.831
      final display timing: offset_f1=0.656 rhythm_precision=0.769 note_value_acc=0.218 note_value_n=78 avg_beat_error=0.283
      final display structure: cluster_f1=0.553 onset_align_recall=0.955 avg_jaccard=0.870 exact=13/22 pred=25 over=2 under=6 pitch_conflicts=0 missed_gt=1
      threshold profiles: hit_rate=0.000 thresholds=[0.55] profiles={'fixed_baseline': 10}
    treatment:
      note metrics: precision=0.707 recall=0.967 f1=0.817 matched=87/90 pred=123
      strict onset f1: 10ms=0.685 20ms=0.817 30ms=0.817
      timing metrics: offset_f1=0.620 rhythm_precision=0.759 note_value_acc=0.310 note_value_n=87 avg_beat_error=0.194
      duplicate metrics: duplicates=18 per_100_notes=14.63
      boundary metrics: gt=33 matched=32 missed=1 miss_rate=0.030
      latency: avg_chunk_ms=31.01 p95_chunk_ms=39.14 avg_rtf=0.052
      notation metrics: first_correct_ms=38.2 visible_p50_ms=347.0 visible_p95_ms=574.4 stabilize_p50_ms=2435.0 stabilize_p95_ms=3307.9 avg_revisions=2.91 matched=11 refined=11 snapshots=17
      algorithmic latency: first_correct_ms=1.0 visible_p50_ms=306.3 visible_p95_ms=545.2 stabilize_p50_ms=2281.8 stabilize_p95_ms=3237.5
      final display note metrics: precision=0.827 recall=0.900 f1=0.862 matched=81/90 pred=98
      final display strict onset f1: 10ms=0.691 20ms=0.840 30ms=0.840
      final display timing: offset_f1=0.649 rhythm_precision=0.753 note_value_acc=0.222 note_value_n=81 avg_beat_error=0.282
      final display structure: cluster_f1=0.681 onset_align_recall=0.955 avg_jaccard=0.904 exact=16/22 pred=25 over=2 under=3 pitch_conflicts=0 missed_gt=1
      threshold profiles: hit_rate=0.200 thresholds=[0.46, 0.55] profiles={'baseline_nominal': 8, 'loud_dense_precision': 2}
    delta treatment-control: precision=-0.018 recall=+0.000 f1=-0.012 offset_f1=-0.009 note_value_acc=+0.011 dup_per_100=+0.47 boundary_miss_rate=+0.000 p95_chunk_ms=+0.38 f1_10ms=-0.010 f1_20ms=-0.012 f1_30ms=-0.012 visible_p50_ms=+0.8 stabilize_p50_ms=+2.6 algo_visible_p50_ms=+0.0 algo_stabilize_p50_ms=+358.3 avg_revisions=+0.36 display_note_f1=+0.009 display_offset_f1=-0.007 display_cluster_f1=+0.128 display_cluster_jaccard=+0.034
    failure buckets: ['boundary_miss_failure', 'high_revision_slow_stabilization', 'note_value_offset_failure']
      boundary diagnostics: missed=1 by_arm={'control': 1, 'treatment': 1} tags={'control_boundary_miss': 1, 'no_control_coarse_candidate': 1}
        miss: pitch=76 onset=4.204s boundary_delta_ms=+4.4 control_coarse=False treatment_coarse=False retro=n/a
[TIMING] EnhancedMel.transcribe: audio_to_gpu=0.5ms, features=0.8ms, model=20.1ms, decode=3.0ms | TOTAL=24.4ms for 600ms audio (RTF=0.04x)
[TIMING] stream_chunk[experiment-03fca0bf90a64b418ca2413a6a7e48fe](live_neural): decode=0.2ms, inference=27.9ms, second_pass=0.0ms, contention=0.0ms, TOTAL=28.2ms | audio=600ms, RTF=0.05x | model=enhanced_mel, neural_total=27.4ms, model_inference=20.1ms
[TIMING] EnhancedMel.transcribe: audio_to_gpu=0.2ms, features=1.1ms, model=20.9ms, decode=4.9ms | TOTAL=27.2ms for 1200ms audio (RTF=0.02x)
[TIMING] stream_chunk[experiment-03fca0bf90a64b418ca2413a6a7e48fe](live_neural): decode=0.2ms, inference=31.1ms, second_pass=0.0ms, contention=0.0ms, TOTAL=31.5ms | audio=600ms, RTF=0.05x | model=enhanced_mel, neural_total=30.7ms, model_inference=20.9ms
[TIMING] EnhancedMel.transcribe: audio_to_gpu=0.2ms, features=0.7ms, model=12.7ms, decode=3.8ms | TOTAL=17.5ms for 1800ms audio (RTF=0.01x)
[TIMING] stream_chunk[experiment-03fca0bf90a64b418ca2413a6a7e48fe](live_neural): decode=0.1ms, inference=19.4ms, second_pass=0.0ms, contention=0.0ms, TOTAL=19.7ms | audio=600ms, RTF=0.03x | model=enhanced_mel, neural_total=18.9ms, model_inference=12.7ms
[TIMING] EnhancedMel.transcribe: audio_to_gpu=0.3ms, features=0.6ms, model=17.7ms, decode=10.9ms | TOTAL=29.5ms for 2400ms audio (RTF=0.01x)
[TIMING] stream_chunk[experiment-03fca0bf90a64b418ca2413a6a7e48fe](live_neural): decode=0.2ms, inference=35.0ms, second_pass=0.0ms, contention=0.0ms, TOTAL=35.4ms | audio=600ms, RTF=0.06x | model=enhanced_mel, neural_total=34.4ms, model_inference=17.7ms
[TIMING] EnhancedMel.transcribe: audio_to_gpu=0.2ms, features=0.7ms, model=20.9ms, decode=9.5ms | TOTAL=31.3ms for 3000ms audio (RTF=0.01x)
[TIMING] stream_chunk[experiment-03fca0bf90a64b418ca2413a6a7e48fe](live_neural): decode=0.2ms, inference=36.6ms, second_pass=0.0ms, contention=0.0ms, TOTAL=37.0ms | audio=600ms, RTF=0.06x | model=enhanced_mel, neural_total=36.2ms, model_inference=20.9ms
[TIMING] EnhancedMel.transcribe: audio_to_gpu=0.3ms, features=0.6ms, model=15.9ms, decode=11.2ms | TOTAL=28.0ms for 3000ms audio (RTF=0.01x)
[TIMING] stream_chunk[experiment-03fca0bf90a64b418ca2413a6a7e48fe](live_neural): decode=0.2ms, inference=32.6ms, second_pass=0.0ms, contention=0.0ms, TOTAL=33.0ms | audio=600ms, RTF=0.06x | model=enhanced_mel, neural_total=32.0ms, model_inference=15.9ms
[TIMING] EnhancedMel.transcribe: audio_to_gpu=0.3ms, features=0.6ms, model=15.6ms, decode=8.7ms | TOTAL=25.2ms for 3000ms audio (RTF=0.01x)
[TIMING] stream_chunk[experiment-03fca0bf90a64b418ca2413a6a7e48fe](live_neural): decode=0.2ms, inference=29.7ms, second_pass=0.0ms, contention=0.0ms, TOTAL=30.1ms | audio=600ms, RTF=0.05x | model=enhanced_mel, neural_total=29.1ms, model_inference=15.6ms
[TIMING] EnhancedMel.transcribe: audio_to_gpu=0.3ms, features=0.6ms, model=15.9ms, decode=8.6ms | TOTAL=25.4ms for 3000ms audio (RTF=0.01x)
[TIMING] stream_chunk[experiment-03fca0bf90a64b418ca2413a6a7e48fe](live_neural): decode=0.2ms, inference=29.0ms, second_pass=0.0ms, contention=0.0ms, TOTAL=29.4ms | audio=600ms, RTF=0.05x | model=enhanced_mel, neural_total=28.4ms, model_inference=15.9ms
[TIMING] EnhancedMel.transcribe: audio_to_gpu=0.4ms, features=0.8ms, model=16.4ms, decode=8.8ms | TOTAL=26.5ms for 3000ms audio (RTF=0.01x)
[TIMING] stream_chunk[experiment-03fca0bf90a64b418ca2413a6a7e48fe](live_neural): decode=0.2ms, inference=30.7ms, second_pass=0.0ms, contention=0.0ms, TOTAL=31.1ms | audio=600ms, RTF=0.05x | model=enhanced_mel, neural_total=30.1ms, model_inference=16.4ms
[TIMING] EnhancedMel.transcribe: audio_to_gpu=0.3ms, features=0.8ms, model=21.5ms, decode=6.3ms | TOTAL=28.9ms for 3000ms audio (RTF=0.01x)
[TIMING] stream_chunk[experiment-03fca0bf90a64b418ca2413a6a7e48fe](live_neural): decode=0.2ms, inference=33.8ms, second_pass=0.0ms, contention=0.0ms, TOTAL=34.2ms | audio=600ms, RTF=0.06x | model=enhanced_mel, neural_total=33.3ms, model_inference=21.5ms
[TIMING] EnhancedMel.transcribe: audio_to_gpu=0.4ms, features=0.6ms, model=11.0ms, decode=1.9ms | TOTAL=13.9ms for 600ms audio (RTF=0.02x)
[TIMING] stream_chunk[experiment-b103eacc4ac444f19070780bb231c32d](live_neural): decode=0.1ms, inference=15.6ms, second_pass=0.0ms, contention=0.0ms, TOTAL=15.8ms | audio=600ms, RTF=0.03x | model=enhanced_mel, neural_total=15.1ms, model_inference=11.0ms
[TIMING] EnhancedMel.transcribe: audio_to_gpu=0.2ms, features=0.7ms, model=17.4ms, decode=3.7ms | TOTAL=22.0ms for 1200ms audio (RTF=0.02x)
[TIMING] stream_chunk[experiment-b103eacc4ac444f19070780bb231c32d](live_neural): decode=0.2ms, inference=26.1ms, second_pass=0.0ms, contention=0.0ms, TOTAL=26.4ms | audio=600ms, RTF=0.04x | model=enhanced_mel, neural_total=25.7ms, model_inference=17.4ms
[TIMING] EnhancedMel.transcribe: audio_to_gpu=0.2ms, features=2.3ms, model=21.2ms, decode=4.7ms | TOTAL=28.3ms for 1800ms audio (RTF=0.02x)
[TIMING] stream_chunk[experiment-b103eacc4ac444f19070780bb231c32d](live_neural): decode=0.2ms, inference=32.3ms, second_pass=0.0ms, contention=0.0ms, TOTAL=32.6ms | audio=600ms, RTF=0.05x | model=enhanced_mel, neural_total=31.9ms, model_inference=21.2ms
[TIMING] EnhancedMel.transcribe: audio_to_gpu=0.2ms, features=4.9ms, model=15.3ms, decode=6.5ms | TOTAL=26.9ms for 2400ms audio (RTF=0.01x)
[TIMING] stream_chunk[experiment-b103eacc4ac444f19070780bb231c32d](live_neural): decode=0.2ms, inference=30.3ms, second_pass=0.0ms, contention=0.0ms, TOTAL=30.6ms | audio=600ms, RTF=0.05x | model=enhanced_mel, neural_total=29.7ms, model_inference=15.3ms
[TIMING] EnhancedMel.transcribe: audio_to_gpu=0.4ms, features=1.7ms, model=15.6ms, decode=7.6ms | TOTAL=25.4ms for 3000ms audio (RTF=0.01x)
[TIMING] stream_chunk[experiment-b103eacc4ac444f19070780bb231c32d](live_neural): decode=0.2ms, inference=29.2ms, second_pass=0.0ms, contention=0.0ms, TOTAL=29.6ms | audio=600ms, RTF=0.05x | model=enhanced_mel, neural_total=28.8ms, model_inference=15.6ms
[TIMING] EnhancedMel.transcribe: audio_to_gpu=0.4ms, features=0.6ms, model=20.1ms, decode=9.1ms | TOTAL=30.2ms for 3000ms audio (RTF=0.01x)
[TIMING] stream_chunk[experiment-b103eacc4ac444f19070780bb231c32d](live_neural): decode=0.3ms, inference=34.0ms, second_pass=0.0ms, contention=0.0ms, TOTAL=34.6ms | audio=600ms, RTF=0.06x | model=enhanced_mel, neural_total=33.6ms, model_inference=20.1ms
[TIMING] EnhancedMel.transcribe: audio_to_gpu=0.3ms, features=0.7ms, model=19.0ms, decode=5.5ms | TOTAL=25.5ms for 3000ms audio (RTF=0.01x)
[TIMING] stream_chunk[experiment-b103eacc4ac444f19070780bb231c32d](live_neural): decode=0.2ms, inference=29.1ms, second_pass=0.0ms, contention=0.0ms, TOTAL=29.4ms | audio=600ms, RTF=0.05x | model=enhanced_mel, neural_total=28.6ms, model_inference=19.0ms
[TIMING] EnhancedMel.transcribe: audio_to_gpu=0.3ms, features=0.6ms, model=13.3ms, decode=11.3ms | TOTAL=25.5ms for 3000ms audio (RTF=0.01x)
[TIMING] stream_chunk[experiment-b103eacc4ac444f19070780bb231c32d](live_neural): decode=0.1ms, inference=28.4ms, second_pass=0.0ms, contention=0.0ms, TOTAL=28.7ms | audio=600ms, RTF=0.05x | model=enhanced_mel, neural_total=27.8ms, model_inference=13.3ms
[TIMING] EnhancedMel.transcribe: audio_to_gpu=0.3ms, features=4.9ms, model=16.6ms, decode=6.4ms | TOTAL=28.2ms for 3000ms audio (RTF=0.01x)
[TIMING] stream_chunk[experiment-b103eacc4ac444f19070780bb231c32d](live_neural): decode=0.2ms, inference=32.6ms, second_pass=0.0ms, contention=0.0ms, TOTAL=33.2ms | audio=600ms, RTF=0.06x | model=enhanced_mel, neural_total=32.0ms, model_inference=16.6ms
[TIMING] EnhancedMel.transcribe: audio_to_gpu=0.3ms, features=0.8ms, model=21.5ms, decode=12.7ms | TOTAL=35.3ms for 3000ms audio (RTF=0.01x)
[TIMING] stream_chunk[experiment-b103eacc4ac444f19070780bb231c32d](live_neural): decode=0.2ms, inference=39.8ms, second_pass=0.0ms, contention=0.0ms, TOTAL=40.3ms | audio=600ms, RTF=0.07x | model=enhanced_mel, neural_total=39.2ms, model_inference=21.5ms

[CLIP_034] Sonata K. 525
  excerpt: start=15.00s end=21.00s duration=6.00s gt_notes=84 rms=0.0631 peak=0.5078 crest=8.050 rms_std=0.0358
    control:
      note metrics: precision=0.886 recall=0.929 f1=0.907 matched=78/84 pred=88
      strict onset f1: 10ms=0.767 20ms=0.907 30ms=0.907
      timing metrics: offset_f1=0.837 rhythm_precision=0.923 note_value_acc=0.641 note_value_n=78 avg_beat_error=0.123
      duplicate metrics: duplicates=1 per_100_notes=1.14
      boundary metrics: gt=28 matched=27 missed=1 miss_rate=0.036
      latency: avg_chunk_ms=30.96 p95_chunk_ms=36.27 avg_rtf=0.052
      notation metrics: first_correct_ms=46.5 visible_p50_ms=334.0 visible_p95_ms=572.2 stabilize_p50_ms=1798.7 stabilize_p95_ms=3183.1 avg_revisions=1.44 matched=9 refined=9 snapshots=14
      algorithmic latency: first_correct_ms=16.4 visible_p50_ms=314.3 visible_p95_ms=539.1 stabilize_p50_ms=1763.3 stabilize_p95_ms=3149.7
      final display note metrics: precision=0.897 recall=0.929 f1=0.912 matched=78/84 pred=87
      final display strict onset f1: 10ms=0.772 20ms=0.912 30ms=0.912
      final display timing: offset_f1=0.842 rhythm_precision=0.923 note_value_acc=0.308 note_value_n=78 avg_beat_error=0.277
      final display structure: cluster_f1=0.757 onset_align_recall=1.000 avg_jaccard=0.919 exact=28/36 pred=38 over=5 under=3 pitch_conflicts=0 missed_gt=0
      threshold profiles: hit_rate=0.000 thresholds=[0.55] profiles={'fixed_baseline': 10}
    treatment:
      note metrics: precision=0.886 recall=0.929 f1=0.907 matched=78/84 pred=88
      strict onset f1: 10ms=0.767 20ms=0.907 30ms=0.907
      timing metrics: offset_f1=0.837 rhythm_precision=0.923 note_value_acc=0.641 note_value_n=78 avg_beat_error=0.123
      duplicate metrics: duplicates=1 per_100_notes=1.14
      boundary metrics: gt=28 matched=27 missed=1 miss_rate=0.036
      latency: avg_chunk_ms=30.10 p95_chunk_ms=37.70 avg_rtf=0.050
      notation metrics: first_correct_ms=45.8 visible_p50_ms=346.9 visible_p95_ms=567.2 stabilize_p50_ms=1793.9 stabilize_p95_ms=3184.4 avg_revisions=1.67 matched=9 refined=9 snapshots=15
      algorithmic latency: first_correct_ms=16.4 visible_p50_ms=314.3 visible_p95_ms=539.1 stabilize_p50_ms=1763.3 stabilize_p95_ms=3149.7
      final display note metrics: precision=0.897 recall=0.929 f1=0.912 matched=78/84 pred=87
      final display strict onset f1: 10ms=0.772 20ms=0.912 30ms=0.912
      final display timing: offset_f1=0.842 rhythm_precision=0.923 note_value_acc=0.308 note_value_n=78 avg_beat_error=0.277
      final display structure: cluster_f1=0.757 onset_align_recall=1.000 avg_jaccard=0.919 exact=28/36 pred=38 over=5 under=3 pitch_conflicts=0 missed_gt=0
      threshold profiles: hit_rate=0.000 thresholds=[0.55] profiles={'baseline_nominal': 10}
    delta treatment-control: precision=+0.000 recall=+0.000 f1=+0.000 offset_f1=+0.000 note_value_acc=+0.000 dup_per_100=+0.00 boundary_miss_rate=+0.000 p95_chunk_ms=+1.43 f1_10ms=+0.000 f1_20ms=+0.000 f1_30ms=+0.000 visible_p50_ms=+12.9 stabilize_p50_ms=-4.8 algo_visible_p50_ms=+0.0 algo_stabilize_p50_ms=+0.0 avg_revisions=+0.22 display_note_f1=+0.000 display_offset_f1=+0.000 display_cluster_f1=+0.000 display_cluster_jaccard=+0.000
    failure buckets: ['boundary_miss_failure', 'high_revision_slow_stabilization']
      boundary diagnostics: missed=1 by_arm={'control': 1, 'treatment': 1} tags={'control_boundary_miss': 1, 'no_control_coarse_candidate': 1}
        miss: pitch=38 onset=1.882s boundary_delta_ms=+81.5 control_coarse=False treatment_coarse=False retro=n/a
[TIMING] EnhancedMel.transcribe: audio_to_gpu=0.5ms, features=0.8ms, model=20.6ms, decode=2.6ms | TOTAL=24.5ms for 600ms audio (RTF=0.04x)
[TIMING] stream_chunk[experiment-f0e6cff77cbe4b2a8521d9f3bc63f804](live_neural): decode=0.3ms, inference=28.3ms, second_pass=0.0ms, contention=0.0ms, TOTAL=28.7ms | audio=600ms, RTF=0.05x | model=enhanced_mel, neural_total=27.6ms, model_inference=20.6ms
[TIMING] EnhancedMel.transcribe: audio_to_gpu=0.4ms, features=0.6ms, model=13.3ms, decode=3.7ms | TOTAL=18.0ms for 1200ms audio (RTF=0.01x)
[TIMING] stream_chunk[experiment-f0e6cff77cbe4b2a8521d9f3bc63f804](live_neural): decode=0.2ms, inference=22.5ms, second_pass=0.0ms, contention=0.0ms, TOTAL=22.8ms | audio=600ms, RTF=0.04x | model=enhanced_mel, neural_total=21.9ms, model_inference=13.3ms
[TIMING] EnhancedMel.transcribe: audio_to_gpu=0.2ms, features=2.3ms, model=19.1ms, decode=6.1ms | TOTAL=27.7ms for 1800ms audio (RTF=0.02x)
[TIMING] stream_chunk[experiment-f0e6cff77cbe4b2a8521d9f3bc63f804](live_neural): decode=0.2ms, inference=31.2ms, second_pass=0.0ms, contention=0.0ms, TOTAL=31.5ms | audio=600ms, RTF=0.05x | model=enhanced_mel, neural_total=30.7ms, model_inference=19.1ms
[TIMING] EnhancedMel.transcribe: audio_to_gpu=1.8ms, features=0.7ms, model=15.7ms, decode=6.2ms | TOTAL=24.4ms for 2400ms audio (RTF=0.01x)
[TIMING] stream_chunk[experiment-f0e6cff77cbe4b2a8521d9f3bc63f804](live_neural): decode=0.3ms, inference=29.7ms, second_pass=0.0ms, contention=0.0ms, TOTAL=30.2ms | audio=600ms, RTF=0.05x | model=enhanced_mel, neural_total=29.0ms, model_inference=15.7ms
[TIMING] EnhancedMel.transcribe: audio_to_gpu=0.2ms, features=0.7ms, model=14.8ms, decode=5.7ms | TOTAL=21.4ms for 3000ms audio (RTF=0.01x)
[TIMING] stream_chunk[experiment-f0e6cff77cbe4b2a8521d9f3bc63f804](live_neural): decode=0.2ms, inference=25.4ms, second_pass=0.0ms, contention=0.0ms, TOTAL=25.8ms | audio=600ms, RTF=0.04x | model=enhanced_mel, neural_total=24.8ms, model_inference=14.8ms
[TIMING] EnhancedMel.transcribe: audio_to_gpu=0.4ms, features=0.7ms, model=14.8ms, decode=13.1ms | TOTAL=28.9ms for 3000ms audio (RTF=0.01x)
[TIMING] stream_chunk[experiment-f0e6cff77cbe4b2a8521d9f3bc63f804](live_neural): decode=0.2ms, inference=33.5ms, second_pass=0.0ms, contention=0.0ms, TOTAL=34.0ms | audio=600ms, RTF=0.06x | model=enhanced_mel, neural_total=32.9ms, model_inference=14.8ms
[TIMING] EnhancedMel.transcribe: audio_to_gpu=0.3ms, features=0.7ms, model=20.7ms, decode=7.7ms | TOTAL=29.4ms for 3000ms audio (RTF=0.01x)
[TIMING] stream_chunk[experiment-f0e6cff77cbe4b2a8521d9f3bc63f804](live_neural): decode=0.2ms, inference=34.8ms, second_pass=0.0ms, contention=0.0ms, TOTAL=35.2ms | audio=600ms, RTF=0.06x | model=enhanced_mel, neural_total=34.2ms, model_inference=20.7ms
[TIMING] EnhancedMel.transcribe: audio_to_gpu=0.3ms, features=0.7ms, model=14.6ms, decode=7.6ms | TOTAL=23.2ms for 3000ms audio (RTF=0.01x)
[TIMING] stream_chunk[experiment-f0e6cff77cbe4b2a8521d9f3bc63f804](live_neural): decode=0.2ms, inference=28.3ms, second_pass=0.0ms, contention=0.0ms, TOTAL=28.8ms | audio=600ms, RTF=0.05x | model=enhanced_mel, neural_total=27.6ms, model_inference=14.6ms
[TIMING] EnhancedMel.transcribe: audio_to_gpu=0.2ms, features=0.6ms, model=15.0ms, decode=7.5ms | TOTAL=23.3ms for 3000ms audio (RTF=0.01x)
[TIMING] stream_chunk[experiment-f0e6cff77cbe4b2a8521d9f3bc63f804](live_neural): decode=0.2ms, inference=27.3ms, second_pass=0.0ms, contention=0.0ms, TOTAL=27.8ms | audio=600ms, RTF=0.05x | model=enhanced_mel, neural_total=26.7ms, model_inference=15.0ms
[TIMING] EnhancedMel.transcribe: audio_to_gpu=0.4ms, features=0.7ms, model=16.8ms, decode=7.6ms | TOTAL=25.4ms for 3000ms audio (RTF=0.01x)
[TIMING] stream_chunk[experiment-f0e6cff77cbe4b2a8521d9f3bc63f804](live_neural): decode=0.2ms, inference=31.0ms, second_pass=0.0ms, contention=0.0ms, TOTAL=31.4ms | audio=600ms, RTF=0.05x | model=enhanced_mel, neural_total=30.3ms, model_inference=16.8ms
[TIMING] EnhancedMel.transcribe: audio_to_gpu=0.3ms, features=0.6ms, model=14.9ms, decode=1.7ms | TOTAL=17.5ms for 600ms audio (RTF=0.03x)
[TIMING] stream_chunk[experiment-f439a459679147ae9afddd788551262e](live_neural): decode=0.2ms, inference=20.3ms, second_pass=0.0ms, contention=0.0ms, TOTAL=20.5ms | audio=600ms, RTF=0.03x | model=enhanced_mel, neural_total=19.8ms, model_inference=14.9ms
[TIMING] EnhancedMel.transcribe: audio_to_gpu=0.1ms, features=0.4ms, model=13.9ms, decode=5.5ms | TOTAL=19.9ms for 1200ms audio (RTF=0.02x)
[TIMING] stream_chunk[experiment-f439a459679147ae9afddd788551262e](live_neural): decode=0.2ms, inference=22.8ms, second_pass=0.0ms, contention=0.0ms, TOTAL=23.1ms | audio=600ms, RTF=0.04x | model=enhanced_mel, neural_total=22.3ms, model_inference=13.9ms
[TIMING] EnhancedMel.transcribe: audio_to_gpu=0.2ms, features=0.4ms, model=13.7ms, decode=5.1ms | TOTAL=19.5ms for 1800ms audio (RTF=0.01x)
[TIMING] stream_chunk[experiment-f439a459679147ae9afddd788551262e](live_neural): decode=0.2ms, inference=23.0ms, second_pass=0.0ms, contention=0.0ms, TOTAL=23.3ms | audio=600ms, RTF=0.04x | model=enhanced_mel, neural_total=22.5ms, model_inference=13.7ms
[TIMING] EnhancedMel.transcribe: audio_to_gpu=0.2ms, features=0.6ms, model=18.4ms, decode=6.1ms | TOTAL=25.3ms for 2400ms audio (RTF=0.01x)
[TIMING] stream_chunk[experiment-f439a459679147ae9afddd788551262e](live_neural): decode=0.2ms, inference=28.7ms, second_pass=0.0ms, contention=0.0ms, TOTAL=29.2ms | audio=600ms, RTF=0.05x | model=enhanced_mel, neural_total=28.3ms, model_inference=18.4ms
[TIMING] EnhancedMel.transcribe: audio_to_gpu=0.2ms, features=5.5ms, model=19.2ms, decode=12.1ms | TOTAL=37.0ms for 3000ms audio (RTF=0.01x)
[TIMING] stream_chunk[experiment-f439a459679147ae9afddd788551262e](live_neural): decode=0.3ms, inference=41.8ms, second_pass=0.0ms, contention=0.0ms, TOTAL=42.3ms | audio=600ms, RTF=0.07x | model=enhanced_mel, neural_total=41.3ms, model_inference=19.2ms
[TIMING] EnhancedMel.transcribe: audio_to_gpu=0.5ms, features=0.8ms, model=21.9ms, decode=10.0ms | TOTAL=33.1ms for 3000ms audio (RTF=0.01x)
[TIMING] stream_chunk[experiment-f439a459679147ae9afddd788551262e](live_neural): decode=0.3ms, inference=38.8ms, second_pass=0.0ms, contention=0.0ms, TOTAL=39.3ms | audio=600ms, RTF=0.07x | model=enhanced_mel, neural_total=38.2ms, model_inference=21.9ms
[TIMING] EnhancedMel.transcribe: audio_to_gpu=0.3ms, features=5.2ms, model=20.8ms, decode=9.0ms | TOTAL=35.3ms for 3000ms audio (RTF=0.01x)
[TIMING] stream_chunk[experiment-f439a459679147ae9afddd788551262e](live_neural): decode=0.2ms, inference=40.9ms, second_pass=0.0ms, contention=0.0ms, TOTAL=41.4ms | audio=600ms, RTF=0.07x | model=enhanced_mel, neural_total=40.4ms, model_inference=20.8ms
[TIMING] EnhancedMel.transcribe: audio_to_gpu=0.5ms, features=0.7ms, model=20.2ms, decode=11.3ms | TOTAL=32.8ms for 3000ms audio (RTF=0.01x)
[TIMING] stream_chunk[experiment-f439a459679147ae9afddd788551262e](live_neural): decode=0.2ms, inference=38.2ms, second_pass=0.0ms, contention=0.0ms, TOTAL=38.6ms | audio=600ms, RTF=0.06x | model=enhanced_mel, neural_total=37.4ms, model_inference=20.2ms
[TIMING] EnhancedMel.transcribe: audio_to_gpu=0.4ms, features=2.0ms, model=16.0ms, decode=14.4ms | TOTAL=32.8ms for 3000ms audio (RTF=0.01x)
[TIMING] stream_chunk[experiment-f439a459679147ae9afddd788551262e](live_neural): decode=1.3ms, inference=37.5ms, second_pass=0.0ms, contention=0.0ms, TOTAL=39.0ms | audio=600ms, RTF=0.06x | model=enhanced_mel, neural_total=36.9ms, model_inference=16.0ms
[TIMING] EnhancedMel.transcribe: audio_to_gpu=0.3ms, features=0.6ms, model=17.0ms, decode=8.5ms | TOTAL=26.4ms for 3000ms audio (RTF=0.01x)
[TIMING] stream_chunk[experiment-f439a459679147ae9afddd788551262e](live_neural): decode=0.2ms, inference=30.9ms, second_pass=0.0ms, contention=0.0ms, TOTAL=31.3ms | audio=600ms, RTF=0.05x | model=enhanced_mel, neural_total=30.3ms, model_inference=17.0ms

[CLIP_035] Estampes (Complete)
  excerpt: start=81.00s end=87.00s duration=6.00s gt_notes=79 rms=0.0222 peak=0.1165 crest=5.245 rms_std=0.0068
    control:
      note metrics: precision=0.841 recall=0.873 f1=0.857 matched=69/79 pred=82
      strict onset f1: 10ms=0.609 20ms=0.832 30ms=0.857
      timing metrics: offset_f1=0.646 rhythm_precision=0.754 note_value_acc=0.203 note_value_n=69 avg_beat_error=0.138
      duplicate metrics: duplicates=3 per_100_notes=3.66
      boundary metrics: gt=30 matched=27 missed=3 miss_rate=0.100
      latency: avg_chunk_ms=29.62 p95_chunk_ms=34.66 avg_rtf=0.049
      notation metrics: first_correct_ms=37.2 visible_p50_ms=279.3 visible_p95_ms=591.5 stabilize_p50_ms=1871.0 stabilize_p95_ms=2512.7 avg_revisions=2.09 matched=11 refined=11 snapshots=20
      algorithmic latency: first_correct_ms=5.7 visible_p50_ms=251.6 visible_p95_ms=556.9 stabilize_p50_ms=1445.1 stabilize_p95_ms=2092.2
      final display note metrics: precision=0.883 recall=0.861 f1=0.872 matched=68/79 pred=77
      final display strict onset f1: 10ms=0.628 20ms=0.846 30ms=0.872
      final display timing: offset_f1=0.667 rhythm_precision=0.765 note_value_acc=0.221 note_value_n=68 avg_beat_error=0.286
      final display structure: cluster_f1=0.592 onset_align_recall=1.000 avg_jaccard=0.810 exact=21/34 pred=37 over=3 under=8 pitch_conflicts=2 missed_gt=0
      threshold profiles: hit_rate=0.000 thresholds=[0.55] profiles={'fixed_baseline': 10}
    treatment:
      note metrics: precision=0.841 recall=0.873 f1=0.857 matched=69/79 pred=82
      strict onset f1: 10ms=0.609 20ms=0.832 30ms=0.857
      timing metrics: offset_f1=0.646 rhythm_precision=0.754 note_value_acc=0.203 note_value_n=69 avg_beat_error=0.138
      duplicate metrics: duplicates=3 per_100_notes=3.66
      boundary metrics: gt=30 matched=27 missed=3 miss_rate=0.100
      latency: avg_chunk_ms=32.80 p95_chunk_ms=41.85 avg_rtf=0.055
      notation metrics: first_correct_ms=29.0 visible_p50_ms=290.6 visible_p95_ms=597.2 stabilize_p50_ms=1887.3 stabilize_p95_ms=2511.6 avg_revisions=2.09 matched=11 refined=11 snapshots=20
      algorithmic latency: first_correct_ms=5.7 visible_p50_ms=251.6 visible_p95_ms=556.9 stabilize_p50_ms=1445.1 stabilize_p95_ms=2092.2
      final display note metrics: precision=0.883 recall=0.861 f1=0.872 matched=68/79 pred=77
      final display strict onset f1: 10ms=0.628 20ms=0.846 30ms=0.872
      final display timing: offset_f1=0.667 rhythm_precision=0.765 note_value_acc=0.221 note_value_n=68 avg_beat_error=0.286
      final display structure: cluster_f1=0.592 onset_align_recall=1.000 avg_jaccard=0.810 exact=21/34 pred=37 over=3 under=8 pitch_conflicts=2 missed_gt=0
      threshold profiles: hit_rate=0.400 thresholds=[0.51, 0.55] profiles={'baseline_nominal': 6, 'soft_sparse_recall': 4}
    delta treatment-control: precision=+0.000 recall=+0.000 f1=+0.000 offset_f1=+0.000 note_value_acc=+0.000 dup_per_100=+0.00 boundary_miss_rate=+0.000 p95_chunk_ms=+7.19 f1_10ms=+0.000 f1_20ms=+0.000 f1_30ms=+0.000 visible_p50_ms=+11.2 stabilize_p50_ms=+16.3 algo_visible_p50_ms=+0.0 algo_stabilize_p50_ms=+0.0 avg_revisions=+0.00 display_note_f1=+0.000 display_offset_f1=+0.000 display_cluster_f1=+0.000 display_cluster_jaccard=+0.000
    failure buckets: ['boundary_miss_failure', 'high_revision_slow_stabilization', 'note_value_offset_failure']
      boundary diagnostics: missed=3 by_arm={'control': 3, 'treatment': 3} tags={'control_boundary_miss': 3, 'no_control_coarse_candidate': 3}
        miss: pitch=68 onset=4.201s boundary_delta_ms=+0.5 control_coarse=False treatment_coarse=False retro=n/a
        miss: pitch=61 onset=5.991s boundary_delta_ms=-9.1 control_coarse=False treatment_coarse=False retro=n/a
        miss: pitch=49 onset=5.992s boundary_delta_ms=-7.8 control_coarse=False treatment_coarse=False retro=n/a
[TIMING] EnhancedMel.transcribe: audio_to_gpu=1.5ms, features=0.8ms, model=15.6ms, decode=2.9ms | TOTAL=20.8ms for 600ms audio (RTF=0.03x)
[TIMING] stream_chunk[experiment-343cbe036b8643adaa20f8009731c32f](live_neural): decode=0.2ms, inference=24.0ms, second_pass=0.0ms, contention=0.0ms, TOTAL=24.3ms | audio=600ms, RTF=0.04x | model=enhanced_mel, neural_total=23.5ms, model_inference=15.6ms
[TIMING] EnhancedMel.transcribe: audio_to_gpu=0.2ms, features=0.6ms, model=17.9ms, decode=4.9ms | TOTAL=23.6ms for 1200ms audio (RTF=0.02x)
[TIMING] stream_chunk[experiment-343cbe036b8643adaa20f8009731c32f](live_neural): decode=0.2ms, inference=27.3ms, second_pass=0.0ms, contention=0.0ms, TOTAL=27.6ms | audio=600ms, RTF=0.05x | model=enhanced_mel, neural_total=26.8ms, model_inference=17.9ms
[TIMING] EnhancedMel.transcribe: audio_to_gpu=0.2ms, features=0.6ms, model=21.0ms, decode=6.5ms | TOTAL=28.4ms for 1800ms audio (RTF=0.02x)
[TIMING] stream_chunk[experiment-343cbe036b8643adaa20f8009731c32f](live_neural): decode=0.2ms, inference=31.9ms, second_pass=0.0ms, contention=0.0ms, TOTAL=32.2ms | audio=600ms, RTF=0.05x | model=enhanced_mel, neural_total=31.3ms, model_inference=21.0ms
[TIMING] EnhancedMel.transcribe: audio_to_gpu=0.3ms, features=0.8ms, model=20.4ms, decode=9.3ms | TOTAL=30.8ms for 2400ms audio (RTF=0.01x)
[TIMING] stream_chunk[experiment-343cbe036b8643adaa20f8009731c32f](live_neural): decode=0.2ms, inference=36.0ms, second_pass=0.0ms, contention=0.0ms, TOTAL=36.4ms | audio=600ms, RTF=0.06x | model=enhanced_mel, neural_total=35.3ms, model_inference=20.4ms
[TIMING] EnhancedMel.transcribe: audio_to_gpu=0.2ms, features=0.5ms, model=19.1ms, decode=8.3ms | TOTAL=28.2ms for 3000ms audio (RTF=0.01x)
[TIMING] stream_chunk[experiment-343cbe036b8643adaa20f8009731c32f](live_neural): decode=0.2ms, inference=31.8ms, second_pass=0.0ms, contention=0.0ms, TOTAL=32.2ms | audio=600ms, RTF=0.05x | model=enhanced_mel, neural_total=31.4ms, model_inference=19.1ms
[TIMING] EnhancedMel.transcribe: audio_to_gpu=0.2ms, features=0.5ms, model=15.9ms, decode=8.6ms | TOTAL=25.4ms for 3000ms audio (RTF=0.01x)
[TIMING] stream_chunk[experiment-343cbe036b8643adaa20f8009731c32f](live_neural): decode=0.2ms, inference=28.9ms, second_pass=0.0ms, contention=0.0ms, TOTAL=29.4ms | audio=600ms, RTF=0.05x | model=enhanced_mel, neural_total=28.4ms, model_inference=15.9ms
[TIMING] EnhancedMel.transcribe: audio_to_gpu=0.3ms, features=0.8ms, model=20.5ms, decode=9.0ms | TOTAL=30.6ms for 3000ms audio (RTF=0.01x)
[TIMING] stream_chunk[experiment-343cbe036b8643adaa20f8009731c32f](live_neural): decode=0.2ms, inference=36.0ms, second_pass=0.0ms, contention=0.0ms, TOTAL=36.4ms | audio=600ms, RTF=0.06x | model=enhanced_mel, neural_total=35.4ms, model_inference=20.5ms
[TIMING] EnhancedMel.transcribe: audio_to_gpu=0.3ms, features=0.7ms, model=21.2ms, decode=7.6ms | TOTAL=29.9ms for 3000ms audio (RTF=0.01x)
[TIMING] stream_chunk[experiment-343cbe036b8643adaa20f8009731c32f](live_neural): decode=0.3ms, inference=35.2ms, second_pass=0.0ms, contention=0.0ms, TOTAL=35.7ms | audio=600ms, RTF=0.06x | model=enhanced_mel, neural_total=34.6ms, model_inference=21.2ms
[TIMING] EnhancedMel.transcribe: audio_to_gpu=0.3ms, features=0.7ms, model=18.4ms, decode=8.1ms | TOTAL=27.5ms for 3000ms audio (RTF=0.01x)
[TIMING] stream_chunk[experiment-343cbe036b8643adaa20f8009731c32f](live_neural): decode=0.3ms, inference=33.8ms, second_pass=0.0ms, contention=0.0ms, TOTAL=34.4ms | audio=600ms, RTF=0.06x | model=enhanced_mel, neural_total=32.6ms, model_inference=18.4ms
[TIMING] EnhancedMel.transcribe: audio_to_gpu=0.6ms, features=0.8ms, model=18.3ms, decode=8.5ms | TOTAL=28.2ms for 3000ms audio (RTF=0.01x)
[TIMING] stream_chunk[experiment-343cbe036b8643adaa20f8009731c32f](live_neural): decode=0.2ms, inference=33.6ms, second_pass=0.0ms, contention=0.0ms, TOTAL=34.0ms | audio=600ms, RTF=0.06x | model=enhanced_mel, neural_total=33.0ms, model_inference=18.3ms
[TIMING] EnhancedMel.transcribe: audio_to_gpu=0.6ms, features=0.8ms, model=24.1ms, decode=3.4ms | TOTAL=29.0ms for 600ms audio (RTF=0.05x)
[TIMING] stream_chunk[experiment-985b6abd6e6845b8b0b699a686831ffb](live_neural): decode=0.3ms, inference=32.7ms, second_pass=0.0ms, contention=0.0ms, TOTAL=33.1ms | audio=600ms, RTF=0.06x | model=enhanced_mel, neural_total=32.1ms, model_inference=24.1ms
[TIMING] EnhancedMel.transcribe: audio_to_gpu=0.2ms, features=0.5ms, model=14.2ms, decode=3.9ms | TOTAL=18.9ms for 1200ms audio (RTF=0.02x)
[TIMING] stream_chunk[experiment-985b6abd6e6845b8b0b699a686831ffb](live_neural): decode=0.4ms, inference=23.2ms, second_pass=0.0ms, contention=0.0ms, TOTAL=23.8ms | audio=600ms, RTF=0.04x | model=enhanced_mel, neural_total=22.7ms, model_inference=14.2ms
[TIMING] EnhancedMel.transcribe: audio_to_gpu=0.2ms, features=0.7ms, model=18.8ms, decode=4.9ms | TOTAL=24.6ms for 1800ms audio (RTF=0.01x)
[TIMING] stream_chunk[experiment-985b6abd6e6845b8b0b699a686831ffb](live_neural): decode=0.2ms, inference=29.2ms, second_pass=0.0ms, contention=0.0ms, TOTAL=29.5ms | audio=600ms, RTF=0.05x | model=enhanced_mel, neural_total=28.8ms, model_inference=18.8ms
[TIMING] EnhancedMel.transcribe: audio_to_gpu=0.2ms, features=0.4ms, model=15.7ms, decode=8.0ms | TOTAL=24.4ms for 2400ms audio (RTF=0.01x)
[TIMING] stream_chunk[experiment-985b6abd6e6845b8b0b699a686831ffb](live_neural): decode=0.2ms, inference=27.8ms, second_pass=0.0ms, contention=0.0ms, TOTAL=28.1ms | audio=600ms, RTF=0.05x | model=enhanced_mel, neural_total=27.3ms, model_inference=15.7ms
[TIMING] EnhancedMel.transcribe: audio_to_gpu=0.3ms, features=2.5ms, model=19.2ms, decode=6.6ms | TOTAL=28.6ms for 3000ms audio (RTF=0.01x)
[TIMING] stream_chunk[experiment-985b6abd6e6845b8b0b699a686831ffb](live_neural): decode=0.1ms, inference=32.4ms, second_pass=0.0ms, contention=0.0ms, TOTAL=32.7ms | audio=600ms, RTF=0.05x | model=enhanced_mel, neural_total=31.9ms, model_inference=19.2ms
[TIMING] EnhancedMel.transcribe: audio_to_gpu=0.3ms, features=0.5ms, model=18.0ms, decode=6.5ms | TOTAL=25.3ms for 3000ms audio (RTF=0.01x)
[TIMING] stream_chunk[experiment-985b6abd6e6845b8b0b699a686831ffb](live_neural): decode=0.1ms, inference=28.2ms, second_pass=0.0ms, contention=0.0ms, TOTAL=28.5ms | audio=600ms, RTF=0.05x | model=enhanced_mel, neural_total=27.8ms, model_inference=18.0ms
[TIMING] EnhancedMel.transcribe: audio_to_gpu=0.4ms, features=0.7ms, model=22.0ms, decode=12.1ms | TOTAL=35.2ms for 3000ms audio (RTF=0.01x)
[TIMING] stream_chunk[experiment-985b6abd6e6845b8b0b699a686831ffb](live_neural): decode=0.2ms, inference=39.4ms, second_pass=0.0ms, contention=0.0ms, TOTAL=39.9ms | audio=600ms, RTF=0.07x | model=enhanced_mel, neural_total=38.7ms, model_inference=22.0ms
[TIMING] EnhancedMel.transcribe: audio_to_gpu=0.5ms, features=0.7ms, model=14.8ms, decode=12.4ms | TOTAL=28.3ms for 3000ms audio (RTF=0.01x)
[TIMING] stream_chunk[experiment-985b6abd6e6845b8b0b699a686831ffb](live_neural): decode=0.2ms, inference=33.1ms, second_pass=0.0ms, contention=0.0ms, TOTAL=33.5ms | audio=600ms, RTF=0.06x | model=enhanced_mel, neural_total=32.3ms, model_inference=14.8ms
[TIMING] EnhancedMel.transcribe: audio_to_gpu=0.3ms, features=0.6ms, model=16.1ms, decode=8.9ms | TOTAL=25.8ms for 3000ms audio (RTF=0.01x)
[TIMING] stream_chunk[experiment-985b6abd6e6845b8b0b699a686831ffb](live_neural): decode=0.2ms, inference=29.8ms, second_pass=0.0ms, contention=0.0ms, TOTAL=30.2ms | audio=600ms, RTF=0.05x | model=enhanced_mel, neural_total=29.2ms, model_inference=16.1ms
[TIMING] EnhancedMel.transcribe: audio_to_gpu=0.3ms, features=0.7ms, model=16.9ms, decode=13.2ms | TOTAL=31.1ms for 3000ms audio (RTF=0.01x)
[TIMING] stream_chunk[experiment-985b6abd6e6845b8b0b699a686831ffb](live_neural): decode=0.2ms, inference=35.3ms, second_pass=0.0ms, contention=0.0ms, TOTAL=35.8ms | audio=600ms, RTF=0.06x | model=enhanced_mel, neural_total=34.8ms, model_inference=16.9ms

[CLIP_036] Sonata in D Major, K96
  excerpt: start=15.00s end=21.00s duration=6.00s gt_notes=81 rms=0.0569 peak=0.4561 crest=8.016 rms_std=0.0258
    control:
      note metrics: precision=0.898 recall=0.975 f1=0.935 matched=79/81 pred=88
      strict onset f1: 10ms=0.734 20ms=0.935 30ms=0.935
      timing metrics: offset_f1=0.852 rhythm_precision=0.911 note_value_acc=0.658 note_value_n=79 avg_beat_error=0.116
      duplicate metrics: duplicates=3 per_100_notes=3.41
      boundary metrics: gt=17 matched=17 missed=0 miss_rate=0.000
      latency: avg_chunk_ms=32.26 p95_chunk_ms=36.39 avg_rtf=0.054
      notation metrics: first_correct_ms=92.1 visible_p50_ms=373.1 visible_p95_ms=629.7 stabilize_p50_ms=645.6 stabilize_p95_ms=2413.9 avg_revisions=0.54 matched=35 refined=35 snapshots=21
      algorithmic latency: first_correct_ms=59.9 visible_p50_ms=337.2 visible_p95_ms=598.4 stabilize_p50_ms=564.3 stabilize_p95_ms=1981.5
      final display note metrics: precision=0.929 recall=0.975 f1=0.952 matched=79/81 pred=85
      final display strict onset f1: 10ms=0.747 20ms=0.952 30ms=0.952
      final display timing: offset_f1=0.867 rhythm_precision=0.911 note_value_acc=0.468 note_value_n=79 avg_beat_error=0.192
      final display structure: cluster_f1=0.705 onset_align_recall=0.889 avg_jaccard=0.899 exact=31/45 pred=43 over=7 under=2 pitch_conflicts=0 missed_gt=5
      threshold profiles: hit_rate=0.000 thresholds=[0.55] profiles={'fixed_baseline': 10}
    treatment:
      note metrics: precision=0.898 recall=0.975 f1=0.935 matched=79/81 pred=88
      strict onset f1: 10ms=0.734 20ms=0.935 30ms=0.935
      timing metrics: offset_f1=0.852 rhythm_precision=0.911 note_value_acc=0.658 note_value_n=79 avg_beat_error=0.116
      duplicate metrics: duplicates=3 per_100_notes=3.41
      boundary metrics: gt=17 matched=17 missed=0 miss_rate=0.000
      latency: avg_chunk_ms=31.49 p95_chunk_ms=38.03 avg_rtf=0.053
      notation metrics: first_correct_ms=90.3 visible_p50_ms=376.6 visible_p95_ms=628.4 stabilize_p50_ms=643.4 stabilize_p95_ms=2415.0 avg_revisions=0.54 matched=35 refined=35 snapshots=21
      algorithmic latency: first_correct_ms=59.9 visible_p50_ms=337.2 visible_p95_ms=598.4 stabilize_p50_ms=564.3 stabilize_p95_ms=1981.5
      final display note metrics: precision=0.929 recall=0.975 f1=0.952 matched=79/81 pred=85
      final display strict onset f1: 10ms=0.747 20ms=0.952 30ms=0.952
      final display timing: offset_f1=0.867 rhythm_precision=0.911 note_value_acc=0.468 note_value_n=79 avg_beat_error=0.192
      final display structure: cluster_f1=0.705 onset_align_recall=0.889 avg_jaccard=0.899 exact=31/45 pred=43 over=7 under=2 pitch_conflicts=0 missed_gt=5
      threshold profiles: hit_rate=0.000 thresholds=[0.55] profiles={'baseline_nominal': 10}
    delta treatment-control: precision=+0.000 recall=+0.000 f1=+0.000 offset_f1=+0.000 note_value_acc=+0.000 dup_per_100=+0.00 boundary_miss_rate=+0.000 p95_chunk_ms=+1.64 f1_10ms=+0.000 f1_20ms=+0.000 f1_30ms=+0.000 visible_p50_ms=+3.5 stabilize_p50_ms=-2.2 algo_visible_p50_ms=+0.0 algo_stabilize_p50_ms=+0.0 avg_revisions=+0.00 display_note_f1=+0.000 display_offset_f1=+0.000 display_cluster_f1=+0.000 display_cluster_jaccard=+0.000
    failure buckets: ['high_revision_slow_stabilization']
[TIMING] EnhancedMel.transcribe: audio_to_gpu=0.5ms, features=0.6ms, model=14.3ms, decode=1.8ms | TOTAL=17.3ms for 600ms audio (RTF=0.03x)
[TIMING] stream_chunk[experiment-7312110695774b65abb1c98b5894357f](live_neural): decode=0.2ms, inference=20.0ms, second_pass=0.0ms, contention=0.0ms, TOTAL=20.3ms | audio=600ms, RTF=0.03x | model=enhanced_mel, neural_total=19.5ms, model_inference=14.3ms
[TIMING] EnhancedMel.transcribe: audio_to_gpu=0.3ms, features=0.6ms, model=20.0ms, decode=5.8ms | TOTAL=26.8ms for 1200ms audio (RTF=0.02x)
[TIMING] stream_chunk[experiment-7312110695774b65abb1c98b5894357f](live_neural): decode=0.2ms, inference=30.3ms, second_pass=0.0ms, contention=0.0ms, TOTAL=30.7ms | audio=600ms, RTF=0.05x | model=enhanced_mel, neural_total=29.7ms, model_inference=20.0ms
[TIMING] EnhancedMel.transcribe: audio_to_gpu=0.2ms, features=0.4ms, model=18.3ms, decode=8.3ms | TOTAL=27.3ms for 1800ms audio (RTF=0.02x)
[TIMING] stream_chunk[experiment-7312110695774b65abb1c98b5894357f](live_neural): decode=0.2ms, inference=30.3ms, second_pass=0.0ms, contention=0.0ms, TOTAL=30.7ms | audio=600ms, RTF=0.05x | model=enhanced_mel, neural_total=29.8ms, model_inference=18.3ms
[TIMING] EnhancedMel.transcribe: audio_to_gpu=0.3ms, features=0.6ms, model=21.0ms, decode=8.1ms | TOTAL=30.0ms for 2400ms audio (RTF=0.01x)
[TIMING] stream_chunk[experiment-7312110695774b65abb1c98b5894357f](live_neural): decode=0.2ms, inference=35.1ms, second_pass=0.0ms, contention=0.0ms, TOTAL=35.4ms | audio=600ms, RTF=0.06x | model=enhanced_mel, neural_total=34.6ms, model_inference=21.0ms
[TIMING] EnhancedMel.transcribe: audio_to_gpu=0.4ms, features=0.6ms, model=16.4ms, decode=8.7ms | TOTAL=26.1ms for 3000ms audio (RTF=0.01x)
[TIMING] stream_chunk[experiment-7312110695774b65abb1c98b5894357f](live_neural): decode=0.3ms, inference=31.2ms, second_pass=0.0ms, contention=0.0ms, TOTAL=31.7ms | audio=600ms, RTF=0.05x | model=enhanced_mel, neural_total=30.7ms, model_inference=16.4ms
[TIMING] EnhancedMel.transcribe: audio_to_gpu=0.6ms, features=0.6ms, model=15.0ms, decode=7.2ms | TOTAL=23.4ms for 3000ms audio (RTF=0.01x)
[TIMING] stream_chunk[experiment-7312110695774b65abb1c98b5894357f](live_neural): decode=0.1ms, inference=25.9ms, second_pass=0.0ms, contention=0.0ms, TOTAL=26.3ms | audio=600ms, RTF=0.04x | model=enhanced_mel, neural_total=25.5ms, model_inference=15.0ms
[TIMING] EnhancedMel.transcribe: audio_to_gpu=0.3ms, features=0.6ms, model=15.9ms, decode=6.2ms | TOTAL=23.0ms for 3000ms audio (RTF=0.01x)
[TIMING] stream_chunk[experiment-7312110695774b65abb1c98b5894357f](live_neural): decode=0.2ms, inference=27.0ms, second_pass=0.0ms, contention=0.0ms, TOTAL=27.6ms | audio=600ms, RTF=0.05x | model=enhanced_mel, neural_total=26.5ms, model_inference=15.9ms
[TIMING] EnhancedMel.transcribe: audio_to_gpu=0.3ms, features=0.5ms, model=14.5ms, decode=10.1ms | TOTAL=25.3ms for 3000ms audio (RTF=0.01x)
[TIMING] stream_chunk[experiment-7312110695774b65abb1c98b5894357f](live_neural): decode=0.3ms, inference=28.1ms, second_pass=0.0ms, contention=0.0ms, TOTAL=28.7ms | audio=600ms, RTF=0.05x | model=enhanced_mel, neural_total=27.7ms, model_inference=14.5ms
[TIMING] EnhancedMel.transcribe: audio_to_gpu=0.3ms, features=4.3ms, model=21.8ms, decode=10.5ms | TOTAL=36.9ms for 3000ms audio (RTF=0.01x)
[TIMING] stream_chunk[experiment-7312110695774b65abb1c98b5894357f](live_neural): decode=0.2ms, inference=41.2ms, second_pass=0.0ms, contention=0.0ms, TOTAL=41.6ms | audio=600ms, RTF=0.07x | model=enhanced_mel, neural_total=40.7ms, model_inference=21.8ms
[TIMING] EnhancedMel.transcribe: audio_to_gpu=0.4ms, features=5.3ms, model=18.1ms, decode=7.8ms | TOTAL=31.6ms for 3000ms audio (RTF=0.01x)
[TIMING] stream_chunk[experiment-7312110695774b65abb1c98b5894357f](live_neural): decode=0.2ms, inference=37.1ms, second_pass=0.0ms, contention=0.0ms, TOTAL=37.6ms | audio=600ms, RTF=0.06x | model=enhanced_mel, neural_total=36.6ms, model_inference=18.1ms
[TIMING] EnhancedMel.transcribe: audio_to_gpu=2.9ms, features=0.8ms, model=14.7ms, decode=1.9ms | TOTAL=20.3ms for 600ms audio (RTF=0.03x)
[TIMING] stream_chunk[experiment-e4dbf5832af54b78a3ed6b97864cca82](live_neural): decode=0.2ms, inference=23.1ms, second_pass=0.0ms, contention=0.0ms, TOTAL=23.3ms | audio=600ms, RTF=0.04x | model=enhanced_mel, neural_total=22.5ms, model_inference=14.7ms
[TIMING] EnhancedMel.transcribe: audio_to_gpu=0.3ms, features=0.6ms, model=14.2ms, decode=5.8ms | TOTAL=20.9ms for 1200ms audio (RTF=0.02x)
[TIMING] stream_chunk[experiment-e4dbf5832af54b78a3ed6b97864cca82](live_neural): decode=0.1ms, inference=23.9ms, second_pass=0.0ms, contention=0.0ms, TOTAL=24.2ms | audio=600ms, RTF=0.04x | model=enhanced_mel, neural_total=23.3ms, model_inference=14.2ms
[TIMING] EnhancedMel.transcribe: audio_to_gpu=0.3ms, features=0.6ms, model=18.5ms, decode=4.8ms | TOTAL=24.2ms for 1800ms audio (RTF=0.01x)
[TIMING] stream_chunk[experiment-e4dbf5832af54b78a3ed6b97864cca82](live_neural): decode=0.3ms, inference=28.7ms, second_pass=0.0ms, contention=0.0ms, TOTAL=29.3ms | audio=600ms, RTF=0.05x | model=enhanced_mel, neural_total=28.2ms, model_inference=18.5ms
[TIMING] EnhancedMel.transcribe: audio_to_gpu=0.3ms, features=0.6ms, model=19.7ms, decode=8.1ms | TOTAL=28.7ms for 2400ms audio (RTF=0.01x)
[TIMING] stream_chunk[experiment-e4dbf5832af54b78a3ed6b97864cca82](live_neural): decode=0.1ms, inference=32.6ms, second_pass=0.0ms, contention=0.0ms, TOTAL=32.9ms | audio=600ms, RTF=0.05x | model=enhanced_mel, neural_total=32.1ms, model_inference=19.7ms
[TIMING] EnhancedMel.transcribe: audio_to_gpu=0.4ms, features=0.7ms, model=17.1ms, decode=8.9ms | TOTAL=27.1ms for 3000ms audio (RTF=0.01x)
[TIMING] stream_chunk[experiment-e4dbf5832af54b78a3ed6b97864cca82](live_neural): decode=0.3ms, inference=31.0ms, second_pass=0.0ms, contention=0.0ms, TOTAL=31.6ms | audio=600ms, RTF=0.05x | model=enhanced_mel, neural_total=30.5ms, model_inference=17.1ms
[TIMING] EnhancedMel.transcribe: audio_to_gpu=0.3ms, features=0.6ms, model=15.2ms, decode=10.1ms | TOTAL=26.2ms for 3000ms audio (RTF=0.01x)
[TIMING] stream_chunk[experiment-e4dbf5832af54b78a3ed6b97864cca82](live_neural): decode=0.5ms, inference=30.0ms, second_pass=0.0ms, contention=0.0ms, TOTAL=30.8ms | audio=600ms, RTF=0.05x | model=enhanced_mel, neural_total=29.4ms, model_inference=15.2ms
[TIMING] EnhancedMel.transcribe: audio_to_gpu=0.3ms, features=4.7ms, model=22.0ms, decode=8.1ms | TOTAL=35.1ms for 3000ms audio (RTF=0.01x)
[TIMING] stream_chunk[experiment-e4dbf5832af54b78a3ed6b97864cca82](live_neural): decode=0.2ms, inference=40.8ms, second_pass=0.0ms, contention=0.0ms, TOTAL=41.4ms | audio=600ms, RTF=0.07x | model=enhanced_mel, neural_total=40.1ms, model_inference=22.0ms
[TIMING] EnhancedMel.transcribe: audio_to_gpu=0.4ms, features=4.8ms, model=22.5ms, decode=13.0ms | TOTAL=40.7ms for 3000ms audio (RTF=0.01x)
[TIMING] stream_chunk[experiment-e4dbf5832af54b78a3ed6b97864cca82](live_neural): decode=0.4ms, inference=46.6ms, second_pass=0.0ms, contention=0.0ms, TOTAL=47.3ms | audio=600ms, RTF=0.08x | model=enhanced_mel, neural_total=45.9ms, model_inference=22.5ms
[TIMING] EnhancedMel.transcribe: audio_to_gpu=0.4ms, features=0.7ms, model=17.6ms, decode=5.7ms | TOTAL=24.4ms for 3000ms audio (RTF=0.01x)
[TIMING] stream_chunk[experiment-e4dbf5832af54b78a3ed6b97864cca82](live_neural): decode=0.2ms, inference=28.1ms, second_pass=0.0ms, contention=0.0ms, TOTAL=28.5ms | audio=600ms, RTF=0.05x | model=enhanced_mel, neural_total=27.6ms, model_inference=17.6ms
[TIMING] EnhancedMel.transcribe: audio_to_gpu=0.4ms, features=0.5ms, model=16.3ms, decode=7.8ms | TOTAL=25.0ms for 3000ms audio (RTF=0.01x)
[TIMING] stream_chunk[experiment-e4dbf5832af54b78a3ed6b97864cca82](live_neural): decode=0.1ms, inference=27.7ms, second_pass=0.0ms, contention=0.0ms, TOTAL=28.0ms | audio=600ms, RTF=0.05x | model=enhanced_mel, neural_total=27.3ms, model_inference=16.3ms

[CLIP_037] Jardins sous la pluie from Estampes
  excerpt: start=51.00s end=57.00s duration=6.00s gt_notes=95 rms=0.1381 peak=0.6274 crest=4.544 rms_std=0.0229
    control:
      note metrics: precision=0.912 recall=0.979 f1=0.944 matched=93/95 pred=102
      strict onset f1: 10ms=0.843 20ms=0.944 30ms=0.944
      timing metrics: offset_f1=0.914 rhythm_precision=0.968 note_value_acc=0.441 note_value_n=93 avg_beat_error=0.112
      duplicate metrics: duplicates=3 per_100_notes=2.94
      boundary metrics: gt=28 matched=26 missed=2 miss_rate=0.071
      latency: avg_chunk_ms=31.06 p95_chunk_ms=39.83 avg_rtf=0.052
      notation metrics: first_correct_ms=31.7 visible_p50_ms=345.7 visible_p95_ms=617.8 stabilize_p50_ms=1209.1 stabilize_p95_ms=1960.3 avg_revisions=0.83 matched=66 refined=66 snapshots=19
      algorithmic latency: first_correct_ms=8.3 visible_p50_ms=311.1 visible_p95_ms=581.7 stabilize_p50_ms=860.7 stabilize_p95_ms=1830.3
      final display note metrics: precision=0.939 recall=0.979 f1=0.959 matched=93/95 pred=99
      final display strict onset f1: 10ms=0.856 20ms=0.959 30ms=0.959
      final display timing: offset_f1=0.928 rhythm_precision=0.968 note_value_acc=0.280 note_value_n=93 avg_beat_error=0.139
      final display structure: cluster_f1=0.786 onset_align_recall=0.908 avg_jaccard=0.919 exact=57/76 pred=69 over=10 under=0 pitch_conflicts=2 missed_gt=7
      threshold profiles: hit_rate=0.000 thresholds=[0.55] profiles={'fixed_baseline': 10}
    treatment:
      note metrics: precision=0.886 recall=0.979 f1=0.930 matched=93/95 pred=105
      strict onset f1: 10ms=0.830 20ms=0.930 30ms=0.930
      timing metrics: offset_f1=0.900 rhythm_precision=0.968 note_value_acc=0.441 note_value_n=93 avg_beat_error=0.112
      duplicate metrics: duplicates=3 per_100_notes=2.86
      boundary metrics: gt=28 matched=26 missed=2 miss_rate=0.071
      latency: avg_chunk_ms=31.73 p95_chunk_ms=44.65 avg_rtf=0.053
      notation metrics: first_correct_ms=34.8 visible_p50_ms=346.0 visible_p95_ms=610.6 stabilize_p50_ms=1211.6 stabilize_p95_ms=2029.1 avg_revisions=0.86 matched=66 refined=66 snapshots=19
      algorithmic latency: first_correct_ms=8.3 visible_p50_ms=311.1 visible_p95_ms=581.7 stabilize_p50_ms=860.7 stabilize_p95_ms=1830.3
      final display note metrics: precision=0.912 recall=0.979 f1=0.944 matched=93/95 pred=102
      final display strict onset f1: 10ms=0.843 20ms=0.944 30ms=0.944
      final display timing: offset_f1=0.914 rhythm_precision=0.968 note_value_acc=0.290 note_value_n=93 avg_beat_error=0.138
      final display structure: cluster_f1=0.786 onset_align_recall=0.908 avg_jaccard=0.915 exact=57/76 pred=69 over=11 under=0 pitch_conflicts=1 missed_gt=7
      threshold profiles: hit_rate=1.000 thresholds=[0.46] profiles={'loud_dense_precision': 10}
    delta treatment-control: precision=-0.026 recall=+0.000 f1=-0.014 offset_f1=-0.014 note_value_acc=+0.000 dup_per_100=-0.08 boundary_miss_rate=+0.000 p95_chunk_ms=+4.82 f1_10ms=-0.013 f1_20ms=-0.014 f1_30ms=-0.014 visible_p50_ms=+0.3 stabilize_p50_ms=+2.5 algo_visible_p50_ms=+0.0 algo_stabilize_p50_ms=+0.0 avg_revisions=+0.03 display_note_f1=-0.015 display_offset_f1=-0.014 display_cluster_f1=+0.000 display_cluster_jaccard=-0.004
    failure buckets: ['boundary_miss_failure', 'high_revision_slow_stabilization', 'note_value_offset_failure']
      boundary diagnostics: missed=2 by_arm={'control': 2, 'treatment': 2} tags={'control_boundary_miss': 2, 'no_control_coarse_candidate': 2}
        miss: pitch=79 onset=1.185s boundary_delta_ms=-15.1 control_coarse=False treatment_coarse=False retro=n/a
        miss: pitch=68 onset=4.160s boundary_delta_ms=-39.8 control_coarse=False treatment_coarse=False retro=n/a
[TIMING] EnhancedMel.transcribe: audio_to_gpu=0.6ms, features=0.6ms, model=18.4ms, decode=3.0ms | TOTAL=22.7ms for 600ms audio (RTF=0.04x)
[TIMING] stream_chunk[experiment-03b179c4b30a4982bd2092602c13cd2e](live_neural): decode=0.2ms, inference=25.4ms, second_pass=0.0ms, contention=0.0ms, TOTAL=25.7ms | audio=600ms, RTF=0.04x | model=enhanced_mel, neural_total=24.7ms, model_inference=18.4ms
[TIMING] EnhancedMel.transcribe: audio_to_gpu=0.2ms, features=0.5ms, model=10.4ms, decode=2.3ms | TOTAL=13.4ms for 1200ms audio (RTF=0.01x)
[TIMING] stream_chunk[experiment-03b179c4b30a4982bd2092602c13cd2e](live_neural): decode=0.2ms, inference=15.4ms, second_pass=0.0ms, contention=0.0ms, TOTAL=15.8ms | audio=600ms, RTF=0.03x | model=enhanced_mel, neural_total=14.9ms, model_inference=10.4ms
[TIMING] EnhancedMel.transcribe: audio_to_gpu=0.3ms, features=1.0ms, model=15.8ms, decode=3.8ms | TOTAL=20.8ms for 1800ms audio (RTF=0.01x)
[TIMING] stream_chunk[experiment-03b179c4b30a4982bd2092602c13cd2e](live_neural): decode=0.1ms, inference=23.6ms, second_pass=0.0ms, contention=0.0ms, TOTAL=23.9ms | audio=600ms, RTF=0.04x | model=enhanced_mel, neural_total=23.3ms, model_inference=15.8ms
[TIMING] EnhancedMel.transcribe: audio_to_gpu=0.3ms, features=0.7ms, model=22.4ms, decode=10.5ms | TOTAL=33.9ms for 2400ms audio (RTF=0.01x)
[TIMING] stream_chunk[experiment-03b179c4b30a4982bd2092602c13cd2e](live_neural): decode=0.3ms, inference=39.1ms, second_pass=0.0ms, contention=0.0ms, TOTAL=39.5ms | audio=600ms, RTF=0.07x | model=enhanced_mel, neural_total=38.6ms, model_inference=22.4ms
[TIMING] EnhancedMel.transcribe: audio_to_gpu=0.3ms, features=0.7ms, model=16.8ms, decode=8.9ms | TOTAL=26.7ms for 3000ms audio (RTF=0.01x)
[TIMING] stream_chunk[experiment-03b179c4b30a4982bd2092602c13cd2e](live_neural): decode=0.2ms, inference=32.5ms, second_pass=0.0ms, contention=0.0ms, TOTAL=32.9ms | audio=600ms, RTF=0.05x | model=enhanced_mel, neural_total=31.8ms, model_inference=16.8ms
[TIMING] EnhancedMel.transcribe: audio_to_gpu=0.4ms, features=3.9ms, model=21.2ms, decode=11.2ms | TOTAL=36.7ms for 3000ms audio (RTF=0.01x)
[TIMING] stream_chunk[experiment-03b179c4b30a4982bd2092602c13cd2e](live_neural): decode=0.1ms, inference=40.4ms, second_pass=0.0ms, contention=0.0ms, TOTAL=40.8ms | audio=600ms, RTF=0.07x | model=enhanced_mel, neural_total=39.9ms, model_inference=21.2ms
[TIMING] EnhancedMel.transcribe: audio_to_gpu=0.4ms, features=4.8ms, model=17.3ms, decode=6.1ms | TOTAL=28.7ms for 3000ms audio (RTF=0.01x)
[TIMING] stream_chunk[experiment-03b179c4b30a4982bd2092602c13cd2e](live_neural): decode=0.2ms, inference=33.5ms, second_pass=0.0ms, contention=0.0ms, TOTAL=33.9ms | audio=600ms, RTF=0.06x | model=enhanced_mel, neural_total=33.0ms, model_inference=17.3ms
[TIMING] EnhancedMel.transcribe: audio_to_gpu=0.4ms, features=0.8ms, model=20.5ms, decode=7.9ms | TOTAL=29.6ms for 3000ms audio (RTF=0.01x)
[TIMING] stream_chunk[experiment-03b179c4b30a4982bd2092602c13cd2e](live_neural): decode=0.2ms, inference=35.7ms, second_pass=0.0ms, contention=0.0ms, TOTAL=36.2ms | audio=600ms, RTF=0.06x | model=enhanced_mel, neural_total=35.1ms, model_inference=20.5ms
[TIMING] EnhancedMel.transcribe: audio_to_gpu=0.3ms, features=0.8ms, model=17.4ms, decode=8.5ms | TOTAL=27.0ms for 3000ms audio (RTF=0.01x)
[TIMING] stream_chunk[experiment-03b179c4b30a4982bd2092602c13cd2e](live_neural): decode=0.2ms, inference=32.8ms, second_pass=0.0ms, contention=0.0ms, TOTAL=33.1ms | audio=600ms, RTF=0.06x | model=enhanced_mel, neural_total=32.1ms, model_inference=17.4ms
[TIMING] EnhancedMel.transcribe: audio_to_gpu=0.6ms, features=0.6ms, model=14.3ms, decode=8.2ms | TOTAL=23.8ms for 3000ms audio (RTF=0.01x)
[TIMING] stream_chunk[experiment-03b179c4b30a4982bd2092602c13cd2e](live_neural): decode=0.2ms, inference=27.9ms, second_pass=0.0ms, contention=0.0ms, TOTAL=28.3ms | audio=600ms, RTF=0.05x | model=enhanced_mel, neural_total=27.3ms, model_inference=14.3ms
[TIMING] EnhancedMel.transcribe: audio_to_gpu=3.4ms, features=0.7ms, model=15.6ms, decode=1.7ms | TOTAL=21.5ms for 600ms audio (RTF=0.04x)
[TIMING] stream_chunk[experiment-b3bf177706144213b511bf971c9b11b5](live_neural): decode=0.3ms, inference=25.2ms, second_pass=0.0ms, contention=0.0ms, TOTAL=25.6ms | audio=600ms, RTF=0.04x | model=enhanced_mel, neural_total=24.8ms, model_inference=15.6ms
[TIMING] EnhancedMel.transcribe: audio_to_gpu=0.1ms, features=0.4ms, model=20.8ms, decode=3.3ms | TOTAL=24.6ms for 1200ms audio (RTF=0.02x)
[TIMING] stream_chunk[experiment-b3bf177706144213b511bf971c9b11b5](live_neural): decode=0.2ms, inference=28.1ms, second_pass=0.0ms, contention=0.0ms, TOTAL=28.5ms | audio=600ms, RTF=0.05x | model=enhanced_mel, neural_total=27.6ms, model_inference=20.8ms
[TIMING] EnhancedMel.transcribe: audio_to_gpu=0.2ms, features=0.4ms, model=15.0ms, decode=5.5ms | TOTAL=21.1ms for 1800ms audio (RTF=0.01x)
[TIMING] stream_chunk[experiment-b3bf177706144213b511bf971c9b11b5](live_neural): decode=0.2ms, inference=24.0ms, second_pass=0.0ms, contention=0.0ms, TOTAL=24.2ms | audio=600ms, RTF=0.04x | model=enhanced_mel, neural_total=23.5ms, model_inference=15.0ms
[TIMING] EnhancedMel.transcribe: audio_to_gpu=0.2ms, features=0.5ms, model=16.8ms, decode=7.9ms | TOTAL=25.3ms for 2400ms audio (RTF=0.01x)
[TIMING] stream_chunk[experiment-b3bf177706144213b511bf971c9b11b5](live_neural): decode=0.2ms, inference=28.6ms, second_pass=0.0ms, contention=0.0ms, TOTAL=29.0ms | audio=600ms, RTF=0.05x | model=enhanced_mel, neural_total=28.1ms, model_inference=16.8ms
[TIMING] EnhancedMel.transcribe: audio_to_gpu=0.4ms, features=0.7ms, model=22.6ms, decode=10.1ms | TOTAL=33.7ms for 3000ms audio (RTF=0.01x)
[TIMING] stream_chunk[experiment-b3bf177706144213b511bf971c9b11b5](live_neural): decode=0.2ms, inference=38.8ms, second_pass=0.0ms, contention=0.0ms, TOTAL=39.2ms | audio=600ms, RTF=0.07x | model=enhanced_mel, neural_total=38.2ms, model_inference=22.6ms
[TIMING] EnhancedMel.transcribe: audio_to_gpu=0.4ms, features=2.0ms, model=20.0ms, decode=5.5ms | TOTAL=27.9ms for 3000ms audio (RTF=0.01x)
[TIMING] stream_chunk[experiment-b3bf177706144213b511bf971c9b11b5](live_neural): decode=0.2ms, inference=33.1ms, second_pass=0.0ms, contention=0.0ms, TOTAL=33.5ms | audio=600ms, RTF=0.06x | model=enhanced_mel, neural_total=32.7ms, model_inference=20.0ms
[TIMING] EnhancedMel.transcribe: audio_to_gpu=0.3ms, features=1.3ms, model=21.9ms, decode=9.1ms | TOTAL=32.6ms for 3000ms audio (RTF=0.01x)
[TIMING] stream_chunk[experiment-b3bf177706144213b511bf971c9b11b5](live_neural): decode=0.3ms, inference=36.4ms, second_pass=0.0ms, contention=0.0ms, TOTAL=37.0ms | audio=600ms, RTF=0.06x | model=enhanced_mel, neural_total=35.8ms, model_inference=21.9ms
[TIMING] EnhancedMel.transcribe: audio_to_gpu=0.3ms, features=0.9ms, model=16.9ms, decode=7.1ms | TOTAL=25.3ms for 3000ms audio (RTF=0.01x)
[TIMING] stream_chunk[experiment-b3bf177706144213b511bf971c9b11b5](live_neural): decode=0.3ms, inference=29.4ms, second_pass=0.0ms, contention=0.0ms, TOTAL=30.0ms | audio=600ms, RTF=0.05x | model=enhanced_mel, neural_total=28.8ms, model_inference=16.9ms
[TIMING] EnhancedMel.transcribe: audio_to_gpu=0.3ms, features=1.1ms, model=17.8ms, decode=8.8ms | TOTAL=28.0ms for 3000ms audio (RTF=0.01x)
[TIMING] stream_chunk[experiment-b3bf177706144213b511bf971c9b11b5](live_neural): decode=0.1ms, inference=31.9ms, second_pass=0.0ms, contention=0.0ms, TOTAL=32.3ms | audio=600ms, RTF=0.05x | model=enhanced_mel, neural_total=31.4ms, model_inference=17.8ms
[TIMING] EnhancedMel.transcribe: audio_to_gpu=0.3ms, features=2.8ms, model=15.4ms, decode=7.9ms | TOTAL=26.4ms for 3000ms audio (RTF=0.01x)
[TIMING] stream_chunk[experiment-b3bf177706144213b511bf971c9b11b5](live_neural): decode=0.2ms, inference=29.9ms, second_pass=0.0ms, contention=0.0ms, TOTAL=30.3ms | audio=600ms, RTF=0.05x | model=enhanced_mel, neural_total=29.5ms, model_inference=15.4ms

[CLIP_038] Sonata in D Major, K. 118
  excerpt: start=42.00s end=48.00s duration=6.00s gt_notes=81 rms=0.0337 peak=0.1839 crest=5.448 rms_std=0.0097
    control:
      note metrics: precision=0.920 recall=1.000 f1=0.959 matched=81/81 pred=88
      strict onset f1: 10ms=0.805 20ms=0.947 30ms=0.959
      timing metrics: offset_f1=0.959 rhythm_precision=1.000 note_value_acc=0.370 note_value_n=81 avg_beat_error=0.079
      duplicate metrics: duplicates=1 per_100_notes=1.14
      boundary metrics: gt=25 matched=25 missed=0 miss_rate=0.000
      latency: avg_chunk_ms=31.00 p95_chunk_ms=40.22 avg_rtf=0.052
      notation metrics: first_correct_ms=48.4 visible_p50_ms=342.7 visible_p95_ms=621.4 stabilize_p50_ms=1552.1 stabilize_p95_ms=2131.9 avg_revisions=1.77 matched=48 refined=48 snapshots=21
      algorithmic latency: first_correct_ms=12.2 visible_p50_ms=310.9 visible_p95_ms=588.9 stabilize_p50_ms=995.4 stabilize_p95_ms=1581.5
      final display note metrics: precision=0.952 recall=0.988 f1=0.970 matched=80/81 pred=84
      final display strict onset f1: 10ms=0.824 20ms=0.970 30ms=0.970
      final display timing: offset_f1=0.970 rhythm_precision=1.000 note_value_acc=0.500 note_value_n=80 avg_beat_error=0.075
      final display structure: cluster_f1=0.929 onset_align_recall=1.000 avg_jaccard=0.979 exact=52/55 pred=57 over=2 under=1 pitch_conflicts=0 missed_gt=0
      threshold profiles: hit_rate=0.000 thresholds=[0.55] profiles={'fixed_baseline': 10}
    treatment:
      note metrics: precision=0.920 recall=1.000 f1=0.959 matched=81/81 pred=88
      strict onset f1: 10ms=0.805 20ms=0.947 30ms=0.959
      timing metrics: offset_f1=0.959 rhythm_precision=1.000 note_value_acc=0.370 note_value_n=81 avg_beat_error=0.079
      duplicate metrics: duplicates=1 per_100_notes=1.14
      boundary metrics: gt=25 matched=25 missed=0 miss_rate=0.000
      latency: avg_chunk_ms=30.96 p95_chunk_ms=38.21 avg_rtf=0.052
      notation metrics: first_correct_ms=42.3 visible_p50_ms=342.1 visible_p95_ms=617.4 stabilize_p50_ms=1553.5 stabilize_p95_ms=2123.3 avg_revisions=1.77 matched=48 refined=48 snapshots=21
      algorithmic latency: first_correct_ms=12.2 visible_p50_ms=310.9 visible_p95_ms=588.9 stabilize_p50_ms=995.4 stabilize_p95_ms=1581.5
      final display note metrics: precision=0.952 recall=0.988 f1=0.970 matched=80/81 pred=84
      final display strict onset f1: 10ms=0.824 20ms=0.970 30ms=0.970
      final display timing: offset_f1=0.970 rhythm_precision=1.000 note_value_acc=0.500 note_value_n=80 avg_beat_error=0.075
      final display structure: cluster_f1=0.929 onset_align_recall=1.000 avg_jaccard=0.979 exact=52/55 pred=57 over=2 under=1 pitch_conflicts=0 missed_gt=0
      threshold profiles: hit_rate=0.000 thresholds=[0.55] profiles={'baseline_nominal': 10}
    delta treatment-control: precision=+0.000 recall=+0.000 f1=+0.000 offset_f1=+0.000 note_value_acc=+0.000 dup_per_100=+0.00 boundary_miss_rate=+0.000 p95_chunk_ms=-2.01 f1_10ms=+0.000 f1_20ms=+0.000 f1_30ms=+0.000 visible_p50_ms=-0.6 stabilize_p50_ms=+1.4 algo_visible_p50_ms=+0.0 algo_stabilize_p50_ms=+0.0 avg_revisions=+0.00 display_note_f1=+0.000 display_offset_f1=+0.000 display_cluster_f1=+0.000 display_cluster_jaccard=+0.000
    failure buckets: ['runtime_only_win', 'high_revision_slow_stabilization', 'note_value_offset_failure']
[TIMING] EnhancedMel.transcribe: audio_to_gpu=0.4ms, features=0.6ms, model=14.6ms, decode=1.8ms | TOTAL=17.4ms for 600ms audio (RTF=0.03x)
[TIMING] stream_chunk[experiment-1d69858f923649b1bdb572c75d3b582f](live_neural): decode=0.3ms, inference=20.2ms, second_pass=0.0ms, contention=0.0ms, TOTAL=20.5ms | audio=600ms, RTF=0.03x | model=enhanced_mel, neural_total=19.7ms, model_inference=14.6ms
[TIMING] EnhancedMel.transcribe: audio_to_gpu=0.2ms, features=0.4ms, model=13.6ms, decode=3.2ms | TOTAL=17.4ms for 1200ms audio (RTF=0.01x)
[TIMING] stream_chunk[experiment-1d69858f923649b1bdb572c75d3b582f](live_neural): decode=0.2ms, inference=20.2ms, second_pass=0.0ms, contention=0.0ms, TOTAL=20.5ms | audio=600ms, RTF=0.03x | model=enhanced_mel, neural_total=19.6ms, model_inference=13.6ms
[TIMING] EnhancedMel.transcribe: audio_to_gpu=0.3ms, features=0.7ms, model=15.8ms, decode=3.6ms | TOTAL=20.4ms for 1800ms audio (RTF=0.01x)
[TIMING] stream_chunk[experiment-1d69858f923649b1bdb572c75d3b582f](live_neural): decode=0.1ms, inference=25.5ms, second_pass=0.0ms, contention=0.0ms, TOTAL=25.8ms | audio=600ms, RTF=0.04x | model=enhanced_mel, neural_total=24.5ms, model_inference=15.8ms
[TIMING] EnhancedMel.transcribe: audio_to_gpu=0.2ms, features=0.5ms, model=16.1ms, decode=6.0ms | TOTAL=22.8ms for 2400ms audio (RTF=0.01x)
[TIMING] stream_chunk[experiment-1d69858f923649b1bdb572c75d3b582f](live_neural): decode=0.2ms, inference=26.6ms, second_pass=0.0ms, contention=0.0ms, TOTAL=27.0ms | audio=600ms, RTF=0.05x | model=enhanced_mel, neural_total=26.1ms, model_inference=16.1ms
[TIMING] EnhancedMel.transcribe: audio_to_gpu=0.2ms, features=0.5ms, model=14.1ms, decode=8.2ms | TOTAL=23.1ms for 3000ms audio (RTF=0.01x)
[TIMING] stream_chunk[experiment-1d69858f923649b1bdb572c75d3b582f](live_neural): decode=0.2ms, inference=27.6ms, second_pass=0.0ms, contention=0.0ms, TOTAL=27.9ms | audio=600ms, RTF=0.05x | model=enhanced_mel, neural_total=26.9ms, model_inference=14.1ms
[TIMING] EnhancedMel.transcribe: audio_to_gpu=0.4ms, features=0.6ms, model=16.4ms, decode=7.5ms | TOTAL=24.9ms for 3000ms audio (RTF=0.01x)
[TIMING] stream_chunk[experiment-1d69858f923649b1bdb572c75d3b582f](live_neural): decode=0.2ms, inference=27.3ms, second_pass=0.0ms, contention=0.0ms, TOTAL=27.7ms | audio=600ms, RTF=0.05x | model=enhanced_mel, neural_total=26.9ms, model_inference=16.4ms
[TIMING] EnhancedMel.transcribe: audio_to_gpu=0.3ms, features=0.5ms, model=13.4ms, decode=7.2ms | TOTAL=21.4ms for 3000ms audio (RTF=0.01x)
[TIMING] stream_chunk[experiment-1d69858f923649b1bdb572c75d3b582f](live_neural): decode=0.2ms, inference=23.8ms, second_pass=0.0ms, contention=0.0ms, TOTAL=24.1ms | audio=600ms, RTF=0.04x | model=enhanced_mel, neural_total=23.3ms, model_inference=13.4ms
[TIMING] EnhancedMel.transcribe: audio_to_gpu=0.3ms, features=0.6ms, model=15.9ms, decode=6.8ms | TOTAL=23.6ms for 3000ms audio (RTF=0.01x)
[TIMING] stream_chunk[experiment-1d69858f923649b1bdb572c75d3b582f](live_neural): decode=0.2ms, inference=26.5ms, second_pass=0.0ms, contention=0.0ms, TOTAL=26.8ms | audio=600ms, RTF=0.04x | model=enhanced_mel, neural_total=26.1ms, model_inference=15.9ms
[TIMING] EnhancedMel.transcribe: audio_to_gpu=0.3ms, features=2.7ms, model=15.3ms, decode=7.4ms | TOTAL=25.7ms for 3000ms audio (RTF=0.01x)
[TIMING] stream_chunk[experiment-1d69858f923649b1bdb572c75d3b582f](live_neural): decode=0.3ms, inference=29.2ms, second_pass=0.0ms, contention=0.0ms, TOTAL=29.8ms | audio=600ms, RTF=0.05x | model=enhanced_mel, neural_total=28.7ms, model_inference=15.3ms
[TIMING] EnhancedMel.transcribe: audio_to_gpu=0.5ms, features=0.6ms, model=14.2ms, decode=7.5ms | TOTAL=22.7ms for 3000ms audio (RTF=0.01x)
[TIMING] stream_chunk[experiment-1d69858f923649b1bdb572c75d3b582f](live_neural): decode=0.2ms, inference=26.4ms, second_pass=0.0ms, contention=0.0ms, TOTAL=26.8ms | audio=600ms, RTF=0.04x | model=enhanced_mel, neural_total=25.8ms, model_inference=14.2ms
[TIMING] EnhancedMel.transcribe: audio_to_gpu=3.4ms, features=0.6ms, model=12.9ms, decode=2.8ms | TOTAL=19.7ms for 600ms audio (RTF=0.03x)
[TIMING] stream_chunk[experiment-cea78e103e3d4c938032c08a34da1606](live_neural): decode=0.2ms, inference=22.2ms, second_pass=0.0ms, contention=0.0ms, TOTAL=22.5ms | audio=600ms, RTF=0.04x | model=enhanced_mel, neural_total=21.7ms, model_inference=12.9ms
[TIMING] EnhancedMel.transcribe: audio_to_gpu=0.2ms, features=0.5ms, model=14.1ms, decode=3.2ms | TOTAL=18.0ms for 1200ms audio (RTF=0.01x)
[TIMING] stream_chunk[experiment-cea78e103e3d4c938032c08a34da1606](live_neural): decode=0.3ms, inference=20.5ms, second_pass=0.0ms, contention=0.0ms, TOTAL=21.0ms | audio=600ms, RTF=0.03x | model=enhanced_mel, neural_total=20.1ms, model_inference=14.1ms
[TIMING] EnhancedMel.transcribe: audio_to_gpu=0.2ms, features=0.4ms, model=15.6ms, decode=6.2ms | TOTAL=22.3ms for 1800ms audio (RTF=0.01x)
[TIMING] stream_chunk[experiment-cea78e103e3d4c938032c08a34da1606](live_neural): decode=0.1ms, inference=25.4ms, second_pass=0.0ms, contention=0.0ms, TOTAL=25.6ms | audio=600ms, RTF=0.04x | model=enhanced_mel, neural_total=24.9ms, model_inference=15.6ms
[TIMING] EnhancedMel.transcribe: audio_to_gpu=0.2ms, features=0.4ms, model=14.5ms, decode=7.9ms | TOTAL=23.1ms for 2400ms audio (RTF=0.01x)
[TIMING] stream_chunk[experiment-cea78e103e3d4c938032c08a34da1606](live_neural): decode=0.2ms, inference=26.0ms, second_pass=0.0ms, contention=0.0ms, TOTAL=26.3ms | audio=600ms, RTF=0.04x | model=enhanced_mel, neural_total=25.6ms, model_inference=14.5ms
[TIMING] EnhancedMel.transcribe: audio_to_gpu=0.2ms, features=5.6ms, model=18.8ms, decode=9.0ms | TOTAL=33.6ms for 3000ms audio (RTF=0.01x)
[TIMING] stream_chunk[experiment-cea78e103e3d4c938032c08a34da1606](live_neural): decode=0.2ms, inference=39.0ms, second_pass=0.0ms, contention=0.0ms, TOTAL=39.3ms | audio=600ms, RTF=0.07x | model=enhanced_mel, neural_total=38.5ms, model_inference=18.8ms
[TIMING] EnhancedMel.transcribe: audio_to_gpu=0.3ms, features=0.6ms, model=23.3ms, decode=8.7ms | TOTAL=32.9ms for 3000ms audio (RTF=0.01x)
[TIMING] stream_chunk[experiment-cea78e103e3d4c938032c08a34da1606](live_neural): decode=0.1ms, inference=35.2ms, second_pass=0.0ms, contention=0.0ms, TOTAL=35.5ms | audio=600ms, RTF=0.06x | model=enhanced_mel, neural_total=34.8ms, model_inference=23.3ms
[TIMING] EnhancedMel.transcribe: audio_to_gpu=0.3ms, features=2.3ms, model=15.9ms, decode=11.0ms | TOTAL=29.6ms for 3000ms audio (RTF=0.01x)
[TIMING] stream_chunk[experiment-cea78e103e3d4c938032c08a34da1606](live_neural): decode=0.2ms, inference=34.7ms, second_pass=0.0ms, contention=0.0ms, TOTAL=35.1ms | audio=600ms, RTF=0.06x | model=enhanced_mel, neural_total=34.2ms, model_inference=15.9ms
[TIMING] EnhancedMel.transcribe: audio_to_gpu=0.3ms, features=0.7ms, model=15.9ms, decode=5.4ms | TOTAL=22.3ms for 3000ms audio (RTF=0.01x)
[TIMING] stream_chunk[experiment-cea78e103e3d4c938032c08a34da1606](live_neural): decode=0.3ms, inference=26.2ms, second_pass=0.0ms, contention=0.0ms, TOTAL=26.7ms | audio=600ms, RTF=0.04x | model=enhanced_mel, neural_total=25.7ms, model_inference=15.9ms
[TIMING] EnhancedMel.transcribe: audio_to_gpu=0.4ms, features=0.7ms, model=16.6ms, decode=7.5ms | TOTAL=25.1ms for 3000ms audio (RTF=0.01x)
[TIMING] stream_chunk[experiment-cea78e103e3d4c938032c08a34da1606](live_neural): decode=0.2ms, inference=28.8ms, second_pass=0.0ms, contention=0.0ms, TOTAL=29.2ms | audio=600ms, RTF=0.05x | model=enhanced_mel, neural_total=28.3ms, model_inference=16.6ms
[TIMING] EnhancedMel.transcribe: audio_to_gpu=0.4ms, features=0.9ms, model=23.4ms, decode=12.0ms | TOTAL=36.6ms for 3000ms audio (RTF=0.01x)
[TIMING] stream_chunk[experiment-cea78e103e3d4c938032c08a34da1606](live_neural): decode=0.2ms, inference=41.3ms, second_pass=0.0ms, contention=0.0ms, TOTAL=41.7ms | audio=600ms, RTF=0.07x | model=enhanced_mel, neural_total=40.6ms, model_inference=23.4ms

[CLIP_039] Sonata, K239
  excerpt: start=81.00s end=87.00s duration=6.00s gt_notes=64 rms=0.1164 peak=0.7610 crest=6.536 rms_std=0.0496
    control:
      note metrics: precision=0.928 recall=1.000 f1=0.962 matched=64/64 pred=69
      strict onset f1: 10ms=0.752 20ms=0.962 30ms=0.962
      timing metrics: offset_f1=0.722 rhythm_precision=0.750 note_value_acc=0.359 note_value_n=64 avg_beat_error=0.204
      duplicate metrics: duplicates=0 per_100_notes=0.00
      boundary metrics: gt=22 matched=22 missed=0 miss_rate=0.000
      latency: avg_chunk_ms=25.69 p95_chunk_ms=28.94 avg_rtf=0.043
      notation metrics: first_correct_ms=72.6 visible_p50_ms=238.8 visible_p95_ms=535.1 stabilize_p50_ms=929.2 stabilize_p95_ms=1493.0 avg_revisions=1.15 matched=20 refined=20 snapshots=20
      algorithmic latency: first_correct_ms=45.8 visible_p50_ms=210.4 visible_p95_ms=507.2 stabilize_p50_ms=525.5 stabilize_p95_ms=1376.4
      final display note metrics: precision=0.928 recall=1.000 f1=0.962 matched=64/64 pred=69
      final display strict onset f1: 10ms=0.752 20ms=0.962 30ms=0.962
      final display timing: offset_f1=0.722 rhythm_precision=0.750 note_value_acc=0.438 note_value_n=64 avg_beat_error=0.256
      final display structure: cluster_f1=0.899 onset_align_recall=1.000 avg_jaccard=0.986 exact=31/33 pred=36 over=2 under=0 pitch_conflicts=0 missed_gt=0
      threshold profiles: hit_rate=0.000 thresholds=[0.55] profiles={'fixed_baseline': 10}
    treatment:
      note metrics: precision=0.914 recall=1.000 f1=0.955 matched=64/64 pred=70
      strict onset f1: 10ms=0.746 20ms=0.955 30ms=0.955
      timing metrics: offset_f1=0.716 rhythm_precision=0.750 note_value_acc=0.359 note_value_n=64 avg_beat_error=0.204
      duplicate metrics: duplicates=0 per_100_notes=0.00
      boundary metrics: gt=22 matched=22 missed=0 miss_rate=0.000
      latency: avg_chunk_ms=30.29 p95_chunk_ms=40.62 avg_rtf=0.051
      notation metrics: first_correct_ms=72.5 visible_p50_ms=238.2 visible_p95_ms=545.9 stabilize_p50_ms=928.8 stabilize_p95_ms=1493.3 avg_revisions=1.15 matched=20 refined=20 snapshots=20
      algorithmic latency: first_correct_ms=45.8 visible_p50_ms=210.4 visible_p95_ms=507.2 stabilize_p50_ms=525.5 stabilize_p95_ms=1376.4
      final display note metrics: precision=0.914 recall=1.000 f1=0.955 matched=64/64 pred=70
      final display strict onset f1: 10ms=0.746 20ms=0.955 30ms=0.955
      final display timing: offset_f1=0.716 rhythm_precision=0.750 note_value_acc=0.438 note_value_n=64 avg_beat_error=0.256
      final display structure: cluster_f1=0.870 onset_align_recall=1.000 avg_jaccard=0.971 exact=30/33 pred=36 over=3 under=0 pitch_conflicts=0 missed_gt=0
      threshold profiles: hit_rate=0.400 thresholds=[0.46, 0.55] profiles={'baseline_nominal': 6, 'loud_dense_precision': 4}
    delta treatment-control: precision=-0.013 recall=+0.000 f1=-0.007 offset_f1=-0.005 note_value_acc=+0.000 dup_per_100=+0.00 boundary_miss_rate=+0.000 p95_chunk_ms=+11.68 f1_10ms=-0.006 f1_20ms=-0.007 f1_30ms=-0.007 visible_p50_ms=-0.6 stabilize_p50_ms=-0.4 algo_visible_p50_ms=+0.0 algo_stabilize_p50_ms=+0.0 avg_revisions=+0.00 display_note_f1=-0.007 display_offset_f1=-0.005 display_cluster_f1=-0.029 display_cluster_jaccard=-0.015
    failure buckets: ['note_value_offset_failure']
[TIMING] EnhancedMel.transcribe: audio_to_gpu=0.4ms, features=0.6ms, model=15.4ms, decode=1.9ms | TOTAL=18.4ms for 600ms audio (RTF=0.03x)
[TIMING] stream_chunk[experiment-2fc3cf7d0dbb41e89e8ea2f23c440c94](live_neural): decode=0.2ms, inference=21.1ms, second_pass=0.0ms, contention=0.0ms, TOTAL=21.4ms | audio=600ms, RTF=0.04x | model=enhanced_mel, neural_total=20.6ms, model_inference=15.4ms
[TIMING] EnhancedMel.transcribe: audio_to_gpu=0.3ms, features=0.6ms, model=13.8ms, decode=3.2ms | TOTAL=17.9ms for 1200ms audio (RTF=0.01x)
[TIMING] stream_chunk[experiment-2fc3cf7d0dbb41e89e8ea2f23c440c94](live_neural): decode=0.2ms, inference=20.7ms, second_pass=0.0ms, contention=0.0ms, TOTAL=21.0ms | audio=600ms, RTF=0.04x | model=enhanced_mel, neural_total=20.2ms, model_inference=13.8ms
[TIMING] EnhancedMel.transcribe: audio_to_gpu=0.2ms, features=0.6ms, model=21.2ms, decode=7.0ms | TOTAL=29.1ms for 1800ms audio (RTF=0.02x)
[TIMING] stream_chunk[experiment-2fc3cf7d0dbb41e89e8ea2f23c440c94](live_neural): decode=0.2ms, inference=33.5ms, second_pass=0.0ms, contention=0.0ms, TOTAL=33.9ms | audio=600ms, RTF=0.06x | model=enhanced_mel, neural_total=33.1ms, model_inference=21.2ms
[TIMING] EnhancedMel.transcribe: audio_to_gpu=0.3ms, features=0.6ms, model=18.2ms, decode=10.3ms | TOTAL=29.5ms for 2400ms audio (RTF=0.01x)
[TIMING] stream_chunk[experiment-2fc3cf7d0dbb41e89e8ea2f23c440c94](live_neural): decode=0.3ms, inference=33.7ms, second_pass=0.0ms, contention=0.0ms, TOTAL=34.2ms | audio=600ms, RTF=0.06x | model=enhanced_mel, neural_total=33.2ms, model_inference=18.2ms
[TIMING] EnhancedMel.transcribe: audio_to_gpu=0.3ms, features=0.7ms, model=20.4ms, decode=6.6ms | TOTAL=27.9ms for 3000ms audio (RTF=0.01x)
[TIMING] stream_chunk[experiment-2fc3cf7d0dbb41e89e8ea2f23c440c94](live_neural): decode=0.2ms, inference=33.3ms, second_pass=0.0ms, contention=0.0ms, TOTAL=33.7ms | audio=600ms, RTF=0.06x | model=enhanced_mel, neural_total=32.9ms, model_inference=20.4ms
[TIMING] EnhancedMel.transcribe: audio_to_gpu=0.3ms, features=0.5ms, model=13.8ms, decode=6.3ms | TOTAL=20.8ms for 3000ms audio (RTF=0.01x)
[TIMING] stream_chunk[experiment-2fc3cf7d0dbb41e89e8ea2f23c440c94](live_neural): decode=0.2ms, inference=23.5ms, second_pass=0.0ms, contention=0.0ms, TOTAL=23.9ms | audio=600ms, RTF=0.04x | model=enhanced_mel, neural_total=22.9ms, model_inference=13.8ms
[TIMING] EnhancedMel.transcribe: audio_to_gpu=0.4ms, features=5.1ms, model=18.4ms, decode=6.6ms | TOTAL=30.5ms for 3000ms audio (RTF=0.01x)
[TIMING] stream_chunk[experiment-2fc3cf7d0dbb41e89e8ea2f23c440c94](live_neural): decode=0.1ms, inference=33.9ms, second_pass=0.0ms, contention=0.0ms, TOTAL=34.1ms | audio=600ms, RTF=0.06x | model=enhanced_mel, neural_total=33.5ms, model_inference=18.4ms
[TIMING] EnhancedMel.transcribe: audio_to_gpu=0.2ms, features=2.7ms, model=13.6ms, decode=6.0ms | TOTAL=22.5ms for 3000ms audio (RTF=0.01x)
[TIMING] stream_chunk[experiment-2fc3cf7d0dbb41e89e8ea2f23c440c94](live_neural): decode=0.2ms, inference=25.2ms, second_pass=0.0ms, contention=0.0ms, TOTAL=25.5ms | audio=600ms, RTF=0.04x | model=enhanced_mel, neural_total=24.8ms, model_inference=13.6ms
[TIMING] EnhancedMel.transcribe: audio_to_gpu=0.4ms, features=0.8ms, model=22.7ms, decode=8.7ms | TOTAL=32.6ms for 3000ms audio (RTF=0.01x)
[TIMING] stream_chunk[experiment-2fc3cf7d0dbb41e89e8ea2f23c440c94](live_neural): decode=0.2ms, inference=36.9ms, second_pass=0.0ms, contention=0.0ms, TOTAL=37.3ms | audio=600ms, RTF=0.06x | model=enhanced_mel, neural_total=36.4ms, model_inference=22.7ms
[TIMING] EnhancedMel.transcribe: audio_to_gpu=0.4ms, features=0.6ms, model=17.4ms, decode=10.5ms | TOTAL=28.8ms for 3000ms audio (RTF=0.01x)
[TIMING] stream_chunk[experiment-2fc3cf7d0dbb41e89e8ea2f23c440c94](live_neural): decode=0.2ms, inference=33.2ms, second_pass=0.0ms, contention=0.0ms, TOTAL=33.6ms | audio=600ms, RTF=0.06x | model=enhanced_mel, neural_total=32.5ms, model_inference=17.4ms
[TIMING] EnhancedMel.transcribe: audio_to_gpu=0.5ms, features=0.6ms, model=15.3ms, decode=1.9ms | TOTAL=18.3ms for 600ms audio (RTF=0.03x)
[TIMING] stream_chunk[experiment-50abd688ef51459284ba0352861b3af1](live_neural): decode=0.3ms, inference=20.8ms, second_pass=0.0ms, contention=0.0ms, TOTAL=21.2ms | audio=600ms, RTF=0.04x | model=enhanced_mel, neural_total=20.3ms, model_inference=15.3ms
[TIMING] EnhancedMel.transcribe: audio_to_gpu=0.1ms, features=0.4ms, model=14.5ms, decode=4.3ms | TOTAL=19.3ms for 1200ms audio (RTF=0.02x)
[TIMING] stream_chunk[experiment-50abd688ef51459284ba0352861b3af1](live_neural): decode=0.3ms, inference=22.0ms, second_pass=0.0ms, contention=0.0ms, TOTAL=22.4ms | audio=600ms, RTF=0.04x | model=enhanced_mel, neural_total=21.5ms, model_inference=14.5ms
[TIMING] EnhancedMel.transcribe: audio_to_gpu=0.3ms, features=0.5ms, model=14.8ms, decode=4.7ms | TOTAL=20.3ms for 1800ms audio (RTF=0.01x)
[TIMING] stream_chunk[experiment-50abd688ef51459284ba0352861b3af1](live_neural): decode=0.3ms, inference=23.9ms, second_pass=0.0ms, contention=0.0ms, TOTAL=24.5ms | audio=600ms, RTF=0.04x | model=enhanced_mel, neural_total=23.5ms, model_inference=14.8ms
[TIMING] EnhancedMel.transcribe: audio_to_gpu=0.4ms, features=1.0ms, model=15.0ms, decode=6.1ms | TOTAL=22.5ms for 2400ms audio (RTF=0.01x)
[TIMING] stream_chunk[experiment-50abd688ef51459284ba0352861b3af1](live_neural): decode=0.2ms, inference=26.7ms, second_pass=0.0ms, contention=0.0ms, TOTAL=27.0ms | audio=600ms, RTF=0.05x | model=enhanced_mel, neural_total=25.4ms, model_inference=15.0ms
[TIMING] EnhancedMel.transcribe: audio_to_gpu=0.2ms, features=0.6ms, model=20.5ms, decode=5.8ms | TOTAL=27.2ms for 3000ms audio (RTF=0.01x)
[TIMING] stream_chunk[experiment-50abd688ef51459284ba0352861b3af1](live_neural): decode=0.2ms, inference=32.4ms, second_pass=0.0ms, contention=0.0ms, TOTAL=32.9ms | audio=600ms, RTF=0.05x | model=enhanced_mel, neural_total=31.9ms, model_inference=20.5ms
[TIMING] EnhancedMel.transcribe: audio_to_gpu=0.4ms, features=0.8ms, model=16.2ms, decode=13.1ms | TOTAL=30.5ms for 3000ms audio (RTF=0.01x)
[TIMING] stream_chunk[experiment-50abd688ef51459284ba0352861b3af1](live_neural): decode=0.2ms, inference=34.7ms, second_pass=0.0ms, contention=0.0ms, TOTAL=35.2ms | audio=600ms, RTF=0.06x | model=enhanced_mel, neural_total=34.0ms, model_inference=16.2ms
[TIMING] EnhancedMel.transcribe: audio_to_gpu=0.7ms, features=0.7ms, model=17.7ms, decode=8.8ms | TOTAL=27.9ms for 3000ms audio (RTF=0.01x)
[TIMING] stream_chunk[experiment-50abd688ef51459284ba0352861b3af1](live_neural): decode=0.3ms, inference=33.3ms, second_pass=0.0ms, contention=0.0ms, TOTAL=33.8ms | audio=600ms, RTF=0.06x | model=enhanced_mel, neural_total=32.7ms, model_inference=17.7ms
[TIMING] EnhancedMel.transcribe: audio_to_gpu=0.3ms, features=0.6ms, model=15.2ms, decode=7.9ms | TOTAL=24.0ms for 3000ms audio (RTF=0.01x)
[TIMING] stream_chunk[experiment-50abd688ef51459284ba0352861b3af1](live_neural): decode=0.3ms, inference=29.4ms, second_pass=0.0ms, contention=0.0ms, TOTAL=30.0ms | audio=600ms, RTF=0.05x | model=enhanced_mel, neural_total=28.9ms, model_inference=15.2ms
[TIMING] EnhancedMel.transcribe: audio_to_gpu=0.4ms, features=0.8ms, model=21.1ms, decode=9.8ms | TOTAL=32.1ms for 3000ms audio (RTF=0.01x)
[TIMING] stream_chunk[experiment-50abd688ef51459284ba0352861b3af1](live_neural): decode=0.1ms, inference=34.7ms, second_pass=0.0ms, contention=0.0ms, TOTAL=35.1ms | audio=600ms, RTF=0.06x | model=enhanced_mel, neural_total=34.2ms, model_inference=21.1ms
[TIMING] EnhancedMel.transcribe: audio_to_gpu=0.6ms, features=1.9ms, model=17.6ms, decode=8.4ms | TOTAL=28.6ms for 3000ms audio (RTF=0.01x)
[TIMING] stream_chunk[experiment-50abd688ef51459284ba0352861b3af1](live_neural): decode=0.3ms, inference=32.8ms, second_pass=0.0ms, contention=0.0ms, TOTAL=33.4ms | audio=600ms, RTF=0.06x | model=enhanced_mel, neural_total=32.2ms, model_inference=17.6ms

[CLIP_040] Sonata K. 525
  excerpt: start=27.00s end=33.00s duration=6.00s gt_notes=95 rms=0.0558 peak=0.3398 crest=6.085 rms_std=0.0188
    control:
      note metrics: precision=0.853 recall=0.916 f1=0.883 matched=87/95 pred=102
      strict onset f1: 10ms=0.731 20ms=0.863 30ms=0.883
      timing metrics: offset_f1=0.761 rhythm_precision=0.862 note_value_acc=0.379 note_value_n=87 avg_beat_error=0.117
      duplicate metrics: duplicates=1 per_100_notes=0.98
      boundary metrics: gt=23 matched=21 missed=2 miss_rate=0.087
      latency: avg_chunk_ms=29.88 p95_chunk_ms=35.91 avg_rtf=0.050
      notation metrics: first_correct_ms=146.1 visible_p50_ms=337.5 visible_p95_ms=629.6 stabilize_p50_ms=1119.4 stabilize_p95_ms=3078.4 avg_revisions=0.67 matched=12 refined=12 snapshots=17
      algorithmic latency: first_correct_ms=122.1 visible_p50_ms=303.5 visible_p95_ms=601.0 stabilize_p50_ms=804.0 stabilize_p95_ms=2515.0
      final display note metrics: precision=0.861 recall=0.916 f1=0.888 matched=87/95 pred=101
      final display strict onset f1: 10ms=0.735 20ms=0.867 30ms=0.888
      final display timing: offset_f1=0.765 rhythm_precision=0.862 note_value_acc=0.253 note_value_n=87 avg_beat_error=0.148
      final display structure: cluster_f1=0.667 onset_align_recall=1.000 avg_jaccard=0.875 exact=25/36 pred=39 over=3 under=6 pitch_conflicts=2 missed_gt=0
      threshold profiles: hit_rate=0.000 thresholds=[0.55] profiles={'fixed_baseline': 10}
    treatment:
      note metrics: precision=0.853 recall=0.916 f1=0.883 matched=87/95 pred=102
      strict onset f1: 10ms=0.731 20ms=0.863 30ms=0.883
      timing metrics: offset_f1=0.761 rhythm_precision=0.862 note_value_acc=0.379 note_value_n=87 avg_beat_error=0.117
      duplicate metrics: duplicates=1 per_100_notes=0.98
      boundary metrics: gt=23 matched=21 missed=2 miss_rate=0.087
      latency: avg_chunk_ms=29.54 p95_chunk_ms=35.13 avg_rtf=0.049
      notation metrics: first_correct_ms=157.3 visible_p50_ms=333.5 visible_p95_ms=632.5 stabilize_p50_ms=1114.8 stabilize_p95_ms=3083.1 avg_revisions=0.67 matched=12 refined=12 snapshots=17
      algorithmic latency: first_correct_ms=122.1 visible_p50_ms=303.5 visible_p95_ms=601.0 stabilize_p50_ms=804.0 stabilize_p95_ms=2515.0
      final display note metrics: precision=0.861 recall=0.916 f1=0.888 matched=87/95 pred=101
      final display strict onset f1: 10ms=0.735 20ms=0.867 30ms=0.888
      final display timing: offset_f1=0.765 rhythm_precision=0.862 note_value_acc=0.253 note_value_n=87 avg_beat_error=0.148
      final display structure: cluster_f1=0.667 onset_align_recall=1.000 avg_jaccard=0.875 exact=25/36 pred=39 over=3 under=6 pitch_conflicts=2 missed_gt=0
      threshold profiles: hit_rate=0.000 thresholds=[0.55] profiles={'baseline_nominal': 10}
    delta treatment-control: precision=+0.000 recall=+0.000 f1=+0.000 offset_f1=+0.000 note_value_acc=+0.000 dup_per_100=+0.00 boundary_miss_rate=+0.000 p95_chunk_ms=-0.78 f1_10ms=+0.000 f1_20ms=+0.000 f1_30ms=+0.000 visible_p50_ms=-4.0 stabilize_p50_ms=-4.6 algo_visible_p50_ms=+0.0 algo_stabilize_p50_ms=+0.0 avg_revisions=+0.00 display_note_f1=+0.000 display_offset_f1=+0.000 display_cluster_f1=+0.000 display_cluster_jaccard=+0.000
    failure buckets: ['boundary_miss_failure', 'high_revision_slow_stabilization', 'note_value_offset_failure']
      boundary diagnostics: missed=2 by_arm={'control': 2, 'treatment': 2} tags={'control_boundary_miss': 2, 'no_control_coarse_candidate': 2}
        miss: pitch=74 onset=3.628s boundary_delta_ms=+27.6 control_coarse=False treatment_coarse=False retro=n/a
        miss: pitch=74 onset=5.440s boundary_delta_ms=+40.1 control_coarse=False treatment_coarse=False retro=n/a
[TIMING] EnhancedMel.transcribe: audio_to_gpu=0.6ms, features=0.7ms, model=12.9ms, decode=2.5ms | TOTAL=16.7ms for 600ms audio (RTF=0.03x)
[TIMING] stream_chunk[experiment-b8ec7df407eb4d129d6600b394b6f21c](live_neural): decode=0.2ms, inference=18.8ms, second_pass=0.0ms, contention=0.0ms, TOTAL=19.0ms | audio=600ms, RTF=0.03x | model=enhanced_mel, neural_total=18.1ms, model_inference=12.9ms
[TIMING] EnhancedMel.transcribe: audio_to_gpu=0.2ms, features=0.5ms, model=18.1ms, decode=4.5ms | TOTAL=23.3ms for 1200ms audio (RTF=0.02x)
[TIMING] stream_chunk[experiment-b8ec7df407eb4d129d6600b394b6f21c](live_neural): decode=0.3ms, inference=25.7ms, second_pass=0.0ms, contention=0.0ms, TOTAL=26.1ms | audio=600ms, RTF=0.04x | model=enhanced_mel, neural_total=25.2ms, model_inference=18.1ms
[TIMING] EnhancedMel.transcribe: audio_to_gpu=0.3ms, features=0.7ms, model=20.6ms, decode=7.7ms | TOTAL=29.3ms for 1800ms audio (RTF=0.02x)
[TIMING] stream_chunk[experiment-b8ec7df407eb4d129d6600b394b6f21c](live_neural): decode=0.2ms, inference=32.8ms, second_pass=0.0ms, contention=0.0ms, TOTAL=33.2ms | audio=600ms, RTF=0.06x | model=enhanced_mel, neural_total=32.3ms, model_inference=20.6ms
[TIMING] EnhancedMel.transcribe: audio_to_gpu=0.6ms, features=0.6ms, model=15.1ms, decode=5.9ms | TOTAL=22.1ms for 2400ms audio (RTF=0.01x)
[TIMING] stream_chunk[experiment-b8ec7df407eb4d129d6600b394b6f21c](live_neural): decode=0.3ms, inference=27.5ms, second_pass=0.0ms, contention=0.0ms, TOTAL=28.1ms | audio=600ms, RTF=0.05x | model=enhanced_mel, neural_total=27.0ms, model_inference=15.1ms
[TIMING] EnhancedMel.transcribe: audio_to_gpu=0.3ms, features=0.5ms, model=15.3ms, decode=7.4ms | TOTAL=23.5ms for 3000ms audio (RTF=0.01x)
[TIMING] stream_chunk[experiment-b8ec7df407eb4d129d6600b394b6f21c](live_neural): decode=0.3ms, inference=27.1ms, second_pass=0.0ms, contention=0.0ms, TOTAL=27.5ms | audio=600ms, RTF=0.05x | model=enhanced_mel, neural_total=26.5ms, model_inference=15.3ms
[TIMING] EnhancedMel.transcribe: audio_to_gpu=0.2ms, features=0.5ms, model=16.8ms, decode=8.0ms | TOTAL=25.6ms for 3000ms audio (RTF=0.01x)
[TIMING] stream_chunk[experiment-b8ec7df407eb4d129d6600b394b6f21c](live_neural): decode=0.2ms, inference=29.3ms, second_pass=0.0ms, contention=0.0ms, TOTAL=29.7ms | audio=600ms, RTF=0.05x | model=enhanced_mel, neural_total=28.7ms, model_inference=16.8ms
[TIMING] EnhancedMel.transcribe: audio_to_gpu=0.4ms, features=0.7ms, model=18.6ms, decode=5.3ms | TOTAL=25.0ms for 3000ms audio (RTF=0.01x)
[TIMING] stream_chunk[experiment-b8ec7df407eb4d129d6600b394b6f21c](live_neural): decode=0.2ms, inference=29.8ms, second_pass=0.0ms, contention=0.0ms, TOTAL=30.3ms | audio=600ms, RTF=0.05x | model=enhanced_mel, neural_total=29.3ms, model_inference=18.6ms
[TIMING] EnhancedMel.transcribe: audio_to_gpu=0.2ms, features=0.4ms, model=21.1ms, decode=10.3ms | TOTAL=32.1ms for 3000ms audio (RTF=0.01x)
[TIMING] stream_chunk[experiment-b8ec7df407eb4d129d6600b394b6f21c](live_neural): decode=0.3ms, inference=34.9ms, second_pass=0.0ms, contention=0.0ms, TOTAL=35.5ms | audio=600ms, RTF=0.06x | model=enhanced_mel, neural_total=34.5ms, model_inference=21.1ms
[TIMING] EnhancedMel.transcribe: audio_to_gpu=0.5ms, features=0.8ms, model=21.0ms, decode=9.4ms | TOTAL=31.6ms for 3000ms audio (RTF=0.01x)
[TIMING] stream_chunk[experiment-b8ec7df407eb4d129d6600b394b6f21c](live_neural): decode=0.2ms, inference=38.3ms, second_pass=0.0ms, contention=0.0ms, TOTAL=38.8ms | audio=600ms, RTF=0.06x | model=enhanced_mel, neural_total=37.6ms, model_inference=21.0ms
[TIMING] EnhancedMel.transcribe: audio_to_gpu=0.3ms, features=0.6ms, model=17.1ms, decode=8.9ms | TOTAL=26.8ms for 3000ms audio (RTF=0.01x)
[TIMING] stream_chunk[experiment-b8ec7df407eb4d129d6600b394b6f21c](live_neural): decode=0.4ms, inference=31.0ms, second_pass=0.0ms, contention=0.0ms, TOTAL=31.6ms | audio=600ms, RTF=0.05x | model=enhanced_mel, neural_total=30.3ms, model_inference=17.1ms
[TIMING] EnhancedMel.transcribe: audio_to_gpu=0.4ms, features=0.7ms, model=14.6ms, decode=1.6ms | TOTAL=17.2ms for 600ms audio (RTF=0.03x)
[TIMING] stream_chunk[experiment-dbf1dc7a8f3c4710bb21d005299008c9](live_neural): decode=0.2ms, inference=19.7ms, second_pass=0.0ms, contention=0.0ms, TOTAL=19.9ms | audio=600ms, RTF=0.03x | model=enhanced_mel, neural_total=19.2ms, model_inference=14.6ms
[TIMING] EnhancedMel.transcribe: audio_to_gpu=0.1ms, features=0.4ms, model=13.5ms, decode=3.0ms | TOTAL=17.0ms for 1200ms audio (RTF=0.01x)
[TIMING] stream_chunk[experiment-dbf1dc7a8f3c4710bb21d005299008c9](live_neural): decode=0.2ms, inference=19.5ms, second_pass=0.0ms, contention=0.0ms, TOTAL=19.8ms | audio=600ms, RTF=0.03x | model=enhanced_mel, neural_total=19.1ms, model_inference=13.5ms
[TIMING] EnhancedMel.transcribe: audio_to_gpu=0.2ms, features=0.4ms, model=14.0ms, decode=4.3ms | TOTAL=18.9ms for 1800ms audio (RTF=0.01x)
[TIMING] stream_chunk[experiment-dbf1dc7a8f3c4710bb21d005299008c9](live_neural): decode=0.2ms, inference=22.5ms, second_pass=0.0ms, contention=0.0ms, TOTAL=22.8ms | audio=600ms, RTF=0.04x | model=enhanced_mel, neural_total=22.1ms, model_inference=14.0ms
[TIMING] EnhancedMel.transcribe: audio_to_gpu=0.2ms, features=0.4ms, model=21.0ms, decode=7.1ms | TOTAL=28.7ms for 2400ms audio (RTF=0.01x)
[TIMING] stream_chunk[experiment-dbf1dc7a8f3c4710bb21d005299008c9](live_neural): decode=0.1ms, inference=32.0ms, second_pass=0.0ms, contention=0.0ms, TOTAL=32.3ms | audio=600ms, RTF=0.05x | model=enhanced_mel, neural_total=31.6ms, model_inference=21.0ms
[TIMING] EnhancedMel.transcribe: audio_to_gpu=0.4ms, features=0.5ms, model=14.9ms, decode=10.3ms | TOTAL=26.1ms for 3000ms audio (RTF=0.01x)
[TIMING] stream_chunk[experiment-dbf1dc7a8f3c4710bb21d005299008c9](live_neural): decode=0.2ms, inference=29.9ms, second_pass=0.0ms, contention=0.0ms, TOTAL=30.3ms | audio=600ms, RTF=0.05x | model=enhanced_mel, neural_total=29.4ms, model_inference=14.9ms
[TIMING] EnhancedMel.transcribe: audio_to_gpu=0.3ms, features=0.8ms, model=24.1ms, decode=12.5ms | TOTAL=37.7ms for 3000ms audio (RTF=0.01x)
[TIMING] stream_chunk[experiment-dbf1dc7a8f3c4710bb21d005299008c9](live_neural): decode=0.2ms, inference=43.1ms, second_pass=0.0ms, contention=0.0ms, TOTAL=43.6ms | audio=600ms, RTF=0.07x | model=enhanced_mel, neural_total=42.6ms, model_inference=24.1ms
[TIMING] EnhancedMel.transcribe: audio_to_gpu=0.4ms, features=0.6ms, model=17.9ms, decode=11.9ms | TOTAL=30.7ms for 3000ms audio (RTF=0.01x)
[TIMING] stream_chunk[experiment-dbf1dc7a8f3c4710bb21d005299008c9](live_neural): decode=0.3ms, inference=37.5ms, second_pass=0.0ms, contention=0.0ms, TOTAL=38.1ms | audio=600ms, RTF=0.06x | model=enhanced_mel, neural_total=36.8ms, model_inference=17.9ms
[TIMING] EnhancedMel.transcribe: audio_to_gpu=0.4ms, features=0.6ms, model=15.2ms, decode=7.7ms | TOTAL=23.8ms for 3000ms audio (RTF=0.01x)
[TIMING] stream_chunk[experiment-dbf1dc7a8f3c4710bb21d005299008c9](live_neural): decode=0.2ms, inference=27.3ms, second_pass=0.0ms, contention=0.0ms, TOTAL=27.7ms | audio=600ms, RTF=0.05x | model=enhanced_mel, neural_total=26.8ms, model_inference=15.2ms
[TIMING] EnhancedMel.transcribe: audio_to_gpu=0.3ms, features=0.6ms, model=20.8ms, decode=12.0ms | TOTAL=33.7ms for 3000ms audio (RTF=0.01x)
[TIMING] stream_chunk[experiment-dbf1dc7a8f3c4710bb21d005299008c9](live_neural): decode=0.2ms, inference=37.6ms, second_pass=0.0ms, contention=0.0ms, TOTAL=38.1ms | audio=600ms, RTF=0.06x | model=enhanced_mel, neural_total=37.1ms, model_inference=20.8ms
[TIMING] EnhancedMel.transcribe: audio_to_gpu=0.4ms, features=0.8ms, model=21.7ms, decode=7.6ms | TOTAL=30.6ms for 3000ms audio (RTF=0.01x)
[TIMING] stream_chunk[experiment-dbf1dc7a8f3c4710bb21d005299008c9](live_neural): decode=0.2ms, inference=36.2ms, second_pass=0.0ms, contention=0.0ms, TOTAL=36.7ms | audio=600ms, RTF=0.06x | model=enhanced_mel, neural_total=35.6ms, model_inference=21.7ms

[CLIP_041] Sonata No. 9, Op. 68
  excerpt: start=72.00s end=78.00s duration=6.00s gt_notes=66 rms=0.0617 peak=0.3605 crest=5.841 rms_std=0.0284
    control:
      note metrics: precision=0.881 recall=0.894 f1=0.887 matched=59/66 pred=67
      strict onset f1: 10ms=0.707 20ms=0.827 30ms=0.887
      timing metrics: offset_f1=0.812 rhythm_precision=0.915 note_value_acc=0.508 note_value_n=59 avg_beat_error=0.123
      duplicate metrics: duplicates=4 per_100_notes=5.97
      boundary metrics: gt=20 matched=19 missed=1 miss_rate=0.050
      latency: avg_chunk_ms=29.97 p95_chunk_ms=37.33 avg_rtf=0.050
      notation metrics: first_correct_ms=44.1 visible_p50_ms=356.0 visible_p95_ms=616.5 stabilize_p50_ms=1267.4 stabilize_p95_ms=2025.3 avg_revisions=1.10 matched=58 refined=58 snapshots=20
      algorithmic latency: first_correct_ms=13.8 visible_p50_ms=321.5 visible_p95_ms=588.6 stabilize_p50_ms=780.6 stabilize_p95_ms=1520.2
      final display note metrics: precision=0.935 recall=0.879 f1=0.906 matched=58/66 pred=62
      final display strict onset f1: 10ms=0.734 20ms=0.859 30ms=0.906
      final display timing: offset_f1=0.828 rhythm_precision=0.914 note_value_acc=0.414 note_value_n=58 avg_beat_error=0.153
      final display structure: cluster_f1=0.748 onset_align_recall=0.875 avg_jaccard=0.905 exact=40/56 pred=51 over=5 under=4 pitch_conflicts=0 missed_gt=7
      threshold profiles: hit_rate=0.000 thresholds=[0.55] profiles={'fixed_baseline': 10}
    treatment:
      note metrics: precision=0.868 recall=0.894 f1=0.881 matched=59/66 pred=68
      strict onset f1: 10ms=0.701 20ms=0.821 30ms=0.881
      timing metrics: offset_f1=0.806 rhythm_precision=0.915 note_value_acc=0.508 note_value_n=59 avg_beat_error=0.123
      duplicate metrics: duplicates=4 per_100_notes=5.88
      boundary metrics: gt=20 matched=19 missed=1 miss_rate=0.050
      latency: avg_chunk_ms=30.93 p95_chunk_ms=41.11 avg_rtf=0.052
      notation metrics: first_correct_ms=47.8 visible_p50_ms=359.6 visible_p95_ms=616.8 stabilize_p50_ms=1229.4 stabilize_p95_ms=2015.5 avg_revisions=1.09 matched=58 refined=58 snapshots=20
      algorithmic latency: first_correct_ms=13.8 visible_p50_ms=321.5 visible_p95_ms=588.6 stabilize_p50_ms=780.6 stabilize_p95_ms=1520.2
      final display note metrics: precision=0.921 recall=0.879 f1=0.899 matched=58/66 pred=63
      final display strict onset f1: 10ms=0.729 20ms=0.853 30ms=0.899
      final display timing: offset_f1=0.822 rhythm_precision=0.914 note_value_acc=0.414 note_value_n=58 avg_beat_error=0.152
      final display structure: cluster_f1=0.729 onset_align_recall=0.875 avg_jaccard=0.895 exact=39/56 pred=51 over=6 under=4 pitch_conflicts=0 missed_gt=7
      threshold profiles: hit_rate=0.100 thresholds=[0.51, 0.55] profiles={'baseline_nominal': 9, 'soft_sparse_recall': 1}
    delta treatment-control: precision=-0.013 recall=+0.000 f1=-0.007 offset_f1=-0.006 note_value_acc=+0.000 dup_per_100=-0.09 boundary_miss_rate=+0.000 p95_chunk_ms=+3.79 f1_10ms=-0.005 f1_20ms=-0.006 f1_30ms=-0.007 visible_p50_ms=+3.6 stabilize_p50_ms=-38.0 algo_visible_p50_ms=+0.0 algo_stabilize_p50_ms=+0.0 avg_revisions=-0.02 display_note_f1=-0.007 display_offset_f1=-0.006 display_cluster_f1=-0.019 display_cluster_jaccard=-0.010
    failure buckets: ['boundary_miss_failure', 'high_revision_slow_stabilization']
      boundary diagnostics: missed=1 by_arm={'control': 1, 'treatment': 1} tags={'control_boundary_miss': 1, 'no_control_coarse_candidate': 1}
        miss: pitch=67 onset=3.034s boundary_delta_ms=+33.9 control_coarse=False treatment_coarse=False retro=n/a
[TIMING] EnhancedMel.transcribe: audio_to_gpu=3.2ms, features=0.7ms, model=12.3ms, decode=1.6ms | TOTAL=17.8ms for 600ms audio (RTF=0.03x)
[TIMING] stream_chunk[experiment-a691745cc9544b36878070a4d816b5b3](live_neural): decode=0.2ms, inference=20.2ms, second_pass=0.0ms, contention=0.0ms, TOTAL=20.5ms | audio=600ms, RTF=0.03x | model=enhanced_mel, neural_total=19.7ms, model_inference=12.3ms
[TIMING] EnhancedMel.transcribe: audio_to_gpu=0.2ms, features=0.3ms, model=21.4ms, decode=2.5ms | TOTAL=24.4ms for 1200ms audio (RTF=0.02x)
[TIMING] stream_chunk[experiment-a691745cc9544b36878070a4d816b5b3](live_neural): decode=0.1ms, inference=26.3ms, second_pass=0.0ms, contention=0.0ms, TOTAL=26.5ms | audio=600ms, RTF=0.04x | model=enhanced_mel, neural_total=25.9ms, model_inference=21.4ms
[TIMING] EnhancedMel.transcribe: audio_to_gpu=0.2ms, features=1.1ms, model=21.4ms, decode=6.9ms | TOTAL=29.6ms for 1800ms audio (RTF=0.02x)
[TIMING] stream_chunk[experiment-a691745cc9544b36878070a4d816b5b3](live_neural): decode=0.1ms, inference=31.6ms, second_pass=0.0ms, contention=0.0ms, TOTAL=31.9ms | audio=600ms, RTF=0.05x | model=enhanced_mel, neural_total=31.3ms, model_inference=21.4ms
[TIMING] EnhancedMel.transcribe: audio_to_gpu=0.2ms, features=0.6ms, model=15.5ms, decode=6.4ms | TOTAL=22.8ms for 2400ms audio (RTF=0.01x)
[TIMING] stream_chunk[experiment-a691745cc9544b36878070a4d816b5b3](live_neural): decode=0.2ms, inference=27.6ms, second_pass=0.0ms, contention=0.0ms, TOTAL=27.9ms | audio=600ms, RTF=0.05x | model=enhanced_mel, neural_total=27.2ms, model_inference=15.5ms
[TIMING] EnhancedMel.transcribe: audio_to_gpu=0.2ms, features=0.4ms, model=14.8ms, decode=8.0ms | TOTAL=23.4ms for 3000ms audio (RTF=0.01x)
[TIMING] stream_chunk[experiment-a691745cc9544b36878070a4d816b5b3](live_neural): decode=0.2ms, inference=28.0ms, second_pass=0.0ms, contention=0.0ms, TOTAL=28.3ms | audio=600ms, RTF=0.05x | model=enhanced_mel, neural_total=27.6ms, model_inference=14.8ms
[TIMING] EnhancedMel.transcribe: audio_to_gpu=0.3ms, features=0.7ms, model=22.5ms, decode=11.8ms | TOTAL=35.3ms for 3000ms audio (RTF=0.01x)
[TIMING] stream_chunk[experiment-a691745cc9544b36878070a4d816b5b3](live_neural): decode=0.2ms, inference=40.9ms, second_pass=0.0ms, contention=0.0ms, TOTAL=41.3ms | audio=600ms, RTF=0.07x | model=enhanced_mel, neural_total=40.4ms, model_inference=22.5ms
[TIMING] EnhancedMel.transcribe: audio_to_gpu=0.4ms, features=4.4ms, model=22.5ms, decode=13.2ms | TOTAL=40.5ms for 3000ms audio (RTF=0.01x)
[TIMING] stream_chunk[experiment-a691745cc9544b36878070a4d816b5b3](live_neural): decode=0.2ms, inference=45.7ms, second_pass=0.0ms, contention=0.0ms, TOTAL=46.1ms | audio=600ms, RTF=0.08x | model=enhanced_mel, neural_total=45.1ms, model_inference=22.5ms
[TIMING] EnhancedMel.transcribe: audio_to_gpu=0.4ms, features=0.7ms, model=18.7ms, decode=11.7ms | TOTAL=31.5ms for 3000ms audio (RTF=0.01x)
[TIMING] stream_chunk[experiment-a691745cc9544b36878070a4d816b5b3](live_neural): decode=0.3ms, inference=37.3ms, second_pass=0.0ms, contention=0.0ms, TOTAL=37.8ms | audio=600ms, RTF=0.06x | model=enhanced_mel, neural_total=36.6ms, model_inference=18.7ms
[TIMING] EnhancedMel.transcribe: audio_to_gpu=0.4ms, features=0.8ms, model=21.2ms, decode=13.8ms | TOTAL=36.2ms for 3000ms audio (RTF=0.01x)
[TIMING] stream_chunk[experiment-a691745cc9544b36878070a4d816b5b3](live_neural): decode=0.2ms, inference=42.2ms, second_pass=0.0ms, contention=0.0ms, TOTAL=42.5ms | audio=600ms, RTF=0.07x | model=enhanced_mel, neural_total=41.7ms, model_inference=21.2ms
[TIMING] EnhancedMel.transcribe: audio_to_gpu=0.4ms, features=0.7ms, model=15.5ms, decode=6.7ms | TOTAL=23.2ms for 3000ms audio (RTF=0.01x)
[TIMING] stream_chunk[experiment-a691745cc9544b36878070a4d816b5b3](live_neural): decode=0.1ms, inference=25.6ms, second_pass=0.0ms, contention=0.0ms, TOTAL=25.9ms | audio=600ms, RTF=0.04x | model=enhanced_mel, neural_total=25.2ms, model_inference=15.5ms
[TIMING] EnhancedMel.transcribe: audio_to_gpu=0.4ms, features=0.7ms, model=14.0ms, decode=1.7ms | TOTAL=16.8ms for 600ms audio (RTF=0.03x)
[TIMING] stream_chunk[experiment-0bb206d12d394a78b8e68b1205521b7d](live_neural): decode=0.1ms, inference=19.2ms, second_pass=0.0ms, contention=0.0ms, TOTAL=19.4ms | audio=600ms, RTF=0.03x | model=enhanced_mel, neural_total=18.8ms, model_inference=14.0ms
[TIMING] EnhancedMel.transcribe: audio_to_gpu=0.2ms, features=0.4ms, model=12.6ms, decode=2.4ms | TOTAL=15.7ms for 1200ms audio (RTF=0.01x)
[TIMING] stream_chunk[experiment-0bb206d12d394a78b8e68b1205521b7d](live_neural): decode=0.2ms, inference=17.7ms, second_pass=0.0ms, contention=0.0ms, TOTAL=18.0ms | audio=600ms, RTF=0.03x | model=enhanced_mel, neural_total=17.3ms, model_inference=12.6ms
[TIMING] EnhancedMel.transcribe: audio_to_gpu=0.2ms, features=0.3ms, model=11.9ms, decode=8.3ms | TOTAL=20.7ms for 1800ms audio (RTF=0.01x)
[TIMING] stream_chunk[experiment-0bb206d12d394a78b8e68b1205521b7d](live_neural): decode=0.1ms, inference=22.8ms, second_pass=0.0ms, contention=0.0ms, TOTAL=23.1ms | audio=600ms, RTF=0.04x | model=enhanced_mel, neural_total=22.4ms, model_inference=11.9ms
[TIMING] EnhancedMel.transcribe: audio_to_gpu=0.4ms, features=1.3ms, model=22.4ms, decode=10.9ms | TOTAL=35.0ms for 2400ms audio (RTF=0.01x)
[TIMING] stream_chunk[experiment-0bb206d12d394a78b8e68b1205521b7d](live_neural): decode=0.2ms, inference=40.5ms, second_pass=0.0ms, contention=0.0ms, TOTAL=40.9ms | audio=600ms, RTF=0.07x | model=enhanced_mel, neural_total=39.8ms, model_inference=22.4ms
[TIMING] EnhancedMel.transcribe: audio_to_gpu=0.5ms, features=0.8ms, model=22.3ms, decode=12.1ms | TOTAL=35.7ms for 3000ms audio (RTF=0.01x)
[TIMING] stream_chunk[experiment-0bb206d12d394a78b8e68b1205521b7d](live_neural): decode=0.3ms, inference=41.1ms, second_pass=0.0ms, contention=0.0ms, TOTAL=41.6ms | audio=600ms, RTF=0.07x | model=enhanced_mel, neural_total=40.6ms, model_inference=22.3ms
[TIMING] EnhancedMel.transcribe: audio_to_gpu=0.2ms, features=0.5ms, model=19.5ms, decode=8.8ms | TOTAL=29.1ms for 3000ms audio (RTF=0.01x)
[TIMING] stream_chunk[experiment-0bb206d12d394a78b8e68b1205521b7d](live_neural): decode=0.2ms, inference=33.6ms, second_pass=0.0ms, contention=0.0ms, TOTAL=33.9ms | audio=600ms, RTF=0.06x | model=enhanced_mel, neural_total=33.1ms, model_inference=19.5ms
[TIMING] EnhancedMel.transcribe: audio_to_gpu=0.5ms, features=0.9ms, model=14.4ms, decode=12.6ms | TOTAL=28.5ms for 3000ms audio (RTF=0.01x)
[TIMING] stream_chunk[experiment-0bb206d12d394a78b8e68b1205521b7d](live_neural): decode=0.2ms, inference=32.1ms, second_pass=0.0ms, contention=0.0ms, TOTAL=32.6ms | audio=600ms, RTF=0.05x | model=enhanced_mel, neural_total=31.5ms, model_inference=14.4ms
[TIMING] EnhancedMel.transcribe: audio_to_gpu=0.5ms, features=0.6ms, model=20.9ms, decode=9.5ms | TOTAL=31.5ms for 3000ms audio (RTF=0.01x)
[TIMING] stream_chunk[experiment-0bb206d12d394a78b8e68b1205521b7d](live_neural): decode=0.2ms, inference=36.6ms, second_pass=0.0ms, contention=0.0ms, TOTAL=36.9ms | audio=600ms, RTF=0.06x | model=enhanced_mel, neural_total=35.9ms, model_inference=20.9ms
[TIMING] EnhancedMel.transcribe: audio_to_gpu=0.3ms, features=2.6ms, model=20.6ms, decode=7.8ms | TOTAL=31.3ms for 3000ms audio (RTF=0.01x)
[TIMING] stream_chunk[experiment-0bb206d12d394a78b8e68b1205521b7d](live_neural): decode=0.2ms, inference=33.8ms, second_pass=0.0ms, contention=0.0ms, TOTAL=34.2ms | audio=600ms, RTF=0.06x | model=enhanced_mel, neural_total=33.4ms, model_inference=20.6ms
[TIMING] EnhancedMel.transcribe: audio_to_gpu=0.4ms, features=0.7ms, model=17.9ms, decode=11.8ms | TOTAL=30.8ms for 3000ms audio (RTF=0.01x)
[TIMING] stream_chunk[experiment-0bb206d12d394a78b8e68b1205521b7d](live_neural): decode=0.3ms, inference=33.7ms, second_pass=0.0ms, contention=0.0ms, TOTAL=34.2ms | audio=600ms, RTF=0.06x | model=enhanced_mel, neural_total=33.1ms, model_inference=17.9ms

[CLIP_042] Sonata in D Major, K. 96 L. 465
  excerpt: start=63.00s end=69.00s duration=6.00s gt_notes=91 rms=0.0446 peak=0.2839 crest=6.358 rms_std=0.0114
    control:
      note metrics: precision=0.938 recall=0.989 f1=0.963 matched=90/91 pred=96
      strict onset f1: 10ms=0.888 20ms=0.963 30ms=0.963
      timing metrics: offset_f1=0.930 rhythm_precision=0.967 note_value_acc=0.589 note_value_n=90 avg_beat_error=0.112
      duplicate metrics: duplicates=0 per_100_notes=0.00
      boundary metrics: gt=25 matched=25 missed=0 miss_rate=0.000
      latency: avg_chunk_ms=32.87 p95_chunk_ms=44.47 avg_rtf=0.055
      notation metrics: first_correct_ms=139.0 visible_p50_ms=157.5 visible_p95_ms=507.8 stabilize_p50_ms=2148.4 stabilize_p95_ms=3227.7 avg_revisions=1.33 matched=3 refined=3 snapshots=15
      algorithmic latency: first_correct_ms=110.7 visible_p50_ms=111.5 visible_p95_ms=474.5 stabilize_p50_ms=1911.5 stabilize_p95_ms=2990.8
      final display note metrics: precision=0.938 recall=0.989 f1=0.963 matched=90/91 pred=96
      final display strict onset f1: 10ms=0.888 20ms=0.963 30ms=0.963
      final display timing: offset_f1=0.930 rhythm_precision=0.967 note_value_acc=0.300 note_value_n=90 avg_beat_error=0.384
      final display structure: cluster_f1=0.857 onset_align_recall=1.000 avg_jaccard=0.967 exact=27/30 pred=33 over=2 under=1 pitch_conflicts=0 missed_gt=0
      threshold profiles: hit_rate=0.000 thresholds=[0.55] profiles={'fixed_baseline': 10}
    treatment:
      note metrics: precision=0.938 recall=0.989 f1=0.963 matched=90/91 pred=96
      strict onset f1: 10ms=0.888 20ms=0.963 30ms=0.963
      timing metrics: offset_f1=0.930 rhythm_precision=0.967 note_value_acc=0.589 note_value_n=90 avg_beat_error=0.112
      duplicate metrics: duplicates=0 per_100_notes=0.00
      boundary metrics: gt=25 matched=25 missed=0 miss_rate=0.000
      latency: avg_chunk_ms=31.48 p95_chunk_ms=41.29 avg_rtf=0.052
      notation metrics: first_correct_ms=144.0 visible_p50_ms=152.2 visible_p95_ms=499.4 stabilize_p50_ms=2139.7 stabilize_p95_ms=3219.0 avg_revisions=1.33 matched=3 refined=3 snapshots=15
      algorithmic latency: first_correct_ms=110.7 visible_p50_ms=111.5 visible_p95_ms=474.5 stabilize_p50_ms=1911.5 stabilize_p95_ms=2990.8
      final display note metrics: precision=0.938 recall=0.989 f1=0.963 matched=90/91 pred=96
      final display strict onset f1: 10ms=0.888 20ms=0.963 30ms=0.963
      final display timing: offset_f1=0.930 rhythm_precision=0.967 note_value_acc=0.300 note_value_n=90 avg_beat_error=0.384
      final display structure: cluster_f1=0.857 onset_align_recall=1.000 avg_jaccard=0.967 exact=27/30 pred=33 over=2 under=1 pitch_conflicts=0 missed_gt=0
      threshold profiles: hit_rate=0.000 thresholds=[0.55] profiles={'baseline_nominal': 10}
    delta treatment-control: precision=+0.000 recall=+0.000 f1=+0.000 offset_f1=+0.000 note_value_acc=+0.000 dup_per_100=+0.00 boundary_miss_rate=+0.000 p95_chunk_ms=-3.18 f1_10ms=+0.000 f1_20ms=+0.000 f1_30ms=+0.000 visible_p50_ms=-5.3 stabilize_p50_ms=-8.7 algo_visible_p50_ms=+0.0 algo_stabilize_p50_ms=+0.0 avg_revisions=+0.00 display_note_f1=+0.000 display_offset_f1=+0.000 display_cluster_f1=+0.000 display_cluster_jaccard=+0.000
    failure buckets: ['runtime_only_win', 'high_revision_slow_stabilization']
[TIMING] EnhancedMel.transcribe: audio_to_gpu=0.6ms, features=0.9ms, model=21.5ms, decode=1.9ms | TOTAL=24.9ms for 600ms audio (RTF=0.04x)
[TIMING] stream_chunk[experiment-b2daaabaffb741b2a4686c11aa71d58d](live_neural): decode=0.2ms, inference=28.4ms, second_pass=0.0ms, contention=0.0ms, TOTAL=28.7ms | audio=600ms, RTF=0.05x | model=enhanced_mel, neural_total=28.1ms, model_inference=21.5ms
[TIMING] EnhancedMel.transcribe: audio_to_gpu=0.2ms, features=0.4ms, model=14.1ms, decode=3.2ms | TOTAL=17.9ms for 1200ms audio (RTF=0.01x)
[TIMING] stream_chunk[experiment-b2daaabaffb741b2a4686c11aa71d58d](live_neural): decode=0.3ms, inference=20.9ms, second_pass=0.0ms, contention=0.0ms, TOTAL=21.4ms | audio=600ms, RTF=0.04x | model=enhanced_mel, neural_total=20.4ms, model_inference=14.1ms
[TIMING] EnhancedMel.transcribe: audio_to_gpu=0.1ms, features=1.7ms, model=15.7ms, decode=4.7ms | TOTAL=22.2ms for 1800ms audio (RTF=0.01x)
[TIMING] stream_chunk[experiment-b2daaabaffb741b2a4686c11aa71d58d](live_neural): decode=0.2ms, inference=25.4ms, second_pass=0.0ms, contention=0.0ms, TOTAL=25.7ms | audio=600ms, RTF=0.04x | model=enhanced_mel, neural_total=25.0ms, model_inference=15.7ms
[TIMING] EnhancedMel.transcribe: audio_to_gpu=0.3ms, features=0.6ms, model=15.1ms, decode=6.6ms | TOTAL=22.5ms for 2400ms audio (RTF=0.01x)
[TIMING] stream_chunk[experiment-b2daaabaffb741b2a4686c11aa71d58d](live_neural): decode=0.2ms, inference=27.2ms, second_pass=0.0ms, contention=0.0ms, TOTAL=27.7ms | audio=600ms, RTF=0.05x | model=enhanced_mel, neural_total=26.7ms, model_inference=15.1ms
[TIMING] EnhancedMel.transcribe: audio_to_gpu=0.3ms, features=0.7ms, model=17.2ms, decode=5.5ms | TOTAL=23.7ms for 3000ms audio (RTF=0.01x)
[TIMING] stream_chunk[experiment-b2daaabaffb741b2a4686c11aa71d58d](live_neural): decode=0.2ms, inference=27.3ms, second_pass=0.0ms, contention=0.0ms, TOTAL=27.8ms | audio=600ms, RTF=0.05x | model=enhanced_mel, neural_total=26.9ms, model_inference=17.2ms
[TIMING] EnhancedMel.transcribe: audio_to_gpu=0.3ms, features=0.4ms, model=15.4ms, decode=13.1ms | TOTAL=29.1ms for 3000ms audio (RTF=0.01x)
[TIMING] stream_chunk[experiment-b2daaabaffb741b2a4686c11aa71d58d](live_neural): decode=0.1ms, inference=31.8ms, second_pass=0.0ms, contention=0.0ms, TOTAL=32.2ms | audio=600ms, RTF=0.05x | model=enhanced_mel, neural_total=31.3ms, model_inference=15.4ms
[TIMING] EnhancedMel.transcribe: audio_to_gpu=0.6ms, features=0.7ms, model=16.3ms, decode=7.4ms | TOTAL=25.0ms for 3000ms audio (RTF=0.01x)
[TIMING] stream_chunk[experiment-b2daaabaffb741b2a4686c11aa71d58d](live_neural): decode=0.2ms, inference=28.9ms, second_pass=0.0ms, contention=0.0ms, TOTAL=29.3ms | audio=600ms, RTF=0.05x | model=enhanced_mel, neural_total=28.2ms, model_inference=16.3ms
[TIMING] EnhancedMel.transcribe: audio_to_gpu=0.3ms, features=0.6ms, model=16.5ms, decode=7.4ms | TOTAL=24.8ms for 3000ms audio (RTF=0.01x)
[TIMING] stream_chunk[experiment-b2daaabaffb741b2a4686c11aa71d58d](live_neural): decode=0.2ms, inference=28.7ms, second_pass=0.0ms, contention=0.0ms, TOTAL=29.1ms | audio=600ms, RTF=0.05x | model=enhanced_mel, neural_total=28.1ms, model_inference=16.5ms
[TIMING] EnhancedMel.transcribe: audio_to_gpu=0.3ms, features=0.6ms, model=15.0ms, decode=5.9ms | TOTAL=21.8ms for 3000ms audio (RTF=0.01x)
[TIMING] stream_chunk[experiment-b2daaabaffb741b2a4686c11aa71d58d](live_neural): decode=0.2ms, inference=25.1ms, second_pass=0.0ms, contention=0.0ms, TOTAL=25.5ms | audio=600ms, RTF=0.04x | model=enhanced_mel, neural_total=24.7ms, model_inference=15.0ms
[TIMING] EnhancedMel.transcribe: audio_to_gpu=0.4ms, features=0.7ms, model=14.5ms, decode=9.4ms | TOTAL=25.0ms for 3000ms audio (RTF=0.01x)
[TIMING] stream_chunk[experiment-b2daaabaffb741b2a4686c11aa71d58d](live_neural): decode=0.2ms, inference=28.6ms, second_pass=0.0ms, contention=0.0ms, TOTAL=29.0ms | audio=600ms, RTF=0.05x | model=enhanced_mel, neural_total=28.1ms, model_inference=14.5ms
[TIMING] EnhancedMel.transcribe: audio_to_gpu=0.6ms, features=0.7ms, model=16.1ms, decode=1.8ms | TOTAL=19.1ms for 600ms audio (RTF=0.03x)
[TIMING] stream_chunk[experiment-6a907bdc55b5429086824bd435afa4be](live_neural): decode=0.2ms, inference=21.0ms, second_pass=0.0ms, contention=0.0ms, TOTAL=21.2ms | audio=600ms, RTF=0.04x | model=enhanced_mel, neural_total=20.5ms, model_inference=16.1ms
[TIMING] EnhancedMel.transcribe: audio_to_gpu=0.3ms, features=0.5ms, model=12.2ms, decode=4.7ms | TOTAL=17.6ms for 1200ms audio (RTF=0.01x)
[TIMING] stream_chunk[experiment-6a907bdc55b5429086824bd435afa4be](live_neural): decode=0.2ms, inference=21.6ms, second_pass=0.0ms, contention=0.0ms, TOTAL=21.9ms | audio=600ms, RTF=0.04x | model=enhanced_mel, neural_total=21.0ms, model_inference=12.2ms
[TIMING] EnhancedMel.transcribe: audio_to_gpu=0.2ms, features=0.6ms, model=16.2ms, decode=5.2ms | TOTAL=22.2ms for 1800ms audio (RTF=0.01x)
[TIMING] stream_chunk[experiment-6a907bdc55b5429086824bd435afa4be](live_neural): decode=0.1ms, inference=25.3ms, second_pass=0.0ms, contention=0.0ms, TOTAL=25.6ms | audio=600ms, RTF=0.04x | model=enhanced_mel, neural_total=24.8ms, model_inference=16.2ms
[TIMING] EnhancedMel.transcribe: audio_to_gpu=0.3ms, features=0.5ms, model=15.0ms, decode=4.3ms | TOTAL=20.1ms for 2400ms audio (RTF=0.01x)
[TIMING] stream_chunk[experiment-6a907bdc55b5429086824bd435afa4be](live_neural): decode=0.1ms, inference=23.4ms, second_pass=0.0ms, contention=0.0ms, TOTAL=23.6ms | audio=600ms, RTF=0.04x | model=enhanced_mel, neural_total=23.0ms, model_inference=15.0ms
[TIMING] EnhancedMel.transcribe: audio_to_gpu=0.3ms, features=0.8ms, model=17.3ms, decode=8.2ms | TOTAL=26.6ms for 3000ms audio (RTF=0.01x)
[TIMING] stream_chunk[experiment-6a907bdc55b5429086824bd435afa4be](live_neural): decode=0.2ms, inference=30.2ms, second_pass=0.0ms, contention=0.0ms, TOTAL=30.5ms | audio=600ms, RTF=0.05x | model=enhanced_mel, neural_total=29.8ms, model_inference=17.3ms
[TIMING] EnhancedMel.transcribe: audio_to_gpu=0.3ms, features=0.5ms, model=15.1ms, decode=8.6ms | TOTAL=24.5ms for 3000ms audio (RTF=0.01x)
[TIMING] stream_chunk[experiment-6a907bdc55b5429086824bd435afa4be](live_neural): decode=0.2ms, inference=27.1ms, second_pass=0.0ms, contention=0.0ms, TOTAL=27.5ms | audio=600ms, RTF=0.05x | model=enhanced_mel, neural_total=26.6ms, model_inference=15.1ms
[TIMING] EnhancedMel.transcribe: audio_to_gpu=0.6ms, features=0.7ms, model=12.2ms, decode=5.3ms | TOTAL=18.8ms for 3000ms audio (RTF=0.01x)
[TIMING] stream_chunk[experiment-6a907bdc55b5429086824bd435afa4be](live_neural): decode=0.3ms, inference=21.7ms, second_pass=0.0ms, contention=0.0ms, TOTAL=22.3ms | audio=600ms, RTF=0.04x | model=enhanced_mel, neural_total=21.0ms, model_inference=12.2ms
[TIMING] EnhancedMel.transcribe: audio_to_gpu=0.3ms, features=0.7ms, model=17.2ms, decode=7.6ms | TOTAL=25.7ms for 3000ms audio (RTF=0.01x)
[TIMING] stream_chunk[experiment-6a907bdc55b5429086824bd435afa4be](live_neural): decode=0.3ms, inference=28.7ms, second_pass=0.0ms, contention=0.0ms, TOTAL=29.2ms | audio=600ms, RTF=0.05x | model=enhanced_mel, neural_total=28.1ms, model_inference=17.2ms
[TIMING] EnhancedMel.transcribe: audio_to_gpu=0.3ms, features=0.6ms, model=15.8ms, decode=7.6ms | TOTAL=24.4ms for 3000ms audio (RTF=0.01x)
[TIMING] stream_chunk[experiment-6a907bdc55b5429086824bd435afa4be](live_neural): decode=0.3ms, inference=28.1ms, second_pass=0.0ms, contention=0.0ms, TOTAL=28.5ms | audio=600ms, RTF=0.05x | model=enhanced_mel, neural_total=27.4ms, model_inference=15.8ms
[TIMING] EnhancedMel.transcribe: audio_to_gpu=0.3ms, features=0.8ms, model=20.6ms, decode=7.5ms | TOTAL=29.2ms for 3000ms audio (RTF=0.01x)
[TIMING] stream_chunk[experiment-6a907bdc55b5429086824bd435afa4be](live_neural): decode=0.2ms, inference=33.2ms, second_pass=0.0ms, contention=0.0ms, TOTAL=33.6ms | audio=600ms, RTF=0.06x | model=enhanced_mel, neural_total=32.5ms, model_inference=20.6ms

[CLIP_043] Sonata in D Minor, K. 9 L. 413
  excerpt: start=12.00s end=18.00s duration=6.00s gt_notes=72 rms=0.0332 peak=0.1817 crest=5.471 rms_std=0.0120
    control:
      note metrics: precision=0.899 recall=0.986 f1=0.940 matched=71/72 pred=79
      strict onset f1: 10ms=0.821 20ms=0.940 30ms=0.940
      timing metrics: offset_f1=0.940 rhythm_precision=0.986 note_value_acc=0.493 note_value_n=71 avg_beat_error=0.054
      duplicate metrics: duplicates=3 per_100_notes=3.80
      boundary metrics: gt=20 matched=20 missed=0 miss_rate=0.000
      latency: avg_chunk_ms=27.64 p95_chunk_ms=30.89 avg_rtf=0.046
      notation metrics: first_correct_ms=25.2 visible_p50_ms=288.8 visible_p95_ms=572.9 stabilize_p50_ms=958.4 stabilize_p95_ms=2931.9 avg_revisions=1.23 matched=13 refined=13 snapshots=16
      algorithmic latency: first_correct_ms=0.0 visible_p50_ms=263.3 visible_p95_ms=546.0 stabilize_p50_ms=528.9 stabilize_p95_ms=2504.2
      final display note metrics: precision=0.934 recall=0.986 f1=0.959 matched=71/72 pred=76
      final display strict onset f1: 10ms=0.811 20ms=0.959 30ms=0.959
      final display timing: offset_f1=0.946 rhythm_precision=0.986 note_value_acc=0.535 note_value_n=71 avg_beat_error=0.117
      final display structure: cluster_f1=0.892 onset_align_recall=1.000 avg_jaccard=0.968 exact=33/36 pred=38 over=2 under=1 pitch_conflicts=0 missed_gt=0
      threshold profiles: hit_rate=0.000 thresholds=[0.55] profiles={'fixed_baseline': 10}
    treatment:
      note metrics: precision=0.899 recall=0.986 f1=0.940 matched=71/72 pred=79
      strict onset f1: 10ms=0.821 20ms=0.940 30ms=0.940
      timing metrics: offset_f1=0.940 rhythm_precision=0.986 note_value_acc=0.493 note_value_n=71 avg_beat_error=0.054
      duplicate metrics: duplicates=3 per_100_notes=3.80
      boundary metrics: gt=20 matched=20 missed=0 miss_rate=0.000
      latency: avg_chunk_ms=26.40 p95_chunk_ms=32.23 avg_rtf=0.044
      notation metrics: first_correct_ms=27.9 visible_p50_ms=291.8 visible_p95_ms=576.6 stabilize_p50_ms=958.4 stabilize_p95_ms=2928.7 avg_revisions=1.23 matched=13 refined=13 snapshots=16
      algorithmic latency: first_correct_ms=0.0 visible_p50_ms=263.3 visible_p95_ms=546.0 stabilize_p50_ms=528.9 stabilize_p95_ms=2504.2
      final display note metrics: precision=0.934 recall=0.986 f1=0.959 matched=71/72 pred=76
      final display strict onset f1: 10ms=0.811 20ms=0.959 30ms=0.959
      final display timing: offset_f1=0.946 rhythm_precision=0.986 note_value_acc=0.535 note_value_n=71 avg_beat_error=0.117
      final display structure: cluster_f1=0.892 onset_align_recall=1.000 avg_jaccard=0.968 exact=33/36 pred=38 over=2 under=1 pitch_conflicts=0 missed_gt=0
      threshold profiles: hit_rate=0.300 thresholds=[0.51, 0.55] profiles={'baseline_nominal': 7, 'soft_sparse_recall': 3}
    delta treatment-control: precision=+0.000 recall=+0.000 f1=+0.000 offset_f1=+0.000 note_value_acc=+0.000 dup_per_100=+0.00 boundary_miss_rate=+0.000 p95_chunk_ms=+1.34 f1_10ms=+0.000 f1_20ms=+0.000 f1_30ms=+0.000 visible_p50_ms=+3.0 stabilize_p50_ms=+0.0 algo_visible_p50_ms=+0.0 algo_stabilize_p50_ms=+0.0 avg_revisions=+0.00 display_note_f1=+0.000 display_offset_f1=+0.000 display_cluster_f1=+0.000 display_cluster_jaccard=+0.000
    failure buckets: ['high_revision_slow_stabilization', 'note_value_offset_failure']
[TIMING] EnhancedMel.transcribe: audio_to_gpu=0.5ms, features=0.9ms, model=18.2ms, decode=2.9ms | TOTAL=22.5ms for 600ms audio (RTF=0.04x)
[TIMING] stream_chunk[experiment-acf9fcbab38c4e8fa550ef37a105d4ad](live_neural): decode=0.3ms, inference=25.4ms, second_pass=0.0ms, contention=0.0ms, TOTAL=25.8ms | audio=600ms, RTF=0.04x | model=enhanced_mel, neural_total=24.7ms, model_inference=18.2ms
[TIMING] EnhancedMel.transcribe: audio_to_gpu=0.1ms, features=1.2ms, model=14.3ms, decode=3.1ms | TOTAL=18.8ms for 1200ms audio (RTF=0.02x)
[TIMING] stream_chunk[experiment-acf9fcbab38c4e8fa550ef37a105d4ad](live_neural): decode=0.2ms, inference=21.6ms, second_pass=0.0ms, contention=0.0ms, TOTAL=21.9ms | audio=600ms, RTF=0.04x | model=enhanced_mel, neural_total=21.0ms, model_inference=14.3ms
[TIMING] EnhancedMel.transcribe: audio_to_gpu=0.1ms, features=0.4ms, model=14.6ms, decode=5.1ms | TOTAL=20.2ms for 1800ms audio (RTF=0.01x)
[TIMING] stream_chunk[experiment-acf9fcbab38c4e8fa550ef37a105d4ad](live_neural): decode=0.2ms, inference=23.2ms, second_pass=0.0ms, contention=0.0ms, TOTAL=23.7ms | audio=600ms, RTF=0.04x | model=enhanced_mel, neural_total=22.7ms, model_inference=14.6ms
[TIMING] EnhancedMel.transcribe: audio_to_gpu=0.3ms, features=0.6ms, model=15.4ms, decode=6.5ms | TOTAL=22.8ms for 2400ms audio (RTF=0.01x)
[TIMING] stream_chunk[experiment-acf9fcbab38c4e8fa550ef37a105d4ad](live_neural): decode=0.1ms, inference=25.2ms, second_pass=0.0ms, contention=0.0ms, TOTAL=25.5ms | audio=600ms, RTF=0.04x | model=enhanced_mel, neural_total=24.7ms, model_inference=15.4ms
[TIMING] EnhancedMel.transcribe: audio_to_gpu=0.3ms, features=0.6ms, model=15.6ms, decode=7.2ms | TOTAL=23.7ms for 3000ms audio (RTF=0.01x)
[TIMING] stream_chunk[experiment-acf9fcbab38c4e8fa550ef37a105d4ad](live_neural): decode=0.1ms, inference=26.9ms, second_pass=0.0ms, contention=0.0ms, TOTAL=27.2ms | audio=600ms, RTF=0.05x | model=enhanced_mel, neural_total=26.5ms, model_inference=15.6ms
[TIMING] EnhancedMel.transcribe: audio_to_gpu=0.2ms, features=0.5ms, model=17.0ms, decode=7.8ms | TOTAL=25.5ms for 3000ms audio (RTF=0.01x)
[TIMING] stream_chunk[experiment-acf9fcbab38c4e8fa550ef37a105d4ad](live_neural): decode=0.1ms, inference=28.7ms, second_pass=0.0ms, contention=0.0ms, TOTAL=28.9ms | audio=600ms, RTF=0.05x | model=enhanced_mel, neural_total=28.3ms, model_inference=17.0ms
[TIMING] EnhancedMel.transcribe: audio_to_gpu=0.2ms, features=0.5ms, model=16.3ms, decode=7.4ms | TOTAL=24.5ms for 3000ms audio (RTF=0.01x)
[TIMING] stream_chunk[experiment-acf9fcbab38c4e8fa550ef37a105d4ad](live_neural): decode=0.2ms, inference=28.9ms, second_pass=0.0ms, contention=0.0ms, TOTAL=29.3ms | audio=600ms, RTF=0.05x | model=enhanced_mel, neural_total=28.5ms, model_inference=16.3ms
[TIMING] EnhancedMel.transcribe: audio_to_gpu=0.2ms, features=0.4ms, model=18.0ms, decode=7.3ms | TOTAL=25.9ms for 3000ms audio (RTF=0.01x)
[TIMING] stream_chunk[experiment-acf9fcbab38c4e8fa550ef37a105d4ad](live_neural): decode=0.2ms, inference=29.1ms, second_pass=0.0ms, contention=0.0ms, TOTAL=29.3ms | audio=600ms, RTF=0.05x | model=enhanced_mel, neural_total=28.7ms, model_inference=18.0ms
[TIMING] EnhancedMel.transcribe: audio_to_gpu=0.3ms, features=0.5ms, model=15.1ms, decode=7.2ms | TOTAL=23.0ms for 3000ms audio (RTF=0.01x)
[TIMING] stream_chunk[experiment-acf9fcbab38c4e8fa550ef37a105d4ad](live_neural): decode=1.4ms, inference=26.7ms, second_pass=0.0ms, contention=0.0ms, TOTAL=28.3ms | audio=600ms, RTF=0.05x | model=enhanced_mel, neural_total=26.2ms, model_inference=15.1ms
[TIMING] EnhancedMel.transcribe: audio_to_gpu=0.2ms, features=0.5ms, model=16.5ms, decode=8.5ms | TOTAL=25.7ms for 3000ms audio (RTF=0.01x)
[TIMING] stream_chunk[experiment-acf9fcbab38c4e8fa550ef37a105d4ad](live_neural): decode=0.3ms, inference=29.8ms, second_pass=0.0ms, contention=0.0ms, TOTAL=30.3ms | audio=600ms, RTF=0.05x | model=enhanced_mel, neural_total=29.2ms, model_inference=16.5ms
[TIMING] EnhancedMel.transcribe: audio_to_gpu=0.4ms, features=0.5ms, model=14.0ms, decode=1.8ms | TOTAL=16.7ms for 600ms audio (RTF=0.03x)
[TIMING] stream_chunk[experiment-7acc05c54ac043328c2b4c8b479212bc](live_neural): decode=0.2ms, inference=19.3ms, second_pass=0.0ms, contention=0.0ms, TOTAL=19.5ms | audio=600ms, RTF=0.03x | model=enhanced_mel, neural_total=18.7ms, model_inference=14.0ms
[TIMING] EnhancedMel.transcribe: audio_to_gpu=0.2ms, features=0.5ms, model=10.9ms, decode=2.5ms | TOTAL=14.1ms for 1200ms audio (RTF=0.01x)
[TIMING] stream_chunk[experiment-7acc05c54ac043328c2b4c8b479212bc](live_neural): decode=0.2ms, inference=18.4ms, second_pass=0.0ms, contention=0.0ms, TOTAL=18.7ms | audio=600ms, RTF=0.03x | model=enhanced_mel, neural_total=18.0ms, model_inference=10.9ms
[TIMING] EnhancedMel.transcribe: audio_to_gpu=0.2ms, features=0.5ms, model=20.0ms, decode=5.9ms | TOTAL=26.6ms for 1800ms audio (RTF=0.01x)
[TIMING] stream_chunk[experiment-7acc05c54ac043328c2b4c8b479212bc](live_neural): decode=0.1ms, inference=28.6ms, second_pass=0.0ms, contention=0.0ms, TOTAL=28.8ms | audio=600ms, RTF=0.05x | model=enhanced_mel, neural_total=28.2ms, model_inference=20.0ms
[TIMING] EnhancedMel.transcribe: audio_to_gpu=0.3ms, features=0.6ms, model=16.1ms, decode=7.8ms | TOTAL=24.9ms for 2400ms audio (RTF=0.01x)
[TIMING] stream_chunk[experiment-7acc05c54ac043328c2b4c8b479212bc](live_neural): decode=0.1ms, inference=29.3ms, second_pass=0.0ms, contention=0.0ms, TOTAL=29.5ms | audio=600ms, RTF=0.05x | model=enhanced_mel, neural_total=28.8ms, model_inference=16.1ms
[TIMING] EnhancedMel.transcribe: audio_to_gpu=0.3ms, features=0.4ms, model=17.3ms, decode=12.1ms | TOTAL=30.1ms for 3000ms audio (RTF=0.01x)
[TIMING] stream_chunk[experiment-7acc05c54ac043328c2b4c8b479212bc](live_neural): decode=0.2ms, inference=33.7ms, second_pass=0.0ms, contention=0.0ms, TOTAL=34.1ms | audio=600ms, RTF=0.06x | model=enhanced_mel, neural_total=33.1ms, model_inference=17.3ms
[TIMING] EnhancedMel.transcribe: audio_to_gpu=0.3ms, features=0.7ms, model=19.6ms, decode=7.4ms | TOTAL=27.9ms for 3000ms audio (RTF=0.01x)
[TIMING] stream_chunk[experiment-7acc05c54ac043328c2b4c8b479212bc](live_neural): decode=0.2ms, inference=33.0ms, second_pass=0.0ms, contention=0.0ms, TOTAL=33.3ms | audio=600ms, RTF=0.06x | model=enhanced_mel, neural_total=32.6ms, model_inference=19.6ms
[TIMING] EnhancedMel.transcribe: audio_to_gpu=0.3ms, features=0.5ms, model=15.1ms, decode=7.2ms | TOTAL=23.2ms for 3000ms audio (RTF=0.01x)
[TIMING] stream_chunk[experiment-7acc05c54ac043328c2b4c8b479212bc](live_neural): decode=0.2ms, inference=27.4ms, second_pass=0.0ms, contention=0.0ms, TOTAL=27.7ms | audio=600ms, RTF=0.05x | model=enhanced_mel, neural_total=27.0ms, model_inference=15.1ms
[TIMING] EnhancedMel.transcribe: audio_to_gpu=0.5ms, features=0.7ms, model=13.7ms, decode=6.4ms | TOTAL=21.2ms for 3000ms audio (RTF=0.01x)
[TIMING] stream_chunk[experiment-7acc05c54ac043328c2b4c8b479212bc](live_neural): decode=0.2ms, inference=25.2ms, second_pass=0.0ms, contention=0.0ms, TOTAL=25.5ms | audio=600ms, RTF=0.04x | model=enhanced_mel, neural_total=24.7ms, model_inference=13.7ms
[TIMING] EnhancedMel.transcribe: audio_to_gpu=0.2ms, features=0.5ms, model=17.3ms, decode=12.7ms | TOTAL=30.6ms for 3000ms audio (RTF=0.01x)
[TIMING] stream_chunk[experiment-7acc05c54ac043328c2b4c8b479212bc](live_neural): decode=0.2ms, inference=33.3ms, second_pass=0.0ms, contention=0.0ms, TOTAL=33.7ms | audio=600ms, RTF=0.06x | model=enhanced_mel, neural_total=32.8ms, model_inference=17.3ms
[TIMING] EnhancedMel.transcribe: audio_to_gpu=0.4ms, features=0.6ms, model=23.6ms, decode=9.3ms | TOTAL=33.9ms for 3000ms audio (RTF=0.01x)
[TIMING] stream_chunk[experiment-7acc05c54ac043328c2b4c8b479212bc](live_neural): decode=0.2ms, inference=39.2ms, second_pass=0.0ms, contention=0.0ms, TOTAL=39.5ms | audio=600ms, RTF=0.07x | model=enhanced_mel, neural_total=38.6ms, model_inference=23.6ms

[CLIP_044] Pagodas from Estampes No. 1
  excerpt: start=18.00s end=24.00s duration=6.00s gt_notes=54 rms=0.0153 peak=0.0634 crest=4.148 rms_std=0.0028
    control:
      note metrics: precision=0.677 recall=0.815 f1=0.739 matched=44/54 pred=65
      strict onset f1: 10ms=0.437 20ms=0.672 30ms=0.723
      timing metrics: offset_f1=0.353 rhythm_precision=0.432 note_value_acc=0.000 note_value_n=44 avg_beat_error=0.685
      duplicate metrics: duplicates=5 per_100_notes=7.69
      boundary metrics: gt=19 matched=14 missed=5 miss_rate=0.263
      latency: avg_chunk_ms=27.01 p95_chunk_ms=29.87 avg_rtf=0.045
      notation metrics: first_correct_ms=72.8 visible_p50_ms=247.3 visible_p95_ms=530.8 stabilize_p50_ms=2138.6 stabilize_p95_ms=3132.3 avg_revisions=2.46 matched=13 refined=13 snapshots=17
      algorithmic latency: first_correct_ms=45.6 visible_p50_ms=220.1 visible_p95_ms=501.1 stabilize_p50_ms=1632.3 stabilize_p95_ms=2628.3
      final display note metrics: precision=0.750 recall=0.778 f1=0.764 matched=42/54 pred=56
      final display strict onset f1: 10ms=0.436 20ms=0.691 30ms=0.745
      final display timing: offset_f1=0.309 rhythm_precision=0.405 note_value_acc=0.095 note_value_n=42 avg_beat_error=0.455
      final display structure: cluster_f1=0.350 onset_align_recall=0.947 avg_jaccard=0.692 exact=7/19 pred=21 over=5 under=4 pitch_conflicts=2 missed_gt=1
      threshold profiles: hit_rate=0.000 thresholds=[0.55] profiles={'fixed_baseline': 10}
    treatment:
      note metrics: precision=0.647 recall=0.815 f1=0.721 matched=44/54 pred=68
      strict onset f1: 10ms=0.426 20ms=0.656 30ms=0.705
      timing metrics: offset_f1=0.344 rhythm_precision=0.432 note_value_acc=0.000 note_value_n=44 avg_beat_error=0.685
      duplicate metrics: duplicates=5 per_100_notes=7.35
      boundary metrics: gt=19 matched=14 missed=5 miss_rate=0.263
      latency: avg_chunk_ms=29.04 p95_chunk_ms=37.05 avg_rtf=0.048
      notation metrics: first_correct_ms=79.6 visible_p50_ms=254.1 visible_p95_ms=532.2 stabilize_p50_ms=1059.1 stabilize_p95_ms=1911.7 avg_revisions=1.23 matched=13 refined=13 snapshots=19
      algorithmic latency: first_correct_ms=45.6 visible_p50_ms=220.1 visible_p95_ms=501.1 stabilize_p50_ms=661.5 stabilize_p95_ms=1538.7
      final display note metrics: precision=0.712 recall=0.778 f1=0.743 matched=42/54 pred=59
      final display strict onset f1: 10ms=0.407 20ms=0.673 30ms=0.726
      final display timing: offset_f1=0.319 rhythm_precision=0.429 note_value_acc=0.071 note_value_n=42 avg_beat_error=0.445
      final display structure: cluster_f1=0.333 onset_align_recall=0.947 avg_jaccard=0.695 exact=7/19 pred=23 over=5 under=4 pitch_conflicts=2 missed_gt=1
      threshold profiles: hit_rate=1.000 thresholds=[0.51] profiles={'soft_sparse_recall': 10}
    delta treatment-control: precision=-0.030 recall=+0.000 f1=-0.018 offset_f1=-0.009 note_value_acc=+0.000 dup_per_100=-0.34 boundary_miss_rate=+0.000 p95_chunk_ms=+7.17 f1_10ms=-0.011 f1_20ms=-0.017 f1_30ms=-0.018 visible_p50_ms=+6.9 stabilize_p50_ms=-1079.5 algo_visible_p50_ms=+0.0 algo_stabilize_p50_ms=-970.8 avg_revisions=-1.23 display_note_f1=-0.020 display_offset_f1=+0.009 display_cluster_f1=-0.017 display_cluster_jaccard=+0.003
    failure buckets: ['boundary_miss_failure', 'high_revision_slow_stabilization', 'note_value_offset_failure']
      boundary diagnostics: missed=5 by_arm={'control': 5, 'treatment': 5} tags={'control_boundary_miss': 5, 'no_control_coarse_candidate': 5}
        miss: pitch=59 onset=2.352s boundary_delta_ms=-48.4 control_coarse=False treatment_coarse=False retro=n/a
        miss: pitch=68 onset=2.368s boundary_delta_ms=-31.5 control_coarse=False treatment_coarse=False retro=n/a
        miss: pitch=68 onset=4.154s boundary_delta_ms=-46.4 control_coarse=False treatment_coarse=False retro=n/a
        ... 2 more missed boundary notes in diagnostics JSON
[TIMING] EnhancedMel.transcribe: audio_to_gpu=0.4ms, features=0.7ms, model=18.1ms, decode=1.7ms | TOTAL=21.0ms for 600ms audio (RTF=0.03x)
[TIMING] stream_chunk[experiment-c6b767a6e9b4412f91b26463b87acd8a](live_neural): decode=0.2ms, inference=24.5ms, second_pass=0.0ms, contention=0.0ms, TOTAL=24.8ms | audio=600ms, RTF=0.04x | model=enhanced_mel, neural_total=23.9ms, model_inference=18.1ms
[TIMING] EnhancedMel.transcribe: audio_to_gpu=0.4ms, features=0.5ms, model=12.1ms, decode=5.7ms | TOTAL=18.7ms for 1200ms audio (RTF=0.02x)
[TIMING] stream_chunk[experiment-c6b767a6e9b4412f91b26463b87acd8a](live_neural): decode=0.3ms, inference=21.6ms, second_pass=0.0ms, contention=0.0ms, TOTAL=21.9ms | audio=600ms, RTF=0.04x | model=enhanced_mel, neural_total=21.0ms, model_inference=12.1ms
[TIMING] EnhancedMel.transcribe: audio_to_gpu=0.2ms, features=0.7ms, model=22.1ms, decode=4.4ms | TOTAL=27.4ms for 1800ms audio (RTF=0.02x)
[TIMING] stream_chunk[experiment-c6b767a6e9b4412f91b26463b87acd8a](live_neural): decode=0.1ms, inference=31.9ms, second_pass=0.0ms, contention=0.0ms, TOTAL=32.2ms | audio=600ms, RTF=0.05x | model=enhanced_mel, neural_total=31.3ms, model_inference=22.1ms
[TIMING] EnhancedMel.transcribe: audio_to_gpu=0.1ms, features=0.7ms, model=14.4ms, decode=9.8ms | TOTAL=25.1ms for 2400ms audio (RTF=0.01x)
[TIMING] stream_chunk[experiment-c6b767a6e9b4412f91b26463b87acd8a](live_neural): decode=0.2ms, inference=28.6ms, second_pass=0.0ms, contention=0.0ms, TOTAL=29.0ms | audio=600ms, RTF=0.05x | model=enhanced_mel, neural_total=28.0ms, model_inference=14.4ms
[TIMING] EnhancedMel.transcribe: audio_to_gpu=0.3ms, features=0.5ms, model=18.4ms, decode=10.0ms | TOTAL=29.3ms for 3000ms audio (RTF=0.01x)
[TIMING] stream_chunk[experiment-c6b767a6e9b4412f91b26463b87acd8a](live_neural): decode=0.2ms, inference=32.7ms, second_pass=0.0ms, contention=0.0ms, TOTAL=33.2ms | audio=600ms, RTF=0.06x | model=enhanced_mel, neural_total=32.2ms, model_inference=18.4ms
[TIMING] EnhancedMel.transcribe: audio_to_gpu=0.4ms, features=0.7ms, model=18.0ms, decode=8.4ms | TOTAL=27.5ms for 3000ms audio (RTF=0.01x)
[TIMING] stream_chunk[experiment-c6b767a6e9b4412f91b26463b87acd8a](live_neural): decode=0.2ms, inference=31.6ms, second_pass=0.0ms, contention=0.0ms, TOTAL=32.1ms | audio=600ms, RTF=0.05x | model=enhanced_mel, neural_total=31.0ms, model_inference=18.0ms
[TIMING] EnhancedMel.transcribe: audio_to_gpu=0.2ms, features=0.5ms, model=15.2ms, decode=8.7ms | TOTAL=24.7ms for 3000ms audio (RTF=0.01x)
[TIMING] stream_chunk[experiment-c6b767a6e9b4412f91b26463b87acd8a](live_neural): decode=0.1ms, inference=28.5ms, second_pass=0.0ms, contention=0.0ms, TOTAL=28.9ms | audio=600ms, RTF=0.05x | model=enhanced_mel, neural_total=27.9ms, model_inference=15.2ms
[TIMING] EnhancedMel.transcribe: audio_to_gpu=0.3ms, features=3.3ms, model=17.8ms, decode=12.9ms | TOTAL=34.3ms for 3000ms audio (RTF=0.01x)
[TIMING] stream_chunk[experiment-c6b767a6e9b4412f91b26463b87acd8a](live_neural): decode=0.2ms, inference=38.4ms, second_pass=0.0ms, contention=0.0ms, TOTAL=38.8ms | audio=600ms, RTF=0.06x | model=enhanced_mel, neural_total=37.8ms, model_inference=17.8ms
[TIMING] EnhancedMel.transcribe: audio_to_gpu=0.3ms, features=0.7ms, model=16.8ms, decode=7.9ms | TOTAL=25.7ms for 3000ms audio (RTF=0.01x)
[TIMING] stream_chunk[experiment-c6b767a6e9b4412f91b26463b87acd8a](live_neural): decode=0.2ms, inference=30.3ms, second_pass=0.0ms, contention=0.0ms, TOTAL=30.7ms | audio=600ms, RTF=0.05x | model=enhanced_mel, neural_total=29.9ms, model_inference=16.8ms
[TIMING] EnhancedMel.transcribe: audio_to_gpu=0.3ms, features=1.6ms, model=16.2ms, decode=8.7ms | TOTAL=26.9ms for 3000ms audio (RTF=0.01x)
[TIMING] stream_chunk[experiment-c6b767a6e9b4412f91b26463b87acd8a](live_neural): decode=0.2ms, inference=31.7ms, second_pass=0.0ms, contention=0.0ms, TOTAL=32.1ms | audio=600ms, RTF=0.05x | model=enhanced_mel, neural_total=31.2ms, model_inference=16.2ms
[TIMING] EnhancedMel.transcribe: audio_to_gpu=0.5ms, features=0.8ms, model=20.9ms, decode=3.1ms | TOTAL=25.3ms for 600ms audio (RTF=0.04x)
[TIMING] stream_chunk[experiment-0e3dde2b7d4f460692fd73e8dab2fa7a](live_neural): decode=0.2ms, inference=29.1ms, second_pass=0.0ms, contention=0.0ms, TOTAL=29.4ms | audio=600ms, RTF=0.05x | model=enhanced_mel, neural_total=28.6ms, model_inference=20.9ms
[TIMING] EnhancedMel.transcribe: audio_to_gpu=0.3ms, features=0.5ms, model=17.2ms, decode=3.2ms | TOTAL=21.1ms for 1200ms audio (RTF=0.02x)
[TIMING] stream_chunk[experiment-0e3dde2b7d4f460692fd73e8dab2fa7a](live_neural): decode=0.1ms, inference=24.4ms, second_pass=0.0ms, contention=0.0ms, TOTAL=24.7ms | audio=600ms, RTF=0.04x | model=enhanced_mel, neural_total=24.0ms, model_inference=17.2ms
[TIMING] EnhancedMel.transcribe: audio_to_gpu=0.4ms, features=0.7ms, model=19.1ms, decode=4.5ms | TOTAL=24.7ms for 1800ms audio (RTF=0.01x)
[TIMING] stream_chunk[experiment-0e3dde2b7d4f460692fd73e8dab2fa7a](live_neural): decode=0.1ms, inference=27.9ms, second_pass=0.0ms, contention=0.0ms, TOTAL=28.2ms | audio=600ms, RTF=0.05x | model=enhanced_mel, neural_total=27.6ms, model_inference=19.1ms
[TIMING] EnhancedMel.transcribe: audio_to_gpu=0.3ms, features=0.6ms, model=15.7ms, decode=5.9ms | TOTAL=22.5ms for 2400ms audio (RTF=0.01x)
[TIMING] stream_chunk[experiment-0e3dde2b7d4f460692fd73e8dab2fa7a](live_neural): decode=0.1ms, inference=28.2ms, second_pass=0.0ms, contention=0.0ms, TOTAL=28.5ms | audio=600ms, RTF=0.05x | model=enhanced_mel, neural_total=27.7ms, model_inference=15.7ms
[TIMING] EnhancedMel.transcribe: audio_to_gpu=0.4ms, features=2.1ms, model=19.4ms, decode=11.8ms | TOTAL=33.7ms for 3000ms audio (RTF=0.01x)
[TIMING] stream_chunk[experiment-0e3dde2b7d4f460692fd73e8dab2fa7a](live_neural): decode=0.1ms, inference=38.1ms, second_pass=0.0ms, contention=0.0ms, TOTAL=38.5ms | audio=600ms, RTF=0.06x | model=enhanced_mel, neural_total=37.4ms, model_inference=19.4ms
[TIMING] EnhancedMel.transcribe: audio_to_gpu=0.4ms, features=0.8ms, model=23.9ms, decode=8.4ms | TOTAL=33.4ms for 3000ms audio (RTF=0.01x)
[TIMING] stream_chunk[experiment-0e3dde2b7d4f460692fd73e8dab2fa7a](live_neural): decode=0.4ms, inference=39.1ms, second_pass=0.0ms, contention=0.0ms, TOTAL=39.9ms | audio=600ms, RTF=0.07x | model=enhanced_mel, neural_total=38.5ms, model_inference=23.9ms
[TIMING] EnhancedMel.transcribe: audio_to_gpu=0.3ms, features=0.6ms, model=16.2ms, decode=12.2ms | TOTAL=29.2ms for 3000ms audio (RTF=0.01x)
[TIMING] stream_chunk[experiment-0e3dde2b7d4f460692fd73e8dab2fa7a](live_neural): decode=0.2ms, inference=33.9ms, second_pass=0.0ms, contention=0.0ms, TOTAL=34.2ms | audio=600ms, RTF=0.06x | model=enhanced_mel, neural_total=33.2ms, model_inference=16.2ms
[TIMING] EnhancedMel.transcribe: audio_to_gpu=0.4ms, features=0.9ms, model=19.4ms, decode=7.7ms | TOTAL=28.3ms for 3000ms audio (RTF=0.01x)
[TIMING] stream_chunk[experiment-0e3dde2b7d4f460692fd73e8dab2fa7a](live_neural): decode=0.3ms, inference=33.0ms, second_pass=0.0ms, contention=0.0ms, TOTAL=33.6ms | audio=600ms, RTF=0.06x | model=enhanced_mel, neural_total=32.3ms, model_inference=19.4ms
[TIMING] EnhancedMel.transcribe: audio_to_gpu=0.3ms, features=0.8ms, model=24.4ms, decode=9.9ms | TOTAL=35.4ms for 3000ms audio (RTF=0.01x)
[TIMING] stream_chunk[experiment-0e3dde2b7d4f460692fd73e8dab2fa7a](live_neural): decode=0.2ms, inference=40.9ms, second_pass=0.0ms, contention=0.0ms, TOTAL=41.4ms | audio=600ms, RTF=0.07x | model=enhanced_mel, neural_total=40.3ms, model_inference=24.4ms
[TIMING] EnhancedMel.transcribe: audio_to_gpu=0.3ms, features=3.1ms, model=22.3ms, decode=12.5ms | TOTAL=38.3ms for 3000ms audio (RTF=0.01x)
[TIMING] stream_chunk[experiment-0e3dde2b7d4f460692fd73e8dab2fa7a](live_neural): decode=0.1ms, inference=42.3ms, second_pass=0.0ms, contention=0.0ms, TOTAL=42.7ms | audio=600ms, RTF=0.07x | model=enhanced_mel, neural_total=41.7ms, model_inference=22.3ms

[CLIP_045] Sonata in C Major, K. 132
  excerpt: start=84.00s end=90.00s duration=6.00s gt_notes=69 rms=0.0391 peak=0.2202 crest=5.629 rms_std=0.0212
    control:
      note metrics: precision=0.875 recall=0.913 f1=0.894 matched=63/69 pred=72
      strict onset f1: 10ms=0.582 20ms=0.837 30ms=0.879
      timing metrics: offset_f1=0.780 rhythm_precision=0.873 note_value_acc=0.619 note_value_n=63 avg_beat_error=0.161
      duplicate metrics: duplicates=0 per_100_notes=0.00
      boundary metrics: gt=18 matched=18 missed=0 miss_rate=0.000
      latency: avg_chunk_ms=30.36 p95_chunk_ms=36.29 avg_rtf=0.051
      notation metrics: first_correct_ms=36.2 visible_p50_ms=351.7 visible_p95_ms=624.2 stabilize_p50_ms=1527.8 stabilize_p95_ms=2332.5 avg_revisions=1.69 matched=52 refined=52 snapshots=20
      algorithmic latency: first_correct_ms=7.3 visible_p50_ms=320.3 visible_p95_ms=593.6 stabilize_p50_ms=1303.1 stabilize_p95_ms=2132.3
      final display note metrics: precision=0.868 recall=0.855 f1=0.861 matched=59/69 pred=68
      final display strict onset f1: 10ms=0.569 20ms=0.803 30ms=0.847
      final display timing: offset_f1=0.745 rhythm_precision=0.864 note_value_acc=0.407 note_value_n=59 avg_beat_error=0.214
      final display structure: cluster_f1=0.549 onset_align_recall=0.863 avg_jaccard=0.795 exact=28/51 pred=51 over=6 under=8 pitch_conflicts=2 missed_gt=7
      threshold profiles: hit_rate=0.000 thresholds=[0.55] profiles={'fixed_baseline': 10}
    treatment:
      note metrics: precision=0.875 recall=0.913 f1=0.894 matched=63/69 pred=72
      strict onset f1: 10ms=0.582 20ms=0.837 30ms=0.879
      timing metrics: offset_f1=0.780 rhythm_precision=0.873 note_value_acc=0.619 note_value_n=63 avg_beat_error=0.161
      duplicate metrics: duplicates=0 per_100_notes=0.00
      boundary metrics: gt=18 matched=18 missed=0 miss_rate=0.000
      latency: avg_chunk_ms=34.10 p95_chunk_ms=42.08 avg_rtf=0.057
      notation metrics: first_correct_ms=41.5 visible_p50_ms=360.9 visible_p95_ms=630.9 stabilize_p50_ms=1522.6 stabilize_p95_ms=2330.7 avg_revisions=1.69 matched=52 refined=52 snapshots=20
      algorithmic latency: first_correct_ms=7.3 visible_p50_ms=320.3 visible_p95_ms=593.6 stabilize_p50_ms=1303.1 stabilize_p95_ms=2132.3
      final display note metrics: precision=0.868 recall=0.855 f1=0.861 matched=59/69 pred=68
      final display strict onset f1: 10ms=0.569 20ms=0.803 30ms=0.847
      final display timing: offset_f1=0.745 rhythm_precision=0.864 note_value_acc=0.407 note_value_n=59 avg_beat_error=0.214
      final display structure: cluster_f1=0.549 onset_align_recall=0.863 avg_jaccard=0.795 exact=28/51 pred=51 over=6 under=8 pitch_conflicts=2 missed_gt=7
      threshold profiles: hit_rate=0.400 thresholds=[0.51, 0.55] profiles={'baseline_nominal': 6, 'soft_sparse_recall': 4}
    delta treatment-control: precision=+0.000 recall=+0.000 f1=+0.000 offset_f1=+0.000 note_value_acc=+0.000 dup_per_100=+0.00 boundary_miss_rate=+0.000 p95_chunk_ms=+5.79 f1_10ms=+0.000 f1_20ms=+0.000 f1_30ms=+0.000 visible_p50_ms=+9.3 stabilize_p50_ms=-5.2 algo_visible_p50_ms=+0.0 algo_stabilize_p50_ms=+0.0 avg_revisions=+0.00 display_note_f1=+0.000 display_offset_f1=+0.000 display_cluster_f1=+0.000 display_cluster_jaccard=+0.000
    failure buckets: ['high_revision_slow_stabilization']
[TIMING] EnhancedMel.transcribe: audio_to_gpu=0.9ms, features=0.6ms, model=19.0ms, decode=2.9ms | TOTAL=23.4ms for 600ms audio (RTF=0.04x)
[TIMING] stream_chunk[experiment-b163d07cffc84f29b75d7ae27529a2e0](live_neural): decode=0.2ms, inference=26.8ms, second_pass=0.0ms, contention=0.0ms, TOTAL=27.1ms | audio=600ms, RTF=0.05x | model=enhanced_mel, neural_total=26.2ms, model_inference=19.0ms
[TIMING] EnhancedMel.transcribe: audio_to_gpu=0.2ms, features=0.5ms, model=21.2ms, decode=4.5ms | TOTAL=26.4ms for 1200ms audio (RTF=0.02x)
[TIMING] stream_chunk[experiment-b163d07cffc84f29b75d7ae27529a2e0](live_neural): decode=0.1ms, inference=29.2ms, second_pass=0.0ms, contention=0.0ms, TOTAL=29.6ms | audio=600ms, RTF=0.05x | model=enhanced_mel, neural_total=28.8ms, model_inference=21.2ms
[TIMING] EnhancedMel.transcribe: audio_to_gpu=0.2ms, features=0.4ms, model=14.4ms, decode=4.9ms | TOTAL=20.0ms for 1800ms audio (RTF=0.01x)
[TIMING] stream_chunk[experiment-b163d07cffc84f29b75d7ae27529a2e0](live_neural): decode=0.2ms, inference=22.8ms, second_pass=0.0ms, contention=0.0ms, TOTAL=23.1ms | audio=600ms, RTF=0.04x | model=enhanced_mel, neural_total=22.5ms, model_inference=14.4ms
[TIMING] EnhancedMel.transcribe: audio_to_gpu=0.3ms, features=0.6ms, model=15.2ms, decode=6.5ms | TOTAL=22.5ms for 2400ms audio (RTF=0.01x)
[TIMING] stream_chunk[experiment-b163d07cffc84f29b75d7ae27529a2e0](live_neural): decode=0.2ms, inference=25.7ms, second_pass=0.0ms, contention=0.0ms, TOTAL=26.1ms | audio=600ms, RTF=0.04x | model=enhanced_mel, neural_total=25.4ms, model_inference=15.2ms
[TIMING] EnhancedMel.transcribe: audio_to_gpu=0.4ms, features=0.6ms, model=16.9ms, decode=9.5ms | TOTAL=27.4ms for 3000ms audio (RTF=0.01x)
[TIMING] stream_chunk[experiment-b163d07cffc84f29b75d7ae27529a2e0](live_neural): decode=0.2ms, inference=31.2ms, second_pass=0.0ms, contention=0.0ms, TOTAL=31.6ms | audio=600ms, RTF=0.05x | model=enhanced_mel, neural_total=30.8ms, model_inference=16.9ms
[TIMING] EnhancedMel.transcribe: audio_to_gpu=0.3ms, features=0.7ms, model=16.7ms, decode=13.6ms | TOTAL=31.4ms for 3000ms audio (RTF=0.01x)
[TIMING] stream_chunk[experiment-b163d07cffc84f29b75d7ae27529a2e0](live_neural): decode=0.1ms, inference=35.5ms, second_pass=0.0ms, contention=0.0ms, TOTAL=35.9ms | audio=600ms, RTF=0.06x | model=enhanced_mel, neural_total=34.8ms, model_inference=16.7ms
[TIMING] EnhancedMel.transcribe: audio_to_gpu=0.3ms, features=0.9ms, model=20.7ms, decode=8.0ms | TOTAL=30.0ms for 3000ms audio (RTF=0.01x)
[TIMING] stream_chunk[experiment-b163d07cffc84f29b75d7ae27529a2e0](live_neural): decode=0.3ms, inference=35.6ms, second_pass=0.0ms, contention=0.0ms, TOTAL=36.1ms | audio=600ms, RTF=0.06x | model=enhanced_mel, neural_total=34.9ms, model_inference=20.7ms
[TIMING] EnhancedMel.transcribe: audio_to_gpu=0.3ms, features=0.5ms, model=18.7ms, decode=9.3ms | TOTAL=28.8ms for 3000ms audio (RTF=0.01x)
[TIMING] stream_chunk[experiment-b163d07cffc84f29b75d7ae27529a2e0](live_neural): decode=0.2ms, inference=32.6ms, second_pass=0.0ms, contention=0.0ms, TOTAL=33.0ms | audio=600ms, RTF=0.05x | model=enhanced_mel, neural_total=32.1ms, model_inference=18.7ms
[TIMING] EnhancedMel.transcribe: audio_to_gpu=0.3ms, features=0.6ms, model=16.8ms, decode=9.1ms | TOTAL=26.8ms for 3000ms audio (RTF=0.01x)
[TIMING] stream_chunk[experiment-b163d07cffc84f29b75d7ae27529a2e0](live_neural): decode=0.2ms, inference=30.5ms, second_pass=0.0ms, contention=0.0ms, TOTAL=30.9ms | audio=600ms, RTF=0.05x | model=enhanced_mel, neural_total=29.9ms, model_inference=16.8ms
[TIMING] EnhancedMel.transcribe: audio_to_gpu=0.3ms, features=0.5ms, model=22.2ms, decode=9.9ms | TOTAL=33.0ms for 3000ms audio (RTF=0.01x)
[TIMING] stream_chunk[experiment-b163d07cffc84f29b75d7ae27529a2e0](live_neural): decode=0.2ms, inference=36.3ms, second_pass=0.0ms, contention=0.0ms, TOTAL=36.8ms | audio=600ms, RTF=0.06x | model=enhanced_mel, neural_total=35.8ms, model_inference=22.2ms
[TIMING] EnhancedMel.transcribe: audio_to_gpu=0.5ms, features=0.8ms, model=13.0ms, decode=2.3ms | TOTAL=16.7ms for 600ms audio (RTF=0.03x)
[TIMING] stream_chunk[experiment-71ae312904b24095ac7d90f1ac583839](live_neural): decode=0.2ms, inference=19.7ms, second_pass=0.0ms, contention=0.0ms, TOTAL=19.9ms | audio=600ms, RTF=0.03x | model=enhanced_mel, neural_total=19.2ms, model_inference=13.0ms
[TIMING] EnhancedMel.transcribe: audio_to_gpu=0.2ms, features=0.4ms, model=15.3ms, decode=2.5ms | TOTAL=18.4ms for 1200ms audio (RTF=0.02x)
[TIMING] stream_chunk[experiment-71ae312904b24095ac7d90f1ac583839](live_neural): decode=0.3ms, inference=21.4ms, second_pass=0.0ms, contention=0.0ms, TOTAL=21.9ms | audio=600ms, RTF=0.04x | model=enhanced_mel, neural_total=20.9ms, model_inference=15.3ms
[TIMING] EnhancedMel.transcribe: audio_to_gpu=0.2ms, features=0.4ms, model=15.4ms, decode=3.7ms | TOTAL=19.7ms for 1800ms audio (RTF=0.01x)
[TIMING] stream_chunk[experiment-71ae312904b24095ac7d90f1ac583839](live_neural): decode=0.2ms, inference=22.5ms, second_pass=0.0ms, contention=0.0ms, TOTAL=22.9ms | audio=600ms, RTF=0.04x | model=enhanced_mel, neural_total=22.1ms, model_inference=15.4ms
[TIMING] EnhancedMel.transcribe: audio_to_gpu=0.3ms, features=0.6ms, model=19.2ms, decode=11.2ms | TOTAL=31.2ms for 2400ms audio (RTF=0.01x)
[TIMING] stream_chunk[experiment-71ae312904b24095ac7d90f1ac583839](live_neural): decode=0.2ms, inference=34.8ms, second_pass=0.0ms, contention=0.0ms, TOTAL=35.3ms | audio=600ms, RTF=0.06x | model=enhanced_mel, neural_total=34.3ms, model_inference=19.2ms
[TIMING] EnhancedMel.transcribe: audio_to_gpu=0.3ms, features=0.7ms, model=18.5ms, decode=9.3ms | TOTAL=28.8ms for 3000ms audio (RTF=0.01x)
[TIMING] stream_chunk[experiment-71ae312904b24095ac7d90f1ac583839](live_neural): decode=0.3ms, inference=34.6ms, second_pass=0.0ms, contention=0.0ms, TOTAL=35.1ms | audio=600ms, RTF=0.06x | model=enhanced_mel, neural_total=34.0ms, model_inference=18.5ms
[TIMING] EnhancedMel.transcribe: audio_to_gpu=0.2ms, features=0.5ms, model=18.8ms, decode=7.9ms | TOTAL=27.4ms for 3000ms audio (RTF=0.01x)
[TIMING] stream_chunk[experiment-71ae312904b24095ac7d90f1ac583839](live_neural): decode=0.2ms, inference=32.2ms, second_pass=0.0ms, contention=0.0ms, TOTAL=32.6ms | audio=600ms, RTF=0.05x | model=enhanced_mel, neural_total=31.7ms, model_inference=18.8ms
[TIMING] EnhancedMel.transcribe: audio_to_gpu=0.4ms, features=0.6ms, model=21.4ms, decode=11.8ms | TOTAL=34.3ms for 3000ms audio (RTF=0.01x)
[TIMING] stream_chunk[experiment-71ae312904b24095ac7d90f1ac583839](live_neural): decode=0.2ms, inference=39.9ms, second_pass=0.0ms, contention=0.0ms, TOTAL=40.4ms | audio=600ms, RTF=0.07x | model=enhanced_mel, neural_total=39.2ms, model_inference=21.4ms
[TIMING] EnhancedMel.transcribe: audio_to_gpu=0.3ms, features=0.8ms, model=22.3ms, decode=13.4ms | TOTAL=36.8ms for 3000ms audio (RTF=0.01x)
[TIMING] stream_chunk[experiment-71ae312904b24095ac7d90f1ac583839](live_neural): decode=0.2ms, inference=42.2ms, second_pass=0.0ms, contention=0.0ms, TOTAL=42.6ms | audio=600ms, RTF=0.07x | model=enhanced_mel, neural_total=41.7ms, model_inference=22.3ms
[TIMING] EnhancedMel.transcribe: audio_to_gpu=0.4ms, features=0.7ms, model=20.1ms, decode=10.4ms | TOTAL=31.7ms for 3000ms audio (RTF=0.01x)
[TIMING] stream_chunk[experiment-71ae312904b24095ac7d90f1ac583839](live_neural): decode=0.2ms, inference=37.0ms, second_pass=0.0ms, contention=0.0ms, TOTAL=37.4ms | audio=600ms, RTF=0.06x | model=enhanced_mel, neural_total=36.6ms, model_inference=20.1ms
[TIMING] EnhancedMel.transcribe: audio_to_gpu=0.3ms, features=1.0ms, model=15.6ms, decode=6.6ms | TOTAL=23.5ms for 3000ms audio (RTF=0.01x)
[TIMING] stream_chunk[experiment-71ae312904b24095ac7d90f1ac583839](live_neural): decode=0.2ms, inference=27.5ms, second_pass=0.0ms, contention=0.0ms, TOTAL=28.0ms | audio=600ms, RTF=0.05x | model=enhanced_mel, neural_total=27.1ms, model_inference=15.6ms

[CLIP_046] Sonata in D Major, K. 118
  excerpt: start=9.00s end=15.00s duration=6.00s gt_notes=86 rms=0.0403 peak=0.2391 crest=5.927 rms_std=0.0103
    control:
      note metrics: precision=0.924 recall=0.988 f1=0.955 matched=85/86 pred=92
      strict onset f1: 10ms=0.865 20ms=0.955 30ms=0.955
      timing metrics: offset_f1=0.921 rhythm_precision=0.965 note_value_acc=0.435 note_value_n=85 avg_beat_error=0.068
      duplicate metrics: duplicates=3 per_100_notes=3.26
      boundary metrics: gt=29 matched=29 missed=0 miss_rate=0.000
      latency: avg_chunk_ms=31.01 p95_chunk_ms=36.49 avg_rtf=0.052
      notation metrics: first_correct_ms=38.1 visible_p50_ms=322.8 visible_p95_ms=594.1 stabilize_p50_ms=1339.2 stabilize_p95_ms=2120.7 avg_revisions=1.53 matched=62 refined=62 snapshots=20
      algorithmic latency: first_correct_ms=12.0 visible_p50_ms=292.6 visible_p95_ms=566.6 stabilize_p50_ms=1071.5 stabilize_p95_ms=1887.4
      final display note metrics: precision=0.955 recall=0.977 f1=0.966 matched=84/86 pred=88
      final display strict onset f1: 10ms=0.851 20ms=0.954 30ms=0.954
      final display timing: offset_f1=0.931 rhythm_precision=0.964 note_value_acc=0.226 note_value_n=84 avg_beat_error=0.115
      final display structure: cluster_f1=0.922 onset_align_recall=1.000 avg_jaccard=0.961 exact=59/64 pred=64 over=3 under=1 pitch_conflicts=1 missed_gt=0
      threshold profiles: hit_rate=0.000 thresholds=[0.55] profiles={'fixed_baseline': 10}
    treatment:
      note metrics: precision=0.924 recall=0.988 f1=0.955 matched=85/86 pred=92
      strict onset f1: 10ms=0.865 20ms=0.955 30ms=0.955
      timing metrics: offset_f1=0.921 rhythm_precision=0.965 note_value_acc=0.435 note_value_n=85 avg_beat_error=0.068
      duplicate metrics: duplicates=3 per_100_notes=3.26
      boundary metrics: gt=29 matched=29 missed=0 miss_rate=0.000
      latency: avg_chunk_ms=31.60 p95_chunk_ms=41.60 avg_rtf=0.053
      notation metrics: first_correct_ms=37.9 visible_p50_ms=320.7 visible_p95_ms=601.2 stabilize_p50_ms=1331.9 stabilize_p95_ms=2118.5 avg_revisions=1.53 matched=62 refined=62 snapshots=20
      algorithmic latency: first_correct_ms=12.0 visible_p50_ms=292.6 visible_p95_ms=566.6 stabilize_p50_ms=1071.5 stabilize_p95_ms=1887.4
      final display note metrics: precision=0.955 recall=0.977 f1=0.966 matched=84/86 pred=88
      final display strict onset f1: 10ms=0.851 20ms=0.954 30ms=0.954
      final display timing: offset_f1=0.931 rhythm_precision=0.964 note_value_acc=0.226 note_value_n=84 avg_beat_error=0.115
      final display structure: cluster_f1=0.922 onset_align_recall=1.000 avg_jaccard=0.961 exact=59/64 pred=64 over=3 under=1 pitch_conflicts=1 missed_gt=0
      threshold profiles: hit_rate=0.000 thresholds=[0.55] profiles={'baseline_nominal': 10}
    delta treatment-control: precision=+0.000 recall=+0.000 f1=+0.000 offset_f1=+0.000 note_value_acc=+0.000 dup_per_100=+0.00 boundary_miss_rate=+0.000 p95_chunk_ms=+5.11 f1_10ms=+0.000 f1_20ms=+0.000 f1_30ms=+0.000 visible_p50_ms=-2.1 stabilize_p50_ms=-7.2 algo_visible_p50_ms=+0.0 algo_stabilize_p50_ms=+0.0 avg_revisions=+0.00 display_note_f1=+0.000 display_offset_f1=+0.000 display_cluster_f1=+0.000 display_cluster_jaccard=+0.000
    failure buckets: ['high_revision_slow_stabilization', 'note_value_offset_failure']
[TIMING] EnhancedMel.transcribe: audio_to_gpu=0.7ms, features=1.9ms, model=19.8ms, decode=1.3ms | TOTAL=23.6ms for 600ms audio (RTF=0.04x)
[TIMING] stream_chunk[experiment-0549f2b0835a46c7970f5d26d4322e13](live_neural): decode=0.2ms, inference=25.5ms, second_pass=0.0ms, contention=0.0ms, TOTAL=25.8ms | audio=600ms, RTF=0.04x | model=enhanced_mel, neural_total=24.9ms, model_inference=19.8ms
[TIMING] EnhancedMel.transcribe: audio_to_gpu=0.2ms, features=0.4ms, model=11.4ms, decode=2.6ms | TOTAL=14.6ms for 1200ms audio (RTF=0.01x)
[TIMING] stream_chunk[experiment-0549f2b0835a46c7970f5d26d4322e13](live_neural): decode=0.2ms, inference=17.1ms, second_pass=0.0ms, contention=0.0ms, TOTAL=17.5ms | audio=600ms, RTF=0.03x | model=enhanced_mel, neural_total=16.6ms, model_inference=11.4ms
[TIMING] EnhancedMel.transcribe: audio_to_gpu=0.2ms, features=0.4ms, model=12.0ms, decode=3.2ms | TOTAL=15.7ms for 1800ms audio (RTF=0.01x)
[TIMING] stream_chunk[experiment-0549f2b0835a46c7970f5d26d4322e13](live_neural): decode=0.2ms, inference=18.4ms, second_pass=0.0ms, contention=0.0ms, TOTAL=18.7ms | audio=600ms, RTF=0.03x | model=enhanced_mel, neural_total=17.9ms, model_inference=12.0ms
[TIMING] EnhancedMel.transcribe: audio_to_gpu=0.3ms, features=0.5ms, model=11.0ms, decode=7.9ms | TOTAL=19.6ms for 2400ms audio (RTF=0.01x)
[TIMING] stream_chunk[experiment-0549f2b0835a46c7970f5d26d4322e13](live_neural): decode=0.2ms, inference=22.2ms, second_pass=0.0ms, contention=0.0ms, TOTAL=22.6ms | audio=600ms, RTF=0.04x | model=enhanced_mel, neural_total=21.6ms, model_inference=11.0ms
[TIMING] EnhancedMel.transcribe: audio_to_gpu=0.3ms, features=0.7ms, model=15.8ms, decode=7.2ms | TOTAL=24.1ms for 3000ms audio (RTF=0.01x)
[TIMING] stream_chunk[experiment-0549f2b0835a46c7970f5d26d4322e13](live_neural): decode=0.3ms, inference=29.1ms, second_pass=0.0ms, contention=0.0ms, TOTAL=29.6ms | audio=600ms, RTF=0.05x | model=enhanced_mel, neural_total=28.5ms, model_inference=15.8ms
[TIMING] EnhancedMel.transcribe: audio_to_gpu=0.4ms, features=0.5ms, model=15.4ms, decode=9.8ms | TOTAL=26.1ms for 3000ms audio (RTF=0.01x)
[TIMING] stream_chunk[experiment-0549f2b0835a46c7970f5d26d4322e13](live_neural): decode=0.2ms, inference=30.3ms, second_pass=0.0ms, contention=0.0ms, TOTAL=30.7ms | audio=600ms, RTF=0.05x | model=enhanced_mel, neural_total=29.6ms, model_inference=15.4ms
[TIMING] EnhancedMel.transcribe: audio_to_gpu=0.4ms, features=0.8ms, model=19.5ms, decode=7.2ms | TOTAL=28.0ms for 3000ms audio (RTF=0.01x)
[TIMING] stream_chunk[experiment-0549f2b0835a46c7970f5d26d4322e13](live_neural): decode=0.3ms, inference=32.6ms, second_pass=0.0ms, contention=0.0ms, TOTAL=33.1ms | audio=600ms, RTF=0.06x | model=enhanced_mel, neural_total=32.0ms, model_inference=19.5ms
[TIMING] EnhancedMel.transcribe: audio_to_gpu=0.4ms, features=1.0ms, model=23.1ms, decode=12.4ms | TOTAL=37.0ms for 3000ms audio (RTF=0.01x)
[TIMING] stream_chunk[experiment-0549f2b0835a46c7970f5d26d4322e13](live_neural): decode=0.2ms, inference=41.1ms, second_pass=0.0ms, contention=0.0ms, TOTAL=41.7ms | audio=600ms, RTF=0.07x | model=enhanced_mel, neural_total=40.5ms, model_inference=23.1ms
[TIMING] EnhancedMel.transcribe: audio_to_gpu=0.3ms, features=0.8ms, model=15.9ms, decode=6.4ms | TOTAL=23.5ms for 3000ms audio (RTF=0.01x)
[TIMING] stream_chunk[experiment-0549f2b0835a46c7970f5d26d4322e13](live_neural): decode=0.2ms, inference=28.4ms, second_pass=0.0ms, contention=0.0ms, TOTAL=28.8ms | audio=600ms, RTF=0.05x | model=enhanced_mel, neural_total=27.7ms, model_inference=15.9ms
[TIMING] EnhancedMel.transcribe: audio_to_gpu=0.4ms, features=0.9ms, model=12.0ms, decode=5.5ms | TOTAL=18.9ms for 3000ms audio (RTF=0.01x)
[TIMING] stream_chunk[experiment-0549f2b0835a46c7970f5d26d4322e13](live_neural): decode=0.2ms, inference=22.5ms, second_pass=0.0ms, contention=0.0ms, TOTAL=22.9ms | audio=600ms, RTF=0.04x | model=enhanced_mel, neural_total=22.0ms, model_inference=12.0ms
[TIMING] EnhancedMel.transcribe: audio_to_gpu=0.3ms, features=0.8ms, model=13.2ms, decode=3.0ms | TOTAL=17.2ms for 600ms audio (RTF=0.03x)
[TIMING] stream_chunk[experiment-232ed5881d574d9fa2e09af76cde4416](live_neural): decode=0.2ms, inference=19.0ms, second_pass=0.0ms, contention=0.0ms, TOTAL=19.2ms | audio=600ms, RTF=0.03x | model=enhanced_mel, neural_total=18.5ms, model_inference=13.2ms
[TIMING] EnhancedMel.transcribe: audio_to_gpu=0.3ms, features=0.7ms, model=19.0ms, decode=3.0ms | TOTAL=23.1ms for 1200ms audio (RTF=0.02x)
[TIMING] stream_chunk[experiment-232ed5881d574d9fa2e09af76cde4416](live_neural): decode=0.2ms, inference=27.1ms, second_pass=0.0ms, contention=0.0ms, TOTAL=27.4ms | audio=600ms, RTF=0.05x | model=enhanced_mel, neural_total=26.6ms, model_inference=19.0ms
[TIMING] EnhancedMel.transcribe: audio_to_gpu=0.2ms, features=0.6ms, model=16.9ms, decode=4.9ms | TOTAL=22.6ms for 1800ms audio (RTF=0.01x)
[TIMING] stream_chunk[experiment-232ed5881d574d9fa2e09af76cde4416](live_neural): decode=0.2ms, inference=26.9ms, second_pass=0.0ms, contention=0.0ms, TOTAL=27.2ms | audio=600ms, RTF=0.05x | model=enhanced_mel, neural_total=26.5ms, model_inference=16.9ms
[TIMING] EnhancedMel.transcribe: audio_to_gpu=0.2ms, features=0.6ms, model=20.6ms, decode=6.1ms | TOTAL=27.6ms for 2400ms audio (RTF=0.01x)
[TIMING] stream_chunk[experiment-232ed5881d574d9fa2e09af76cde4416](live_neural): decode=0.1ms, inference=32.3ms, second_pass=0.0ms, contention=0.0ms, TOTAL=32.5ms | audio=600ms, RTF=0.05x | model=enhanced_mel, neural_total=31.9ms, model_inference=20.6ms
[TIMING] EnhancedMel.transcribe: audio_to_gpu=0.2ms, features=1.0ms, model=13.6ms, decode=8.8ms | TOTAL=23.7ms for 3000ms audio (RTF=0.01x)
[TIMING] stream_chunk[experiment-232ed5881d574d9fa2e09af76cde4416](live_neural): decode=0.2ms, inference=28.9ms, second_pass=0.0ms, contention=0.0ms, TOTAL=29.3ms | audio=600ms, RTF=0.05x | model=enhanced_mel, neural_total=28.4ms, model_inference=13.6ms
[TIMING] EnhancedMel.transcribe: audio_to_gpu=0.3ms, features=0.8ms, model=22.7ms, decode=8.7ms | TOTAL=32.4ms for 3000ms audio (RTF=0.01x)
[TIMING] stream_chunk[experiment-232ed5881d574d9fa2e09af76cde4416](live_neural): decode=0.2ms, inference=37.7ms, second_pass=0.0ms, contention=0.0ms, TOTAL=38.0ms | audio=600ms, RTF=0.06x | model=enhanced_mel, neural_total=37.1ms, model_inference=22.7ms
[TIMING] EnhancedMel.transcribe: audio_to_gpu=0.3ms, features=0.7ms, model=23.4ms, decode=10.9ms | TOTAL=35.3ms for 3000ms audio (RTF=0.01x)
[TIMING] stream_chunk[experiment-232ed5881d574d9fa2e09af76cde4416](live_neural): decode=0.3ms, inference=40.9ms, second_pass=0.0ms, contention=0.0ms, TOTAL=41.4ms | audio=600ms, RTF=0.07x | model=enhanced_mel, neural_total=40.2ms, model_inference=23.4ms
[TIMING] EnhancedMel.transcribe: audio_to_gpu=0.3ms, features=0.8ms, model=17.0ms, decode=7.4ms | TOTAL=25.5ms for 3000ms audio (RTF=0.01x)
[TIMING] stream_chunk[experiment-232ed5881d574d9fa2e09af76cde4416](live_neural): decode=0.2ms, inference=30.7ms, second_pass=0.0ms, contention=0.0ms, TOTAL=31.0ms | audio=600ms, RTF=0.05x | model=enhanced_mel, neural_total=30.2ms, model_inference=17.0ms
[TIMING] EnhancedMel.transcribe: audio_to_gpu=0.3ms, features=0.6ms, model=15.5ms, decode=7.3ms | TOTAL=23.7ms for 3000ms audio (RTF=0.01x)
[TIMING] stream_chunk[experiment-232ed5881d574d9fa2e09af76cde4416](live_neural): decode=0.2ms, inference=28.7ms, second_pass=0.0ms, contention=0.0ms, TOTAL=29.0ms | audio=600ms, RTF=0.05x | model=enhanced_mel, neural_total=28.2ms, model_inference=15.5ms
[TIMING] EnhancedMel.transcribe: audio_to_gpu=0.4ms, features=3.5ms, model=16.6ms, decode=11.6ms | TOTAL=32.2ms for 3000ms audio (RTF=0.01x)
[TIMING] stream_chunk[experiment-232ed5881d574d9fa2e09af76cde4416](live_neural): decode=0.2ms, inference=35.1ms, second_pass=0.0ms, contention=0.0ms, TOTAL=35.4ms | audio=600ms, RTF=0.06x | model=enhanced_mel, neural_total=34.4ms, model_inference=16.6ms

[CLIP_047] Etude Op. 42, Nos. 4 & 5
  excerpt: start=57.00s end=63.00s duration=6.00s gt_notes=51 rms=0.0933 peak=0.5488 crest=5.883 rms_std=0.0336
    control:
      note metrics: precision=0.845 recall=0.961 f1=0.899 matched=49/51 pred=58
      strict onset f1: 10ms=0.771 20ms=0.881 30ms=0.881
      timing metrics: offset_f1=0.367 rhythm_precision=0.408 note_value_acc=0.122 note_value_n=49 avg_beat_error=0.388
      duplicate metrics: duplicates=1 per_100_notes=1.72
      boundary metrics: gt=13 matched=13 missed=0 miss_rate=0.000
      latency: avg_chunk_ms=27.12 p95_chunk_ms=37.82 avg_rtf=0.045
      notation metrics: first_correct_ms=41.3 visible_p50_ms=363.7 visible_p95_ms=626.4 stabilize_p50_ms=1582.8 stabilize_p95_ms=2262.8 avg_revisions=1.90 matched=42 refined=42 snapshots=21
      algorithmic latency: first_correct_ms=9.9 visible_p50_ms=343.6 visible_p95_ms=596.6 stabilize_p50_ms=1067.8 stabilize_p95_ms=1737.9
      final display note metrics: precision=0.860 recall=0.961 f1=0.907 matched=49/51 pred=57
      final display strict onset f1: 10ms=0.778 20ms=0.889 30ms=0.889
      final display timing: offset_f1=0.370 rhythm_precision=0.408 note_value_acc=0.041 note_value_n=49 avg_beat_error=0.417
      final display structure: cluster_f1=0.734 onset_align_recall=0.947 avg_jaccard=0.903 exact=29/38 pred=41 over=5 under=2 pitch_conflicts=0 missed_gt=2
      threshold profiles: hit_rate=0.000 thresholds=[0.55] profiles={'fixed_baseline': 10}
    treatment:
      note metrics: precision=0.845 recall=0.961 f1=0.899 matched=49/51 pred=58
      strict onset f1: 10ms=0.771 20ms=0.881 30ms=0.881
      timing metrics: offset_f1=0.367 rhythm_precision=0.408 note_value_acc=0.122 note_value_n=49 avg_beat_error=0.388
      duplicate metrics: duplicates=1 per_100_notes=1.72
      boundary metrics: gt=13 matched=13 missed=0 miss_rate=0.000
      latency: avg_chunk_ms=31.05 p95_chunk_ms=39.88 avg_rtf=0.052
      notation metrics: first_correct_ms=41.0 visible_p50_ms=373.6 visible_p95_ms=633.9 stabilize_p50_ms=1583.2 stabilize_p95_ms=2269.7 avg_revisions=1.90 matched=42 refined=42 snapshots=21
      algorithmic latency: first_correct_ms=9.9 visible_p50_ms=343.6 visible_p95_ms=596.6 stabilize_p50_ms=1067.8 stabilize_p95_ms=1737.9
      final display note metrics: precision=0.860 recall=0.961 f1=0.907 matched=49/51 pred=57
      final display strict onset f1: 10ms=0.778 20ms=0.889 30ms=0.889
      final display timing: offset_f1=0.370 rhythm_precision=0.408 note_value_acc=0.041 note_value_n=49 avg_beat_error=0.417
      final display structure: cluster_f1=0.734 onset_align_recall=0.947 avg_jaccard=0.903 exact=29/38 pred=41 over=5 under=2 pitch_conflicts=0 missed_gt=2
      threshold profiles: hit_rate=0.000 thresholds=[0.55] profiles={'baseline_nominal': 10}
    delta treatment-control: precision=+0.000 recall=+0.000 f1=+0.000 offset_f1=+0.000 note_value_acc=+0.000 dup_per_100=+0.00 boundary_miss_rate=+0.000 p95_chunk_ms=+2.05 f1_10ms=+0.000 f1_20ms=+0.000 f1_30ms=+0.000 visible_p50_ms=+9.9 stabilize_p50_ms=+0.4 algo_visible_p50_ms=+0.0 algo_stabilize_p50_ms=+0.0 avg_revisions=+0.00 display_note_f1=+0.000 display_offset_f1=+0.000 display_cluster_f1=+0.000 display_cluster_jaccard=+0.000
    failure buckets: ['high_revision_slow_stabilization', 'note_value_offset_failure']
[TIMING] EnhancedMel.transcribe: audio_to_gpu=0.5ms, features=0.8ms, model=18.6ms, decode=2.0ms | TOTAL=21.9ms for 600ms audio (RTF=0.04x)
[TIMING] stream_chunk[experiment-84727fea05c34acea9cf3e592941b02d](live_neural): decode=0.2ms, inference=23.7ms, second_pass=0.0ms, contention=0.0ms, TOTAL=24.0ms | audio=600ms, RTF=0.04x | model=enhanced_mel, neural_total=23.3ms, model_inference=18.6ms
[TIMING] EnhancedMel.transcribe: audio_to_gpu=0.2ms, features=0.4ms, model=10.6ms, decode=2.3ms | TOTAL=13.5ms for 1200ms audio (RTF=0.01x)
[TIMING] stream_chunk[experiment-84727fea05c34acea9cf3e592941b02d](live_neural): decode=0.2ms, inference=15.4ms, second_pass=0.0ms, contention=0.0ms, TOTAL=15.7ms | audio=600ms, RTF=0.03x | model=enhanced_mel, neural_total=14.9ms, model_inference=10.6ms
[TIMING] EnhancedMel.transcribe: audio_to_gpu=0.5ms, features=0.6ms, model=20.4ms, decode=5.9ms | TOTAL=27.4ms for 1800ms audio (RTF=0.02x)
[TIMING] stream_chunk[experiment-84727fea05c34acea9cf3e592941b02d](live_neural): decode=0.2ms, inference=31.0ms, second_pass=0.0ms, contention=0.0ms, TOTAL=31.3ms | audio=600ms, RTF=0.05x | model=enhanced_mel, neural_total=30.4ms, model_inference=20.4ms
[TIMING] EnhancedMel.transcribe: audio_to_gpu=0.3ms, features=0.6ms, model=15.5ms, decode=5.5ms | TOTAL=21.9ms for 2400ms audio (RTF=0.01x)
[TIMING] stream_chunk[experiment-84727fea05c34acea9cf3e592941b02d](live_neural): decode=0.3ms, inference=25.4ms, second_pass=0.0ms, contention=0.0ms, TOTAL=25.9ms | audio=600ms, RTF=0.04x | model=enhanced_mel, neural_total=24.9ms, model_inference=15.5ms
[TIMING] EnhancedMel.transcribe: audio_to_gpu=0.5ms, features=0.7ms, model=21.9ms, decode=12.1ms | TOTAL=35.2ms for 3000ms audio (RTF=0.01x)
[TIMING] stream_chunk[experiment-84727fea05c34acea9cf3e592941b02d](live_neural): decode=0.2ms, inference=39.8ms, second_pass=0.0ms, contention=0.0ms, TOTAL=40.3ms | audio=600ms, RTF=0.07x | model=enhanced_mel, neural_total=39.2ms, model_inference=21.9ms
[TIMING] EnhancedMel.transcribe: audio_to_gpu=0.4ms, features=0.9ms, model=23.3ms, decode=7.3ms | TOTAL=31.8ms for 3000ms audio (RTF=0.01x)
[TIMING] stream_chunk[experiment-84727fea05c34acea9cf3e592941b02d](live_neural): decode=0.3ms, inference=37.2ms, second_pass=0.0ms, contention=0.0ms, TOTAL=37.8ms | audio=600ms, RTF=0.06x | model=enhanced_mel, neural_total=36.6ms, model_inference=23.3ms
[TIMING] EnhancedMel.transcribe: audio_to_gpu=0.5ms, features=4.4ms, model=19.2ms, decode=8.9ms | TOTAL=33.0ms for 3000ms audio (RTF=0.01x)
[TIMING] stream_chunk[experiment-84727fea05c34acea9cf3e592941b02d](live_neural): decode=0.2ms, inference=37.8ms, second_pass=0.0ms, contention=0.0ms, TOTAL=38.1ms | audio=600ms, RTF=0.06x | model=enhanced_mel, neural_total=37.2ms, model_inference=19.2ms
[TIMING] EnhancedMel.transcribe: audio_to_gpu=0.5ms, features=0.8ms, model=14.3ms, decode=7.6ms | TOTAL=23.1ms for 3000ms audio (RTF=0.01x)
[TIMING] stream_chunk[experiment-84727fea05c34acea9cf3e592941b02d](live_neural): decode=0.2ms, inference=28.4ms, second_pass=0.0ms, contention=0.0ms, TOTAL=28.8ms | audio=600ms, RTF=0.05x | model=enhanced_mel, neural_total=27.9ms, model_inference=14.3ms
[TIMING] EnhancedMel.transcribe: audio_to_gpu=0.3ms, features=3.8ms, model=20.5ms, decode=10.7ms | TOTAL=35.3ms for 3000ms audio (RTF=0.01x)
[TIMING] stream_chunk[experiment-84727fea05c34acea9cf3e592941b02d](live_neural): decode=0.3ms, inference=39.2ms, second_pass=0.0ms, contention=0.0ms, TOTAL=39.7ms | audio=600ms, RTF=0.07x | model=enhanced_mel, neural_total=38.7ms, model_inference=20.5ms
[TIMING] EnhancedMel.transcribe: audio_to_gpu=0.3ms, features=0.6ms, model=18.9ms, decode=11.0ms | TOTAL=30.8ms for 3000ms audio (RTF=0.01x)
[TIMING] stream_chunk[experiment-84727fea05c34acea9cf3e592941b02d](live_neural): decode=0.3ms, inference=34.7ms, second_pass=0.0ms, contention=0.0ms, TOTAL=35.2ms | audio=600ms, RTF=0.06x | model=enhanced_mel, neural_total=34.2ms, model_inference=18.9ms
[TIMING] EnhancedMel.transcribe: audio_to_gpu=0.4ms, features=0.6ms, model=21.1ms, decode=2.3ms | TOTAL=24.4ms for 600ms audio (RTF=0.04x)
[TIMING] stream_chunk[experiment-86ed1c46c96947cea90f151cd662714b](live_neural): decode=0.2ms, inference=27.1ms, second_pass=0.0ms, contention=0.0ms, TOTAL=27.3ms | audio=600ms, RTF=0.05x | model=enhanced_mel, neural_total=26.5ms, model_inference=21.1ms
[TIMING] EnhancedMel.transcribe: audio_to_gpu=0.2ms, features=0.7ms, model=16.2ms, decode=4.2ms | TOTAL=21.2ms for 1200ms audio (RTF=0.02x)
[TIMING] stream_chunk[experiment-86ed1c46c96947cea90f151cd662714b](live_neural): decode=0.1ms, inference=23.7ms, second_pass=0.0ms, contention=0.0ms, TOTAL=23.9ms | audio=600ms, RTF=0.04x | model=enhanced_mel, neural_total=23.3ms, model_inference=16.2ms
[TIMING] EnhancedMel.transcribe: audio_to_gpu=0.2ms, features=0.5ms, model=15.3ms, decode=7.9ms | TOTAL=24.0ms for 1800ms audio (RTF=0.01x)
[TIMING] stream_chunk[experiment-86ed1c46c96947cea90f151cd662714b](live_neural): decode=0.2ms, inference=27.0ms, second_pass=0.0ms, contention=0.0ms, TOTAL=27.3ms | audio=600ms, RTF=0.05x | model=enhanced_mel, neural_total=26.6ms, model_inference=15.3ms
[TIMING] EnhancedMel.transcribe: audio_to_gpu=0.2ms, features=4.1ms, model=21.6ms, decode=9.5ms | TOTAL=35.5ms for 2400ms audio (RTF=0.01x)
[TIMING] stream_chunk[experiment-86ed1c46c96947cea90f151cd662714b](live_neural): decode=0.2ms, inference=39.1ms, second_pass=0.0ms, contention=0.0ms, TOTAL=39.5ms | audio=600ms, RTF=0.07x | model=enhanced_mel, neural_total=38.6ms, model_inference=21.6ms
[TIMING] EnhancedMel.transcribe: audio_to_gpu=0.4ms, features=0.6ms, model=15.7ms, decode=9.4ms | TOTAL=26.1ms for 3000ms audio (RTF=0.01x)
[TIMING] stream_chunk[experiment-86ed1c46c96947cea90f151cd662714b](live_neural): decode=0.2ms, inference=30.8ms, second_pass=0.0ms, contention=0.0ms, TOTAL=31.1ms | audio=600ms, RTF=0.05x | model=enhanced_mel, neural_total=30.1ms, model_inference=15.7ms
[TIMING] EnhancedMel.transcribe: audio_to_gpu=0.5ms, features=0.7ms, model=16.1ms, decode=8.0ms | TOTAL=25.3ms for 3000ms audio (RTF=0.01x)
[TIMING] stream_chunk[experiment-86ed1c46c96947cea90f151cd662714b](live_neural): decode=0.1ms, inference=29.1ms, second_pass=0.0ms, contention=0.0ms, TOTAL=29.4ms | audio=600ms, RTF=0.05x | model=enhanced_mel, neural_total=28.5ms, model_inference=16.1ms
[TIMING] EnhancedMel.transcribe: audio_to_gpu=0.4ms, features=0.6ms, model=15.6ms, decode=8.5ms | TOTAL=25.1ms for 3000ms audio (RTF=0.01x)
[TIMING] stream_chunk[experiment-86ed1c46c96947cea90f151cd662714b](live_neural): decode=0.2ms, inference=28.1ms, second_pass=0.0ms, contention=0.0ms, TOTAL=28.5ms | audio=600ms, RTF=0.05x | model=enhanced_mel, neural_total=27.5ms, model_inference=15.6ms
[TIMING] EnhancedMel.transcribe: audio_to_gpu=0.4ms, features=0.6ms, model=15.0ms, decode=8.5ms | TOTAL=24.5ms for 3000ms audio (RTF=0.01x)
[TIMING] stream_chunk[experiment-86ed1c46c96947cea90f151cd662714b](live_neural): decode=0.2ms, inference=29.0ms, second_pass=0.0ms, contention=0.0ms, TOTAL=29.5ms | audio=600ms, RTF=0.05x | model=enhanced_mel, neural_total=28.3ms, model_inference=15.0ms
[TIMING] EnhancedMel.transcribe: audio_to_gpu=0.3ms, features=0.6ms, model=15.4ms, decode=7.4ms | TOTAL=23.7ms for 3000ms audio (RTF=0.01x)
[TIMING] stream_chunk[experiment-86ed1c46c96947cea90f151cd662714b](live_neural): decode=0.2ms, inference=27.4ms, second_pass=0.0ms, contention=0.0ms, TOTAL=27.8ms | audio=600ms, RTF=0.05x | model=enhanced_mel, neural_total=26.9ms, model_inference=15.4ms
[TIMING] EnhancedMel.transcribe: audio_to_gpu=0.7ms, features=0.9ms, model=12.8ms, decode=11.8ms | TOTAL=26.1ms for 3000ms audio (RTF=0.01x)
[TIMING] stream_chunk[experiment-86ed1c46c96947cea90f151cd662714b](live_neural): decode=0.2ms, inference=29.4ms, second_pass=0.0ms, contention=0.0ms, TOTAL=29.7ms | audio=600ms, RTF=0.05x | model=enhanced_mel, neural_total=28.7ms, model_inference=12.8ms

[CLIP_048] Sonata, K239
  excerpt: start=39.00s end=45.00s duration=6.00s gt_notes=65 rms=0.1394 peak=0.6552 crest=4.699 rms_std=0.0445
    control:
      note metrics: precision=0.929 recall=1.000 f1=0.963 matched=65/65 pred=70
      strict onset f1: 10ms=0.770 20ms=0.933 30ms=0.963
      timing metrics: offset_f1=0.785 rhythm_precision=0.800 note_value_acc=0.215 note_value_n=65 avg_beat_error=0.145
      duplicate metrics: duplicates=1 per_100_notes=1.43
      boundary metrics: gt=19 matched=19 missed=0 miss_rate=0.000
      latency: avg_chunk_ms=31.69 p95_chunk_ms=40.05 avg_rtf=0.053
      notation metrics: first_correct_ms=41.7 visible_p50_ms=321.6 visible_p95_ms=606.9 stabilize_p50_ms=1412.1 stabilize_p95_ms=2093.6 avg_revisions=1.18 matched=45 refined=45 snapshots=21
      algorithmic latency: first_correct_ms=17.7 visible_p50_ms=285.4 visible_p95_ms=578.1 stabilize_p50_ms=974.0 stabilize_p95_ms=1661.7
      final display note metrics: precision=0.970 recall=1.000 f1=0.985 matched=65/65 pred=67
      final display strict onset f1: 10ms=0.773 20ms=0.955 30ms=0.985
      final display timing: offset_f1=0.773 rhythm_precision=0.785 note_value_acc=0.292 note_value_n=65 avg_beat_error=0.189
      final display structure: cluster_f1=0.964 onset_align_recall=1.000 avg_jaccard=0.982 exact=53/55 pred=55 over=2 under=0 pitch_conflicts=0 missed_gt=0
      threshold profiles: hit_rate=0.000 thresholds=[0.55] profiles={'fixed_baseline': 10}
    treatment:
      note metrics: precision=0.915 recall=1.000 f1=0.956 matched=65/65 pred=71
      strict onset f1: 10ms=0.765 20ms=0.926 30ms=0.956
      timing metrics: offset_f1=0.779 rhythm_precision=0.800 note_value_acc=0.215 note_value_n=65 avg_beat_error=0.145
      duplicate metrics: duplicates=2 per_100_notes=2.82
      boundary metrics: gt=19 matched=19 missed=0 miss_rate=0.000
      latency: avg_chunk_ms=29.39 p95_chunk_ms=35.70 avg_rtf=0.049
      notation metrics: first_correct_ms=45.0 visible_p50_ms=314.9 visible_p95_ms=608.8 stabilize_p50_ms=1403.4 stabilize_p95_ms=2091.8 avg_revisions=1.16 matched=45 refined=45 snapshots=21
      algorithmic latency: first_correct_ms=17.7 visible_p50_ms=285.4 visible_p95_ms=578.1 stabilize_p50_ms=974.0 stabilize_p95_ms=1661.7
      final display note metrics: precision=0.956 recall=1.000 f1=0.977 matched=65/65 pred=68
      final display strict onset f1: 10ms=0.767 20ms=0.947 30ms=0.977
      final display timing: offset_f1=0.767 rhythm_precision=0.785 note_value_acc=0.292 note_value_n=65 avg_beat_error=0.185
      final display structure: cluster_f1=0.955 onset_align_recall=1.000 avg_jaccard=0.982 exact=53/55 pred=56 over=2 under=0 pitch_conflicts=0 missed_gt=0
      threshold profiles: hit_rate=1.000 thresholds=[0.46] profiles={'loud_dense_precision': 10}
    delta treatment-control: precision=-0.013 recall=+0.000 f1=-0.007 offset_f1=-0.006 note_value_acc=+0.000 dup_per_100=+1.39 boundary_miss_rate=+0.000 p95_chunk_ms=-4.34 f1_10ms=-0.006 f1_20ms=-0.007 f1_30ms=-0.007 visible_p50_ms=-6.6 stabilize_p50_ms=-8.7 algo_visible_p50_ms=+0.0 algo_stabilize_p50_ms=+0.0 avg_revisions=-0.02 display_note_f1=-0.007 display_offset_f1=-0.006 display_cluster_f1=-0.009 display_cluster_jaccard=+0.000
    failure buckets: ['runtime_only_win', 'high_revision_slow_stabilization', 'note_value_offset_failure']
    paired_stats treatment-control:
      display_cluster_f1: ref=0.6629 cand=0.6629 diff=-0.0000 95%CI=[-0.0048, +0.0068] p=0.9941 signs=2/8/38 best=clip_033 +0.1277 worst=clip_011 -0.0333
      display_note_f1: ref=0.8970 cand=0.8927 diff=-0.0043 95%CI=[-0.0079, -0.0013] p=0.0057 signs=4/13/31 best=clip_012 +0.0148 worst=clip_007 -0.0577
      display_offset_f1: ref=0.7315 cand=0.7298 diff=-0.0017 95%CI=[-0.0040, +0.0008] p=0.1691 signs=4/13/31 best=clip_012 +0.0370 worst=clip_007 -0.0256

Failure buckets:
  runtime_only_win: 11 clips -> clip_006, clip_013, clip_016, clip_018, clip_020, clip_021, clip_023, clip_032, clip_038, clip_042, clip_048
  boundary_miss_failure: 31 clips -> clip_001, clip_002, clip_004, clip_006, clip_008, clip_010, clip_012, clip_015, clip_016, clip_017, clip_018, clip_019, clip_020, clip_021, clip_022, clip_023, clip_024, clip_025, clip_026, clip_027, clip_028, clip_029, clip_031, clip_032, clip_033, clip_034, clip_035, clip_037, clip_040, clip_041, clip_044
  high_revision_slow_stabilization: 45 clips -> clip_001, clip_002, clip_003, clip_004, clip_005, clip_006, clip_008, clip_009, clip_010, clip_011, clip_013, clip_014, clip_015, clip_016, clip_017, clip_018, clip_019, clip_020, clip_021, clip_022, clip_023, clip_024, clip_025, clip_026, clip_027, clip_028, clip_029, clip_030, clip_031, clip_032, clip_033, clip_034, clip_035, clip_036, clip_037, clip_038, clip_040, clip_041, clip_042, clip_043, clip_044, clip_045, clip_046, clip_047, clip_048
  note_value_offset_failure: 25 clips -> clip_001, clip_002, clip_003, clip_004, clip_005, clip_007, clip_009, clip_011, clip_013, clip_014, clip_025, clip_026, clip_029, clip_030, clip_033, clip_035, clip_037, clip_038, clip_039, clip_040, clip_043, clip_044, clip_046, clip_047, clip_048

Boundary failure tags:
  control_boundary_miss: 83
  no_control_coarse_candidate: 79
  control_timing_or_quantization_drift: 4
  treatment_candidate_not_retained: 4
  treatment_recovers_boundary_note: 2

Saved full results to C:\Users\ToniH\Documents\GitHub\LiveScore\backend\live_benchmark_replay_auto_v2_results_20260602_enhancedmel_on055_v15_fh0.json
