C:\Users\ToniH\Documents\GitHub\LiveScore\backend\env\Lib\site-packages\pretty_midi\instrument.py:11: UserWarning: pkg_resources is deprecated as an API. See https://setuptools.pypa.io/en/latest/pkg_resources.html. The pkg_resources package is slated for removal as early as 2025-11-30. Refrain from using this package or pin to Setuptools<81.
  import pkg_resources
[GPU] Using NVIDIA GeForce RTX 5070 Ti Laptop GPU
[GPU] VRAM: 12.8 GB
Warming live neural path...
[GPU EnhancedMel] Loaded from C:\Users\ToniH\Documents\GitHub\LiveScore\backend\rhythm_training\enhanced_mel_transcription.pt (43,225,009 params)
[TIMING] EnhancedMel.transcribe: audio_to_gpu=0.1ms, features=108.5ms, model=176.1ms, decode=1.1ms | TOTAL=285.9ms for 600ms audio (RTF=0.48x)
[TIMING] stream_chunk[experiment-3bf757d637e047199295ae6a0761b200](live_neural): decode=0.3ms, inference=822.5ms, second_pass=0.0ms, contention=0.0ms, TOTAL=822.9ms | audio=600ms, RTF=1.37x | model=enhanced_mel, neural_total=816.5ms, model_inference=176.1ms
[TIMING] EnhancedMel.transcribe: audio_to_gpu=0.3ms, features=0.6ms, model=10.9ms, decode=1.6ms | TOTAL=13.3ms for 600ms audio (RTF=0.02x)
[TIMING] stream_chunk[experiment-437fdaca9e7b47ba97936e5f1d0786b8](live_neural): decode=0.2ms, inference=16.1ms, second_pass=0.0ms, contention=0.0ms, TOTAL=16.4ms | audio=600ms, RTF=0.03x | model=enhanced_mel, neural_total=14.7ms, model_inference=10.9ms
[TIMING] EnhancedMel.transcribe: audio_to_gpu=0.3ms, features=1.4ms, model=18.3ms, decode=2.4ms | TOTAL=22.4ms for 1200ms audio (RTF=0.02x)
[TIMING] stream_chunk[experiment-437fdaca9e7b47ba97936e5f1d0786b8](live_neural): decode=0.2ms, inference=24.4ms, second_pass=0.0ms, contention=0.0ms, TOTAL=24.7ms | audio=600ms, RTF=0.04x | model=enhanced_mel, neural_total=24.0ms, model_inference=18.3ms
[TIMING] EnhancedMel.transcribe: audio_to_gpu=0.2ms, features=1.6ms, model=18.4ms, decode=3.8ms | TOTAL=24.0ms for 1800ms audio (RTF=0.01x)
[TIMING] stream_chunk[experiment-437fdaca9e7b47ba97936e5f1d0786b8](live_neural): decode=0.2ms, inference=26.3ms, second_pass=0.0ms, contention=0.0ms, TOTAL=26.7ms | audio=600ms, RTF=0.04x | model=enhanced_mel, neural_total=25.8ms, model_inference=18.4ms
[TIMING] EnhancedMel.transcribe: audio_to_gpu=0.2ms, features=1.3ms, model=18.9ms, decode=4.3ms | TOTAL=24.8ms for 2400ms audio (RTF=0.01x)
[TIMING] stream_chunk[experiment-437fdaca9e7b47ba97936e5f1d0786b8](live_neural): decode=0.1ms, inference=27.2ms, second_pass=0.0ms, contention=0.0ms, TOTAL=27.4ms | audio=600ms, RTF=0.05x | model=enhanced_mel, neural_total=26.8ms, model_inference=18.9ms
[TIMING] EnhancedMel.transcribe: audio_to_gpu=0.4ms, features=1.7ms, model=31.7ms, decode=5.4ms | TOTAL=39.2ms for 3000ms audio (RTF=0.01x)
[TIMING] stream_chunk[experiment-437fdaca9e7b47ba97936e5f1d0786b8](live_neural): decode=0.1ms, inference=42.1ms, second_pass=0.0ms, contention=0.0ms, TOTAL=42.5ms | audio=600ms, RTF=0.07x | model=enhanced_mel, neural_total=41.7ms, model_inference=31.7ms
[TIMING] EnhancedMel.transcribe: audio_to_gpu=0.3ms, features=0.5ms, model=12.4ms, decode=5.4ms | TOTAL=18.6ms for 3000ms audio (RTF=0.01x)
[TIMING] stream_chunk[experiment-437fdaca9e7b47ba97936e5f1d0786b8](live_neural): decode=0.1ms, inference=21.0ms, second_pass=0.0ms, contention=0.0ms, TOTAL=21.3ms | audio=600ms, RTF=0.04x | model=enhanced_mel, neural_total=20.6ms, model_inference=12.4ms
[TIMING] EnhancedMel.transcribe: audio_to_gpu=0.2ms, features=0.5ms, model=12.9ms, decode=5.4ms | TOTAL=19.1ms for 3000ms audio (RTF=0.01x)
[TIMING] stream_chunk[experiment-437fdaca9e7b47ba97936e5f1d0786b8](live_neural): decode=0.2ms, inference=21.3ms, second_pass=0.0ms, contention=0.0ms, TOTAL=21.6ms | audio=600ms, RTF=0.04x | model=enhanced_mel, neural_total=20.9ms, model_inference=12.9ms
[TIMING] EnhancedMel.transcribe: audio_to_gpu=0.4ms, features=0.6ms, model=12.4ms, decode=5.4ms | TOTAL=18.8ms for 3000ms audio (RTF=0.01x)
[TIMING] stream_chunk[experiment-437fdaca9e7b47ba97936e5f1d0786b8](live_neural): decode=0.1ms, inference=20.9ms, second_pass=0.0ms, contention=0.0ms, TOTAL=21.2ms | audio=600ms, RTF=0.04x | model=enhanced_mel, neural_total=20.6ms, model_inference=12.4ms
[TIMING] EnhancedMel.transcribe: audio_to_gpu=0.2ms, features=0.6ms, model=21.2ms, decode=5.4ms | TOTAL=27.4ms for 3000ms audio (RTF=0.01x)
[TIMING] stream_chunk[experiment-437fdaca9e7b47ba97936e5f1d0786b8](live_neural): decode=0.1ms, inference=30.0ms, second_pass=0.0ms, contention=0.0ms, TOTAL=30.2ms | audio=600ms, RTF=0.05x | model=enhanced_mel, neural_total=29.5ms, model_inference=21.2ms
[TIMING] EnhancedMel.transcribe: audio_to_gpu=0.2ms, features=0.6ms, model=13.3ms, decode=5.9ms | TOTAL=19.9ms for 3000ms audio (RTF=0.01x)
[TIMING] stream_chunk[experiment-437fdaca9e7b47ba97936e5f1d0786b8](live_neural): decode=0.1ms, inference=23.2ms, second_pass=0.0ms, contention=0.0ms, TOTAL=23.4ms | audio=600ms, RTF=0.04x | model=enhanced_mel, neural_total=22.9ms, model_inference=13.3ms
[TIMING] EnhancedMel.transcribe: audio_to_gpu=0.5ms, features=1.1ms, model=14.8ms, decode=1.3ms | TOTAL=17.7ms for 600ms audio (RTF=0.03x)
[TIMING] stream_chunk[experiment-a88e3e83a3e84835a547c3ae030aa7fc](live_neural): decode=0.1ms, inference=19.2ms, second_pass=0.0ms, contention=0.0ms, TOTAL=19.4ms | audio=600ms, RTF=0.03x | model=enhanced_mel, neural_total=18.8ms, model_inference=14.8ms
[TIMING] EnhancedMel.transcribe: audio_to_gpu=0.1ms, features=0.3ms, model=11.8ms, decode=2.3ms | TOTAL=14.6ms for 1200ms audio (RTF=0.01x)
[TIMING] stream_chunk[experiment-a88e3e83a3e84835a547c3ae030aa7fc](live_neural): decode=0.1ms, inference=16.3ms, second_pass=0.0ms, contention=0.0ms, TOTAL=16.5ms | audio=600ms, RTF=0.03x | model=enhanced_mel, neural_total=15.9ms, model_inference=11.8ms
[TIMING] EnhancedMel.transcribe: audio_to_gpu=0.2ms, features=0.5ms, model=13.9ms, decode=3.3ms | TOTAL=17.9ms for 1800ms audio (RTF=0.01x)
[TIMING] stream_chunk[experiment-a88e3e83a3e84835a547c3ae030aa7fc](live_neural): decode=0.1ms, inference=19.8ms, second_pass=0.0ms, contention=0.0ms, TOTAL=20.1ms | audio=600ms, RTF=0.03x | model=enhanced_mel, neural_total=19.4ms, model_inference=13.9ms
[TIMING] EnhancedMel.transcribe: audio_to_gpu=0.3ms, features=0.5ms, model=12.4ms, decode=5.1ms | TOTAL=18.3ms for 2400ms audio (RTF=0.01x)
[TIMING] stream_chunk[experiment-a88e3e83a3e84835a547c3ae030aa7fc](live_neural): decode=0.1ms, inference=22.2ms, second_pass=0.0ms, contention=0.0ms, TOTAL=22.5ms | audio=600ms, RTF=0.04x | model=enhanced_mel, neural_total=21.8ms, model_inference=12.4ms
[TIMING] EnhancedMel.transcribe: audio_to_gpu=0.2ms, features=0.6ms, model=12.5ms, decode=5.7ms | TOTAL=19.0ms for 3000ms audio (RTF=0.01x)
[TIMING] stream_chunk[experiment-a88e3e83a3e84835a547c3ae030aa7fc](live_neural): decode=0.1ms, inference=21.5ms, second_pass=0.0ms, contention=0.0ms, TOTAL=21.7ms | audio=600ms, RTF=0.04x | model=enhanced_mel, neural_total=21.1ms, model_inference=12.5ms
[TIMING] EnhancedMel.transcribe: audio_to_gpu=0.3ms, features=0.8ms, model=17.2ms, decode=6.0ms | TOTAL=24.3ms for 3000ms audio (RTF=0.01x)
[TIMING] stream_chunk[experiment-a88e3e83a3e84835a547c3ae030aa7fc](live_neural): decode=0.1ms, inference=26.7ms, second_pass=0.0ms, contention=0.0ms, TOTAL=27.1ms | audio=600ms, RTF=0.05x | model=enhanced_mel, neural_total=26.2ms, model_inference=17.2ms
[TIMING] EnhancedMel.transcribe: audio_to_gpu=0.3ms, features=0.5ms, model=12.5ms, decode=5.7ms | TOTAL=19.0ms for 3000ms audio (RTF=0.01x)
[TIMING] stream_chunk[experiment-a88e3e83a3e84835a547c3ae030aa7fc](live_neural): decode=0.1ms, inference=21.8ms, second_pass=0.0ms, contention=0.0ms, TOTAL=22.1ms | audio=600ms, RTF=0.04x | model=enhanced_mel, neural_total=21.4ms, model_inference=12.5ms
[TIMING] EnhancedMel.transcribe: audio_to_gpu=0.2ms, features=0.8ms, model=23.9ms, decode=6.0ms | TOTAL=30.9ms for 3000ms audio (RTF=0.01x)
[TIMING] stream_chunk[experiment-a88e3e83a3e84835a547c3ae030aa7fc](live_neural): decode=0.2ms, inference=33.2ms, second_pass=0.0ms, contention=0.0ms, TOTAL=33.5ms | audio=600ms, RTF=0.06x | model=enhanced_mel, neural_total=32.8ms, model_inference=23.9ms
[TIMING] EnhancedMel.transcribe: audio_to_gpu=0.2ms, features=0.5ms, model=13.6ms, decode=6.6ms | TOTAL=20.9ms for 3000ms audio (RTF=0.01x)
[TIMING] stream_chunk[experiment-a88e3e83a3e84835a547c3ae030aa7fc](live_neural): decode=0.1ms, inference=24.0ms, second_pass=0.0ms, contention=0.0ms, TOTAL=24.2ms | audio=600ms, RTF=0.04x | model=enhanced_mel, neural_total=23.6ms, model_inference=13.6ms
[TIMING] EnhancedMel.transcribe: audio_to_gpu=0.3ms, features=0.8ms, model=16.0ms, decode=5.6ms | TOTAL=22.7ms for 3000ms audio (RTF=0.01x)
[TIMING] stream_chunk[experiment-a88e3e83a3e84835a547c3ae030aa7fc](live_neural): decode=0.2ms, inference=26.2ms, second_pass=0.0ms, contention=0.0ms, TOTAL=26.5ms | audio=600ms, RTF=0.04x | model=enhanced_mel, neural_total=25.8ms, model_inference=16.0ms

[CLIP_001] Sonata in D Minor, K. 9
  excerpt: start=42.00s end=48.00s duration=6.00s gt_notes=26 rms=0.0058 peak=0.0376 crest=6.423 rms_std=0.0029
    control:
      note metrics: precision=1.000 recall=0.923 f1=0.960 matched=24/26 pred=24
      strict onset f1: 10ms=0.840 20ms=0.960 30ms=0.960
      timing metrics: offset_f1=0.640 rhythm_precision=0.667 note_value_acc=0.250 note_value_n=24 avg_beat_error=0.508
      duplicate metrics: duplicates=0 per_100_notes=0.00
      boundary metrics: gt=8 matched=7 missed=1 miss_rate=0.125
      latency: avg_chunk_ms=25.55 p95_chunk_ms=36.98 avg_rtf=0.042
      notation metrics: first_correct_ms=64.3 visible_p50_ms=362.2 visible_p95_ms=567.2 stabilize_p50_ms=1146.5 stabilize_p95_ms=4079.5 avg_revisions=0.82 matched=22 refined=22 snapshots=17
      algorithmic latency: first_correct_ms=34.1 visible_p50_ms=335.5 visible_p95_ms=540.6 stabilize_p50_ms=725.3 stabilize_p95_ms=3587.1
      final display note metrics: precision=1.000 recall=0.923 f1=0.960 matched=24/26 pred=24
      final display strict onset f1: 10ms=0.840 20ms=0.960 30ms=0.960
      final display timing: offset_f1=0.640 rhythm_precision=0.667 note_value_acc=0.208 note_value_n=24 avg_beat_error=0.721
      final display structure: cluster_f1=0.923 onset_align_recall=0.950 avg_jaccard=0.987 exact=18/20 pred=19 over=0 under=1 pitch_conflicts=0 missed_gt=1
      threshold profiles: hit_rate=0.000 thresholds=[0.75] profiles={'fixed_baseline': 10}
    treatment:
      note metrics: precision=1.000 recall=0.923 f1=0.960 matched=24/26 pred=24
      strict onset f1: 10ms=0.840 20ms=0.960 30ms=0.960
      timing metrics: offset_f1=0.640 rhythm_precision=0.667 note_value_acc=0.250 note_value_n=24 avg_beat_error=0.508
      duplicate metrics: duplicates=0 per_100_notes=0.00
      boundary metrics: gt=8 matched=7 missed=1 miss_rate=0.125
      latency: avg_chunk_ms=23.36 p95_chunk_ms=30.62 avg_rtf=0.039
      notation metrics: first_correct_ms=58.3 visible_p50_ms=358.0 visible_p95_ms=560.5 stabilize_p50_ms=1140.3 stabilize_p95_ms=4073.6 avg_revisions=0.82 matched=22 refined=22 snapshots=17
      algorithmic latency: first_correct_ms=34.1 visible_p50_ms=335.5 visible_p95_ms=540.6 stabilize_p50_ms=725.3 stabilize_p95_ms=3587.1
      final display note metrics: precision=1.000 recall=0.923 f1=0.960 matched=24/26 pred=24
      final display strict onset f1: 10ms=0.840 20ms=0.960 30ms=0.960
      final display timing: offset_f1=0.640 rhythm_precision=0.667 note_value_acc=0.208 note_value_n=24 avg_beat_error=0.721
      final display structure: cluster_f1=0.923 onset_align_recall=0.950 avg_jaccard=0.987 exact=18/20 pred=19 over=0 under=1 pitch_conflicts=0 missed_gt=1
      threshold profiles: hit_rate=1.000 thresholds=[0.71] profiles={'soft_sparse_recall': 10}
    delta treatment-control: precision=+0.000 recall=+0.000 f1=+0.000 offset_f1=+0.000 note_value_acc=+0.000 dup_per_100=+0.00 boundary_miss_rate=+0.000 p95_chunk_ms=-6.36 f1_10ms=+0.000 f1_20ms=+0.000 f1_30ms=+0.000 visible_p50_ms=-4.1 stabilize_p50_ms=-6.3 algo_visible_p50_ms=+0.0 algo_stabilize_p50_ms=+0.0 avg_revisions=+0.00 display_note_f1=+0.000 display_offset_f1=+0.000 display_cluster_f1=+0.000 display_cluster_jaccard=+0.000
    failure buckets: ['runtime_only_win', 'boundary_miss_failure', 'high_revision_slow_stabilization', 'note_value_offset_failure']
      boundary diagnostics: missed=1 by_arm={'control': 1, 'treatment': 1} tags={'control_boundary_miss': 1, 'no_control_coarse_candidate': 1}
        miss: pitch=53 onset=1.719s boundary_delta_ms=-81.3 control_coarse=False treatment_coarse=False retro=n/a
[TIMING] EnhancedMel.transcribe: audio_to_gpu=0.2ms, features=0.6ms, model=10.9ms, decode=1.6ms | TOTAL=13.4ms for 600ms audio (RTF=0.02x)
[TIMING] stream_chunk[experiment-8b1a50cbb4a24e05943d104b5b8fdb77](live_neural): decode=0.2ms, inference=15.5ms, second_pass=0.0ms, contention=0.0ms, TOTAL=15.7ms | audio=600ms, RTF=0.03x | model=enhanced_mel, neural_total=14.8ms, model_inference=10.9ms
[TIMING] EnhancedMel.transcribe: audio_to_gpu=0.2ms, features=0.4ms, model=10.7ms, decode=2.9ms | TOTAL=14.2ms for 1200ms audio (RTF=0.01x)
[TIMING] stream_chunk[experiment-8b1a50cbb4a24e05943d104b5b8fdb77](live_neural): decode=0.1ms, inference=16.0ms, second_pass=0.0ms, contention=0.0ms, TOTAL=16.3ms | audio=600ms, RTF=0.03x | model=enhanced_mel, neural_total=15.7ms, model_inference=10.7ms
[TIMING] EnhancedMel.transcribe: audio_to_gpu=0.1ms, features=0.4ms, model=12.0ms, decode=4.5ms | TOTAL=17.1ms for 1800ms audio (RTF=0.01x)
[TIMING] stream_chunk[experiment-8b1a50cbb4a24e05943d104b5b8fdb77](live_neural): decode=0.1ms, inference=19.1ms, second_pass=0.0ms, contention=0.0ms, TOTAL=19.4ms | audio=600ms, RTF=0.03x | model=enhanced_mel, neural_total=18.7ms, model_inference=12.0ms
[TIMING] EnhancedMel.transcribe: audio_to_gpu=0.4ms, features=0.7ms, model=13.2ms, decode=5.7ms | TOTAL=19.9ms for 2400ms audio (RTF=0.01x)
[TIMING] stream_chunk[experiment-8b1a50cbb4a24e05943d104b5b8fdb77](live_neural): decode=0.2ms, inference=22.9ms, second_pass=0.0ms, contention=0.0ms, TOTAL=23.3ms | audio=600ms, RTF=0.04x | model=enhanced_mel, neural_total=22.5ms, model_inference=13.2ms
[TIMING] EnhancedMel.transcribe: audio_to_gpu=0.4ms, features=0.6ms, model=14.3ms, decode=7.0ms | TOTAL=22.2ms for 3000ms audio (RTF=0.01x)
[TIMING] stream_chunk[experiment-8b1a50cbb4a24e05943d104b5b8fdb77](live_neural): decode=0.1ms, inference=24.9ms, second_pass=0.0ms, contention=0.0ms, TOTAL=25.3ms | audio=600ms, RTF=0.04x | model=enhanced_mel, neural_total=24.5ms, model_inference=14.3ms
[TIMING] EnhancedMel.transcribe: audio_to_gpu=0.3ms, features=0.5ms, model=12.6ms, decode=6.4ms | TOTAL=19.8ms for 3000ms audio (RTF=0.01x)
[TIMING] stream_chunk[experiment-8b1a50cbb4a24e05943d104b5b8fdb77](live_neural): decode=0.2ms, inference=22.4ms, second_pass=0.0ms, contention=0.0ms, TOTAL=22.8ms | audio=600ms, RTF=0.04x | model=enhanced_mel, neural_total=21.9ms, model_inference=12.6ms
[TIMING] EnhancedMel.transcribe: audio_to_gpu=0.3ms, features=0.5ms, model=14.6ms, decode=6.7ms | TOTAL=22.1ms for 3000ms audio (RTF=0.01x)
[TIMING] stream_chunk[experiment-8b1a50cbb4a24e05943d104b5b8fdb77](live_neural): decode=0.1ms, inference=25.5ms, second_pass=0.0ms, contention=0.0ms, TOTAL=25.8ms | audio=600ms, RTF=0.04x | model=enhanced_mel, neural_total=25.0ms, model_inference=14.6ms
[TIMING] EnhancedMel.transcribe: audio_to_gpu=0.3ms, features=0.5ms, model=13.7ms, decode=6.3ms | TOTAL=20.9ms for 3000ms audio (RTF=0.01x)
[TIMING] stream_chunk[experiment-8b1a50cbb4a24e05943d104b5b8fdb77](live_neural): decode=0.1ms, inference=23.5ms, second_pass=0.0ms, contention=0.0ms, TOTAL=23.9ms | audio=600ms, RTF=0.04x | model=enhanced_mel, neural_total=22.9ms, model_inference=13.7ms
[TIMING] EnhancedMel.transcribe: audio_to_gpu=0.3ms, features=0.8ms, model=13.5ms, decode=6.2ms | TOTAL=20.8ms for 3000ms audio (RTF=0.01x)
[TIMING] stream_chunk[experiment-8b1a50cbb4a24e05943d104b5b8fdb77](live_neural): decode=0.1ms, inference=23.6ms, second_pass=0.0ms, contention=0.0ms, TOTAL=23.9ms | audio=600ms, RTF=0.04x | model=enhanced_mel, neural_total=23.1ms, model_inference=13.5ms
[TIMING] EnhancedMel.transcribe: audio_to_gpu=0.4ms, features=0.9ms, model=22.9ms, decode=6.6ms | TOTAL=30.8ms for 3000ms audio (RTF=0.01x)
[TIMING] stream_chunk[experiment-8b1a50cbb4a24e05943d104b5b8fdb77](live_neural): decode=0.2ms, inference=33.8ms, second_pass=0.0ms, contention=0.0ms, TOTAL=34.2ms | audio=600ms, RTF=0.06x | model=enhanced_mel, neural_total=33.3ms, model_inference=22.9ms
[TIMING] EnhancedMel.transcribe: audio_to_gpu=0.4ms, features=0.6ms, model=12.3ms, decode=1.6ms | TOTAL=14.9ms for 600ms audio (RTF=0.02x)
[TIMING] stream_chunk[experiment-e1de88912e1448028134d3fed23d737d](live_neural): decode=0.2ms, inference=16.7ms, second_pass=0.0ms, contention=0.0ms, TOTAL=16.9ms | audio=600ms, RTF=0.03x | model=enhanced_mel, neural_total=16.3ms, model_inference=12.3ms
[TIMING] EnhancedMel.transcribe: audio_to_gpu=0.3ms, features=0.5ms, model=11.4ms, decode=2.8ms | TOTAL=15.0ms for 1200ms audio (RTF=0.01x)
[TIMING] stream_chunk[experiment-e1de88912e1448028134d3fed23d737d](live_neural): decode=0.1ms, inference=17.6ms, second_pass=0.0ms, contention=0.0ms, TOTAL=17.9ms | audio=600ms, RTF=0.03x | model=enhanced_mel, neural_total=17.1ms, model_inference=11.4ms
[TIMING] EnhancedMel.transcribe: audio_to_gpu=0.2ms, features=0.6ms, model=11.9ms, decode=4.1ms | TOTAL=16.8ms for 1800ms audio (RTF=0.01x)
[TIMING] stream_chunk[experiment-e1de88912e1448028134d3fed23d737d](live_neural): decode=0.2ms, inference=19.4ms, second_pass=0.0ms, contention=0.0ms, TOTAL=19.7ms | audio=600ms, RTF=0.03x | model=enhanced_mel, neural_total=18.8ms, model_inference=11.9ms
[TIMING] EnhancedMel.transcribe: audio_to_gpu=0.2ms, features=0.6ms, model=13.0ms, decode=5.1ms | TOTAL=19.0ms for 2400ms audio (RTF=0.01x)
[TIMING] stream_chunk[experiment-e1de88912e1448028134d3fed23d737d](live_neural): decode=0.1ms, inference=22.0ms, second_pass=0.0ms, contention=0.0ms, TOTAL=22.4ms | audio=600ms, RTF=0.04x | model=enhanced_mel, neural_total=21.6ms, model_inference=13.0ms
[TIMING] EnhancedMel.transcribe: audio_to_gpu=0.3ms, features=0.8ms, model=20.2ms, decode=6.5ms | TOTAL=27.8ms for 3000ms audio (RTF=0.01x)
[TIMING] stream_chunk[experiment-e1de88912e1448028134d3fed23d737d](live_neural): decode=0.2ms, inference=30.4ms, second_pass=0.0ms, contention=0.0ms, TOTAL=30.8ms | audio=600ms, RTF=0.05x | model=enhanced_mel, neural_total=30.0ms, model_inference=20.2ms
[TIMING] EnhancedMel.transcribe: audio_to_gpu=0.2ms, features=0.5ms, model=12.1ms, decode=6.6ms | TOTAL=19.5ms for 3000ms audio (RTF=0.01x)
[TIMING] stream_chunk[experiment-e1de88912e1448028134d3fed23d737d](live_neural): decode=0.1ms, inference=22.2ms, second_pass=0.0ms, contention=0.0ms, TOTAL=22.7ms | audio=600ms, RTF=0.04x | model=enhanced_mel, neural_total=21.7ms, model_inference=12.1ms
[TIMING] EnhancedMel.transcribe: audio_to_gpu=0.4ms, features=0.8ms, model=16.4ms, decode=6.4ms | TOTAL=24.0ms for 3000ms audio (RTF=0.01x)
[TIMING] stream_chunk[experiment-e1de88912e1448028134d3fed23d737d](live_neural): decode=0.1ms, inference=26.5ms, second_pass=0.0ms, contention=0.0ms, TOTAL=26.9ms | audio=600ms, RTF=0.04x | model=enhanced_mel, neural_total=26.1ms, model_inference=16.4ms
[TIMING] EnhancedMel.transcribe: audio_to_gpu=0.3ms, features=0.5ms, model=12.8ms, decode=6.4ms | TOTAL=20.1ms for 3000ms audio (RTF=0.01x)
[TIMING] stream_chunk[experiment-e1de88912e1448028134d3fed23d737d](live_neural): decode=0.1ms, inference=22.7ms, second_pass=0.0ms, contention=0.0ms, TOTAL=23.1ms | audio=600ms, RTF=0.04x | model=enhanced_mel, neural_total=22.2ms, model_inference=12.8ms
[TIMING] EnhancedMel.transcribe: audio_to_gpu=0.3ms, features=0.5ms, model=20.5ms, decode=6.7ms | TOTAL=28.0ms for 3000ms audio (RTF=0.01x)
[TIMING] stream_chunk[experiment-e1de88912e1448028134d3fed23d737d](live_neural): decode=0.1ms, inference=31.5ms, second_pass=0.0ms, contention=0.0ms, TOTAL=31.8ms | audio=600ms, RTF=0.05x | model=enhanced_mel, neural_total=31.1ms, model_inference=20.5ms
[TIMING] EnhancedMel.transcribe: audio_to_gpu=0.3ms, features=0.6ms, model=14.2ms, decode=7.2ms | TOTAL=22.4ms for 3000ms audio (RTF=0.01x)
[TIMING] stream_chunk[experiment-e1de88912e1448028134d3fed23d737d](live_neural): decode=0.2ms, inference=25.8ms, second_pass=0.0ms, contention=0.0ms, TOTAL=26.1ms | audio=600ms, RTF=0.04x | model=enhanced_mel, neural_total=25.3ms, model_inference=14.2ms

[CLIP_002] Two Sonatas
  excerpt: start=21.00s end=27.00s duration=6.00s gt_notes=95 rms=0.1706 peak=0.8416 crest=4.933 rms_std=0.0350
    control:
      note metrics: precision=0.937 recall=0.937 f1=0.937 matched=89/95 pred=95
      strict onset f1: 10ms=0.884 20ms=0.937 30ms=0.937
      timing metrics: offset_f1=0.832 rhythm_precision=0.888 note_value_acc=0.360 note_value_n=89 avg_beat_error=0.137
      duplicate metrics: duplicates=4 per_100_notes=4.21
      boundary metrics: gt=30 matched=29 missed=1 miss_rate=0.033
      latency: avg_chunk_ms=23.05 p95_chunk_ms=30.40 avg_rtf=0.038
      notation metrics: first_correct_ms=43.5 visible_p50_ms=341.2 visible_p95_ms=615.4 stabilize_p50_ms=1013.1 stabilize_p95_ms=2197.9 avg_revisions=0.93 matched=30 refined=30 snapshots=20
      algorithmic latency: first_correct_ms=18.2 visible_p50_ms=316.3 visible_p95_ms=585.2 stabilize_p50_ms=661.8 stabilize_p95_ms=1771.9
      final display note metrics: precision=0.967 recall=0.937 f1=0.952 matched=89/95 pred=92
      final display strict onset f1: 10ms=0.898 20ms=0.952 30ms=0.952
      final display timing: offset_f1=0.845 rhythm_precision=0.888 note_value_acc=0.258 note_value_n=89 avg_beat_error=0.216
      final display structure: cluster_f1=0.846 onset_align_recall=1.000 avg_jaccard=0.934 exact=44/52 pred=52 over=3 under=5 pitch_conflicts=0 missed_gt=0
      threshold profiles: hit_rate=0.000 thresholds=[0.75] profiles={'fixed_baseline': 10}
    treatment:
      note metrics: precision=0.876 recall=0.968 f1=0.920 matched=92/95 pred=105
      strict onset f1: 10ms=0.840 20ms=0.920 30ms=0.920
      timing metrics: offset_f1=0.820 rhythm_precision=0.891 note_value_acc=0.370 note_value_n=92 avg_beat_error=0.134
      duplicate metrics: duplicates=6 per_100_notes=5.71
      boundary metrics: gt=30 matched=30 missed=0 miss_rate=0.000
      latency: avg_chunk_ms=23.82 p95_chunk_ms=31.34 avg_rtf=0.040
      notation metrics: first_correct_ms=39.9 visible_p50_ms=345.6 visible_p95_ms=580.3 stabilize_p50_ms=1001.6 stabilize_p95_ms=2272.8 avg_revisions=0.96 matched=28 refined=28 snapshots=20
      algorithmic latency: first_correct_ms=8.1 visible_p50_ms=316.3 visible_p95_ms=549.2 stabilize_p50_ms=623.8 stabilize_p95_ms=1845.7
      final display note metrics: precision=0.929 recall=0.968 f1=0.948 matched=92/95 pred=99
      final display strict onset f1: 10ms=0.866 20ms=0.948 30ms=0.948
      final display timing: offset_f1=0.845 rhythm_precision=0.891 note_value_acc=0.228 note_value_n=92 avg_beat_error=0.240
      final display structure: cluster_f1=0.838 onset_align_recall=1.000 avg_jaccard=0.935 exact=44/52 pred=53 over=5 under=3 pitch_conflicts=0 missed_gt=0
      threshold profiles: hit_rate=1.000 thresholds=[0.46] profiles={'loud_dense_precision': 10}
    delta treatment-control: precision=-0.061 recall=+0.032 f1=-0.017 offset_f1=-0.012 note_value_acc=+0.010 dup_per_100=+1.50 boundary_miss_rate=-0.033 p95_chunk_ms=+0.94 f1_10ms=-0.044 f1_20ms=-0.017 f1_30ms=-0.017 visible_p50_ms=+4.5 stabilize_p50_ms=-11.5 algo_visible_p50_ms=+0.0 algo_stabilize_p50_ms=-38.0 avg_revisions=+0.03 display_note_f1=-0.003 display_offset_f1=+0.000 display_cluster_f1=-0.008 display_cluster_jaccard=+0.001
    failure buckets: ['boundary_miss_failure', 'high_revision_slow_stabilization', 'note_value_offset_failure']
      boundary diagnostics: missed=1 by_arm={'control': 1, 'treatment': 0} tags={'control_boundary_miss': 1, 'no_control_coarse_candidate': 1, 'treatment_recovers_boundary_note': 1}
        miss: pitch=34 onset=5.949s boundary_delta_ms=-50.8 control_coarse=False treatment_coarse=True retro=n/a
[TIMING] EnhancedMel.transcribe: audio_to_gpu=0.3ms, features=0.6ms, model=10.8ms, decode=1.4ms | TOTAL=13.1ms for 600ms audio (RTF=0.02x)
[TIMING] stream_chunk[experiment-58d69bd5c409484fbc4b46c534bae683](live_neural): decode=0.2ms, inference=14.8ms, second_pass=0.0ms, contention=0.0ms, TOTAL=15.1ms | audio=600ms, RTF=0.03x | model=enhanced_mel, neural_total=14.3ms, model_inference=10.8ms
[TIMING] EnhancedMel.transcribe: audio_to_gpu=0.3ms, features=0.5ms, model=10.6ms, decode=2.5ms | TOTAL=13.9ms for 1200ms audio (RTF=0.01x)
[TIMING] stream_chunk[experiment-58d69bd5c409484fbc4b46c534bae683](live_neural): decode=0.2ms, inference=16.8ms, second_pass=0.0ms, contention=0.0ms, TOTAL=17.1ms | audio=600ms, RTF=0.03x | model=enhanced_mel, neural_total=15.7ms, model_inference=10.6ms
[TIMING] EnhancedMel.transcribe: audio_to_gpu=0.3ms, features=0.7ms, model=18.5ms, decode=3.9ms | TOTAL=23.4ms for 1800ms audio (RTF=0.01x)
[TIMING] stream_chunk[experiment-58d69bd5c409484fbc4b46c534bae683](live_neural): decode=0.2ms, inference=25.3ms, second_pass=0.0ms, contention=0.0ms, TOTAL=25.6ms | audio=600ms, RTF=0.04x | model=enhanced_mel, neural_total=25.0ms, model_inference=18.5ms
[TIMING] EnhancedMel.transcribe: audio_to_gpu=0.4ms, features=0.6ms, model=13.0ms, decode=4.7ms | TOTAL=18.8ms for 2400ms audio (RTF=0.01x)
[TIMING] stream_chunk[experiment-58d69bd5c409484fbc4b46c534bae683](live_neural): decode=0.1ms, inference=21.0ms, second_pass=0.0ms, contention=0.0ms, TOTAL=21.3ms | audio=600ms, RTF=0.04x | model=enhanced_mel, neural_total=20.7ms, model_inference=13.0ms
[TIMING] EnhancedMel.transcribe: audio_to_gpu=0.2ms, features=0.6ms, model=13.2ms, decode=5.6ms | TOTAL=19.6ms for 3000ms audio (RTF=0.01x)
[TIMING] stream_chunk[experiment-58d69bd5c409484fbc4b46c534bae683](live_neural): decode=0.2ms, inference=22.0ms, second_pass=0.0ms, contention=0.0ms, TOTAL=22.2ms | audio=600ms, RTF=0.04x | model=enhanced_mel, neural_total=21.6ms, model_inference=13.2ms
[TIMING] EnhancedMel.transcribe: audio_to_gpu=0.2ms, features=0.6ms, model=13.1ms, decode=5.7ms | TOTAL=19.7ms for 3000ms audio (RTF=0.01x)
[TIMING] stream_chunk[experiment-58d69bd5c409484fbc4b46c534bae683](live_neural): decode=0.1ms, inference=22.1ms, second_pass=0.0ms, contention=0.0ms, TOTAL=22.4ms | audio=600ms, RTF=0.04x | model=enhanced_mel, neural_total=21.7ms, model_inference=13.1ms
[TIMING] EnhancedMel.transcribe: audio_to_gpu=0.2ms, features=0.6ms, model=13.3ms, decode=5.5ms | TOTAL=19.6ms for 3000ms audio (RTF=0.01x)
[TIMING] stream_chunk[experiment-58d69bd5c409484fbc4b46c534bae683](live_neural): decode=0.1ms, inference=21.9ms, second_pass=0.0ms, contention=0.0ms, TOTAL=22.2ms | audio=600ms, RTF=0.04x | model=enhanced_mel, neural_total=21.5ms, model_inference=13.3ms
[TIMING] EnhancedMel.transcribe: audio_to_gpu=0.4ms, features=0.4ms, model=12.6ms, decode=5.3ms | TOTAL=18.8ms for 3000ms audio (RTF=0.01x)
[TIMING] stream_chunk[experiment-58d69bd5c409484fbc4b46c534bae683](live_neural): decode=0.2ms, inference=21.2ms, second_pass=0.0ms, contention=0.0ms, TOTAL=21.5ms | audio=600ms, RTF=0.04x | model=enhanced_mel, neural_total=20.8ms, model_inference=12.6ms
[TIMING] EnhancedMel.transcribe: audio_to_gpu=0.1ms, features=0.4ms, model=12.7ms, decode=5.3ms | TOTAL=18.6ms for 3000ms audio (RTF=0.01x)
[TIMING] stream_chunk[experiment-58d69bd5c409484fbc4b46c534bae683](live_neural): decode=0.1ms, inference=20.8ms, second_pass=0.0ms, contention=0.0ms, TOTAL=21.0ms | audio=600ms, RTF=0.04x | model=enhanced_mel, neural_total=20.4ms, model_inference=12.7ms
[TIMING] EnhancedMel.transcribe: audio_to_gpu=0.2ms, features=0.5ms, model=13.3ms, decode=5.2ms | TOTAL=19.3ms for 3000ms audio (RTF=0.01x)
[TIMING] stream_chunk[experiment-58d69bd5c409484fbc4b46c534bae683](live_neural): decode=0.1ms, inference=22.0ms, second_pass=0.0ms, contention=0.0ms, TOTAL=22.2ms | audio=600ms, RTF=0.04x | model=enhanced_mel, neural_total=21.5ms, model_inference=13.3ms
[TIMING] EnhancedMel.transcribe: audio_to_gpu=0.3ms, features=0.7ms, model=18.9ms, decode=1.4ms | TOTAL=21.2ms for 600ms audio (RTF=0.04x)
[TIMING] stream_chunk[experiment-cf91a6b84b7c4aa99dd93be5520109b1](live_neural): decode=0.2ms, inference=23.0ms, second_pass=0.0ms, contention=0.0ms, TOTAL=23.2ms | audio=600ms, RTF=0.04x | model=enhanced_mel, neural_total=22.6ms, model_inference=18.9ms
[TIMING] EnhancedMel.transcribe: audio_to_gpu=0.1ms, features=0.4ms, model=10.7ms, decode=2.5ms | TOTAL=13.7ms for 1200ms audio (RTF=0.01x)
[TIMING] stream_chunk[experiment-cf91a6b84b7c4aa99dd93be5520109b1](live_neural): decode=0.2ms, inference=15.6ms, second_pass=0.0ms, contention=0.0ms, TOTAL=15.9ms | audio=600ms, RTF=0.03x | model=enhanced_mel, neural_total=15.2ms, model_inference=10.7ms
[TIMING] EnhancedMel.transcribe: audio_to_gpu=0.1ms, features=0.4ms, model=11.3ms, decode=3.3ms | TOTAL=15.1ms for 1800ms audio (RTF=0.01x)
[TIMING] stream_chunk[experiment-cf91a6b84b7c4aa99dd93be5520109b1](live_neural): decode=0.1ms, inference=17.0ms, second_pass=0.0ms, contention=0.0ms, TOTAL=17.2ms | audio=600ms, RTF=0.03x | model=enhanced_mel, neural_total=16.6ms, model_inference=11.3ms
[TIMING] EnhancedMel.transcribe: audio_to_gpu=0.2ms, features=0.5ms, model=12.2ms, decode=4.4ms | TOTAL=17.2ms for 2400ms audio (RTF=0.01x)
[TIMING] stream_chunk[experiment-cf91a6b84b7c4aa99dd93be5520109b1](live_neural): decode=0.1ms, inference=19.5ms, second_pass=0.0ms, contention=0.0ms, TOTAL=19.8ms | audio=600ms, RTF=0.03x | model=enhanced_mel, neural_total=19.1ms, model_inference=12.2ms
[TIMING] EnhancedMel.transcribe: audio_to_gpu=0.4ms, features=0.7ms, model=18.2ms, decode=4.8ms | TOTAL=24.1ms for 3000ms audio (RTF=0.01x)
[TIMING] stream_chunk[experiment-cf91a6b84b7c4aa99dd93be5520109b1](live_neural): decode=0.1ms, inference=26.4ms, second_pass=0.0ms, contention=0.0ms, TOTAL=26.7ms | audio=600ms, RTF=0.04x | model=enhanced_mel, neural_total=26.0ms, model_inference=18.2ms
[TIMING] EnhancedMel.transcribe: audio_to_gpu=0.2ms, features=0.5ms, model=12.1ms, decode=5.1ms | TOTAL=17.9ms for 3000ms audio (RTF=0.01x)
[TIMING] stream_chunk[experiment-cf91a6b84b7c4aa99dd93be5520109b1](live_neural): decode=0.1ms, inference=20.0ms, second_pass=0.0ms, contention=0.0ms, TOTAL=20.3ms | audio=600ms, RTF=0.03x | model=enhanced_mel, neural_total=19.7ms, model_inference=12.1ms
[TIMING] EnhancedMel.transcribe: audio_to_gpu=0.2ms, features=0.5ms, model=12.8ms, decode=4.9ms | TOTAL=18.3ms for 3000ms audio (RTF=0.01x)
[TIMING] stream_chunk[experiment-cf91a6b84b7c4aa99dd93be5520109b1](live_neural): decode=0.1ms, inference=20.5ms, second_pass=0.0ms, contention=0.0ms, TOTAL=20.8ms | audio=600ms, RTF=0.03x | model=enhanced_mel, neural_total=20.2ms, model_inference=12.8ms
[TIMING] EnhancedMel.transcribe: audio_to_gpu=0.1ms, features=0.4ms, model=13.1ms, decode=4.8ms | TOTAL=18.5ms for 3000ms audio (RTF=0.01x)
[TIMING] stream_chunk[experiment-cf91a6b84b7c4aa99dd93be5520109b1](live_neural): decode=0.1ms, inference=21.1ms, second_pass=0.0ms, contention=0.0ms, TOTAL=21.3ms | audio=600ms, RTF=0.04x | model=enhanced_mel, neural_total=20.6ms, model_inference=13.1ms
[TIMING] EnhancedMel.transcribe: audio_to_gpu=0.2ms, features=0.5ms, model=12.0ms, decode=4.8ms | TOTAL=17.4ms for 3000ms audio (RTF=0.01x)
[TIMING] stream_chunk[experiment-cf91a6b84b7c4aa99dd93be5520109b1](live_neural): decode=0.1ms, inference=19.5ms, second_pass=0.0ms, contention=0.0ms, TOTAL=19.7ms | audio=600ms, RTF=0.03x | model=enhanced_mel, neural_total=19.2ms, model_inference=12.0ms
[TIMING] EnhancedMel.transcribe: audio_to_gpu=0.1ms, features=0.4ms, model=13.8ms, decode=6.4ms | TOTAL=20.7ms for 3000ms audio (RTF=0.01x)
[TIMING] stream_chunk[experiment-cf91a6b84b7c4aa99dd93be5520109b1](live_neural): decode=0.1ms, inference=22.8ms, second_pass=0.0ms, contention=0.0ms, TOTAL=23.0ms | audio=600ms, RTF=0.04x | model=enhanced_mel, neural_total=22.5ms, model_inference=13.8ms

[CLIP_003] Sonata in D Minor, K. 213
  excerpt: start=9.00s end=15.00s duration=6.00s gt_notes=18 rms=0.0079 peak=0.0465 crest=5.877 rms_std=0.0026
    control:
      note metrics: precision=0.818 recall=1.000 f1=0.900 matched=18/18 pred=22
      strict onset f1: 10ms=0.850 20ms=0.900 30ms=0.900
      timing metrics: offset_f1=0.450 rhythm_precision=0.500 note_value_acc=0.056 note_value_n=18 avg_beat_error=0.920
      duplicate metrics: duplicates=1 per_100_notes=4.55
      boundary metrics: gt=8 matched=8 missed=0 miss_rate=0.000
      latency: avg_chunk_ms=21.07 p95_chunk_ms=24.16 avg_rtf=0.035
      notation metrics: first_correct_ms=37.8 visible_p50_ms=307.7 visible_p95_ms=570.6 stabilize_p50_ms=1677.2 stabilize_p95_ms=3541.8 avg_revisions=1.88 matched=17 refined=17 snapshots=19
      algorithmic latency: first_correct_ms=15.6 visible_p50_ms=286.7 visible_p95_ms=551.8 stabilize_p50_ms=1395.1 stabilize_p95_ms=2920.6
      final display note metrics: precision=0.857 recall=1.000 f1=0.923 matched=18/18 pred=21
      final display strict onset f1: 10ms=0.872 20ms=0.923 30ms=0.923
      final display timing: offset_f1=0.462 rhythm_precision=0.500 note_value_acc=0.222 note_value_n=18 avg_beat_error=0.677
      final display structure: cluster_f1=0.889 onset_align_recall=1.000 avg_jaccard=0.971 exact=16/17 pred=19 over=1 under=0 pitch_conflicts=0 missed_gt=0
      threshold profiles: hit_rate=0.000 thresholds=[0.75] profiles={'fixed_baseline': 10}
    treatment:
      note metrics: precision=0.783 recall=1.000 f1=0.878 matched=18/18 pred=23
      strict onset f1: 10ms=0.829 20ms=0.878 30ms=0.878
      timing metrics: offset_f1=0.439 rhythm_precision=0.500 note_value_acc=0.056 note_value_n=18 avg_beat_error=0.920
      duplicate metrics: duplicates=1 per_100_notes=4.35
      boundary metrics: gt=8 matched=8 missed=0 miss_rate=0.000
      latency: avg_chunk_ms=20.79 p95_chunk_ms=25.13 avg_rtf=0.035
      notation metrics: first_correct_ms=38.6 visible_p50_ms=306.4 visible_p95_ms=567.9 stabilize_p50_ms=1734.2 stabilize_p95_ms=3225.5 avg_revisions=2.41 matched=17 refined=17 snapshots=20
      algorithmic latency: first_correct_ms=15.6 visible_p50_ms=286.7 visible_p95_ms=551.8 stabilize_p50_ms=1617.7 stabilize_p95_ms=2605.5
      final display note metrics: precision=0.818 recall=1.000 f1=0.900 matched=18/18 pred=22
      final display strict onset f1: 10ms=0.850 20ms=0.900 30ms=0.900
      final display timing: offset_f1=0.450 rhythm_precision=0.500 note_value_acc=0.222 note_value_n=18 avg_beat_error=0.705
      final display structure: cluster_f1=0.865 onset_align_recall=1.000 avg_jaccard=0.971 exact=16/17 pred=20 over=1 under=0 pitch_conflicts=0 missed_gt=0
      threshold profiles: hit_rate=1.000 thresholds=[0.71] profiles={'soft_sparse_recall': 10}
    delta treatment-control: precision=-0.036 recall=+0.000 f1=-0.022 offset_f1=-0.011 note_value_acc=+0.000 dup_per_100=-0.20 boundary_miss_rate=+0.000 p95_chunk_ms=+0.97 f1_10ms=-0.021 f1_20ms=-0.022 f1_30ms=-0.022 visible_p50_ms=-1.3 stabilize_p50_ms=+57.0 algo_visible_p50_ms=+0.0 algo_stabilize_p50_ms=+222.7 avg_revisions=+0.53 display_note_f1=-0.023 display_offset_f1=-0.012 display_cluster_f1=-0.024 display_cluster_jaccard=+0.000
    failure buckets: ['high_revision_slow_stabilization', 'note_value_offset_failure']
[TIMING] EnhancedMel.transcribe: audio_to_gpu=0.5ms, features=0.8ms, model=13.2ms, decode=1.4ms | TOTAL=15.9ms for 600ms audio (RTF=0.03x)
[TIMING] stream_chunk[experiment-6a2ef6b3a8b742f69094c4682025917d](live_neural): decode=0.2ms, inference=18.1ms, second_pass=0.0ms, contention=0.0ms, TOTAL=18.4ms | audio=600ms, RTF=0.03x | model=enhanced_mel, neural_total=17.6ms, model_inference=13.2ms
[TIMING] EnhancedMel.transcribe: audio_to_gpu=0.2ms, features=0.4ms, model=10.3ms, decode=2.5ms | TOTAL=13.4ms for 1200ms audio (RTF=0.01x)
[TIMING] stream_chunk[experiment-6a2ef6b3a8b742f69094c4682025917d](live_neural): decode=0.1ms, inference=15.9ms, second_pass=0.0ms, contention=0.0ms, TOTAL=16.2ms | audio=600ms, RTF=0.03x | model=enhanced_mel, neural_total=15.6ms, model_inference=10.3ms
[TIMING] EnhancedMel.transcribe: audio_to_gpu=0.2ms, features=0.6ms, model=11.8ms, decode=3.6ms | TOTAL=16.1ms for 1800ms audio (RTF=0.01x)
[TIMING] stream_chunk[experiment-6a2ef6b3a8b742f69094c4682025917d](live_neural): decode=0.1ms, inference=18.1ms, second_pass=0.0ms, contention=0.0ms, TOTAL=18.4ms | audio=600ms, RTF=0.03x | model=enhanced_mel, neural_total=17.8ms, model_inference=11.8ms
[TIMING] EnhancedMel.transcribe: audio_to_gpu=0.3ms, features=0.5ms, model=12.0ms, decode=4.5ms | TOTAL=17.3ms for 2400ms audio (RTF=0.01x)
[TIMING] stream_chunk[experiment-6a2ef6b3a8b742f69094c4682025917d](live_neural): decode=0.1ms, inference=19.6ms, second_pass=0.0ms, contention=0.0ms, TOTAL=19.8ms | audio=600ms, RTF=0.03x | model=enhanced_mel, neural_total=19.2ms, model_inference=12.0ms
[TIMING] EnhancedMel.transcribe: audio_to_gpu=0.2ms, features=0.6ms, model=12.0ms, decode=5.3ms | TOTAL=18.2ms for 3000ms audio (RTF=0.01x)
[TIMING] stream_chunk[experiment-6a2ef6b3a8b742f69094c4682025917d](live_neural): decode=0.1ms, inference=21.4ms, second_pass=0.0ms, contention=0.0ms, TOTAL=21.8ms | audio=600ms, RTF=0.04x | model=enhanced_mel, neural_total=21.1ms, model_inference=12.0ms
[TIMING] EnhancedMel.transcribe: audio_to_gpu=0.2ms, features=0.5ms, model=13.4ms, decode=5.3ms | TOTAL=19.4ms for 3000ms audio (RTF=0.01x)
[TIMING] stream_chunk[experiment-6a2ef6b3a8b742f69094c4682025917d](live_neural): decode=0.1ms, inference=21.6ms, second_pass=0.0ms, contention=0.0ms, TOTAL=21.9ms | audio=600ms, RTF=0.04x | model=enhanced_mel, neural_total=21.2ms, model_inference=13.4ms
[TIMING] EnhancedMel.transcribe: audio_to_gpu=0.4ms, features=0.7ms, model=19.2ms, decode=5.1ms | TOTAL=25.3ms for 3000ms audio (RTF=0.01x)
[TIMING] stream_chunk[experiment-6a2ef6b3a8b742f69094c4682025917d](live_neural): decode=0.2ms, inference=28.0ms, second_pass=0.0ms, contention=0.0ms, TOTAL=28.3ms | audio=600ms, RTF=0.05x | model=enhanced_mel, neural_total=27.5ms, model_inference=19.2ms
[TIMING] EnhancedMel.transcribe: audio_to_gpu=0.2ms, features=0.5ms, model=12.2ms, decode=5.1ms | TOTAL=18.1ms for 3000ms audio (RTF=0.01x)
[TIMING] stream_chunk[experiment-6a2ef6b3a8b742f69094c4682025917d](live_neural): decode=0.1ms, inference=20.2ms, second_pass=0.0ms, contention=0.0ms, TOTAL=20.4ms | audio=600ms, RTF=0.03x | model=enhanced_mel, neural_total=19.8ms, model_inference=12.2ms
[TIMING] EnhancedMel.transcribe: audio_to_gpu=0.2ms, features=0.5ms, model=11.8ms, decode=5.3ms | TOTAL=17.8ms for 3000ms audio (RTF=0.01x)
[TIMING] stream_chunk[experiment-6a2ef6b3a8b742f69094c4682025917d](live_neural): decode=0.1ms, inference=20.8ms, second_pass=0.0ms, contention=0.0ms, TOTAL=21.0ms | audio=600ms, RTF=0.04x | model=enhanced_mel, neural_total=20.4ms, model_inference=11.8ms
[TIMING] EnhancedMel.transcribe: audio_to_gpu=0.2ms, features=0.5ms, model=13.4ms, decode=5.5ms | TOTAL=19.6ms for 3000ms audio (RTF=0.01x)
[TIMING] stream_chunk[experiment-6a2ef6b3a8b742f69094c4682025917d](live_neural): decode=0.1ms, inference=21.7ms, second_pass=0.0ms, contention=0.0ms, TOTAL=21.9ms | audio=600ms, RTF=0.04x | model=enhanced_mel, neural_total=21.3ms, model_inference=13.4ms
[TIMING] EnhancedMel.transcribe: audio_to_gpu=0.2ms, features=0.5ms, model=10.9ms, decode=1.4ms | TOTAL=12.9ms for 600ms audio (RTF=0.02x)
[TIMING] stream_chunk[experiment-163a991a788b497da218c48f381f143e](live_neural): decode=0.1ms, inference=14.4ms, second_pass=0.0ms, contention=0.0ms, TOTAL=14.6ms | audio=600ms, RTF=0.02x | model=enhanced_mel, neural_total=14.0ms, model_inference=10.9ms
[TIMING] EnhancedMel.transcribe: audio_to_gpu=0.3ms, features=0.4ms, model=10.0ms, decode=2.5ms | TOTAL=13.1ms for 1200ms audio (RTF=0.01x)
[TIMING] stream_chunk[experiment-163a991a788b497da218c48f381f143e](live_neural): decode=0.1ms, inference=14.8ms, second_pass=0.0ms, contention=0.0ms, TOTAL=15.0ms | audio=600ms, RTF=0.03x | model=enhanced_mel, neural_total=14.4ms, model_inference=10.0ms
[TIMING] EnhancedMel.transcribe: audio_to_gpu=0.3ms, features=0.4ms, model=12.7ms, decode=4.7ms | TOTAL=18.1ms for 1800ms audio (RTF=0.01x)
[TIMING] stream_chunk[experiment-163a991a788b497da218c48f381f143e](live_neural): decode=0.1ms, inference=20.0ms, second_pass=0.0ms, contention=0.0ms, TOTAL=20.2ms | audio=600ms, RTF=0.03x | model=enhanced_mel, neural_total=19.6ms, model_inference=12.7ms
[TIMING] EnhancedMel.transcribe: audio_to_gpu=0.2ms, features=0.5ms, model=11.6ms, decode=4.9ms | TOTAL=17.2ms for 2400ms audio (RTF=0.01x)
[TIMING] stream_chunk[experiment-163a991a788b497da218c48f381f143e](live_neural): decode=0.1ms, inference=19.3ms, second_pass=0.0ms, contention=0.0ms, TOTAL=19.5ms | audio=600ms, RTF=0.03x | model=enhanced_mel, neural_total=18.9ms, model_inference=11.6ms
[TIMING] EnhancedMel.transcribe: audio_to_gpu=0.2ms, features=0.5ms, model=12.7ms, decode=5.4ms | TOTAL=18.8ms for 3000ms audio (RTF=0.01x)
[TIMING] stream_chunk[experiment-163a991a788b497da218c48f381f143e](live_neural): decode=0.1ms, inference=21.2ms, second_pass=0.0ms, contention=0.0ms, TOTAL=21.5ms | audio=600ms, RTF=0.04x | model=enhanced_mel, neural_total=20.7ms, model_inference=12.7ms
[TIMING] EnhancedMel.transcribe: audio_to_gpu=0.3ms, features=0.5ms, model=12.1ms, decode=5.3ms | TOTAL=18.2ms for 3000ms audio (RTF=0.01x)
[TIMING] stream_chunk[experiment-163a991a788b497da218c48f381f143e](live_neural): decode=0.1ms, inference=20.6ms, second_pass=0.0ms, contention=0.0ms, TOTAL=20.8ms | audio=600ms, RTF=0.03x | model=enhanced_mel, neural_total=20.1ms, model_inference=12.1ms
[TIMING] EnhancedMel.transcribe: audio_to_gpu=0.2ms, features=0.6ms, model=20.9ms, decode=5.4ms | TOTAL=27.1ms for 3000ms audio (RTF=0.01x)
[TIMING] stream_chunk[experiment-163a991a788b497da218c48f381f143e](live_neural): decode=0.1ms, inference=29.4ms, second_pass=0.0ms, contention=0.0ms, TOTAL=29.6ms | audio=600ms, RTF=0.05x | model=enhanced_mel, neural_total=29.0ms, model_inference=20.9ms
[TIMING] EnhancedMel.transcribe: audio_to_gpu=0.3ms, features=0.5ms, model=12.5ms, decode=5.0ms | TOTAL=18.3ms for 3000ms audio (RTF=0.01x)
[TIMING] stream_chunk[experiment-163a991a788b497da218c48f381f143e](live_neural): decode=0.1ms, inference=20.6ms, second_pass=0.0ms, contention=0.0ms, TOTAL=20.9ms | audio=600ms, RTF=0.03x | model=enhanced_mel, neural_total=20.1ms, model_inference=12.5ms
[TIMING] EnhancedMel.transcribe: audio_to_gpu=0.3ms, features=0.5ms, model=19.1ms, decode=5.0ms | TOTAL=24.9ms for 3000ms audio (RTF=0.01x)
[TIMING] stream_chunk[experiment-163a991a788b497da218c48f381f143e](live_neural): decode=0.1ms, inference=28.4ms, second_pass=0.0ms, contention=0.0ms, TOTAL=28.6ms | audio=600ms, RTF=0.05x | model=enhanced_mel, neural_total=27.9ms, model_inference=19.1ms
[TIMING] EnhancedMel.transcribe: audio_to_gpu=0.3ms, features=0.5ms, model=12.4ms, decode=4.9ms | TOTAL=18.0ms for 3000ms audio (RTF=0.01x)
[TIMING] stream_chunk[experiment-163a991a788b497da218c48f381f143e](live_neural): decode=0.1ms, inference=20.4ms, second_pass=0.0ms, contention=0.0ms, TOTAL=20.6ms | audio=600ms, RTF=0.03x | model=enhanced_mel, neural_total=19.9ms, model_inference=12.4ms

[CLIP_004] Two Sonatas
  excerpt: start=51.00s end=57.00s duration=6.00s gt_notes=50 rms=0.1572 peak=0.7955 crest=5.060 rms_std=0.0687
    control:
      note metrics: precision=0.907 recall=0.980 f1=0.942 matched=49/50 pred=54
      strict onset f1: 10ms=0.827 20ms=0.942 30ms=0.942
      timing metrics: offset_f1=0.923 rhythm_precision=0.959 note_value_acc=0.286 note_value_n=49 avg_beat_error=0.094
      duplicate metrics: duplicates=1 per_100_notes=1.85
      boundary metrics: gt=16 matched=15 missed=1 miss_rate=0.062
      latency: avg_chunk_ms=20.80 p95_chunk_ms=25.42 avg_rtf=0.035
      notation metrics: first_correct_ms=28.1 visible_p50_ms=326.9 visible_p95_ms=607.5 stabilize_p50_ms=477.0 stabilize_p95_ms=1378.9 avg_revisions=0.28 matched=29 refined=29 snapshots=21
      algorithmic latency: first_correct_ms=6.3 visible_p50_ms=306.5 visible_p95_ms=586.2 stabilize_p50_ms=456.0 stabilize_p95_ms=958.3
      final display note metrics: precision=0.925 recall=0.980 f1=0.951 matched=49/50 pred=53
      final display strict onset f1: 10ms=0.835 20ms=0.951 30ms=0.951
      final display timing: offset_f1=0.932 rhythm_precision=0.980 note_value_acc=0.286 note_value_n=49 avg_beat_error=0.185
      final display structure: cluster_f1=0.933 onset_align_recall=1.000 avg_jaccard=0.986 exact=35/36 pred=39 over=0 under=1 pitch_conflicts=0 missed_gt=0
      threshold profiles: hit_rate=0.000 thresholds=[0.75] profiles={'fixed_baseline': 10}
    treatment:
      note metrics: precision=0.778 recall=0.980 f1=0.867 matched=49/50 pred=63
      strict onset f1: 10ms=0.761 20ms=0.867 30ms=0.867
      timing metrics: offset_f1=0.850 rhythm_precision=0.959 note_value_acc=0.286 note_value_n=49 avg_beat_error=0.094
      duplicate metrics: duplicates=1 per_100_notes=1.59
      boundary metrics: gt=16 matched=15 missed=1 miss_rate=0.062
      latency: avg_chunk_ms=21.14 p95_chunk_ms=29.16 avg_rtf=0.035
      notation metrics: first_correct_ms=67.9 visible_p50_ms=334.6 visible_p95_ms=617.9 stabilize_p50_ms=514.5 stabilize_p95_ms=1984.4 avg_revisions=0.34 matched=29 refined=29 snapshots=20
      algorithmic latency: first_correct_ms=52.9 visible_p50_ms=320.1 visible_p95_ms=600.5 stabilize_p50_ms=452.3 stabilize_p95_ms=970.2
      final display note metrics: precision=0.790 recall=0.980 f1=0.875 matched=49/50 pred=62
      final display strict onset f1: 10ms=0.768 20ms=0.875 30ms=0.875
      final display timing: offset_f1=0.857 rhythm_precision=0.980 note_value_acc=0.163 note_value_n=49 avg_beat_error=0.226
      final display structure: cluster_f1=0.831 onset_align_recall=1.000 avg_jaccard=0.944 exact=32/36 pred=41 over=3 under=1 pitch_conflicts=0 missed_gt=0
      threshold profiles: hit_rate=1.000 thresholds=[0.46] profiles={'loud_dense_precision': 10}
    delta treatment-control: precision=-0.130 recall=+0.000 f1=-0.075 offset_f1=-0.074 note_value_acc=+0.000 dup_per_100=-0.26 boundary_miss_rate=+0.000 p95_chunk_ms=+3.74 f1_10ms=-0.066 f1_20ms=-0.075 f1_30ms=-0.075 visible_p50_ms=+7.7 stabilize_p50_ms=+37.5 algo_visible_p50_ms=+13.5 algo_stabilize_p50_ms=-3.6 avg_revisions=+0.07 display_note_f1=-0.076 display_offset_f1=-0.075 display_cluster_f1=-0.102 display_cluster_jaccard=-0.042
    failure buckets: ['boundary_miss_failure', 'note_value_offset_failure']
      boundary diagnostics: missed=1 by_arm={'control': 1, 'treatment': 1} tags={'control_boundary_miss': 1, 'control_timing_or_quantization_drift': 1, 'treatment_candidate_not_retained': 1}
        miss: pitch=67 onset=1.895s boundary_delta_ms=+94.5 control_coarse=True treatment_coarse=True retro=n/a
[TIMING] EnhancedMel.transcribe: audio_to_gpu=0.2ms, features=0.6ms, model=13.7ms, decode=1.1ms | TOTAL=15.7ms for 600ms audio (RTF=0.03x)
[TIMING] stream_chunk[experiment-79d33f5f464b46d19a8666d49fc500a2](live_neural): decode=0.2ms, inference=18.1ms, second_pass=0.0ms, contention=0.0ms, TOTAL=18.3ms | audio=600ms, RTF=0.03x | model=enhanced_mel, neural_total=17.6ms, model_inference=13.7ms
[TIMING] EnhancedMel.transcribe: audio_to_gpu=0.1ms, features=0.7ms, model=10.6ms, decode=2.2ms | TOTAL=13.6ms for 1200ms audio (RTF=0.01x)
[TIMING] stream_chunk[experiment-79d33f5f464b46d19a8666d49fc500a2](live_neural): decode=0.1ms, inference=15.3ms, second_pass=0.0ms, contention=0.0ms, TOTAL=15.5ms | audio=600ms, RTF=0.03x | model=enhanced_mel, neural_total=14.9ms, model_inference=10.6ms
[TIMING] EnhancedMel.transcribe: audio_to_gpu=0.6ms, features=0.5ms, model=11.9ms, decode=3.1ms | TOTAL=16.0ms for 1800ms audio (RTF=0.01x)
[TIMING] stream_chunk[experiment-79d33f5f464b46d19a8666d49fc500a2](live_neural): decode=0.1ms, inference=18.6ms, second_pass=0.0ms, contention=0.0ms, TOTAL=18.8ms | audio=600ms, RTF=0.03x | model=enhanced_mel, neural_total=18.2ms, model_inference=11.9ms
[TIMING] EnhancedMel.transcribe: audio_to_gpu=0.4ms, features=0.5ms, model=18.9ms, decode=4.2ms | TOTAL=23.9ms for 2400ms audio (RTF=0.01x)
[TIMING] stream_chunk[experiment-79d33f5f464b46d19a8666d49fc500a2](live_neural): decode=0.1ms, inference=25.9ms, second_pass=0.0ms, contention=0.0ms, TOTAL=26.1ms | audio=600ms, RTF=0.04x | model=enhanced_mel, neural_total=25.6ms, model_inference=18.9ms
[TIMING] EnhancedMel.transcribe: audio_to_gpu=0.2ms, features=0.5ms, model=12.1ms, decode=4.8ms | TOTAL=17.6ms for 3000ms audio (RTF=0.01x)
[TIMING] stream_chunk[experiment-79d33f5f464b46d19a8666d49fc500a2](live_neural): decode=0.1ms, inference=20.2ms, second_pass=0.0ms, contention=0.0ms, TOTAL=20.5ms | audio=600ms, RTF=0.03x | model=enhanced_mel, neural_total=19.9ms, model_inference=12.1ms
[TIMING] EnhancedMel.transcribe: audio_to_gpu=0.2ms, features=0.5ms, model=12.8ms, decode=4.8ms | TOTAL=18.3ms for 3000ms audio (RTF=0.01x)
[TIMING] stream_chunk[experiment-79d33f5f464b46d19a8666d49fc500a2](live_neural): decode=0.2ms, inference=20.5ms, second_pass=0.0ms, contention=0.0ms, TOTAL=20.8ms | audio=600ms, RTF=0.03x | model=enhanced_mel, neural_total=20.1ms, model_inference=12.8ms
[TIMING] EnhancedMel.transcribe: audio_to_gpu=0.1ms, features=0.4ms, model=13.2ms, decode=5.8ms | TOTAL=19.5ms for 3000ms audio (RTF=0.01x)
[TIMING] stream_chunk[experiment-79d33f5f464b46d19a8666d49fc500a2](live_neural): decode=0.2ms, inference=21.7ms, second_pass=0.0ms, contention=0.0ms, TOTAL=22.0ms | audio=600ms, RTF=0.04x | model=enhanced_mel, neural_total=21.4ms, model_inference=13.2ms
[TIMING] EnhancedMel.transcribe: audio_to_gpu=0.3ms, features=0.9ms, model=17.7ms, decode=4.6ms | TOTAL=23.5ms for 3000ms audio (RTF=0.01x)
[TIMING] stream_chunk[experiment-79d33f5f464b46d19a8666d49fc500a2](live_neural): decode=0.2ms, inference=25.8ms, second_pass=0.0ms, contention=0.0ms, TOTAL=26.1ms | audio=600ms, RTF=0.04x | model=enhanced_mel, neural_total=25.4ms, model_inference=17.7ms
[TIMING] EnhancedMel.transcribe: audio_to_gpu=0.2ms, features=0.5ms, model=12.8ms, decode=4.6ms | TOTAL=18.0ms for 3000ms audio (RTF=0.01x)
[TIMING] stream_chunk[experiment-79d33f5f464b46d19a8666d49fc500a2](live_neural): decode=0.1ms, inference=21.1ms, second_pass=0.0ms, contention=0.0ms, TOTAL=21.3ms | audio=600ms, RTF=0.04x | model=enhanced_mel, neural_total=20.8ms, model_inference=12.8ms
[TIMING] EnhancedMel.transcribe: audio_to_gpu=0.2ms, features=0.5ms, model=12.2ms, decode=4.4ms | TOTAL=17.4ms for 3000ms audio (RTF=0.01x)
[TIMING] stream_chunk[experiment-79d33f5f464b46d19a8666d49fc500a2](live_neural): decode=0.2ms, inference=19.7ms, second_pass=0.0ms, contention=0.0ms, TOTAL=19.9ms | audio=600ms, RTF=0.03x | model=enhanced_mel, neural_total=19.3ms, model_inference=12.2ms
[TIMING] EnhancedMel.transcribe: audio_to_gpu=0.1ms, features=0.4ms, model=10.5ms, decode=1.1ms | TOTAL=12.1ms for 600ms audio (RTF=0.02x)
[TIMING] stream_chunk[experiment-dcfcaa659fb347039639e5247ec7bc90](live_neural): decode=0.1ms, inference=14.3ms, second_pass=0.0ms, contention=0.0ms, TOTAL=14.4ms | audio=600ms, RTF=0.02x | model=enhanced_mel, neural_total=13.9ms, model_inference=10.5ms
[TIMING] EnhancedMel.transcribe: audio_to_gpu=0.1ms, features=0.3ms, model=9.9ms, decode=2.5ms | TOTAL=12.9ms for 1200ms audio (RTF=0.01x)
[TIMING] stream_chunk[experiment-dcfcaa659fb347039639e5247ec7bc90](live_neural): decode=0.1ms, inference=14.7ms, second_pass=0.0ms, contention=0.0ms, TOTAL=14.9ms | audio=600ms, RTF=0.02x | model=enhanced_mel, neural_total=14.3ms, model_inference=9.9ms
[TIMING] EnhancedMel.transcribe: audio_to_gpu=0.1ms, features=0.5ms, model=11.3ms, decode=3.6ms | TOTAL=15.5ms for 1800ms audio (RTF=0.01x)
[TIMING] stream_chunk[experiment-dcfcaa659fb347039639e5247ec7bc90](live_neural): decode=0.1ms, inference=17.5ms, second_pass=0.0ms, contention=0.0ms, TOTAL=17.7ms | audio=600ms, RTF=0.03x | model=enhanced_mel, neural_total=17.1ms, model_inference=11.3ms
[TIMING] EnhancedMel.transcribe: audio_to_gpu=0.2ms, features=0.4ms, model=14.5ms, decode=4.0ms | TOTAL=19.0ms for 2400ms audio (RTF=0.01x)
[TIMING] stream_chunk[experiment-dcfcaa659fb347039639e5247ec7bc90](live_neural): decode=0.1ms, inference=21.1ms, second_pass=0.0ms, contention=0.0ms, TOTAL=21.3ms | audio=600ms, RTF=0.04x | model=enhanced_mel, neural_total=20.8ms, model_inference=14.5ms
[TIMING] EnhancedMel.transcribe: audio_to_gpu=0.2ms, features=0.5ms, model=12.1ms, decode=5.2ms | TOTAL=18.0ms for 3000ms audio (RTF=0.01x)
[TIMING] stream_chunk[experiment-dcfcaa659fb347039639e5247ec7bc90](live_neural): decode=0.1ms, inference=20.2ms, second_pass=0.0ms, contention=0.0ms, TOTAL=20.4ms | audio=600ms, RTF=0.03x | model=enhanced_mel, neural_total=19.8ms, model_inference=12.1ms
[TIMING] EnhancedMel.transcribe: audio_to_gpu=0.2ms, features=0.9ms, model=15.2ms, decode=4.9ms | TOTAL=21.1ms for 3000ms audio (RTF=0.01x)
[TIMING] stream_chunk[experiment-dcfcaa659fb347039639e5247ec7bc90](live_neural): decode=0.1ms, inference=23.5ms, second_pass=0.0ms, contention=0.0ms, TOTAL=23.7ms | audio=600ms, RTF=0.04x | model=enhanced_mel, neural_total=23.1ms, model_inference=15.2ms
[TIMING] EnhancedMel.transcribe: audio_to_gpu=0.2ms, features=0.6ms, model=11.8ms, decode=4.7ms | TOTAL=17.3ms for 3000ms audio (RTF=0.01x)
[TIMING] stream_chunk[experiment-dcfcaa659fb347039639e5247ec7bc90](live_neural): decode=0.1ms, inference=19.4ms, second_pass=0.0ms, contention=0.0ms, TOTAL=19.6ms | audio=600ms, RTF=0.03x | model=enhanced_mel, neural_total=19.1ms, model_inference=11.8ms
[TIMING] EnhancedMel.transcribe: audio_to_gpu=0.3ms, features=0.4ms, model=11.7ms, decode=4.7ms | TOTAL=17.1ms for 3000ms audio (RTF=0.01x)
[TIMING] stream_chunk[experiment-dcfcaa659fb347039639e5247ec7bc90](live_neural): decode=0.1ms, inference=19.3ms, second_pass=0.0ms, contention=0.0ms, TOTAL=19.5ms | audio=600ms, RTF=0.03x | model=enhanced_mel, neural_total=18.9ms, model_inference=11.7ms
[TIMING] EnhancedMel.transcribe: audio_to_gpu=0.2ms, features=1.0ms, model=21.5ms, decode=4.5ms | TOTAL=27.3ms for 3000ms audio (RTF=0.01x)
[TIMING] stream_chunk[experiment-dcfcaa659fb347039639e5247ec7bc90](live_neural): decode=0.1ms, inference=29.4ms, second_pass=0.0ms, contention=0.0ms, TOTAL=29.7ms | audio=600ms, RTF=0.05x | model=enhanced_mel, neural_total=29.0ms, model_inference=21.5ms
[TIMING] EnhancedMel.transcribe: audio_to_gpu=0.2ms, features=0.7ms, model=14.6ms, decode=4.5ms | TOTAL=20.0ms for 3000ms audio (RTF=0.01x)
[TIMING] stream_chunk[experiment-dcfcaa659fb347039639e5247ec7bc90](live_neural): decode=0.2ms, inference=22.2ms, second_pass=0.0ms, contention=0.0ms, TOTAL=22.5ms | audio=600ms, RTF=0.04x | model=enhanced_mel, neural_total=21.7ms, model_inference=14.6ms

[CLIP_005] Hungarian Rhapsody No. 9
  excerpt: start=48.00s end=54.00s duration=6.00s gt_notes=8 rms=0.0260 peak=0.1356 crest=5.209 rms_std=0.0157
    control:
      note metrics: precision=0.889 recall=1.000 f1=0.941 matched=8/8 pred=9
      strict onset f1: 10ms=0.941 20ms=0.941 30ms=0.941
      timing metrics: offset_f1=0.353 rhythm_precision=0.375 note_value_acc=0.000 note_value_n=8 avg_beat_error=1.734
      duplicate metrics: duplicates=0 per_100_notes=0.00
      boundary metrics: gt=3 matched=3 missed=0 miss_rate=0.000
      latency: avg_chunk_ms=20.92 p95_chunk_ms=26.08 avg_rtf=0.035
      notation metrics: first_correct_ms=196.0 visible_p50_ms=446.2 visible_p95_ms=597.5 stabilize_p50_ms=1635.1 stabilize_p95_ms=2508.6 avg_revisions=1.38 matched=8 refined=8 snapshots=15
      algorithmic latency: first_correct_ms=180.5 visible_p50_ms=429.0 visible_p95_ms=576.1 stabilize_p50_ms=1105.1 stabilize_p95_ms=1978.5
      final display note metrics: precision=0.889 recall=1.000 f1=0.941 matched=8/8 pred=9
      final display strict onset f1: 10ms=0.941 20ms=0.941 30ms=0.941
      final display timing: offset_f1=0.353 rhythm_precision=0.375 note_value_acc=0.250 note_value_n=8 avg_beat_error=1.375
      final display structure: cluster_f1=0.875 onset_align_recall=1.000 avg_jaccard=0.938 exact=7/8 pred=8 over=1 under=0 pitch_conflicts=0 missed_gt=0
      threshold profiles: hit_rate=0.000 thresholds=[0.75] profiles={'fixed_baseline': 10}
    treatment:
      note metrics: precision=0.889 recall=1.000 f1=0.941 matched=8/8 pred=9
      strict onset f1: 10ms=0.941 20ms=0.941 30ms=0.941
      timing metrics: offset_f1=0.353 rhythm_precision=0.375 note_value_acc=0.000 note_value_n=8 avg_beat_error=1.734
      duplicate metrics: duplicates=0 per_100_notes=0.00
      boundary metrics: gt=3 matched=3 missed=0 miss_rate=0.000
      latency: avg_chunk_ms=20.37 p95_chunk_ms=26.98 avg_rtf=0.034
      notation metrics: first_correct_ms=195.3 visible_p50_ms=445.3 visible_p95_ms=595.1 stabilize_p50_ms=1634.4 stabilize_p95_ms=2507.8 avg_revisions=1.38 matched=8 refined=8 snapshots=15
      algorithmic latency: first_correct_ms=180.5 visible_p50_ms=429.0 visible_p95_ms=576.1 stabilize_p50_ms=1105.1 stabilize_p95_ms=1978.5
      final display note metrics: precision=0.889 recall=1.000 f1=0.941 matched=8/8 pred=9
      final display strict onset f1: 10ms=0.941 20ms=0.941 30ms=0.941
      final display timing: offset_f1=0.353 rhythm_precision=0.375 note_value_acc=0.250 note_value_n=8 avg_beat_error=1.375
      final display structure: cluster_f1=0.875 onset_align_recall=1.000 avg_jaccard=0.938 exact=7/8 pred=8 over=1 under=0 pitch_conflicts=0 missed_gt=0
      threshold profiles: hit_rate=0.300 thresholds=[0.71, 0.75] profiles={'baseline_nominal': 7, 'soft_sparse_recall': 3}
    delta treatment-control: precision=+0.000 recall=+0.000 f1=+0.000 offset_f1=+0.000 note_value_acc=+0.000 dup_per_100=+0.00 boundary_miss_rate=+0.000 p95_chunk_ms=+0.90 f1_10ms=+0.000 f1_20ms=+0.000 f1_30ms=+0.000 visible_p50_ms=-0.9 stabilize_p50_ms=-0.7 algo_visible_p50_ms=+0.0 algo_stabilize_p50_ms=+0.0 avg_revisions=+0.00 display_note_f1=+0.000 display_offset_f1=+0.000 display_cluster_f1=+0.000 display_cluster_jaccard=+0.000
    failure buckets: ['high_revision_slow_stabilization', 'note_value_offset_failure']
[TIMING] EnhancedMel.transcribe: audio_to_gpu=0.5ms, features=0.8ms, model=10.4ms, decode=1.6ms | TOTAL=13.2ms for 600ms audio (RTF=0.02x)
[TIMING] stream_chunk[experiment-e7282f1abf6f4b47b9dd7843c0403286](live_neural): decode=0.2ms, inference=15.6ms, second_pass=0.0ms, contention=0.0ms, TOTAL=15.9ms | audio=600ms, RTF=0.03x | model=enhanced_mel, neural_total=15.2ms, model_inference=10.4ms
[TIMING] EnhancedMel.transcribe: audio_to_gpu=0.2ms, features=0.5ms, model=19.4ms, decode=2.8ms | TOTAL=22.9ms for 1200ms audio (RTF=0.02x)
[TIMING] stream_chunk[experiment-e7282f1abf6f4b47b9dd7843c0403286](live_neural): decode=0.2ms, inference=24.6ms, second_pass=0.0ms, contention=0.0ms, TOTAL=24.9ms | audio=600ms, RTF=0.04x | model=enhanced_mel, neural_total=24.3ms, model_inference=19.4ms
[TIMING] EnhancedMel.transcribe: audio_to_gpu=0.2ms, features=0.4ms, model=10.8ms, decode=4.7ms | TOTAL=16.1ms for 1800ms audio (RTF=0.01x)
[TIMING] stream_chunk[experiment-e7282f1abf6f4b47b9dd7843c0403286](live_neural): decode=0.1ms, inference=18.2ms, second_pass=0.0ms, contention=0.0ms, TOTAL=18.5ms | audio=600ms, RTF=0.03x | model=enhanced_mel, neural_total=17.7ms, model_inference=10.8ms
[TIMING] EnhancedMel.transcribe: audio_to_gpu=0.2ms, features=0.5ms, model=11.3ms, decode=4.8ms | TOTAL=16.8ms for 2400ms audio (RTF=0.01x)
[TIMING] stream_chunk[experiment-e7282f1abf6f4b47b9dd7843c0403286](live_neural): decode=0.1ms, inference=19.1ms, second_pass=0.0ms, contention=0.0ms, TOTAL=19.4ms | audio=600ms, RTF=0.03x | model=enhanced_mel, neural_total=18.7ms, model_inference=11.3ms
[TIMING] EnhancedMel.transcribe: audio_to_gpu=0.2ms, features=0.5ms, model=12.6ms, decode=7.7ms | TOTAL=20.9ms for 3000ms audio (RTF=0.01x)
[TIMING] stream_chunk[experiment-e7282f1abf6f4b47b9dd7843c0403286](live_neural): decode=0.1ms, inference=26.6ms, second_pass=0.0ms, contention=0.0ms, TOTAL=26.9ms | audio=600ms, RTF=0.04x | model=enhanced_mel, neural_total=26.1ms, model_inference=12.6ms
[TIMING] EnhancedMel.transcribe: audio_to_gpu=0.3ms, features=0.5ms, model=12.8ms, decode=6.7ms | TOTAL=20.2ms for 3000ms audio (RTF=0.01x)
[TIMING] stream_chunk[experiment-e7282f1abf6f4b47b9dd7843c0403286](live_neural): decode=0.1ms, inference=22.8ms, second_pass=0.0ms, contention=0.0ms, TOTAL=23.1ms | audio=600ms, RTF=0.04x | model=enhanced_mel, neural_total=22.3ms, model_inference=12.8ms
[TIMING] EnhancedMel.transcribe: audio_to_gpu=0.3ms, features=0.5ms, model=12.9ms, decode=6.0ms | TOTAL=19.7ms for 3000ms audio (RTF=0.01x)
[TIMING] stream_chunk[experiment-e7282f1abf6f4b47b9dd7843c0403286](live_neural): decode=0.1ms, inference=22.1ms, second_pass=0.0ms, contention=0.0ms, TOTAL=22.5ms | audio=600ms, RTF=0.04x | model=enhanced_mel, neural_total=21.8ms, model_inference=12.9ms
[TIMING] EnhancedMel.transcribe: audio_to_gpu=0.2ms, features=0.5ms, model=12.0ms, decode=5.9ms | TOTAL=18.7ms for 3000ms audio (RTF=0.01x)
[TIMING] stream_chunk[experiment-e7282f1abf6f4b47b9dd7843c0403286](live_neural): decode=0.1ms, inference=21.3ms, second_pass=0.0ms, contention=0.0ms, TOTAL=21.8ms | audio=600ms, RTF=0.04x | model=enhanced_mel, neural_total=20.9ms, model_inference=12.0ms
[TIMING] EnhancedMel.transcribe: audio_to_gpu=0.2ms, features=0.4ms, model=12.0ms, decode=6.6ms | TOTAL=19.3ms for 3000ms audio (RTF=0.01x)
[TIMING] stream_chunk[experiment-e7282f1abf6f4b47b9dd7843c0403286](live_neural): decode=0.1ms, inference=21.8ms, second_pass=0.0ms, contention=0.0ms, TOTAL=22.1ms | audio=600ms, RTF=0.04x | model=enhanced_mel, neural_total=21.3ms, model_inference=12.0ms
[TIMING] EnhancedMel.transcribe: audio_to_gpu=0.5ms, features=0.6ms, model=19.4ms, decode=6.5ms | TOTAL=26.9ms for 3000ms audio (RTF=0.01x)
[TIMING] stream_chunk[experiment-e7282f1abf6f4b47b9dd7843c0403286](live_neural): decode=0.1ms, inference=29.4ms, second_pass=0.0ms, contention=0.0ms, TOTAL=29.7ms | audio=600ms, RTF=0.05x | model=enhanced_mel, neural_total=28.9ms, model_inference=19.4ms
[TIMING] EnhancedMel.transcribe: audio_to_gpu=0.3ms, features=0.5ms, model=9.9ms, decode=1.5ms | TOTAL=12.2ms for 600ms audio (RTF=0.02x)
[TIMING] stream_chunk[experiment-cfdab4cfa23b4b34b0159dc4cffb1511](live_neural): decode=0.2ms, inference=13.8ms, second_pass=0.0ms, contention=0.0ms, TOTAL=14.1ms | audio=600ms, RTF=0.02x | model=enhanced_mel, neural_total=13.4ms, model_inference=9.9ms
[TIMING] EnhancedMel.transcribe: audio_to_gpu=0.2ms, features=0.5ms, model=11.8ms, decode=2.6ms | TOTAL=15.1ms for 1200ms audio (RTF=0.01x)
[TIMING] stream_chunk[experiment-cfdab4cfa23b4b34b0159dc4cffb1511](live_neural): decode=0.1ms, inference=16.9ms, second_pass=0.0ms, contention=0.0ms, TOTAL=17.2ms | audio=600ms, RTF=0.03x | model=enhanced_mel, neural_total=16.6ms, model_inference=11.8ms
[TIMING] EnhancedMel.transcribe: audio_to_gpu=0.2ms, features=0.7ms, model=22.9ms, decode=3.8ms | TOTAL=27.7ms for 1800ms audio (RTF=0.02x)
[TIMING] stream_chunk[experiment-cfdab4cfa23b4b34b0159dc4cffb1511](live_neural): decode=0.1ms, inference=29.6ms, second_pass=0.0ms, contention=0.0ms, TOTAL=29.8ms | audio=600ms, RTF=0.05x | model=enhanced_mel, neural_total=29.3ms, model_inference=22.9ms
[TIMING] EnhancedMel.transcribe: audio_to_gpu=0.2ms, features=0.4ms, model=12.1ms, decode=5.0ms | TOTAL=17.7ms for 2400ms audio (RTF=0.01x)
[TIMING] stream_chunk[experiment-cfdab4cfa23b4b34b0159dc4cffb1511](live_neural): decode=0.1ms, inference=20.2ms, second_pass=0.0ms, contention=0.0ms, TOTAL=21.3ms | audio=600ms, RTF=0.04x | model=enhanced_mel, neural_total=19.7ms, model_inference=12.1ms
[TIMING] EnhancedMel.transcribe: audio_to_gpu=0.4ms, features=0.7ms, model=18.6ms, decode=6.0ms | TOTAL=25.7ms for 3000ms audio (RTF=0.01x)
[TIMING] stream_chunk[experiment-cfdab4cfa23b4b34b0159dc4cffb1511](live_neural): decode=0.1ms, inference=28.1ms, second_pass=0.0ms, contention=0.0ms, TOTAL=28.4ms | audio=600ms, RTF=0.05x | model=enhanced_mel, neural_total=27.7ms, model_inference=18.6ms
[TIMING] EnhancedMel.transcribe: audio_to_gpu=0.3ms, features=0.5ms, model=12.7ms, decode=6.1ms | TOTAL=19.5ms for 3000ms audio (RTF=0.01x)
[TIMING] stream_chunk[experiment-cfdab4cfa23b4b34b0159dc4cffb1511](live_neural): decode=0.1ms, inference=22.9ms, second_pass=0.0ms, contention=0.0ms, TOTAL=23.2ms | audio=600ms, RTF=0.04x | model=enhanced_mel, neural_total=22.6ms, model_inference=12.7ms
[TIMING] EnhancedMel.transcribe: audio_to_gpu=0.6ms, features=0.5ms, model=12.3ms, decode=6.1ms | TOTAL=19.5ms for 3000ms audio (RTF=0.01x)
[TIMING] stream_chunk[experiment-cfdab4cfa23b4b34b0159dc4cffb1511](live_neural): decode=0.1ms, inference=23.0ms, second_pass=0.0ms, contention=0.0ms, TOTAL=23.4ms | audio=600ms, RTF=0.04x | model=enhanced_mel, neural_total=22.7ms, model_inference=12.3ms
[TIMING] EnhancedMel.transcribe: audio_to_gpu=0.3ms, features=0.6ms, model=12.0ms, decode=6.5ms | TOTAL=19.4ms for 3000ms audio (RTF=0.01x)
[TIMING] stream_chunk[experiment-cfdab4cfa23b4b34b0159dc4cffb1511](live_neural): decode=0.1ms, inference=22.0ms, second_pass=0.0ms, contention=0.0ms, TOTAL=22.3ms | audio=600ms, RTF=0.04x | model=enhanced_mel, neural_total=21.6ms, model_inference=12.0ms
[TIMING] EnhancedMel.transcribe: audio_to_gpu=0.2ms, features=0.5ms, model=11.8ms, decode=6.1ms | TOTAL=18.7ms for 3000ms audio (RTF=0.01x)
[TIMING] stream_chunk[experiment-cfdab4cfa23b4b34b0159dc4cffb1511](live_neural): decode=0.1ms, inference=21.1ms, second_pass=0.0ms, contention=0.0ms, TOTAL=21.4ms | audio=600ms, RTF=0.04x | model=enhanced_mel, neural_total=20.7ms, model_inference=11.8ms
[TIMING] EnhancedMel.transcribe: audio_to_gpu=0.3ms, features=0.5ms, model=12.0ms, decode=6.3ms | TOTAL=19.1ms for 3000ms audio (RTF=0.01x)
[TIMING] stream_chunk[experiment-cfdab4cfa23b4b34b0159dc4cffb1511](live_neural): decode=0.1ms, inference=21.7ms, second_pass=0.0ms, contention=0.0ms, TOTAL=22.0ms | audio=600ms, RTF=0.04x | model=enhanced_mel, neural_total=21.2ms, model_inference=12.0ms

[CLIP_006] Pour le piano (Complete)
  excerpt: start=57.00s end=63.00s duration=6.00s gt_notes=204 rms=0.0936 peak=0.4392 crest=4.692 rms_std=0.0147
    control:
      note metrics: precision=0.906 recall=0.848 f1=0.876 matched=173/204 pred=191
      strict onset f1: 10ms=0.628 20ms=0.851 30ms=0.876
      timing metrics: offset_f1=0.825 rhythm_precision=0.942 note_value_acc=0.572 note_value_n=173 avg_beat_error=0.085
      duplicate metrics: duplicates=10 per_100_notes=5.24
      boundary metrics: gt=63 matched=52 missed=11 miss_rate=0.175
      latency: avg_chunk_ms=22.49 p95_chunk_ms=28.47 avg_rtf=0.038
      notation metrics: first_correct_ms=21.0 visible_p50_ms=390.4 visible_p95_ms=635.1 stabilize_p50_ms=826.7 stabilize_p95_ms=2775.6 avg_revisions=0.90 matched=31 refined=31 snapshots=18
      algorithmic latency: first_correct_ms=0.0 visible_p50_ms=367.7 visible_p95_ms=616.7 stabilize_p50_ms=759.4 stabilize_p95_ms=2547.9
      final display note metrics: precision=0.958 recall=0.775 f1=0.856 matched=158/204 pred=165
      final display strict onset f1: 10ms=0.629 20ms=0.835 30ms=0.856
      final display timing: offset_f1=0.808 rhythm_precision=0.943 note_value_acc=0.278 note_value_n=158 avg_beat_error=0.204
      final display structure: cluster_f1=0.268 onset_align_recall=0.841 avg_jaccard=0.734 exact=11/44 pred=38 over=5 under=16 pitch_conflicts=5 missed_gt=7
      threshold profiles: hit_rate=0.000 thresholds=[0.75] profiles={'fixed_baseline': 10}
    treatment:
      note metrics: precision=0.906 recall=0.848 f1=0.876 matched=173/204 pred=191
      strict onset f1: 10ms=0.628 20ms=0.851 30ms=0.876
      timing metrics: offset_f1=0.825 rhythm_precision=0.942 note_value_acc=0.572 note_value_n=173 avg_beat_error=0.085
      duplicate metrics: duplicates=10 per_100_notes=5.24
      boundary metrics: gt=63 matched=52 missed=11 miss_rate=0.175
      latency: avg_chunk_ms=22.31 p95_chunk_ms=29.17 avg_rtf=0.037
      notation metrics: first_correct_ms=20.4 visible_p50_ms=389.7 visible_p95_ms=646.5 stabilize_p50_ms=826.0 stabilize_p95_ms=2774.9 avg_revisions=0.90 matched=31 refined=31 snapshots=18
      algorithmic latency: first_correct_ms=0.0 visible_p50_ms=367.7 visible_p95_ms=616.7 stabilize_p50_ms=759.4 stabilize_p95_ms=2547.9
      final display note metrics: precision=0.958 recall=0.775 f1=0.856 matched=158/204 pred=165
      final display strict onset f1: 10ms=0.629 20ms=0.835 30ms=0.856
      final display timing: offset_f1=0.808 rhythm_precision=0.943 note_value_acc=0.278 note_value_n=158 avg_beat_error=0.204
      final display structure: cluster_f1=0.268 onset_align_recall=0.841 avg_jaccard=0.734 exact=11/44 pred=38 over=5 under=16 pitch_conflicts=5 missed_gt=7
      threshold profiles: hit_rate=0.000 thresholds=[0.75] profiles={'baseline_nominal': 10}
    delta treatment-control: precision=+0.000 recall=+0.000 f1=+0.000 offset_f1=+0.000 note_value_acc=+0.000 dup_per_100=+0.00 boundary_miss_rate=+0.000 p95_chunk_ms=+0.70 f1_10ms=+0.000 f1_20ms=+0.000 f1_30ms=+0.000 visible_p50_ms=-0.6 stabilize_p50_ms=-0.7 algo_visible_p50_ms=+0.0 algo_stabilize_p50_ms=+0.0 avg_revisions=+0.00 display_note_f1=+0.000 display_offset_f1=+0.000 display_cluster_f1=+0.000 display_cluster_jaccard=+0.000
    failure buckets: ['boundary_miss_failure', 'high_revision_slow_stabilization']
      boundary diagnostics: missed=11 by_arm={'control': 11, 'treatment': 11} tags={'control_boundary_miss': 11, 'no_control_coarse_candidate': 11}
        miss: pitch=75 onset=0.662s boundary_delta_ms=+62.5 control_coarse=False treatment_coarse=False retro=n/a
        miss: pitch=56 onset=0.683s boundary_delta_ms=+83.3 control_coarse=False treatment_coarse=False retro=n/a
        miss: pitch=73 onset=0.689s boundary_delta_ms=+88.5 control_coarse=False treatment_coarse=False retro=n/a
        ... 8 more missed boundary notes in diagnostics JSON
[TIMING] EnhancedMel.transcribe: audio_to_gpu=0.4ms, features=0.8ms, model=23.7ms, decode=1.1ms | TOTAL=26.0ms for 600ms audio (RTF=0.04x)
[TIMING] stream_chunk[experiment-d7dc4440c788434e98ab090964ed4dd3](live_neural): decode=0.2ms, inference=28.2ms, second_pass=0.0ms, contention=0.0ms, TOTAL=28.4ms | audio=600ms, RTF=0.05x | model=enhanced_mel, neural_total=27.7ms, model_inference=23.7ms
[TIMING] EnhancedMel.transcribe: audio_to_gpu=0.1ms, features=0.4ms, model=10.0ms, decode=2.7ms | TOTAL=13.2ms for 1200ms audio (RTF=0.01x)
[TIMING] stream_chunk[experiment-d7dc4440c788434e98ab090964ed4dd3](live_neural): decode=0.2ms, inference=15.0ms, second_pass=0.0ms, contention=0.0ms, TOTAL=15.3ms | audio=600ms, RTF=0.03x | model=enhanced_mel, neural_total=14.7ms, model_inference=10.0ms
[TIMING] EnhancedMel.transcribe: audio_to_gpu=0.2ms, features=0.5ms, model=11.9ms, decode=2.8ms | TOTAL=15.3ms for 1800ms audio (RTF=0.01x)
[TIMING] stream_chunk[experiment-d7dc4440c788434e98ab090964ed4dd3](live_neural): decode=0.2ms, inference=17.6ms, second_pass=0.0ms, contention=0.0ms, TOTAL=17.9ms | audio=600ms, RTF=0.03x | model=enhanced_mel, neural_total=17.2ms, model_inference=11.9ms
[TIMING] EnhancedMel.transcribe: audio_to_gpu=0.1ms, features=0.4ms, model=11.5ms, decode=3.7ms | TOTAL=15.7ms for 2400ms audio (RTF=0.01x)
[TIMING] stream_chunk[experiment-d7dc4440c788434e98ab090964ed4dd3](live_neural): decode=0.2ms, inference=18.6ms, second_pass=0.0ms, contention=0.0ms, TOTAL=18.9ms | audio=600ms, RTF=0.03x | model=enhanced_mel, neural_total=18.3ms, model_inference=11.5ms
[TIMING] EnhancedMel.transcribe: audio_to_gpu=0.1ms, features=0.3ms, model=12.6ms, decode=4.5ms | TOTAL=17.6ms for 3000ms audio (RTF=0.01x)
[TIMING] stream_chunk[experiment-d7dc4440c788434e98ab090964ed4dd3](live_neural): decode=0.2ms, inference=19.7ms, second_pass=0.0ms, contention=0.0ms, TOTAL=20.0ms | audio=600ms, RTF=0.03x | model=enhanced_mel, neural_total=19.4ms, model_inference=12.6ms
[TIMING] EnhancedMel.transcribe: audio_to_gpu=0.2ms, features=0.4ms, model=12.4ms, decode=5.2ms | TOTAL=18.1ms for 3000ms audio (RTF=0.01x)
[TIMING] stream_chunk[experiment-d7dc4440c788434e98ab090964ed4dd3](live_neural): decode=0.1ms, inference=20.2ms, second_pass=0.0ms, contention=0.0ms, TOTAL=20.4ms | audio=600ms, RTF=0.03x | model=enhanced_mel, neural_total=19.8ms, model_inference=12.4ms
[TIMING] EnhancedMel.transcribe: audio_to_gpu=0.2ms, features=0.4ms, model=12.1ms, decode=4.4ms | TOTAL=17.2ms for 3000ms audio (RTF=0.01x)
[TIMING] stream_chunk[experiment-d7dc4440c788434e98ab090964ed4dd3](live_neural): decode=0.1ms, inference=19.3ms, second_pass=0.0ms, contention=0.0ms, TOTAL=19.5ms | audio=600ms, RTF=0.03x | model=enhanced_mel, neural_total=18.9ms, model_inference=12.1ms
[TIMING] EnhancedMel.transcribe: audio_to_gpu=0.2ms, features=0.4ms, model=12.5ms, decode=4.7ms | TOTAL=17.8ms for 3000ms audio (RTF=0.01x)
[TIMING] stream_chunk[experiment-d7dc4440c788434e98ab090964ed4dd3](live_neural): decode=0.1ms, inference=19.9ms, second_pass=0.0ms, contention=0.0ms, TOTAL=20.1ms | audio=600ms, RTF=0.03x | model=enhanced_mel, neural_total=19.5ms, model_inference=12.5ms
[TIMING] EnhancedMel.transcribe: audio_to_gpu=0.2ms, features=0.4ms, model=12.1ms, decode=4.9ms | TOTAL=17.5ms for 3000ms audio (RTF=0.01x)
[TIMING] stream_chunk[experiment-d7dc4440c788434e98ab090964ed4dd3](live_neural): decode=0.1ms, inference=19.6ms, second_pass=0.0ms, contention=0.0ms, TOTAL=19.8ms | audio=600ms, RTF=0.03x | model=enhanced_mel, neural_total=19.3ms, model_inference=12.1ms
[TIMING] EnhancedMel.transcribe: audio_to_gpu=0.2ms, features=0.5ms, model=12.6ms, decode=5.6ms | TOTAL=18.9ms for 3000ms audio (RTF=0.01x)
[TIMING] stream_chunk[experiment-d7dc4440c788434e98ab090964ed4dd3](live_neural): decode=0.2ms, inference=21.1ms, second_pass=0.0ms, contention=0.0ms, TOTAL=21.4ms | audio=600ms, RTF=0.04x | model=enhanced_mel, neural_total=20.8ms, model_inference=12.6ms
[TIMING] EnhancedMel.transcribe: audio_to_gpu=0.1ms, features=0.4ms, model=10.8ms, decode=1.0ms | TOTAL=12.4ms for 600ms audio (RTF=0.02x)
[TIMING] stream_chunk[experiment-bb2e16376ab048b099e8711108feb2a2](live_neural): decode=0.1ms, inference=13.9ms, second_pass=0.0ms, contention=0.0ms, TOTAL=14.0ms | audio=600ms, RTF=0.02x | model=enhanced_mel, neural_total=13.5ms, model_inference=10.8ms
[TIMING] EnhancedMel.transcribe: audio_to_gpu=0.1ms, features=0.5ms, model=10.1ms, decode=2.2ms | TOTAL=12.9ms for 1200ms audio (RTF=0.01x)
[TIMING] stream_chunk[experiment-bb2e16376ab048b099e8711108feb2a2](live_neural): decode=0.3ms, inference=14.4ms, second_pass=0.0ms, contention=0.0ms, TOTAL=14.7ms | audio=600ms, RTF=0.02x | model=enhanced_mel, neural_total=14.1ms, model_inference=10.1ms
[TIMING] EnhancedMel.transcribe: audio_to_gpu=0.1ms, features=0.4ms, model=11.0ms, decode=2.8ms | TOTAL=14.3ms for 1800ms audio (RTF=0.01x)
[TIMING] stream_chunk[experiment-bb2e16376ab048b099e8711108feb2a2](live_neural): decode=0.1ms, inference=16.1ms, second_pass=0.0ms, contention=0.0ms, TOTAL=16.3ms | audio=600ms, RTF=0.03x | model=enhanced_mel, neural_total=15.7ms, model_inference=11.0ms
[TIMING] EnhancedMel.transcribe: audio_to_gpu=0.1ms, features=0.4ms, model=11.3ms, decode=3.6ms | TOTAL=15.4ms for 2400ms audio (RTF=0.01x)
[TIMING] stream_chunk[experiment-bb2e16376ab048b099e8711108feb2a2](live_neural): decode=0.1ms, inference=17.3ms, second_pass=0.0ms, contention=0.0ms, TOTAL=17.5ms | audio=600ms, RTF=0.03x | model=enhanced_mel, neural_total=16.9ms, model_inference=11.3ms
[TIMING] EnhancedMel.transcribe: audio_to_gpu=0.2ms, features=0.6ms, model=14.8ms, decode=4.5ms | TOTAL=20.1ms for 3000ms audio (RTF=0.01x)
[TIMING] stream_chunk[experiment-bb2e16376ab048b099e8711108feb2a2](live_neural): decode=0.1ms, inference=22.3ms, second_pass=0.0ms, contention=0.0ms, TOTAL=22.5ms | audio=600ms, RTF=0.04x | model=enhanced_mel, neural_total=21.9ms, model_inference=14.8ms
[TIMING] EnhancedMel.transcribe: audio_to_gpu=0.3ms, features=0.7ms, model=19.2ms, decode=4.5ms | TOTAL=24.6ms for 3000ms audio (RTF=0.01x)
[TIMING] stream_chunk[experiment-bb2e16376ab048b099e8711108feb2a2](live_neural): decode=0.1ms, inference=26.9ms, second_pass=0.0ms, contention=0.0ms, TOTAL=27.1ms | audio=600ms, RTF=0.05x | model=enhanced_mel, neural_total=26.5ms, model_inference=19.2ms
[TIMING] EnhancedMel.transcribe: audio_to_gpu=0.1ms, features=0.4ms, model=12.3ms, decode=4.4ms | TOTAL=17.2ms for 3000ms audio (RTF=0.01x)
[TIMING] stream_chunk[experiment-bb2e16376ab048b099e8711108feb2a2](live_neural): decode=0.1ms, inference=20.3ms, second_pass=0.0ms, contention=0.0ms, TOTAL=20.5ms | audio=600ms, RTF=0.03x | model=enhanced_mel, neural_total=19.9ms, model_inference=12.3ms
[TIMING] EnhancedMel.transcribe: audio_to_gpu=0.3ms, features=0.8ms, model=18.7ms, decode=4.4ms | TOTAL=24.2ms for 3000ms audio (RTF=0.01x)
[TIMING] stream_chunk[experiment-bb2e16376ab048b099e8711108feb2a2](live_neural): decode=0.1ms, inference=26.5ms, second_pass=0.0ms, contention=0.0ms, TOTAL=26.7ms | audio=600ms, RTF=0.04x | model=enhanced_mel, neural_total=26.1ms, model_inference=18.7ms
[TIMING] EnhancedMel.transcribe: audio_to_gpu=0.1ms, features=0.4ms, model=11.9ms, decode=4.8ms | TOTAL=17.3ms for 3000ms audio (RTF=0.01x)
[TIMING] stream_chunk[experiment-bb2e16376ab048b099e8711108feb2a2](live_neural): decode=0.1ms, inference=19.5ms, second_pass=0.0ms, contention=0.0ms, TOTAL=19.7ms | audio=600ms, RTF=0.03x | model=enhanced_mel, neural_total=19.2ms, model_inference=11.9ms
[TIMING] EnhancedMel.transcribe: audio_to_gpu=0.3ms, features=0.4ms, model=11.8ms, decode=5.3ms | TOTAL=17.9ms for 3000ms audio (RTF=0.01x)
[TIMING] stream_chunk[experiment-bb2e16376ab048b099e8711108feb2a2](live_neural): decode=0.1ms, inference=20.0ms, second_pass=0.0ms, contention=0.0ms, TOTAL=20.2ms | audio=600ms, RTF=0.03x | model=enhanced_mel, neural_total=19.7ms, model_inference=11.8ms

[CLIP_007] Etude "Pour les accords"
  excerpt: start=66.00s end=72.00s duration=6.00s gt_notes=10 rms=0.0115 peak=0.0641 crest=5.566 rms_std=0.0051
    control:
      note metrics: precision=0.692 recall=0.900 f1=0.783 matched=9/10 pred=13
      strict onset f1: 10ms=0.696 20ms=0.783 30ms=0.783
      timing metrics: offset_f1=0.348 rhythm_precision=0.444 note_value_acc=0.000 note_value_n=9 avg_beat_error=0.799
      duplicate metrics: duplicates=3 per_100_notes=23.08
      boundary metrics: gt=4 matched=4 missed=0 miss_rate=0.000
      latency: avg_chunk_ms=20.17 p95_chunk_ms=25.27 avg_rtf=0.034
      notation metrics: first_correct_ms=52.6 visible_p50_ms=375.5 visible_p95_ms=666.2 stabilize_p50_ms=676.3 stabilize_p95_ms=696.3 avg_revisions=1.00 matched=2 refined=2 snapshots=11
      algorithmic latency: first_correct_ms=32.8 visible_p50_ms=354.9 visible_p95_ms=644.9 stabilize_p50_ms=654.9 stabilize_p95_ms=674.9
      final display note metrics: precision=0.900 recall=0.900 f1=0.900 matched=9/10 pred=10
      final display strict onset f1: 10ms=0.800 20ms=0.900 30ms=0.900
      final display timing: offset_f1=0.400 rhythm_precision=0.444 note_value_acc=0.333 note_value_n=9 avg_beat_error=0.704
      final display structure: cluster_f1=0.250 onset_align_recall=1.000 avg_jaccard=0.806 exact=1/3 pred=5 over=0 under=2 pitch_conflicts=0 missed_gt=0
      threshold profiles: hit_rate=0.000 thresholds=[0.75] profiles={'fixed_baseline': 10}
    treatment:
      note metrics: precision=0.600 recall=0.900 f1=0.720 matched=9/10 pred=15
      strict onset f1: 10ms=0.640 20ms=0.720 30ms=0.720
      timing metrics: offset_f1=0.320 rhythm_precision=0.444 note_value_acc=0.000 note_value_n=9 avg_beat_error=0.799
      duplicate metrics: duplicates=4 per_100_notes=26.67
      boundary metrics: gt=4 matched=4 missed=0 miss_rate=0.000
      latency: avg_chunk_ms=19.94 p95_chunk_ms=26.96 avg_rtf=0.033
      notation metrics: first_correct_ms=697.3 visible_p50_ms=697.3 visible_p95_ms=697.3 stabilize_p50_ms=697.3 stabilize_p95_ms=697.3 avg_revisions=1.00 matched=1 refined=1 snapshots=11
      algorithmic latency: first_correct_ms=677.1 visible_p50_ms=677.1 visible_p95_ms=677.1 stabilize_p50_ms=677.1 stabilize_p95_ms=677.1
      final display note metrics: precision=0.818 recall=0.900 f1=0.857 matched=9/10 pred=11
      final display strict onset f1: 10ms=0.762 20ms=0.857 30ms=0.857
      final display timing: offset_f1=0.381 rhythm_precision=0.444 note_value_acc=0.333 note_value_n=9 avg_beat_error=0.630
      final display structure: cluster_f1=0.500 onset_align_recall=1.000 avg_jaccard=0.889 exact=2/3 pred=5 over=0 under=1 pitch_conflicts=0 missed_gt=0
      threshold profiles: hit_rate=1.000 thresholds=[0.71] profiles={'soft_sparse_recall': 10}
    delta treatment-control: precision=-0.092 recall=+0.000 f1=-0.063 offset_f1=-0.028 note_value_acc=+0.000 dup_per_100=+3.59 boundary_miss_rate=+0.000 p95_chunk_ms=+1.69 f1_10ms=-0.056 f1_20ms=-0.063 f1_30ms=-0.063 visible_p50_ms=+321.8 stabilize_p50_ms=+21.0 algo_visible_p50_ms=+322.1 algo_stabilize_p50_ms=+22.1 avg_revisions=+0.00 display_note_f1=-0.043 display_offset_f1=-0.019 display_cluster_f1=+0.250 display_cluster_jaccard=+0.083
    failure buckets: ['note_value_offset_failure']
[TIMING] EnhancedMel.transcribe: audio_to_gpu=0.2ms, features=0.6ms, model=12.6ms, decode=1.4ms | TOTAL=14.8ms for 600ms audio (RTF=0.02x)
[TIMING] stream_chunk[experiment-1550549b34454738b0625ad1699dcfe8](live_neural): decode=0.1ms, inference=16.6ms, second_pass=0.0ms, contention=0.0ms, TOTAL=16.9ms | audio=600ms, RTF=0.03x | model=enhanced_mel, neural_total=16.2ms, model_inference=12.6ms
[TIMING] EnhancedMel.transcribe: audio_to_gpu=0.1ms, features=0.3ms, model=10.4ms, decode=2.7ms | TOTAL=13.6ms for 1200ms audio (RTF=0.01x)
[TIMING] stream_chunk[experiment-1550549b34454738b0625ad1699dcfe8](live_neural): decode=0.1ms, inference=15.5ms, second_pass=0.0ms, contention=0.0ms, TOTAL=15.8ms | audio=600ms, RTF=0.03x | model=enhanced_mel, neural_total=15.0ms, model_inference=10.4ms
[TIMING] EnhancedMel.transcribe: audio_to_gpu=0.2ms, features=0.6ms, model=10.8ms, decode=3.7ms | TOTAL=15.2ms for 1800ms audio (RTF=0.01x)
[TIMING] stream_chunk[experiment-1550549b34454738b0625ad1699dcfe8](live_neural): decode=0.1ms, inference=17.5ms, second_pass=0.0ms, contention=0.0ms, TOTAL=17.8ms | audio=600ms, RTF=0.03x | model=enhanced_mel, neural_total=17.1ms, model_inference=10.8ms
[TIMING] EnhancedMel.transcribe: audio_to_gpu=0.2ms, features=0.5ms, model=11.3ms, decode=4.9ms | TOTAL=16.9ms for 2400ms audio (RTF=0.01x)
[TIMING] stream_chunk[experiment-1550549b34454738b0625ad1699dcfe8](live_neural): decode=0.1ms, inference=19.2ms, second_pass=0.0ms, contention=0.0ms, TOTAL=19.5ms | audio=600ms, RTF=0.03x | model=enhanced_mel, neural_total=18.8ms, model_inference=11.3ms
[TIMING] EnhancedMel.transcribe: audio_to_gpu=0.2ms, features=0.4ms, model=12.4ms, decode=6.1ms | TOTAL=19.1ms for 3000ms audio (RTF=0.01x)
[TIMING] stream_chunk[experiment-1550549b34454738b0625ad1699dcfe8](live_neural): decode=0.1ms, inference=21.8ms, second_pass=0.0ms, contention=0.0ms, TOTAL=22.2ms | audio=600ms, RTF=0.04x | model=enhanced_mel, neural_total=21.3ms, model_inference=12.4ms
[TIMING] EnhancedMel.transcribe: audio_to_gpu=0.3ms, features=0.5ms, model=12.3ms, decode=5.9ms | TOTAL=19.1ms for 3000ms audio (RTF=0.01x)
[TIMING] stream_chunk[experiment-1550549b34454738b0625ad1699dcfe8](live_neural): decode=0.1ms, inference=21.5ms, second_pass=0.0ms, contention=0.0ms, TOTAL=21.9ms | audio=600ms, RTF=0.04x | model=enhanced_mel, neural_total=21.1ms, model_inference=12.3ms
[TIMING] EnhancedMel.transcribe: audio_to_gpu=0.2ms, features=0.5ms, model=12.1ms, decode=5.9ms | TOTAL=18.8ms for 3000ms audio (RTF=0.01x)
[TIMING] stream_chunk[experiment-1550549b34454738b0625ad1699dcfe8](live_neural): decode=0.1ms, inference=21.2ms, second_pass=0.0ms, contention=0.0ms, TOTAL=21.5ms | audio=600ms, RTF=0.04x | model=enhanced_mel, neural_total=20.8ms, model_inference=12.1ms
[TIMING] EnhancedMel.transcribe: audio_to_gpu=0.3ms, features=0.5ms, model=12.4ms, decode=6.1ms | TOTAL=19.3ms for 3000ms audio (RTF=0.01x)
[TIMING] stream_chunk[experiment-1550549b34454738b0625ad1699dcfe8](live_neural): decode=0.2ms, inference=22.2ms, second_pass=0.0ms, contention=0.0ms, TOTAL=22.6ms | audio=600ms, RTF=0.04x | model=enhanced_mel, neural_total=21.8ms, model_inference=12.4ms
[TIMING] EnhancedMel.transcribe: audio_to_gpu=0.2ms, features=0.5ms, model=12.3ms, decode=5.8ms | TOTAL=18.8ms for 3000ms audio (RTF=0.01x)
[TIMING] stream_chunk[experiment-1550549b34454738b0625ad1699dcfe8](live_neural): decode=0.1ms, inference=21.2ms, second_pass=0.0ms, contention=0.0ms, TOTAL=21.5ms | audio=600ms, RTF=0.04x | model=enhanced_mel, neural_total=20.8ms, model_inference=12.3ms
[TIMING] EnhancedMel.transcribe: audio_to_gpu=0.3ms, features=0.5ms, model=11.8ms, decode=7.4ms | TOTAL=20.0ms for 3000ms audio (RTF=0.01x)
[TIMING] stream_chunk[experiment-1550549b34454738b0625ad1699dcfe8](live_neural): decode=0.1ms, inference=22.7ms, second_pass=0.0ms, contention=0.0ms, TOTAL=23.0ms | audio=600ms, RTF=0.04x | model=enhanced_mel, neural_total=22.2ms, model_inference=11.8ms
[TIMING] EnhancedMel.transcribe: audio_to_gpu=0.3ms, features=0.5ms, model=9.9ms, decode=1.4ms | TOTAL=12.2ms for 600ms audio (RTF=0.02x)
[TIMING] stream_chunk[experiment-bdc85bdc2d9b41d090300db71a5e2a3b](live_neural): decode=0.2ms, inference=13.7ms, second_pass=0.0ms, contention=0.0ms, TOTAL=13.9ms | audio=600ms, RTF=0.02x | model=enhanced_mel, neural_total=13.4ms, model_inference=9.9ms
[TIMING] EnhancedMel.transcribe: audio_to_gpu=0.3ms, features=0.4ms, model=13.0ms, decode=3.7ms | TOTAL=17.4ms for 1200ms audio (RTF=0.01x)
[TIMING] stream_chunk[experiment-bdc85bdc2d9b41d090300db71a5e2a3b](live_neural): decode=0.2ms, inference=19.3ms, second_pass=0.0ms, contention=0.0ms, TOTAL=19.6ms | audio=600ms, RTF=0.03x | model=enhanced_mel, neural_total=18.9ms, model_inference=13.0ms
[TIMING] EnhancedMel.transcribe: audio_to_gpu=0.1ms, features=0.4ms, model=11.3ms, decode=3.8ms | TOTAL=15.6ms for 1800ms audio (RTF=0.01x)
[TIMING] stream_chunk[experiment-bdc85bdc2d9b41d090300db71a5e2a3b](live_neural): decode=0.1ms, inference=17.6ms, second_pass=0.0ms, contention=0.0ms, TOTAL=17.8ms | audio=600ms, RTF=0.03x | model=enhanced_mel, neural_total=17.2ms, model_inference=11.3ms
[TIMING] EnhancedMel.transcribe: audio_to_gpu=0.2ms, features=0.4ms, model=11.2ms, decode=4.9ms | TOTAL=16.7ms for 2400ms audio (RTF=0.01x)
[TIMING] stream_chunk[experiment-bdc85bdc2d9b41d090300db71a5e2a3b](live_neural): decode=0.1ms, inference=18.8ms, second_pass=0.0ms, contention=0.0ms, TOTAL=19.2ms | audio=600ms, RTF=0.03x | model=enhanced_mel, neural_total=18.5ms, model_inference=11.2ms
[TIMING] EnhancedMel.transcribe: audio_to_gpu=0.2ms, features=0.5ms, model=12.5ms, decode=6.0ms | TOTAL=19.2ms for 3000ms audio (RTF=0.01x)
[TIMING] stream_chunk[experiment-bdc85bdc2d9b41d090300db71a5e2a3b](live_neural): decode=0.1ms, inference=21.6ms, second_pass=0.0ms, contention=0.0ms, TOTAL=22.0ms | audio=600ms, RTF=0.04x | model=enhanced_mel, neural_total=21.2ms, model_inference=12.5ms
[TIMING] EnhancedMel.transcribe: audio_to_gpu=0.4ms, features=0.7ms, model=14.3ms, decode=6.0ms | TOTAL=21.4ms for 3000ms audio (RTF=0.01x)
[TIMING] stream_chunk[experiment-bdc85bdc2d9b41d090300db71a5e2a3b](live_neural): decode=0.1ms, inference=24.0ms, second_pass=0.0ms, contention=0.0ms, TOTAL=24.4ms | audio=600ms, RTF=0.04x | model=enhanced_mel, neural_total=23.5ms, model_inference=14.3ms
[TIMING] EnhancedMel.transcribe: audio_to_gpu=0.4ms, features=0.8ms, model=13.9ms, decode=6.4ms | TOTAL=21.5ms for 3000ms audio (RTF=0.01x)
[TIMING] stream_chunk[experiment-bdc85bdc2d9b41d090300db71a5e2a3b](live_neural): decode=0.2ms, inference=24.5ms, second_pass=0.0ms, contention=0.0ms, TOTAL=25.0ms | audio=600ms, RTF=0.04x | model=enhanced_mel, neural_total=23.9ms, model_inference=13.9ms
[TIMING] EnhancedMel.transcribe: audio_to_gpu=0.4ms, features=0.5ms, model=13.7ms, decode=6.9ms | TOTAL=21.5ms for 3000ms audio (RTF=0.01x)
[TIMING] stream_chunk[experiment-bdc85bdc2d9b41d090300db71a5e2a3b](live_neural): decode=0.1ms, inference=24.3ms, second_pass=0.0ms, contention=0.0ms, TOTAL=24.6ms | audio=600ms, RTF=0.04x | model=enhanced_mel, neural_total=23.6ms, model_inference=13.7ms
[TIMING] EnhancedMel.transcribe: audio_to_gpu=0.3ms, features=0.6ms, model=12.2ms, decode=6.1ms | TOTAL=19.1ms for 3000ms audio (RTF=0.01x)
[TIMING] stream_chunk[experiment-bdc85bdc2d9b41d090300db71a5e2a3b](live_neural): decode=0.2ms, inference=22.1ms, second_pass=0.0ms, contention=0.0ms, TOTAL=22.4ms | audio=600ms, RTF=0.04x | model=enhanced_mel, neural_total=21.6ms, model_inference=12.2ms
[TIMING] EnhancedMel.transcribe: audio_to_gpu=0.3ms, features=0.5ms, model=12.0ms, decode=6.2ms | TOTAL=19.0ms for 3000ms audio (RTF=0.01x)
[TIMING] stream_chunk[experiment-bdc85bdc2d9b41d090300db71a5e2a3b](live_neural): decode=0.1ms, inference=21.6ms, second_pass=0.0ms, contention=0.0ms, TOTAL=21.9ms | audio=600ms, RTF=0.04x | model=enhanced_mel, neural_total=21.2ms, model_inference=12.0ms

[CLIP_008] Concert Etude No. 2, "Gnomenreigen", S. 145/2
  excerpt: start=57.00s end=63.00s duration=6.00s gt_notes=168 rms=0.1152 peak=0.5883 crest=5.105 rms_std=0.0373
    control:
      note metrics: precision=0.915 recall=0.899 f1=0.907 matched=151/168 pred=165
      strict onset f1: 10ms=0.709 20ms=0.895 30ms=0.907
      timing metrics: offset_f1=0.907 rhythm_precision=1.000 note_value_acc=0.815 note_value_n=151 avg_beat_error=0.020
      duplicate metrics: duplicates=9 per_100_notes=5.45
      boundary metrics: gt=57 matched=53 missed=4 miss_rate=0.070
      latency: avg_chunk_ms=20.27 p95_chunk_ms=22.86 avg_rtf=0.034
      notation metrics: first_correct_ms=51.8 visible_p50_ms=396.8 visible_p95_ms=623.9 stabilize_p50_ms=1640.4 stabilize_p95_ms=2183.8 avg_revisions=1.27 matched=59 refined=59 snapshots=20
      algorithmic latency: first_correct_ms=34.9 visible_p50_ms=379.9 visible_p95_ms=602.0 stabilize_p50_ms=1179.7 stabilize_p95_ms=1933.1
      final display note metrics: precision=0.973 recall=0.857 f1=0.911 matched=144/168 pred=148
      final display strict onset f1: 10ms=0.696 20ms=0.892 30ms=0.911
      final display timing: offset_f1=0.911 rhythm_precision=1.000 note_value_acc=0.417 note_value_n=144 avg_beat_error=0.080
      final display structure: cluster_f1=0.706 onset_align_recall=0.924 avg_jaccard=0.884 exact=54/79 pred=74 over=3 under=10 pitch_conflicts=6 missed_gt=6
      threshold profiles: hit_rate=0.000 thresholds=[0.75] profiles={'fixed_baseline': 10}
    treatment:
      note metrics: precision=0.868 recall=0.940 f1=0.903 matched=158/168 pred=182
      strict onset f1: 10ms=0.703 20ms=0.886 30ms=0.903
      timing metrics: offset_f1=0.903 rhythm_precision=1.000 note_value_acc=0.816 note_value_n=158 avg_beat_error=0.019
      duplicate metrics: duplicates=11 per_100_notes=6.04
      boundary metrics: gt=57 matched=54 missed=3 miss_rate=0.053
      latency: avg_chunk_ms=21.08 p95_chunk_ms=24.82 avg_rtf=0.035
      notation metrics: first_correct_ms=48.8 visible_p50_ms=420.3 visible_p95_ms=626.3 stabilize_p50_ms=1623.1 stabilize_p95_ms=2117.9 avg_revisions=1.81 matched=58 refined=58 snapshots=20
      algorithmic latency: first_correct_ms=34.9 visible_p50_ms=400.9 visible_p95_ms=602.3 stabilize_p50_ms=1211.3 stabilize_p95_ms=1812.8
      final display note metrics: precision=0.928 recall=0.923 f1=0.925 matched=155/168 pred=167
      final display strict onset f1: 10ms=0.716 20ms=0.901 30ms=0.925
      final display timing: offset_f1=0.925 rhythm_precision=1.000 note_value_acc=0.368 note_value_n=155 avg_beat_error=0.074
      final display structure: cluster_f1=0.671 onset_align_recall=0.962 avg_jaccard=0.868 exact=52/79 pred=76 over=13 under=9 pitch_conflicts=2 missed_gt=3
      threshold profiles: hit_rate=0.700 thresholds=[0.46, 0.75] profiles={'baseline_nominal': 3, 'loud_dense_precision': 7}
    delta treatment-control: precision=-0.047 recall=+0.042 f1=-0.004 offset_f1=-0.004 note_value_acc=+0.002 dup_per_100=+0.59 boundary_miss_rate=-0.018 p95_chunk_ms=+1.96 f1_10ms=-0.006 f1_20ms=-0.009 f1_30ms=-0.004 visible_p50_ms=+23.5 stabilize_p50_ms=-17.3 algo_visible_p50_ms=+21.0 algo_stabilize_p50_ms=+31.6 avg_revisions=+0.54 display_note_f1=+0.014 display_offset_f1=+0.014 display_cluster_f1=-0.035 display_cluster_jaccard=-0.016
    failure buckets: ['boundary_miss_failure', 'high_revision_slow_stabilization']
      boundary diagnostics: missed=4 by_arm={'control': 4, 'treatment': 3} tags={'control_boundary_miss': 4, 'no_control_coarse_candidate': 4, 'treatment_recovers_boundary_note': 1}
        miss: pitch=76 onset=1.727s boundary_delta_ms=-73.4 control_coarse=False treatment_coarse=False retro=n/a
        miss: pitch=76 onset=1.835s boundary_delta_ms=+34.6 control_coarse=False treatment_coarse=False retro=n/a
        miss: pitch=78 onset=4.191s boundary_delta_ms=-8.6 control_coarse=False treatment_coarse=False retro=n/a
        ... 1 more missed boundary notes in diagnostics JSON
[TIMING] EnhancedMel.transcribe: audio_to_gpu=0.2ms, features=0.6ms, model=10.9ms, decode=1.2ms | TOTAL=12.9ms for 600ms audio (RTF=0.02x)
[TIMING] stream_chunk[experiment-1dceb40d71f54c1e8ecf9bbf660ad8f3](live_neural): decode=0.2ms, inference=15.2ms, second_pass=0.0ms, contention=0.0ms, TOTAL=15.4ms | audio=600ms, RTF=0.03x | model=enhanced_mel, neural_total=14.8ms, model_inference=10.9ms
[TIMING] EnhancedMel.transcribe: audio_to_gpu=0.1ms, features=0.4ms, model=10.2ms, decode=2.2ms | TOTAL=12.9ms for 1200ms audio (RTF=0.01x)
[TIMING] stream_chunk[experiment-1dceb40d71f54c1e8ecf9bbf660ad8f3](live_neural): decode=0.1ms, inference=15.3ms, second_pass=0.0ms, contention=0.0ms, TOTAL=15.5ms | audio=600ms, RTF=0.03x | model=enhanced_mel, neural_total=14.9ms, model_inference=10.2ms
[TIMING] EnhancedMel.transcribe: audio_to_gpu=0.2ms, features=0.6ms, model=16.1ms, decode=2.9ms | TOTAL=19.8ms for 1800ms audio (RTF=0.01x)
[TIMING] stream_chunk[experiment-1dceb40d71f54c1e8ecf9bbf660ad8f3](live_neural): decode=0.1ms, inference=21.6ms, second_pass=0.0ms, contention=0.0ms, TOTAL=21.8ms | audio=600ms, RTF=0.04x | model=enhanced_mel, neural_total=21.3ms, model_inference=16.1ms
[TIMING] EnhancedMel.transcribe: audio_to_gpu=0.2ms, features=0.6ms, model=12.2ms, decode=4.0ms | TOTAL=17.0ms for 2400ms audio (RTF=0.01x)
[TIMING] stream_chunk[experiment-1dceb40d71f54c1e8ecf9bbf660ad8f3](live_neural): decode=0.1ms, inference=19.3ms, second_pass=0.0ms, contention=0.0ms, TOTAL=19.5ms | audio=600ms, RTF=0.03x | model=enhanced_mel, neural_total=18.9ms, model_inference=12.2ms
[TIMING] EnhancedMel.transcribe: audio_to_gpu=0.4ms, features=0.7ms, model=16.4ms, decode=4.8ms | TOTAL=22.2ms for 3000ms audio (RTF=0.01x)
[TIMING] stream_chunk[experiment-1dceb40d71f54c1e8ecf9bbf660ad8f3](live_neural): decode=0.1ms, inference=24.4ms, second_pass=0.0ms, contention=0.0ms, TOTAL=24.7ms | audio=600ms, RTF=0.04x | model=enhanced_mel, neural_total=24.1ms, model_inference=16.4ms
[TIMING] EnhancedMel.transcribe: audio_to_gpu=0.2ms, features=0.4ms, model=12.2ms, decode=5.7ms | TOTAL=18.6ms for 3000ms audio (RTF=0.01x)
[TIMING] stream_chunk[experiment-1dceb40d71f54c1e8ecf9bbf660ad8f3](live_neural): decode=0.1ms, inference=22.0ms, second_pass=0.0ms, contention=0.0ms, TOTAL=22.2ms | audio=600ms, RTF=0.04x | model=enhanced_mel, neural_total=21.5ms, model_inference=12.2ms
[TIMING] EnhancedMel.transcribe: audio_to_gpu=0.3ms, features=0.5ms, model=13.1ms, decode=4.8ms | TOTAL=18.6ms for 3000ms audio (RTF=0.01x)
[TIMING] stream_chunk[experiment-1dceb40d71f54c1e8ecf9bbf660ad8f3](live_neural): decode=0.2ms, inference=21.2ms, second_pass=0.0ms, contention=0.0ms, TOTAL=21.5ms | audio=600ms, RTF=0.04x | model=enhanced_mel, neural_total=20.5ms, model_inference=13.1ms
[TIMING] EnhancedMel.transcribe: audio_to_gpu=0.1ms, features=1.4ms, model=12.8ms, decode=4.7ms | TOTAL=19.1ms for 3000ms audio (RTF=0.01x)
[TIMING] stream_chunk[experiment-1dceb40d71f54c1e8ecf9bbf660ad8f3](live_neural): decode=0.1ms, inference=21.5ms, second_pass=0.0ms, contention=0.0ms, TOTAL=21.7ms | audio=600ms, RTF=0.04x | model=enhanced_mel, neural_total=21.0ms, model_inference=12.8ms
[TIMING] EnhancedMel.transcribe: audio_to_gpu=0.2ms, features=0.5ms, model=12.6ms, decode=4.7ms | TOTAL=18.0ms for 3000ms audio (RTF=0.01x)
[TIMING] stream_chunk[experiment-1dceb40d71f54c1e8ecf9bbf660ad8f3](live_neural): decode=0.1ms, inference=20.3ms, second_pass=0.0ms, contention=0.0ms, TOTAL=20.5ms | audio=600ms, RTF=0.03x | model=enhanced_mel, neural_total=19.8ms, model_inference=12.6ms
[TIMING] EnhancedMel.transcribe: audio_to_gpu=0.2ms, features=0.6ms, model=15.1ms, decode=4.8ms | TOTAL=20.5ms for 3000ms audio (RTF=0.01x)
[TIMING] stream_chunk[experiment-1dceb40d71f54c1e8ecf9bbf660ad8f3](live_neural): decode=0.1ms, inference=23.0ms, second_pass=0.0ms, contention=0.0ms, TOTAL=23.2ms | audio=600ms, RTF=0.04x | model=enhanced_mel, neural_total=22.6ms, model_inference=15.1ms
[TIMING] EnhancedMel.transcribe: audio_to_gpu=0.2ms, features=0.4ms, model=11.6ms, decode=1.5ms | TOTAL=13.8ms for 600ms audio (RTF=0.02x)
[TIMING] stream_chunk[experiment-7e980bf1c06646eeaeb70846222f4dd1](live_neural): decode=0.1ms, inference=15.7ms, second_pass=0.0ms, contention=0.0ms, TOTAL=15.8ms | audio=600ms, RTF=0.03x | model=enhanced_mel, neural_total=15.0ms, model_inference=11.6ms
[TIMING] EnhancedMel.transcribe: audio_to_gpu=0.1ms, features=0.5ms, model=9.9ms, decode=2.2ms | TOTAL=12.6ms for 1200ms audio (RTF=0.01x)
[TIMING] stream_chunk[experiment-7e980bf1c06646eeaeb70846222f4dd1](live_neural): decode=0.1ms, inference=14.3ms, second_pass=0.0ms, contention=0.0ms, TOTAL=14.6ms | audio=600ms, RTF=0.02x | model=enhanced_mel, neural_total=13.9ms, model_inference=9.9ms
[TIMING] EnhancedMel.transcribe: audio_to_gpu=0.2ms, features=0.4ms, model=11.5ms, decode=3.3ms | TOTAL=15.4ms for 1800ms audio (RTF=0.01x)
[TIMING] stream_chunk[experiment-7e980bf1c06646eeaeb70846222f4dd1](live_neural): decode=0.1ms, inference=17.2ms, second_pass=0.0ms, contention=0.0ms, TOTAL=17.4ms | audio=600ms, RTF=0.03x | model=enhanced_mel, neural_total=16.9ms, model_inference=11.5ms
[TIMING] EnhancedMel.transcribe: audio_to_gpu=0.2ms, features=0.5ms, model=12.9ms, decode=3.9ms | TOTAL=17.4ms for 2400ms audio (RTF=0.01x)
[TIMING] stream_chunk[experiment-7e980bf1c06646eeaeb70846222f4dd1](live_neural): decode=0.1ms, inference=20.2ms, second_pass=0.0ms, contention=0.0ms, TOTAL=20.4ms | audio=600ms, RTF=0.03x | model=enhanced_mel, neural_total=19.9ms, model_inference=12.9ms
[TIMING] EnhancedMel.transcribe: audio_to_gpu=0.2ms, features=0.4ms, model=11.8ms, decode=5.0ms | TOTAL=17.4ms for 3000ms audio (RTF=0.01x)
[TIMING] stream_chunk[experiment-7e980bf1c06646eeaeb70846222f4dd1](live_neural): decode=0.2ms, inference=20.0ms, second_pass=0.0ms, contention=0.0ms, TOTAL=20.4ms | audio=600ms, RTF=0.03x | model=enhanced_mel, neural_total=19.3ms, model_inference=11.8ms
[TIMING] EnhancedMel.transcribe: audio_to_gpu=0.4ms, features=0.7ms, model=19.7ms, decode=4.8ms | TOTAL=25.6ms for 3000ms audio (RTF=0.01x)
[TIMING] stream_chunk[experiment-7e980bf1c06646eeaeb70846222f4dd1](live_neural): decode=0.1ms, inference=27.8ms, second_pass=0.0ms, contention=0.0ms, TOTAL=28.0ms | audio=600ms, RTF=0.05x | model=enhanced_mel, neural_total=27.4ms, model_inference=19.7ms
[TIMING] EnhancedMel.transcribe: audio_to_gpu=0.3ms, features=0.5ms, model=12.6ms, decode=4.8ms | TOTAL=18.2ms for 3000ms audio (RTF=0.01x)
[TIMING] stream_chunk[experiment-7e980bf1c06646eeaeb70846222f4dd1](live_neural): decode=0.2ms, inference=20.7ms, second_pass=0.0ms, contention=0.0ms, TOTAL=20.9ms | audio=600ms, RTF=0.03x | model=enhanced_mel, neural_total=20.3ms, model_inference=12.6ms
[TIMING] EnhancedMel.transcribe: audio_to_gpu=0.1ms, features=0.5ms, model=12.2ms, decode=4.8ms | TOTAL=17.6ms for 3000ms audio (RTF=0.01x)
[TIMING] stream_chunk[experiment-7e980bf1c06646eeaeb70846222f4dd1](live_neural): decode=0.1ms, inference=20.9ms, second_pass=0.0ms, contention=0.0ms, TOTAL=21.1ms | audio=600ms, RTF=0.04x | model=enhanced_mel, neural_total=20.5ms, model_inference=12.2ms
[TIMING] EnhancedMel.transcribe: audio_to_gpu=0.3ms, features=0.5ms, model=11.7ms, decode=4.8ms | TOTAL=17.2ms for 3000ms audio (RTF=0.01x)
[TIMING] stream_chunk[experiment-7e980bf1c06646eeaeb70846222f4dd1](live_neural): decode=0.1ms, inference=19.4ms, second_pass=0.0ms, contention=0.0ms, TOTAL=19.6ms | audio=600ms, RTF=0.03x | model=enhanced_mel, neural_total=19.0ms, model_inference=11.7ms
[TIMING] EnhancedMel.transcribe: audio_to_gpu=0.1ms, features=0.5ms, model=12.5ms, decode=4.8ms | TOTAL=18.0ms for 3000ms audio (RTF=0.01x)
[TIMING] stream_chunk[experiment-7e980bf1c06646eeaeb70846222f4dd1](live_neural): decode=0.1ms, inference=21.3ms, second_pass=0.0ms, contention=0.0ms, TOTAL=21.5ms | audio=600ms, RTF=0.04x | model=enhanced_mel, neural_total=20.9ms, model_inference=12.5ms

[CLIP_009] Sonata in A Major, K. 208
  excerpt: start=3.00s end=9.00s duration=6.00s gt_notes=10 rms=0.0080 peak=0.0538 crest=6.725 rms_std=0.0041
    control:
      note metrics: precision=0.714 recall=1.000 f1=0.833 matched=10/10 pred=14
      strict onset f1: 10ms=0.833 20ms=0.833 30ms=0.833
      timing metrics: offset_f1=0.167 rhythm_precision=0.200 note_value_acc=0.000 note_value_n=10 avg_beat_error=1.456
      duplicate metrics: duplicates=0 per_100_notes=0.00
      boundary metrics: gt=2 matched=2 missed=0 miss_rate=0.000
      latency: avg_chunk_ms=20.60 p95_chunk_ms=23.99 avg_rtf=0.034
      notation metrics: first_correct_ms=138.3 visible_p50_ms=360.4 visible_p95_ms=612.7 stabilize_p50_ms=2040.6 stabilize_p95_ms=3080.5 avg_revisions=2.00 matched=10 refined=10 snapshots=18
      algorithmic latency: first_correct_ms=118.7 visible_p50_ms=341.9 visible_p95_ms=590.1 stabilize_p50_ms=1493.2 stabilize_p95_ms=2594.8
      final display note metrics: precision=0.714 recall=1.000 f1=0.833 matched=10/10 pred=14
      final display strict onset f1: 10ms=0.833 20ms=0.833 30ms=0.833
      final display timing: offset_f1=0.167 rhythm_precision=0.200 note_value_acc=0.100 note_value_n=10 avg_beat_error=1.075
      final display structure: cluster_f1=0.833 onset_align_recall=1.000 avg_jaccard=1.000 exact=10/10 pred=14 over=0 under=0 pitch_conflicts=0 missed_gt=0
      threshold profiles: hit_rate=0.000 thresholds=[0.75] profiles={'fixed_baseline': 10}
    treatment:
      note metrics: precision=0.714 recall=1.000 f1=0.833 matched=10/10 pred=14
      strict onset f1: 10ms=0.833 20ms=0.833 30ms=0.833
      timing metrics: offset_f1=0.167 rhythm_precision=0.200 note_value_acc=0.000 note_value_n=10 avg_beat_error=1.456
      duplicate metrics: duplicates=0 per_100_notes=0.00
      boundary metrics: gt=2 matched=2 missed=0 miss_rate=0.000
      latency: avg_chunk_ms=19.98 p95_chunk_ms=25.11 avg_rtf=0.033
      notation metrics: first_correct_ms=139.2 visible_p50_ms=359.7 visible_p95_ms=615.2 stabilize_p50_ms=2036.5 stabilize_p95_ms=3083.8 avg_revisions=2.00 matched=10 refined=10 snapshots=18
      algorithmic latency: first_correct_ms=118.7 visible_p50_ms=341.9 visible_p95_ms=590.1 stabilize_p50_ms=1493.2 stabilize_p95_ms=2594.8
      final display note metrics: precision=0.714 recall=1.000 f1=0.833 matched=10/10 pred=14
      final display strict onset f1: 10ms=0.833 20ms=0.833 30ms=0.833
      final display timing: offset_f1=0.167 rhythm_precision=0.200 note_value_acc=0.100 note_value_n=10 avg_beat_error=1.075
      final display structure: cluster_f1=0.833 onset_align_recall=1.000 avg_jaccard=1.000 exact=10/10 pred=14 over=0 under=0 pitch_conflicts=0 missed_gt=0
      threshold profiles: hit_rate=1.000 thresholds=[0.71] profiles={'soft_sparse_recall': 10}
    delta treatment-control: precision=+0.000 recall=+0.000 f1=+0.000 offset_f1=+0.000 note_value_acc=+0.000 dup_per_100=+0.00 boundary_miss_rate=+0.000 p95_chunk_ms=+1.11 f1_10ms=+0.000 f1_20ms=+0.000 f1_30ms=+0.000 visible_p50_ms=-0.8 stabilize_p50_ms=-4.1 algo_visible_p50_ms=+0.0 algo_stabilize_p50_ms=+0.0 avg_revisions=+0.00 display_note_f1=+0.000 display_offset_f1=+0.000 display_cluster_f1=+0.000 display_cluster_jaccard=+0.000
    failure buckets: ['high_revision_slow_stabilization', 'note_value_offset_failure']
[TIMING] EnhancedMel.transcribe: audio_to_gpu=0.3ms, features=0.7ms, model=10.0ms, decode=1.0ms | TOTAL=12.0ms for 600ms audio (RTF=0.02x)
[TIMING] stream_chunk[experiment-3147cb95081b4a85834240433943d05e](live_neural): decode=0.1ms, inference=14.2ms, second_pass=0.0ms, contention=0.0ms, TOTAL=14.4ms | audio=600ms, RTF=0.02x | model=enhanced_mel, neural_total=13.8ms, model_inference=10.0ms
[TIMING] EnhancedMel.transcribe: audio_to_gpu=0.1ms, features=0.4ms, model=11.2ms, decode=2.2ms | TOTAL=13.9ms for 1200ms audio (RTF=0.01x)
[TIMING] stream_chunk[experiment-3147cb95081b4a85834240433943d05e](live_neural): decode=0.2ms, inference=16.4ms, second_pass=0.0ms, contention=0.0ms, TOTAL=16.7ms | audio=600ms, RTF=0.03x | model=enhanced_mel, neural_total=16.0ms, model_inference=11.2ms
[TIMING] EnhancedMel.transcribe: audio_to_gpu=0.2ms, features=0.4ms, model=10.8ms, decode=3.5ms | TOTAL=14.9ms for 1800ms audio (RTF=0.01x)
[TIMING] stream_chunk[experiment-3147cb95081b4a85834240433943d05e](live_neural): decode=0.1ms, inference=17.0ms, second_pass=0.0ms, contention=0.0ms, TOTAL=17.2ms | audio=600ms, RTF=0.03x | model=enhanced_mel, neural_total=16.7ms, model_inference=10.8ms
[TIMING] EnhancedMel.transcribe: audio_to_gpu=0.1ms, features=0.4ms, model=11.2ms, decode=4.3ms | TOTAL=16.0ms for 2400ms audio (RTF=0.01x)
[TIMING] stream_chunk[experiment-3147cb95081b4a85834240433943d05e](live_neural): decode=0.1ms, inference=18.0ms, second_pass=0.0ms, contention=0.0ms, TOTAL=18.2ms | audio=600ms, RTF=0.03x | model=enhanced_mel, neural_total=17.7ms, model_inference=11.2ms
[TIMING] EnhancedMel.transcribe: audio_to_gpu=0.2ms, features=0.6ms, model=15.8ms, decode=5.5ms | TOTAL=22.1ms for 3000ms audio (RTF=0.01x)
[TIMING] stream_chunk[experiment-3147cb95081b4a85834240433943d05e](live_neural): decode=0.1ms, inference=24.3ms, second_pass=0.0ms, contention=0.0ms, TOTAL=24.6ms | audio=600ms, RTF=0.04x | model=enhanced_mel, neural_total=23.9ms, model_inference=15.8ms
[TIMING] EnhancedMel.transcribe: audio_to_gpu=0.3ms, features=0.7ms, model=15.6ms, decode=5.7ms | TOTAL=22.3ms for 3000ms audio (RTF=0.01x)
[TIMING] stream_chunk[experiment-3147cb95081b4a85834240433943d05e](live_neural): decode=0.1ms, inference=24.8ms, second_pass=0.0ms, contention=0.0ms, TOTAL=25.1ms | audio=600ms, RTF=0.04x | model=enhanced_mel, neural_total=24.2ms, model_inference=15.6ms
[TIMING] EnhancedMel.transcribe: audio_to_gpu=0.3ms, features=0.6ms, model=11.8ms, decode=5.8ms | TOTAL=18.4ms for 3000ms audio (RTF=0.01x)
[TIMING] stream_chunk[experiment-3147cb95081b4a85834240433943d05e](live_neural): decode=0.1ms, inference=20.7ms, second_pass=0.0ms, contention=0.0ms, TOTAL=21.0ms | audio=600ms, RTF=0.03x | model=enhanced_mel, neural_total=20.3ms, model_inference=11.8ms
[TIMING] EnhancedMel.transcribe: audio_to_gpu=0.2ms, features=0.8ms, model=12.9ms, decode=5.9ms | TOTAL=19.8ms for 3000ms audio (RTF=0.01x)
[TIMING] stream_chunk[experiment-3147cb95081b4a85834240433943d05e](live_neural): decode=0.1ms, inference=22.2ms, second_pass=0.0ms, contention=0.0ms, TOTAL=22.5ms | audio=600ms, RTF=0.04x | model=enhanced_mel, neural_total=21.7ms, model_inference=12.9ms
[TIMING] EnhancedMel.transcribe: audio_to_gpu=0.3ms, features=0.6ms, model=13.2ms, decode=5.7ms | TOTAL=19.8ms for 3000ms audio (RTF=0.01x)
[TIMING] stream_chunk[experiment-3147cb95081b4a85834240433943d05e](live_neural): decode=0.1ms, inference=22.2ms, second_pass=0.0ms, contention=0.0ms, TOTAL=22.5ms | audio=600ms, RTF=0.04x | model=enhanced_mel, neural_total=21.7ms, model_inference=13.2ms
[TIMING] EnhancedMel.transcribe: audio_to_gpu=0.3ms, features=0.5ms, model=11.5ms, decode=5.8ms | TOTAL=18.1ms for 3000ms audio (RTF=0.01x)
[TIMING] stream_chunk[experiment-3147cb95081b4a85834240433943d05e](live_neural): decode=0.1ms, inference=20.4ms, second_pass=0.0ms, contention=0.0ms, TOTAL=20.8ms | audio=600ms, RTF=0.03x | model=enhanced_mel, neural_total=20.0ms, model_inference=11.5ms
[TIMING] EnhancedMel.transcribe: audio_to_gpu=0.1ms, features=0.4ms, model=10.4ms, decode=1.2ms | TOTAL=12.2ms for 600ms audio (RTF=0.02x)
[TIMING] stream_chunk[experiment-d336d11b02a840dcb863cc64bcf4300a](live_neural): decode=0.1ms, inference=13.7ms, second_pass=0.0ms, contention=0.0ms, TOTAL=13.8ms | audio=600ms, RTF=0.02x | model=enhanced_mel, neural_total=13.3ms, model_inference=10.4ms
[TIMING] EnhancedMel.transcribe: audio_to_gpu=0.1ms, features=0.3ms, model=10.1ms, decode=2.3ms | TOTAL=12.8ms for 1200ms audio (RTF=0.01x)
[TIMING] stream_chunk[experiment-d336d11b02a840dcb863cc64bcf4300a](live_neural): decode=0.1ms, inference=14.6ms, second_pass=0.0ms, contention=0.0ms, TOTAL=14.8ms | audio=600ms, RTF=0.02x | model=enhanced_mel, neural_total=14.2ms, model_inference=10.1ms
[TIMING] EnhancedMel.transcribe: audio_to_gpu=0.1ms, features=0.4ms, model=11.7ms, decode=4.6ms | TOTAL=16.8ms for 1800ms audio (RTF=0.01x)
[TIMING] stream_chunk[experiment-d336d11b02a840dcb863cc64bcf4300a](live_neural): decode=0.1ms, inference=18.6ms, second_pass=0.0ms, contention=0.0ms, TOTAL=18.8ms | audio=600ms, RTF=0.03x | model=enhanced_mel, neural_total=18.3ms, model_inference=11.7ms
[TIMING] EnhancedMel.transcribe: audio_to_gpu=0.4ms, features=0.5ms, model=11.6ms, decode=4.6ms | TOTAL=17.1ms for 2400ms audio (RTF=0.01x)
[TIMING] stream_chunk[experiment-d336d11b02a840dcb863cc64bcf4300a](live_neural): decode=0.2ms, inference=19.6ms, second_pass=0.0ms, contention=0.0ms, TOTAL=19.9ms | audio=600ms, RTF=0.03x | model=enhanced_mel, neural_total=19.1ms, model_inference=11.6ms
[TIMING] EnhancedMel.transcribe: audio_to_gpu=0.2ms, features=0.4ms, model=11.8ms, decode=5.6ms | TOTAL=18.0ms for 3000ms audio (RTF=0.01x)
[TIMING] stream_chunk[experiment-d336d11b02a840dcb863cc64bcf4300a](live_neural): decode=0.2ms, inference=20.7ms, second_pass=0.0ms, contention=0.0ms, TOTAL=21.0ms | audio=600ms, RTF=0.04x | model=enhanced_mel, neural_total=20.2ms, model_inference=11.8ms
[TIMING] EnhancedMel.transcribe: audio_to_gpu=0.2ms, features=0.5ms, model=12.4ms, decode=5.8ms | TOTAL=18.8ms for 3000ms audio (RTF=0.01x)
[TIMING] stream_chunk[experiment-d336d11b02a840dcb863cc64bcf4300a](live_neural): decode=0.1ms, inference=21.3ms, second_pass=0.0ms, contention=0.0ms, TOTAL=21.6ms | audio=600ms, RTF=0.04x | model=enhanced_mel, neural_total=20.9ms, model_inference=12.4ms
[TIMING] EnhancedMel.transcribe: audio_to_gpu=0.2ms, features=0.5ms, model=13.3ms, decode=5.8ms | TOTAL=19.8ms for 3000ms audio (RTF=0.01x)
[TIMING] stream_chunk[experiment-d336d11b02a840dcb863cc64bcf4300a](live_neural): decode=0.1ms, inference=22.5ms, second_pass=0.0ms, contention=0.0ms, TOTAL=22.8ms | audio=600ms, RTF=0.04x | model=enhanced_mel, neural_total=22.2ms, model_inference=13.3ms
[TIMING] EnhancedMel.transcribe: audio_to_gpu=0.3ms, features=0.5ms, model=12.3ms, decode=5.8ms | TOTAL=18.8ms for 3000ms audio (RTF=0.01x)
[TIMING] stream_chunk[experiment-d336d11b02a840dcb863cc64bcf4300a](live_neural): decode=0.1ms, inference=21.2ms, second_pass=0.0ms, contention=0.0ms, TOTAL=21.5ms | audio=600ms, RTF=0.04x | model=enhanced_mel, neural_total=20.8ms, model_inference=12.3ms
[TIMING] EnhancedMel.transcribe: audio_to_gpu=0.2ms, features=0.4ms, model=12.2ms, decode=5.7ms | TOTAL=18.5ms for 3000ms audio (RTF=0.01x)
[TIMING] stream_chunk[experiment-d336d11b02a840dcb863cc64bcf4300a](live_neural): decode=0.1ms, inference=20.9ms, second_pass=0.0ms, contention=0.0ms, TOTAL=21.4ms | audio=600ms, RTF=0.04x | model=enhanced_mel, neural_total=20.5ms, model_inference=12.2ms
[TIMING] EnhancedMel.transcribe: audio_to_gpu=0.3ms, features=0.7ms, model=17.7ms, decode=5.7ms | TOTAL=24.4ms for 3000ms audio (RTF=0.01x)
[TIMING] stream_chunk[experiment-d336d11b02a840dcb863cc64bcf4300a](live_neural): decode=0.1ms, inference=26.7ms, second_pass=0.0ms, contention=0.0ms, TOTAL=27.0ms | audio=600ms, RTF=0.04x | model=enhanced_mel, neural_total=26.3ms, model_inference=17.7ms

[CLIP_010] Etude "Pour les accords"
  excerpt: start=0.00s end=6.00s duration=6.00s gt_notes=108 rms=0.0820 peak=0.5182 crest=6.319 rms_std=0.0389
    control:
      note metrics: precision=0.863 recall=0.935 f1=0.898 matched=101/108 pred=117
      strict onset f1: 10ms=0.667 20ms=0.880 30ms=0.898
      timing metrics: offset_f1=0.898 rhythm_precision=1.000 note_value_acc=0.941 note_value_n=101 avg_beat_error=0.006
      duplicate metrics: duplicates=14 per_100_notes=11.97
      boundary metrics: gt=34 matched=31 missed=3 miss_rate=0.088
      latency: avg_chunk_ms=20.29 p95_chunk_ms=24.85 avg_rtf=0.034
      notation metrics: first_correct_ms=133.7 visible_p50_ms=284.6 visible_p95_ms=320.2 stabilize_p50_ms=3220.9 stabilize_p95_ms=3704.3 avg_revisions=2.00 matched=4 refined=4 snapshots=14
      algorithmic latency: first_correct_ms=111.2 visible_p50_ms=263.2 visible_p95_ms=295.6 stabilize_p50_ms=2686.5 stabilize_p95_ms=3169.9
      final display note metrics: precision=0.979 recall=0.870 f1=0.922 matched=94/108 pred=96
      final display strict onset f1: 10ms=0.627 20ms=0.902 30ms=0.922
      final display timing: offset_f1=0.922 rhythm_precision=1.000 note_value_acc=0.947 note_value_n=94 avg_beat_error=0.053
      final display structure: cluster_f1=0.650 onset_align_recall=0.950 avg_jaccard=0.864 exact=13/20 pred=20 over=0 under=5 pitch_conflicts=1 missed_gt=1
      threshold profiles: hit_rate=0.000 thresholds=[0.75] profiles={'fixed_baseline': 10}
    treatment:
      note metrics: precision=0.863 recall=0.935 f1=0.898 matched=101/108 pred=117
      strict onset f1: 10ms=0.667 20ms=0.880 30ms=0.898
      timing metrics: offset_f1=0.898 rhythm_precision=1.000 note_value_acc=0.941 note_value_n=101 avg_beat_error=0.006
      duplicate metrics: duplicates=14 per_100_notes=11.97
      boundary metrics: gt=34 matched=31 missed=3 miss_rate=0.088
      latency: avg_chunk_ms=20.26 p95_chunk_ms=25.08 avg_rtf=0.034
      notation metrics: first_correct_ms=132.7 visible_p50_ms=283.6 visible_p95_ms=316.6 stabilize_p50_ms=3219.9 stabilize_p95_ms=3703.3 avg_revisions=2.00 matched=4 refined=4 snapshots=14
      algorithmic latency: first_correct_ms=111.2 visible_p50_ms=263.2 visible_p95_ms=295.6 stabilize_p50_ms=2686.5 stabilize_p95_ms=3169.9
      final display note metrics: precision=0.979 recall=0.870 f1=0.922 matched=94/108 pred=96
      final display strict onset f1: 10ms=0.627 20ms=0.902 30ms=0.922
      final display timing: offset_f1=0.922 rhythm_precision=1.000 note_value_acc=0.947 note_value_n=94 avg_beat_error=0.053
      final display structure: cluster_f1=0.650 onset_align_recall=0.950 avg_jaccard=0.864 exact=13/20 pred=20 over=0 under=5 pitch_conflicts=1 missed_gt=1
      threshold profiles: hit_rate=0.100 thresholds=[0.71, 0.75] profiles={'baseline_nominal': 9, 'soft_sparse_recall': 1}
    delta treatment-control: precision=+0.000 recall=+0.000 f1=+0.000 offset_f1=+0.000 note_value_acc=+0.000 dup_per_100=+0.00 boundary_miss_rate=+0.000 p95_chunk_ms=+0.23 f1_10ms=+0.000 f1_20ms=+0.000 f1_30ms=+0.000 visible_p50_ms=-1.0 stabilize_p50_ms=-1.1 algo_visible_p50_ms=+0.0 algo_stabilize_p50_ms=+0.0 avg_revisions=+0.00 display_note_f1=+0.000 display_offset_f1=+0.000 display_cluster_f1=+0.000 display_cluster_jaccard=+0.000
    failure buckets: ['boundary_miss_failure', 'high_revision_slow_stabilization']
      boundary diagnostics: missed=3 by_arm={'control': 3, 'treatment': 3} tags={'control_boundary_miss': 3, 'no_control_coarse_candidate': 3}
        miss: pitch=56 onset=1.172s boundary_delta_ms=-28.1 control_coarse=False treatment_coarse=False retro=n/a
        miss: pitch=59 onset=2.974s boundary_delta_ms=-26.0 control_coarse=False treatment_coarse=False retro=n/a
        miss: pitch=52 onset=2.986s boundary_delta_ms=-14.3 control_coarse=False treatment_coarse=False retro=n/a
[TIMING] EnhancedMel.transcribe: audio_to_gpu=0.5ms, features=0.6ms, model=10.4ms, decode=1.2ms | TOTAL=12.7ms for 600ms audio (RTF=0.02x)
[TIMING] stream_chunk[experiment-d2874d8eb0d1463ba6b25cbe78c0c8e5](live_neural): decode=0.2ms, inference=15.1ms, second_pass=0.0ms, contention=0.0ms, TOTAL=15.3ms | audio=600ms, RTF=0.03x | model=enhanced_mel, neural_total=14.6ms, model_inference=10.4ms
[TIMING] EnhancedMel.transcribe: audio_to_gpu=0.1ms, features=0.3ms, model=10.3ms, decode=2.2ms | TOTAL=12.9ms for 1200ms audio (RTF=0.01x)
[TIMING] stream_chunk[experiment-d2874d8eb0d1463ba6b25cbe78c0c8e5](live_neural): decode=0.1ms, inference=14.5ms, second_pass=0.0ms, contention=0.0ms, TOTAL=14.7ms | audio=600ms, RTF=0.02x | model=enhanced_mel, neural_total=14.2ms, model_inference=10.3ms
[TIMING] EnhancedMel.transcribe: audio_to_gpu=0.1ms, features=0.4ms, model=11.5ms, decode=3.2ms | TOTAL=15.2ms for 1800ms audio (RTF=0.01x)
[TIMING] stream_chunk[experiment-d2874d8eb0d1463ba6b25cbe78c0c8e5](live_neural): decode=0.1ms, inference=17.0ms, second_pass=0.0ms, contention=0.0ms, TOTAL=17.2ms | audio=600ms, RTF=0.03x | model=enhanced_mel, neural_total=16.7ms, model_inference=11.5ms
[TIMING] EnhancedMel.transcribe: audio_to_gpu=0.1ms, features=0.4ms, model=13.1ms, decode=4.1ms | TOTAL=17.6ms for 2400ms audio (RTF=0.01x)
[TIMING] stream_chunk[experiment-d2874d8eb0d1463ba6b25cbe78c0c8e5](live_neural): decode=0.1ms, inference=19.7ms, second_pass=0.0ms, contention=0.0ms, TOTAL=19.9ms | audio=600ms, RTF=0.03x | model=enhanced_mel, neural_total=19.3ms, model_inference=13.1ms
[TIMING] EnhancedMel.transcribe: audio_to_gpu=0.3ms, features=0.4ms, model=12.2ms, decode=4.8ms | TOTAL=17.8ms for 3000ms audio (RTF=0.01x)
[TIMING] stream_chunk[experiment-d2874d8eb0d1463ba6b25cbe78c0c8e5](live_neural): decode=0.1ms, inference=21.8ms, second_pass=0.0ms, contention=0.0ms, TOTAL=22.1ms | audio=600ms, RTF=0.04x | model=enhanced_mel, neural_total=21.4ms, model_inference=12.2ms
[TIMING] EnhancedMel.transcribe: audio_to_gpu=0.2ms, features=0.5ms, model=11.8ms, decode=4.8ms | TOTAL=17.2ms for 3000ms audio (RTF=0.01x)
[TIMING] stream_chunk[experiment-d2874d8eb0d1463ba6b25cbe78c0c8e5](live_neural): decode=0.1ms, inference=19.4ms, second_pass=0.0ms, contention=0.0ms, TOTAL=19.6ms | audio=600ms, RTF=0.03x | model=enhanced_mel, neural_total=19.0ms, model_inference=11.8ms
[TIMING] EnhancedMel.transcribe: audio_to_gpu=0.1ms, features=0.4ms, model=12.7ms, decode=5.4ms | TOTAL=18.6ms for 3000ms audio (RTF=0.01x)
[TIMING] stream_chunk[experiment-d2874d8eb0d1463ba6b25cbe78c0c8e5](live_neural): decode=0.1ms, inference=20.9ms, second_pass=0.0ms, contention=0.0ms, TOTAL=21.1ms | audio=600ms, RTF=0.04x | model=enhanced_mel, neural_total=20.4ms, model_inference=12.7ms
[TIMING] EnhancedMel.transcribe: audio_to_gpu=0.2ms, features=0.5ms, model=12.0ms, decode=5.1ms | TOTAL=17.7ms for 3000ms audio (RTF=0.01x)
[TIMING] stream_chunk[experiment-d2874d8eb0d1463ba6b25cbe78c0c8e5](live_neural): decode=0.2ms, inference=19.8ms, second_pass=0.0ms, contention=0.0ms, TOTAL=20.1ms | audio=600ms, RTF=0.03x | model=enhanced_mel, neural_total=19.5ms, model_inference=12.0ms
[TIMING] EnhancedMel.transcribe: audio_to_gpu=0.1ms, features=0.4ms, model=12.1ms, decode=4.8ms | TOTAL=17.5ms for 3000ms audio (RTF=0.01x)
[TIMING] stream_chunk[experiment-d2874d8eb0d1463ba6b25cbe78c0c8e5](live_neural): decode=0.1ms, inference=20.5ms, second_pass=0.0ms, contention=0.0ms, TOTAL=20.8ms | audio=600ms, RTF=0.03x | model=enhanced_mel, neural_total=20.2ms, model_inference=12.1ms
[TIMING] EnhancedMel.transcribe: audio_to_gpu=0.2ms, features=0.5ms, model=11.9ms, decode=5.7ms | TOTAL=18.3ms for 3000ms audio (RTF=0.01x)
[TIMING] stream_chunk[experiment-d2874d8eb0d1463ba6b25cbe78c0c8e5](live_neural): decode=0.1ms, inference=21.2ms, second_pass=0.0ms, contention=0.0ms, TOTAL=21.4ms | audio=600ms, RTF=0.04x | model=enhanced_mel, neural_total=20.8ms, model_inference=11.9ms
[TIMING] EnhancedMel.transcribe: audio_to_gpu=0.2ms, features=0.4ms, model=11.9ms, decode=1.2ms | TOTAL=13.6ms for 600ms audio (RTF=0.02x)
[TIMING] stream_chunk[experiment-942e18144310494287983a1518cf59b6](live_neural): decode=0.1ms, inference=15.2ms, second_pass=0.0ms, contention=0.0ms, TOTAL=15.3ms | audio=600ms, RTF=0.03x | model=enhanced_mel, neural_total=14.8ms, model_inference=11.9ms
[TIMING] EnhancedMel.transcribe: audio_to_gpu=0.2ms, features=0.5ms, model=15.0ms, decode=2.1ms | TOTAL=17.7ms for 1200ms audio (RTF=0.01x)
[TIMING] stream_chunk[experiment-942e18144310494287983a1518cf59b6](live_neural): decode=0.1ms, inference=19.3ms, second_pass=0.0ms, contention=0.0ms, TOTAL=19.5ms | audio=600ms, RTF=0.03x | model=enhanced_mel, neural_total=19.0ms, model_inference=15.0ms
[TIMING] EnhancedMel.transcribe: audio_to_gpu=0.1ms, features=0.3ms, model=12.1ms, decode=3.0ms | TOTAL=15.5ms for 1800ms audio (RTF=0.01x)
[TIMING] stream_chunk[experiment-942e18144310494287983a1518cf59b6](live_neural): decode=0.1ms, inference=17.2ms, second_pass=0.0ms, contention=0.0ms, TOTAL=17.5ms | audio=600ms, RTF=0.03x | model=enhanced_mel, neural_total=16.9ms, model_inference=12.1ms
[TIMING] EnhancedMel.transcribe: audio_to_gpu=0.1ms, features=0.3ms, model=11.9ms, decode=4.0ms | TOTAL=16.3ms for 2400ms audio (RTF=0.01x)
[TIMING] stream_chunk[experiment-942e18144310494287983a1518cf59b6](live_neural): decode=0.1ms, inference=18.2ms, second_pass=0.0ms, contention=0.0ms, TOTAL=18.4ms | audio=600ms, RTF=0.03x | model=enhanced_mel, neural_total=17.8ms, model_inference=11.9ms
[TIMING] EnhancedMel.transcribe: audio_to_gpu=0.2ms, features=0.4ms, model=11.9ms, decode=4.8ms | TOTAL=17.3ms for 3000ms audio (RTF=0.01x)
[TIMING] stream_chunk[experiment-942e18144310494287983a1518cf59b6](live_neural): decode=0.1ms, inference=19.8ms, second_pass=0.0ms, contention=0.0ms, TOTAL=20.0ms | audio=600ms, RTF=0.03x | model=enhanced_mel, neural_total=19.1ms, model_inference=11.9ms
[TIMING] EnhancedMel.transcribe: audio_to_gpu=0.2ms, features=0.5ms, model=14.3ms, decode=4.9ms | TOTAL=19.8ms for 3000ms audio (RTF=0.01x)
[TIMING] stream_chunk[experiment-942e18144310494287983a1518cf59b6](live_neural): decode=0.1ms, inference=22.2ms, second_pass=0.0ms, contention=0.0ms, TOTAL=22.4ms | audio=600ms, RTF=0.04x | model=enhanced_mel, neural_total=21.9ms, model_inference=14.2ms
[TIMING] EnhancedMel.transcribe: audio_to_gpu=0.8ms, features=0.8ms, model=18.4ms, decode=6.1ms | TOTAL=26.1ms for 3000ms audio (RTF=0.01x)
[TIMING] stream_chunk[experiment-942e18144310494287983a1518cf59b6](live_neural): decode=0.1ms, inference=29.1ms, second_pass=0.0ms, contention=0.0ms, TOTAL=29.3ms | audio=600ms, RTF=0.05x | model=enhanced_mel, neural_total=28.7ms, model_inference=18.4ms
[TIMING] EnhancedMel.transcribe: audio_to_gpu=0.2ms, features=0.4ms, model=13.4ms, decode=4.8ms | TOTAL=18.8ms for 3000ms audio (RTF=0.01x)
[TIMING] stream_chunk[experiment-942e18144310494287983a1518cf59b6](live_neural): decode=0.1ms, inference=21.2ms, second_pass=0.0ms, contention=0.0ms, TOTAL=21.4ms | audio=600ms, RTF=0.04x | model=enhanced_mel, neural_total=20.7ms, model_inference=13.4ms
[TIMING] EnhancedMel.transcribe: audio_to_gpu=0.2ms, features=0.5ms, model=14.4ms, decode=5.0ms | TOTAL=20.2ms for 3000ms audio (RTF=0.01x)
[TIMING] stream_chunk[experiment-942e18144310494287983a1518cf59b6](live_neural): decode=0.2ms, inference=22.5ms, second_pass=0.0ms, contention=0.0ms, TOTAL=22.7ms | audio=600ms, RTF=0.04x | model=enhanced_mel, neural_total=22.0ms, model_inference=14.4ms
[TIMING] EnhancedMel.transcribe: audio_to_gpu=0.2ms, features=0.5ms, model=13.9ms, decode=5.4ms | TOTAL=19.9ms for 3000ms audio (RTF=0.01x)
[TIMING] stream_chunk[experiment-942e18144310494287983a1518cf59b6](live_neural): decode=0.1ms, inference=22.5ms, second_pass=0.0ms, contention=0.0ms, TOTAL=22.8ms | audio=600ms, RTF=0.04x | model=enhanced_mel, neural_total=22.1ms, model_inference=13.9ms

[CLIP_011] Sonata No. 9, Op. 68, "Black Mass"
  excerpt: start=9.00s end=15.00s duration=6.00s gt_notes=16 rms=0.0125 peak=0.0693 crest=5.524 rms_std=0.0040
    control:
      note metrics: precision=0.941 recall=1.000 f1=0.970 matched=16/16 pred=17
      strict onset f1: 10ms=0.727 20ms=0.909 30ms=0.970
      timing metrics: offset_f1=0.121 rhythm_precision=0.125 note_value_acc=0.000 note_value_n=16 avg_beat_error=1.992
      duplicate metrics: duplicates=0 per_100_notes=0.00
      boundary metrics: gt=3 matched=3 missed=0 miss_rate=0.000
      latency: avg_chunk_ms=19.21 p95_chunk_ms=21.76 avg_rtf=0.032
      notation metrics: first_correct_ms=142.5 visible_p50_ms=412.3 visible_p95_ms=436.0 stabilize_p50_ms=1731.1 stabilize_p95_ms=2601.4 avg_revisions=1.80 matched=5 refined=5 snapshots=14
      algorithmic latency: first_correct_ms=122.7 visible_p50_ms=395.1 visible_p95_ms=418.1 stabilize_p50_ms=1343.5 stabilize_p95_ms=2213.8
      final display note metrics: precision=0.941 recall=1.000 f1=0.970 matched=16/16 pred=17
      final display strict onset f1: 10ms=0.727 20ms=0.909 30ms=0.970
      final display timing: offset_f1=0.121 rhythm_precision=0.125 note_value_acc=0.188 note_value_n=16 avg_beat_error=1.661
      final display structure: cluster_f1=0.933 onset_align_recall=1.000 avg_jaccard=1.000 exact=7/7 pred=8 over=0 under=0 pitch_conflicts=0 missed_gt=0
      threshold profiles: hit_rate=0.000 thresholds=[0.75] profiles={'fixed_baseline': 10}
    treatment:
      note metrics: precision=0.889 recall=1.000 f1=0.941 matched=16/16 pred=18
      strict onset f1: 10ms=0.706 20ms=0.882 30ms=0.941
      timing metrics: offset_f1=0.118 rhythm_precision=0.125 note_value_acc=0.000 note_value_n=16 avg_beat_error=1.992
      duplicate metrics: duplicates=0 per_100_notes=0.00
      boundary metrics: gt=3 matched=3 missed=0 miss_rate=0.000
      latency: avg_chunk_ms=20.93 p95_chunk_ms=26.36 avg_rtf=0.035
      notation metrics: first_correct_ms=141.1 visible_p50_ms=412.5 visible_p95_ms=438.3 stabilize_p50_ms=3164.2 stabilize_p95_ms=4087.1 avg_revisions=2.40 matched=5 refined=5 snapshots=15
      algorithmic latency: first_correct_ms=122.7 visible_p50_ms=395.1 visible_p95_ms=418.1 stabilize_p50_ms=2816.4 stabilize_p95_ms=3739.3
      final display note metrics: precision=0.889 recall=1.000 f1=0.941 matched=16/16 pred=18
      final display strict onset f1: 10ms=0.706 20ms=0.882 30ms=0.941
      final display timing: offset_f1=0.118 rhythm_precision=0.125 note_value_acc=0.188 note_value_n=16 avg_beat_error=1.471
      final display structure: cluster_f1=0.875 onset_align_recall=1.000 avg_jaccard=1.000 exact=7/7 pred=9 over=0 under=0 pitch_conflicts=0 missed_gt=0
      threshold profiles: hit_rate=1.000 thresholds=[0.71] profiles={'soft_sparse_recall': 10}
    delta treatment-control: precision=-0.052 recall=+0.000 f1=-0.029 offset_f1=-0.004 note_value_acc=+0.000 dup_per_100=+0.00 boundary_miss_rate=+0.000 p95_chunk_ms=+4.60 f1_10ms=-0.021 f1_20ms=-0.027 f1_30ms=-0.029 visible_p50_ms=+0.2 stabilize_p50_ms=+1433.1 algo_visible_p50_ms=+0.0 algo_stabilize_p50_ms=+1472.9 avg_revisions=+0.60 display_note_f1=-0.029 display_offset_f1=-0.004 display_cluster_f1=-0.058 display_cluster_jaccard=+0.000
    failure buckets: ['high_revision_slow_stabilization', 'note_value_offset_failure']
[TIMING] EnhancedMel.transcribe: audio_to_gpu=0.3ms, features=0.7ms, model=10.7ms, decode=1.2ms | TOTAL=12.9ms for 600ms audio (RTF=0.02x)
[TIMING] stream_chunk[experiment-26a917ae2b004f179c1c532e9c9c4edc](live_neural): decode=0.2ms, inference=15.3ms, second_pass=0.0ms, contention=0.0ms, TOTAL=15.5ms | audio=600ms, RTF=0.03x | model=enhanced_mel, neural_total=14.9ms, model_inference=10.7ms
[TIMING] EnhancedMel.transcribe: audio_to_gpu=0.2ms, features=0.6ms, model=23.3ms, decode=2.2ms | TOTAL=26.3ms for 1200ms audio (RTF=0.02x)
[TIMING] stream_chunk[experiment-26a917ae2b004f179c1c532e9c9c4edc](live_neural): decode=0.1ms, inference=27.9ms, second_pass=0.0ms, contention=0.0ms, TOTAL=28.1ms | audio=600ms, RTF=0.05x | model=enhanced_mel, neural_total=27.5ms, model_inference=23.3ms
[TIMING] EnhancedMel.transcribe: audio_to_gpu=0.1ms, features=0.3ms, model=11.5ms, decode=3.2ms | TOTAL=15.2ms for 1800ms audio (RTF=0.01x)
[TIMING] stream_chunk[experiment-26a917ae2b004f179c1c532e9c9c4edc](live_neural): decode=0.2ms, inference=17.1ms, second_pass=0.0ms, contention=0.0ms, TOTAL=17.3ms | audio=600ms, RTF=0.03x | model=enhanced_mel, neural_total=16.8ms, model_inference=11.5ms
[TIMING] EnhancedMel.transcribe: audio_to_gpu=0.1ms, features=0.3ms, model=11.9ms, decode=4.1ms | TOTAL=16.5ms for 2400ms audio (RTF=0.01x)
[TIMING] stream_chunk[experiment-26a917ae2b004f179c1c532e9c9c4edc](live_neural): decode=0.1ms, inference=18.6ms, second_pass=0.0ms, contention=0.0ms, TOTAL=18.9ms | audio=600ms, RTF=0.03x | model=enhanced_mel, neural_total=18.3ms, model_inference=11.9ms
[TIMING] EnhancedMel.transcribe: audio_to_gpu=0.3ms, features=0.4ms, model=14.6ms, decode=5.3ms | TOTAL=20.7ms for 3000ms audio (RTF=0.01x)
[TIMING] stream_chunk[experiment-26a917ae2b004f179c1c532e9c9c4edc](live_neural): decode=0.2ms, inference=23.0ms, second_pass=0.0ms, contention=0.0ms, TOTAL=23.3ms | audio=600ms, RTF=0.04x | model=enhanced_mel, neural_total=22.6ms, model_inference=14.6ms
[TIMING] EnhancedMel.transcribe: audio_to_gpu=0.2ms, features=0.5ms, model=13.5ms, decode=4.9ms | TOTAL=19.1ms for 3000ms audio (RTF=0.01x)
[TIMING] stream_chunk[experiment-26a917ae2b004f179c1c532e9c9c4edc](live_neural): decode=0.1ms, inference=21.2ms, second_pass=0.0ms, contention=0.0ms, TOTAL=21.5ms | audio=600ms, RTF=0.04x | model=enhanced_mel, neural_total=20.9ms, model_inference=13.5ms
[TIMING] EnhancedMel.transcribe: audio_to_gpu=0.2ms, features=0.4ms, model=14.6ms, decode=5.0ms | TOTAL=20.2ms for 3000ms audio (RTF=0.01x)
[TIMING] stream_chunk[experiment-26a917ae2b004f179c1c532e9c9c4edc](live_neural): decode=0.1ms, inference=23.1ms, second_pass=0.0ms, contention=0.0ms, TOTAL=23.4ms | audio=600ms, RTF=0.04x | model=enhanced_mel, neural_total=22.8ms, model_inference=14.6ms
[TIMING] EnhancedMel.transcribe: audio_to_gpu=0.2ms, features=0.5ms, model=11.9ms, decode=4.6ms | TOTAL=17.2ms for 3000ms audio (RTF=0.01x)
[TIMING] stream_chunk[experiment-26a917ae2b004f179c1c532e9c9c4edc](live_neural): decode=0.1ms, inference=20.5ms, second_pass=0.0ms, contention=0.0ms, TOTAL=20.7ms | audio=600ms, RTF=0.03x | model=enhanced_mel, neural_total=20.1ms, model_inference=11.9ms
[TIMING] EnhancedMel.transcribe: audio_to_gpu=0.2ms, features=0.4ms, model=12.4ms, decode=5.6ms | TOTAL=18.5ms for 3000ms audio (RTF=0.01x)
[TIMING] stream_chunk[experiment-26a917ae2b004f179c1c532e9c9c4edc](live_neural): decode=0.2ms, inference=20.9ms, second_pass=0.0ms, contention=0.0ms, TOTAL=21.2ms | audio=600ms, RTF=0.04x | model=enhanced_mel, neural_total=20.4ms, model_inference=12.4ms
[TIMING] EnhancedMel.transcribe: audio_to_gpu=0.2ms, features=0.5ms, model=12.3ms, decode=5.0ms | TOTAL=18.0ms for 3000ms audio (RTF=0.01x)
[TIMING] stream_chunk[experiment-26a917ae2b004f179c1c532e9c9c4edc](live_neural): decode=0.2ms, inference=20.8ms, second_pass=0.0ms, contention=0.0ms, TOTAL=21.0ms | audio=600ms, RTF=0.04x | model=enhanced_mel, neural_total=20.2ms, model_inference=12.3ms
[TIMING] EnhancedMel.transcribe: audio_to_gpu=0.3ms, features=0.6ms, model=10.0ms, decode=1.4ms | TOTAL=12.3ms for 600ms audio (RTF=0.02x)
[TIMING] stream_chunk[experiment-0e6815d4eb4e4a0892e139773ae6ff49](live_neural): decode=0.1ms, inference=14.2ms, second_pass=0.0ms, contention=0.0ms, TOTAL=14.4ms | audio=600ms, RTF=0.02x | model=enhanced_mel, neural_total=13.8ms, model_inference=10.0ms
[TIMING] EnhancedMel.transcribe: audio_to_gpu=0.2ms, features=0.4ms, model=10.8ms, decode=2.2ms | TOTAL=13.6ms for 1200ms audio (RTF=0.01x)
[TIMING] stream_chunk[experiment-0e6815d4eb4e4a0892e139773ae6ff49](live_neural): decode=0.1ms, inference=15.4ms, second_pass=0.0ms, contention=0.0ms, TOTAL=15.7ms | audio=600ms, RTF=0.03x | model=enhanced_mel, neural_total=15.0ms, model_inference=10.8ms
[TIMING] EnhancedMel.transcribe: audio_to_gpu=0.2ms, features=0.5ms, model=11.5ms, decode=3.4ms | TOTAL=15.6ms for 1800ms audio (RTF=0.01x)
[TIMING] stream_chunk[experiment-0e6815d4eb4e4a0892e139773ae6ff49](live_neural): decode=0.1ms, inference=18.0ms, second_pass=0.0ms, contention=0.0ms, TOTAL=18.3ms | audio=600ms, RTF=0.03x | model=enhanced_mel, neural_total=17.6ms, model_inference=11.5ms
[TIMING] EnhancedMel.transcribe: audio_to_gpu=0.1ms, features=0.4ms, model=11.8ms, decode=4.2ms | TOTAL=16.5ms for 2400ms audio (RTF=0.01x)
[TIMING] stream_chunk[experiment-0e6815d4eb4e4a0892e139773ae6ff49](live_neural): decode=0.1ms, inference=18.9ms, second_pass=0.0ms, contention=0.0ms, TOTAL=19.1ms | audio=600ms, RTF=0.03x | model=enhanced_mel, neural_total=18.5ms, model_inference=11.8ms
[TIMING] EnhancedMel.transcribe: audio_to_gpu=0.3ms, features=0.4ms, model=11.6ms, decode=5.1ms | TOTAL=17.4ms for 3000ms audio (RTF=0.01x)
[TIMING] stream_chunk[experiment-0e6815d4eb4e4a0892e139773ae6ff49](live_neural): decode=0.1ms, inference=20.0ms, second_pass=0.0ms, contention=0.0ms, TOTAL=20.3ms | audio=600ms, RTF=0.03x | model=enhanced_mel, neural_total=19.5ms, model_inference=11.6ms
[TIMING] EnhancedMel.transcribe: audio_to_gpu=0.2ms, features=0.9ms, model=20.0ms, decode=5.7ms | TOTAL=26.9ms for 3000ms audio (RTF=0.01x)
[TIMING] stream_chunk[experiment-0e6815d4eb4e4a0892e139773ae6ff49](live_neural): decode=0.2ms, inference=29.3ms, second_pass=0.0ms, contention=0.0ms, TOTAL=29.6ms | audio=600ms, RTF=0.05x | model=enhanced_mel, neural_total=28.9ms, model_inference=20.0ms
[TIMING] EnhancedMel.transcribe: audio_to_gpu=0.3ms, features=0.5ms, model=11.8ms, decode=5.0ms | TOTAL=17.6ms for 3000ms audio (RTF=0.01x)
[TIMING] stream_chunk[experiment-0e6815d4eb4e4a0892e139773ae6ff49](live_neural): decode=0.1ms, inference=20.9ms, second_pass=0.0ms, contention=0.0ms, TOTAL=21.1ms | audio=600ms, RTF=0.04x | model=enhanced_mel, neural_total=20.6ms, model_inference=11.8ms
[TIMING] EnhancedMel.transcribe: audio_to_gpu=0.2ms, features=0.4ms, model=12.6ms, decode=4.8ms | TOTAL=18.0ms for 3000ms audio (RTF=0.01x)
[TIMING] stream_chunk[experiment-0e6815d4eb4e4a0892e139773ae6ff49](live_neural): decode=0.1ms, inference=20.9ms, second_pass=0.0ms, contention=0.0ms, TOTAL=21.2ms | audio=600ms, RTF=0.04x | model=enhanced_mel, neural_total=20.5ms, model_inference=12.6ms
[TIMING] EnhancedMel.transcribe: audio_to_gpu=0.2ms, features=0.5ms, model=12.2ms, decode=4.9ms | TOTAL=17.8ms for 3000ms audio (RTF=0.01x)
[TIMING] stream_chunk[experiment-0e6815d4eb4e4a0892e139773ae6ff49](live_neural): decode=0.3ms, inference=20.7ms, second_pass=0.0ms, contention=0.0ms, TOTAL=21.1ms | audio=600ms, RTF=0.04x | model=enhanced_mel, neural_total=20.3ms, model_inference=12.2ms
[TIMING] EnhancedMel.transcribe: audio_to_gpu=0.2ms, features=0.5ms, model=12.4ms, decode=4.9ms | TOTAL=18.0ms for 3000ms audio (RTF=0.01x)
[TIMING] stream_chunk[experiment-0e6815d4eb4e4a0892e139773ae6ff49](live_neural): decode=0.1ms, inference=20.1ms, second_pass=0.0ms, contention=0.0ms, TOTAL=20.4ms | audio=600ms, RTF=0.03x | model=enhanced_mel, neural_total=19.8ms, model_inference=12.4ms

[CLIP_012] Entragete, Op.63
  excerpt: start=75.00s end=81.00s duration=6.00s gt_notes=50 rms=0.0549 peak=0.8432 crest=15.372 rms_std=0.0369
    control:
      note metrics: precision=0.925 recall=0.740 f1=0.822 matched=37/50 pred=40
      strict onset f1: 10ms=0.533 20ms=0.822 30ms=0.822
      timing metrics: offset_f1=0.778 rhythm_precision=0.946 note_value_acc=0.676 note_value_n=37 avg_beat_error=0.147
      duplicate metrics: duplicates=1 per_100_notes=2.50
      boundary metrics: gt=11 matched=9 missed=2 miss_rate=0.182
      latency: avg_chunk_ms=21.10 p95_chunk_ms=25.99 avg_rtf=0.035
      notation metrics: first_correct_ms=47.2 visible_p50_ms=263.2 visible_p95_ms=557.7 stabilize_p50_ms=2305.1 stabilize_p95_ms=4339.2 avg_revisions=0.77 matched=22 refined=22 snapshots=13
      algorithmic latency: first_correct_ms=19.0 visible_p50_ms=243.9 visible_p95_ms=538.7 stabilize_p50_ms=2083.5 stabilize_p95_ms=4318.0
      final display note metrics: precision=0.949 recall=0.740 f1=0.831 matched=37/50 pred=39
      final display strict onset f1: 10ms=0.539 20ms=0.831 30ms=0.831
      final display timing: offset_f1=0.787 rhythm_precision=0.946 note_value_acc=0.216 note_value_n=37 avg_beat_error=0.144
      final display structure: cluster_f1=0.596 onset_align_recall=0.917 avg_jaccard=0.820 exact=14/24 pred=23 over=3 under=5 pitch_conflicts=0 missed_gt=2
      threshold profiles: hit_rate=0.000 thresholds=[0.75] profiles={'fixed_baseline': 10}
    treatment:
      note metrics: precision=0.898 recall=0.880 f1=0.889 matched=44/50 pred=49
      strict onset f1: 10ms=0.566 20ms=0.869 30ms=0.889
      timing metrics: offset_f1=0.808 rhythm_precision=0.909 note_value_acc=0.682 note_value_n=44 avg_beat_error=0.146
      duplicate metrics: duplicates=0 per_100_notes=0.00
      boundary metrics: gt=11 matched=9 missed=2 miss_rate=0.182
      latency: avg_chunk_ms=20.12 p95_chunk_ms=25.83 avg_rtf=0.033
      notation metrics: first_correct_ms=34.7 visible_p50_ms=277.9 visible_p95_ms=558.5 stabilize_p50_ms=914.9 stabilize_p95_ms=4852.3 avg_revisions=0.90 matched=21 refined=21 snapshots=16
      algorithmic latency: first_correct_ms=19.0 visible_p50_ms=256.8 visible_p95_ms=539.3 stabilize_p50_ms=708.3 stabilize_p95_ms=4431.0
      final display note metrics: precision=0.896 recall=0.860 f1=0.878 matched=43/50 pred=48
      final display strict onset f1: 10ms=0.571 20ms=0.857 30ms=0.878
      final display timing: offset_f1=0.816 rhythm_precision=0.930 note_value_acc=0.372 note_value_n=43 avg_beat_error=0.136
      final display structure: cluster_f1=0.571 onset_align_recall=0.917 avg_jaccard=0.844 exact=14/24 pred=25 over=3 under=5 pitch_conflicts=0 missed_gt=2
      threshold profiles: hit_rate=0.200 thresholds=[0.46, 0.71, 0.75] profiles={'baseline_nominal': 8, 'loud_dense_precision': 1, 'soft_sparse_recall': 1}
    delta treatment-control: precision=-0.027 recall=+0.140 f1=+0.067 offset_f1=+0.030 note_value_acc=+0.006 dup_per_100=-2.50 boundary_miss_rate=+0.000 p95_chunk_ms=-0.16 f1_10ms=+0.032 f1_20ms=+0.046 f1_30ms=+0.067 visible_p50_ms=+14.7 stabilize_p50_ms=-1390.2 algo_visible_p50_ms=+12.9 algo_stabilize_p50_ms=-1375.1 avg_revisions=+0.13 display_note_f1=+0.046 display_offset_f1=+0.030 display_cluster_f1=-0.024 display_cluster_jaccard=+0.024
    failure buckets: ['boundary_miss_failure', 'high_revision_slow_stabilization']
      boundary diagnostics: missed=2 by_arm={'control': 2, 'treatment': 2} tags={'control_boundary_miss': 2, 'no_control_coarse_candidate': 2}
        miss: pitch=81 onset=1.704s boundary_delta_ms=-95.6 control_coarse=False treatment_coarse=False retro=n/a
        miss: pitch=98 onset=5.426s boundary_delta_ms=+25.8 control_coarse=False treatment_coarse=False retro=n/a
[TIMING] EnhancedMel.transcribe: audio_to_gpu=0.3ms, features=0.6ms, model=10.5ms, decode=1.2ms | TOTAL=12.6ms for 600ms audio (RTF=0.02x)
[TIMING] stream_chunk[experiment-22787fd07f634f569d2b926ad7086221](live_neural): decode=0.2ms, inference=14.2ms, second_pass=0.0ms, contention=0.0ms, TOTAL=14.4ms | audio=600ms, RTF=0.02x | model=enhanced_mel, neural_total=13.8ms, model_inference=10.5ms
[TIMING] EnhancedMel.transcribe: audio_to_gpu=0.1ms, features=0.4ms, model=11.4ms, decode=2.1ms | TOTAL=14.0ms for 1200ms audio (RTF=0.01x)
[TIMING] stream_chunk[experiment-22787fd07f634f569d2b926ad7086221](live_neural): decode=0.1ms, inference=16.0ms, second_pass=0.0ms, contention=0.0ms, TOTAL=16.2ms | audio=600ms, RTF=0.03x | model=enhanced_mel, neural_total=15.7ms, model_inference=11.4ms
[TIMING] EnhancedMel.transcribe: audio_to_gpu=0.2ms, features=0.6ms, model=16.3ms, decode=4.0ms | TOTAL=21.0ms for 1800ms audio (RTF=0.01x)
[TIMING] stream_chunk[experiment-22787fd07f634f569d2b926ad7086221](live_neural): decode=0.1ms, inference=22.8ms, second_pass=0.0ms, contention=0.0ms, TOTAL=23.0ms | audio=600ms, RTF=0.04x | model=enhanced_mel, neural_total=22.5ms, model_inference=16.3ms
[TIMING] EnhancedMel.transcribe: audio_to_gpu=0.1ms, features=0.4ms, model=11.9ms, decode=3.9ms | TOTAL=16.4ms for 2400ms audio (RTF=0.01x)
[TIMING] stream_chunk[experiment-22787fd07f634f569d2b926ad7086221](live_neural): decode=0.1ms, inference=18.5ms, second_pass=0.0ms, contention=0.0ms, TOTAL=18.8ms | audio=600ms, RTF=0.03x | model=enhanced_mel, neural_total=18.2ms, model_inference=11.9ms
[TIMING] EnhancedMel.transcribe: audio_to_gpu=0.2ms, features=0.7ms, model=20.7ms, decode=4.8ms | TOTAL=26.4ms for 3000ms audio (RTF=0.01x)
[TIMING] stream_chunk[experiment-22787fd07f634f569d2b926ad7086221](live_neural): decode=0.1ms, inference=28.9ms, second_pass=0.0ms, contention=0.0ms, TOTAL=29.1ms | audio=600ms, RTF=0.05x | model=enhanced_mel, neural_total=28.5ms, model_inference=20.7ms
[TIMING] EnhancedMel.transcribe: audio_to_gpu=0.1ms, features=0.4ms, model=12.2ms, decode=5.0ms | TOTAL=17.8ms for 3000ms audio (RTF=0.01x)
[TIMING] stream_chunk[experiment-22787fd07f634f569d2b926ad7086221](live_neural): decode=0.1ms, inference=21.1ms, second_pass=0.0ms, contention=0.0ms, TOTAL=21.3ms | audio=600ms, RTF=0.04x | model=enhanced_mel, neural_total=20.8ms, model_inference=12.2ms
[TIMING] EnhancedMel.transcribe: audio_to_gpu=0.3ms, features=0.5ms, model=12.2ms, decode=5.0ms | TOTAL=18.0ms for 3000ms audio (RTF=0.01x)
[TIMING] stream_chunk[experiment-22787fd07f634f569d2b926ad7086221](live_neural): decode=0.2ms, inference=21.0ms, second_pass=0.0ms, contention=0.0ms, TOTAL=21.4ms | audio=600ms, RTF=0.04x | model=enhanced_mel, neural_total=20.7ms, model_inference=12.2ms
[TIMING] EnhancedMel.transcribe: audio_to_gpu=0.2ms, features=0.4ms, model=12.7ms, decode=5.0ms | TOTAL=18.3ms for 3000ms audio (RTF=0.01x)
[TIMING] stream_chunk[experiment-22787fd07f634f569d2b926ad7086221](live_neural): decode=0.1ms, inference=20.5ms, second_pass=0.0ms, contention=0.0ms, TOTAL=20.8ms | audio=600ms, RTF=0.03x | model=enhanced_mel, neural_total=20.2ms, model_inference=12.7ms
[TIMING] EnhancedMel.transcribe: audio_to_gpu=0.2ms, features=0.4ms, model=13.7ms, decode=4.9ms | TOTAL=19.1ms for 3000ms audio (RTF=0.01x)
[TIMING] stream_chunk[experiment-22787fd07f634f569d2b926ad7086221](live_neural): decode=0.1ms, inference=21.4ms, second_pass=0.0ms, contention=0.0ms, TOTAL=21.6ms | audio=600ms, RTF=0.04x | model=enhanced_mel, neural_total=21.0ms, model_inference=13.7ms
[TIMING] EnhancedMel.transcribe: audio_to_gpu=0.4ms, features=0.7ms, model=18.5ms, decode=4.9ms | TOTAL=24.5ms for 3000ms audio (RTF=0.01x)
[TIMING] stream_chunk[experiment-22787fd07f634f569d2b926ad7086221](live_neural): decode=0.1ms, inference=26.8ms, second_pass=0.0ms, contention=0.0ms, TOTAL=27.0ms | audio=600ms, RTF=0.05x | model=enhanced_mel, neural_total=26.4ms, model_inference=18.5ms
[TIMING] EnhancedMel.transcribe: audio_to_gpu=0.3ms, features=0.9ms, model=10.3ms, decode=1.1ms | TOTAL=12.6ms for 600ms audio (RTF=0.02x)
[TIMING] stream_chunk[experiment-fdfa435fd7464251ba75cc544313bac4](live_neural): decode=0.3ms, inference=14.2ms, second_pass=0.0ms, contention=0.0ms, TOTAL=14.5ms | audio=600ms, RTF=0.02x | model=enhanced_mel, neural_total=13.8ms, model_inference=10.3ms
[TIMING] EnhancedMel.transcribe: audio_to_gpu=0.2ms, features=0.5ms, model=10.0ms, decode=2.0ms | TOTAL=12.7ms for 1200ms audio (RTF=0.01x)
[TIMING] stream_chunk[experiment-fdfa435fd7464251ba75cc544313bac4](live_neural): decode=0.1ms, inference=14.4ms, second_pass=0.0ms, contention=0.0ms, TOTAL=14.6ms | audio=600ms, RTF=0.02x | model=enhanced_mel, neural_total=14.1ms, model_inference=10.0ms
[TIMING] EnhancedMel.transcribe: audio_to_gpu=0.2ms, features=0.4ms, model=11.5ms, decode=3.1ms | TOTAL=15.2ms for 1800ms audio (RTF=0.01x)
[TIMING] stream_chunk[experiment-fdfa435fd7464251ba75cc544313bac4](live_neural): decode=0.1ms, inference=17.7ms, second_pass=0.0ms, contention=0.0ms, TOTAL=17.9ms | audio=600ms, RTF=0.03x | model=enhanced_mel, neural_total=17.4ms, model_inference=11.5ms
[TIMING] EnhancedMel.transcribe: audio_to_gpu=0.2ms, features=0.4ms, model=10.9ms, decode=3.9ms | TOTAL=15.5ms for 2400ms audio (RTF=0.01x)
[TIMING] stream_chunk[experiment-fdfa435fd7464251ba75cc544313bac4](live_neural): decode=0.1ms, inference=17.6ms, second_pass=0.0ms, contention=0.0ms, TOTAL=17.8ms | audio=600ms, RTF=0.03x | model=enhanced_mel, neural_total=17.0ms, model_inference=10.9ms
[TIMING] EnhancedMel.transcribe: audio_to_gpu=0.2ms, features=0.6ms, model=12.2ms, decode=4.8ms | TOTAL=17.8ms for 3000ms audio (RTF=0.01x)
[TIMING] stream_chunk[experiment-fdfa435fd7464251ba75cc544313bac4](live_neural): decode=0.1ms, inference=19.9ms, second_pass=0.0ms, contention=0.0ms, TOTAL=20.2ms | audio=600ms, RTF=0.03x | model=enhanced_mel, neural_total=19.6ms, model_inference=12.2ms
[TIMING] EnhancedMel.transcribe: audio_to_gpu=0.2ms, features=0.6ms, model=14.5ms, decode=5.0ms | TOTAL=20.4ms for 3000ms audio (RTF=0.01x)
[TIMING] stream_chunk[experiment-fdfa435fd7464251ba75cc544313bac4](live_neural): decode=0.1ms, inference=22.5ms, second_pass=0.0ms, contention=0.0ms, TOTAL=22.7ms | audio=600ms, RTF=0.04x | model=enhanced_mel, neural_total=22.2ms, model_inference=14.5ms
[TIMING] EnhancedMel.transcribe: audio_to_gpu=0.5ms, features=0.9ms, model=20.2ms, decode=4.8ms | TOTAL=26.5ms for 3000ms audio (RTF=0.01x)
[TIMING] stream_chunk[experiment-fdfa435fd7464251ba75cc544313bac4](live_neural): decode=0.1ms, inference=28.6ms, second_pass=0.0ms, contention=0.0ms, TOTAL=28.8ms | audio=600ms, RTF=0.05x | model=enhanced_mel, neural_total=28.2ms, model_inference=20.2ms
[TIMING] EnhancedMel.transcribe: audio_to_gpu=0.2ms, features=0.4ms, model=11.7ms, decode=5.9ms | TOTAL=18.3ms for 3000ms audio (RTF=0.01x)
[TIMING] stream_chunk[experiment-fdfa435fd7464251ba75cc544313bac4](live_neural): decode=0.3ms, inference=21.0ms, second_pass=0.0ms, contention=0.0ms, TOTAL=21.5ms | audio=600ms, RTF=0.04x | model=enhanced_mel, neural_total=20.7ms, model_inference=11.7ms
[TIMING] EnhancedMel.transcribe: audio_to_gpu=0.2ms, features=0.7ms, model=13.5ms, decode=5.0ms | TOTAL=19.3ms for 3000ms audio (RTF=0.01x)
[TIMING] stream_chunk[experiment-fdfa435fd7464251ba75cc544313bac4](live_neural): decode=0.1ms, inference=21.8ms, second_pass=0.0ms, contention=0.0ms, TOTAL=22.0ms | audio=600ms, RTF=0.04x | model=enhanced_mel, neural_total=21.4ms, model_inference=13.5ms
[TIMING] EnhancedMel.transcribe: audio_to_gpu=0.6ms, features=0.5ms, model=11.8ms, decode=5.0ms | TOTAL=17.9ms for 3000ms audio (RTF=0.01x)
[TIMING] stream_chunk[experiment-fdfa435fd7464251ba75cc544313bac4](live_neural): decode=0.1ms, inference=20.2ms, second_pass=0.0ms, contention=0.0ms, TOTAL=20.5ms | audio=600ms, RTF=0.03x | model=enhanced_mel, neural_total=19.9ms, model_inference=11.8ms

[CLIP_013] Sonata No. 9
  excerpt: start=0.00s end=6.00s duration=6.00s gt_notes=18 rms=0.0169 peak=0.0999 crest=5.898 rms_std=0.0093
    control:
      note metrics: precision=0.857 recall=1.000 f1=0.923 matched=18/18 pred=21
      strict onset f1: 10ms=0.821 20ms=0.923 30ms=0.923
      timing metrics: offset_f1=0.103 rhythm_precision=0.111 note_value_acc=0.056 note_value_n=18 avg_beat_error=1.580
      duplicate metrics: duplicates=0 per_100_notes=0.00
      boundary metrics: gt=1 matched=1 missed=0 miss_rate=0.000
      latency: avg_chunk_ms=21.36 p95_chunk_ms=28.17 avg_rtf=0.036
      notation metrics: first_correct_ms=147.2 visible_p50_ms=266.9 visible_p95_ms=398.4 stabilize_p50_ms=1371.9 stabilize_p95_ms=3201.4 avg_revisions=1.60 matched=5 refined=5 snapshots=15
      algorithmic latency: first_correct_ms=131.0 visible_p50_ms=245.6 visible_p95_ms=379.7 stabilize_p50_ms=1353.1 stabilize_p95_ms=2779.7
      final display note metrics: precision=0.857 recall=1.000 f1=0.923 matched=18/18 pred=21
      final display strict onset f1: 10ms=0.821 20ms=0.923 30ms=0.923
      final display timing: offset_f1=0.103 rhythm_precision=0.111 note_value_acc=0.000 note_value_n=18 avg_beat_error=1.414
      final display structure: cluster_f1=0.667 onset_align_recall=1.000 avg_jaccard=0.852 exact=7/9 pred=12 over=1 under=1 pitch_conflicts=0 missed_gt=0
      threshold profiles: hit_rate=0.000 thresholds=[0.75] profiles={'fixed_baseline': 10}
    treatment:
      note metrics: precision=0.857 recall=1.000 f1=0.923 matched=18/18 pred=21
      strict onset f1: 10ms=0.821 20ms=0.923 30ms=0.923
      timing metrics: offset_f1=0.103 rhythm_precision=0.111 note_value_acc=0.056 note_value_n=18 avg_beat_error=1.580
      duplicate metrics: duplicates=0 per_100_notes=0.00
      boundary metrics: gt=1 matched=1 missed=0 miss_rate=0.000
      latency: avg_chunk_ms=20.04 p95_chunk_ms=26.07 avg_rtf=0.033
      notation metrics: first_correct_ms=145.6 visible_p50_ms=274.4 visible_p95_ms=397.5 stabilize_p50_ms=1370.9 stabilize_p95_ms=3209.1 avg_revisions=1.60 matched=5 refined=5 snapshots=15
      algorithmic latency: first_correct_ms=131.0 visible_p50_ms=245.6 visible_p95_ms=379.7 stabilize_p50_ms=1353.1 stabilize_p95_ms=2779.7
      final display note metrics: precision=0.857 recall=1.000 f1=0.923 matched=18/18 pred=21
      final display strict onset f1: 10ms=0.821 20ms=0.923 30ms=0.923
      final display timing: offset_f1=0.103 rhythm_precision=0.111 note_value_acc=0.000 note_value_n=18 avg_beat_error=1.414
      final display structure: cluster_f1=0.667 onset_align_recall=1.000 avg_jaccard=0.852 exact=7/9 pred=12 over=1 under=1 pitch_conflicts=0 missed_gt=0
      threshold profiles: hit_rate=1.000 thresholds=[0.71] profiles={'soft_sparse_recall': 10}
    delta treatment-control: precision=+0.000 recall=+0.000 f1=+0.000 offset_f1=+0.000 note_value_acc=+0.000 dup_per_100=+0.00 boundary_miss_rate=+0.000 p95_chunk_ms=-2.10 f1_10ms=+0.000 f1_20ms=+0.000 f1_30ms=+0.000 visible_p50_ms=+7.5 stabilize_p50_ms=-0.9 algo_visible_p50_ms=+0.0 algo_stabilize_p50_ms=+0.0 avg_revisions=+0.00 display_note_f1=+0.000 display_offset_f1=+0.000 display_cluster_f1=+0.000 display_cluster_jaccard=+0.000
    failure buckets: ['runtime_only_win', 'high_revision_slow_stabilization', 'note_value_offset_failure']
[TIMING] EnhancedMel.transcribe: audio_to_gpu=0.3ms, features=0.6ms, model=11.3ms, decode=1.0ms | TOTAL=13.1ms for 600ms audio (RTF=0.02x)
[TIMING] stream_chunk[experiment-b165b6769bbc4fc7ae309c6edea5015e](live_neural): decode=0.2ms, inference=15.2ms, second_pass=0.0ms, contention=0.0ms, TOTAL=15.4ms | audio=600ms, RTF=0.03x | model=enhanced_mel, neural_total=14.8ms, model_inference=11.3ms
[TIMING] EnhancedMel.transcribe: audio_to_gpu=0.1ms, features=0.6ms, model=20.9ms, decode=2.1ms | TOTAL=23.7ms for 1200ms audio (RTF=0.02x)
[TIMING] stream_chunk[experiment-b165b6769bbc4fc7ae309c6edea5015e](live_neural): decode=0.1ms, inference=25.3ms, second_pass=0.0ms, contention=0.0ms, TOTAL=25.5ms | audio=600ms, RTF=0.04x | model=enhanced_mel, neural_total=24.9ms, model_inference=20.9ms
[TIMING] EnhancedMel.transcribe: audio_to_gpu=0.2ms, features=0.4ms, model=11.3ms, decode=3.5ms | TOTAL=15.4ms for 1800ms audio (RTF=0.01x)
[TIMING] stream_chunk[experiment-b165b6769bbc4fc7ae309c6edea5015e](live_neural): decode=0.2ms, inference=18.0ms, second_pass=0.0ms, contention=0.0ms, TOTAL=18.2ms | audio=600ms, RTF=0.03x | model=enhanced_mel, neural_total=17.6ms, model_inference=11.3ms
[TIMING] EnhancedMel.transcribe: audio_to_gpu=0.3ms, features=0.5ms, model=12.1ms, decode=3.9ms | TOTAL=16.8ms for 2400ms audio (RTF=0.01x)
[TIMING] stream_chunk[experiment-b165b6769bbc4fc7ae309c6edea5015e](live_neural): decode=0.1ms, inference=18.8ms, second_pass=0.0ms, contention=0.0ms, TOTAL=19.1ms | audio=600ms, RTF=0.03x | model=enhanced_mel, neural_total=18.4ms, model_inference=12.1ms
[TIMING] EnhancedMel.transcribe: audio_to_gpu=0.2ms, features=0.5ms, model=17.6ms, decode=5.1ms | TOTAL=23.5ms for 3000ms audio (RTF=0.01x)
[TIMING] stream_chunk[experiment-b165b6769bbc4fc7ae309c6edea5015e](live_neural): decode=0.2ms, inference=25.8ms, second_pass=0.0ms, contention=0.0ms, TOTAL=26.0ms | audio=600ms, RTF=0.04x | model=enhanced_mel, neural_total=25.3ms, model_inference=17.6ms
[TIMING] EnhancedMel.transcribe: audio_to_gpu=0.3ms, features=0.6ms, model=11.9ms, decode=4.9ms | TOTAL=17.7ms for 3000ms audio (RTF=0.01x)
[TIMING] stream_chunk[experiment-b165b6769bbc4fc7ae309c6edea5015e](live_neural): decode=0.2ms, inference=20.2ms, second_pass=0.0ms, contention=0.0ms, TOTAL=20.5ms | audio=600ms, RTF=0.03x | model=enhanced_mel, neural_total=19.8ms, model_inference=11.9ms
[TIMING] EnhancedMel.transcribe: audio_to_gpu=0.1ms, features=0.4ms, model=11.7ms, decode=4.9ms | TOTAL=17.2ms for 3000ms audio (RTF=0.01x)
[TIMING] stream_chunk[experiment-b165b6769bbc4fc7ae309c6edea5015e](live_neural): decode=0.1ms, inference=19.4ms, second_pass=0.0ms, contention=0.0ms, TOTAL=19.6ms | audio=600ms, RTF=0.03x | model=enhanced_mel, neural_total=19.0ms, model_inference=11.7ms
[TIMING] EnhancedMel.transcribe: audio_to_gpu=0.3ms, features=0.5ms, model=12.2ms, decode=5.9ms | TOTAL=18.9ms for 3000ms audio (RTF=0.01x)
[TIMING] stream_chunk[experiment-b165b6769bbc4fc7ae309c6edea5015e](live_neural): decode=0.2ms, inference=22.2ms, second_pass=0.0ms, contention=0.0ms, TOTAL=22.5ms | audio=600ms, RTF=0.04x | model=enhanced_mel, neural_total=21.8ms, model_inference=12.2ms
[TIMING] EnhancedMel.transcribe: audio_to_gpu=0.2ms, features=0.5ms, model=12.5ms, decode=5.0ms | TOTAL=18.3ms for 3000ms audio (RTF=0.01x)
[TIMING] stream_chunk[experiment-b165b6769bbc4fc7ae309c6edea5015e](live_neural): decode=0.1ms, inference=21.4ms, second_pass=0.0ms, contention=0.0ms, TOTAL=21.6ms | audio=600ms, RTF=0.04x | model=enhanced_mel, neural_total=21.0ms, model_inference=12.5ms
[TIMING] EnhancedMel.transcribe: audio_to_gpu=0.1ms, features=0.3ms, model=12.8ms, decode=5.5ms | TOTAL=18.8ms for 3000ms audio (RTF=0.01x)
[TIMING] stream_chunk[experiment-b165b6769bbc4fc7ae309c6edea5015e](live_neural): decode=0.1ms, inference=21.0ms, second_pass=0.0ms, contention=0.0ms, TOTAL=21.2ms | audio=600ms, RTF=0.04x | model=enhanced_mel, neural_total=20.6ms, model_inference=12.8ms
[TIMING] EnhancedMel.transcribe: audio_to_gpu=0.2ms, features=0.6ms, model=10.9ms, decode=1.1ms | TOTAL=12.8ms for 600ms audio (RTF=0.02x)
[TIMING] stream_chunk[experiment-f507d160eef748d08409b2f98fc50a2e](live_neural): decode=0.2ms, inference=14.5ms, second_pass=0.0ms, contention=0.0ms, TOTAL=14.7ms | audio=600ms, RTF=0.02x | model=enhanced_mel, neural_total=14.1ms, model_inference=10.9ms
[TIMING] EnhancedMel.transcribe: audio_to_gpu=0.1ms, features=0.3ms, model=10.4ms, decode=3.0ms | TOTAL=13.9ms for 1200ms audio (RTF=0.01x)
[TIMING] stream_chunk[experiment-f507d160eef748d08409b2f98fc50a2e](live_neural): decode=0.1ms, inference=15.6ms, second_pass=0.0ms, contention=0.0ms, TOTAL=15.8ms | audio=600ms, RTF=0.03x | model=enhanced_mel, neural_total=15.3ms, model_inference=10.4ms
[TIMING] EnhancedMel.transcribe: audio_to_gpu=0.1ms, features=0.4ms, model=11.2ms, decode=3.3ms | TOTAL=15.0ms for 1800ms audio (RTF=0.01x)
[TIMING] stream_chunk[experiment-f507d160eef748d08409b2f98fc50a2e](live_neural): decode=0.1ms, inference=16.8ms, second_pass=0.0ms, contention=0.0ms, TOTAL=17.0ms | audio=600ms, RTF=0.03x | model=enhanced_mel, neural_total=16.4ms, model_inference=11.2ms
[TIMING] EnhancedMel.transcribe: audio_to_gpu=0.1ms, features=0.4ms, model=11.7ms, decode=3.9ms | TOTAL=16.2ms for 2400ms audio (RTF=0.01x)
[TIMING] stream_chunk[experiment-f507d160eef748d08409b2f98fc50a2e](live_neural): decode=0.1ms, inference=18.2ms, second_pass=0.0ms, contention=0.0ms, TOTAL=18.4ms | audio=600ms, RTF=0.03x | model=enhanced_mel, neural_total=17.8ms, model_inference=11.7ms
[TIMING] EnhancedMel.transcribe: audio_to_gpu=0.1ms, features=0.5ms, model=12.2ms, decode=4.8ms | TOTAL=17.6ms for 3000ms audio (RTF=0.01x)
[TIMING] stream_chunk[experiment-f507d160eef748d08409b2f98fc50a2e](live_neural): decode=0.1ms, inference=20.3ms, second_pass=0.0ms, contention=0.0ms, TOTAL=20.5ms | audio=600ms, RTF=0.03x | model=enhanced_mel, neural_total=19.9ms, model_inference=12.2ms
[TIMING] EnhancedMel.transcribe: audio_to_gpu=0.2ms, features=0.4ms, model=12.0ms, decode=4.9ms | TOTAL=17.6ms for 3000ms audio (RTF=0.01x)
[TIMING] stream_chunk[experiment-f507d160eef748d08409b2f98fc50a2e](live_neural): decode=0.1ms, inference=20.7ms, second_pass=0.0ms, contention=0.0ms, TOTAL=20.9ms | audio=600ms, RTF=0.03x | model=enhanced_mel, neural_total=20.3ms, model_inference=12.0ms
[TIMING] EnhancedMel.transcribe: audio_to_gpu=0.2ms, features=0.8ms, model=17.6ms, decode=6.2ms | TOTAL=24.9ms for 3000ms audio (RTF=0.01x)
[TIMING] stream_chunk[experiment-f507d160eef748d08409b2f98fc50a2e](live_neural): decode=0.1ms, inference=27.4ms, second_pass=0.0ms, contention=0.0ms, TOTAL=27.7ms | audio=600ms, RTF=0.05x | model=enhanced_mel, neural_total=26.9ms, model_inference=17.6ms
[TIMING] EnhancedMel.transcribe: audio_to_gpu=0.2ms, features=0.5ms, model=12.3ms, decode=5.1ms | TOTAL=18.1ms for 3000ms audio (RTF=0.01x)
[TIMING] stream_chunk[experiment-f507d160eef748d08409b2f98fc50a2e](live_neural): decode=0.2ms, inference=20.5ms, second_pass=0.0ms, contention=0.0ms, TOTAL=20.8ms | audio=600ms, RTF=0.03x | model=enhanced_mel, neural_total=20.1ms, model_inference=12.3ms
[TIMING] EnhancedMel.transcribe: audio_to_gpu=0.2ms, features=0.5ms, model=12.7ms, decode=5.6ms | TOTAL=19.0ms for 3000ms audio (RTF=0.01x)
[TIMING] stream_chunk[experiment-f507d160eef748d08409b2f98fc50a2e](live_neural): decode=0.1ms, inference=22.2ms, second_pass=0.0ms, contention=0.0ms, TOTAL=22.4ms | audio=600ms, RTF=0.04x | model=enhanced_mel, neural_total=21.3ms, model_inference=12.7ms
[TIMING] EnhancedMel.transcribe: audio_to_gpu=0.3ms, features=0.5ms, model=12.6ms, decode=4.8ms | TOTAL=18.1ms for 3000ms audio (RTF=0.01x)
[TIMING] stream_chunk[experiment-f507d160eef748d08409b2f98fc50a2e](live_neural): decode=0.1ms, inference=20.6ms, second_pass=0.0ms, contention=0.0ms, TOTAL=20.8ms | audio=600ms, RTF=0.03x | model=enhanced_mel, neural_total=20.1ms, model_inference=12.6ms

[CLIP_014] Sonata No. 9
  excerpt: start=6.00s end=12.00s duration=6.00s gt_notes=18 rms=0.0208 peak=0.1336 crest=6.421 rms_std=0.0097
    control:
      note metrics: precision=0.818 recall=1.000 f1=0.900 matched=18/18 pred=22
      strict onset f1: 10ms=0.650 20ms=0.900 30ms=0.900
      timing metrics: offset_f1=0.250 rhythm_precision=0.278 note_value_acc=0.000 note_value_n=18 avg_beat_error=1.306
      duplicate metrics: duplicates=0 per_100_notes=0.00
      boundary metrics: gt=14 matched=14 missed=0 miss_rate=0.000
      latency: avg_chunk_ms=20.96 p95_chunk_ms=25.80 avg_rtf=0.035
      notation metrics: first_correct_ms=492.5 visible_p50_ms=550.3 visible_p95_ms=604.7 stabilize_p50_ms=2977.8 stabilize_p95_ms=3605.9 avg_revisions=3.00 matched=8 refined=8 snapshots=15
      algorithmic latency: first_correct_ms=471.4 visible_p50_ms=529.3 visible_p95_ms=584.4 stabilize_p50_ms=2031.9 stabilize_p95_ms=3584.3
      final display note metrics: precision=0.818 recall=1.000 f1=0.900 matched=18/18 pred=22
      final display strict onset f1: 10ms=0.650 20ms=0.900 30ms=0.900
      final display timing: offset_f1=0.250 rhythm_precision=0.278 note_value_acc=0.000 note_value_n=18 avg_beat_error=1.188
      final display structure: cluster_f1=0.526 onset_align_recall=1.000 avg_jaccard=0.815 exact=5/9 pred=10 over=3 under=0 pitch_conflicts=1 missed_gt=0
      threshold profiles: hit_rate=0.000 thresholds=[0.75] profiles={'fixed_baseline': 10}
    treatment:
      note metrics: precision=0.783 recall=1.000 f1=0.878 matched=18/18 pred=23
      strict onset f1: 10ms=0.634 20ms=0.878 30ms=0.878
      timing metrics: offset_f1=0.244 rhythm_precision=0.278 note_value_acc=0.000 note_value_n=18 avg_beat_error=1.306
      duplicate metrics: duplicates=0 per_100_notes=0.00
      boundary metrics: gt=14 matched=14 missed=0 miss_rate=0.000
      latency: avg_chunk_ms=19.90 p95_chunk_ms=25.29 avg_rtf=0.033
      notation metrics: first_correct_ms=492.2 visible_p50_ms=553.2 visible_p95_ms=581.7 stabilize_p50_ms=2962.9 stabilize_p95_ms=3419.4 avg_revisions=3.14 matched=7 refined=7 snapshots=16
      algorithmic latency: first_correct_ms=471.4 visible_p50_ms=525.5 visible_p95_ms=561.6 stabilize_p50_ms=1761.7 stabilize_p95_ms=3190.7
      final display note metrics: precision=0.773 recall=0.944 f1=0.850 matched=17/18 pred=22
      final display strict onset f1: 10ms=0.650 20ms=0.850 30ms=0.850
      final display timing: offset_f1=0.250 rhythm_precision=0.294 note_value_acc=0.000 note_value_n=17 avg_beat_error=1.176
      final display structure: cluster_f1=0.421 onset_align_recall=1.000 avg_jaccard=0.741 exact=4/9 pred=10 over=3 under=0 pitch_conflicts=2 missed_gt=0
      threshold profiles: hit_rate=0.600 thresholds=[0.71, 0.75] profiles={'baseline_nominal': 4, 'soft_sparse_recall': 6}
    delta treatment-control: precision=-0.036 recall=+0.000 f1=-0.022 offset_f1=-0.006 note_value_acc=+0.000 dup_per_100=+0.00 boundary_miss_rate=+0.000 p95_chunk_ms=-0.51 f1_10ms=-0.016 f1_20ms=-0.022 f1_30ms=-0.022 visible_p50_ms=+2.8 stabilize_p50_ms=-14.9 algo_visible_p50_ms=-3.8 algo_stabilize_p50_ms=-270.2 avg_revisions=+0.14 display_note_f1=-0.050 display_offset_f1=+0.000 display_cluster_f1=-0.105 display_cluster_jaccard=-0.074
    failure buckets: ['high_revision_slow_stabilization', 'note_value_offset_failure']
[TIMING] EnhancedMel.transcribe: audio_to_gpu=0.3ms, features=0.6ms, model=11.0ms, decode=1.6ms | TOTAL=13.5ms for 600ms audio (RTF=0.02x)
[TIMING] stream_chunk[experiment-7809dbc9e9764838b6173fa6de896b65](live_neural): decode=0.2ms, inference=15.8ms, second_pass=0.0ms, contention=0.0ms, TOTAL=16.0ms | audio=600ms, RTF=0.03x | model=enhanced_mel, neural_total=15.3ms, model_inference=11.0ms
[TIMING] EnhancedMel.transcribe: audio_to_gpu=0.1ms, features=0.5ms, model=10.3ms, decode=2.6ms | TOTAL=13.6ms for 1200ms audio (RTF=0.01x)
[TIMING] stream_chunk[experiment-7809dbc9e9764838b6173fa6de896b65](live_neural): decode=0.2ms, inference=15.4ms, second_pass=0.0ms, contention=0.0ms, TOTAL=15.7ms | audio=600ms, RTF=0.03x | model=enhanced_mel, neural_total=15.0ms, model_inference=10.3ms
[TIMING] EnhancedMel.transcribe: audio_to_gpu=0.1ms, features=0.4ms, model=11.6ms, decode=3.7ms | TOTAL=15.8ms for 1800ms audio (RTF=0.01x)
[TIMING] stream_chunk[experiment-7809dbc9e9764838b6173fa6de896b65](live_neural): decode=0.1ms, inference=17.8ms, second_pass=0.0ms, contention=0.0ms, TOTAL=18.1ms | audio=600ms, RTF=0.03x | model=enhanced_mel, neural_total=17.5ms, model_inference=11.6ms
[TIMING] EnhancedMel.transcribe: audio_to_gpu=0.2ms, features=0.6ms, model=11.1ms, decode=4.9ms | TOTAL=16.9ms for 2400ms audio (RTF=0.01x)
[TIMING] stream_chunk[experiment-7809dbc9e9764838b6173fa6de896b65](live_neural): decode=0.1ms, inference=20.3ms, second_pass=0.0ms, contention=0.0ms, TOTAL=20.6ms | audio=600ms, RTF=0.03x | model=enhanced_mel, neural_total=19.8ms, model_inference=11.1ms
[TIMING] EnhancedMel.transcribe: audio_to_gpu=0.2ms, features=0.5ms, model=12.1ms, decode=5.9ms | TOTAL=18.8ms for 3000ms audio (RTF=0.01x)
[TIMING] stream_chunk[experiment-7809dbc9e9764838b6173fa6de896b65](live_neural): decode=0.1ms, inference=21.3ms, second_pass=0.0ms, contention=0.0ms, TOTAL=21.7ms | audio=600ms, RTF=0.04x | model=enhanced_mel, neural_total=20.9ms, model_inference=12.1ms
[TIMING] EnhancedMel.transcribe: audio_to_gpu=0.2ms, features=0.5ms, model=12.9ms, decode=5.9ms | TOTAL=19.5ms for 3000ms audio (RTF=0.01x)
[TIMING] stream_chunk[experiment-7809dbc9e9764838b6173fa6de896b65](live_neural): decode=0.1ms, inference=22.0ms, second_pass=0.0ms, contention=0.0ms, TOTAL=22.5ms | audio=600ms, RTF=0.04x | model=enhanced_mel, neural_total=21.6ms, model_inference=12.9ms
[TIMING] EnhancedMel.transcribe: audio_to_gpu=0.2ms, features=0.5ms, model=12.7ms, decode=6.0ms | TOTAL=19.3ms for 3000ms audio (RTF=0.01x)
[TIMING] stream_chunk[experiment-7809dbc9e9764838b6173fa6de896b65](live_neural): decode=0.1ms, inference=22.3ms, second_pass=0.0ms, contention=0.0ms, TOTAL=22.6ms | audio=600ms, RTF=0.04x | model=enhanced_mel, neural_total=22.0ms, model_inference=12.7ms
[TIMING] EnhancedMel.transcribe: audio_to_gpu=0.2ms, features=0.5ms, model=13.0ms, decode=5.8ms | TOTAL=19.6ms for 3000ms audio (RTF=0.01x)
[TIMING] stream_chunk[experiment-7809dbc9e9764838b6173fa6de896b65](live_neural): decode=0.1ms, inference=22.1ms, second_pass=0.0ms, contention=0.0ms, TOTAL=22.5ms | audio=600ms, RTF=0.04x | model=enhanced_mel, neural_total=21.7ms, model_inference=13.0ms
[TIMING] EnhancedMel.transcribe: audio_to_gpu=0.3ms, features=0.5ms, model=12.8ms, decode=6.1ms | TOTAL=19.7ms for 3000ms audio (RTF=0.01x)
[TIMING] stream_chunk[experiment-7809dbc9e9764838b6173fa6de896b65](live_neural): decode=0.1ms, inference=23.3ms, second_pass=0.0ms, contention=0.0ms, TOTAL=23.7ms | audio=600ms, RTF=0.04x | model=enhanced_mel, neural_total=23.0ms, model_inference=12.8ms
[TIMING] EnhancedMel.transcribe: audio_to_gpu=0.2ms, features=0.5ms, model=12.7ms, decode=7.0ms | TOTAL=20.5ms for 3000ms audio (RTF=0.01x)
[TIMING] stream_chunk[experiment-7809dbc9e9764838b6173fa6de896b65](live_neural): decode=0.2ms, inference=23.0ms, second_pass=0.0ms, contention=0.0ms, TOTAL=23.4ms | audio=600ms, RTF=0.04x | model=enhanced_mel, neural_total=22.7ms, model_inference=12.7ms
[TIMING] EnhancedMel.transcribe: audio_to_gpu=0.2ms, features=0.5ms, model=10.1ms, decode=1.5ms | TOTAL=12.4ms for 600ms audio (RTF=0.02x)
[TIMING] stream_chunk[experiment-7225c5dcc935456eab48ee72547a2fc2](live_neural): decode=0.2ms, inference=14.1ms, second_pass=0.0ms, contention=0.0ms, TOTAL=14.4ms | audio=600ms, RTF=0.02x | model=enhanced_mel, neural_total=13.7ms, model_inference=10.1ms
[TIMING] EnhancedMel.transcribe: audio_to_gpu=0.1ms, features=0.3ms, model=10.4ms, decode=2.6ms | TOTAL=13.5ms for 1200ms audio (RTF=0.01x)
[TIMING] stream_chunk[experiment-7225c5dcc935456eab48ee72547a2fc2](live_neural): decode=0.1ms, inference=15.2ms, second_pass=0.0ms, contention=0.0ms, TOTAL=15.5ms | audio=600ms, RTF=0.03x | model=enhanced_mel, neural_total=14.9ms, model_inference=10.4ms
[TIMING] EnhancedMel.transcribe: audio_to_gpu=0.2ms, features=0.5ms, model=11.6ms, decode=3.9ms | TOTAL=16.2ms for 1800ms audio (RTF=0.01x)
[TIMING] stream_chunk[experiment-7225c5dcc935456eab48ee72547a2fc2](live_neural): decode=0.1ms, inference=18.4ms, second_pass=0.0ms, contention=0.0ms, TOTAL=18.7ms | audio=600ms, RTF=0.03x | model=enhanced_mel, neural_total=18.0ms, model_inference=11.6ms
[TIMING] EnhancedMel.transcribe: audio_to_gpu=0.3ms, features=0.6ms, model=11.4ms, decode=4.9ms | TOTAL=17.1ms for 2400ms audio (RTF=0.01x)
[TIMING] stream_chunk[experiment-7225c5dcc935456eab48ee72547a2fc2](live_neural): decode=0.1ms, inference=19.7ms, second_pass=0.0ms, contention=0.0ms, TOTAL=20.0ms | audio=600ms, RTF=0.03x | model=enhanced_mel, neural_total=19.2ms, model_inference=11.4ms
[TIMING] EnhancedMel.transcribe: audio_to_gpu=0.2ms, features=0.6ms, model=12.3ms, decode=5.8ms | TOTAL=18.9ms for 3000ms audio (RTF=0.01x)
[TIMING] stream_chunk[experiment-7225c5dcc935456eab48ee72547a2fc2](live_neural): decode=0.1ms, inference=21.8ms, second_pass=0.0ms, contention=0.0ms, TOTAL=22.2ms | audio=600ms, RTF=0.04x | model=enhanced_mel, neural_total=21.2ms, model_inference=12.3ms
[TIMING] EnhancedMel.transcribe: audio_to_gpu=0.3ms, features=0.6ms, model=12.4ms, decode=5.9ms | TOTAL=19.1ms for 3000ms audio (RTF=0.01x)
[TIMING] stream_chunk[experiment-7225c5dcc935456eab48ee72547a2fc2](live_neural): decode=0.1ms, inference=22.5ms, second_pass=0.0ms, contention=0.0ms, TOTAL=23.0ms | audio=600ms, RTF=0.04x | model=enhanced_mel, neural_total=22.1ms, model_inference=12.4ms
[TIMING] EnhancedMel.transcribe: audio_to_gpu=0.3ms, features=0.8ms, model=21.7ms, decode=6.1ms | TOTAL=29.0ms for 3000ms audio (RTF=0.01x)
[TIMING] stream_chunk[experiment-7225c5dcc935456eab48ee72547a2fc2](live_neural): decode=0.1ms, inference=31.5ms, second_pass=0.0ms, contention=0.0ms, TOTAL=32.1ms | audio=600ms, RTF=0.05x | model=enhanced_mel, neural_total=31.1ms, model_inference=21.7ms
[TIMING] EnhancedMel.transcribe: audio_to_gpu=0.2ms, features=0.6ms, model=11.8ms, decode=5.9ms | TOTAL=18.5ms for 3000ms audio (RTF=0.01x)
[TIMING] stream_chunk[experiment-7225c5dcc935456eab48ee72547a2fc2](live_neural): decode=0.1ms, inference=21.0ms, second_pass=0.0ms, contention=0.0ms, TOTAL=21.4ms | audio=600ms, RTF=0.04x | model=enhanced_mel, neural_total=20.5ms, model_inference=11.8ms
[TIMING] EnhancedMel.transcribe: audio_to_gpu=0.3ms, features=0.5ms, model=12.3ms, decode=6.4ms | TOTAL=19.5ms for 3000ms audio (RTF=0.01x)
[TIMING] stream_chunk[experiment-7225c5dcc935456eab48ee72547a2fc2](live_neural): decode=0.1ms, inference=22.9ms, second_pass=0.0ms, contention=0.0ms, TOTAL=23.3ms | audio=600ms, RTF=0.04x | model=enhanced_mel, neural_total=22.4ms, model_inference=12.3ms
[TIMING] EnhancedMel.transcribe: audio_to_gpu=0.2ms, features=0.5ms, model=12.4ms, decode=6.0ms | TOTAL=19.2ms for 3000ms audio (RTF=0.01x)
[TIMING] stream_chunk[experiment-7225c5dcc935456eab48ee72547a2fc2](live_neural): decode=0.1ms, inference=22.3ms, second_pass=0.0ms, contention=0.0ms, TOTAL=22.7ms | audio=600ms, RTF=0.04x | model=enhanced_mel, neural_total=21.9ms, model_inference=12.4ms

[CLIP_015] Concert Etude No. 2 "Gnomenreigen"
  excerpt: start=21.00s end=27.00s duration=6.00s gt_notes=182 rms=0.0327 peak=0.2179 crest=6.658 rms_std=0.0112
    control:
      note metrics: precision=0.976 recall=0.907 f1=0.940 matched=165/182 pred=169
      strict onset f1: 10ms=0.718 20ms=0.923 30ms=0.940
      timing metrics: offset_f1=0.934 rhythm_precision=0.994 note_value_acc=0.945 note_value_n=165 avg_beat_error=0.006
      duplicate metrics: duplicates=4 per_100_notes=2.37
      boundary metrics: gt=54 matched=50 missed=4 miss_rate=0.074
      latency: avg_chunk_ms=20.69 p95_chunk_ms=23.61 avg_rtf=0.034
      notation metrics: first_correct_ms=49.0 visible_p50_ms=315.9 visible_p95_ms=599.0 stabilize_p50_ms=1504.7 stabilize_p95_ms=2129.3 avg_revisions=1.47 matched=66 refined=66 snapshots=19
      algorithmic latency: first_correct_ms=26.6 visible_p50_ms=294.7 visible_p95_ms=576.1 stabilize_p50_ms=1223.4 stabilize_p95_ms=2048.3
      final display note metrics: precision=1.000 recall=0.907 f1=0.951 matched=165/182 pred=165
      final display strict onset f1: 10ms=0.720 20ms=0.934 30ms=0.951
      final display timing: offset_f1=0.945 rhythm_precision=0.994 note_value_acc=0.479 note_value_n=165 avg_beat_error=0.055
      final display structure: cluster_f1=0.403 onset_align_recall=0.846 avg_jaccard=0.779 exact=29/78 pred=66 over=18 under=17 pitch_conflicts=2 missed_gt=12
      threshold profiles: hit_rate=0.000 thresholds=[0.75] profiles={'fixed_baseline': 10}
    treatment:
      note metrics: precision=0.971 recall=0.907 f1=0.938 matched=165/182 pred=170
      strict onset f1: 10ms=0.716 20ms=0.920 30ms=0.938
      timing metrics: offset_f1=0.932 rhythm_precision=0.994 note_value_acc=0.945 note_value_n=165 avg_beat_error=0.006
      duplicate metrics: duplicates=4 per_100_notes=2.35
      boundary metrics: gt=54 matched=50 missed=4 miss_rate=0.074
      latency: avg_chunk_ms=21.32 p95_chunk_ms=28.12 avg_rtf=0.035
      notation metrics: first_correct_ms=47.9 visible_p50_ms=311.8 visible_p95_ms=597.9 stabilize_p50_ms=1535.9 stabilize_p95_ms=2092.7 avg_revisions=1.52 matched=65 refined=65 snapshots=18
      algorithmic latency: first_correct_ms=26.6 visible_p50_ms=289.1 visible_p95_ms=575.3 stabilize_p50_ms=1272.4 stabilize_p95_ms=2007.6
      final display note metrics: precision=0.994 recall=0.901 f1=0.945 matched=164/182 pred=165
      final display strict onset f1: 10ms=0.715 20ms=0.928 30ms=0.945
      final display timing: offset_f1=0.939 rhythm_precision=0.994 note_value_acc=0.463 note_value_n=164 avg_beat_error=0.060
      final display structure: cluster_f1=0.403 onset_align_recall=0.846 avg_jaccard=0.773 exact=29/78 pred=66 over=18 under=17 pitch_conflicts=2 missed_gt=12
      threshold profiles: hit_rate=0.100 thresholds=[0.71, 0.75] profiles={'baseline_nominal': 9, 'soft_sparse_recall': 1}
    delta treatment-control: precision=-0.006 recall=+0.000 f1=-0.003 offset_f1=-0.003 note_value_acc=+0.000 dup_per_100=-0.01 boundary_miss_rate=+0.000 p95_chunk_ms=+4.51 f1_10ms=-0.002 f1_20ms=-0.003 f1_30ms=-0.003 visible_p50_ms=-4.1 stabilize_p50_ms=+31.2 algo_visible_p50_ms=-5.6 algo_stabilize_p50_ms=+49.0 avg_revisions=+0.05 display_note_f1=-0.006 display_offset_f1=-0.006 display_cluster_f1=+0.000 display_cluster_jaccard=-0.005
    failure buckets: ['boundary_miss_failure', 'high_revision_slow_stabilization']
      boundary diagnostics: missed=4 by_arm={'control': 4, 'treatment': 4} tags={'control_boundary_miss': 4, 'no_control_coarse_candidate': 4}
        miss: pitch=64 onset=0.512s boundary_delta_ms=-88.3 control_coarse=False treatment_coarse=False retro=n/a
        miss: pitch=84 onset=1.797s boundary_delta_ms=-3.1 control_coarse=False treatment_coarse=False retro=n/a
        miss: pitch=83 onset=1.801s boundary_delta_ms=+0.8 control_coarse=False treatment_coarse=False retro=n/a
        ... 1 more missed boundary notes in diagnostics JSON
[TIMING] EnhancedMel.transcribe: audio_to_gpu=0.4ms, features=0.6ms, model=11.0ms, decode=1.4ms | TOTAL=13.4ms for 600ms audio (RTF=0.02x)
[TIMING] stream_chunk[experiment-de9f7fd52c3b42fbbb21f09949c0a466](live_neural): decode=0.2ms, inference=16.1ms, second_pass=0.0ms, contention=0.0ms, TOTAL=16.4ms | audio=600ms, RTF=0.03x | model=enhanced_mel, neural_total=15.5ms, model_inference=11.0ms
[TIMING] EnhancedMel.transcribe: audio_to_gpu=0.1ms, features=0.3ms, model=9.9ms, decode=2.7ms | TOTAL=13.0ms for 1200ms audio (RTF=0.01x)
[TIMING] stream_chunk[experiment-de9f7fd52c3b42fbbb21f09949c0a466](live_neural): decode=0.2ms, inference=15.0ms, second_pass=0.0ms, contention=0.0ms, TOTAL=15.4ms | audio=600ms, RTF=0.03x | model=enhanced_mel, neural_total=14.6ms, model_inference=9.9ms
[TIMING] EnhancedMel.transcribe: audio_to_gpu=0.1ms, features=0.7ms, model=10.9ms, decode=3.6ms | TOTAL=15.3ms for 1800ms audio (RTF=0.01x)
[TIMING] stream_chunk[experiment-de9f7fd52c3b42fbbb21f09949c0a466](live_neural): decode=0.1ms, inference=17.4ms, second_pass=0.0ms, contention=0.0ms, TOTAL=17.7ms | audio=600ms, RTF=0.03x | model=enhanced_mel, neural_total=17.0ms, model_inference=10.9ms
[TIMING] EnhancedMel.transcribe: audio_to_gpu=0.3ms, features=0.5ms, model=11.7ms, decode=4.8ms | TOTAL=17.3ms for 2400ms audio (RTF=0.01x)
[TIMING] stream_chunk[experiment-de9f7fd52c3b42fbbb21f09949c0a466](live_neural): decode=0.1ms, inference=19.6ms, second_pass=0.0ms, contention=0.0ms, TOTAL=20.0ms | audio=600ms, RTF=0.03x | model=enhanced_mel, neural_total=19.2ms, model_inference=11.7ms
[TIMING] EnhancedMel.transcribe: audio_to_gpu=0.5ms, features=0.7ms, model=16.3ms, decode=6.1ms | TOTAL=23.6ms for 3000ms audio (RTF=0.01x)
[TIMING] stream_chunk[experiment-de9f7fd52c3b42fbbb21f09949c0a466](live_neural): decode=0.1ms, inference=26.2ms, second_pass=0.0ms, contention=0.0ms, TOTAL=26.7ms | audio=600ms, RTF=0.04x | model=enhanced_mel, neural_total=25.8ms, model_inference=16.3ms
[TIMING] EnhancedMel.transcribe: audio_to_gpu=0.3ms, features=0.5ms, model=12.3ms, decode=5.8ms | TOTAL=18.9ms for 3000ms audio (RTF=0.01x)
[TIMING] stream_chunk[experiment-de9f7fd52c3b42fbbb21f09949c0a466](live_neural): decode=0.1ms, inference=21.4ms, second_pass=0.0ms, contention=0.0ms, TOTAL=21.8ms | audio=600ms, RTF=0.04x | model=enhanced_mel, neural_total=21.0ms, model_inference=12.3ms
[TIMING] EnhancedMel.transcribe: audio_to_gpu=0.3ms, features=0.7ms, model=22.7ms, decode=6.0ms | TOTAL=29.7ms for 3000ms audio (RTF=0.01x)
[TIMING] stream_chunk[experiment-de9f7fd52c3b42fbbb21f09949c0a466](live_neural): decode=0.1ms, inference=32.6ms, second_pass=0.0ms, contention=0.0ms, TOTAL=32.9ms | audio=600ms, RTF=0.05x | model=enhanced_mel, neural_total=32.1ms, model_inference=22.7ms
[TIMING] EnhancedMel.transcribe: audio_to_gpu=0.2ms, features=0.6ms, model=12.4ms, decode=5.8ms | TOTAL=18.9ms for 3000ms audio (RTF=0.01x)
[TIMING] stream_chunk[experiment-de9f7fd52c3b42fbbb21f09949c0a466](live_neural): decode=0.1ms, inference=22.3ms, second_pass=0.0ms, contention=0.0ms, TOTAL=22.7ms | audio=600ms, RTF=0.04x | model=enhanced_mel, neural_total=21.9ms, model_inference=12.4ms
[TIMING] EnhancedMel.transcribe: audio_to_gpu=0.3ms, features=0.5ms, model=12.1ms, decode=5.8ms | TOTAL=18.6ms for 3000ms audio (RTF=0.01x)
[TIMING] stream_chunk[experiment-de9f7fd52c3b42fbbb21f09949c0a466](live_neural): decode=0.1ms, inference=21.9ms, second_pass=0.0ms, contention=0.0ms, TOTAL=22.2ms | audio=600ms, RTF=0.04x | model=enhanced_mel, neural_total=20.7ms, model_inference=12.1ms
[TIMING] EnhancedMel.transcribe: audio_to_gpu=0.3ms, features=0.5ms, model=12.4ms, decode=5.7ms | TOTAL=18.8ms for 3000ms audio (RTF=0.01x)
[TIMING] stream_chunk[experiment-de9f7fd52c3b42fbbb21f09949c0a466](live_neural): decode=0.2ms, inference=21.3ms, second_pass=0.0ms, contention=0.0ms, TOTAL=21.8ms | audio=600ms, RTF=0.04x | model=enhanced_mel, neural_total=20.9ms, model_inference=12.4ms
[TIMING] EnhancedMel.transcribe: audio_to_gpu=0.2ms, features=0.5ms, model=10.3ms, decode=1.5ms | TOTAL=12.6ms for 600ms audio (RTF=0.02x)
[TIMING] stream_chunk[experiment-e4e0e77682cb460185c9794a78101917](live_neural): decode=0.2ms, inference=14.2ms, second_pass=0.0ms, contention=0.0ms, TOTAL=14.4ms | audio=600ms, RTF=0.02x | model=enhanced_mel, neural_total=13.7ms, model_inference=10.3ms
[TIMING] EnhancedMel.transcribe: audio_to_gpu=0.1ms, features=0.4ms, model=10.9ms, decode=2.7ms | TOTAL=14.2ms for 1200ms audio (RTF=0.01x)
[TIMING] stream_chunk[experiment-e4e0e77682cb460185c9794a78101917](live_neural): decode=0.1ms, inference=16.0ms, second_pass=0.0ms, contention=0.0ms, TOTAL=16.2ms | audio=600ms, RTF=0.03x | model=enhanced_mel, neural_total=15.6ms, model_inference=10.9ms
[TIMING] EnhancedMel.transcribe: audio_to_gpu=0.2ms, features=0.4ms, model=11.2ms, decode=3.8ms | TOTAL=15.6ms for 1800ms audio (RTF=0.01x)
[TIMING] stream_chunk[experiment-e4e0e77682cb460185c9794a78101917](live_neural): decode=0.2ms, inference=18.6ms, second_pass=0.0ms, contention=0.0ms, TOTAL=18.9ms | audio=600ms, RTF=0.03x | model=enhanced_mel, neural_total=18.2ms, model_inference=11.2ms
[TIMING] EnhancedMel.transcribe: audio_to_gpu=0.3ms, features=0.5ms, model=12.7ms, decode=4.9ms | TOTAL=18.4ms for 2400ms audio (RTF=0.01x)
[TIMING] stream_chunk[experiment-e4e0e77682cb460185c9794a78101917](live_neural): decode=0.1ms, inference=20.6ms, second_pass=0.0ms, contention=0.0ms, TOTAL=20.9ms | audio=600ms, RTF=0.03x | model=enhanced_mel, neural_total=20.2ms, model_inference=12.7ms
[TIMING] EnhancedMel.transcribe: audio_to_gpu=0.3ms, features=0.5ms, model=12.4ms, decode=5.9ms | TOTAL=19.1ms for 3000ms audio (RTF=0.01x)
[TIMING] stream_chunk[experiment-e4e0e77682cb460185c9794a78101917](live_neural): decode=0.1ms, inference=22.3ms, second_pass=0.0ms, contention=0.0ms, TOTAL=22.6ms | audio=600ms, RTF=0.04x | model=enhanced_mel, neural_total=21.9ms, model_inference=12.4ms
[TIMING] EnhancedMel.transcribe: audio_to_gpu=0.3ms, features=0.6ms, model=12.7ms, decode=6.1ms | TOTAL=19.6ms for 3000ms audio (RTF=0.01x)
[TIMING] stream_chunk[experiment-e4e0e77682cb460185c9794a78101917](live_neural): decode=0.1ms, inference=23.6ms, second_pass=0.0ms, contention=0.0ms, TOTAL=24.1ms | audio=600ms, RTF=0.04x | model=enhanced_mel, neural_total=23.1ms, model_inference=12.7ms
[TIMING] EnhancedMel.transcribe: audio_to_gpu=0.2ms, features=0.5ms, model=12.9ms, decode=5.7ms | TOTAL=19.4ms for 3000ms audio (RTF=0.01x)
[TIMING] stream_chunk[experiment-e4e0e77682cb460185c9794a78101917](live_neural): decode=0.2ms, inference=22.2ms, second_pass=0.0ms, contention=0.0ms, TOTAL=22.6ms | audio=600ms, RTF=0.04x | model=enhanced_mel, neural_total=21.8ms, model_inference=12.9ms
[TIMING] EnhancedMel.transcribe: audio_to_gpu=0.3ms, features=0.5ms, model=13.0ms, decode=5.8ms | TOTAL=19.6ms for 3000ms audio (RTF=0.01x)
[TIMING] stream_chunk[experiment-e4e0e77682cb460185c9794a78101917](live_neural): decode=0.2ms, inference=22.1ms, second_pass=0.0ms, contention=0.0ms, TOTAL=22.6ms | audio=600ms, RTF=0.04x | model=enhanced_mel, neural_total=21.7ms, model_inference=13.0ms
[TIMING] EnhancedMel.transcribe: audio_to_gpu=0.3ms, features=0.6ms, model=13.4ms, decode=5.8ms | TOTAL=20.1ms for 3000ms audio (RTF=0.01x)
[TIMING] stream_chunk[experiment-e4e0e77682cb460185c9794a78101917](live_neural): decode=0.1ms, inference=22.5ms, second_pass=0.0ms, contention=0.0ms, TOTAL=22.9ms | audio=600ms, RTF=0.04x | model=enhanced_mel, neural_total=22.1ms, model_inference=13.4ms
[TIMING] EnhancedMel.transcribe: audio_to_gpu=0.3ms, features=0.5ms, model=14.0ms, decode=5.8ms | TOTAL=20.5ms for 3000ms audio (RTF=0.01x)
[TIMING] stream_chunk[experiment-e4e0e77682cb460185c9794a78101917](live_neural): decode=0.1ms, inference=23.0ms, second_pass=0.0ms, contention=0.0ms, TOTAL=23.4ms | audio=600ms, RTF=0.04x | model=enhanced_mel, neural_total=22.6ms, model_inference=14.0ms

[CLIP_016] Concert Etude "Gnomenreigen"
  excerpt: start=24.00s end=30.00s duration=6.00s gt_notes=169 rms=0.0769 peak=0.3682 crest=4.787 rms_std=0.0214
    control:
      note metrics: precision=0.966 recall=0.834 f1=0.895 matched=141/169 pred=146
      strict onset f1: 10ms=0.686 20ms=0.895 30ms=0.895
      timing metrics: offset_f1=0.787 rhythm_precision=0.879 note_value_acc=0.730 note_value_n=141 avg_beat_error=0.075
      duplicate metrics: duplicates=0 per_100_notes=0.00
      boundary metrics: gt=46 matched=41 missed=5 miss_rate=0.109
      latency: avg_chunk_ms=21.75 p95_chunk_ms=30.12 avg_rtf=0.036
      notation metrics: first_correct_ms=48.0 visible_p50_ms=337.2 visible_p95_ms=606.7 stabilize_p50_ms=639.0 stabilize_p95_ms=1901.2 avg_revisions=0.66 matched=50 refined=50 snapshots=20
      algorithmic latency: first_correct_ms=15.1 visible_p50_ms=313.3 visible_p95_ms=586.6 stabilize_p50_ms=616.8 stabilize_p95_ms=1424.2
      final display note metrics: precision=0.966 recall=0.834 f1=0.895 matched=141/169 pred=146
      final display strict onset f1: 10ms=0.686 20ms=0.895 30ms=0.895
      final display timing: offset_f1=0.787 rhythm_precision=0.879 note_value_acc=0.284 note_value_n=141 avg_beat_error=0.151
      final display structure: cluster_f1=0.604 onset_align_recall=0.878 avg_jaccard=0.850 exact=42/74 pred=65 over=7 under=14 pitch_conflicts=2 missed_gt=9
      threshold profiles: hit_rate=0.000 thresholds=[0.75] profiles={'fixed_baseline': 10}
    treatment:
      note metrics: precision=0.966 recall=0.834 f1=0.895 matched=141/169 pred=146
      strict onset f1: 10ms=0.686 20ms=0.895 30ms=0.895
      timing metrics: offset_f1=0.787 rhythm_precision=0.879 note_value_acc=0.730 note_value_n=141 avg_beat_error=0.075
      duplicate metrics: duplicates=0 per_100_notes=0.00
      boundary metrics: gt=46 matched=41 missed=5 miss_rate=0.109
      latency: avg_chunk_ms=20.87 p95_chunk_ms=23.78 avg_rtf=0.035
      notation metrics: first_correct_ms=37.7 visible_p50_ms=334.8 visible_p95_ms=607.3 stabilize_p50_ms=637.6 stabilize_p95_ms=1902.7 avg_revisions=0.66 matched=50 refined=50 snapshots=20
      algorithmic latency: first_correct_ms=15.1 visible_p50_ms=313.3 visible_p95_ms=586.6 stabilize_p50_ms=616.8 stabilize_p95_ms=1424.2
      final display note metrics: precision=0.966 recall=0.834 f1=0.895 matched=141/169 pred=146
      final display strict onset f1: 10ms=0.686 20ms=0.895 30ms=0.895
      final display timing: offset_f1=0.787 rhythm_precision=0.879 note_value_acc=0.284 note_value_n=141 avg_beat_error=0.151
      final display structure: cluster_f1=0.604 onset_align_recall=0.878 avg_jaccard=0.850 exact=42/74 pred=65 over=7 under=14 pitch_conflicts=2 missed_gt=9
      threshold profiles: hit_rate=0.000 thresholds=[0.75] profiles={'baseline_nominal': 10}
    delta treatment-control: precision=+0.000 recall=+0.000 f1=+0.000 offset_f1=+0.000 note_value_acc=+0.000 dup_per_100=+0.00 boundary_miss_rate=+0.000 p95_chunk_ms=-6.34 f1_10ms=+0.000 f1_20ms=+0.000 f1_30ms=+0.000 visible_p50_ms=-2.4 stabilize_p50_ms=-1.4 algo_visible_p50_ms=+0.0 algo_stabilize_p50_ms=+0.0 avg_revisions=+0.00 display_note_f1=+0.000 display_offset_f1=+0.000 display_cluster_f1=+0.000 display_cluster_jaccard=+0.000
    failure buckets: ['runtime_only_win', 'boundary_miss_failure', 'high_revision_slow_stabilization']
      boundary diagnostics: missed=5 by_arm={'control': 5, 'treatment': 5} tags={'control_boundary_miss': 5, 'no_control_coarse_candidate': 5}
        miss: pitch=81 onset=3.046s boundary_delta_ms=+45.6 control_coarse=False treatment_coarse=False retro=n/a
        miss: pitch=75 onset=3.557s boundary_delta_ms=-42.7 control_coarse=False treatment_coarse=False retro=n/a
        miss: pitch=69 onset=3.590s boundary_delta_ms=-10.2 control_coarse=False treatment_coarse=False retro=n/a
        ... 2 more missed boundary notes in diagnostics JSON
[TIMING] EnhancedMel.transcribe: audio_to_gpu=0.3ms, features=0.6ms, model=10.7ms, decode=1.5ms | TOTAL=13.1ms for 600ms audio (RTF=0.02x)
[TIMING] stream_chunk[experiment-955a4d3030cd473bad3264b67e8bb725](live_neural): decode=0.2ms, inference=14.8ms, second_pass=0.0ms, contention=0.0ms, TOTAL=15.0ms | audio=600ms, RTF=0.02x | model=enhanced_mel, neural_total=14.3ms, model_inference=10.7ms
[TIMING] EnhancedMel.transcribe: audio_to_gpu=0.1ms, features=0.4ms, model=11.2ms, decode=2.7ms | TOTAL=14.4ms for 1200ms audio (RTF=0.01x)
[TIMING] stream_chunk[experiment-955a4d3030cd473bad3264b67e8bb725](live_neural): decode=0.2ms, inference=16.1ms, second_pass=0.0ms, contention=0.0ms, TOTAL=16.4ms | audio=600ms, RTF=0.03x | model=enhanced_mel, neural_total=15.8ms, model_inference=11.2ms
[TIMING] EnhancedMel.transcribe: audio_to_gpu=0.2ms, features=0.5ms, model=11.9ms, decode=3.9ms | TOTAL=16.4ms for 1800ms audio (RTF=0.01x)
[TIMING] stream_chunk[experiment-955a4d3030cd473bad3264b67e8bb725](live_neural): decode=0.1ms, inference=18.8ms, second_pass=0.0ms, contention=0.0ms, TOTAL=19.1ms | audio=600ms, RTF=0.03x | model=enhanced_mel, neural_total=18.3ms, model_inference=11.9ms
[TIMING] EnhancedMel.transcribe: audio_to_gpu=0.3ms, features=0.5ms, model=12.4ms, decode=4.9ms | TOTAL=18.0ms for 2400ms audio (RTF=0.01x)
[TIMING] stream_chunk[experiment-955a4d3030cd473bad3264b67e8bb725](live_neural): decode=0.1ms, inference=20.3ms, second_pass=0.0ms, contention=0.0ms, TOTAL=20.6ms | audio=600ms, RTF=0.03x | model=enhanced_mel, neural_total=19.9ms, model_inference=12.4ms
[TIMING] EnhancedMel.transcribe: audio_to_gpu=0.2ms, features=0.5ms, model=12.3ms, decode=6.1ms | TOTAL=19.1ms for 3000ms audio (RTF=0.01x)
[TIMING] stream_chunk[experiment-955a4d3030cd473bad3264b67e8bb725](live_neural): decode=0.1ms, inference=23.1ms, second_pass=0.0ms, contention=0.0ms, TOTAL=23.5ms | audio=600ms, RTF=0.04x | model=enhanced_mel, neural_total=22.6ms, model_inference=12.3ms
[TIMING] EnhancedMel.transcribe: audio_to_gpu=0.2ms, features=0.5ms, model=13.0ms, decode=6.4ms | TOTAL=20.1ms for 3000ms audio (RTF=0.01x)
[TIMING] stream_chunk[experiment-955a4d3030cd473bad3264b67e8bb725](live_neural): decode=0.1ms, inference=23.7ms, second_pass=0.0ms, contention=0.0ms, TOTAL=24.2ms | audio=600ms, RTF=0.04x | model=enhanced_mel, neural_total=23.3ms, model_inference=13.0ms
[TIMING] EnhancedMel.transcribe: audio_to_gpu=0.3ms, features=0.5ms, model=13.6ms, decode=6.3ms | TOTAL=20.7ms for 3000ms audio (RTF=0.01x)
[TIMING] stream_chunk[experiment-955a4d3030cd473bad3264b67e8bb725](live_neural): decode=0.1ms, inference=23.5ms, second_pass=0.0ms, contention=0.0ms, TOTAL=23.8ms | audio=600ms, RTF=0.04x | model=enhanced_mel, neural_total=22.8ms, model_inference=13.6ms
[TIMING] EnhancedMel.transcribe: audio_to_gpu=0.3ms, features=0.5ms, model=13.2ms, decode=6.0ms | TOTAL=20.0ms for 3000ms audio (RTF=0.01x)
[TIMING] stream_chunk[experiment-955a4d3030cd473bad3264b67e8bb725](live_neural): decode=0.1ms, inference=22.6ms, second_pass=0.0ms, contention=0.0ms, TOTAL=23.0ms | audio=600ms, RTF=0.04x | model=enhanced_mel, neural_total=22.2ms, model_inference=13.2ms
[TIMING] EnhancedMel.transcribe: audio_to_gpu=0.3ms, features=0.5ms, model=13.6ms, decode=6.0ms | TOTAL=20.4ms for 3000ms audio (RTF=0.01x)
[TIMING] stream_chunk[experiment-955a4d3030cd473bad3264b67e8bb725](live_neural): decode=0.1ms, inference=22.9ms, second_pass=0.0ms, contention=0.0ms, TOTAL=23.4ms | audio=600ms, RTF=0.04x | model=enhanced_mel, neural_total=22.4ms, model_inference=13.6ms
[TIMING] EnhancedMel.transcribe: audio_to_gpu=0.2ms, features=0.5ms, model=13.5ms, decode=5.9ms | TOTAL=20.2ms for 3000ms audio (RTF=0.01x)
[TIMING] stream_chunk[experiment-955a4d3030cd473bad3264b67e8bb725](live_neural): decode=0.1ms, inference=23.0ms, second_pass=0.0ms, contention=0.0ms, TOTAL=23.3ms | audio=600ms, RTF=0.04x | model=enhanced_mel, neural_total=22.6ms, model_inference=13.5ms
[TIMING] EnhancedMel.transcribe: audio_to_gpu=0.3ms, features=0.9ms, model=22.8ms, decode=2.2ms | TOTAL=26.2ms for 600ms audio (RTF=0.04x)
[TIMING] stream_chunk[experiment-192bd6d7ab0f45f6a339fff5f6a5b691](live_neural): decode=0.2ms, inference=28.0ms, second_pass=0.0ms, contention=0.0ms, TOTAL=28.3ms | audio=600ms, RTF=0.05x | model=enhanced_mel, neural_total=27.5ms, model_inference=22.8ms
[TIMING] EnhancedMel.transcribe: audio_to_gpu=0.2ms, features=0.7ms, model=16.3ms, decode=2.7ms | TOTAL=19.8ms for 1200ms audio (RTF=0.02x)
[TIMING] stream_chunk[experiment-192bd6d7ab0f45f6a339fff5f6a5b691](live_neural): decode=0.1ms, inference=21.6ms, second_pass=0.0ms, contention=0.0ms, TOTAL=21.9ms | audio=600ms, RTF=0.04x | model=enhanced_mel, neural_total=21.3ms, model_inference=16.3ms
[TIMING] EnhancedMel.transcribe: audio_to_gpu=0.1ms, features=0.4ms, model=11.1ms, decode=3.9ms | TOTAL=15.6ms for 1800ms audio (RTF=0.01x)
[TIMING] stream_chunk[experiment-192bd6d7ab0f45f6a339fff5f6a5b691](live_neural): decode=0.1ms, inference=17.7ms, second_pass=0.0ms, contention=0.0ms, TOTAL=18.0ms | audio=600ms, RTF=0.03x | model=enhanced_mel, neural_total=17.3ms, model_inference=11.1ms
[TIMING] EnhancedMel.transcribe: audio_to_gpu=0.3ms, features=0.5ms, model=11.6ms, decode=5.0ms | TOTAL=17.4ms for 2400ms audio (RTF=0.01x)
[TIMING] stream_chunk[experiment-192bd6d7ab0f45f6a339fff5f6a5b691](live_neural): decode=0.1ms, inference=20.3ms, second_pass=0.0ms, contention=0.0ms, TOTAL=20.5ms | audio=600ms, RTF=0.03x | model=enhanced_mel, neural_total=19.7ms, model_inference=11.6ms
[TIMING] EnhancedMel.transcribe: audio_to_gpu=0.3ms, features=0.5ms, model=13.7ms, decode=6.3ms | TOTAL=20.7ms for 3000ms audio (RTF=0.01x)
[TIMING] stream_chunk[experiment-192bd6d7ab0f45f6a339fff5f6a5b691](live_neural): decode=0.1ms, inference=24.2ms, second_pass=0.0ms, contention=0.0ms, TOTAL=24.5ms | audio=600ms, RTF=0.04x | model=enhanced_mel, neural_total=23.7ms, model_inference=13.7ms
[TIMING] EnhancedMel.transcribe: audio_to_gpu=0.2ms, features=0.5ms, model=13.6ms, decode=6.2ms | TOTAL=20.5ms for 3000ms audio (RTF=0.01x)
[TIMING] stream_chunk[experiment-192bd6d7ab0f45f6a339fff5f6a5b691](live_neural): decode=0.1ms, inference=22.9ms, second_pass=0.0ms, contention=0.0ms, TOTAL=23.2ms | audio=600ms, RTF=0.04x | model=enhanced_mel, neural_total=22.5ms, model_inference=13.6ms
[TIMING] EnhancedMel.transcribe: audio_to_gpu=0.3ms, features=0.5ms, model=13.2ms, decode=6.1ms | TOTAL=20.2ms for 3000ms audio (RTF=0.01x)
[TIMING] stream_chunk[experiment-192bd6d7ab0f45f6a339fff5f6a5b691](live_neural): decode=0.1ms, inference=22.5ms, second_pass=0.0ms, contention=0.0ms, TOTAL=22.8ms | audio=600ms, RTF=0.04x | model=enhanced_mel, neural_total=22.1ms, model_inference=13.2ms
[TIMING] EnhancedMel.transcribe: audio_to_gpu=0.4ms, features=0.6ms, model=13.3ms, decode=6.8ms | TOTAL=21.1ms for 3000ms audio (RTF=0.01x)
[TIMING] stream_chunk[experiment-192bd6d7ab0f45f6a339fff5f6a5b691](live_neural): decode=0.1ms, inference=24.2ms, second_pass=0.0ms, contention=0.0ms, TOTAL=24.5ms | audio=600ms, RTF=0.04x | model=enhanced_mel, neural_total=23.9ms, model_inference=13.3ms
[TIMING] EnhancedMel.transcribe: audio_to_gpu=0.3ms, features=0.5ms, model=13.5ms, decode=6.0ms | TOTAL=20.3ms for 3000ms audio (RTF=0.01x)
[TIMING] stream_chunk[experiment-192bd6d7ab0f45f6a339fff5f6a5b691](live_neural): decode=0.1ms, inference=22.8ms, second_pass=0.0ms, contention=0.0ms, TOTAL=23.2ms | audio=600ms, RTF=0.04x | model=enhanced_mel, neural_total=22.4ms, model_inference=13.5ms
[TIMING] EnhancedMel.transcribe: audio_to_gpu=0.4ms, features=0.6ms, model=13.6ms, decode=6.2ms | TOTAL=20.8ms for 3000ms audio (RTF=0.01x)
[TIMING] stream_chunk[experiment-192bd6d7ab0f45f6a339fff5f6a5b691](live_neural): decode=0.2ms, inference=24.3ms, second_pass=0.0ms, contention=0.0ms, TOTAL=24.8ms | audio=600ms, RTF=0.04x | model=enhanced_mel, neural_total=23.8ms, model_inference=13.6ms

[CLIP_017] Pour le piano (Complete)
  excerpt: start=51.00s end=57.00s duration=6.00s gt_notes=197 rms=0.0898 peak=0.4396 crest=4.895 rms_std=0.0142
    control:
      note metrics: precision=0.850 recall=0.807 f1=0.828 matched=159/197 pred=187
      strict onset f1: 10ms=0.604 20ms=0.818 30ms=0.828
      timing metrics: offset_f1=0.818 rhythm_precision=0.981 note_value_acc=0.553 note_value_n=159 avg_beat_error=0.053
      duplicate metrics: duplicates=21 per_100_notes=11.23
      boundary metrics: gt=67 matched=61 missed=6 miss_rate=0.090
      latency: avg_chunk_ms=21.23 p95_chunk_ms=24.04 avg_rtf=0.035
      notation metrics: first_correct_ms=47.5 visible_p50_ms=354.1 visible_p95_ms=592.7 stabilize_p50_ms=2030.1 stabilize_p95_ms=2942.3 avg_revisions=2.65 matched=26 refined=26 snapshots=19
      algorithmic latency: first_correct_ms=24.0 visible_p50_ms=332.8 visible_p95_ms=569.0 stabilize_p50_ms=1815.6 stabilize_p95_ms=2409.6
      final display note metrics: precision=0.963 recall=0.797 f1=0.872 matched=157/197 pred=163
      final display strict onset f1: 10ms=0.600 20ms=0.861 30ms=0.872
      final display timing: offset_f1=0.856 rhythm_precision=0.981 note_value_acc=0.299 note_value_n=157 avg_beat_error=0.111
      final display structure: cluster_f1=0.184 onset_align_recall=0.829 avg_jaccard=0.753 exact=7/41 pred=35 over=4 under=19 pitch_conflicts=4 missed_gt=7
      threshold profiles: hit_rate=0.000 thresholds=[0.75] profiles={'fixed_baseline': 10}
    treatment:
      note metrics: precision=0.850 recall=0.807 f1=0.828 matched=159/197 pred=187
      strict onset f1: 10ms=0.604 20ms=0.818 30ms=0.828
      timing metrics: offset_f1=0.818 rhythm_precision=0.981 note_value_acc=0.553 note_value_n=159 avg_beat_error=0.053
      duplicate metrics: duplicates=21 per_100_notes=11.23
      boundary metrics: gt=67 matched=61 missed=6 miss_rate=0.090
      latency: avg_chunk_ms=23.17 p95_chunk_ms=26.69 avg_rtf=0.039
      notation metrics: first_correct_ms=48.4 visible_p50_ms=354.1 visible_p95_ms=593.2 stabilize_p50_ms=2029.3 stabilize_p95_ms=2943.1 avg_revisions=2.65 matched=26 refined=26 snapshots=19
      algorithmic latency: first_correct_ms=24.0 visible_p50_ms=332.8 visible_p95_ms=569.0 stabilize_p50_ms=1815.6 stabilize_p95_ms=2409.6
      final display note metrics: precision=0.963 recall=0.797 f1=0.872 matched=157/197 pred=163
      final display strict onset f1: 10ms=0.600 20ms=0.861 30ms=0.872
      final display timing: offset_f1=0.856 rhythm_precision=0.981 note_value_acc=0.299 note_value_n=157 avg_beat_error=0.111
      final display structure: cluster_f1=0.184 onset_align_recall=0.829 avg_jaccard=0.753 exact=7/41 pred=35 over=4 under=19 pitch_conflicts=4 missed_gt=7
      threshold profiles: hit_rate=0.000 thresholds=[0.75] profiles={'baseline_nominal': 10}
    delta treatment-control: precision=+0.000 recall=+0.000 f1=+0.000 offset_f1=+0.000 note_value_acc=+0.000 dup_per_100=+0.00 boundary_miss_rate=+0.000 p95_chunk_ms=+2.65 f1_10ms=+0.000 f1_20ms=+0.000 f1_30ms=+0.000 visible_p50_ms=-0.1 stabilize_p50_ms=-0.7 algo_visible_p50_ms=+0.0 algo_stabilize_p50_ms=+0.0 avg_revisions=+0.00 display_note_f1=+0.000 display_offset_f1=+0.000 display_cluster_f1=+0.000 display_cluster_jaccard=+0.000
    failure buckets: ['boundary_miss_failure', 'high_revision_slow_stabilization']
      boundary diagnostics: missed=6 by_arm={'control': 6, 'treatment': 6} tags={'control_boundary_miss': 6, 'no_control_coarse_candidate': 6}
        miss: pitch=70 onset=0.595s boundary_delta_ms=-5.2 control_coarse=False treatment_coarse=False retro=n/a
        miss: pitch=77 onset=0.614s boundary_delta_ms=+13.5 control_coarse=False treatment_coarse=False retro=n/a
        miss: pitch=84 onset=3.560s boundary_delta_ms=-39.6 control_coarse=False treatment_coarse=False retro=n/a
        ... 3 more missed boundary notes in diagnostics JSON
[TIMING] EnhancedMel.transcribe: audio_to_gpu=3.8ms, features=0.6ms, model=11.3ms, decode=1.4ms | TOTAL=17.1ms for 600ms audio (RTF=0.03x)
[TIMING] stream_chunk[experiment-fbf1475af41848c1a3483a8477a0a96e](live_neural): decode=0.2ms, inference=18.7ms, second_pass=0.0ms, contention=0.0ms, TOTAL=19.0ms | audio=600ms, RTF=0.03x | model=enhanced_mel, neural_total=18.3ms, model_inference=11.3ms
[TIMING] EnhancedMel.transcribe: audio_to_gpu=0.2ms, features=3.8ms, model=10.7ms, decode=2.5ms | TOTAL=17.2ms for 1200ms audio (RTF=0.01x)
[TIMING] stream_chunk[experiment-fbf1475af41848c1a3483a8477a0a96e](live_neural): decode=0.2ms, inference=19.1ms, second_pass=0.0ms, contention=0.0ms, TOTAL=19.4ms | audio=600ms, RTF=0.03x | model=enhanced_mel, neural_total=18.6ms, model_inference=10.7ms
[TIMING] EnhancedMel.transcribe: audio_to_gpu=0.1ms, features=1.9ms, model=12.4ms, decode=3.7ms | TOTAL=18.1ms for 1800ms audio (RTF=0.01x)
[TIMING] stream_chunk[experiment-fbf1475af41848c1a3483a8477a0a96e](live_neural): decode=0.1ms, inference=20.2ms, second_pass=0.0ms, contention=0.0ms, TOTAL=20.5ms | audio=600ms, RTF=0.03x | model=enhanced_mel, neural_total=19.7ms, model_inference=12.4ms
[TIMING] EnhancedMel.transcribe: audio_to_gpu=0.3ms, features=0.6ms, model=19.9ms, decode=5.8ms | TOTAL=26.6ms for 2400ms audio (RTF=0.01x)
[TIMING] stream_chunk[experiment-fbf1475af41848c1a3483a8477a0a96e](live_neural): decode=0.1ms, inference=29.1ms, second_pass=0.0ms, contention=0.0ms, TOTAL=29.4ms | audio=600ms, RTF=0.05x | model=enhanced_mel, neural_total=28.6ms, model_inference=19.9ms
[TIMING] EnhancedMel.transcribe: audio_to_gpu=0.2ms, features=0.5ms, model=12.0ms, decode=5.8ms | TOTAL=18.5ms for 3000ms audio (RTF=0.01x)
[TIMING] stream_chunk[experiment-fbf1475af41848c1a3483a8477a0a96e](live_neural): decode=0.1ms, inference=21.6ms, second_pass=0.0ms, contention=0.0ms, TOTAL=22.0ms | audio=600ms, RTF=0.04x | model=enhanced_mel, neural_total=21.1ms, model_inference=12.0ms
[TIMING] EnhancedMel.transcribe: audio_to_gpu=0.3ms, features=0.5ms, model=15.1ms, decode=5.7ms | TOTAL=21.6ms for 3000ms audio (RTF=0.01x)
[TIMING] stream_chunk[experiment-fbf1475af41848c1a3483a8477a0a96e](live_neural): decode=0.1ms, inference=24.5ms, second_pass=0.0ms, contention=0.0ms, TOTAL=24.8ms | audio=600ms, RTF=0.04x | model=enhanced_mel, neural_total=24.1ms, model_inference=15.1ms
[TIMING] EnhancedMel.transcribe: audio_to_gpu=0.2ms, features=0.5ms, model=12.4ms, decode=5.7ms | TOTAL=18.8ms for 3000ms audio (RTF=0.01x)
[TIMING] stream_chunk[experiment-fbf1475af41848c1a3483a8477a0a96e](live_neural): decode=0.1ms, inference=22.5ms, second_pass=0.0ms, contention=0.0ms, TOTAL=22.8ms | audio=600ms, RTF=0.04x | model=enhanced_mel, neural_total=22.2ms, model_inference=12.4ms
[TIMING] EnhancedMel.transcribe: audio_to_gpu=0.2ms, features=0.8ms, model=14.3ms, decode=6.9ms | TOTAL=22.2ms for 3000ms audio (RTF=0.01x)
[TIMING] stream_chunk[experiment-fbf1475af41848c1a3483a8477a0a96e](live_neural): decode=0.1ms, inference=24.7ms, second_pass=0.0ms, contention=0.0ms, TOTAL=24.9ms | audio=600ms, RTF=0.04x | model=enhanced_mel, neural_total=24.3ms, model_inference=14.3ms
[TIMING] EnhancedMel.transcribe: audio_to_gpu=0.3ms, features=0.5ms, model=11.9ms, decode=5.7ms | TOTAL=18.5ms for 3000ms audio (RTF=0.01x)
[TIMING] stream_chunk[experiment-fbf1475af41848c1a3483a8477a0a96e](live_neural): decode=0.1ms, inference=20.7ms, second_pass=0.0ms, contention=0.0ms, TOTAL=20.9ms | audio=600ms, RTF=0.03x | model=enhanced_mel, neural_total=20.3ms, model_inference=11.9ms
[TIMING] EnhancedMel.transcribe: audio_to_gpu=0.3ms, features=0.6ms, model=16.2ms, decode=5.8ms | TOTAL=22.9ms for 3000ms audio (RTF=0.01x)
[TIMING] stream_chunk[experiment-fbf1475af41848c1a3483a8477a0a96e](live_neural): decode=0.1ms, inference=25.1ms, second_pass=0.0ms, contention=0.0ms, TOTAL=25.4ms | audio=600ms, RTF=0.04x | model=enhanced_mel, neural_total=24.8ms, model_inference=16.2ms
[TIMING] EnhancedMel.transcribe: audio_to_gpu=0.5ms, features=0.5ms, model=10.2ms, decode=1.4ms | TOTAL=12.5ms for 600ms audio (RTF=0.02x)
[TIMING] stream_chunk[experiment-be9fd45910b4436f98491fb16b400b69](live_neural): decode=0.1ms, inference=14.6ms, second_pass=0.0ms, contention=0.0ms, TOTAL=14.8ms | audio=600ms, RTF=0.02x | model=enhanced_mel, neural_total=14.2ms, model_inference=10.2ms
[TIMING] EnhancedMel.transcribe: audio_to_gpu=0.1ms, features=0.4ms, model=11.5ms, decode=2.6ms | TOTAL=14.7ms for 1200ms audio (RTF=0.01x)
[TIMING] stream_chunk[experiment-be9fd45910b4436f98491fb16b400b69](live_neural): decode=0.2ms, inference=17.2ms, second_pass=0.0ms, contention=0.0ms, TOTAL=17.5ms | audio=600ms, RTF=0.03x | model=enhanced_mel, neural_total=16.9ms, model_inference=11.5ms
[TIMING] EnhancedMel.transcribe: audio_to_gpu=0.1ms, features=0.5ms, model=11.3ms, decode=3.7ms | TOTAL=15.7ms for 1800ms audio (RTF=0.01x)
[TIMING] stream_chunk[experiment-be9fd45910b4436f98491fb16b400b69](live_neural): decode=0.1ms, inference=18.6ms, second_pass=0.0ms, contention=0.0ms, TOTAL=18.9ms | audio=600ms, RTF=0.03x | model=enhanced_mel, neural_total=18.2ms, model_inference=11.3ms
[TIMING] EnhancedMel.transcribe: audio_to_gpu=0.3ms, features=0.5ms, model=11.5ms, decode=4.8ms | TOTAL=17.1ms for 2400ms audio (RTF=0.01x)
[TIMING] stream_chunk[experiment-be9fd45910b4436f98491fb16b400b69](live_neural): decode=0.2ms, inference=19.3ms, second_pass=0.0ms, contention=0.0ms, TOTAL=19.7ms | audio=600ms, RTF=0.03x | model=enhanced_mel, neural_total=19.0ms, model_inference=11.5ms
[TIMING] EnhancedMel.transcribe: audio_to_gpu=0.2ms, features=0.5ms, model=15.2ms, decode=5.7ms | TOTAL=21.5ms for 3000ms audio (RTF=0.01x)
[TIMING] stream_chunk[experiment-be9fd45910b4436f98491fb16b400b69](live_neural): decode=0.2ms, inference=23.9ms, second_pass=0.0ms, contention=0.0ms, TOTAL=24.2ms | audio=600ms, RTF=0.04x | model=enhanced_mel, neural_total=23.5ms, model_inference=15.2ms
[TIMING] EnhancedMel.transcribe: audio_to_gpu=0.3ms, features=0.5ms, model=13.2ms, decode=5.8ms | TOTAL=19.8ms for 3000ms audio (RTF=0.01x)
[TIMING] stream_chunk[experiment-be9fd45910b4436f98491fb16b400b69](live_neural): decode=0.1ms, inference=22.3ms, second_pass=0.0ms, contention=0.0ms, TOTAL=22.6ms | audio=600ms, RTF=0.04x | model=enhanced_mel, neural_total=21.9ms, model_inference=13.2ms
[TIMING] EnhancedMel.transcribe: audio_to_gpu=0.3ms, features=0.5ms, model=12.8ms, decode=5.9ms | TOTAL=19.4ms for 3000ms audio (RTF=0.01x)
[TIMING] stream_chunk[experiment-be9fd45910b4436f98491fb16b400b69](live_neural): decode=0.1ms, inference=22.3ms, second_pass=0.0ms, contention=0.0ms, TOTAL=22.7ms | audio=600ms, RTF=0.04x | model=enhanced_mel, neural_total=21.9ms, model_inference=12.8ms
[TIMING] EnhancedMel.transcribe: audio_to_gpu=0.4ms, features=0.5ms, model=11.9ms, decode=5.8ms | TOTAL=18.6ms for 3000ms audio (RTF=0.01x)
[TIMING] stream_chunk[experiment-be9fd45910b4436f98491fb16b400b69](live_neural): decode=0.1ms, inference=21.3ms, second_pass=0.0ms, contention=0.0ms, TOTAL=21.6ms | audio=600ms, RTF=0.04x | model=enhanced_mel, neural_total=20.9ms, model_inference=11.9ms
[TIMING] EnhancedMel.transcribe: audio_to_gpu=0.3ms, features=0.6ms, model=12.3ms, decode=5.6ms | TOTAL=18.8ms for 3000ms audio (RTF=0.01x)
[TIMING] stream_chunk[experiment-be9fd45910b4436f98491fb16b400b69](live_neural): decode=0.1ms, inference=22.1ms, second_pass=0.0ms, contention=0.0ms, TOTAL=22.3ms | audio=600ms, RTF=0.04x | model=enhanced_mel, neural_total=21.7ms, model_inference=12.3ms
[TIMING] EnhancedMel.transcribe: audio_to_gpu=0.2ms, features=0.5ms, model=12.9ms, decode=6.3ms | TOTAL=19.9ms for 3000ms audio (RTF=0.01x)
[TIMING] stream_chunk[experiment-be9fd45910b4436f98491fb16b400b69](live_neural): decode=0.1ms, inference=23.1ms, second_pass=0.0ms, contention=0.0ms, TOTAL=23.4ms | audio=600ms, RTF=0.04x | model=enhanced_mel, neural_total=22.7ms, model_inference=12.9ms

[CLIP_018] Sonata in D Major, K96
  excerpt: start=9.00s end=15.00s duration=6.00s gt_notes=135 rms=0.0710 peak=0.4131 crest=5.817 rms_std=0.0138
    control:
      note metrics: precision=0.914 recall=0.948 f1=0.931 matched=128/135 pred=140
      strict onset f1: 10ms=0.851 20ms=0.924 30ms=0.931
      timing metrics: offset_f1=0.865 rhythm_precision=0.930 note_value_acc=0.852 note_value_n=128 avg_beat_error=0.024
      duplicate metrics: duplicates=9 per_100_notes=6.43
      boundary metrics: gt=46 matched=44 missed=2 miss_rate=0.043
      latency: avg_chunk_ms=22.92 p95_chunk_ms=27.59 avg_rtf=0.038
      notation metrics: first_correct_ms=72.2 visible_p50_ms=434.2 visible_p95_ms=613.1 stabilize_p50_ms=2076.2 stabilize_p95_ms=2424.3 avg_revisions=2.21 matched=14 refined=14 snapshots=15
      algorithmic latency: first_correct_ms=53.1 visible_p50_ms=415.0 visible_p95_ms=587.2 stabilize_p50_ms=1946.0 stabilize_p95_ms=2299.3
      final display note metrics: precision=0.977 recall=0.941 f1=0.958 matched=127/135 pred=130
      final display strict onset f1: 10ms=0.868 20ms=0.951 30ms=0.958
      final display timing: offset_f1=0.891 rhythm_precision=0.929 note_value_acc=0.417 note_value_n=127 avg_beat_error=0.116
      final display structure: cluster_f1=0.659 onset_align_recall=0.932 avg_jaccard=0.885 exact=28/44 pred=41 over=5 under=6 pitch_conflicts=2 missed_gt=3
      threshold profiles: hit_rate=0.000 thresholds=[0.75] profiles={'fixed_baseline': 10}
    treatment:
      note metrics: precision=0.914 recall=0.948 f1=0.931 matched=128/135 pred=140
      strict onset f1: 10ms=0.851 20ms=0.924 30ms=0.931
      timing metrics: offset_f1=0.865 rhythm_precision=0.930 note_value_acc=0.852 note_value_n=128 avg_beat_error=0.024
      duplicate metrics: duplicates=9 per_100_notes=6.43
      boundary metrics: gt=46 matched=44 missed=2 miss_rate=0.043
      latency: avg_chunk_ms=20.78 p95_chunk_ms=23.88 avg_rtf=0.035
      notation metrics: first_correct_ms=67.9 visible_p50_ms=431.1 visible_p95_ms=606.1 stabilize_p50_ms=2074.9 stabilize_p95_ms=2423.5 avg_revisions=2.21 matched=14 refined=14 snapshots=15
      algorithmic latency: first_correct_ms=53.1 visible_p50_ms=415.0 visible_p95_ms=587.2 stabilize_p50_ms=1946.0 stabilize_p95_ms=2299.3
      final display note metrics: precision=0.977 recall=0.941 f1=0.958 matched=127/135 pred=130
      final display strict onset f1: 10ms=0.868 20ms=0.951 30ms=0.958
      final display timing: offset_f1=0.891 rhythm_precision=0.929 note_value_acc=0.417 note_value_n=127 avg_beat_error=0.116
      final display structure: cluster_f1=0.659 onset_align_recall=0.932 avg_jaccard=0.885 exact=28/44 pred=41 over=5 under=6 pitch_conflicts=2 missed_gt=3
      threshold profiles: hit_rate=0.000 thresholds=[0.75] profiles={'baseline_nominal': 10}
    delta treatment-control: precision=+0.000 recall=+0.000 f1=+0.000 offset_f1=+0.000 note_value_acc=+0.000 dup_per_100=+0.00 boundary_miss_rate=+0.000 p95_chunk_ms=-3.71 f1_10ms=+0.000 f1_20ms=+0.000 f1_30ms=+0.000 visible_p50_ms=-3.1 stabilize_p50_ms=-1.2 algo_visible_p50_ms=+0.0 algo_stabilize_p50_ms=+0.0 avg_revisions=+0.00 display_note_f1=+0.000 display_offset_f1=+0.000 display_cluster_f1=+0.000 display_cluster_jaccard=+0.000
    failure buckets: ['runtime_only_win', 'boundary_miss_failure', 'high_revision_slow_stabilization']
      boundary diagnostics: missed=2 by_arm={'control': 2, 'treatment': 2} tags={'control_boundary_miss': 2, 'no_control_coarse_candidate': 2}
        miss: pitch=81 onset=4.704s boundary_delta_ms=-95.6 control_coarse=False treatment_coarse=False retro=n/a
        miss: pitch=69 onset=5.457s boundary_delta_ms=+57.0 control_coarse=False treatment_coarse=False retro=n/a
[TIMING] EnhancedMel.transcribe: audio_to_gpu=0.3ms, features=0.6ms, model=11.2ms, decode=1.4ms | TOTAL=13.5ms for 600ms audio (RTF=0.02x)
[TIMING] stream_chunk[experiment-2667885266fc4c63a614b6774ba008b5](live_neural): decode=0.2ms, inference=16.0ms, second_pass=0.0ms, contention=0.0ms, TOTAL=16.3ms | audio=600ms, RTF=0.03x | model=enhanced_mel, neural_total=15.6ms, model_inference=11.2ms
[TIMING] EnhancedMel.transcribe: audio_to_gpu=0.2ms, features=0.4ms, model=10.3ms, decode=2.6ms | TOTAL=13.5ms for 1200ms audio (RTF=0.01x)
[TIMING] stream_chunk[experiment-2667885266fc4c63a614b6774ba008b5](live_neural): decode=0.2ms, inference=16.1ms, second_pass=0.0ms, contention=0.0ms, TOTAL=16.4ms | audio=600ms, RTF=0.03x | model=enhanced_mel, neural_total=15.8ms, model_inference=10.3ms
[TIMING] EnhancedMel.transcribe: audio_to_gpu=0.2ms, features=0.4ms, model=11.9ms, decode=3.6ms | TOTAL=16.1ms for 1800ms audio (RTF=0.01x)
[TIMING] stream_chunk[experiment-2667885266fc4c63a614b6774ba008b5](live_neural): decode=0.2ms, inference=18.5ms, second_pass=0.0ms, contention=0.0ms, TOTAL=18.9ms | audio=600ms, RTF=0.03x | model=enhanced_mel, neural_total=18.0ms, model_inference=11.9ms
[TIMING] EnhancedMel.transcribe: audio_to_gpu=0.2ms, features=0.5ms, model=12.4ms, decode=4.7ms | TOTAL=17.8ms for 2400ms audio (RTF=0.01x)
[TIMING] stream_chunk[experiment-2667885266fc4c63a614b6774ba008b5](live_neural): decode=0.1ms, inference=20.9ms, second_pass=0.0ms, contention=0.0ms, TOTAL=21.2ms | audio=600ms, RTF=0.04x | model=enhanced_mel, neural_total=20.5ms, model_inference=12.4ms
[TIMING] EnhancedMel.transcribe: audio_to_gpu=0.3ms, features=0.6ms, model=13.7ms, decode=5.9ms | TOTAL=20.6ms for 3000ms audio (RTF=0.01x)
[TIMING] stream_chunk[experiment-2667885266fc4c63a614b6774ba008b5](live_neural): decode=0.1ms, inference=23.0ms, second_pass=0.0ms, contention=0.0ms, TOTAL=23.3ms | audio=600ms, RTF=0.04x | model=enhanced_mel, neural_total=22.7ms, model_inference=13.7ms
[TIMING] EnhancedMel.transcribe: audio_to_gpu=0.3ms, features=0.5ms, model=12.6ms, decode=6.1ms | TOTAL=19.5ms for 3000ms audio (RTF=0.01x)
[TIMING] stream_chunk[experiment-2667885266fc4c63a614b6774ba008b5](live_neural): decode=0.1ms, inference=21.9ms, second_pass=0.0ms, contention=0.0ms, TOTAL=22.2ms | audio=600ms, RTF=0.04x | model=enhanced_mel, neural_total=21.5ms, model_inference=12.6ms
[TIMING] EnhancedMel.transcribe: audio_to_gpu=0.3ms, features=0.5ms, model=12.1ms, decode=6.1ms | TOTAL=19.0ms for 3000ms audio (RTF=0.01x)
[TIMING] stream_chunk[experiment-2667885266fc4c63a614b6774ba008b5](live_neural): decode=0.1ms, inference=21.5ms, second_pass=0.0ms, contention=0.0ms, TOTAL=21.8ms | audio=600ms, RTF=0.04x | model=enhanced_mel, neural_total=21.0ms, model_inference=12.1ms
[TIMING] EnhancedMel.transcribe: audio_to_gpu=0.3ms, features=0.5ms, model=11.9ms, decode=6.3ms | TOTAL=19.0ms for 3000ms audio (RTF=0.01x)
[TIMING] stream_chunk[experiment-2667885266fc4c63a614b6774ba008b5](live_neural): decode=0.1ms, inference=21.4ms, second_pass=0.0ms, contention=0.0ms, TOTAL=21.9ms | audio=600ms, RTF=0.04x | model=enhanced_mel, neural_total=20.9ms, model_inference=11.9ms
[TIMING] EnhancedMel.transcribe: audio_to_gpu=0.2ms, features=0.5ms, model=11.8ms, decode=6.0ms | TOTAL=18.5ms for 3000ms audio (RTF=0.01x)
[TIMING] stream_chunk[experiment-2667885266fc4c63a614b6774ba008b5](live_neural): decode=0.1ms, inference=20.9ms, second_pass=0.0ms, contention=0.0ms, TOTAL=21.2ms | audio=600ms, RTF=0.04x | model=enhanced_mel, neural_total=20.5ms, model_inference=11.8ms
[TIMING] EnhancedMel.transcribe: audio_to_gpu=0.3ms, features=0.7ms, model=18.3ms, decode=6.1ms | TOTAL=25.5ms for 3000ms audio (RTF=0.01x)
[TIMING] stream_chunk[experiment-2667885266fc4c63a614b6774ba008b5](live_neural): decode=0.1ms, inference=28.2ms, second_pass=0.0ms, contention=0.0ms, TOTAL=28.5ms | audio=600ms, RTF=0.05x | model=enhanced_mel, neural_total=27.7ms, model_inference=18.3ms
[TIMING] EnhancedMel.transcribe: audio_to_gpu=0.5ms, features=0.6ms, model=9.7ms, decode=1.5ms | TOTAL=12.3ms for 600ms audio (RTF=0.02x)
[TIMING] stream_chunk[experiment-f724379d1c574dc9b73dba7b54236d0b](live_neural): decode=0.1ms, inference=16.0ms, second_pass=0.0ms, contention=0.0ms, TOTAL=16.2ms | audio=600ms, RTF=0.03x | model=enhanced_mel, neural_total=15.5ms, model_inference=9.7ms
[TIMING] EnhancedMel.transcribe: audio_to_gpu=0.2ms, features=0.4ms, model=10.0ms, decode=2.7ms | TOTAL=13.3ms for 1200ms audio (RTF=0.01x)
[TIMING] stream_chunk[experiment-f724379d1c574dc9b73dba7b54236d0b](live_neural): decode=0.1ms, inference=15.1ms, second_pass=0.0ms, contention=0.0ms, TOTAL=15.4ms | audio=600ms, RTF=0.03x | model=enhanced_mel, neural_total=14.7ms, model_inference=10.0ms
[TIMING] EnhancedMel.transcribe: audio_to_gpu=0.3ms, features=3.7ms, model=11.5ms, decode=3.6ms | TOTAL=19.1ms for 1800ms audio (RTF=0.01x)
[TIMING] stream_chunk[experiment-f724379d1c574dc9b73dba7b54236d0b](live_neural): decode=0.1ms, inference=21.1ms, second_pass=0.0ms, contention=0.0ms, TOTAL=21.4ms | audio=600ms, RTF=0.04x | model=enhanced_mel, neural_total=20.7ms, model_inference=11.5ms
[TIMING] EnhancedMel.transcribe: audio_to_gpu=0.4ms, features=0.6ms, model=11.7ms, decode=4.9ms | TOTAL=17.6ms for 2400ms audio (RTF=0.01x)
[TIMING] stream_chunk[experiment-f724379d1c574dc9b73dba7b54236d0b](live_neural): decode=0.1ms, inference=21.1ms, second_pass=0.0ms, contention=0.0ms, TOTAL=21.5ms | audio=600ms, RTF=0.04x | model=enhanced_mel, neural_total=20.7ms, model_inference=11.7ms
[TIMING] EnhancedMel.transcribe: audio_to_gpu=0.2ms, features=0.4ms, model=11.9ms, decode=6.0ms | TOTAL=18.5ms for 3000ms audio (RTF=0.01x)
[TIMING] stream_chunk[experiment-f724379d1c574dc9b73dba7b54236d0b](live_neural): decode=0.1ms, inference=21.1ms, second_pass=0.0ms, contention=0.0ms, TOTAL=21.6ms | audio=600ms, RTF=0.04x | model=enhanced_mel, neural_total=20.6ms, model_inference=11.9ms
[TIMING] EnhancedMel.transcribe: audio_to_gpu=0.2ms, features=0.4ms, model=11.6ms, decode=5.9ms | TOTAL=18.1ms for 3000ms audio (RTF=0.01x)
[TIMING] stream_chunk[experiment-f724379d1c574dc9b73dba7b54236d0b](live_neural): decode=0.1ms, inference=21.2ms, second_pass=0.0ms, contention=0.0ms, TOTAL=21.6ms | audio=600ms, RTF=0.04x | model=enhanced_mel, neural_total=20.7ms, model_inference=11.6ms
[TIMING] EnhancedMel.transcribe: audio_to_gpu=0.3ms, features=0.5ms, model=14.9ms, decode=6.6ms | TOTAL=22.3ms for 3000ms audio (RTF=0.01x)
[TIMING] stream_chunk[experiment-f724379d1c574dc9b73dba7b54236d0b](live_neural): decode=0.1ms, inference=25.2ms, second_pass=0.0ms, contention=0.0ms, TOTAL=25.6ms | audio=600ms, RTF=0.04x | model=enhanced_mel, neural_total=24.7ms, model_inference=14.9ms
[TIMING] EnhancedMel.transcribe: audio_to_gpu=0.4ms, features=0.5ms, model=13.4ms, decode=7.3ms | TOTAL=21.6ms for 3000ms audio (RTF=0.01x)
[TIMING] stream_chunk[experiment-f724379d1c574dc9b73dba7b54236d0b](live_neural): decode=0.1ms, inference=25.2ms, second_pass=0.0ms, contention=0.0ms, TOTAL=25.6ms | audio=600ms, RTF=0.04x | model=enhanced_mel, neural_total=24.8ms, model_inference=13.4ms
[TIMING] EnhancedMel.transcribe: audio_to_gpu=0.3ms, features=0.5ms, model=12.1ms, decode=6.3ms | TOTAL=19.3ms for 3000ms audio (RTF=0.01x)
[TIMING] stream_chunk[experiment-f724379d1c574dc9b73dba7b54236d0b](live_neural): decode=0.1ms, inference=21.8ms, second_pass=0.0ms, contention=0.0ms, TOTAL=22.1ms | audio=600ms, RTF=0.04x | model=enhanced_mel, neural_total=21.3ms, model_inference=12.1ms
[TIMING] EnhancedMel.transcribe: audio_to_gpu=0.2ms, features=0.5ms, model=12.1ms, decode=6.5ms | TOTAL=19.3ms for 3000ms audio (RTF=0.01x)
[TIMING] stream_chunk[experiment-f724379d1c574dc9b73dba7b54236d0b](live_neural): decode=0.1ms, inference=22.8ms, second_pass=0.0ms, contention=0.0ms, TOTAL=23.2ms | audio=600ms, RTF=0.04x | model=enhanced_mel, neural_total=22.4ms, model_inference=12.1ms

[CLIP_019] Concert Etude No. 2, "Gnomenreigen", S. 145/2
  excerpt: start=63.00s end=69.00s duration=6.00s gt_notes=178 rms=0.1284 peak=0.5428 crest=4.227 rms_std=0.0274
    control:
      note metrics: precision=0.931 recall=0.831 f1=0.878 matched=148/178 pred=159
      strict onset f1: 10ms=0.742 20ms=0.866 30ms=0.878
      timing metrics: offset_f1=0.866 rhythm_precision=0.986 note_value_acc=0.777 note_value_n=148 avg_beat_error=0.025
      duplicate metrics: duplicates=7 per_100_notes=4.40
      boundary metrics: gt=55 matched=48 missed=7 miss_rate=0.127
      latency: avg_chunk_ms=21.18 p95_chunk_ms=26.18 avg_rtf=0.035
      notation metrics: first_correct_ms=51.4 visible_p50_ms=342.2 visible_p95_ms=618.8 stabilize_p50_ms=1551.1 stabilize_p95_ms=2049.9 avg_revisions=1.68 matched=63 refined=63 snapshots=21
      algorithmic latency: first_correct_ms=29.9 visible_p50_ms=320.1 visible_p95_ms=596.7 stabilize_p50_ms=1103.9 stabilize_p95_ms=1591.6
      final display note metrics: precision=0.973 recall=0.820 f1=0.890 matched=146/178 pred=150
      final display strict onset f1: 10ms=0.756 20ms=0.878 30ms=0.890
      final display timing: offset_f1=0.878 rhythm_precision=0.986 note_value_acc=0.267 note_value_n=146 avg_beat_error=0.102
      final display structure: cluster_f1=0.523 onset_align_recall=0.897 avg_jaccard=0.790 exact=39/78 pred=71 over=8 under=19 pitch_conflicts=4 missed_gt=8
      threshold profiles: hit_rate=0.000 thresholds=[0.75] profiles={'fixed_baseline': 10}
    treatment:
      note metrics: precision=0.861 recall=0.904 f1=0.882 matched=161/178 pred=187
      strict onset f1: 10ms=0.734 20ms=0.866 30ms=0.882
      timing metrics: offset_f1=0.871 rhythm_precision=0.988 note_value_acc=0.776 note_value_n=161 avg_beat_error=0.024
      duplicate metrics: duplicates=8 per_100_notes=4.28
      boundary metrics: gt=55 matched=50 missed=5 miss_rate=0.091
      latency: avg_chunk_ms=21.42 p95_chunk_ms=25.62 avg_rtf=0.036
      notation metrics: first_correct_ms=59.2 visible_p50_ms=348.7 visible_p95_ms=614.6 stabilize_p50_ms=1208.6 stabilize_p95_ms=1897.2 avg_revisions=1.17 matched=63 refined=63 snapshots=21
      algorithmic latency: first_correct_ms=43.7 visible_p50_ms=327.3 visible_p95_ms=590.0 stabilize_p50_ms=753.9 stabilize_p95_ms=1450.3
      final display note metrics: precision=0.908 recall=0.888 f1=0.898 matched=158/178 pred=174
      final display strict onset f1: 10ms=0.744 20ms=0.881 30ms=0.898
      final display timing: offset_f1=0.886 rhythm_precision=0.987 note_value_acc=0.354 note_value_n=158 avg_beat_error=0.096
      final display structure: cluster_f1=0.490 onset_align_recall=0.923 avg_jaccard=0.765 exact=37/78 pred=73 over=13 under=15 pitch_conflicts=7 missed_gt=6
      threshold profiles: hit_rate=1.000 thresholds=[0.46] profiles={'loud_dense_precision': 10}
    delta treatment-control: precision=-0.070 recall=+0.073 f1=+0.004 offset_f1=+0.005 note_value_acc=-0.001 dup_per_100=-0.12 boundary_miss_rate=-0.036 p95_chunk_ms=-0.57 f1_10ms=-0.008 f1_20ms=-0.001 f1_30ms=+0.004 visible_p50_ms=+6.5 stabilize_p50_ms=-342.5 algo_visible_p50_ms=+7.3 algo_stabilize_p50_ms=-350.0 avg_revisions=-0.51 display_note_f1=+0.007 display_offset_f1=+0.008 display_cluster_f1=-0.033 display_cluster_jaccard=-0.025
    failure buckets: ['boundary_miss_failure', 'high_revision_slow_stabilization']
      boundary diagnostics: missed=7 by_arm={'control': 7, 'treatment': 5} tags={'control_boundary_miss': 7, 'no_control_coarse_candidate': 7, 'treatment_recovers_boundary_note': 2}
        miss: pitch=73 onset=0.659s boundary_delta_ms=+58.9 control_coarse=False treatment_coarse=False retro=n/a
        miss: pitch=87 onset=1.128s boundary_delta_ms=-72.4 control_coarse=False treatment_coarse=False retro=n/a
        miss: pitch=88 onset=2.467s boundary_delta_ms=+67.4 control_coarse=False treatment_coarse=True retro=n/a
        ... 4 more missed boundary notes in diagnostics JSON
[TIMING] EnhancedMel.transcribe: audio_to_gpu=0.3ms, features=0.6ms, model=10.9ms, decode=1.4ms | TOTAL=13.2ms for 600ms audio (RTF=0.02x)
[TIMING] stream_chunk[experiment-adcd8e3e9e4443deb352ce653a44bf5f](live_neural): decode=0.2ms, inference=15.1ms, second_pass=0.0ms, contention=0.0ms, TOTAL=15.4ms | audio=600ms, RTF=0.03x | model=enhanced_mel, neural_total=14.6ms, model_inference=10.9ms
[TIMING] EnhancedMel.transcribe: audio_to_gpu=0.2ms, features=0.4ms, model=10.4ms, decode=2.5ms | TOTAL=13.4ms for 1200ms audio (RTF=0.01x)
[TIMING] stream_chunk[experiment-adcd8e3e9e4443deb352ce653a44bf5f](live_neural): decode=0.1ms, inference=15.3ms, second_pass=0.0ms, contention=0.0ms, TOTAL=15.6ms | audio=600ms, RTF=0.03x | model=enhanced_mel, neural_total=14.9ms, model_inference=10.4ms
[TIMING] EnhancedMel.transcribe: audio_to_gpu=0.5ms, features=0.5ms, model=11.8ms, decode=3.7ms | TOTAL=16.4ms for 1800ms audio (RTF=0.01x)
[TIMING] stream_chunk[experiment-adcd8e3e9e4443deb352ce653a44bf5f](live_neural): decode=0.3ms, inference=18.8ms, second_pass=0.0ms, contention=0.0ms, TOTAL=19.2ms | audio=600ms, RTF=0.03x | model=enhanced_mel, neural_total=18.4ms, model_inference=11.8ms
[TIMING] EnhancedMel.transcribe: audio_to_gpu=0.1ms, features=0.8ms, model=12.0ms, decode=4.8ms | TOTAL=17.7ms for 2400ms audio (RTF=0.01x)
[TIMING] stream_chunk[experiment-adcd8e3e9e4443deb352ce653a44bf5f](live_neural): decode=0.1ms, inference=20.2ms, second_pass=0.0ms, contention=0.0ms, TOTAL=20.6ms | audio=600ms, RTF=0.03x | model=enhanced_mel, neural_total=19.8ms, model_inference=12.0ms
[TIMING] EnhancedMel.transcribe: audio_to_gpu=0.3ms, features=0.7ms, model=15.8ms, decode=5.9ms | TOTAL=22.7ms for 3000ms audio (RTF=0.01x)
[TIMING] stream_chunk[experiment-adcd8e3e9e4443deb352ce653a44bf5f](live_neural): decode=0.1ms, inference=25.3ms, second_pass=0.0ms, contention=0.0ms, TOTAL=25.8ms | audio=600ms, RTF=0.04x | model=enhanced_mel, neural_total=24.9ms, model_inference=15.8ms
[TIMING] EnhancedMel.transcribe: audio_to_gpu=0.4ms, features=0.5ms, model=12.1ms, decode=5.9ms | TOTAL=18.9ms for 3000ms audio (RTF=0.01x)
[TIMING] stream_chunk[experiment-adcd8e3e9e4443deb352ce653a44bf5f](live_neural): decode=0.1ms, inference=21.1ms, second_pass=0.0ms, contention=0.0ms, TOTAL=21.5ms | audio=600ms, RTF=0.04x | model=enhanced_mel, neural_total=20.8ms, model_inference=12.1ms
[TIMING] EnhancedMel.transcribe: audio_to_gpu=0.3ms, features=0.5ms, model=11.7ms, decode=6.1ms | TOTAL=18.5ms for 3000ms audio (RTF=0.01x)
[TIMING] stream_chunk[experiment-adcd8e3e9e4443deb352ce653a44bf5f](live_neural): decode=0.2ms, inference=20.9ms, second_pass=0.0ms, contention=0.0ms, TOTAL=21.2ms | audio=600ms, RTF=0.04x | model=enhanced_mel, neural_total=20.5ms, model_inference=11.7ms
[TIMING] EnhancedMel.transcribe: audio_to_gpu=0.3ms, features=0.6ms, model=13.3ms, decode=6.7ms | TOTAL=20.9ms for 3000ms audio (RTF=0.01x)
[TIMING] stream_chunk[experiment-adcd8e3e9e4443deb352ce653a44bf5f](live_neural): decode=0.1ms, inference=24.3ms, second_pass=0.0ms, contention=0.0ms, TOTAL=24.6ms | audio=600ms, RTF=0.04x | model=enhanced_mel, neural_total=23.8ms, model_inference=13.3ms
[TIMING] EnhancedMel.transcribe: audio_to_gpu=0.3ms, features=1.1ms, model=11.9ms, decode=5.9ms | TOTAL=19.2ms for 3000ms audio (RTF=0.01x)
[TIMING] stream_chunk[experiment-adcd8e3e9e4443deb352ce653a44bf5f](live_neural): decode=0.1ms, inference=21.8ms, second_pass=0.0ms, contention=0.0ms, TOTAL=22.2ms | audio=600ms, RTF=0.04x | model=enhanced_mel, neural_total=21.4ms, model_inference=11.9ms
[TIMING] EnhancedMel.transcribe: audio_to_gpu=0.3ms, features=0.5ms, model=12.3ms, decode=6.0ms | TOTAL=19.1ms for 3000ms audio (RTF=0.01x)
[TIMING] stream_chunk[experiment-adcd8e3e9e4443deb352ce653a44bf5f](live_neural): decode=0.1ms, inference=22.2ms, second_pass=0.0ms, contention=0.0ms, TOTAL=22.6ms | audio=600ms, RTF=0.04x | model=enhanced_mel, neural_total=21.7ms, model_inference=12.3ms
[TIMING] EnhancedMel.transcribe: audio_to_gpu=0.3ms, features=0.7ms, model=10.3ms, decode=1.4ms | TOTAL=12.7ms for 600ms audio (RTF=0.02x)
[TIMING] stream_chunk[experiment-bdaae66bddc24ef28e1f3e5edce34412](live_neural): decode=0.2ms, inference=14.3ms, second_pass=0.0ms, contention=0.0ms, TOTAL=14.5ms | audio=600ms, RTF=0.02x | model=enhanced_mel, neural_total=13.9ms, model_inference=10.3ms
[TIMING] EnhancedMel.transcribe: audio_to_gpu=0.2ms, features=0.7ms, model=22.0ms, decode=2.6ms | TOTAL=25.6ms for 1200ms audio (RTF=0.02x)
[TIMING] stream_chunk[experiment-bdaae66bddc24ef28e1f3e5edce34412](live_neural): decode=0.1ms, inference=27.3ms, second_pass=0.0ms, contention=0.0ms, TOTAL=27.6ms | audio=600ms, RTF=0.05x | model=enhanced_mel, neural_total=26.9ms, model_inference=22.0ms
[TIMING] EnhancedMel.transcribe: audio_to_gpu=0.2ms, features=0.9ms, model=16.9ms, decode=3.8ms | TOTAL=21.9ms for 1800ms audio (RTF=0.01x)
[TIMING] stream_chunk[experiment-bdaae66bddc24ef28e1f3e5edce34412](live_neural): decode=0.1ms, inference=23.8ms, second_pass=0.0ms, contention=0.0ms, TOTAL=24.1ms | audio=600ms, RTF=0.04x | model=enhanced_mel, neural_total=23.5ms, model_inference=16.9ms
[TIMING] EnhancedMel.transcribe: audio_to_gpu=0.3ms, features=0.6ms, model=11.3ms, decode=4.8ms | TOTAL=17.0ms for 2400ms audio (RTF=0.01x)
[TIMING] stream_chunk[experiment-bdaae66bddc24ef28e1f3e5edce34412](live_neural): decode=0.1ms, inference=19.3ms, second_pass=0.0ms, contention=0.0ms, TOTAL=19.6ms | audio=600ms, RTF=0.03x | model=enhanced_mel, neural_total=18.9ms, model_inference=11.3ms
[TIMING] EnhancedMel.transcribe: audio_to_gpu=0.3ms, features=0.5ms, model=11.4ms, decode=5.8ms | TOTAL=18.1ms for 3000ms audio (RTF=0.01x)
[TIMING] stream_chunk[experiment-bdaae66bddc24ef28e1f3e5edce34412](live_neural): decode=0.1ms, inference=20.5ms, second_pass=0.0ms, contention=0.0ms, TOTAL=21.0ms | audio=600ms, RTF=0.04x | model=enhanced_mel, neural_total=20.1ms, model_inference=11.4ms
[TIMING] EnhancedMel.transcribe: audio_to_gpu=0.3ms, features=0.6ms, model=11.7ms, decode=6.1ms | TOTAL=18.6ms for 3000ms audio (RTF=0.01x)
[TIMING] stream_chunk[experiment-bdaae66bddc24ef28e1f3e5edce34412](live_neural): decode=0.1ms, inference=22.1ms, second_pass=0.0ms, contention=0.0ms, TOTAL=22.6ms | audio=600ms, RTF=0.04x | model=enhanced_mel, neural_total=21.7ms, model_inference=11.7ms
[TIMING] EnhancedMel.transcribe: audio_to_gpu=0.2ms, features=0.5ms, model=12.1ms, decode=7.0ms | TOTAL=19.9ms for 3000ms audio (RTF=0.01x)
[TIMING] stream_chunk[experiment-bdaae66bddc24ef28e1f3e5edce34412](live_neural): decode=0.1ms, inference=22.4ms, second_pass=0.0ms, contention=0.0ms, TOTAL=22.7ms | audio=600ms, RTF=0.04x | model=enhanced_mel, neural_total=21.9ms, model_inference=12.1ms
[TIMING] EnhancedMel.transcribe: audio_to_gpu=0.4ms, features=0.5ms, model=11.7ms, decode=5.9ms | TOTAL=18.5ms for 3000ms audio (RTF=0.01x)
[TIMING] stream_chunk[experiment-bdaae66bddc24ef28e1f3e5edce34412](live_neural): decode=0.1ms, inference=20.9ms, second_pass=0.0ms, contention=0.0ms, TOTAL=21.2ms | audio=600ms, RTF=0.04x | model=enhanced_mel, neural_total=20.5ms, model_inference=11.7ms
[TIMING] EnhancedMel.transcribe: audio_to_gpu=0.3ms, features=0.8ms, model=11.6ms, decode=7.0ms | TOTAL=19.6ms for 3000ms audio (RTF=0.01x)
[TIMING] stream_chunk[experiment-bdaae66bddc24ef28e1f3e5edce34412](live_neural): decode=0.1ms, inference=23.0ms, second_pass=0.0ms, contention=0.0ms, TOTAL=23.4ms | audio=600ms, RTF=0.04x | model=enhanced_mel, neural_total=22.5ms, model_inference=11.6ms
[TIMING] EnhancedMel.transcribe: audio_to_gpu=0.3ms, features=0.6ms, model=13.6ms, decode=5.9ms | TOTAL=20.3ms for 3000ms audio (RTF=0.01x)
[TIMING] stream_chunk[experiment-bdaae66bddc24ef28e1f3e5edce34412](live_neural): decode=0.1ms, inference=23.5ms, second_pass=0.0ms, contention=0.0ms, TOTAL=23.9ms | audio=600ms, RTF=0.04x | model=enhanced_mel, neural_total=23.1ms, model_inference=13.6ms

[CLIP_020] Concert Etude No. 2 "Gnomenreigen"
  excerpt: start=30.00s end=36.00s duration=6.00s gt_notes=177 rms=0.0476 peak=0.3012 crest=6.327 rms_std=0.0147
    control:
      note metrics: precision=0.963 recall=0.876 f1=0.917 matched=155/177 pred=161
      strict onset f1: 10ms=0.811 20ms=0.911 30ms=0.917
      timing metrics: offset_f1=0.917 rhythm_precision=1.000 note_value_acc=0.839 note_value_n=155 avg_beat_error=0.018
      duplicate metrics: duplicates=6 per_100_notes=3.73
      boundary metrics: gt=54 matched=50 missed=4 miss_rate=0.074
      latency: avg_chunk_ms=20.86 p95_chunk_ms=25.26 avg_rtf=0.035
      notation metrics: first_correct_ms=24.5 visible_p50_ms=365.6 visible_p95_ms=603.8 stabilize_p50_ms=1312.3 stabilize_p95_ms=2059.0 avg_revisions=1.11 matched=62 refined=62 snapshots=20
      algorithmic latency: first_correct_ms=0.0 visible_p50_ms=342.6 visible_p95_ms=582.1 stabilize_p50_ms=879.2 stabilize_p95_ms=1573.8
      final display note metrics: precision=1.000 recall=0.864 f1=0.927 matched=153/177 pred=153
      final display strict onset f1: 10ms=0.812 20ms=0.921 30ms=0.927
      final display timing: offset_f1=0.927 rhythm_precision=1.000 note_value_acc=0.353 note_value_n=153 avg_beat_error=0.105
      final display structure: cluster_f1=0.636 onset_align_recall=0.924 avg_jaccard=0.849 exact=49/79 pred=75 over=5 under=16 pitch_conflicts=3 missed_gt=6
      threshold profiles: hit_rate=0.000 thresholds=[0.75] profiles={'fixed_baseline': 10}
    treatment:
      note metrics: precision=0.963 recall=0.876 f1=0.917 matched=155/177 pred=161
      strict onset f1: 10ms=0.811 20ms=0.911 30ms=0.917
      timing metrics: offset_f1=0.917 rhythm_precision=1.000 note_value_acc=0.839 note_value_n=155 avg_beat_error=0.018
      duplicate metrics: duplicates=6 per_100_notes=3.73
      boundary metrics: gt=54 matched=50 missed=4 miss_rate=0.074
      latency: avg_chunk_ms=22.08 p95_chunk_ms=26.02 avg_rtf=0.037
      notation metrics: first_correct_ms=19.7 visible_p50_ms=362.9 visible_p95_ms=601.8 stabilize_p50_ms=1311.5 stabilize_p95_ms=2058.3 avg_revisions=1.11 matched=62 refined=62 snapshots=20
      algorithmic latency: first_correct_ms=0.0 visible_p50_ms=342.6 visible_p95_ms=582.1 stabilize_p50_ms=879.2 stabilize_p95_ms=1573.8
      final display note metrics: precision=1.000 recall=0.864 f1=0.927 matched=153/177 pred=153
      final display strict onset f1: 10ms=0.812 20ms=0.921 30ms=0.927
      final display timing: offset_f1=0.927 rhythm_precision=1.000 note_value_acc=0.353 note_value_n=153 avg_beat_error=0.105
      final display structure: cluster_f1=0.636 onset_align_recall=0.924 avg_jaccard=0.849 exact=49/79 pred=75 over=5 under=16 pitch_conflicts=3 missed_gt=6
      threshold profiles: hit_rate=0.000 thresholds=[0.75] profiles={'baseline_nominal': 10}
    delta treatment-control: precision=+0.000 recall=+0.000 f1=+0.000 offset_f1=+0.000 note_value_acc=+0.000 dup_per_100=+0.00 boundary_miss_rate=+0.000 p95_chunk_ms=+0.76 f1_10ms=+0.000 f1_20ms=+0.000 f1_30ms=+0.000 visible_p50_ms=-2.7 stabilize_p50_ms=-0.8 algo_visible_p50_ms=+0.0 algo_stabilize_p50_ms=+0.0 avg_revisions=+0.00 display_note_f1=+0.000 display_offset_f1=+0.000 display_cluster_f1=+0.000 display_cluster_jaccard=+0.000C:\Users\ToniH\Documents\GitHub\LiveScore\backend\rhythm_training\train_enhanced_mel_transcriber.py:643: RuntimeWarning: Mean of empty slice.
  pooled = note_value_probs[onset_f:offset_f, key, :].mean(axis=0)
C:\Users\ToniH\Documents\GitHub\LiveScore\backend\env\Lib\site-packages\numpy\_core\_methods.py:137: RuntimeWarning: invalid value encountered in divide
  ret = um.true_divide(

    failure buckets: ['boundary_miss_failure', 'high_revision_slow_stabilization']
      boundary diagnostics: missed=4 by_arm={'control': 4, 'treatment': 4} tags={'control_boundary_miss': 4, 'control_timing_or_quantization_drift': 1, 'no_control_coarse_candidate': 3, 'treatment_candidate_not_retained': 1}
        miss: pitch=71 onset=2.350s boundary_delta_ms=-49.7 control_coarse=False treatment_coarse=False retro=n/a
        miss: pitch=78 onset=3.624s boundary_delta_ms=+23.7 control_coarse=False treatment_coarse=False retro=n/a
        miss: pitch=71 onset=4.159s boundary_delta_ms=-41.1 control_coarse=True treatment_coarse=True retro=n/a
        ... 1 more missed boundary notes in diagnostics JSON
[TIMING] EnhancedMel.transcribe: audio_to_gpu=0.5ms, features=0.5ms, model=10.0ms, decode=1.3ms | TOTAL=12.3ms for 600ms audio (RTF=0.02x)
[TIMING] stream_chunk[experiment-42cbab17da03438cafee1f2fa3fccbd3](live_neural): decode=0.2ms, inference=13.8ms, second_pass=0.0ms, contention=0.0ms, TOTAL=14.0ms | audio=600ms, RTF=0.02x | model=enhanced_mel, neural_total=13.4ms, model_inference=10.0ms
[TIMING] EnhancedMel.transcribe: audio_to_gpu=0.1ms, features=0.3ms, model=11.3ms, decode=2.3ms | TOTAL=14.0ms for 1200ms audio (RTF=0.01x)
[TIMING] stream_chunk[experiment-42cbab17da03438cafee1f2fa3fccbd3](live_neural): decode=0.1ms, inference=15.9ms, second_pass=0.0ms, contention=0.0ms, TOTAL=16.1ms | audio=600ms, RTF=0.03x | model=enhanced_mel, neural_total=15.4ms, model_inference=11.3ms
[TIMING] EnhancedMel.transcribe: audio_to_gpu=0.2ms, features=0.4ms, model=12.4ms, decode=3.3ms | TOTAL=16.2ms for 1800ms audio (RTF=0.01x)
[TIMING] stream_chunk[experiment-42cbab17da03438cafee1f2fa3fccbd3](live_neural): decode=0.1ms, inference=18.3ms, second_pass=0.0ms, contention=0.0ms, TOTAL=18.5ms | audio=600ms, RTF=0.03x | model=enhanced_mel, neural_total=17.8ms, model_inference=12.4ms
[TIMING] EnhancedMel.transcribe: audio_to_gpu=0.3ms, features=0.4ms, model=11.3ms, decode=5.5ms | TOTAL=17.5ms for 2400ms audio (RTF=0.01x)
[TIMING] stream_chunk[experiment-42cbab17da03438cafee1f2fa3fccbd3](live_neural): decode=0.1ms, inference=20.4ms, second_pass=0.0ms, contention=0.0ms, TOTAL=20.7ms | audio=600ms, RTF=0.03x | model=enhanced_mel, neural_total=19.3ms, model_inference=11.3ms
[TIMING] EnhancedMel.transcribe: audio_to_gpu=0.2ms, features=0.5ms, model=12.0ms, decode=5.5ms | TOTAL=18.2ms for 3000ms audio (RTF=0.01x)
[TIMING] stream_chunk[experiment-42cbab17da03438cafee1f2fa3fccbd3](live_neural): decode=0.1ms, inference=21.0ms, second_pass=0.0ms, contention=0.0ms, TOTAL=21.3ms | audio=600ms, RTF=0.04x | model=enhanced_mel, neural_total=20.6ms, model_inference=12.0ms
[TIMING] EnhancedMel.transcribe: audio_to_gpu=0.3ms, features=0.5ms, model=11.9ms, decode=5.7ms | TOTAL=18.4ms for 3000ms audio (RTF=0.01x)
[TIMING] stream_chunk[experiment-42cbab17da03438cafee1f2fa3fccbd3](live_neural): decode=0.1ms, inference=22.0ms, second_pass=0.0ms, contention=0.0ms, TOTAL=22.3ms | audio=600ms, RTF=0.04x | model=enhanced_mel, neural_total=21.6ms, model_inference=11.9ms
[TIMING] EnhancedMel.transcribe: audio_to_gpu=0.3ms, features=0.6ms, model=18.0ms, decode=6.8ms | TOTAL=25.7ms for 3000ms audio (RTF=0.01x)
[TIMING] stream_chunk[experiment-42cbab17da03438cafee1f2fa3fccbd3](live_neural): decode=0.1ms, inference=28.5ms, second_pass=0.0ms, contention=0.0ms, TOTAL=29.0ms | audio=600ms, RTF=0.05x | model=enhanced_mel, neural_total=27.9ms, model_inference=18.0ms
[TIMING] EnhancedMel.transcribe: audio_to_gpu=0.3ms, features=0.5ms, model=11.9ms, decode=5.9ms | TOTAL=18.6ms for 3000ms audio (RTF=0.01x)
[TIMING] stream_chunk[experiment-42cbab17da03438cafee1f2fa3fccbd3](live_neural): decode=0.1ms, inference=21.0ms, second_pass=0.0ms, contention=0.0ms, TOTAL=21.4ms | audio=600ms, RTF=0.04x | model=enhanced_mel, neural_total=20.6ms, model_inference=11.9ms
[TIMING] EnhancedMel.transcribe: audio_to_gpu=0.3ms, features=0.6ms, model=12.0ms, decode=6.4ms | TOTAL=19.3ms for 3000ms audio (RTF=0.01x)
[TIMING] stream_chunk[experiment-42cbab17da03438cafee1f2fa3fccbd3](live_neural): decode=0.3ms, inference=22.6ms, second_pass=0.0ms, contention=0.0ms, TOTAL=23.1ms | audio=600ms, RTF=0.04x | model=enhanced_mel, neural_total=22.2ms, model_inference=12.0ms
[TIMING] EnhancedMel.transcribe: audio_to_gpu=0.3ms, features=0.5ms, model=11.7ms, decode=5.9ms | TOTAL=18.3ms for 3000ms audio (RTF=0.01x)
[TIMING] stream_chunk[experiment-42cbab17da03438cafee1f2fa3fccbd3](live_neural): decode=0.1ms, inference=20.8ms, second_pass=0.0ms, contention=0.0ms, TOTAL=21.1ms | audio=600ms, RTF=0.04x | model=enhanced_mel, neural_total=20.4ms, model_inference=11.7ms
[TIMING] EnhancedMel.transcribe: audio_to_gpu=0.4ms, features=0.5ms, model=12.1ms, decode=1.3ms | TOTAL=14.3ms for 600ms audio (RTF=0.02x)
[TIMING] stream_chunk[experiment-ce7f12d1c2334a37b318ae4906c40f08](live_neural): decode=0.2ms, inference=15.9ms, second_pass=0.0ms, contention=0.0ms, TOTAL=16.2ms | audio=600ms, RTF=0.03x | model=enhanced_mel, neural_total=15.5ms, model_inference=12.1ms
[TIMING] EnhancedMel.transcribe: audio_to_gpu=0.1ms, features=0.3ms, model=10.2ms, decode=2.3ms | TOTAL=12.9ms for 1200ms audio (RTF=0.01x)
[TIMING] stream_chunk[experiment-ce7f12d1c2334a37b318ae4906c40f08](live_neural): decode=0.2ms, inference=14.7ms, second_pass=0.0ms, contention=0.0ms, TOTAL=14.9ms | audio=600ms, RTF=0.02x | model=enhanced_mel, neural_total=14.3ms, model_inference=10.2ms
[TIMING] EnhancedMel.transcribe: audio_to_gpu=0.1ms, features=0.3ms, model=12.9ms, decode=3.3ms | TOTAL=16.7ms for 1800ms audio (RTF=0.01x)
[TIMING] stream_chunk[experiment-ce7f12d1c2334a37b318ae4906c40f08](live_neural): decode=0.1ms, inference=18.7ms, second_pass=0.0ms, contention=0.0ms, TOTAL=18.9ms | audio=600ms, RTF=0.03x | model=enhanced_mel, neural_total=18.3ms, model_inference=12.9ms
[TIMING] EnhancedMel.transcribe: audio_to_gpu=0.1ms, features=0.4ms, model=12.5ms, decode=5.4ms | TOTAL=18.4ms for 2400ms audio (RTF=0.01x)
[TIMING] stream_chunk[experiment-ce7f12d1c2334a37b318ae4906c40f08](live_neural): decode=0.1ms, inference=20.8ms, second_pass=0.0ms, contention=0.0ms, TOTAL=21.1ms | audio=600ms, RTF=0.04x | model=enhanced_mel, neural_total=20.4ms, model_inference=12.5ms
[TIMING] EnhancedMel.transcribe: audio_to_gpu=0.2ms, features=0.5ms, model=12.9ms, decode=5.5ms | TOTAL=19.1ms for 3000ms audio (RTF=0.01x)
[TIMING] stream_chunk[experiment-ce7f12d1c2334a37b318ae4906c40f08](live_neural): decode=0.1ms, inference=21.5ms, second_pass=0.0ms, contention=0.0ms, TOTAL=21.9ms | audio=600ms, RTF=0.04x | model=enhanced_mel, neural_total=21.1ms, model_inference=12.9ms
[TIMING] EnhancedMel.transcribe: audio_to_gpu=0.3ms, features=0.7ms, model=11.5ms, decode=6.2ms | TOTAL=18.7ms for 3000ms audio (RTF=0.01x)
[TIMING] stream_chunk[experiment-ce7f12d1c2334a37b318ae4906c40f08](live_neural): decode=0.1ms, inference=21.2ms, second_pass=0.0ms, contention=0.0ms, TOTAL=21.6ms | audio=600ms, RTF=0.04x | model=enhanced_mel, neural_total=20.7ms, model_inference=11.5ms
[TIMING] EnhancedMel.transcribe: audio_to_gpu=0.3ms, features=0.5ms, model=13.0ms, decode=6.1ms | TOTAL=19.9ms for 3000ms audio (RTF=0.01x)
[TIMING] stream_chunk[experiment-ce7f12d1c2334a37b318ae4906c40f08](live_neural): decode=0.1ms, inference=22.5ms, second_pass=0.0ms, contention=0.0ms, TOTAL=22.8ms | audio=600ms, RTF=0.04x | model=enhanced_mel, neural_total=22.0ms, model_inference=13.0ms
[TIMING] EnhancedMel.transcribe: audio_to_gpu=0.3ms, features=0.5ms, model=11.7ms, decode=6.0ms | TOTAL=18.6ms for 3000ms audio (RTF=0.01x)
[TIMING] stream_chunk[experiment-ce7f12d1c2334a37b318ae4906c40f08](live_neural): decode=0.1ms, inference=21.1ms, second_pass=0.0ms, contention=0.0ms, TOTAL=21.5ms | audio=600ms, RTF=0.04x | model=enhanced_mel, neural_total=20.7ms, model_inference=11.7ms
[TIMING] EnhancedMel.transcribe: audio_to_gpu=0.2ms, features=0.5ms, model=11.9ms, decode=6.0ms | TOTAL=18.6ms for 3000ms audio (RTF=0.01x)
[TIMING] stream_chunk[experiment-ce7f12d1c2334a37b318ae4906c40f08](live_neural): decode=0.1ms, inference=21.0ms, second_pass=0.0ms, contention=0.0ms, TOTAL=21.3ms | audio=600ms, RTF=0.04x | model=enhanced_mel, neural_total=20.6ms, model_inference=11.9ms
[TIMING] EnhancedMel.transcribe: audio_to_gpu=0.3ms, features=0.5ms, model=11.8ms, decode=5.8ms | TOTAL=18.4ms for 3000ms audio (RTF=0.01x)
[TIMING] stream_chunk[experiment-ce7f12d1c2334a37b318ae4906c40f08](live_neural): decode=0.1ms, inference=20.9ms, second_pass=0.0ms, contention=0.0ms, TOTAL=21.3ms | audio=600ms, RTF=0.04x | model=enhanced_mel, neural_total=20.6ms, model_inference=11.8ms

[CLIP_021] Concert Etude "Gnomenreigen"
  excerpt: start=63.00s end=69.00s duration=6.00s gt_notes=141 rms=0.0904 peak=0.6430 crest=7.115 rms_std=0.0461
    control:
      note metrics: precision=0.873 recall=0.879 f1=0.876 matched=124/141 pred=142
      strict onset f1: 10ms=0.686 20ms=0.855 30ms=0.876
      timing metrics: offset_f1=0.792 rhythm_precision=0.903 note_value_acc=0.742 note_value_n=124 avg_beat_error=0.071
      duplicate metrics: duplicates=12 per_100_notes=8.45
      boundary metrics: gt=43 matched=40 missed=3 miss_rate=0.070
      latency: avg_chunk_ms=20.76 p95_chunk_ms=26.34 avg_rtf=0.035
      notation metrics: first_correct_ms=40.3 visible_p50_ms=360.8 visible_p95_ms=600.5 stabilize_p50_ms=1666.7 stabilize_p95_ms=2230.7 avg_revisions=1.57 matched=44 refined=44 snapshots=18
      algorithmic latency: first_correct_ms=18.0 visible_p50_ms=338.7 visible_p95_ms=579.1 stabilize_p50_ms=1247.9 stabilize_p95_ms=1757.4
      final display note metrics: precision=0.953 recall=0.858 f1=0.903 matched=121/141 pred=127
      final display strict onset f1: 10ms=0.679 20ms=0.873 30ms=0.903
      final display timing: offset_f1=0.813 rhythm_precision=0.901 note_value_acc=0.397 note_value_n=121 avg_beat_error=0.138
      final display structure: cluster_f1=0.564 onset_align_recall=0.949 avg_jaccard=0.841 exact=33/59 pred=58 over=4 under=15 pitch_conflicts=4 missed_gt=3
      threshold profiles: hit_rate=0.000 thresholds=[0.75] profiles={'fixed_baseline': 10}
    treatment:
      note metrics: precision=0.861 recall=0.879 f1=0.870 matched=124/141 pred=144
      strict onset f1: 10ms=0.681 20ms=0.849 30ms=0.870
      timing metrics: offset_f1=0.786 rhythm_precision=0.903 note_value_acc=0.742 note_value_n=124 avg_beat_error=0.071
      duplicate metrics: duplicates=13 per_100_notes=9.03
      boundary metrics: gt=43 matched=40 missed=3 miss_rate=0.070
      latency: avg_chunk_ms=20.15 p95_chunk_ms=22.41 avg_rtf=0.034
      notation metrics: first_correct_ms=39.5 visible_p50_ms=360.0 visible_p95_ms=600.4 stabilize_p50_ms=1642.9 stabilize_p95_ms=2229.2 avg_revisions=1.39 matched=44 refined=44 snapshots=18
      algorithmic latency: first_correct_ms=18.0 visible_p50_ms=338.7 visible_p95_ms=579.1 stabilize_p50_ms=1224.1 stabilize_p95_ms=1757.4
      final display note metrics: precision=0.945 recall=0.858 f1=0.900 matched=121/141 pred=128
      final display strict onset f1: 10ms=0.669 20ms=0.870 30ms=0.900
      final display timing: offset_f1=0.810 rhythm_precision=0.901 note_value_acc=0.413 note_value_n=121 avg_beat_error=0.134
      final display structure: cluster_f1=0.547 onset_align_recall=0.949 avg_jaccard=0.837 exact=32/59 pred=58 over=5 under=15 pitch_conflicts=4 missed_gt=3
      threshold profiles: hit_rate=0.100 thresholds=[0.46, 0.75] profiles={'baseline_nominal': 9, 'loud_dense_precision': 1}
    delta treatment-control: precision=-0.012 recall=+0.000 f1=-0.006 offset_f1=-0.006 note_value_acc=+0.000 dup_per_100=+0.58 boundary_miss_rate=+0.000 p95_chunk_ms=-3.93 f1_10ms=-0.005 f1_20ms=-0.006 f1_30ms=-0.006 visible_p50_ms=-0.8 stabilize_p50_ms=-23.7 algo_visible_p50_ms=+0.0 algo_stabilize_p50_ms=-23.8 avg_revisions=-0.18 display_note_f1=-0.003 display_offset_f1=-0.003 display_cluster_f1=-0.017 display_cluster_jaccard=-0.004
    failure buckets: ['runtime_only_win', 'boundary_miss_failure', 'high_revision_slow_stabilization']
      boundary diagnostics: missed=3 by_arm={'control': 3, 'treatment': 3} tags={'control_boundary_miss': 3, 'no_control_coarse_candidate': 3}
        miss: pitch=91 onset=2.411s boundary_delta_ms=+11.5 control_coarse=False treatment_coarse=False retro=n/a
        miss: pitch=69 onset=3.085s boundary_delta_ms=+84.6 control_coarse=False treatment_coarse=False retro=n/a
        miss: pitch=69 onset=5.466s boundary_delta_ms=+66.1 control_coarse=False treatment_coarse=False retro=n/a
[TIMING] EnhancedMel.transcribe: audio_to_gpu=0.3ms, features=0.6ms, model=9.8ms, decode=1.5ms | TOTAL=12.2ms for 600ms audio (RTF=0.02x)
[TIMING] stream_chunk[experiment-e5cb176e862c43c888524a0418c01653](live_neural): decode=0.2ms, inference=13.7ms, second_pass=0.0ms, contention=0.0ms, TOTAL=14.0ms | audio=600ms, RTF=0.02x | model=enhanced_mel, neural_total=13.3ms, model_inference=9.8ms
[TIMING] EnhancedMel.transcribe: audio_to_gpu=0.2ms, features=0.3ms, model=9.9ms, decode=2.5ms | TOTAL=12.9ms for 1200ms audio (RTF=0.01x)
[TIMING] stream_chunk[experiment-e5cb176e862c43c888524a0418c01653](live_neural): decode=0.1ms, inference=14.8ms, second_pass=0.0ms, contention=0.0ms, TOTAL=15.1ms | audio=600ms, RTF=0.03x | model=enhanced_mel, neural_total=14.4ms, model_inference=9.9ms
[TIMING] EnhancedMel.transcribe: audio_to_gpu=0.2ms, features=0.5ms, model=10.3ms, decode=3.8ms | TOTAL=14.9ms for 1800ms audio (RTF=0.01x)
[TIMING] stream_chunk[experiment-e5cb176e862c43c888524a0418c01653](live_neural): decode=0.1ms, inference=17.0ms, second_pass=0.0ms, contention=0.0ms, TOTAL=17.3ms | audio=600ms, RTF=0.03x | model=enhanced_mel, neural_total=16.6ms, model_inference=10.3ms
[TIMING] EnhancedMel.transcribe: audio_to_gpu=0.1ms, features=0.4ms, model=11.5ms, decode=4.7ms | TOTAL=16.8ms for 2400ms audio (RTF=0.01x)
[TIMING] stream_chunk[experiment-e5cb176e862c43c888524a0418c01653](live_neural): decode=0.1ms, inference=18.9ms, second_pass=0.0ms, contention=0.0ms, TOTAL=19.2ms | audio=600ms, RTF=0.03x | model=enhanced_mel, neural_total=18.6ms, model_inference=11.5ms
[TIMING] EnhancedMel.transcribe: audio_to_gpu=0.3ms, features=0.5ms, model=12.2ms, decode=6.0ms | TOTAL=19.0ms for 3000ms audio (RTF=0.01x)
[TIMING] stream_chunk[experiment-e5cb176e862c43c888524a0418c01653](live_neural): decode=0.1ms, inference=21.6ms, second_pass=0.0ms, contention=0.0ms, TOTAL=22.0ms | audio=600ms, RTF=0.04x | model=enhanced_mel, neural_total=21.1ms, model_inference=12.2ms
[TIMING] EnhancedMel.transcribe: audio_to_gpu=0.4ms, features=0.5ms, model=12.9ms, decode=7.0ms | TOTAL=20.8ms for 3000ms audio (RTF=0.01x)
[TIMING] stream_chunk[experiment-e5cb176e862c43c888524a0418c01653](live_neural): decode=0.1ms, inference=23.3ms, second_pass=0.0ms, contention=0.0ms, TOTAL=23.7ms | audio=600ms, RTF=0.04x | model=enhanced_mel, neural_total=23.0ms, model_inference=12.9ms
[TIMING] EnhancedMel.transcribe: audio_to_gpu=0.3ms, features=0.8ms, model=11.6ms, decode=6.2ms | TOTAL=19.0ms for 3000ms audio (RTF=0.01x)
[TIMING] stream_chunk[experiment-e5cb176e862c43c888524a0418c01653](live_neural): decode=0.1ms, inference=22.5ms, second_pass=0.0ms, contention=0.0ms, TOTAL=22.9ms | audio=600ms, RTF=0.04x | model=enhanced_mel, neural_total=21.9ms, model_inference=11.6ms
[TIMING] EnhancedMel.transcribe: audio_to_gpu=0.3ms, features=0.5ms, model=14.7ms, decode=5.9ms | TOTAL=21.4ms for 3000ms audio (RTF=0.01x)
[TIMING] stream_chunk[experiment-e5cb176e862c43c888524a0418c01653](live_neural): decode=0.1ms, inference=23.9ms, second_pass=0.0ms, contention=0.0ms, TOTAL=24.5ms | audio=600ms, RTF=0.04x | model=enhanced_mel, neural_total=23.5ms, model_inference=14.7ms
[TIMING] EnhancedMel.transcribe: audio_to_gpu=0.4ms, features=0.5ms, model=12.0ms, decode=6.3ms | TOTAL=19.1ms for 3000ms audio (RTF=0.01x)
[TIMING] stream_chunk[experiment-e5cb176e862c43c888524a0418c01653](live_neural): decode=0.1ms, inference=22.8ms, second_pass=0.0ms, contention=0.0ms, TOTAL=23.1ms | audio=600ms, RTF=0.04x | model=enhanced_mel, neural_total=22.5ms, model_inference=12.0ms
[TIMING] EnhancedMel.transcribe: audio_to_gpu=0.3ms, features=0.7ms, model=19.8ms, decode=5.4ms | TOTAL=26.3ms for 3000ms audio (RTF=0.01x)
[TIMING] stream_chunk[experiment-e5cb176e862c43c888524a0418c01653](live_neural): decode=0.1ms, inference=29.3ms, second_pass=0.0ms, contention=0.0ms, TOTAL=29.6ms | audio=600ms, RTF=0.05x | model=enhanced_mel, neural_total=28.9ms, model_inference=19.8ms
[TIMING] EnhancedMel.transcribe: audio_to_gpu=0.4ms, features=0.6ms, model=10.5ms, decode=1.5ms | TOTAL=13.0ms for 600ms audio (RTF=0.02x)
[TIMING] stream_chunk[experiment-cc05107f26f34bfa8787f2db55ac5d6d](live_neural): decode=0.2ms, inference=14.7ms, second_pass=0.0ms, contention=0.0ms, TOTAL=15.0ms | audio=600ms, RTF=0.02x | model=enhanced_mel, neural_total=14.2ms, model_inference=10.5ms
[TIMING] EnhancedMel.transcribe: audio_to_gpu=0.1ms, features=0.4ms, model=9.8ms, decode=2.5ms | TOTAL=12.8ms for 1200ms audio (RTF=0.01x)
[TIMING] stream_chunk[experiment-cc05107f26f34bfa8787f2db55ac5d6d](live_neural): decode=0.1ms, inference=14.8ms, second_pass=0.0ms, contention=0.0ms, TOTAL=15.0ms | audio=600ms, RTF=0.03x | model=enhanced_mel, neural_total=14.3ms, model_inference=9.8ms
[TIMING] EnhancedMel.transcribe: audio_to_gpu=0.1ms, features=0.3ms, model=11.4ms, decode=3.6ms | TOTAL=15.5ms for 1800ms audio (RTF=0.01x)
[TIMING] stream_chunk[experiment-cc05107f26f34bfa8787f2db55ac5d6d](live_neural): decode=0.1ms, inference=17.3ms, second_pass=0.0ms, contention=0.0ms, TOTAL=17.6ms | audio=600ms, RTF=0.03x | model=enhanced_mel, neural_total=17.1ms, model_inference=11.4ms
[TIMING] EnhancedMel.transcribe: audio_to_gpu=0.3ms, features=2.0ms, model=11.1ms, decode=5.6ms | TOTAL=19.1ms for 2400ms audio (RTF=0.01x)
[TIMING] stream_chunk[experiment-cc05107f26f34bfa8787f2db55ac5d6d](live_neural): decode=0.1ms, inference=22.0ms, second_pass=0.0ms, contention=0.0ms, TOTAL=22.3ms | audio=600ms, RTF=0.04x | model=enhanced_mel, neural_total=21.5ms, model_inference=11.1ms
[TIMING] EnhancedMel.transcribe: audio_to_gpu=0.4ms, features=0.6ms, model=11.8ms, decode=5.7ms | TOTAL=18.6ms for 3000ms audio (RTF=0.01x)
[TIMING] stream_chunk[experiment-cc05107f26f34bfa8787f2db55ac5d6d](live_neural): decode=0.1ms, inference=22.3ms, second_pass=0.0ms, contention=0.0ms, TOTAL=22.7ms | audio=600ms, RTF=0.04x | model=enhanced_mel, neural_total=21.8ms, model_inference=11.8ms
[TIMING] EnhancedMel.transcribe: audio_to_gpu=0.4ms, features=0.7ms, model=13.3ms, decode=5.7ms | TOTAL=20.1ms for 3000ms audio (RTF=0.01x)
[TIMING] stream_chunk[experiment-cc05107f26f34bfa8787f2db55ac5d6d](live_neural): decode=0.1ms, inference=23.8ms, second_pass=0.0ms, contention=0.0ms, TOTAL=24.3ms | audio=600ms, RTF=0.04x | model=enhanced_mel, neural_total=23.4ms, model_inference=13.3ms
[TIMING] EnhancedMel.transcribe: audio_to_gpu=0.4ms, features=0.7ms, model=12.4ms, decode=5.8ms | TOTAL=19.3ms for 3000ms audio (RTF=0.01x)
[TIMING] stream_chunk[experiment-cc05107f26f34bfa8787f2db55ac5d6d](live_neural): decode=0.2ms, inference=21.7ms, second_pass=0.0ms, contention=0.0ms, TOTAL=22.1ms | audio=600ms, RTF=0.04x | model=enhanced_mel, neural_total=21.3ms, model_inference=12.4ms
[TIMING] EnhancedMel.transcribe: audio_to_gpu=0.3ms, features=0.5ms, model=12.9ms, decode=5.7ms | TOTAL=19.5ms for 3000ms audio (RTF=0.01x)
[TIMING] stream_chunk[experiment-cc05107f26f34bfa8787f2db55ac5d6d](live_neural): decode=0.1ms, inference=22.4ms, second_pass=0.0ms, contention=0.0ms, TOTAL=22.8ms | audio=600ms, RTF=0.04x | model=enhanced_mel, neural_total=22.0ms, model_inference=12.9ms
[TIMING] EnhancedMel.transcribe: audio_to_gpu=0.6ms, features=0.7ms, model=15.4ms, decode=5.6ms | TOTAL=22.2ms for 3000ms audio (RTF=0.01x)
[TIMING] stream_chunk[experiment-cc05107f26f34bfa8787f2db55ac5d6d](live_neural): decode=0.2ms, inference=24.8ms, second_pass=0.0ms, contention=0.0ms, TOTAL=25.3ms | audio=600ms, RTF=0.04x | model=enhanced_mel, neural_total=24.4ms, model_inference=15.4ms
[TIMING] EnhancedMel.transcribe: audio_to_gpu=0.3ms, features=0.5ms, model=12.5ms, decode=5.4ms | TOTAL=18.7ms for 3000ms audio (RTF=0.01x)
[TIMING] stream_chunk[experiment-cc05107f26f34bfa8787f2db55ac5d6d](live_neural): decode=0.1ms, inference=21.0ms, second_pass=0.0ms, contention=0.0ms, TOTAL=21.3ms | audio=600ms, RTF=0.04x | model=enhanced_mel, neural_total=20.6ms, model_inference=12.5ms

[CLIP_022] Au bord d'une source
  excerpt: start=30.00s end=36.00s duration=6.00s gt_notes=137 rms=0.0340 peak=0.1971 crest=5.791 rms_std=0.0167
    control:
      note metrics: precision=0.909 recall=0.876 f1=0.892 matched=120/137 pred=132
      strict onset f1: 10ms=0.691 20ms=0.862 30ms=0.892
      timing metrics: offset_f1=0.818 rhythm_precision=0.917 note_value_acc=0.575 note_value_n=120 avg_beat_error=0.070
      duplicate metrics: duplicates=8 per_100_notes=6.06
      boundary metrics: gt=46 matched=42 missed=4 miss_rate=0.087
      latency: avg_chunk_ms=21.14 p95_chunk_ms=27.32 avg_rtf=0.035
      notation metrics: first_correct_ms=23.4 visible_p50_ms=300.8 visible_p95_ms=651.0 stabilize_p50_ms=861.4 stabilize_p95_ms=2824.1 avg_revisions=0.80 matched=20 refined=20 snapshots=19
      algorithmic latency: first_correct_ms=4.2 visible_p50_ms=277.3 visible_p95_ms=633.7 stabilize_p50_ms=643.6 stabilize_p95_ms=2400.4
      final display note metrics: precision=0.984 recall=0.876 f1=0.927 matched=120/137 pred=122
      final display strict onset f1: 10ms=0.710 20ms=0.896 30ms=0.927
      final display timing: offset_f1=0.849 rhythm_precision=0.917 note_value_acc=0.417 note_value_n=120 avg_beat_error=0.153
      final display structure: cluster_f1=0.678 onset_align_recall=1.000 avg_jaccard=0.885 exact=39/57 pred=58 over=1 under=17 pitch_conflicts=0 missed_gt=0
      threshold profiles: hit_rate=0.000 thresholds=[0.75] profiles={'fixed_baseline': 10}
    treatment:
      note metrics: precision=0.910 recall=0.883 f1=0.896 matched=121/137 pred=133
      strict onset f1: 10ms=0.689 20ms=0.867 30ms=0.896
      timing metrics: offset_f1=0.822 rhythm_precision=0.917 note_value_acc=0.562 note_value_n=121 avg_beat_error=0.072
      duplicate metrics: duplicates=8 per_100_notes=6.02
      boundary metrics: gt=46 matched=42 missed=4 miss_rate=0.087
      latency: avg_chunk_ms=20.84 p95_chunk_ms=24.84 avg_rtf=0.035
      notation metrics: first_correct_ms=26.4 visible_p50_ms=327.4 visible_p95_ms=653.0 stabilize_p50_ms=1039.6 stabilize_p95_ms=2859.8 avg_revisions=0.79 matched=19 refined=19 snapshots=19
      algorithmic latency: first_correct_ms=4.2 visible_p50_ms=303.1 visible_p95_ms=635.4 stabilize_p50_ms=665.9 stabilize_p95_ms=2433.7
      final display note metrics: precision=0.984 recall=0.883 f1=0.931 matched=121/137 pred=123
      final display strict onset f1: 10ms=0.708 20ms=0.900 30ms=0.931
      final display timing: offset_f1=0.854 rhythm_precision=0.917 note_value_acc=0.430 note_value_n=121 avg_beat_error=0.146
      final display structure: cluster_f1=0.696 onset_align_recall=1.000 avg_jaccard=0.893 exact=40/57 pred=58 over=1 under=16 pitch_conflicts=0 missed_gt=0
      threshold profiles: hit_rate=0.100 thresholds=[0.71, 0.75] profiles={'baseline_nominal': 9, 'soft_sparse_recall': 1}
    delta treatment-control: precision=+0.001 recall=+0.007 f1=+0.004 offset_f1=+0.004 note_value_acc=-0.013 dup_per_100=-0.05 boundary_miss_rate=+0.000 p95_chunk_ms=-2.48 f1_10ms=-0.003 f1_20ms=+0.004 f1_30ms=+0.004 visible_p50_ms=+26.6 stabilize_p50_ms=+178.3 algo_visible_p50_ms=+25.8 algo_stabilize_p50_ms=+22.3 avg_revisions=-0.01 display_note_f1=+0.004 display_offset_f1=+0.004 display_cluster_f1=+0.017 display_cluster_jaccard=+0.009
    failure buckets: ['boundary_miss_failure', 'high_revision_slow_stabilization']
      boundary diagnostics: missed=4 by_arm={'control': 4, 'treatment': 4} tags={'control_boundary_miss': 4, 'no_control_coarse_candidate': 4}
        miss: pitch=80 onset=0.663s boundary_delta_ms=+62.8 control_coarse=False treatment_coarse=False retro=n/a
        miss: pitch=95 onset=1.784s boundary_delta_ms=-16.1 control_coarse=False treatment_coarse=False retro=n/a
        miss: pitch=95 onset=4.753s boundary_delta_ms=-47.4 control_coarse=False treatment_coarse=False retro=n/a
        ... 1 more missed boundary notes in diagnostics JSON
[TIMING] EnhancedMel.transcribe: audio_to_gpu=0.7ms, features=0.9ms, model=12.1ms, decode=1.4ms | TOTAL=15.1ms for 600ms audio (RTF=0.03x)
[TIMING] stream_chunk[experiment-09638db3ee674d8f87f2b530a21d1faf](live_neural): decode=0.2ms, inference=16.9ms, second_pass=0.0ms, contention=0.0ms, TOTAL=17.1ms | audio=600ms, RTF=0.03x | model=enhanced_mel, neural_total=16.4ms, model_inference=12.1ms
[TIMING] EnhancedMel.transcribe: audio_to_gpu=0.2ms, features=0.4ms, model=10.4ms, decode=2.6ms | TOTAL=13.7ms for 1200ms audio (RTF=0.01x)
[TIMING] stream_chunk[experiment-09638db3ee674d8f87f2b530a21d1faf](live_neural): decode=0.1ms, inference=15.4ms, second_pass=0.0ms, contention=0.0ms, TOTAL=15.6ms | audio=600ms, RTF=0.03x | model=enhanced_mel, neural_total=15.1ms, model_inference=10.4ms
[TIMING] EnhancedMel.transcribe: audio_to_gpu=0.3ms, features=0.6ms, model=18.1ms, decode=3.7ms | TOTAL=22.6ms for 1800ms audio (RTF=0.01x)
[TIMING] stream_chunk[experiment-09638db3ee674d8f87f2b530a21d1faf](live_neural): decode=0.2ms, inference=25.1ms, second_pass=0.0ms, contention=0.0ms, TOTAL=25.5ms | audio=600ms, RTF=0.04x | model=enhanced_mel, neural_total=24.7ms, model_inference=18.1ms
[TIMING] EnhancedMel.transcribe: audio_to_gpu=0.3ms, features=4.8ms, model=17.0ms, decode=5.6ms | TOTAL=27.7ms for 2400ms audio (RTF=0.01x)
[TIMING] stream_chunk[experiment-09638db3ee674d8f87f2b530a21d1faf](live_neural): decode=0.1ms, inference=30.2ms, second_pass=0.0ms, contention=0.0ms, TOTAL=30.5ms | audio=600ms, RTF=0.05x | model=enhanced_mel, neural_total=29.9ms, model_inference=17.0ms
[TIMING] EnhancedMel.transcribe: audio_to_gpu=0.4ms, features=0.6ms, model=17.6ms, decode=6.2ms | TOTAL=24.8ms for 3000ms audio (RTF=0.01x)
[TIMING] stream_chunk[experiment-09638db3ee674d8f87f2b530a21d1faf](live_neural): decode=0.1ms, inference=27.2ms, second_pass=0.0ms, contention=0.0ms, TOTAL=27.8ms | audio=600ms, RTF=0.05x | model=enhanced_mel, neural_total=26.9ms, model_inference=17.6ms
[TIMING] EnhancedMel.transcribe: audio_to_gpu=0.3ms, features=0.5ms, model=11.8ms, decode=5.8ms | TOTAL=18.4ms for 3000ms audio (RTF=0.01x)
[TIMING] stream_chunk[experiment-09638db3ee674d8f87f2b530a21d1faf](live_neural): decode=0.1ms, inference=20.8ms, second_pass=0.0ms, contention=0.0ms, TOTAL=21.2ms | audio=600ms, RTF=0.04x | model=enhanced_mel, neural_total=20.5ms, model_inference=11.8ms
[TIMING] EnhancedMel.transcribe: audio_to_gpu=0.2ms, features=2.5ms, model=19.4ms, decode=5.7ms | TOTAL=27.9ms for 3000ms audio (RTF=0.01x)
[TIMING] stream_chunk[experiment-09638db3ee674d8f87f2b530a21d1faf](live_neural): decode=0.1ms, inference=30.3ms, second_pass=0.0ms, contention=0.0ms, TOTAL=30.7ms | audio=600ms, RTF=0.05x | model=enhanced_mel, neural_total=29.9ms, model_inference=19.4ms
[TIMING] EnhancedMel.transcribe: audio_to_gpu=0.3ms, features=0.5ms, model=12.2ms, decode=6.0ms | TOTAL=19.1ms for 3000ms audio (RTF=0.01x)
[TIMING] stream_chunk[experiment-09638db3ee674d8f87f2b530a21d1faf](live_neural): decode=0.1ms, inference=22.3ms, second_pass=0.0ms, contention=0.0ms, TOTAL=22.7ms | audio=600ms, RTF=0.04x | model=enhanced_mel, neural_total=21.9ms, model_inference=12.2ms
[TIMING] EnhancedMel.transcribe: audio_to_gpu=0.3ms, features=0.6ms, model=12.5ms, decode=5.9ms | TOTAL=19.2ms for 3000ms audio (RTF=0.01x)
[TIMING] stream_chunk[experiment-09638db3ee674d8f87f2b530a21d1faf](live_neural): decode=0.1ms, inference=22.8ms, second_pass=0.0ms, contention=0.0ms, TOTAL=23.2ms | audio=600ms, RTF=0.04x | model=enhanced_mel, neural_total=22.3ms, model_inference=12.5ms
[TIMING] EnhancedMel.transcribe: audio_to_gpu=0.4ms, features=0.7ms, model=19.2ms, decode=5.8ms | TOTAL=26.0ms for 3000ms audio (RTF=0.01x)
[TIMING] stream_chunk[experiment-09638db3ee674d8f87f2b530a21d1faf](live_neural): decode=0.1ms, inference=28.5ms, second_pass=0.0ms, contention=0.0ms, TOTAL=28.9ms | audio=600ms, RTF=0.05x | model=enhanced_mel, neural_total=28.1ms, model_inference=19.2ms
[TIMING] EnhancedMel.transcribe: audio_to_gpu=0.4ms, features=0.7ms, model=20.5ms, decode=1.9ms | TOTAL=23.6ms for 600ms audio (RTF=0.04x)
[TIMING] stream_chunk[experiment-cd502a0e12e040b782d531a19f7f5072](live_neural): decode=0.2ms, inference=25.3ms, second_pass=0.0ms, contention=0.0ms, TOTAL=25.5ms | audio=600ms, RTF=0.04x | model=enhanced_mel, neural_total=24.8ms, model_inference=20.5ms
[TIMING] EnhancedMel.transcribe: audio_to_gpu=0.2ms, features=0.6ms, model=15.3ms, decode=2.6ms | TOTAL=18.7ms for 1200ms audio (RTF=0.02x)
[TIMING] stream_chunk[experiment-cd502a0e12e040b782d531a19f7f5072](live_neural): decode=0.1ms, inference=20.5ms, second_pass=0.0ms, contention=0.0ms, TOTAL=20.8ms | audio=600ms, RTF=0.03x | model=enhanced_mel, neural_total=20.2ms, model_inference=15.3ms
[TIMING] EnhancedMel.transcribe: audio_to_gpu=0.1ms, features=0.4ms, model=11.2ms, decode=3.7ms | TOTAL=15.5ms for 1800ms audio (RTF=0.01x)
[TIMING] stream_chunk[experiment-cd502a0e12e040b782d531a19f7f5072](live_neural): decode=0.1ms, inference=18.3ms, second_pass=0.0ms, contention=0.0ms, TOTAL=18.6ms | audio=600ms, RTF=0.03x | model=enhanced_mel, neural_total=18.0ms, model_inference=11.2ms
[TIMING] EnhancedMel.transcribe: audio_to_gpu=0.2ms, features=1.5ms, model=11.1ms, decode=4.9ms | TOTAL=17.7ms for 2400ms audio (RTF=0.01x)
[TIMING] stream_chunk[experiment-cd502a0e12e040b782d531a19f7f5072](live_neural): decode=0.1ms, inference=20.0ms, second_pass=0.0ms, contention=0.0ms, TOTAL=20.3ms | audio=600ms, RTF=0.03x | model=enhanced_mel, neural_total=19.6ms, model_inference=11.1ms
[TIMING] EnhancedMel.transcribe: audio_to_gpu=0.2ms, features=0.7ms, model=18.2ms, decode=5.9ms | TOTAL=25.0ms for 3000ms audio (RTF=0.01x)
[TIMING] stream_chunk[experiment-cd502a0e12e040b782d531a19f7f5072](live_neural): decode=0.1ms, inference=27.5ms, second_pass=0.0ms, contention=0.0ms, TOTAL=27.9ms | audio=600ms, RTF=0.05x | model=enhanced_mel, neural_total=27.1ms, model_inference=18.2ms
[TIMING] EnhancedMel.transcribe: audio_to_gpu=0.3ms, features=2.9ms, model=18.2ms, decode=5.9ms | TOTAL=27.3ms for 3000ms audio (RTF=0.01x)
[TIMING] stream_chunk[experiment-cd502a0e12e040b782d531a19f7f5072](live_neural): decode=0.1ms, inference=29.8ms, second_pass=0.0ms, contention=0.0ms, TOTAL=30.1ms | audio=600ms, RTF=0.05x | model=enhanced_mel, neural_total=29.4ms, model_inference=18.2ms
[TIMING] EnhancedMel.transcribe: audio_to_gpu=0.3ms, features=0.7ms, model=17.0ms, decode=5.8ms | TOTAL=23.8ms for 3000ms audio (RTF=0.01x)
[TIMING] stream_chunk[experiment-cd502a0e12e040b782d531a19f7f5072](live_neural): decode=0.1ms, inference=26.2ms, second_pass=0.0ms, contention=0.0ms, TOTAL=26.6ms | audio=600ms, RTF=0.04x | model=enhanced_mel, neural_total=25.8ms, model_inference=17.0ms
[TIMING] EnhancedMel.transcribe: audio_to_gpu=0.4ms, features=0.6ms, model=12.1ms, decode=5.9ms | TOTAL=18.9ms for 3000ms audio (RTF=0.01x)
[TIMING] stream_chunk[experiment-cd502a0e12e040b782d531a19f7f5072](live_neural): decode=0.1ms, inference=21.4ms, second_pass=0.0ms, contention=0.0ms, TOTAL=21.8ms | audio=600ms, RTF=0.04x | model=enhanced_mel, neural_total=21.0ms, model_inference=12.1ms
[TIMING] EnhancedMel.transcribe: audio_to_gpu=0.3ms, features=0.5ms, model=11.6ms, decode=5.9ms | TOTAL=18.3ms for 3000ms audio (RTF=0.01x)
[TIMING] stream_chunk[experiment-cd502a0e12e040b782d531a19f7f5072](live_neural): decode=0.1ms, inference=20.9ms, second_pass=0.0ms, contention=0.0ms, TOTAL=21.3ms | audio=600ms, RTF=0.04x | model=enhanced_mel, neural_total=20.5ms, model_inference=11.6ms
[TIMING] EnhancedMel.transcribe: audio_to_gpu=0.3ms, features=0.9ms, model=21.1ms, decode=6.4ms | TOTAL=28.7ms for 3000ms audio (RTF=0.01x)
[TIMING] stream_chunk[experiment-cd502a0e12e040b782d531a19f7f5072](live_neural): decode=0.2ms, inference=31.2ms, second_pass=0.0ms, contention=0.0ms, TOTAL=31.7ms | audio=600ms, RTF=0.05x | model=enhanced_mel, neural_total=30.8ms, model_inference=21.1ms

[CLIP_023] Etude No. 7 "Study in Chromatic Steps"
  excerpt: start=78.00s end=84.00s duration=6.00s gt_notes=137 rms=0.1020 peak=0.5496 crest=5.387 rms_std=0.0281
    control:
      note metrics: precision=0.964 recall=0.971 f1=0.967 matched=133/137 pred=138
      strict onset f1: 10ms=0.742 20ms=0.960 30ms=0.967
      timing metrics: offset_f1=0.945 rhythm_precision=0.977 note_value_acc=0.594 note_value_n=133 avg_beat_error=0.045
      duplicate metrics: duplicates=4 per_100_notes=2.90
      boundary metrics: gt=36 matched=35 missed=1 miss_rate=0.028
      latency: avg_chunk_ms=24.32 p95_chunk_ms=30.59 avg_rtf=0.040
      notation metrics: first_correct_ms=43.8 visible_p50_ms=309.2 visible_p95_ms=593.5 stabilize_p50_ms=971.0 stabilize_p95_ms=1657.2 avg_revisions=1.18 matched=68 refined=68 snapshots=20
      algorithmic latency: first_correct_ms=28.1 visible_p50_ms=278.6 visible_p95_ms=568.6 stabilize_p50_ms=521.9 stabilize_p95_ms=1330.1
      final display note metrics: precision=0.978 recall=0.956 f1=0.967 matched=131/137 pred=134
      final display strict onset f1: 10ms=0.731 20ms=0.959 30ms=0.967
      final display timing: offset_f1=0.945 rhythm_precision=0.977 note_value_acc=0.191 note_value_n=131 avg_beat_error=0.105
      final display structure: cluster_f1=0.649 onset_align_recall=0.961 avg_jaccard=0.833 exact=49/77 pred=74 over=11 under=10 pitch_conflicts=4 missed_gt=3
      threshold profiles: hit_rate=0.000 thresholds=[0.75] profiles={'fixed_baseline': 10}
    treatment:
      note metrics: precision=0.937 recall=0.978 f1=0.957 matched=134/137 pred=143
      strict onset f1: 10ms=0.736 20ms=0.950 30ms=0.957
      timing metrics: offset_f1=0.936 rhythm_precision=0.978 note_value_acc=0.597 note_value_n=134 avg_beat_error=0.044
      duplicate metrics: duplicates=4 per_100_notes=2.80
      boundary metrics: gt=36 matched=35 missed=1 miss_rate=0.028
      latency: avg_chunk_ms=24.45 p95_chunk_ms=30.96 avg_rtf=0.041
      notation metrics: first_correct_ms=48.9 visible_p50_ms=302.1 visible_p95_ms=592.3 stabilize_p50_ms=851.9 stabilize_p95_ms=1283.0 avg_revisions=1.04 matched=68 refined=68 snapshots=20
      algorithmic latency: first_correct_ms=28.1 visible_p50_ms=278.6 visible_p95_ms=568.6 stabilize_p50_ms=459.9 stabilize_p95_ms=1110.7
      final display note metrics: precision=0.950 recall=0.964 f1=0.957 matched=132/137 pred=139
      final display strict onset f1: 10ms=0.725 20ms=0.949 30ms=0.957
      final display timing: offset_f1=0.935 rhythm_precision=0.977 note_value_acc=0.197 note_value_n=132 avg_beat_error=0.100
      final display structure: cluster_f1=0.645 onset_align_recall=0.961 avg_jaccard=0.829 exact=49/77 pred=75 over=12 under=9 pitch_conflicts=4 missed_gt=3
      threshold profiles: hit_rate=0.200 thresholds=[0.46, 0.75] profiles={'baseline_nominal': 8, 'loud_dense_precision': 2}
    delta treatment-control: precision=-0.027 recall=+0.007 f1=-0.010 offset_f1=-0.010 note_value_acc=+0.003 dup_per_100=-0.10 boundary_miss_rate=+0.000 p95_chunk_ms=+0.37 f1_10ms=-0.006 f1_20ms=-0.010 f1_30ms=-0.010 visible_p50_ms=-7.2 stabilize_p50_ms=-119.1 algo_visible_p50_ms=+0.0 algo_stabilize_p50_ms=-62.0 avg_revisions=-0.13 display_note_f1=-0.010 display_offset_f1=-0.010 display_cluster_f1=-0.004 display_cluster_jaccard=-0.005
    failure buckets: ['boundary_miss_failure', 'high_revision_slow_stabilization']
      boundary diagnostics: missed=1 by_arm={'control': 1, 'treatment': 1} tags={'control_boundary_miss': 1, 'no_control_coarse_candidate': 1}
        miss: pitch=72 onset=4.883s boundary_delta_ms=+83.3 control_coarse=False treatment_coarse=False retro=n/a
[TIMING] EnhancedMel.transcribe: audio_to_gpu=2.1ms, features=0.5ms, model=10.0ms, decode=1.4ms | TOTAL=14.1ms for 600ms audio (RTF=0.02x)
[TIMING] stream_chunk[experiment-4be3d96470294d97814b47fdefe7a647](live_neural): decode=0.2ms, inference=15.8ms, second_pass=0.0ms, contention=0.0ms, TOTAL=16.0ms | audio=600ms, RTF=0.03x | model=enhanced_mel, neural_total=15.3ms, model_inference=10.0ms
[TIMING] EnhancedMel.transcribe: audio_to_gpu=0.2ms, features=0.7ms, model=19.7ms, decode=2.5ms | TOTAL=23.1ms for 1200ms audio (RTF=0.02x)
[TIMING] stream_chunk[experiment-4be3d96470294d97814b47fdefe7a647](live_neural): decode=0.1ms, inference=24.8ms, second_pass=0.0ms, contention=0.0ms, TOTAL=25.0ms | audio=600ms, RTF=0.04x | model=enhanced_mel, neural_total=24.4ms, model_inference=19.7ms
[TIMING] EnhancedMel.transcribe: audio_to_gpu=0.2ms, features=0.5ms, model=12.7ms, decode=3.7ms | TOTAL=17.1ms for 1800ms audio (RTF=0.01x)
[TIMING] stream_chunk[experiment-4be3d96470294d97814b47fdefe7a647](live_neural): decode=0.1ms, inference=19.0ms, second_pass=0.0ms, contention=0.0ms, TOTAL=19.2ms | audio=600ms, RTF=0.03x | model=enhanced_mel, neural_total=18.6ms, model_inference=12.7ms
[TIMING] EnhancedMel.transcribe: audio_to_gpu=0.3ms, features=0.8ms, model=11.9ms, decode=4.7ms | TOTAL=17.8ms for 2400ms audio (RTF=0.01x)
[TIMING] stream_chunk[experiment-4be3d96470294d97814b47fdefe7a647](live_neural): decode=0.1ms, inference=20.2ms, second_pass=0.0ms, contention=0.0ms, TOTAL=20.5ms | audio=600ms, RTF=0.03x | model=enhanced_mel, neural_total=19.8ms, model_inference=11.9ms
[TIMING] EnhancedMel.transcribe: audio_to_gpu=0.3ms, features=0.8ms, model=12.1ms, decode=5.8ms | TOTAL=18.9ms for 3000ms audio (RTF=0.01x)
[TIMING] stream_chunk[experiment-4be3d96470294d97814b47fdefe7a647](live_neural): decode=0.1ms, inference=21.4ms, second_pass=0.0ms, contention=0.0ms, TOTAL=21.8ms | audio=600ms, RTF=0.04x | model=enhanced_mel, neural_total=21.0ms, model_inference=12.1ms
[TIMING] EnhancedMel.transcribe: audio_to_gpu=0.3ms, features=0.5ms, model=13.2ms, decode=5.8ms | TOTAL=19.8ms for 3000ms audio (RTF=0.01x)
[TIMING] stream_chunk[experiment-4be3d96470294d97814b47fdefe7a647](live_neural): decode=0.1ms, inference=22.2ms, second_pass=0.0ms, contention=0.0ms, TOTAL=22.5ms | audio=600ms, RTF=0.04x | model=enhanced_mel, neural_total=21.7ms, model_inference=13.2ms
[TIMING] EnhancedMel.transcribe: audio_to_gpu=0.4ms, features=0.7ms, model=20.5ms, decode=5.8ms | TOTAL=27.3ms for 3000ms audio (RTF=0.01x)
[TIMING] stream_chunk[experiment-4be3d96470294d97814b47fdefe7a647](live_neural): decode=0.1ms, inference=29.5ms, second_pass=0.0ms, contention=0.0ms, TOTAL=29.8ms | audio=600ms, RTF=0.05x | model=enhanced_mel, neural_total=29.2ms, model_inference=20.5ms
[TIMING] EnhancedMel.transcribe: audio_to_gpu=0.2ms, features=1.7ms, model=12.1ms, decode=5.6ms | TOTAL=19.7ms for 3000ms audio (RTF=0.01x)
[TIMING] stream_chunk[experiment-4be3d96470294d97814b47fdefe7a647](live_neural): decode=0.1ms, inference=22.2ms, second_pass=0.0ms, contention=0.0ms, TOTAL=22.5ms | audio=600ms, RTF=0.04x | model=enhanced_mel, neural_total=21.9ms, model_inference=12.1ms
[TIMING] EnhancedMel.transcribe: audio_to_gpu=0.2ms, features=0.5ms, model=14.2ms, decode=5.1ms | TOTAL=19.9ms for 3000ms audio (RTF=0.01x)
[TIMING] stream_chunk[experiment-4be3d96470294d97814b47fdefe7a647](live_neural): decode=0.1ms, inference=22.1ms, second_pass=0.0ms, contention=0.0ms, TOTAL=22.4ms | audio=600ms, RTF=0.04x | model=enhanced_mel, neural_total=21.8ms, model_inference=14.2ms
[TIMING] EnhancedMel.transcribe: audio_to_gpu=0.3ms, features=0.6ms, model=12.0ms, decode=6.6ms | TOTAL=19.5ms for 3000ms audio (RTF=0.01x)
[TIMING] stream_chunk[experiment-4be3d96470294d97814b47fdefe7a647](live_neural): decode=0.1ms, inference=21.8ms, second_pass=0.0ms, contention=0.0ms, TOTAL=22.1ms | audio=600ms, RTF=0.04x | model=enhanced_mel, neural_total=21.5ms, model_inference=12.0ms
[TIMING] EnhancedMel.transcribe: audio_to_gpu=3.5ms, features=0.5ms, model=10.1ms, decode=1.4ms | TOTAL=15.5ms for 600ms audio (RTF=0.03x)
[TIMING] stream_chunk[experiment-414d72d3a2494eb88afd5068f045b9d0](live_neural): decode=0.1ms, inference=16.9ms, second_pass=0.0ms, contention=0.0ms, TOTAL=17.1ms | audio=600ms, RTF=0.03x | model=enhanced_mel, neural_total=16.6ms, model_inference=10.1ms
[TIMING] EnhancedMel.transcribe: audio_to_gpu=0.2ms, features=0.5ms, model=10.7ms, decode=2.5ms | TOTAL=13.9ms for 1200ms audio (RTF=0.01x)
[TIMING] stream_chunk[experiment-414d72d3a2494eb88afd5068f045b9d0](live_neural): decode=0.1ms, inference=15.6ms, second_pass=0.0ms, contention=0.0ms, TOTAL=15.8ms | audio=600ms, RTF=0.03x | model=enhanced_mel, neural_total=15.3ms, model_inference=10.7ms
[TIMING] EnhancedMel.transcribe: audio_to_gpu=0.3ms, features=0.6ms, model=10.8ms, decode=3.6ms | TOTAL=15.3ms for 1800ms audio (RTF=0.01x)
[TIMING] stream_chunk[experiment-414d72d3a2494eb88afd5068f045b9d0](live_neural): decode=0.1ms, inference=18.5ms, second_pass=0.0ms, contention=0.0ms, TOTAL=18.7ms | audio=600ms, RTF=0.03x | model=enhanced_mel, neural_total=18.0ms, model_inference=10.8ms
[TIMING] EnhancedMel.transcribe: audio_to_gpu=0.2ms, features=0.4ms, model=11.1ms, decode=5.4ms | TOTAL=17.1ms for 2400ms audio (RTF=0.01x)
[TIMING] stream_chunk[experiment-414d72d3a2494eb88afd5068f045b9d0](live_neural): decode=0.1ms, inference=19.5ms, second_pass=0.0ms, contention=0.0ms, TOTAL=19.8ms | audio=600ms, RTF=0.03x | model=enhanced_mel, neural_total=19.1ms, model_inference=11.1ms
[TIMING] EnhancedMel.transcribe: audio_to_gpu=0.2ms, features=3.4ms, model=14.4ms, decode=6.6ms | TOTAL=24.6ms for 3000ms audio (RTF=0.01x)
[TIMING] stream_chunk[experiment-414d72d3a2494eb88afd5068f045b9d0](live_neural): decode=0.1ms, inference=27.0ms, second_pass=0.0ms, contention=0.0ms, TOTAL=27.3ms | audio=600ms, RTF=0.05x | model=enhanced_mel, neural_total=26.6ms, model_inference=14.4ms
[TIMING] EnhancedMel.transcribe: audio_to_gpu=0.4ms, features=0.6ms, model=20.5ms, decode=5.8ms | TOTAL=27.4ms for 3000ms audio (RTF=0.01x)
[TIMING] stream_chunk[experiment-414d72d3a2494eb88afd5068f045b9d0](live_neural): decode=0.1ms, inference=29.7ms, second_pass=0.0ms, contention=0.0ms, TOTAL=30.0ms | audio=600ms, RTF=0.05x | model=enhanced_mel, neural_total=29.3ms, model_inference=20.5ms
[TIMING] EnhancedMel.transcribe: audio_to_gpu=0.2ms, features=0.5ms, model=12.2ms, decode=5.5ms | TOTAL=18.4ms for 3000ms audio (RTF=0.01x)
[TIMING] stream_chunk[experiment-414d72d3a2494eb88afd5068f045b9d0](live_neural): decode=0.2ms, inference=20.7ms, second_pass=0.0ms, contention=0.0ms, TOTAL=21.0ms | audio=600ms, RTF=0.04x | model=enhanced_mel, neural_total=20.3ms, model_inference=12.2ms
[TIMING] EnhancedMel.transcribe: audio_to_gpu=0.4ms, features=0.6ms, model=12.2ms, decode=5.2ms | TOTAL=18.5ms for 3000ms audio (RTF=0.01x)
[TIMING] stream_chunk[experiment-414d72d3a2494eb88afd5068f045b9d0](live_neural): decode=0.1ms, inference=21.5ms, second_pass=0.0ms, contention=0.0ms, TOTAL=21.8ms | audio=600ms, RTF=0.04x | model=enhanced_mel, neural_total=21.2ms, model_inference=12.2ms
[TIMING] EnhancedMel.transcribe: audio_to_gpu=0.3ms, features=0.5ms, model=14.1ms, decode=5.0ms | TOTAL=20.0ms for 3000ms audio (RTF=0.01x)
[TIMING] stream_chunk[experiment-414d72d3a2494eb88afd5068f045b9d0](live_neural): decode=0.2ms, inference=22.0ms, second_pass=0.0ms, contention=0.0ms, TOTAL=22.3ms | audio=600ms, RTF=0.04x | model=enhanced_mel, neural_total=21.7ms, model_inference=14.1ms
[TIMING] EnhancedMel.transcribe: audio_to_gpu=0.2ms, features=0.5ms, model=11.6ms, decode=4.9ms | TOTAL=17.2ms for 3000ms audio (RTF=0.01x)
[TIMING] stream_chunk[experiment-414d72d3a2494eb88afd5068f045b9d0](live_neural): decode=0.1ms, inference=19.3ms, second_pass=0.0ms, contention=0.0ms, TOTAL=19.5ms | audio=600ms, RTF=0.03x | model=enhanced_mel, neural_total=19.0ms, model_inference=11.6ms

[CLIP_024] Hungarian Rhapsody No. 9 in E-flat Major, S. 244
  excerpt: start=21.00s end=27.00s duration=6.00s gt_notes=83 rms=0.0266 peak=0.2525 crest=9.478 rms_std=0.0179
    control:
      note metrics: precision=0.947 recall=0.867 f1=0.906 matched=72/83 pred=76
      strict onset f1: 10ms=0.780 20ms=0.906 30ms=0.906
      timing metrics: offset_f1=0.893 rhythm_precision=0.986 note_value_acc=0.931 note_value_n=72 avg_beat_error=0.010
      duplicate metrics: duplicates=1 per_100_notes=1.32
      boundary metrics: gt=26 matched=21 missed=5 miss_rate=0.192
      latency: avg_chunk_ms=22.16 p95_chunk_ms=27.64 avg_rtf=0.037
      notation metrics: first_correct_ms=25.9 visible_p50_ms=346.5 visible_p95_ms=598.7 stabilize_p50_ms=3962.5 stabilize_p95_ms=5279.5 avg_revisions=1.17 matched=6 refined=6 snapshots=14
      algorithmic latency: first_correct_ms=4.2 visible_p50_ms=322.9 visible_p95_ms=577.1 stabilize_p50_ms=2999.5 stabilize_p95_ms=4316.4
      final display note metrics: precision=0.960 recall=0.867 f1=0.911 matched=72/83 pred=75
      final display strict onset f1: 10ms=0.772 20ms=0.911 30ms=0.911
      final display timing: offset_f1=0.899 rhythm_precision=0.986 note_value_acc=0.375 note_value_n=72 avg_beat_error=0.262
      final display structure: cluster_f1=0.634 onset_align_recall=1.000 avg_jaccard=0.871 exact=13/20 pred=21 over=0 under=6 pitch_conflicts=1 missed_gt=0
      threshold profiles: hit_rate=0.000 thresholds=[0.75] profiles={'fixed_baseline': 10}
    treatment:
      note metrics: precision=0.947 recall=0.867 f1=0.906 matched=72/83 pred=76
      strict onset f1: 10ms=0.780 20ms=0.906 30ms=0.906
      timing metrics: offset_f1=0.893 rhythm_precision=0.986 note_value_acc=0.931 note_value_n=72 avg_beat_error=0.010
      duplicate metrics: duplicates=1 per_100_notes=1.32
      boundary metrics: gt=26 matched=21 missed=5 miss_rate=0.192
      latency: avg_chunk_ms=21.33 p95_chunk_ms=28.80 avg_rtf=0.035
      notation metrics: first_correct_ms=31.5 visible_p50_ms=340.6 visible_p95_ms=604.3 stabilize_p50_ms=3960.0 stabilize_p95_ms=5276.9 avg_revisions=1.17 matched=6 refined=6 snapshots=14
      algorithmic latency: first_correct_ms=4.2 visible_p50_ms=322.9 visible_p95_ms=577.1 stabilize_p50_ms=2999.5 stabilize_p95_ms=4316.4
      final display note metrics: precision=0.960 recall=0.867 f1=0.911 matched=72/83 pred=75
      final display strict onset f1: 10ms=0.772 20ms=0.911 30ms=0.911
      final display timing: offset_f1=0.899 rhythm_precision=0.986 note_value_acc=0.375 note_value_n=72 avg_beat_error=0.262
      final display structure: cluster_f1=0.634 onset_align_recall=1.000 avg_jaccard=0.871 exact=13/20 pred=21 over=0 under=6 pitch_conflicts=1 missed_gt=0
      threshold profiles: hit_rate=0.400 thresholds=[0.71, 0.75] profiles={'baseline_nominal': 6, 'soft_sparse_recall': 4}
    delta treatment-control: precision=+0.000 recall=+0.000 f1=+0.000 offset_f1=+0.000 note_value_acc=+0.000 dup_per_100=+0.00 boundary_miss_rate=+0.000 p95_chunk_ms=+1.16 f1_10ms=+0.000 f1_20ms=+0.000 f1_30ms=+0.000 visible_p50_ms=-5.9 stabilize_p50_ms=-2.6 algo_visible_p50_ms=+0.0 algo_stabilize_p50_ms=+0.0 avg_revisions=+0.00 display_note_f1=+0.000 display_offset_f1=+0.000 display_cluster_f1=+0.000 display_cluster_jaccard=+0.000
    failure buckets: ['boundary_miss_failure', 'high_revision_slow_stabilization']
      boundary diagnostics: missed=5 by_arm={'control': 5, 'treatment': 5} tags={'control_boundary_miss': 5, 'no_control_coarse_candidate': 5}
        miss: pitch=76 onset=1.791s boundary_delta_ms=-9.4 control_coarse=False treatment_coarse=False retro=n/a
        miss: pitch=85 onset=2.906s boundary_delta_ms=-93.8 control_coarse=False treatment_coarse=False retro=n/a
        miss: pitch=101 onset=2.906s boundary_delta_ms=-93.8 control_coarse=False treatment_coarse=False retro=n/a
        ... 2 more missed boundary notes in diagnostics JSON
[TIMING] EnhancedMel.transcribe: audio_to_gpu=0.4ms, features=0.9ms, model=19.9ms, decode=1.4ms | TOTAL=22.5ms for 600ms audio (RTF=0.04x)
[TIMING] stream_chunk[experiment-2364c0051ec14f29b639a143d5ca2f8f](live_neural): decode=0.2ms, inference=24.2ms, second_pass=0.0ms, contention=0.0ms, TOTAL=24.5ms | audio=600ms, RTF=0.04x | model=enhanced_mel, neural_total=23.7ms, model_inference=19.9ms
[TIMING] EnhancedMel.transcribe: audio_to_gpu=0.1ms, features=0.4ms, model=10.2ms, decode=2.4ms | TOTAL=13.1ms for 1200ms audio (RTF=0.01x)
[TIMING] stream_chunk[experiment-2364c0051ec14f29b639a143d5ca2f8f](live_neural): decode=0.1ms, inference=15.0ms, second_pass=0.0ms, contention=0.0ms, TOTAL=15.2ms | audio=600ms, RTF=0.03x | model=enhanced_mel, neural_total=14.6ms, model_inference=10.2ms
[TIMING] EnhancedMel.transcribe: audio_to_gpu=0.2ms, features=0.5ms, model=10.6ms, decode=3.5ms | TOTAL=14.7ms for 1800ms audio (RTF=0.01x)
[TIMING] stream_chunk[experiment-2364c0051ec14f29b639a143d5ca2f8f](live_neural): decode=0.1ms, inference=16.7ms, second_pass=0.0ms, contention=0.0ms, TOTAL=17.0ms | audio=600ms, RTF=0.03x | model=enhanced_mel, neural_total=16.4ms, model_inference=10.6ms
[TIMING] EnhancedMel.transcribe: audio_to_gpu=0.3ms, features=0.7ms, model=17.6ms, decode=4.5ms | TOTAL=23.1ms for 2400ms audio (RTF=0.01x)
[TIMING] stream_chunk[experiment-2364c0051ec14f29b639a143d5ca2f8f](live_neural): decode=0.1ms, inference=25.3ms, second_pass=0.0ms, contention=0.0ms, TOTAL=25.5ms | audio=600ms, RTF=0.04x | model=enhanced_mel, neural_total=25.0ms, model_inference=17.6ms
[TIMING] EnhancedMel.transcribe: audio_to_gpu=0.3ms, features=0.6ms, model=12.0ms, decode=5.5ms | TOTAL=18.4ms for 3000ms audio (RTF=0.01x)
[TIMING] stream_chunk[experiment-2364c0051ec14f29b639a143d5ca2f8f](live_neural): decode=0.2ms, inference=20.7ms, second_pass=0.0ms, contention=0.0ms, TOTAL=21.0ms | audio=600ms, RTF=0.04x | model=enhanced_mel, neural_total=20.3ms, model_inference=12.0ms
[TIMING] EnhancedMel.transcribe: audio_to_gpu=0.3ms, features=0.7ms, model=12.8ms, decode=5.4ms | TOTAL=19.3ms for 3000ms audio (RTF=0.01x)
[TIMING] stream_chunk[experiment-2364c0051ec14f29b639a143d5ca2f8f](live_neural): decode=0.1ms, inference=22.6ms, second_pass=0.0ms, contention=0.0ms, TOTAL=22.9ms | audio=600ms, RTF=0.04x | model=enhanced_mel, neural_total=22.0ms, model_inference=12.8ms
[TIMING] EnhancedMel.transcribe: audio_to_gpu=0.3ms, features=0.5ms, model=12.2ms, decode=5.5ms | TOTAL=18.6ms for 3000ms audio (RTF=0.01x)
[TIMING] stream_chunk[experiment-2364c0051ec14f29b639a143d5ca2f8f](live_neural): decode=0.1ms, inference=22.0ms, second_pass=0.0ms, contention=0.0ms, TOTAL=22.3ms | audio=600ms, RTF=0.04x | model=enhanced_mel, neural_total=21.5ms, model_inference=12.2ms
[TIMING] EnhancedMel.transcribe: audio_to_gpu=0.3ms, features=0.5ms, model=12.5ms, decode=5.6ms | TOTAL=19.0ms for 3000ms audio (RTF=0.01x)
[TIMING] stream_chunk[experiment-2364c0051ec14f29b639a143d5ca2f8f](live_neural): decode=0.1ms, inference=21.5ms, second_pass=0.0ms, contention=0.0ms, TOTAL=21.9ms | audio=600ms, RTF=0.04x | model=enhanced_mel, neural_total=21.1ms, model_inference=12.5ms
[TIMING] EnhancedMel.transcribe: audio_to_gpu=0.2ms, features=0.5ms, model=12.8ms, decode=5.6ms | TOTAL=19.1ms for 3000ms audio (RTF=0.01x)
[TIMING] stream_chunk[experiment-2364c0051ec14f29b639a143d5ca2f8f](live_neural): decode=0.1ms, inference=21.7ms, second_pass=0.0ms, contention=0.0ms, TOTAL=22.0ms | audio=600ms, RTF=0.04x | model=enhanced_mel, neural_total=21.4ms, model_inference=12.8ms
[TIMING] EnhancedMel.transcribe: audio_to_gpu=0.5ms, features=0.7ms, model=19.8ms, decode=5.9ms | TOTAL=26.9ms for 3000ms audio (RTF=0.01x)
[TIMING] stream_chunk[experiment-2364c0051ec14f29b639a143d5ca2f8f](live_neural): decode=0.1ms, inference=29.4ms, second_pass=0.0ms, contention=0.0ms, TOTAL=29.7ms | audio=600ms, RTF=0.05x | model=enhanced_mel, neural_total=28.9ms, model_inference=19.8ms
[TIMING] EnhancedMel.transcribe: audio_to_gpu=0.3ms, features=0.8ms, model=11.1ms, decode=1.4ms | TOTAL=13.6ms for 600ms audio (RTF=0.02x)
[TIMING] stream_chunk[experiment-7f0a56ce31ff42b7bf55c1a2592b0876](live_neural): decode=0.2ms, inference=15.4ms, second_pass=0.0ms, contention=0.0ms, TOTAL=15.7ms | audio=600ms, RTF=0.03x | model=enhanced_mel, neural_total=14.9ms, model_inference=11.1ms
[TIMING] EnhancedMel.transcribe: audio_to_gpu=0.2ms, features=0.6ms, model=10.4ms, decode=2.8ms | TOTAL=14.1ms for 1200ms audio (RTF=0.01x)
[TIMING] stream_chunk[experiment-7f0a56ce31ff42b7bf55c1a2592b0876](live_neural): decode=0.1ms, inference=16.1ms, second_pass=0.0ms, contention=0.0ms, TOTAL=16.3ms | audio=600ms, RTF=0.03x | model=enhanced_mel, neural_total=15.7ms, model_inference=10.4ms
[TIMING] EnhancedMel.transcribe: audio_to_gpu=0.4ms, features=0.5ms, model=10.7ms, decode=3.4ms | TOTAL=15.0ms for 1800ms audio (RTF=0.01x)
[TIMING] stream_chunk[experiment-7f0a56ce31ff42b7bf55c1a2592b0876](live_neural): decode=0.1ms, inference=17.0ms, second_pass=0.0ms, contention=0.0ms, TOTAL=17.2ms | audio=600ms, RTF=0.03x | model=enhanced_mel, neural_total=16.6ms, model_inference=10.7ms
[TIMING] EnhancedMel.transcribe: audio_to_gpu=0.2ms, features=0.5ms, model=12.7ms, decode=4.5ms | TOTAL=17.8ms for 2400ms audio (RTF=0.01x)
[TIMING] stream_chunk[experiment-7f0a56ce31ff42b7bf55c1a2592b0876](live_neural): decode=0.1ms, inference=20.8ms, second_pass=0.0ms, contention=0.0ms, TOTAL=21.0ms | audio=600ms, RTF=0.04x | model=enhanced_mel, neural_total=20.4ms, model_inference=12.7ms
[TIMING] EnhancedMel.transcribe: audio_to_gpu=0.2ms, features=0.5ms, model=12.1ms, decode=5.6ms | TOTAL=18.5ms for 3000ms audio (RTF=0.01x)
[TIMING] stream_chunk[experiment-7f0a56ce31ff42b7bf55c1a2592b0876](live_neural): decode=0.1ms, inference=21.5ms, second_pass=0.0ms, contention=0.0ms, TOTAL=21.8ms | audio=600ms, RTF=0.04x | model=enhanced_mel, neural_total=21.1ms, model_inference=12.1ms
[TIMING] EnhancedMel.transcribe: audio_to_gpu=0.5ms, features=0.7ms, model=19.3ms, decode=5.4ms | TOTAL=25.9ms for 3000ms audio (RTF=0.01x)
[TIMING] stream_chunk[experiment-7f0a56ce31ff42b7bf55c1a2592b0876](live_neural): decode=0.1ms, inference=28.7ms, second_pass=0.0ms, contention=0.0ms, TOTAL=29.0ms | audio=600ms, RTF=0.05x | model=enhanced_mel, neural_total=28.1ms, model_inference=19.3ms
[TIMING] EnhancedMel.transcribe: audio_to_gpu=0.3ms, features=0.5ms, model=12.0ms, decode=5.6ms | TOTAL=18.4ms for 3000ms audio (RTF=0.01x)
[TIMING] stream_chunk[experiment-7f0a56ce31ff42b7bf55c1a2592b0876](live_neural): decode=0.2ms, inference=20.8ms, second_pass=0.0ms, contention=0.0ms, TOTAL=21.2ms | audio=600ms, RTF=0.04x | model=enhanced_mel, neural_total=20.4ms, model_inference=12.0ms
[TIMING] EnhancedMel.transcribe: audio_to_gpu=0.2ms, features=0.5ms, model=12.4ms, decode=6.8ms | TOTAL=19.9ms for 3000ms audio (RTF=0.01x)
[TIMING] stream_chunk[experiment-7f0a56ce31ff42b7bf55c1a2592b0876](live_neural): decode=0.1ms, inference=22.5ms, second_pass=0.0ms, contention=0.0ms, TOTAL=22.8ms | audio=600ms, RTF=0.04x | model=enhanced_mel, neural_total=22.0ms, model_inference=12.4ms
[TIMING] EnhancedMel.transcribe: audio_to_gpu=0.3ms, features=0.5ms, model=13.6ms, decode=5.8ms | TOTAL=20.2ms for 3000ms audio (RTF=0.01x)
[TIMING] stream_chunk[experiment-7f0a56ce31ff42b7bf55c1a2592b0876](live_neural): decode=0.2ms, inference=22.8ms, second_pass=0.0ms, contention=0.0ms, TOTAL=23.2ms | audio=600ms, RTF=0.04x | model=enhanced_mel, neural_total=22.3ms, model_inference=13.6ms
[TIMING] EnhancedMel.transcribe: audio_to_gpu=0.3ms, features=0.5ms, model=12.3ms, decode=5.7ms | TOTAL=18.8ms for 3000ms audio (RTF=0.01x)
[TIMING] stream_chunk[experiment-7f0a56ce31ff42b7bf55c1a2592b0876](live_neural): decode=0.1ms, inference=21.7ms, second_pass=0.0ms, contention=0.0ms, TOTAL=22.0ms | audio=600ms, RTF=0.04x | model=enhanced_mel, neural_total=21.3ms, model_inference=12.3ms

[CLIP_025] Jardins sous la pluie from Estampes
  excerpt: start=78.00s end=84.00s duration=6.00s gt_notes=111 rms=0.1094 peak=0.6345 crest=5.802 rms_std=0.0496
    control:
      note metrics: precision=0.971 recall=0.919 f1=0.944 matched=102/111 pred=105
      strict onset f1: 10ms=0.815 20ms=0.944 30ms=0.944
      timing metrics: offset_f1=0.889 rhythm_precision=0.941 note_value_acc=0.402 note_value_n=102 avg_beat_error=0.077
      duplicate metrics: duplicates=1 per_100_notes=0.95
      boundary metrics: gt=35 matched=30 missed=5 miss_rate=0.143
      latency: avg_chunk_ms=22.20 p95_chunk_ms=27.84 avg_rtf=0.037
      notation metrics: first_correct_ms=39.3 visible_p50_ms=394.0 visible_p95_ms=608.6 stabilize_p50_ms=1217.2 stabilize_p95_ms=2168.8 avg_revisions=0.96 matched=47 refined=47 snapshots=20
      algorithmic latency: first_correct_ms=14.3 visible_p50_ms=369.5 visible_p95_ms=589.2 stabilize_p50_ms=703.1 stabilize_p95_ms=1759.8
      final display note metrics: precision=0.981 recall=0.919 f1=0.949 matched=102/111 pred=104
      final display strict onset f1: 10ms=0.819 20ms=0.949 30ms=0.949
      final display timing: offset_f1=0.893 rhythm_precision=0.941 note_value_acc=0.216 note_value_n=102 avg_beat_error=0.144
      final display structure: cluster_f1=0.797 onset_align_recall=0.971 avg_jaccard=0.909 exact=55/70 pred=68 over=4 under=9 pitch_conflicts=0 missed_gt=2
      threshold profiles: hit_rate=0.000 thresholds=[0.75] profiles={'fixed_baseline': 10}
    treatment:
      note metrics: precision=0.896 recall=0.928 f1=0.912 matched=103/111 pred=115
      strict onset f1: 10ms=0.796 20ms=0.912 30ms=0.912
      timing metrics: offset_f1=0.858 rhythm_precision=0.942 note_value_acc=0.398 note_value_n=103 avg_beat_error=0.076
      duplicate metrics: duplicates=1 per_100_notes=0.87
      boundary metrics: gt=35 matched=30 missed=5 miss_rate=0.143
      latency: avg_chunk_ms=21.03 p95_chunk_ms=26.41 avg_rtf=0.035
      notation metrics: first_correct_ms=36.3 visible_p50_ms=389.2 visible_p95_ms=608.0 stabilize_p50_ms=1099.7 stabilize_p95_ms=2096.7 avg_revisions=0.89 matched=46 refined=46 snapshots=21
      algorithmic latency: first_correct_ms=14.3 visible_p50_ms=370.7 visible_p95_ms=589.6 stabilize_p50_ms=625.3 stabilize_p95_ms=1638.5
      final display note metrics: precision=0.904 recall=0.928 f1=0.916 matched=103/111 pred=114
      final display strict onset f1: 10ms=0.800 20ms=0.916 30ms=0.916
      final display timing: offset_f1=0.862 rhythm_precision=0.942 note_value_acc=0.204 note_value_n=103 avg_beat_error=0.146
      final display structure: cluster_f1=0.791 onset_align_recall=0.971 avg_jaccard=0.901 exact=55/70 pred=69 over=6 under=7 pitch_conflicts=0 missed_gt=2
      threshold profiles: hit_rate=0.500 thresholds=[0.46, 0.75] profiles={'baseline_nominal': 5, 'loud_dense_precision': 5}
    delta treatment-control: precision=-0.076 recall=+0.009 f1=-0.033 offset_f1=-0.030 note_value_acc=-0.004 dup_per_100=-0.08 boundary_miss_rate=+0.000 p95_chunk_ms=-1.43 f1_10ms=-0.018 f1_20ms=-0.033 f1_30ms=-0.033 visible_p50_ms=-4.8 stabilize_p50_ms=-117.5 algo_visible_p50_ms=+1.2 algo_stabilize_p50_ms=-77.9 avg_revisions=-0.07 display_note_f1=-0.033 display_offset_f1=-0.031 display_cluster_f1=-0.006 display_cluster_jaccard=-0.008
    failure buckets: ['boundary_miss_failure', 'high_revision_slow_stabilization', 'note_value_offset_failure']
      boundary diagnostics: missed=5 by_arm={'control': 5, 'treatment': 5} tags={'control_boundary_miss': 5, 'no_control_coarse_candidate': 5}
        miss: pitch=77 onset=0.669s boundary_delta_ms=+69.3 control_coarse=False treatment_coarse=False retro=n/a
        miss: pitch=84 onset=2.951s boundary_delta_ms=-49.5 control_coarse=False treatment_coarse=False retro=n/a
        miss: pitch=84 onset=4.835s boundary_delta_ms=+34.6 control_coarse=False treatment_coarse=False retro=n/a
        ... 2 more missed boundary notes in diagnostics JSON
[TIMING] EnhancedMel.transcribe: audio_to_gpu=0.4ms, features=0.8ms, model=15.8ms, decode=1.3ms | TOTAL=18.3ms for 600ms audio (RTF=0.03x)
[TIMING] stream_chunk[experiment-38961d0966124f5dac6a4ef9f4cb262b](live_neural): decode=0.2ms, inference=20.5ms, second_pass=0.0ms, contention=0.0ms, TOTAL=20.9ms | audio=600ms, RTF=0.03x | model=enhanced_mel, neural_total=20.0ms, model_inference=15.8ms
[TIMING] EnhancedMel.transcribe: audio_to_gpu=0.2ms, features=0.7ms, model=23.1ms, decode=2.3ms | TOTAL=26.3ms for 1200ms audio (RTF=0.02x)
[TIMING] stream_chunk[experiment-38961d0966124f5dac6a4ef9f4cb262b](live_neural): decode=0.2ms, inference=28.2ms, second_pass=0.0ms, contention=0.0ms, TOTAL=28.5ms | audio=600ms, RTF=0.05x | model=enhanced_mel, neural_total=27.8ms, model_inference=23.1ms
[TIMING] EnhancedMel.transcribe: audio_to_gpu=0.1ms, features=0.4ms, model=11.5ms, decode=3.4ms | TOTAL=15.4ms for 1800ms audio (RTF=0.01x)
[TIMING] stream_chunk[experiment-38961d0966124f5dac6a4ef9f4cb262b](live_neural): decode=0.2ms, inference=17.8ms, second_pass=0.0ms, contention=0.0ms, TOTAL=18.2ms | audio=600ms, RTF=0.03x | model=enhanced_mel, neural_total=17.5ms, model_inference=11.5ms
[TIMING] EnhancedMel.transcribe: audio_to_gpu=0.3ms, features=0.8ms, model=12.6ms, decode=4.7ms | TOTAL=18.4ms for 2400ms audio (RTF=0.01x)
[TIMING] stream_chunk[experiment-38961d0966124f5dac6a4ef9f4cb262b](live_neural): decode=0.1ms, inference=21.5ms, second_pass=0.0ms, contention=0.0ms, TOTAL=21.8ms | audio=600ms, RTF=0.04x | model=enhanced_mel, neural_total=21.2ms, model_inference=12.6ms
[TIMING] EnhancedMel.transcribe: audio_to_gpu=0.4ms, features=0.7ms, model=20.0ms, decode=5.6ms | TOTAL=26.8ms for 3000ms audio (RTF=0.01x)
[TIMING] stream_chunk[experiment-38961d0966124f5dac6a4ef9f4cb262b](live_neural): decode=0.1ms, inference=29.1ms, second_pass=0.0ms, contention=0.0ms, TOTAL=30.2ms | audio=600ms, RTF=0.05x | model=enhanced_mel, neural_total=28.7ms, model_inference=20.0ms
[TIMING] EnhancedMel.transcribe: audio_to_gpu=0.3ms, features=0.8ms, model=16.5ms, decode=6.1ms | TOTAL=23.7ms for 3000ms audio (RTF=0.01x)
[TIMING] stream_chunk[experiment-38961d0966124f5dac6a4ef9f4cb262b](live_neural): decode=0.2ms, inference=26.2ms, second_pass=0.0ms, contention=0.0ms, TOTAL=26.6ms | audio=600ms, RTF=0.04x | model=enhanced_mel, neural_total=25.8ms, model_inference=16.5ms
[TIMING] EnhancedMel.transcribe: audio_to_gpu=0.3ms, features=0.5ms, model=12.4ms, decode=5.8ms | TOTAL=18.9ms for 3000ms audio (RTF=0.01x)
[TIMING] stream_chunk[experiment-38961d0966124f5dac6a4ef9f4cb262b](live_neural): decode=0.1ms, inference=21.4ms, second_pass=0.0ms, contention=0.0ms, TOTAL=21.8ms | audio=600ms, RTF=0.04x | model=enhanced_mel, neural_total=21.0ms, model_inference=12.4ms
[TIMING] EnhancedMel.transcribe: audio_to_gpu=0.3ms, features=0.6ms, model=12.9ms, decode=5.5ms | TOTAL=19.2ms for 3000ms audio (RTF=0.01x)
[TIMING] stream_chunk[experiment-38961d0966124f5dac6a4ef9f4cb262b](live_neural): decode=0.1ms, inference=21.7ms, second_pass=0.0ms, contention=0.0ms, TOTAL=22.2ms | audio=600ms, RTF=0.04x | model=enhanced_mel, neural_total=21.2ms, model_inference=12.9ms
[TIMING] EnhancedMel.transcribe: audio_to_gpu=0.3ms, features=0.5ms, model=13.4ms, decode=5.6ms | TOTAL=19.9ms for 3000ms audio (RTF=0.01x)
[TIMING] stream_chunk[experiment-38961d0966124f5dac6a4ef9f4cb262b](live_neural): decode=0.1ms, inference=22.4ms, second_pass=0.0ms, contention=0.0ms, TOTAL=22.7ms | audio=600ms, RTF=0.04x | model=enhanced_mel, neural_total=21.8ms, model_inference=13.4ms
[TIMING] EnhancedMel.transcribe: audio_to_gpu=0.3ms, features=0.5ms, model=14.6ms, decode=5.7ms | TOTAL=21.1ms for 3000ms audio (RTF=0.01x)
[TIMING] stream_chunk[experiment-38961d0966124f5dac6a4ef9f4cb262b](live_neural): decode=0.1ms, inference=23.7ms, second_pass=0.0ms, contention=0.0ms, TOTAL=24.0ms | audio=600ms, RTF=0.04x | model=enhanced_mel, neural_total=23.1ms, model_inference=14.6ms
[TIMING] EnhancedMel.transcribe: audio_to_gpu=0.2ms, features=0.5ms, model=10.8ms, decode=1.3ms | TOTAL=12.9ms for 600ms audio (RTF=0.02x)
[TIMING] stream_chunk[experiment-e7d39be5d471430b932097c9b86eee33](live_neural): decode=0.2ms, inference=15.2ms, second_pass=0.0ms, contention=0.0ms, TOTAL=15.5ms | audio=600ms, RTF=0.03x | model=enhanced_mel, neural_total=14.7ms, model_inference=10.8ms
[TIMING] EnhancedMel.transcribe: audio_to_gpu=0.1ms, features=0.3ms, model=11.7ms, decode=2.3ms | TOTAL=14.4ms for 1200ms audio (RTF=0.01x)
[TIMING] stream_chunk[experiment-e7d39be5d471430b932097c9b86eee33](live_neural): decode=0.1ms, inference=16.2ms, second_pass=0.0ms, contention=0.0ms, TOTAL=16.5ms | audio=600ms, RTF=0.03x | model=enhanced_mel, neural_total=15.8ms, model_inference=11.7ms
[TIMING] EnhancedMel.transcribe: audio_to_gpu=0.2ms, features=0.6ms, model=11.4ms, decode=3.3ms | TOTAL=15.5ms for 1800ms audio (RTF=0.01x)
[TIMING] stream_chunk[experiment-e7d39be5d471430b932097c9b86eee33](live_neural): decode=0.1ms, inference=19.1ms, second_pass=0.0ms, contention=0.0ms, TOTAL=19.4ms | audio=600ms, RTF=0.03x | model=enhanced_mel, neural_total=18.0ms, model_inference=11.4ms
[TIMING] EnhancedMel.transcribe: audio_to_gpu=0.4ms, features=0.8ms, model=16.0ms, decode=4.4ms | TOTAL=21.6ms for 2400ms audio (RTF=0.01x)
[TIMING] stream_chunk[experiment-e7d39be5d471430b932097c9b86eee33](live_neural): decode=0.1ms, inference=23.8ms, second_pass=0.0ms, contention=0.0ms, TOTAL=24.1ms | audio=600ms, RTF=0.04x | model=enhanced_mel, neural_total=23.4ms, model_inference=16.0ms
[TIMING] EnhancedMel.transcribe: audio_to_gpu=0.3ms, features=0.5ms, model=11.9ms, decode=5.4ms | TOTAL=18.2ms for 3000ms audio (RTF=0.01x)
[TIMING] stream_chunk[experiment-e7d39be5d471430b932097c9b86eee33](live_neural): decode=0.2ms, inference=21.5ms, second_pass=0.0ms, contention=0.0ms, TOTAL=21.9ms | audio=600ms, RTF=0.04x | model=enhanced_mel, neural_total=21.0ms, model_inference=11.9ms
[TIMING] EnhancedMel.transcribe: audio_to_gpu=0.3ms, features=0.6ms, model=12.0ms, decode=5.5ms | TOTAL=18.3ms for 3000ms audio (RTF=0.01x)
[TIMING] stream_chunk[experiment-e7d39be5d471430b932097c9b86eee33](live_neural): decode=0.2ms, inference=20.7ms, second_pass=0.0ms, contention=0.0ms, TOTAL=21.1ms | audio=600ms, RTF=0.04x | model=enhanced_mel, neural_total=20.3ms, model_inference=12.0ms
[TIMING] EnhancedMel.transcribe: audio_to_gpu=0.5ms, features=0.8ms, model=15.0ms, decode=5.7ms | TOTAL=22.0ms for 3000ms audio (RTF=0.01x)
[TIMING] stream_chunk[experiment-e7d39be5d471430b932097c9b86eee33](live_neural): decode=0.1ms, inference=24.6ms, second_pass=0.0ms, contention=0.0ms, TOTAL=25.0ms | audio=600ms, RTF=0.04x | model=enhanced_mel, neural_total=24.0ms, model_inference=15.0ms
[TIMING] EnhancedMel.transcribe: audio_to_gpu=0.3ms, features=0.6ms, model=13.3ms, decode=5.6ms | TOTAL=19.7ms for 3000ms audio (RTF=0.01x)
[TIMING] stream_chunk[experiment-e7d39be5d471430b932097c9b86eee33](live_neural): decode=0.1ms, inference=22.8ms, second_pass=0.0ms, contention=0.0ms, TOTAL=23.1ms | audio=600ms, RTF=0.04x | model=enhanced_mel, neural_total=22.3ms, model_inference=13.3ms
[TIMING] EnhancedMel.transcribe: audio_to_gpu=0.5ms, features=0.7ms, model=21.2ms, decode=5.7ms | TOTAL=28.1ms for 3000ms audio (RTF=0.01x)
[TIMING] stream_chunk[experiment-e7d39be5d471430b932097c9b86eee33](live_neural): decode=0.2ms, inference=30.5ms, second_pass=0.0ms, contention=0.0ms, TOTAL=30.8ms | audio=600ms, RTF=0.05x | model=enhanced_mel, neural_total=30.1ms, model_inference=21.2ms
[TIMING] EnhancedMel.transcribe: audio_to_gpu=0.3ms, features=1.2ms, model=12.3ms, decode=5.9ms | TOTAL=19.6ms for 3000ms audio (RTF=0.01x)
[TIMING] stream_chunk[experiment-e7d39be5d471430b932097c9b86eee33](live_neural): decode=0.1ms, inference=22.1ms, second_pass=0.0ms, contention=0.0ms, TOTAL=22.5ms | audio=600ms, RTF=0.04x | model=enhanced_mel, neural_total=21.7ms, model_inference=12.3ms

[CLIP_026] Concert Etude "Waldesrauschen"
  excerpt: start=12.00s end=18.00s duration=6.00s gt_notes=111 rms=0.0395 peak=0.1975 crest=5.006 rms_std=0.0126
    control:
      note metrics: precision=0.967 recall=0.793 f1=0.871 matched=88/111 pred=91
      strict onset f1: 10ms=0.713 20ms=0.871 30ms=0.871
      timing metrics: offset_f1=0.703 rhythm_precision=0.807 note_value_acc=0.318 note_value_n=88 avg_beat_error=0.165
      duplicate metrics: duplicates=2 per_100_notes=2.20
      boundary metrics: gt=41 matched=33 missed=8 miss_rate=0.195
      latency: avg_chunk_ms=23.68 p95_chunk_ms=29.41 avg_rtf=0.039
      notation metrics: first_correct_ms=47.4 visible_p50_ms=358.3 visible_p95_ms=599.7 stabilize_p50_ms=783.8 stabilize_p95_ms=1925.4 avg_revisions=0.82 matched=67 refined=67 snapshots=21
      algorithmic latency: first_correct_ms=23.4 visible_p50_ms=328.1 visible_p95_ms=576.8 stabilize_p50_ms=504.7 stabilize_p95_ms=1487.1
      final display note metrics: precision=0.989 recall=0.784 f1=0.874 matched=87/111 pred=88
      final display strict onset f1: 10ms=0.714 20ms=0.874 30ms=0.874
      final display timing: offset_f1=0.704 rhythm_precision=0.805 note_value_acc=0.161 note_value_n=87 avg_beat_error=0.203
      final display structure: cluster_f1=0.611 onset_align_recall=0.871 avg_jaccard=0.844 exact=40/70 pred=61 over=5 under=16 pitch_conflicts=0 missed_gt=9
      threshold profiles: hit_rate=0.000 thresholds=[0.75] profiles={'fixed_baseline': 10}
    treatment:
      note metrics: precision=0.967 recall=0.793 f1=0.871 matched=88/111 pred=91
      strict onset f1: 10ms=0.713 20ms=0.871 30ms=0.871
      timing metrics: offset_f1=0.703 rhythm_precision=0.807 note_value_acc=0.318 note_value_n=88 avg_beat_error=0.165
      duplicate metrics: duplicates=2 per_100_notes=2.20
      boundary metrics: gt=41 matched=33 missed=8 miss_rate=0.195
      latency: avg_chunk_ms=21.98 p95_chunk_ms=28.23 avg_rtf=0.036
      notation metrics: first_correct_ms=45.9 visible_p50_ms=350.0 visible_p95_ms=597.1 stabilize_p50_ms=785.0 stabilize_p95_ms=1924.5 avg_revisions=0.82 matched=67 refined=67 snapshots=21
      algorithmic latency: first_correct_ms=23.4 visible_p50_ms=328.1 visible_p95_ms=576.8 stabilize_p50_ms=504.7 stabilize_p95_ms=1487.1
      final display note metrics: precision=0.989 recall=0.784 f1=0.874 matched=87/111 pred=88
      final display strict onset f1: 10ms=0.714 20ms=0.874 30ms=0.874
      final display timing: offset_f1=0.704 rhythm_precision=0.805 note_value_acc=0.161 note_value_n=87 avg_beat_error=0.203
      final display structure: cluster_f1=0.611 onset_align_recall=0.871 avg_jaccard=0.844 exact=40/70 pred=61 over=5 under=16 pitch_conflicts=0 missed_gt=9
      threshold profiles: hit_rate=0.200 thresholds=[0.71, 0.75] profiles={'baseline_nominal': 8, 'soft_sparse_recall': 2}
    delta treatment-control: precision=+0.000 recall=+0.000 f1=+0.000 offset_f1=+0.000 note_value_acc=+0.000 dup_per_100=+0.00 boundary_miss_rate=+0.000 p95_chunk_ms=-1.19 f1_10ms=+0.000 f1_20ms=+0.000 f1_30ms=+0.000 visible_p50_ms=-8.3 stabilize_p50_ms=+1.3 algo_visible_p50_ms=+0.0 algo_stabilize_p50_ms=+0.0 avg_revisions=+0.00 display_note_f1=+0.000 display_offset_f1=+0.000 display_cluster_f1=+0.000 display_cluster_jaccard=+0.000
    failure buckets: ['boundary_miss_failure', 'high_revision_slow_stabilization', 'note_value_offset_failure']
      boundary diagnostics: missed=8 by_arm={'control': 8, 'treatment': 8} tags={'control_boundary_miss': 8, 'no_control_coarse_candidate': 8}
        miss: pitch=80 onset=0.542s boundary_delta_ms=-58.3 control_coarse=False treatment_coarse=False retro=n/a
        miss: pitch=77 onset=0.562s boundary_delta_ms=-37.5 control_coarse=False treatment_coarse=False retro=n/a
        miss: pitch=77 onset=1.107s boundary_delta_ms=-93.2 control_coarse=False treatment_coarse=False retro=n/a
        ... 5 more missed boundary notes in diagnostics JSON
[TIMING] EnhancedMel.transcribe: audio_to_gpu=0.5ms, features=0.9ms, model=19.6ms, decode=1.4ms | TOTAL=22.3ms for 600ms audio (RTF=0.04x)
[TIMING] stream_chunk[experiment-4933793793b544dd9f495d642b96369a](live_neural): decode=0.1ms, inference=24.9ms, second_pass=0.0ms, contention=0.0ms, TOTAL=25.1ms | audio=600ms, RTF=0.04x | model=enhanced_mel, neural_total=24.3ms, model_inference=19.6ms
[TIMING] EnhancedMel.transcribe: audio_to_gpu=0.3ms, features=0.7ms, model=20.4ms, decode=2.5ms | TOTAL=23.9ms for 1200ms audio (RTF=0.02x)
[TIMING] stream_chunk[experiment-4933793793b544dd9f495d642b96369a](live_neural): decode=0.1ms, inference=25.8ms, second_pass=0.0ms, contention=0.0ms, TOTAL=26.0ms | audio=600ms, RTF=0.04x | model=enhanced_mel, neural_total=25.4ms, model_inference=20.4ms
[TIMING] EnhancedMel.transcribe: audio_to_gpu=0.3ms, features=0.6ms, model=10.7ms, decode=3.5ms | TOTAL=15.0ms for 1800ms audio (RTF=0.01x)
[TIMING] stream_chunk[experiment-4933793793b544dd9f495d642b96369a](live_neural): decode=0.1ms, inference=17.0ms, second_pass=0.0ms, contention=0.0ms, TOTAL=17.3ms | audio=600ms, RTF=0.03x | model=enhanced_mel, neural_total=16.6ms, model_inference=10.7ms
[TIMING] EnhancedMel.transcribe: audio_to_gpu=0.2ms, features=0.5ms, model=12.8ms, decode=4.6ms | TOTAL=18.1ms for 2400ms audio (RTF=0.01x)
[TIMING] stream_chunk[experiment-4933793793b544dd9f495d642b96369a](live_neural): decode=0.1ms, inference=20.2ms, second_pass=0.0ms, contention=0.0ms, TOTAL=20.5ms | audio=600ms, RTF=0.03x | model=enhanced_mel, neural_total=19.8ms, model_inference=12.8ms
[TIMING] EnhancedMel.transcribe: audio_to_gpu=0.3ms, features=0.7ms, model=20.3ms, decode=6.7ms | TOTAL=28.1ms for 3000ms audio (RTF=0.01x)
[TIMING] stream_chunk[experiment-4933793793b544dd9f495d642b96369a](live_neural): decode=0.1ms, inference=30.6ms, second_pass=0.0ms, contention=0.0ms, TOTAL=30.9ms | audio=600ms, RTF=0.05x | model=enhanced_mel, neural_total=30.2ms, model_inference=20.3ms
[TIMING] EnhancedMel.transcribe: audio_to_gpu=0.2ms, features=0.5ms, model=12.2ms, decode=6.4ms | TOTAL=19.4ms for 3000ms audio (RTF=0.01x)
[TIMING] stream_chunk[experiment-4933793793b544dd9f495d642b96369a](live_neural): decode=0.2ms, inference=22.0ms, second_pass=0.0ms, contention=0.0ms, TOTAL=22.4ms | audio=600ms, RTF=0.04x | model=enhanced_mel, neural_total=21.5ms, model_inference=12.2ms
[TIMING] EnhancedMel.transcribe: audio_to_gpu=0.3ms, features=0.5ms, model=13.6ms, decode=6.5ms | TOTAL=20.9ms for 3000ms audio (RTF=0.01x)
[TIMING] stream_chunk[experiment-4933793793b544dd9f495d642b96369a](live_neural): decode=0.1ms, inference=23.3ms, second_pass=0.0ms, contention=0.0ms, TOTAL=23.6ms | audio=600ms, RTF=0.04x | model=enhanced_mel, neural_total=23.0ms, model_inference=13.6ms
[TIMING] EnhancedMel.transcribe: audio_to_gpu=0.4ms, features=6.0ms, model=12.4ms, decode=5.5ms | TOTAL=24.4ms for 3000ms audio (RTF=0.01x)
[TIMING] stream_chunk[experiment-4933793793b544dd9f495d642b96369a](live_neural): decode=0.1ms, inference=27.2ms, second_pass=0.0ms, contention=0.0ms, TOTAL=27.4ms | audio=600ms, RTF=0.05x | model=enhanced_mel, neural_total=26.8ms, model_inference=12.4ms
[TIMING] EnhancedMel.transcribe: audio_to_gpu=0.2ms, features=0.5ms, model=14.1ms, decode=5.7ms | TOTAL=20.5ms for 3000ms audio (RTF=0.01x)
[TIMING] stream_chunk[experiment-4933793793b544dd9f495d642b96369a](live_neural): decode=0.1ms, inference=23.8ms, second_pass=0.0ms, contention=0.0ms, TOTAL=24.1ms | audio=600ms, RTF=0.04x | model=enhanced_mel, neural_total=23.5ms, model_inference=14.1ms
[TIMING] EnhancedMel.transcribe: audio_to_gpu=0.4ms, features=0.6ms, model=19.4ms, decode=5.8ms | TOTAL=26.3ms for 3000ms audio (RTF=0.01x)
[TIMING] stream_chunk[experiment-4933793793b544dd9f495d642b96369a](live_neural): decode=0.1ms, inference=28.8ms, second_pass=0.0ms, contention=0.0ms, TOTAL=29.2ms | audio=600ms, RTF=0.05x | model=enhanced_mel, neural_total=28.3ms, model_inference=19.4ms
[TIMING] EnhancedMel.transcribe: audio_to_gpu=1.9ms, features=0.5ms, model=10.2ms, decode=1.3ms | TOTAL=14.0ms for 600ms audio (RTF=0.02x)
[TIMING] stream_chunk[experiment-89e39de69eee457a9132125c33279bea](live_neural): decode=0.2ms, inference=15.7ms, second_pass=0.0ms, contention=0.0ms, TOTAL=16.0ms | audio=600ms, RTF=0.03x | model=enhanced_mel, neural_total=15.3ms, model_inference=10.2ms
[TIMING] EnhancedMel.transcribe: audio_to_gpu=0.2ms, features=0.4ms, model=9.9ms, decode=2.4ms | TOTAL=12.9ms for 1200ms audio (RTF=0.01x)
[TIMING] stream_chunk[experiment-89e39de69eee457a9132125c33279bea](live_neural): decode=0.1ms, inference=14.8ms, second_pass=0.0ms, contention=0.0ms, TOTAL=15.1ms | audio=600ms, RTF=0.03x | model=enhanced_mel, neural_total=14.5ms, model_inference=9.9ms
[TIMING] EnhancedMel.transcribe: audio_to_gpu=0.2ms, features=0.7ms, model=19.8ms, decode=4.4ms | TOTAL=25.0ms for 1800ms audio (RTF=0.01x)
[TIMING] stream_chunk[experiment-89e39de69eee457a9132125c33279bea](live_neural): decode=0.1ms, inference=27.2ms, second_pass=0.0ms, contention=0.0ms, TOTAL=27.5ms | audio=600ms, RTF=0.05x | model=enhanced_mel, neural_total=26.7ms, model_inference=19.8ms
[TIMING] EnhancedMel.transcribe: audio_to_gpu=0.3ms, features=0.5ms, model=12.1ms, decode=4.6ms | TOTAL=17.5ms for 2400ms audio (RTF=0.01x)
[TIMING] stream_chunk[experiment-89e39de69eee457a9132125c33279bea](live_neural): decode=0.3ms, inference=20.4ms, second_pass=0.0ms, contention=0.0ms, TOTAL=21.0ms | audio=600ms, RTF=0.04x | model=enhanced_mel, neural_total=20.0ms, model_inference=12.1ms
[TIMING] EnhancedMel.transcribe: audio_to_gpu=0.2ms, features=0.5ms, model=12.0ms, decode=5.6ms | TOTAL=18.3ms for 3000ms audio (RTF=0.01x)
[TIMING] stream_chunk[experiment-89e39de69eee457a9132125c33279bea](live_neural): decode=0.1ms, inference=20.7ms, second_pass=0.0ms, contention=0.0ms, TOTAL=21.1ms | audio=600ms, RTF=0.04x | model=enhanced_mel, neural_total=20.3ms, model_inference=12.0ms
[TIMING] EnhancedMel.transcribe: audio_to_gpu=0.3ms, features=0.5ms, model=11.7ms, decode=5.4ms | TOTAL=17.9ms for 3000ms audio (RTF=0.01x)
[TIMING] stream_chunk[experiment-89e39de69eee457a9132125c33279bea](live_neural): decode=0.1ms, inference=20.3ms, second_pass=0.0ms, contention=0.0ms, TOTAL=20.6ms | audio=600ms, RTF=0.03x | model=enhanced_mel, neural_total=19.9ms, model_inference=11.7ms
[TIMING] EnhancedMel.transcribe: audio_to_gpu=0.4ms, features=4.7ms, model=11.6ms, decode=5.5ms | TOTAL=22.2ms for 3000ms audio (RTF=0.01x)
[TIMING] stream_chunk[experiment-89e39de69eee457a9132125c33279bea](live_neural): decode=0.2ms, inference=25.4ms, second_pass=0.0ms, contention=0.0ms, TOTAL=25.8ms | audio=600ms, RTF=0.04x | model=enhanced_mel, neural_total=25.1ms, model_inference=11.6ms
[TIMING] EnhancedMel.transcribe: audio_to_gpu=0.3ms, features=0.5ms, model=11.9ms, decode=7.2ms | TOTAL=19.9ms for 3000ms audio (RTF=0.01x)
[TIMING] stream_chunk[experiment-89e39de69eee457a9132125c33279bea](live_neural): decode=0.1ms, inference=22.3ms, second_pass=0.0ms, contention=0.0ms, TOTAL=22.6ms | audio=600ms, RTF=0.04x | model=enhanced_mel, neural_total=21.9ms, model_inference=11.9ms
[TIMING] EnhancedMel.transcribe: audio_to_gpu=0.2ms, features=3.6ms, model=11.9ms, decode=5.8ms | TOTAL=21.5ms for 3000ms audio (RTF=0.01x)
[TIMING] stream_chunk[experiment-89e39de69eee457a9132125c33279bea](live_neural): decode=0.1ms, inference=24.5ms, second_pass=0.0ms, contention=0.0ms, TOTAL=24.8ms | audio=600ms, RTF=0.04x | model=enhanced_mel, neural_total=24.1ms, model_inference=11.9ms
[TIMING] EnhancedMel.transcribe: audio_to_gpu=0.3ms, features=0.6ms, model=11.8ms, decode=5.7ms | TOTAL=18.4ms for 3000ms audio (RTF=0.01x)
[TIMING] stream_chunk[experiment-89e39de69eee457a9132125c33279bea](live_neural): decode=0.1ms, inference=22.4ms, second_pass=0.0ms, contention=0.0ms, TOTAL=22.7ms | audio=600ms, RTF=0.04x | model=enhanced_mel, neural_total=22.0ms, model_inference=11.8ms

[CLIP_027] Sonata in D Major, K. 96 L. 465
  excerpt: start=9.00s end=15.00s duration=6.00s gt_notes=124 rms=0.0589 peak=0.3158 crest=5.362 rms_std=0.0197
    control:
      note metrics: precision=0.895 recall=0.895 f1=0.895 matched=111/124 pred=124
      strict onset f1: 10ms=0.758 20ms=0.895 30ms=0.895
      timing metrics: offset_f1=0.823 rhythm_precision=0.919 note_value_acc=0.658 note_value_n=111 avg_beat_error=0.077
      duplicate metrics: duplicates=11 per_100_notes=8.87
      boundary metrics: gt=43 matched=37 missed=6 miss_rate=0.140
      latency: avg_chunk_ms=24.65 p95_chunk_ms=30.11 avg_rtf=0.041
      notation metrics: first_correct_ms=49.6 visible_p50_ms=395.3 visible_p95_ms=592.8 stabilize_p50_ms=1682.6 stabilize_p95_ms=2337.2 avg_revisions=1.17 matched=23 refined=23 snapshots=18
      algorithmic latency: first_correct_ms=24.5 visible_p50_ms=369.3 visible_p95_ms=568.2 stabilize_p50_ms=1162.8 stabilize_p95_ms=1817.3
      final display note metrics: precision=0.982 recall=0.871 f1=0.923 matched=108/124 pred=110
      final display strict onset f1: 10ms=0.786 20ms=0.923 30ms=0.923
      final display timing: offset_f1=0.846 rhythm_precision=0.917 note_value_acc=0.343 note_value_n=108 avg_beat_error=0.188
      final display structure: cluster_f1=0.753 onset_align_recall=0.979 avg_jaccard=0.905 exact=35/47 pred=46 over=0 under=10 pitch_conflicts=1 missed_gt=1
      threshold profiles: hit_rate=0.000 thresholds=[0.75] profiles={'fixed_baseline': 10}
    treatment:
      note metrics: precision=0.895 recall=0.895 f1=0.895 matched=111/124 pred=124
      strict onset f1: 10ms=0.758 20ms=0.895 30ms=0.895
      timing metrics: offset_f1=0.823 rhythm_precision=0.919 note_value_acc=0.658 note_value_n=111 avg_beat_error=0.077
      duplicate metrics: duplicates=11 per_100_notes=8.87
      boundary metrics: gt=43 matched=37 missed=6 miss_rate=0.140
      latency: avg_chunk_ms=21.70 p95_chunk_ms=26.70 avg_rtf=0.036
      notation metrics: first_correct_ms=40.4 visible_p50_ms=384.4 visible_p95_ms=584.6 stabilize_p50_ms=1680.9 stabilize_p95_ms=2337.4 avg_revisions=1.17 matched=23 refined=23 snapshots=18
      algorithmic latency: first_correct_ms=24.5 visible_p50_ms=369.3 visible_p95_ms=568.2 stabilize_p50_ms=1162.8 stabilize_p95_ms=1817.3
      final display note metrics: precision=0.982 recall=0.871 f1=0.923 matched=108/124 pred=110
      final display strict onset f1: 10ms=0.786 20ms=0.923 30ms=0.923
      final display timing: offset_f1=0.846 rhythm_precision=0.917 note_value_acc=0.343 note_value_n=108 avg_beat_error=0.188
      final display structure: cluster_f1=0.753 onset_align_recall=0.979 avg_jaccard=0.905 exact=35/47 pred=46 over=0 under=10 pitch_conflicts=1 missed_gt=1
      threshold profiles: hit_rate=0.000 thresholds=[0.75] profiles={'baseline_nominal': 10}
    delta treatment-control: precision=+0.000 recall=+0.000 f1=+0.000 offset_f1=+0.000 note_value_acc=+0.000 dup_per_100=+0.00 boundary_miss_rate=+0.000 p95_chunk_ms=-3.41 f1_10ms=+0.000 f1_20ms=+0.000 f1_30ms=+0.000 visible_p50_ms=-10.9 stabilize_p50_ms=-1.7 algo_visible_p50_ms=+0.0 algo_stabilize_p50_ms=+0.0 avg_revisions=+0.00 display_note_f1=+0.000 display_offset_f1=+0.000 display_cluster_f1=+0.000 display_cluster_jaccard=+0.000
    failure buckets: ['runtime_only_win', 'boundary_miss_failure', 'high_revision_slow_stabilization']
      boundary diagnostics: missed=6 by_arm={'control': 6, 'treatment': 6} tags={'control_boundary_miss': 6, 'no_control_coarse_candidate': 6}
        miss: pitch=55 onset=0.630s boundary_delta_ms=+30.2 control_coarse=False treatment_coarse=False retro=n/a
        miss: pitch=74 onset=1.161s boundary_delta_ms=-38.5 control_coarse=False treatment_coarse=False retro=n/a
        miss: pitch=52 onset=2.367s boundary_delta_ms=-32.8 control_coarse=False treatment_coarse=False retro=n/a
        ... 3 more missed boundary notes in diagnostics JSON
[TIMING] EnhancedMel.transcribe: audio_to_gpu=0.4ms, features=0.8ms, model=13.6ms, decode=1.4ms | TOTAL=16.1ms for 600ms audio (RTF=0.03x)
[TIMING] stream_chunk[experiment-8317265496c54b5790892cb15873203b](live_neural): decode=0.2ms, inference=18.5ms, second_pass=0.0ms, contention=0.0ms, TOTAL=18.7ms | audio=600ms, RTF=0.03x | model=enhanced_mel, neural_total=17.8ms, model_inference=13.6ms
[TIMING] EnhancedMel.transcribe: audio_to_gpu=0.1ms, features=0.4ms, model=10.6ms, decode=2.4ms | TOTAL=13.4ms for 1200ms audio (RTF=0.01x)
[TIMING] stream_chunk[experiment-8317265496c54b5790892cb15873203b](live_neural): decode=0.1ms, inference=15.1ms, second_pass=0.0ms, contention=0.0ms, TOTAL=15.3ms | audio=600ms, RTF=0.03x | model=enhanced_mel, neural_total=14.7ms, model_inference=10.6ms
[TIMING] EnhancedMel.transcribe: audio_to_gpu=0.3ms, features=0.4ms, model=10.8ms, decode=3.5ms | TOTAL=15.0ms for 1800ms audio (RTF=0.01x)
[TIMING] stream_chunk[experiment-8317265496c54b5790892cb15873203b](live_neural): decode=0.1ms, inference=17.8ms, second_pass=0.0ms, contention=0.0ms, TOTAL=18.0ms | audio=600ms, RTF=0.03x | model=enhanced_mel, neural_total=16.6ms, model_inference=10.8ms
[TIMING] EnhancedMel.transcribe: audio_to_gpu=0.1ms, features=0.4ms, model=11.5ms, decode=4.6ms | TOTAL=16.6ms for 2400ms audio (RTF=0.01x)
[TIMING] stream_chunk[experiment-8317265496c54b5790892cb15873203b](live_neural): decode=0.1ms, inference=18.7ms, second_pass=0.0ms, contention=0.0ms, TOTAL=19.0ms | audio=600ms, RTF=0.03x | model=enhanced_mel, neural_total=18.4ms, model_inference=11.5ms
[TIMING] EnhancedMel.transcribe: audio_to_gpu=0.4ms, features=0.9ms, model=18.8ms, decode=5.6ms | TOTAL=25.8ms for 3000ms audio (RTF=0.01x)
[TIMING] stream_chunk[experiment-8317265496c54b5790892cb15873203b](live_neural): decode=0.1ms, inference=28.6ms, second_pass=0.0ms, contention=0.0ms, TOTAL=28.9ms | audio=600ms, RTF=0.05x | model=enhanced_mel, neural_total=28.2ms, model_inference=18.8ms
[TIMING] EnhancedMel.transcribe: audio_to_gpu=0.3ms, features=0.5ms, model=11.7ms, decode=5.9ms | TOTAL=18.4ms for 3000ms audio (RTF=0.01x)
[TIMING] stream_chunk[experiment-8317265496c54b5790892cb15873203b](live_neural): decode=0.1ms, inference=21.0ms, second_pass=0.0ms, contention=0.0ms, TOTAL=21.4ms | audio=600ms, RTF=0.04x | model=enhanced_mel, neural_total=20.5ms, model_inference=11.7ms
[TIMING] EnhancedMel.transcribe: audio_to_gpu=0.3ms, features=0.5ms, model=11.9ms, decode=5.8ms | TOTAL=18.5ms for 3000ms audio (RTF=0.01x)
[TIMING] stream_chunk[experiment-8317265496c54b5790892cb15873203b](live_neural): decode=0.1ms, inference=21.7ms, second_pass=0.0ms, contention=0.0ms, TOTAL=22.1ms | audio=600ms, RTF=0.04x | model=enhanced_mel, neural_total=21.1ms, model_inference=11.9ms
[TIMING] EnhancedMel.transcribe: audio_to_gpu=0.4ms, features=2.4ms, model=15.3ms, decode=5.9ms | TOTAL=24.1ms for 3000ms audio (RTF=0.01x)
[TIMING] stream_chunk[experiment-8317265496c54b5790892cb15873203b](live_neural): decode=0.1ms, inference=26.6ms, second_pass=0.0ms, contention=0.0ms, TOTAL=26.9ms | audio=600ms, RTF=0.04x | model=enhanced_mel, neural_total=26.2ms, model_inference=15.3ms
[TIMING] EnhancedMel.transcribe: audio_to_gpu=0.3ms, features=0.5ms, model=12.3ms, decode=5.9ms | TOTAL=19.0ms for 3000ms audio (RTF=0.01x)
[TIMING] stream_chunk[experiment-8317265496c54b5790892cb15873203b](live_neural): decode=0.1ms, inference=22.4ms, second_pass=0.0ms, contention=0.0ms, TOTAL=23.0ms | audio=600ms, RTF=0.04x | model=enhanced_mel, neural_total=22.0ms, model_inference=12.3ms
[TIMING] EnhancedMel.transcribe: audio_to_gpu=0.4ms, features=0.7ms, model=20.8ms, decode=6.1ms | TOTAL=28.0ms for 3000ms audio (RTF=0.01x)
[TIMING] stream_chunk[experiment-8317265496c54b5790892cb15873203b](live_neural): decode=0.1ms, inference=30.4ms, second_pass=0.0ms, contention=0.0ms, TOTAL=30.7ms | audio=600ms, RTF=0.05x | model=enhanced_mel, neural_total=30.0ms, model_inference=20.8ms
[TIMING] EnhancedMel.transcribe: audio_to_gpu=0.3ms, features=0.5ms, model=10.5ms, decode=1.4ms | TOTAL=12.7ms for 600ms audio (RTF=0.02x)
[TIMING] stream_chunk[experiment-aa030e8792774d19ae14c77892ce6fba](live_neural): decode=0.1ms, inference=14.4ms, second_pass=0.0ms, contention=0.0ms, TOTAL=14.6ms | audio=600ms, RTF=0.02x | model=enhanced_mel, neural_total=14.1ms, model_inference=10.5ms
[TIMING] EnhancedMel.transcribe: audio_to_gpu=0.1ms, features=0.3ms, model=9.7ms, decode=2.4ms | TOTAL=12.5ms for 1200ms audio (RTF=0.01x)
[TIMING] stream_chunk[experiment-aa030e8792774d19ae14c77892ce6fba](live_neural): decode=0.1ms, inference=14.3ms, second_pass=0.0ms, contention=0.0ms, TOTAL=14.5ms | audio=600ms, RTF=0.02x | model=enhanced_mel, neural_total=13.8ms, model_inference=9.7ms
[TIMING] EnhancedMel.transcribe: audio_to_gpu=0.2ms, features=0.5ms, model=11.4ms, decode=3.4ms | TOTAL=15.5ms for 1800ms audio (RTF=0.01x)
[TIMING] stream_chunk[experiment-aa030e8792774d19ae14c77892ce6fba](live_neural): decode=0.1ms, inference=18.5ms, second_pass=0.0ms, contention=0.0ms, TOTAL=18.7ms | audio=600ms, RTF=0.03x | model=enhanced_mel, neural_total=18.1ms, model_inference=11.4ms
[TIMING] EnhancedMel.transcribe: audio_to_gpu=0.2ms, features=0.6ms, model=11.9ms, decode=4.5ms | TOTAL=17.2ms for 2400ms audio (RTF=0.01x)
[TIMING] stream_chunk[experiment-aa030e8792774d19ae14c77892ce6fba](live_neural): decode=0.1ms, inference=19.4ms, second_pass=0.0ms, contention=0.0ms, TOTAL=19.7ms | audio=600ms, RTF=0.03x | model=enhanced_mel, neural_total=18.9ms, model_inference=11.9ms
[TIMING] EnhancedMel.transcribe: audio_to_gpu=0.3ms, features=5.6ms, model=12.1ms, decode=5.6ms | TOTAL=23.6ms for 3000ms audio (RTF=0.01x)
[TIMING] stream_chunk[experiment-aa030e8792774d19ae14c77892ce6fba](live_neural): decode=0.1ms, inference=25.9ms, second_pass=0.0ms, contention=0.0ms, TOTAL=26.3ms | audio=600ms, RTF=0.04x | model=enhanced_mel, neural_total=25.6ms, model_inference=12.1ms
[TIMING] EnhancedMel.transcribe: audio_to_gpu=0.3ms, features=0.5ms, model=12.4ms, decode=5.7ms | TOTAL=18.8ms for 3000ms audio (RTF=0.01x)
[TIMING] stream_chunk[experiment-aa030e8792774d19ae14c77892ce6fba](live_neural): decode=0.1ms, inference=21.2ms, second_pass=0.0ms, contention=0.0ms, TOTAL=21.5ms | audio=600ms, RTF=0.04x | model=enhanced_mel, neural_total=20.8ms, model_inference=12.4ms
[TIMING] EnhancedMel.transcribe: audio_to_gpu=0.3ms, features=0.5ms, model=12.0ms, decode=5.7ms | TOTAL=18.5ms for 3000ms audio (RTF=0.01x)
[TIMING] stream_chunk[experiment-aa030e8792774d19ae14c77892ce6fba](live_neural): decode=0.1ms, inference=21.1ms, second_pass=0.0ms, contention=0.0ms, TOTAL=21.4ms | audio=600ms, RTF=0.04x | model=enhanced_mel, neural_total=20.6ms, model_inference=12.0ms
[TIMING] EnhancedMel.transcribe: audio_to_gpu=0.2ms, features=0.5ms, model=13.3ms, decode=5.9ms | TOTAL=19.9ms for 3000ms audio (RTF=0.01x)
[TIMING] stream_chunk[experiment-aa030e8792774d19ae14c77892ce6fba](live_neural): decode=0.1ms, inference=22.4ms, second_pass=0.0ms, contention=0.0ms, TOTAL=22.8ms | audio=600ms, RTF=0.04x | model=enhanced_mel, neural_total=22.0ms, model_inference=13.3ms
[TIMING] EnhancedMel.transcribe: audio_to_gpu=0.3ms, features=0.5ms, model=12.3ms, decode=5.7ms | TOTAL=18.8ms for 3000ms audio (RTF=0.01x)
[TIMING] stream_chunk[experiment-aa030e8792774d19ae14c77892ce6fba](live_neural): decode=0.1ms, inference=22.1ms, second_pass=0.0ms, contention=0.0ms, TOTAL=22.5ms | audio=600ms, RTF=0.04x | model=enhanced_mel, neural_total=21.7ms, model_inference=12.3ms
[TIMING] EnhancedMel.transcribe: audio_to_gpu=0.3ms, features=0.5ms, model=12.3ms, decode=6.0ms | TOTAL=19.0ms for 3000ms audio (RTF=0.01x)
[TIMING] stream_chunk[experiment-aa030e8792774d19ae14c77892ce6fba](live_neural): decode=0.1ms, inference=21.6ms, second_pass=0.0ms, contention=0.0ms, TOTAL=21.9ms | audio=600ms, RTF=0.04x | model=enhanced_mel, neural_total=21.1ms, model_inference=12.3ms

[CLIP_028] Etude No. 7 "Study in Chromatic Steps"
  excerpt: start=84.00s end=90.00s duration=6.00s gt_notes=131 rms=0.0495 peak=0.4230 crest=8.542 rms_std=0.0249
    control:
      note metrics: precision=0.976 recall=0.931 f1=0.953 matched=122/131 pred=125
      strict onset f1: 10ms=0.688 20ms=0.922 30ms=0.953
      timing metrics: offset_f1=0.945 rhythm_precision=0.992 note_value_acc=0.697 note_value_n=122 avg_beat_error=0.032
      duplicate metrics: duplicates=2 per_100_notes=1.60
      boundary metrics: gt=37 matched=32 missed=5 miss_rate=0.135
      latency: avg_chunk_ms=22.42 p95_chunk_ms=29.93 avg_rtf=0.037
      notation metrics: first_correct_ms=37.2 visible_p50_ms=329.6 visible_p95_ms=594.3 stabilize_p50_ms=1723.0 stabilize_p95_ms=2619.4 avg_revisions=1.60 matched=40 refined=40 snapshots=20
      algorithmic latency: first_correct_ms=21.9 visible_p50_ms=307.8 visible_p95_ms=571.3 stabilize_p50_ms=1271.4 stabilize_p95_ms=2466.1
      final display note metrics: precision=0.992 recall=0.931 f1=0.961 matched=122/131 pred=123
      final display strict onset f1: 10ms=0.693 20ms=0.929 30ms=0.961
      final display timing: offset_f1=0.953 rhythm_precision=0.992 note_value_acc=0.459 note_value_n=122 avg_beat_error=0.095
      final display structure: cluster_f1=0.791 onset_align_recall=1.000 avg_jaccard=0.908 exact=53/67 pred=67 over=3 under=11 pitch_conflicts=0 missed_gt=0
      threshold profiles: hit_rate=0.000 thresholds=[0.75] profiles={'fixed_baseline': 10}
    treatment:
      note metrics: precision=0.968 recall=0.931 f1=0.949 matched=122/131 pred=126
      strict onset f1: 10ms=0.685 20ms=0.918 30ms=0.949
      timing metrics: offset_f1=0.942 rhythm_precision=0.992 note_value_acc=0.697 note_value_n=122 avg_beat_error=0.032
      duplicate metrics: duplicates=2 per_100_notes=1.59
      boundary metrics: gt=37 matched=32 missed=5 miss_rate=0.135
      latency: avg_chunk_ms=20.40 p95_chunk_ms=24.74 avg_rtf=0.034
      notation metrics: first_correct_ms=36.4 visible_p50_ms=325.5 visible_p95_ms=593.8 stabilize_p50_ms=1921.2 stabilize_p95_ms=2490.6 avg_revisions=2.17 matched=40 refined=40 snapshots=18
      algorithmic latency: first_correct_ms=21.9 visible_p50_ms=307.8 visible_p95_ms=571.3 stabilize_p50_ms=1853.6 stabilize_p95_ms=2424.8
      final display note metrics: precision=0.984 recall=0.931 f1=0.957 matched=122/131 pred=124
      final display strict onset f1: 10ms=0.690 20ms=0.925 30ms=0.957
      final display timing: offset_f1=0.949 rhythm_precision=0.992 note_value_acc=0.434 note_value_n=122 avg_beat_error=0.100
      final display structure: cluster_f1=0.785 onset_align_recall=1.000 avg_jaccard=0.908 exact=53/67 pred=68 over=3 under=11 pitch_conflicts=0 missed_gt=0
      threshold profiles: hit_rate=0.100 thresholds=[0.46, 0.75] profiles={'baseline_nominal': 9, 'loud_dense_precision': 1}
    delta treatment-control: precision=-0.008 recall=+0.000 f1=-0.004 offset_f1=-0.004 note_value_acc=+0.000 dup_per_100=-0.01 boundary_miss_rate=+0.000 p95_chunk_ms=-5.19 f1_10ms=-0.003 f1_20ms=-0.004 f1_30ms=-0.004 visible_p50_ms=-4.1 stabilize_p50_ms=+198.2 algo_visible_p50_ms=+0.0 algo_stabilize_p50_ms=+582.3 avg_revisions=+0.57 display_note_f1=-0.004 display_offset_f1=-0.004 display_cluster_f1=-0.006 display_cluster_jaccard=+0.000
    failure buckets: ['runtime_only_win', 'boundary_miss_failure', 'high_revision_slow_stabilization']
      boundary diagnostics: missed=5 by_arm={'control': 5, 'treatment': 5} tags={'control_boundary_miss': 5, 'no_control_coarse_candidate': 5}
        miss: pitch=76 onset=1.101s boundary_delta_ms=-99.0 control_coarse=False treatment_coarse=False retro=n/a
        miss: pitch=78 onset=2.459s boundary_delta_ms=+59.4 control_coarse=False treatment_coarse=False retro=n/a
        miss: pitch=79 onset=3.672s boundary_delta_ms=+71.9 control_coarse=False treatment_coarse=False retro=n/a
        ... 2 more missed boundary notes in diagnostics JSON
[TIMING] EnhancedMel.transcribe: audio_to_gpu=0.5ms, features=0.7ms, model=10.5ms, decode=1.3ms | TOTAL=13.0ms for 600ms audio (RTF=0.02x)
[TIMING] stream_chunk[experiment-d90d3b55ea2f43cdbe2d6187bd8ba91f](live_neural): decode=0.2ms, inference=15.6ms, second_pass=0.0ms, contention=0.0ms, TOTAL=15.9ms | audio=600ms, RTF=0.03x | model=enhanced_mel, neural_total=15.2ms, model_inference=10.5ms
[TIMING] EnhancedMel.transcribe: audio_to_gpu=0.1ms, features=0.3ms, model=9.8ms, decode=2.3ms | TOTAL=12.5ms for 1200ms audio (RTF=0.01x)
[TIMING] stream_chunk[experiment-d90d3b55ea2f43cdbe2d6187bd8ba91f](live_neural): decode=0.2ms, inference=14.6ms, second_pass=0.0ms, contention=0.0ms, TOTAL=14.9ms | audio=600ms, RTF=0.02x | model=enhanced_mel, neural_total=14.1ms, model_inference=9.8ms
[TIMING] EnhancedMel.transcribe: audio_to_gpu=0.1ms, features=0.5ms, model=12.4ms, decode=3.3ms | TOTAL=16.3ms for 1800ms audio (RTF=0.01x)
[TIMING] stream_chunk[experiment-d90d3b55ea2f43cdbe2d6187bd8ba91f](live_neural): decode=0.1ms, inference=19.2ms, second_pass=0.0ms, contention=0.0ms, TOTAL=19.5ms | audio=600ms, RTF=0.03x | model=enhanced_mel, neural_total=18.8ms, model_inference=12.4ms
[TIMING] EnhancedMel.transcribe: audio_to_gpu=0.3ms, features=0.6ms, model=11.3ms, decode=4.5ms | TOTAL=16.7ms for 2400ms audio (RTF=0.01x)
[TIMING] stream_chunk[experiment-d90d3b55ea2f43cdbe2d6187bd8ba91f](live_neural): decode=0.1ms, inference=19.9ms, second_pass=0.0ms, contention=0.0ms, TOTAL=20.2ms | audio=600ms, RTF=0.03x | model=enhanced_mel, neural_total=19.5ms, model_inference=11.3ms
[TIMING] EnhancedMel.transcribe: audio_to_gpu=0.3ms, features=0.6ms, model=14.0ms, decode=5.6ms | TOTAL=20.6ms for 3000ms audio (RTF=0.01x)
[TIMING] stream_chunk[experiment-d90d3b55ea2f43cdbe2d6187bd8ba91f](live_neural): decode=0.1ms, inference=23.9ms, second_pass=0.0ms, contention=0.0ms, TOTAL=24.3ms | audio=600ms, RTF=0.04x | model=enhanced_mel, neural_total=23.4ms, model_inference=14.0ms
[TIMING] EnhancedMel.transcribe: audio_to_gpu=0.3ms, features=0.6ms, model=19.2ms, decode=5.6ms | TOTAL=25.8ms for 3000ms audio (RTF=0.01x)
[TIMING] stream_chunk[experiment-d90d3b55ea2f43cdbe2d6187bd8ba91f](live_neural): decode=0.1ms, inference=28.9ms, second_pass=0.0ms, contention=0.0ms, TOTAL=29.1ms | audio=600ms, RTF=0.05x | model=enhanced_mel, neural_total=28.5ms, model_inference=19.2ms
[TIMING] EnhancedMel.transcribe: audio_to_gpu=0.3ms, features=0.5ms, model=12.0ms, decode=5.8ms | TOTAL=18.6ms for 3000ms audio (RTF=0.01x)
[TIMING] stream_chunk[experiment-d90d3b55ea2f43cdbe2d6187bd8ba91f](live_neural): decode=0.1ms, inference=21.9ms, second_pass=0.0ms, contention=0.0ms, TOTAL=22.4ms | audio=600ms, RTF=0.04x | model=enhanced_mel, neural_total=21.5ms, model_inference=12.0ms
[TIMING] EnhancedMel.transcribe: audio_to_gpu=0.3ms, features=0.5ms, model=15.2ms, decode=6.3ms | TOTAL=22.3ms for 3000ms audio (RTF=0.01x)
[TIMING] stream_chunk[experiment-d90d3b55ea2f43cdbe2d6187bd8ba91f](live_neural): decode=0.1ms, inference=24.9ms, second_pass=0.0ms, contention=0.0ms, TOTAL=25.3ms | audio=600ms, RTF=0.04x | model=enhanced_mel, neural_total=24.3ms, model_inference=15.2ms
[TIMING] EnhancedMel.transcribe: audio_to_gpu=0.2ms, features=0.5ms, model=11.9ms, decode=5.6ms | TOTAL=18.3ms for 3000ms audio (RTF=0.01x)
[TIMING] stream_chunk[experiment-d90d3b55ea2f43cdbe2d6187bd8ba91f](live_neural): decode=0.2ms, inference=20.8ms, second_pass=0.0ms, contention=0.0ms, TOTAL=21.1ms | audio=600ms, RTF=0.04x | model=enhanced_mel, neural_total=20.3ms, model_inference=11.9ms
[TIMING] EnhancedMel.transcribe: audio_to_gpu=0.6ms, features=0.5ms, model=11.7ms, decode=7.7ms | TOTAL=20.6ms for 3000ms audio (RTF=0.01x)
[TIMING] stream_chunk[experiment-d90d3b55ea2f43cdbe2d6187bd8ba91f](live_neural): decode=0.1ms, inference=24.1ms, second_pass=0.0ms, contention=0.0ms, TOTAL=24.4ms | audio=600ms, RTF=0.04x | model=enhanced_mel, neural_total=23.6ms, model_inference=11.7ms
[TIMING] EnhancedMel.transcribe: audio_to_gpu=0.4ms, features=0.6ms, model=10.4ms, decode=1.3ms | TOTAL=12.6ms for 600ms audio (RTF=0.02x)
[TIMING] stream_chunk[experiment-0cb9906edda744e08a13c99777d17d0b](live_neural): decode=0.2ms, inference=14.2ms, second_pass=0.0ms, contention=0.0ms, TOTAL=14.4ms | audio=600ms, RTF=0.02x | model=enhanced_mel, neural_total=13.8ms, model_inference=10.4ms
[TIMING] EnhancedMel.transcribe: audio_to_gpu=0.2ms, features=0.4ms, model=16.7ms, decode=2.3ms | TOTAL=19.6ms for 1200ms audio (RTF=0.02x)
[TIMING] stream_chunk[experiment-0cb9906edda744e08a13c99777d17d0b](live_neural): decode=0.2ms, inference=21.4ms, second_pass=0.0ms, contention=0.0ms, TOTAL=21.6ms | audio=600ms, RTF=0.04x | model=enhanced_mel, neural_total=21.0ms, model_inference=16.7ms
[TIMING] EnhancedMel.transcribe: audio_to_gpu=0.2ms, features=0.5ms, model=23.7ms, decode=3.5ms | TOTAL=27.8ms for 1800ms audio (RTF=0.02x)
[TIMING] stream_chunk[experiment-0cb9906edda744e08a13c99777d17d0b](live_neural): decode=0.1ms, inference=29.7ms, second_pass=0.0ms, contention=0.0ms, TOTAL=29.9ms | audio=600ms, RTF=0.05x | model=enhanced_mel, neural_total=29.4ms, model_inference=23.7ms
[TIMING] EnhancedMel.transcribe: audio_to_gpu=0.3ms, features=0.6ms, model=19.8ms, decode=4.5ms | TOTAL=25.4ms for 2400ms audio (RTF=0.01x)
[TIMING] stream_chunk[experiment-0cb9906edda744e08a13c99777d17d0b](live_neural): decode=0.1ms, inference=28.3ms, second_pass=0.0ms, contention=0.0ms, TOTAL=28.6ms | audio=600ms, RTF=0.05x | model=enhanced_mel, neural_total=27.9ms, model_inference=19.8ms
[TIMING] EnhancedMel.transcribe: audio_to_gpu=0.3ms, features=0.5ms, model=12.7ms, decode=5.6ms | TOTAL=19.1ms for 3000ms audio (RTF=0.01x)
[TIMING] stream_chunk[experiment-0cb9906edda744e08a13c99777d17d0b](live_neural): decode=0.1ms, inference=22.3ms, second_pass=0.0ms, contention=0.0ms, TOTAL=22.6ms | audio=600ms, RTF=0.04x | model=enhanced_mel, neural_total=21.8ms, model_inference=12.7ms
[TIMING] EnhancedMel.transcribe: audio_to_gpu=0.3ms, features=0.6ms, model=12.9ms, decode=5.6ms | TOTAL=19.5ms for 3000ms audio (RTF=0.01x)
[TIMING] stream_chunk[experiment-0cb9906edda744e08a13c99777d17d0b](live_neural): decode=0.1ms, inference=22.9ms, second_pass=0.0ms, contention=0.0ms, TOTAL=23.3ms | audio=600ms, RTF=0.04x | model=enhanced_mel, neural_total=22.5ms, model_inference=12.9ms
[TIMING] EnhancedMel.transcribe: audio_to_gpu=0.3ms, features=0.5ms, model=12.3ms, decode=5.8ms | TOTAL=18.9ms for 3000ms audio (RTF=0.01x)
[TIMING] stream_chunk[experiment-0cb9906edda744e08a13c99777d17d0b](live_neural): decode=0.1ms, inference=21.4ms, second_pass=0.0ms, contention=0.0ms, TOTAL=21.7ms | audio=600ms, RTF=0.04x | model=enhanced_mel, neural_total=21.0ms, model_inference=12.3ms
[TIMING] EnhancedMel.transcribe: audio_to_gpu=0.3ms, features=0.5ms, model=12.4ms, decode=5.5ms | TOTAL=18.8ms for 3000ms audio (RTF=0.01x)
[TIMING] stream_chunk[experiment-0cb9906edda744e08a13c99777d17d0b](live_neural): decode=0.1ms, inference=21.2ms, second_pass=0.0ms, contention=0.0ms, TOTAL=21.5ms | audio=600ms, RTF=0.04x | model=enhanced_mel, neural_total=20.7ms, model_inference=12.4ms
[TIMING] EnhancedMel.transcribe: audio_to_gpu=0.3ms, features=0.5ms, model=15.5ms, decode=5.6ms | TOTAL=21.9ms for 3000ms audio (RTF=0.01x)
[TIMING] stream_chunk[experiment-0cb9906edda744e08a13c99777d17d0b](live_neural): decode=0.1ms, inference=24.8ms, second_pass=0.0ms, contention=0.0ms, TOTAL=25.1ms | audio=600ms, RTF=0.04x | model=enhanced_mel, neural_total=24.3ms, model_inference=15.5ms
[TIMING] EnhancedMel.transcribe: audio_to_gpu=0.3ms, features=0.5ms, model=12.2ms, decode=7.2ms | TOTAL=20.2ms for 3000ms audio (RTF=0.01x)
[TIMING] stream_chunk[experiment-0cb9906edda744e08a13c99777d17d0b](live_neural): decode=0.1ms, inference=22.5ms, second_pass=0.0ms, contention=0.0ms, TOTAL=22.8ms | audio=600ms, RTF=0.04x | model=enhanced_mel, neural_total=22.2ms, model_inference=12.2ms

[CLIP_029] Concert Etude "Waldesrauschen"
  excerpt: start=42.00s end=48.00s duration=6.00s gt_notes=107 rms=0.0942 peak=0.4380 crest=4.650 rms_std=0.0186
    control:
      note metrics: precision=0.925 recall=0.916 f1=0.920 matched=98/107 pred=106
      strict onset f1: 10ms=0.751 20ms=0.911 30ms=0.920
      timing metrics: offset_f1=0.864 rhythm_precision=0.939 note_value_acc=0.204 note_value_n=98 avg_beat_error=0.110
      duplicate metrics: duplicates=4 per_100_notes=3.77
      boundary metrics: gt=34 matched=32 missed=2 miss_rate=0.059
      latency: avg_chunk_ms=21.71 p95_chunk_ms=27.42 avg_rtf=0.036
      notation metrics: first_correct_ms=37.0 visible_p50_ms=378.6 visible_p95_ms=645.7 stabilize_p50_ms=1716.7 stabilize_p95_ms=2277.0 avg_revisions=1.28 matched=43 refined=43 snapshots=20
      algorithmic latency: first_correct_ms=15.9 visible_p50_ms=356.3 visible_p95_ms=617.1 stabilize_p50_ms=1264.3 stabilize_p95_ms=1778.5
      final display note metrics: precision=0.961 recall=0.916 f1=0.938 matched=98/107 pred=102
      final display strict onset f1: 10ms=0.766 20ms=0.928 30ms=0.938
      final display timing: offset_f1=0.880 rhythm_precision=0.939 note_value_acc=0.327 note_value_n=98 avg_beat_error=0.137
      final display structure: cluster_f1=0.754 onset_align_recall=0.915 avg_jaccard=0.910 exact=43/59 pred=55 over=6 under=5 pitch_conflicts=0 missed_gt=5
      threshold profiles: hit_rate=0.000 thresholds=[0.75] profiles={'fixed_baseline': 10}
    treatment:
      note metrics: precision=0.925 recall=0.916 f1=0.920 matched=98/107 pred=106
      strict onset f1: 10ms=0.751 20ms=0.911 30ms=0.920
      timing metrics: offset_f1=0.864 rhythm_precision=0.939 note_value_acc=0.204 note_value_n=98 avg_beat_error=0.110
      duplicate metrics: duplicates=4 per_100_notes=3.77
      boundary metrics: gt=34 matched=32 missed=2 miss_rate=0.059
      latency: avg_chunk_ms=23.15 p95_chunk_ms=29.32 avg_rtf=0.039
      notation metrics: first_correct_ms=41.0 visible_p50_ms=378.0 visible_p95_ms=640.3 stabilize_p50_ms=1716.5 stabilize_p95_ms=2271.7 avg_revisions=1.28 matched=43 refined=43 snapshots=20
      algorithmic latency: first_correct_ms=15.9 visible_p50_ms=356.3 visible_p95_ms=617.1 stabilize_p50_ms=1264.3 stabilize_p95_ms=1778.5
      final display note metrics: precision=0.961 recall=0.916 f1=0.938 matched=98/107 pred=102
      final display strict onset f1: 10ms=0.766 20ms=0.928 30ms=0.938
      final display timing: offset_f1=0.880 rhythm_precision=0.939 note_value_acc=0.327 note_value_n=98 avg_beat_error=0.137
      final display structure: cluster_f1=0.754 onset_align_recall=0.915 avg_jaccard=0.910 exact=43/59 pred=55 over=6 under=5 pitch_conflicts=0 missed_gt=5
      threshold profiles: hit_rate=0.000 thresholds=[0.75] profiles={'baseline_nominal': 10}
    delta treatment-control: precision=+0.000 recall=+0.000 f1=+0.000 offset_f1=+0.000 note_value_acc=+0.000 dup_per_100=+0.00 boundary_miss_rate=+0.000 p95_chunk_ms=+1.91 f1_10ms=+0.000 f1_20ms=+0.000 f1_30ms=+0.000 visible_p50_ms=-0.6 stabilize_p50_ms=-0.2 algo_visible_p50_ms=+0.0 algo_stabilize_p50_ms=+0.0 avg_revisions=+0.00 display_note_f1=+0.000 display_offset_f1=+0.000 display_cluster_f1=+0.000 display_cluster_jaccard=+0.000
    failure buckets: ['boundary_miss_failure', 'high_revision_slow_stabilization', 'note_value_offset_failure']
      boundary diagnostics: missed=2 by_arm={'control': 2, 'treatment': 2} tags={'control_boundary_miss': 2, 'no_control_coarse_candidate': 2}
        miss: pitch=87 onset=1.836s boundary_delta_ms=+35.9 control_coarse=False treatment_coarse=False retro=n/a
        miss: pitch=60 onset=2.947s boundary_delta_ms=-53.4 control_coarse=False treatment_coarse=False retro=n/a
[TIMING] EnhancedMel.transcribe: audio_to_gpu=0.4ms, features=0.6ms, model=10.5ms, decode=1.3ms | TOTAL=12.8ms for 600ms audio (RTF=0.02x)
[TIMING] stream_chunk[experiment-6cfe866014744dda988e8cc56be3d39b](live_neural): decode=0.2ms, inference=15.1ms, second_pass=0.0ms, contention=0.0ms, TOTAL=15.4ms | audio=600ms, RTF=0.03x | model=enhanced_mel, neural_total=14.6ms, model_inference=10.5ms
[TIMING] EnhancedMel.transcribe: audio_to_gpu=0.1ms, features=2.9ms, model=10.3ms, decode=2.3ms | TOTAL=15.6ms for 1200ms audio (RTF=0.01x)
[TIMING] stream_chunk[experiment-6cfe866014744dda988e8cc56be3d39b](live_neural): decode=0.1ms, inference=17.4ms, second_pass=0.0ms, contention=0.0ms, TOTAL=17.6ms | audio=600ms, RTF=0.03x | model=enhanced_mel, neural_total=17.0ms, model_inference=10.3ms
[TIMING] EnhancedMel.transcribe: audio_to_gpu=0.3ms, features=0.5ms, model=10.6ms, decode=3.2ms | TOTAL=14.5ms for 1800ms audio (RTF=0.01x)
[TIMING] stream_chunk[experiment-6cfe866014744dda988e8cc56be3d39b](live_neural): decode=0.1ms, inference=16.8ms, second_pass=0.0ms, contention=0.0ms, TOTAL=17.0ms | audio=600ms, RTF=0.03x | model=enhanced_mel, neural_total=16.4ms, model_inference=10.6ms
[TIMING] EnhancedMel.transcribe: audio_to_gpu=0.3ms, features=0.6ms, model=20.7ms, decode=4.4ms | TOTAL=25.9ms for 2400ms audio (RTF=0.01x)
[TIMING] stream_chunk[experiment-6cfe866014744dda988e8cc56be3d39b](live_neural): decode=0.1ms, inference=28.1ms, second_pass=0.0ms, contention=0.0ms, TOTAL=28.3ms | audio=600ms, RTF=0.05x | model=enhanced_mel, neural_total=27.7ms, model_inference=20.7ms
[TIMING] EnhancedMel.transcribe: audio_to_gpu=0.2ms, features=0.5ms, model=11.7ms, decode=5.3ms | TOTAL=17.7ms for 3000ms audio (RTF=0.01x)
[TIMING] stream_chunk[experiment-6cfe866014744dda988e8cc56be3d39b](live_neural): decode=0.1ms, inference=20.2ms, second_pass=0.0ms, contention=0.0ms, TOTAL=20.5ms | audio=600ms, RTF=0.03x | model=enhanced_mel, neural_total=19.8ms, model_inference=11.7ms
[TIMING] EnhancedMel.transcribe: audio_to_gpu=0.3ms, features=0.6ms, model=17.6ms, decode=6.9ms | TOTAL=25.4ms for 3000ms audio (RTF=0.01x)
[TIMING] stream_chunk[experiment-6cfe866014744dda988e8cc56be3d39b](live_neural): decode=0.1ms, inference=27.9ms, second_pass=0.0ms, contention=0.0ms, TOTAL=28.1ms | audio=600ms, RTF=0.05x | model=enhanced_mel, neural_total=27.5ms, model_inference=17.6ms
[TIMING] EnhancedMel.transcribe: audio_to_gpu=0.3ms, features=0.7ms, model=21.9ms, decode=7.2ms | TOTAL=30.2ms for 3000ms audio (RTF=0.01x)
[TIMING] stream_chunk[experiment-6cfe866014744dda988e8cc56be3d39b](live_neural): decode=0.1ms, inference=32.8ms, second_pass=0.0ms, contention=0.0ms, TOTAL=33.1ms | audio=600ms, RTF=0.06x | model=enhanced_mel, neural_total=32.4ms, model_inference=21.9ms
[TIMING] EnhancedMel.transcribe: audio_to_gpu=0.3ms, features=0.5ms, model=12.7ms, decode=7.2ms | TOTAL=20.7ms for 3000ms audio (RTF=0.01x)
[TIMING] stream_chunk[experiment-6cfe866014744dda988e8cc56be3d39b](live_neural): decode=0.1ms, inference=23.1ms, second_pass=0.0ms, contention=0.0ms, TOTAL=23.4ms | audio=600ms, RTF=0.04x | model=enhanced_mel, neural_total=22.7ms, model_inference=12.7ms
[TIMING] EnhancedMel.transcribe: audio_to_gpu=0.3ms, features=0.5ms, model=12.6ms, decode=5.7ms | TOTAL=19.2ms for 3000ms audio (RTF=0.01x)
[TIMING] stream_chunk[experiment-6cfe866014744dda988e8cc56be3d39b](live_neural): decode=0.1ms, inference=22.1ms, second_pass=0.0ms, contention=0.0ms, TOTAL=22.3ms | audio=600ms, RTF=0.04x | model=enhanced_mel, neural_total=21.7ms, model_inference=12.6ms
[TIMING] EnhancedMel.transcribe: audio_to_gpu=0.2ms, features=0.5ms, model=13.2ms, decode=6.9ms | TOTAL=20.8ms for 3000ms audio (RTF=0.01x)
[TIMING] stream_chunk[experiment-6cfe866014744dda988e8cc56be3d39b](live_neural): decode=0.1ms, inference=23.3ms, second_pass=0.0ms, contention=0.0ms, TOTAL=23.6ms | audio=600ms, RTF=0.04x | model=enhanced_mel, neural_total=22.9ms, model_inference=13.2ms
[TIMING] EnhancedMel.transcribe: audio_to_gpu=0.5ms, features=0.8ms, model=16.6ms, decode=1.3ms | TOTAL=19.2ms for 600ms audio (RTF=0.03x)
[TIMING] stream_chunk[experiment-d23c909b31074e1d87bc15027b7b4392](live_neural): decode=0.3ms, inference=20.9ms, second_pass=0.0ms, contention=0.0ms, TOTAL=21.2ms | audio=600ms, RTF=0.04x | model=enhanced_mel, neural_total=20.4ms, model_inference=16.6ms
[TIMING] EnhancedMel.transcribe: audio_to_gpu=0.1ms, features=0.3ms, model=11.2ms, decode=2.3ms | TOTAL=13.9ms for 1200ms audio (RTF=0.01x)
[TIMING] stream_chunk[experiment-d23c909b31074e1d87bc15027b7b4392](live_neural): decode=0.1ms, inference=15.7ms, second_pass=0.0ms, contention=0.0ms, TOTAL=15.9ms | audio=600ms, RTF=0.03x | model=enhanced_mel, neural_total=15.4ms, model_inference=11.2ms
[TIMING] EnhancedMel.transcribe: audio_to_gpu=0.2ms, features=0.4ms, model=24.7ms, decode=3.4ms | TOTAL=28.7ms for 1800ms audio (RTF=0.02x)
[TIMING] stream_chunk[experiment-d23c909b31074e1d87bc15027b7b4392](live_neural): decode=0.1ms, inference=30.7ms, second_pass=0.0ms, contention=0.0ms, TOTAL=31.0ms | audio=600ms, RTF=0.05x | model=enhanced_mel, neural_total=30.3ms, model_inference=24.7ms
[TIMING] EnhancedMel.transcribe: audio_to_gpu=0.2ms, features=0.4ms, model=11.8ms, decode=4.4ms | TOTAL=16.8ms for 2400ms audio (RTF=0.01x)
[TIMING] stream_chunk[experiment-d23c909b31074e1d87bc15027b7b4392](live_neural): decode=0.1ms, inference=18.9ms, second_pass=0.0ms, contention=0.0ms, TOTAL=19.2ms | audio=600ms, RTF=0.03x | model=enhanced_mel, neural_total=18.6ms, model_inference=11.8ms
[TIMING] EnhancedMel.transcribe: audio_to_gpu=0.3ms, features=0.6ms, model=12.7ms, decode=5.4ms | TOTAL=19.0ms for 3000ms audio (RTF=0.01x)
[TIMING] stream_chunk[experiment-d23c909b31074e1d87bc15027b7b4392](live_neural): decode=0.1ms, inference=23.3ms, second_pass=0.0ms, contention=0.0ms, TOTAL=23.5ms | audio=600ms, RTF=0.04x | model=enhanced_mel, neural_total=22.9ms, model_inference=12.7ms
[TIMING] EnhancedMel.transcribe: audio_to_gpu=0.2ms, features=0.5ms, model=25.0ms, decode=5.5ms | TOTAL=31.2ms for 3000ms audio (RTF=0.01x)
[TIMING] stream_chunk[experiment-d23c909b31074e1d87bc15027b7b4392](live_neural): decode=0.1ms, inference=33.4ms, second_pass=0.0ms, contention=0.0ms, TOTAL=33.7ms | audio=600ms, RTF=0.06x | model=enhanced_mel, neural_total=33.0ms, model_inference=25.0ms
[TIMING] EnhancedMel.transcribe: audio_to_gpu=0.3ms, features=0.5ms, model=11.9ms, decode=5.5ms | TOTAL=18.3ms for 3000ms audio (RTF=0.01x)
[TIMING] stream_chunk[experiment-d23c909b31074e1d87bc15027b7b4392](live_neural): decode=0.1ms, inference=20.7ms, second_pass=0.0ms, contention=0.0ms, TOTAL=20.9ms | audio=600ms, RTF=0.03x | model=enhanced_mel, neural_total=20.2ms, model_inference=11.9ms
[TIMING] EnhancedMel.transcribe: audio_to_gpu=0.2ms, features=0.5ms, model=20.9ms, decode=6.0ms | TOTAL=27.7ms for 3000ms audio (RTF=0.01x)
[TIMING] stream_chunk[experiment-d23c909b31074e1d87bc15027b7b4392](live_neural): decode=0.1ms, inference=30.1ms, second_pass=0.0ms, contention=0.0ms, TOTAL=30.4ms | audio=600ms, RTF=0.05x | model=enhanced_mel, neural_total=29.7ms, model_inference=20.9ms
[TIMING] EnhancedMel.transcribe: audio_to_gpu=0.4ms, features=2.3ms, model=14.2ms, decode=5.8ms | TOTAL=22.9ms for 3000ms audio (RTF=0.01x)
[TIMING] stream_chunk[experiment-d23c909b31074e1d87bc15027b7b4392](live_neural): decode=0.2ms, inference=25.2ms, second_pass=0.0ms, contention=0.0ms, TOTAL=25.6ms | audio=600ms, RTF=0.04x | model=enhanced_mel, neural_total=24.8ms, model_inference=14.2ms
[TIMING] EnhancedMel.transcribe: audio_to_gpu=0.4ms, features=0.7ms, model=15.5ms, decode=5.7ms | TOTAL=22.3ms for 3000ms audio (RTF=0.01x)
[TIMING] stream_chunk[experiment-d23c909b31074e1d87bc15027b7b4392](live_neural): decode=0.1ms, inference=24.6ms, second_pass=0.0ms, contention=0.0ms, TOTAL=24.8ms | audio=600ms, RTF=0.04x | model=enhanced_mel, neural_total=24.2ms, model_inference=15.5ms

[CLIP_030] Fantasy in F-sharp Minor, Op. 28 (Complete)
  excerpt: start=75.00s end=81.00s duration=6.00s gt_notes=93 rms=0.0981 peak=0.6460 crest=6.582 rms_std=0.0429
    control:
      note metrics: precision=0.900 recall=0.968 f1=0.933 matched=90/93 pred=100
      strict onset f1: 10ms=0.839 20ms=0.922 30ms=0.933
      timing metrics: offset_f1=0.819 rhythm_precision=0.878 note_value_acc=0.289 note_value_n=90 avg_beat_error=0.187
      duplicate metrics: duplicates=1 per_100_notes=1.00
      boundary metrics: gt=23 matched=22 missed=1 miss_rate=0.043
      latency: avg_chunk_ms=22.92 p95_chunk_ms=30.93 avg_rtf=0.038
      notation metrics: first_correct_ms=21.3 visible_p50_ms=247.5 visible_p95_ms=503.8 stabilize_p50_ms=2560.3 stabilize_p95_ms=3653.1 avg_revisions=2.85 matched=13 refined=13 snapshots=19
      algorithmic latency: first_correct_ms=0.0 visible_p50_ms=224.0 visible_p95_ms=485.4 stabilize_p50_ms=1846.9 stabilize_p95_ms=3222.3
      final display note metrics: precision=0.909 recall=0.968 f1=0.937 matched=90/93 pred=99
      final display strict onset f1: 10ms=0.833 20ms=0.917 30ms=0.937
      final display timing: offset_f1=0.823 rhythm_precision=0.878 note_value_acc=0.200 note_value_n=90 avg_beat_error=0.261
      final display structure: cluster_f1=0.769 onset_align_recall=1.000 avg_jaccard=0.937 exact=20/25 pred=27 over=2 under=3 pitch_conflicts=0 missed_gt=0
      threshold profiles: hit_rate=0.000 thresholds=[0.75] profiles={'fixed_baseline': 10}
    treatment:
      note metrics: precision=0.857 recall=0.968 f1=0.909 matched=90/93 pred=105
      strict onset f1: 10ms=0.818 20ms=0.899 30ms=0.909
      timing metrics: offset_f1=0.798 rhythm_precision=0.878 note_value_acc=0.289 note_value_n=90 avg_beat_error=0.187
      duplicate metrics: duplicates=1 per_100_notes=0.95
      boundary metrics: gt=23 matched=22 missed=1 miss_rate=0.043
      latency: avg_chunk_ms=24.62 p95_chunk_ms=32.48 avg_rtf=0.041
      notation metrics: first_correct_ms=28.3 visible_p50_ms=248.8 visible_p95_ms=513.4 stabilize_p50_ms=2563.6 stabilize_p95_ms=3651.2 avg_revisions=2.85 matched=13 refined=13 snapshots=19
      algorithmic latency: first_correct_ms=0.0 visible_p50_ms=224.0 visible_p95_ms=485.4 stabilize_p50_ms=1846.9 stabilize_p95_ms=3222.3
      final display note metrics: precision=0.865 recall=0.968 f1=0.914 matched=90/93 pred=104
      final display strict onset f1: 10ms=0.812 20ms=0.893 30ms=0.914
      final display timing: offset_f1=0.802 rhythm_precision=0.878 note_value_acc=0.200 note_value_n=90 avg_beat_error=0.261
      final display structure: cluster_f1=0.769 onset_align_recall=1.000 avg_jaccard=0.937 exact=20/25 pred=27 over=2 under=3 pitch_conflicts=0 missed_gt=0
      threshold profiles: hit_rate=0.200 thresholds=[0.46, 0.75] profiles={'baseline_nominal': 8, 'loud_dense_precision': 2}
    delta treatment-control: precision=-0.043 recall=+0.000 f1=-0.024 offset_f1=-0.021 note_value_acc=+0.000 dup_per_100=-0.05 boundary_miss_rate=+0.000 p95_chunk_ms=+1.54 f1_10ms=-0.021 f1_20ms=-0.023 f1_30ms=-0.024 visible_p50_ms=+1.3 stabilize_p50_ms=+3.3 algo_visible_p50_ms=+0.0 algo_stabilize_p50_ms=+0.0 avg_revisions=+0.00 display_note_f1=-0.024 display_offset_f1=-0.021 display_cluster_f1=+0.000 display_cluster_jaccard=+0.000
    failure buckets: ['boundary_miss_failure', 'high_revision_slow_stabilization', 'note_value_offset_failure']
      boundary diagnostics: missed=1 by_arm={'control': 1, 'treatment': 1} tags={'control_boundary_miss': 1, 'no_control_coarse_candidate': 1}
        miss: pitch=57 onset=4.793s boundary_delta_ms=-7.3 control_coarse=False treatment_coarse=False retro=n/a
[TIMING] EnhancedMel.transcribe: audio_to_gpu=1.2ms, features=0.6ms, model=10.6ms, decode=1.1ms | TOTAL=13.5ms for 600ms audio (RTF=0.02x)
[TIMING] stream_chunk[experiment-42cbce4832b5431e98f5873208fa7fbf](live_neural): decode=0.2ms, inference=15.1ms, second_pass=0.0ms, contention=0.0ms, TOTAL=15.3ms | audio=600ms, RTF=0.03x | model=enhanced_mel, neural_total=14.6ms, model_inference=10.6ms
[TIMING] EnhancedMel.transcribe: audio_to_gpu=0.1ms, features=0.4ms, model=10.5ms, decode=2.3ms | TOTAL=13.3ms for 1200ms audio (RTF=0.01x)
[TIMING] stream_chunk[experiment-42cbce4832b5431e98f5873208fa7fbf](live_neural): decode=0.2ms, inference=15.0ms, second_pass=0.0ms, contention=0.0ms, TOTAL=15.2ms | audio=600ms, RTF=0.03x | model=enhanced_mel, neural_total=14.6ms, model_inference=10.5ms
[TIMING] EnhancedMel.transcribe: audio_to_gpu=0.2ms, features=0.5ms, model=14.1ms, decode=3.2ms | TOTAL=18.2ms for 1800ms audio (RTF=0.01x)
[TIMING] stream_chunk[experiment-42cbce4832b5431e98f5873208fa7fbf](live_neural): decode=0.2ms, inference=20.0ms, second_pass=0.0ms, contention=0.0ms, TOTAL=20.3ms | audio=600ms, RTF=0.03x | model=enhanced_mel, neural_total=19.7ms, model_inference=14.1ms
[TIMING] EnhancedMel.transcribe: audio_to_gpu=0.3ms, features=0.8ms, model=11.6ms, decode=4.7ms | TOTAL=17.4ms for 2400ms audio (RTF=0.01x)
[TIMING] stream_chunk[experiment-42cbce4832b5431e98f5873208fa7fbf](live_neural): decode=0.2ms, inference=19.6ms, second_pass=0.0ms, contention=0.0ms, TOTAL=19.9ms | audio=600ms, RTF=0.03x | model=enhanced_mel, neural_total=19.2ms, model_inference=11.6ms
[TIMING] EnhancedMel.transcribe: audio_to_gpu=0.3ms, features=0.6ms, model=12.0ms, decode=5.5ms | TOTAL=18.3ms for 3000ms audio (RTF=0.01x)
[TIMING] stream_chunk[experiment-42cbce4832b5431e98f5873208fa7fbf](live_neural): decode=0.1ms, inference=20.6ms, second_pass=0.0ms, contention=0.0ms, TOTAL=20.9ms | audio=600ms, RTF=0.03x | model=enhanced_mel, neural_total=20.2ms, model_inference=12.0ms
[TIMING] EnhancedMel.transcribe: audio_to_gpu=0.2ms, features=0.6ms, model=13.0ms, decode=5.7ms | TOTAL=19.5ms for 3000ms audio (RTF=0.01x)
[TIMING] stream_chunk[experiment-42cbce4832b5431e98f5873208fa7fbf](live_neural): decode=0.1ms, inference=21.9ms, second_pass=0.0ms, contention=0.0ms, TOTAL=22.2ms | audio=600ms, RTF=0.04x | model=enhanced_mel, neural_total=21.5ms, model_inference=13.0ms
[TIMING] EnhancedMel.transcribe: audio_to_gpu=0.3ms, features=0.6ms, model=15.1ms, decode=6.6ms | TOTAL=22.7ms for 3000ms audio (RTF=0.01x)
[TIMING] stream_chunk[experiment-42cbce4832b5431e98f5873208fa7fbf](live_neural): decode=0.2ms, inference=25.3ms, second_pass=0.0ms, contention=0.0ms, TOTAL=25.7ms | audio=600ms, RTF=0.04x | model=enhanced_mel, neural_total=25.0ms, model_inference=15.1ms
[TIMING] EnhancedMel.transcribe: audio_to_gpu=0.4ms, features=0.6ms, model=13.2ms, decode=5.9ms | TOTAL=20.1ms for 3000ms audio (RTF=0.01x)
[TIMING] stream_chunk[experiment-42cbce4832b5431e98f5873208fa7fbf](live_neural): decode=0.1ms, inference=23.1ms, second_pass=0.0ms, contention=0.0ms, TOTAL=23.5ms | audio=600ms, RTF=0.04x | model=enhanced_mel, neural_total=22.0ms, model_inference=13.2ms
[TIMING] EnhancedMel.transcribe: audio_to_gpu=0.4ms, features=2.3ms, model=18.5ms, decode=5.7ms | TOTAL=26.9ms for 3000ms audio (RTF=0.01x)
[TIMING] stream_chunk[experiment-42cbce4832b5431e98f5873208fa7fbf](live_neural): decode=0.1ms, inference=29.2ms, second_pass=0.0ms, contention=0.0ms, TOTAL=29.5ms | audio=600ms, RTF=0.05x | model=enhanced_mel, neural_total=28.8ms, model_inference=18.5ms
[TIMING] EnhancedMel.transcribe: audio_to_gpu=0.3ms, features=0.6ms, model=18.8ms, decode=5.7ms | TOTAL=25.4ms for 3000ms audio (RTF=0.01x)
[TIMING] stream_chunk[experiment-42cbce4832b5431e98f5873208fa7fbf](live_neural): decode=0.2ms, inference=27.7ms, second_pass=0.0ms, contention=0.0ms, TOTAL=28.0ms | audio=600ms, RTF=0.05x | model=enhanced_mel, neural_total=27.3ms, model_inference=18.8ms
[TIMING] EnhancedMel.transcribe: audio_to_gpu=0.4ms, features=0.7ms, model=12.5ms, decode=1.3ms | TOTAL=14.8ms for 600ms audio (RTF=0.02x)
[TIMING] stream_chunk[experiment-bf0a0d50ee764fb39be170ac0b33579f](live_neural): decode=0.1ms, inference=16.3ms, second_pass=0.0ms, contention=0.0ms, TOTAL=16.4ms | audio=600ms, RTF=0.03x | model=enhanced_mel, neural_total=15.9ms, model_inference=12.5ms
[TIMING] EnhancedMel.transcribe: audio_to_gpu=0.1ms, features=0.4ms, model=11.2ms, decode=2.6ms | TOTAL=14.4ms for 1200ms audio (RTF=0.01x)
[TIMING] stream_chunk[experiment-bf0a0d50ee764fb39be170ac0b33579f](live_neural): decode=0.1ms, inference=16.0ms, second_pass=0.0ms, contention=0.0ms, TOTAL=16.2ms | audio=600ms, RTF=0.03x | model=enhanced_mel, neural_total=15.7ms, model_inference=11.2ms
[TIMING] EnhancedMel.transcribe: audio_to_gpu=0.2ms, features=0.4ms, model=11.0ms, decode=3.2ms | TOTAL=14.9ms for 1800ms audio (RTF=0.01x)
[TIMING] stream_chunk[experiment-bf0a0d50ee764fb39be170ac0b33579f](live_neural): decode=0.2ms, inference=16.8ms, second_pass=0.0ms, contention=0.0ms, TOTAL=17.1ms | audio=600ms, RTF=0.03x | model=enhanced_mel, neural_total=16.5ms, model_inference=11.0ms
[TIMING] EnhancedMel.transcribe: audio_to_gpu=0.2ms, features=4.1ms, model=11.7ms, decode=4.4ms | TOTAL=20.4ms for 2400ms audio (RTF=0.01x)
[TIMING] stream_chunk[experiment-bf0a0d50ee764fb39be170ac0b33579f](live_neural): decode=0.1ms, inference=22.6ms, second_pass=0.0ms, contention=0.0ms, TOTAL=23.0ms | audio=600ms, RTF=0.04x | model=enhanced_mel, neural_total=22.3ms, model_inference=11.7ms
[TIMING] EnhancedMel.transcribe: audio_to_gpu=0.2ms, features=0.4ms, model=12.3ms, decode=5.4ms | TOTAL=18.3ms for 3000ms audio (RTF=0.01x)
[TIMING] stream_chunk[experiment-bf0a0d50ee764fb39be170ac0b33579f](live_neural): decode=0.1ms, inference=21.7ms, second_pass=0.0ms, contention=0.0ms, TOTAL=22.1ms | audio=600ms, RTF=0.04x | model=enhanced_mel, neural_total=21.4ms, model_inference=12.3ms
[TIMING] EnhancedMel.transcribe: audio_to_gpu=0.3ms, features=2.8ms, model=11.7ms, decode=5.7ms | TOTAL=20.6ms for 3000ms audio (RTF=0.01x)
[TIMING] stream_chunk[experiment-bf0a0d50ee764fb39be170ac0b33579f](live_neural): decode=0.1ms, inference=22.9ms, second_pass=0.0ms, contention=0.0ms, TOTAL=23.3ms | audio=600ms, RTF=0.04x | model=enhanced_mel, neural_total=22.5ms, model_inference=11.7ms
[TIMING] EnhancedMel.transcribe: audio_to_gpu=0.4ms, features=5.5ms, model=16.4ms, decode=5.8ms | TOTAL=28.1ms for 3000ms audio (RTF=0.01x)
[TIMING] stream_chunk[experiment-bf0a0d50ee764fb39be170ac0b33579f](live_neural): decode=0.3ms, inference=30.5ms, second_pass=0.0ms, contention=0.0ms, TOTAL=31.1ms | audio=600ms, RTF=0.05x | model=enhanced_mel, neural_total=30.1ms, model_inference=16.4ms
[TIMING] EnhancedMel.transcribe: audio_to_gpu=0.2ms, features=0.5ms, model=11.7ms, decode=5.9ms | TOTAL=18.3ms for 3000ms audio (RTF=0.01x)
[TIMING] stream_chunk[experiment-bf0a0d50ee764fb39be170ac0b33579f](live_neural): decode=0.1ms, inference=20.6ms, second_pass=0.0ms, contention=0.0ms, TOTAL=21.0ms | audio=600ms, RTF=0.04x | model=enhanced_mel, neural_total=20.2ms, model_inference=11.7ms
[TIMING] EnhancedMel.transcribe: audio_to_gpu=0.3ms, features=0.7ms, model=12.2ms, decode=5.7ms | TOTAL=18.9ms for 3000ms audio (RTF=0.01x)
[TIMING] stream_chunk[experiment-bf0a0d50ee764fb39be170ac0b33579f](live_neural): decode=0.1ms, inference=21.4ms, second_pass=0.0ms, contention=0.0ms, TOTAL=21.7ms | audio=600ms, RTF=0.04x | model=enhanced_mel, neural_total=20.9ms, model_inference=12.2ms
[TIMING] EnhancedMel.transcribe: audio_to_gpu=0.2ms, features=0.5ms, model=11.9ms, decode=5.7ms | TOTAL=18.3ms for 3000ms audio (RTF=0.01x)
[TIMING] stream_chunk[experiment-bf0a0d50ee764fb39be170ac0b33579f](live_neural): decode=0.2ms, inference=20.6ms, second_pass=0.0ms, contention=0.0ms, TOTAL=20.9ms | audio=600ms, RTF=0.03x | model=enhanced_mel, neural_total=20.2ms, model_inference=11.9ms

[CLIP_031] Hungarian Rhapsody No. 9
  excerpt: start=18.00s end=24.00s duration=6.00s gt_notes=99 rms=0.0312 peak=0.2985 crest=9.571 rms_std=0.0160
    control:
      note metrics: precision=0.958 recall=0.919 f1=0.938 matched=91/99 pred=95
      strict onset f1: 10ms=0.732 20ms=0.938 30ms=0.938
      timing metrics: offset_f1=0.938 rhythm_precision=1.000 note_value_acc=0.945 note_value_n=91 avg_beat_error=0.005
      duplicate metrics: duplicates=3 per_100_notes=3.16
      boundary metrics: gt=32 matched=31 missed=1 miss_rate=0.031
      latency: avg_chunk_ms=22.06 p95_chunk_ms=28.81 avg_rtf=0.037
      notation metrics: first_correct_ms=85.3 visible_p50_ms=366.3 visible_p95_ms=503.5 stabilize_p50_ms=3002.9 stabilize_p95_ms=4224.2 avg_revisions=2.80 matched=5 refined=5 snapshots=14
      algorithmic latency: first_correct_ms=65.4 visible_p50_ms=351.0 visible_p95_ms=481.7 stabilize_p50_ms=2465.4 stabilize_p95_ms=3686.7
      final display note metrics: precision=0.989 recall=0.909 f1=0.947 matched=90/99 pred=91
      final display strict onset f1: 10ms=0.747 20ms=0.947 30ms=0.947
      final display timing: offset_f1=0.947 rhythm_precision=1.000 note_value_acc=0.956 note_value_n=90 avg_beat_error=0.046
      final display structure: cluster_f1=0.667 onset_align_recall=0.962 avg_jaccard=0.914 exact=17/26 pred=25 over=0 under=7 pitch_conflicts=1 missed_gt=1
      threshold profiles: hit_rate=0.000 thresholds=[0.75] profiles={'fixed_baseline': 10}
    treatment:
      note metrics: precision=0.958 recall=0.919 f1=0.938 matched=91/99 pred=95
      strict onset f1: 10ms=0.732 20ms=0.938 30ms=0.938
      timing metrics: offset_f1=0.938 rhythm_precision=1.000 note_value_acc=0.945 note_value_n=91 avg_beat_error=0.005
      duplicate metrics: duplicates=3 per_100_notes=3.16
      boundary metrics: gt=32 matched=31 missed=1 miss_rate=0.031
      latency: avg_chunk_ms=21.28 p95_chunk_ms=27.58 avg_rtf=0.035
      notation metrics: first_correct_ms=88.3 visible_p50_ms=367.3 visible_p95_ms=505.6 stabilize_p50_ms=3008.4 stabilize_p95_ms=4229.7 avg_revisions=2.80 matched=5 refined=5 snapshots=14
      algorithmic latency: first_correct_ms=65.4 visible_p50_ms=351.0 visible_p95_ms=481.7 stabilize_p50_ms=2465.4 stabilize_p95_ms=3686.7
      final display note metrics: precision=0.989 recall=0.909 f1=0.947 matched=90/99 pred=91
      final display strict onset f1: 10ms=0.747 20ms=0.947 30ms=0.947
      final display timing: offset_f1=0.947 rhythm_precision=1.000 note_value_acc=0.956 note_value_n=90 avg_beat_error=0.046
      final display structure: cluster_f1=0.667 onset_align_recall=0.962 avg_jaccard=0.914 exact=17/26 pred=25 over=0 under=7 pitch_conflicts=1 missed_gt=1
      threshold profiles: hit_rate=0.300 thresholds=[0.71, 0.75] profiles={'baseline_nominal': 7, 'soft_sparse_recall': 3}
    delta treatment-control: precision=+0.000 recall=+0.000 f1=+0.000 offset_f1=+0.000 note_value_acc=+0.000 dup_per_100=+0.00 boundary_miss_rate=+0.000 p95_chunk_ms=-1.22 f1_10ms=+0.000 f1_20ms=+0.000 f1_30ms=+0.000 visible_p50_ms=+1.0 stabilize_p50_ms=+5.5 algo_visible_p50_ms=+0.0 algo_stabilize_p50_ms=+0.0 avg_revisions=+0.00 display_note_f1=+0.000 display_offset_f1=+0.000 display_cluster_f1=+0.000 display_cluster_jaccard=+0.000
    failure buckets: ['boundary_miss_failure', 'high_revision_slow_stabilization']
      boundary diagnostics: missed=1 by_arm={'control': 1, 'treatment': 1} tags={'control_boundary_miss': 1, 'no_control_coarse_candidate': 1}
        miss: pitch=82 onset=4.102s boundary_delta_ms=-98.4 control_coarse=False treatment_coarse=False retro=n/a
[TIMING] EnhancedMel.transcribe: audio_to_gpu=0.4ms, features=0.6ms, model=10.3ms, decode=1.3ms | TOTAL=12.7ms for 600ms audio (RTF=0.02x)
[TIMING] stream_chunk[experiment-886ced52536e45ae80e8bce1b0d4b405](live_neural): decode=0.2ms, inference=15.2ms, second_pass=0.0ms, contention=0.0ms, TOTAL=15.4ms | audio=600ms, RTF=0.03x | model=enhanced_mel, neural_total=14.7ms, model_inference=10.3ms
[TIMING] EnhancedMel.transcribe: audio_to_gpu=0.3ms, features=0.5ms, model=16.0ms, decode=2.4ms | TOTAL=19.2ms for 1200ms audio (RTF=0.02x)
[TIMING] stream_chunk[experiment-886ced52536e45ae80e8bce1b0d4b405](live_neural): decode=0.1ms, inference=20.9ms, second_pass=0.0ms, contention=0.0ms, TOTAL=21.1ms | audio=600ms, RTF=0.04x | model=enhanced_mel, neural_total=20.6ms, model_inference=16.0ms
[TIMING] EnhancedMel.transcribe: audio_to_gpu=0.1ms, features=0.4ms, model=12.2ms, decode=3.4ms | TOTAL=16.1ms for 1800ms audio (RTF=0.01x)
[TIMING] stream_chunk[experiment-886ced52536e45ae80e8bce1b0d4b405](live_neural): decode=0.1ms, inference=18.8ms, second_pass=0.0ms, contention=0.0ms, TOTAL=19.0ms | audio=600ms, RTF=0.03x | model=enhanced_mel, neural_total=18.4ms, model_inference=12.2ms
[TIMING] EnhancedMel.transcribe: audio_to_gpu=0.3ms, features=0.5ms, model=11.3ms, decode=5.6ms | TOTAL=17.7ms for 2400ms audio (RTF=0.01x)
[TIMING] stream_chunk[experiment-886ced52536e45ae80e8bce1b0d4b405](live_neural): decode=0.1ms, inference=20.7ms, second_pass=0.0ms, contention=0.0ms, TOTAL=20.9ms | audio=600ms, RTF=0.03x | model=enhanced_mel, neural_total=19.5ms, model_inference=11.3ms
[TIMING] EnhancedMel.transcribe: audio_to_gpu=0.4ms, features=0.6ms, model=21.3ms, decode=6.2ms | TOTAL=28.5ms for 3000ms audio (RTF=0.01x)
[TIMING] stream_chunk[experiment-886ced52536e45ae80e8bce1b0d4b405](live_neural): decode=0.1ms, inference=30.9ms, second_pass=0.0ms, contention=0.0ms, TOTAL=31.2ms | audio=600ms, RTF=0.05x | model=enhanced_mel, neural_total=30.5ms, model_inference=21.3ms
[TIMING] EnhancedMel.transcribe: audio_to_gpu=0.4ms, features=0.5ms, model=11.9ms, decode=5.7ms | TOTAL=18.5ms for 3000ms audio (RTF=0.01x)
[TIMING] stream_chunk[experiment-886ced52536e45ae80e8bce1b0d4b405](live_neural): decode=0.1ms, inference=22.0ms, second_pass=0.0ms, contention=0.0ms, TOTAL=22.4ms | audio=600ms, RTF=0.04x | model=enhanced_mel, neural_total=21.5ms, model_inference=11.9ms
[TIMING] EnhancedMel.transcribe: audio_to_gpu=0.3ms, features=0.6ms, model=12.1ms, decode=5.8ms | TOTAL=18.8ms for 3000ms audio (RTF=0.01x)
[TIMING] stream_chunk[experiment-886ced52536e45ae80e8bce1b0d4b405](live_neural): decode=0.1ms, inference=21.7ms, second_pass=0.0ms, contention=0.0ms, TOTAL=22.1ms | audio=600ms, RTF=0.04x | model=enhanced_mel, neural_total=21.3ms, model_inference=12.1ms
[TIMING] EnhancedMel.transcribe: audio_to_gpu=0.3ms, features=0.5ms, model=12.4ms, decode=5.7ms | TOTAL=18.9ms for 3000ms audio (RTF=0.01x)
[TIMING] stream_chunk[experiment-886ced52536e45ae80e8bce1b0d4b405](live_neural): decode=0.2ms, inference=21.3ms, second_pass=0.0ms, contention=0.0ms, TOTAL=21.7ms | audio=600ms, RTF=0.04x | model=enhanced_mel, neural_total=20.9ms, model_inference=12.4ms
[TIMING] EnhancedMel.transcribe: audio_to_gpu=0.2ms, features=0.6ms, model=13.0ms, decode=6.1ms | TOTAL=20.0ms for 3000ms audio (RTF=0.01x)
[TIMING] stream_chunk[experiment-886ced52536e45ae80e8bce1b0d4b405](live_neural): decode=0.1ms, inference=22.6ms, second_pass=0.0ms, contention=0.0ms, TOTAL=23.0ms | audio=600ms, RTF=0.04x | model=enhanced_mel, neural_total=22.1ms, model_inference=13.0ms
[TIMING] EnhancedMel.transcribe: audio_to_gpu=0.3ms, features=0.5ms, model=12.2ms, decode=5.8ms | TOTAL=18.9ms for 3000ms audio (RTF=0.01x)
[TIMING] stream_chunk[experiment-886ced52536e45ae80e8bce1b0d4b405](live_neural): decode=0.1ms, inference=21.3ms, second_pass=0.0ms, contention=0.0ms, TOTAL=21.7ms | audio=600ms, RTF=0.04x | model=enhanced_mel, neural_total=21.0ms, model_inference=12.2ms
[TIMING] EnhancedMel.transcribe: audio_to_gpu=0.6ms, features=1.0ms, model=16.1ms, decode=1.3ms | TOTAL=19.0ms for 600ms audio (RTF=0.03x)
[TIMING] stream_chunk[experiment-2e66922315704360a9eaefa838894ca4](live_neural): decode=0.2ms, inference=20.7ms, second_pass=0.0ms, contention=0.0ms, TOTAL=20.9ms | audio=600ms, RTF=0.03x | model=enhanced_mel, neural_total=20.3ms, model_inference=16.1ms
[TIMING] EnhancedMel.transcribe: audio_to_gpu=0.2ms, features=0.4ms, model=11.0ms, decode=2.4ms | TOTAL=14.1ms for 1200ms audio (RTF=0.01x)
[TIMING] stream_chunk[experiment-2e66922315704360a9eaefa838894ca4](live_neural): decode=0.1ms, inference=15.8ms, second_pass=0.0ms, contention=0.0ms, TOTAL=16.0ms | audio=600ms, RTF=0.03x | model=enhanced_mel, neural_total=15.5ms, model_inference=11.0ms
[TIMING] EnhancedMel.transcribe: audio_to_gpu=0.2ms, features=0.4ms, model=10.9ms, decode=3.4ms | TOTAL=14.9ms for 1800ms audio (RTF=0.01x)
[TIMING] stream_chunk[experiment-2e66922315704360a9eaefa838894ca4](live_neural): decode=0.1ms, inference=16.8ms, second_pass=0.0ms, contention=0.0ms, TOTAL=17.1ms | audio=600ms, RTF=0.03x | model=enhanced_mel, neural_total=16.5ms, model_inference=10.9ms
[TIMING] EnhancedMel.transcribe: audio_to_gpu=0.4ms, features=0.7ms, model=20.4ms, decode=4.5ms | TOTAL=26.1ms for 2400ms audio (RTF=0.01x)
[TIMING] stream_chunk[experiment-2e66922315704360a9eaefa838894ca4](live_neural): decode=0.1ms, inference=28.3ms, second_pass=0.0ms, contention=0.0ms, TOTAL=28.7ms | audio=600ms, RTF=0.05x | model=enhanced_mel, neural_total=27.9ms, model_inference=20.4ms
[TIMING] EnhancedMel.transcribe: audio_to_gpu=0.3ms, features=0.5ms, model=13.4ms, decode=5.8ms | TOTAL=20.0ms for 3000ms audio (RTF=0.01x)
[TIMING] stream_chunk[experiment-2e66922315704360a9eaefa838894ca4](live_neural): decode=0.1ms, inference=23.3ms, second_pass=0.0ms, contention=0.0ms, TOTAL=23.7ms | audio=600ms, RTF=0.04x | model=enhanced_mel, neural_total=22.9ms, model_inference=13.4ms
[TIMING] EnhancedMel.transcribe: audio_to_gpu=0.4ms, features=0.7ms, model=17.7ms, decode=5.6ms | TOTAL=24.5ms for 3000ms audio (RTF=0.01x)
[TIMING] stream_chunk[experiment-2e66922315704360a9eaefa838894ca4](live_neural): decode=0.1ms, inference=27.1ms, second_pass=0.0ms, contention=0.0ms, TOTAL=27.9ms | audio=600ms, RTF=0.05x | model=enhanced_mel, neural_total=26.6ms, model_inference=17.7ms
[TIMING] EnhancedMel.transcribe: audio_to_gpu=0.5ms, features=0.7ms, model=13.4ms, decode=5.9ms | TOTAL=20.5ms for 3000ms audio (RTF=0.01x)
[TIMING] stream_chunk[experiment-2e66922315704360a9eaefa838894ca4](live_neural): decode=0.1ms, inference=23.0ms, second_pass=0.0ms, contention=0.0ms, TOTAL=23.4ms | audio=600ms, RTF=0.04x | model=enhanced_mel, neural_total=22.5ms, model_inference=13.4ms
[TIMING] EnhancedMel.transcribe: audio_to_gpu=0.4ms, features=0.6ms, model=14.1ms, decode=5.8ms | TOTAL=20.8ms for 3000ms audio (RTF=0.01x)
[TIMING] stream_chunk[experiment-2e66922315704360a9eaefa838894ca4](live_neural): decode=0.1ms, inference=23.3ms, second_pass=0.0ms, contention=0.0ms, TOTAL=23.7ms | audio=600ms, RTF=0.04x | model=enhanced_mel, neural_total=22.8ms, model_inference=14.1ms
[TIMING] EnhancedMel.transcribe: audio_to_gpu=0.3ms, features=0.6ms, model=12.1ms, decode=5.7ms | TOTAL=18.7ms for 3000ms audio (RTF=0.01x)
[TIMING] stream_chunk[experiment-2e66922315704360a9eaefa838894ca4](live_neural): decode=0.1ms, inference=21.2ms, second_pass=0.0ms, contention=0.0ms, TOTAL=21.8ms | audio=600ms, RTF=0.04x | model=enhanced_mel, neural_total=20.7ms, model_inference=12.1ms
[TIMING] EnhancedMel.transcribe: audio_to_gpu=0.9ms, features=0.5ms, model=12.0ms, decode=6.0ms | TOTAL=19.5ms for 3000ms audio (RTF=0.01x)
[TIMING] stream_chunk[experiment-2e66922315704360a9eaefa838894ca4](live_neural): decode=0.1ms, inference=21.9ms, second_pass=0.0ms, contention=0.0ms, TOTAL=22.3ms | audio=600ms, RTF=0.04x | model=enhanced_mel, neural_total=21.5ms, model_inference=12.0ms

[CLIP_032] Au bord d'une source
  excerpt: start=75.00s end=81.00s duration=6.00s gt_notes=122 rms=0.0265 peak=0.1431 crest=5.398 rms_std=0.0113
    control:
      note metrics: precision=0.992 recall=0.959 f1=0.975 matched=117/122 pred=118
      strict onset f1: 10ms=0.825 20ms=0.975 30ms=0.975
      timing metrics: offset_f1=0.875 rhythm_precision=0.897 note_value_acc=0.667 note_value_n=117 avg_beat_error=0.080
      duplicate metrics: duplicates=0 per_100_notes=0.00
      boundary metrics: gt=39 matched=35 missed=4 miss_rate=0.103
      latency: avg_chunk_ms=21.85 p95_chunk_ms=27.48 avg_rtf=0.036
      notation metrics: first_correct_ms=41.1 visible_p50_ms=181.0 visible_p95_ms=599.3 stabilize_p50_ms=1128.9 stabilize_p95_ms=3376.4 avg_revisions=1.33 matched=21 refined=21 snapshots=19
      algorithmic latency: first_correct_ms=19.0 visible_p50_ms=162.0 visible_p95_ms=578.4 stabilize_p50_ms=1109.9 stabilize_p95_ms=2953.6
      final display note metrics: precision=0.991 recall=0.951 f1=0.971 matched=116/122 pred=117
      final display strict onset f1: 10ms=0.820 20ms=0.971 30ms=0.971
      final display timing: offset_f1=0.870 rhythm_precision=0.897 note_value_acc=0.422 note_value_n=116 avg_beat_error=0.157
      final display structure: cluster_f1=0.879 onset_align_recall=1.000 avg_jaccard=0.951 exact=51/58 pred=58 over=1 under=6 pitch_conflicts=0 missed_gt=0
      threshold profiles: hit_rate=0.000 thresholds=[0.75] profiles={'fixed_baseline': 10}
    treatment:
      note metrics: precision=0.992 recall=0.967 f1=0.979 matched=118/122 pred=119
      strict onset f1: 10ms=0.830 20ms=0.979 30ms=0.979
      timing metrics: offset_f1=0.880 rhythm_precision=0.898 note_value_acc=0.661 note_value_n=118 avg_beat_error=0.080
      duplicate metrics: duplicates=0 per_100_notes=0.00
      boundary metrics: gt=39 matched=36 missed=3 miss_rate=0.077
      latency: avg_chunk_ms=22.53 p95_chunk_ms=28.30 avg_rtf=0.037
      notation metrics: first_correct_ms=42.4 visible_p50_ms=239.2 visible_p95_ms=616.5 stabilize_p50_ms=1121.3 stabilize_p95_ms=2491.4 avg_revisions=0.82 matched=22 refined=22 snapshots=19
      algorithmic latency: first_correct_ms=19.0 visible_p50_ms=220.2 visible_p95_ms=599.9 stabilize_p50_ms=855.9 stabilize_p95_ms=1789.1
      final display note metrics: precision=0.992 recall=0.959 f1=0.975 matched=117/122 pred=118
      final display strict onset f1: 10ms=0.825 20ms=0.975 30ms=0.975
      final display timing: offset_f1=0.875 rhythm_precision=0.897 note_value_acc=0.462 note_value_n=117 avg_beat_error=0.156
      final display structure: cluster_f1=0.897 onset_align_recall=1.000 avg_jaccard=0.960 exact=52/58 pred=58 over=1 under=5 pitch_conflicts=0 missed_gt=0
      threshold profiles: hit_rate=0.600 thresholds=[0.71, 0.75] profiles={'baseline_nominal': 4, 'soft_sparse_recall': 6}
    delta treatment-control: precision=+0.000 recall=+0.008 f1=+0.004 offset_f1=+0.005 note_value_acc=-0.006 dup_per_100=+0.00 boundary_miss_rate=-0.026 p95_chunk_ms=+0.82 f1_10ms=+0.005 f1_20ms=+0.004 f1_30ms=+0.004 visible_p50_ms=+58.2 stabilize_p50_ms=-7.6 algo_visible_p50_ms=+58.2 algo_stabilize_p50_ms=-254.0 avg_revisions=-0.52 display_note_f1=+0.004 display_offset_f1=+0.005 display_cluster_f1=+0.017 display_cluster_jaccard=+0.009
    failure buckets: ['boundary_miss_failure', 'high_revision_slow_stabilization']
      boundary diagnostics: missed=4 by_arm={'control': 4, 'treatment': 3} tags={'control_boundary_miss': 4, 'no_control_coarse_candidate': 4, 'treatment_recovers_boundary_note': 1}
        miss: pitch=86 onset=0.599s boundary_delta_ms=-1.0 control_coarse=False treatment_coarse=True retro=n/a
        miss: pitch=82 onset=4.197s boundary_delta_ms=-3.4 control_coarse=False treatment_coarse=False retro=n/a
        miss: pitch=83 onset=4.276s boundary_delta_ms=+76.0 control_coarse=False treatment_coarse=False retro=n/a
        ... 1 more missed boundary notes in diagnostics JSON
[TIMING] EnhancedMel.transcribe: audio_to_gpu=0.4ms, features=0.7ms, model=10.0ms, decode=1.4ms | TOTAL=12.5ms for 600ms audio (RTF=0.02x)
[TIMING] stream_chunk[experiment-05b3bef218ef48c1a588ce9bfb59945e](live_neural): decode=0.2ms, inference=15.1ms, second_pass=0.0ms, contention=0.0ms, TOTAL=15.3ms | audio=600ms, RTF=0.03x | model=enhanced_mel, neural_total=14.6ms, model_inference=10.0ms
[TIMING] EnhancedMel.transcribe: audio_to_gpu=0.2ms, features=0.4ms, model=10.1ms, decode=2.5ms | TOTAL=13.3ms for 1200ms audio (RTF=0.01x)
[TIMING] stream_chunk[experiment-05b3bef218ef48c1a588ce9bfb59945e](live_neural): decode=0.1ms, inference=15.0ms, second_pass=0.0ms, contention=0.0ms, TOTAL=15.3ms | audio=600ms, RTF=0.03x | model=enhanced_mel, neural_total=14.6ms, model_inference=10.1ms
[TIMING] EnhancedMel.transcribe: audio_to_gpu=0.3ms, features=0.5ms, model=16.3ms, decode=3.5ms | TOTAL=20.6ms for 1800ms audio (RTF=0.01x)
[TIMING] stream_chunk[experiment-05b3bef218ef48c1a588ce9bfb59945e](live_neural): decode=0.1ms, inference=22.6ms, second_pass=0.0ms, contention=0.0ms, TOTAL=22.9ms | audio=600ms, RTF=0.04x | model=enhanced_mel, neural_total=22.2ms, model_inference=16.3ms
[TIMING] EnhancedMel.transcribe: audio_to_gpu=0.2ms, features=1.1ms, model=12.0ms, decode=4.4ms | TOTAL=17.6ms for 2400ms audio (RTF=0.01x)
[TIMING] stream_chunk[experiment-05b3bef218ef48c1a588ce9bfb59945e](live_neural): decode=0.1ms, inference=19.9ms, second_pass=0.0ms, contention=0.0ms, TOTAL=20.3ms | audio=600ms, RTF=0.03x | model=enhanced_mel, neural_total=19.4ms, model_inference=12.0ms
[TIMING] EnhancedMel.transcribe: audio_to_gpu=0.4ms, features=0.6ms, model=16.7ms, decode=5.4ms | TOTAL=23.1ms for 3000ms audio (RTF=0.01x)
[TIMING] stream_chunk[experiment-05b3bef218ef48c1a588ce9bfb59945e](live_neural): decode=0.1ms, inference=25.4ms, second_pass=0.0ms, contention=0.0ms, TOTAL=25.8ms | audio=600ms, RTF=0.04x | model=enhanced_mel, neural_total=25.1ms, model_inference=16.7ms
[TIMING] EnhancedMel.transcribe: audio_to_gpu=0.3ms, features=0.5ms, model=13.0ms, decode=5.1ms | TOTAL=18.9ms for 3000ms audio (RTF=0.01x)
[TIMING] stream_chunk[experiment-05b3bef218ef48c1a588ce9bfb59945e](live_neural): decode=0.1ms, inference=21.1ms, second_pass=0.0ms, contention=0.0ms, TOTAL=21.4ms | audio=600ms, RTF=0.04x | model=enhanced_mel, neural_total=20.8ms, model_inference=13.0ms
[TIMING] EnhancedMel.transcribe: audio_to_gpu=0.3ms, features=0.5ms, model=13.2ms, decode=6.4ms | TOTAL=20.4ms for 3000ms audio (RTF=0.01x)
[TIMING] stream_chunk[experiment-05b3bef218ef48c1a588ce9bfb59945e](live_neural): decode=0.1ms, inference=22.7ms, second_pass=0.0ms, contention=0.0ms, TOTAL=22.9ms | audio=600ms, RTF=0.04x | model=enhanced_mel, neural_total=22.2ms, model_inference=13.2ms
[TIMING] EnhancedMel.transcribe: audio_to_gpu=0.3ms, features=0.6ms, model=12.9ms, decode=5.2ms | TOTAL=19.1ms for 3000ms audio (RTF=0.01x)
[TIMING] stream_chunk[experiment-05b3bef218ef48c1a588ce9bfb59945e](live_neural): decode=0.1ms, inference=21.4ms, second_pass=0.0ms, contention=0.0ms, TOTAL=21.6ms | audio=600ms, RTF=0.04x | model=enhanced_mel, neural_total=20.9ms, model_inference=12.9ms
[TIMING] EnhancedMel.transcribe: audio_to_gpu=0.3ms, features=0.5ms, model=15.8ms, decode=5.5ms | TOTAL=22.0ms for 3000ms audio (RTF=0.01x)
[TIMING] stream_chunk[experiment-05b3bef218ef48c1a588ce9bfb59945e](live_neural): decode=0.1ms, inference=25.0ms, second_pass=0.0ms, contention=0.0ms, TOTAL=25.3ms | audio=600ms, RTF=0.04x | model=enhanced_mel, neural_total=24.5ms, model_inference=15.8ms
[TIMING] EnhancedMel.transcribe: audio_to_gpu=0.3ms, features=0.5ms, model=12.2ms, decode=5.5ms | TOTAL=18.5ms for 3000ms audio (RTF=0.01x)
[TIMING] stream_chunk[experiment-05b3bef218ef48c1a588ce9bfb59945e](live_neural): decode=0.1ms, inference=20.8ms, second_pass=0.0ms, contention=0.0ms, TOTAL=21.0ms | audio=600ms, RTF=0.04x | model=enhanced_mel, neural_total=20.3ms, model_inference=12.2ms
[TIMING] EnhancedMel.transcribe: audio_to_gpu=0.5ms, features=0.7ms, model=14.8ms, decode=1.5ms | TOTAL=17.6ms for 600ms audio (RTF=0.03x)
[TIMING] stream_chunk[experiment-5c3906c71ca640438d48431f77df3f15](live_neural): decode=0.1ms, inference=19.2ms, second_pass=0.0ms, contention=0.0ms, TOTAL=19.5ms | audio=600ms, RTF=0.03x | model=enhanced_mel, neural_total=18.8ms, model_inference=14.8ms
[TIMING] EnhancedMel.transcribe: audio_to_gpu=0.2ms, features=0.4ms, model=10.3ms, decode=2.6ms | TOTAL=13.5ms for 1200ms audio (RTF=0.01x)
[TIMING] stream_chunk[experiment-5c3906c71ca640438d48431f77df3f15](live_neural): decode=0.2ms, inference=16.0ms, second_pass=0.0ms, contention=0.0ms, TOTAL=16.3ms | audio=600ms, RTF=0.03x | model=enhanced_mel, neural_total=15.6ms, model_inference=10.3ms
[TIMING] EnhancedMel.transcribe: audio_to_gpu=0.2ms, features=0.6ms, model=19.9ms, decode=3.5ms | TOTAL=24.2ms for 1800ms audio (RTF=0.01x)
[TIMING] stream_chunk[experiment-5c3906c71ca640438d48431f77df3f15](live_neural): decode=0.1ms, inference=26.2ms, second_pass=0.0ms, contention=0.0ms, TOTAL=26.5ms | audio=600ms, RTF=0.04x | model=enhanced_mel, neural_total=25.8ms, model_inference=19.9ms
[TIMING] EnhancedMel.transcribe: audio_to_gpu=0.2ms, features=0.4ms, model=11.9ms, decode=4.4ms | TOTAL=16.9ms for 2400ms audio (RTF=0.01x)
[TIMING] stream_chunk[experiment-5c3906c71ca640438d48431f77df3f15](live_neural): decode=0.1ms, inference=20.0ms, second_pass=0.0ms, contention=0.0ms, TOTAL=20.2ms | audio=600ms, RTF=0.03x | model=enhanced_mel, neural_total=19.6ms, model_inference=11.9ms
[TIMING] EnhancedMel.transcribe: audio_to_gpu=0.4ms, features=0.6ms, model=19.9ms, decode=5.3ms | TOTAL=26.3ms for 3000ms audio (RTF=0.01x)
[TIMING] stream_chunk[experiment-5c3906c71ca640438d48431f77df3f15](live_neural): decode=0.1ms, inference=28.5ms, second_pass=0.0ms, contention=0.0ms, TOTAL=28.7ms | audio=600ms, RTF=0.05x | model=enhanced_mel, neural_total=28.1ms, model_inference=19.9ms
[TIMING] EnhancedMel.transcribe: audio_to_gpu=0.2ms, features=0.5ms, model=11.6ms, decode=6.6ms | TOTAL=19.1ms for 3000ms audio (RTF=0.01x)
[TIMING] stream_chunk[experiment-5c3906c71ca640438d48431f77df3f15](live_neural): decode=0.1ms, inference=22.0ms, second_pass=0.0ms, contention=0.0ms, TOTAL=22.2ms | audio=600ms, RTF=0.04x | model=enhanced_mel, neural_total=21.5ms, model_inference=11.6ms
[TIMING] EnhancedMel.transcribe: audio_to_gpu=0.2ms, features=0.7ms, model=13.9ms, decode=6.2ms | TOTAL=21.0ms for 3000ms audio (RTF=0.01x)
[TIMING] stream_chunk[experiment-5c3906c71ca640438d48431f77df3f15](live_neural): decode=0.1ms, inference=23.5ms, second_pass=0.0ms, contention=0.0ms, TOTAL=23.8ms | audio=600ms, RTF=0.04x | model=enhanced_mel, neural_total=23.1ms, model_inference=13.9ms
[TIMING] EnhancedMel.transcribe: audio_to_gpu=0.3ms, features=0.6ms, model=13.7ms, decode=5.2ms | TOTAL=19.9ms for 3000ms audio (RTF=0.01x)
[TIMING] stream_chunk[experiment-5c3906c71ca640438d48431f77df3f15](live_neural): decode=0.1ms, inference=22.2ms, second_pass=0.0ms, contention=0.0ms, TOTAL=22.4ms | audio=600ms, RTF=0.04x | model=enhanced_mel, neural_total=21.8ms, model_inference=13.7ms
[TIMING] EnhancedMel.transcribe: audio_to_gpu=0.3ms, features=0.4ms, model=11.7ms, decode=5.4ms | TOTAL=17.8ms for 3000ms audio (RTF=0.01x)
[TIMING] stream_chunk[experiment-5c3906c71ca640438d48431f77df3f15](live_neural): decode=0.2ms, inference=20.0ms, second_pass=0.0ms, contention=0.0ms, TOTAL=20.4ms | audio=600ms, RTF=0.03x | model=enhanced_mel, neural_total=19.7ms, model_inference=11.7ms
[TIMING] EnhancedMel.transcribe: audio_to_gpu=0.4ms, features=0.6ms, model=18.5ms, decode=6.1ms | TOTAL=25.7ms for 3000ms audio (RTF=0.01x)
[TIMING] stream_chunk[experiment-5c3906c71ca640438d48431f77df3f15](live_neural): decode=0.1ms, inference=28.0ms, second_pass=0.0ms, contention=0.0ms, TOTAL=28.3ms | audio=600ms, RTF=0.05x | model=enhanced_mel, neural_total=27.6ms, model_inference=18.5ms

[CLIP_033] SuiteBergamasque
  excerpt: start=30.00s end=36.00s duration=6.00s gt_notes=90 rms=0.0930 peak=0.4669 crest=5.021 rms_std=0.0382
    control:
      note metrics: precision=0.796 recall=0.956 f1=0.869 matched=86/90 pred=108
      strict onset f1: 10ms=0.727 20ms=0.869 30ms=0.869
      timing metrics: offset_f1=0.657 rhythm_precision=0.756 note_value_acc=0.279 note_value_n=86 avg_beat_error=0.199
      duplicate metrics: duplicates=14 per_100_notes=12.96
      boundary metrics: gt=33 matched=32 missed=1 miss_rate=0.030
      latency: avg_chunk_ms=21.19 p95_chunk_ms=25.60 avg_rtf=0.035
      notation metrics: first_correct_ms=22.4 visible_p50_ms=331.6 visible_p95_ms=642.4 stabilize_p50_ms=1976.1 stabilize_p95_ms=3456.0 avg_revisions=2.69 matched=13 refined=13 snapshots=17
      algorithmic latency: first_correct_ms=1.0 visible_p50_ms=306.3 visible_p95_ms=619.5 stabilize_p50_ms=1950.8 stabilize_p95_ms=3163.3
      final display note metrics: precision=0.929 recall=0.878 f1=0.903 matched=79/90 pred=85
      final display strict onset f1: 10ms=0.743 20ms=0.891 30ms=0.891
      final display timing: offset_f1=0.674 rhythm_precision=0.747 note_value_acc=0.241 note_value_n=79 avg_beat_error=0.254
      final display structure: cluster_f1=0.681 onset_align_recall=0.955 avg_jaccard=0.921 exact=16/22 pred=25 over=0 under=5 pitch_conflicts=0 missed_gt=1
      threshold profiles: hit_rate=0.000 thresholds=[0.75] profiles={'fixed_baseline': 10}
    treatment:
      note metrics: precision=0.748 recall=0.956 f1=0.839 matched=86/90 pred=115
      strict onset f1: 10ms=0.712 20ms=0.839 30ms=0.839
      timing metrics: offset_f1=0.634 rhythm_precision=0.756 note_value_acc=0.279 note_value_n=86 avg_beat_error=0.198
      duplicate metrics: duplicates=16 per_100_notes=13.91
      boundary metrics: gt=33 matched=32 missed=1 miss_rate=0.030
      latency: avg_chunk_ms=22.83 p95_chunk_ms=28.55 avg_rtf=0.038
      notation metrics: first_correct_ms=23.2 visible_p50_ms=249.8 visible_p95_ms=566.6 stabilize_p50_ms=2577.7 stabilize_p95_ms=3328.7 avg_revisions=3.17 matched=12 refined=12 snapshots=17
      algorithmic latency: first_correct_ms=1.0 visible_p50_ms=228.5 visible_p95_ms=538.8 stabilize_p50_ms=2054.8 stabilize_p95_ms=3200.4
      final display note metrics: precision=0.860 recall=0.889 f1=0.874 matched=80/90 pred=93
      final display strict onset f1: 10ms=0.721 20ms=0.863 30ms=0.863
      final display timing: offset_f1=0.656 rhythm_precision=0.750 note_value_acc=0.175 note_value_n=80 avg_beat_error=0.290
      final display structure: cluster_f1=0.681 onset_align_recall=0.955 avg_jaccard=0.916 exact=16/22 pred=25 over=1 under=4 pitch_conflicts=0 missed_gt=1
      threshold profiles: hit_rate=0.200 thresholds=[0.46, 0.75] profiles={'baseline_nominal': 8, 'loud_dense_precision': 2}
    delta treatment-control: precision=-0.048 recall=+0.000 f1=-0.030 offset_f1=-0.022 note_value_acc=+0.000 dup_per_100=+0.95 boundary_miss_rate=+0.000 p95_chunk_ms=+2.95 f1_10ms=-0.015 f1_20ms=-0.030 f1_30ms=-0.030 visible_p50_ms=-81.8 stabilize_p50_ms=+601.6 algo_visible_p50_ms=-77.7 algo_stabilize_p50_ms=+104.0 avg_revisions=+0.47 display_note_f1=-0.029 display_offset_f1=-0.019 display_cluster_f1=+0.000 display_cluster_jaccard=-0.005
    failure buckets: ['boundary_miss_failure', 'high_revision_slow_stabilization', 'note_value_offset_failure']
      boundary diagnostics: missed=1 by_arm={'control': 1, 'treatment': 1} tags={'control_boundary_miss': 1, 'no_control_coarse_candidate': 1}
        miss: pitch=76 onset=4.204s boundary_delta_ms=+4.4 control_coarse=False treatment_coarse=False retro=n/a
[TIMING] EnhancedMel.transcribe: audio_to_gpu=0.4ms, features=0.5ms, model=10.1ms, decode=1.3ms | TOTAL=12.3ms for 600ms audio (RTF=0.02x)
[TIMING] stream_chunk[experiment-244fb54ca4e94071a70a961d36b6b943](live_neural): decode=0.1ms, inference=13.8ms, second_pass=0.0ms, contention=0.0ms, TOTAL=13.9ms | audio=600ms, RTF=0.02x | model=enhanced_mel, neural_total=13.4ms, model_inference=10.1ms
[TIMING] EnhancedMel.transcribe: audio_to_gpu=0.3ms, features=0.4ms, model=10.5ms, decode=2.4ms | TOTAL=13.7ms for 1200ms audio (RTF=0.01x)
[TIMING] stream_chunk[experiment-244fb54ca4e94071a70a961d36b6b943](live_neural): decode=0.4ms, inference=15.5ms, second_pass=0.0ms, contention=0.0ms, TOTAL=15.9ms | audio=600ms, RTF=0.03x | model=enhanced_mel, neural_total=15.1ms, model_inference=10.5ms
[TIMING] EnhancedMel.transcribe: audio_to_gpu=0.3ms, features=2.3ms, model=16.9ms, decode=3.3ms | TOTAL=22.8ms for 1800ms audio (RTF=0.01x)
[TIMING] stream_chunk[experiment-244fb54ca4e94071a70a961d36b6b943](live_neural): decode=0.1ms, inference=24.6ms, second_pass=0.0ms, contention=0.0ms, TOTAL=24.8ms | audio=600ms, RTF=0.04x | model=enhanced_mel, neural_total=24.3ms, model_inference=16.9ms
[TIMING] EnhancedMel.transcribe: audio_to_gpu=0.1ms, features=0.3ms, model=11.7ms, decode=4.3ms | TOTAL=16.5ms for 2400ms audio (RTF=0.01x)
[TIMING] stream_chunk[experiment-244fb54ca4e94071a70a961d36b6b943](live_neural): decode=0.1ms, inference=18.5ms, second_pass=0.0ms, contention=0.0ms, TOTAL=18.8ms | audio=600ms, RTF=0.03x | model=enhanced_mel, neural_total=18.2ms, model_inference=11.7ms
[TIMING] EnhancedMel.transcribe: audio_to_gpu=0.4ms, features=0.6ms, model=16.9ms, decode=5.3ms | TOTAL=23.2ms for 3000ms audio (RTF=0.01x)
[TIMING] stream_chunk[experiment-244fb54ca4e94071a70a961d36b6b943](live_neural): decode=0.1ms, inference=25.6ms, second_pass=0.0ms, contention=0.0ms, TOTAL=25.8ms | audio=600ms, RTF=0.04x | model=enhanced_mel, neural_total=25.3ms, model_inference=16.9ms
[TIMING] EnhancedMel.transcribe: audio_to_gpu=0.3ms, features=0.7ms, model=12.7ms, decode=5.5ms | TOTAL=19.1ms for 3000ms audio (RTF=0.01x)
[TIMING] stream_chunk[experiment-244fb54ca4e94071a70a961d36b6b943](live_neural): decode=0.1ms, inference=22.2ms, second_pass=0.0ms, contention=0.0ms, TOTAL=22.5ms | audio=600ms, RTF=0.04x | model=enhanced_mel, neural_total=21.8ms, model_inference=12.7ms
[TIMING] EnhancedMel.transcribe: audio_to_gpu=0.3ms, features=0.5ms, model=12.0ms, decode=5.3ms | TOTAL=18.1ms for 3000ms audio (RTF=0.01x)
[TIMING] stream_chunk[experiment-244fb54ca4e94071a70a961d36b6b943](live_neural): decode=0.1ms, inference=20.4ms, second_pass=0.0ms, contention=0.0ms, TOTAL=20.7ms | audio=600ms, RTF=0.03x | model=enhanced_mel, neural_total=20.1ms, model_inference=12.0ms
[TIMING] EnhancedMel.transcribe: audio_to_gpu=0.3ms, features=0.5ms, model=12.1ms, decode=5.5ms | TOTAL=18.4ms for 3000ms audio (RTF=0.01x)
[TIMING] stream_chunk[experiment-244fb54ca4e94071a70a961d36b6b943](live_neural): decode=0.1ms, inference=20.9ms, second_pass=0.0ms, contention=0.0ms, TOTAL=21.9ms | audio=600ms, RTF=0.04x | model=enhanced_mel, neural_total=20.5ms, model_inference=12.1ms
[TIMING] EnhancedMel.transcribe: audio_to_gpu=0.3ms, features=0.5ms, model=12.1ms, decode=5.2ms | TOTAL=18.2ms for 3000ms audio (RTF=0.01x)
[TIMING] stream_chunk[experiment-244fb54ca4e94071a70a961d36b6b943](live_neural): decode=0.1ms, inference=20.6ms, second_pass=0.0ms, contention=0.0ms, TOTAL=21.0ms | audio=600ms, RTF=0.04x | model=enhanced_mel, neural_total=20.1ms, model_inference=12.1ms
[TIMING] EnhancedMel.transcribe: audio_to_gpu=0.3ms, features=0.5ms, model=12.6ms, decode=6.4ms | TOTAL=19.8ms for 3000ms audio (RTF=0.01x)
[TIMING] stream_chunk[experiment-244fb54ca4e94071a70a961d36b6b943](live_neural): decode=0.1ms, inference=22.3ms, second_pass=0.0ms, contention=0.0ms, TOTAL=22.7ms | audio=600ms, RTF=0.04x | model=enhanced_mel, neural_total=21.8ms, model_inference=12.6ms
[TIMING] EnhancedMel.transcribe: audio_to_gpu=0.3ms, features=0.5ms, model=10.2ms, decode=1.3ms | TOTAL=12.3ms for 600ms audio (RTF=0.02x)
[TIMING] stream_chunk[experiment-5c6a54081be34a0ba235ef722e1638d5](live_neural): decode=0.1ms, inference=13.7ms, second_pass=0.0ms, contention=0.0ms, TOTAL=13.9ms | audio=600ms, RTF=0.02x | model=enhanced_mel, neural_total=13.4ms, model_inference=10.2ms
[TIMING] EnhancedMel.transcribe: audio_to_gpu=0.1ms, features=2.1ms, model=13.9ms, decode=2.3ms | TOTAL=18.4ms for 1200ms audio (RTF=0.02x)
[TIMING] stream_chunk[experiment-5c6a54081be34a0ba235ef722e1638d5](live_neural): decode=0.1ms, inference=20.1ms, second_pass=0.0ms, contention=0.0ms, TOTAL=20.3ms | audio=600ms, RTF=0.03x | model=enhanced_mel, neural_total=19.7ms, model_inference=13.9ms
[TIMING] EnhancedMel.transcribe: audio_to_gpu=0.3ms, features=0.5ms, model=10.9ms, decode=3.4ms | TOTAL=15.0ms for 1800ms audio (RTF=0.01x)
[TIMING] stream_chunk[experiment-5c6a54081be34a0ba235ef722e1638d5](live_neural): decode=0.2ms, inference=17.2ms, second_pass=0.0ms, contention=0.0ms, TOTAL=17.5ms | audio=600ms, RTF=0.03x | model=enhanced_mel, neural_total=16.7ms, model_inference=10.9ms
[TIMING] EnhancedMel.transcribe: audio_to_gpu=0.2ms, features=0.5ms, model=11.3ms, decode=5.1ms | TOTAL=17.2ms for 2400ms audio (RTF=0.01x)
[TIMING] stream_chunk[experiment-5c6a54081be34a0ba235ef722e1638d5](live_neural): decode=0.1ms, inference=19.3ms, second_pass=0.0ms, contention=0.0ms, TOTAL=19.5ms | audio=600ms, RTF=0.03x | model=enhanced_mel, neural_total=18.9ms, model_inference=11.3ms
[TIMING] EnhancedMel.transcribe: audio_to_gpu=0.2ms, features=0.4ms, model=12.4ms, decode=5.5ms | TOTAL=18.5ms for 3000ms audio (RTF=0.01x)
[TIMING] stream_chunk[experiment-5c6a54081be34a0ba235ef722e1638d5](live_neural): decode=0.2ms, inference=21.2ms, second_pass=0.0ms, contention=0.0ms, TOTAL=21.6ms | audio=600ms, RTF=0.04x | model=enhanced_mel, neural_total=20.8ms, model_inference=12.4ms
[TIMING] EnhancedMel.transcribe: audio_to_gpu=0.3ms, features=0.5ms, model=11.9ms, decode=5.3ms | TOTAL=18.0ms for 3000ms audio (RTF=0.01x)
[TIMING] stream_chunk[experiment-5c6a54081be34a0ba235ef722e1638d5](live_neural): decode=0.1ms, inference=20.2ms, second_pass=0.0ms, contention=0.0ms, TOTAL=20.5ms | audio=600ms, RTF=0.03x | model=enhanced_mel, neural_total=19.8ms, model_inference=11.9ms
[TIMING] EnhancedMel.transcribe: audio_to_gpu=0.2ms, features=0.5ms, model=12.1ms, decode=5.4ms | TOTAL=18.2ms for 3000ms audio (RTF=0.01x)
[TIMING] stream_chunk[experiment-5c6a54081be34a0ba235ef722e1638d5](live_neural): decode=0.1ms, inference=20.6ms, second_pass=0.0ms, contention=0.0ms, TOTAL=20.9ms | audio=600ms, RTF=0.03x | model=enhanced_mel, neural_total=20.2ms, model_inference=12.1ms
[TIMING] EnhancedMel.transcribe: audio_to_gpu=0.2ms, features=0.5ms, model=12.0ms, decode=5.3ms | TOTAL=18.0ms for 3000ms audio (RTF=0.01x)
[TIMING] stream_chunk[experiment-5c6a54081be34a0ba235ef722e1638d5](live_neural): decode=0.1ms, inference=20.3ms, second_pass=0.0ms, contention=0.0ms, TOTAL=20.6ms | audio=600ms, RTF=0.03x | model=enhanced_mel, neural_total=19.9ms, model_inference=12.0ms
[TIMING] EnhancedMel.transcribe: audio_to_gpu=0.3ms, features=0.5ms, model=12.0ms, decode=5.4ms | TOTAL=18.1ms for 3000ms audio (RTF=0.01x)
[TIMING] stream_chunk[experiment-5c6a54081be34a0ba235ef722e1638d5](live_neural): decode=0.1ms, inference=20.4ms, second_pass=0.0ms, contention=0.0ms, TOTAL=20.7ms | audio=600ms, RTF=0.03x | model=enhanced_mel, neural_total=20.0ms, model_inference=12.0ms
[TIMING] EnhancedMel.transcribe: audio_to_gpu=0.3ms, features=0.5ms, model=11.7ms, decode=5.4ms | TOTAL=18.0ms for 3000ms audio (RTF=0.01x)
[TIMING] stream_chunk[experiment-5c6a54081be34a0ba235ef722e1638d5](live_neural): decode=0.1ms, inference=21.0ms, second_pass=0.0ms, contention=0.0ms, TOTAL=21.2ms | audio=600ms, RTF=0.04x | model=enhanced_mel, neural_total=20.6ms, model_inference=11.7ms

[CLIP_034] Sonata K. 525
  excerpt: start=15.00s end=21.00s duration=6.00s gt_notes=84 rms=0.0631 peak=0.5078 crest=8.050 rms_std=0.0358
    control:
      note metrics: precision=0.938 recall=0.893 f1=0.915 matched=75/84 pred=80
      strict onset f1: 10ms=0.780 20ms=0.915 30ms=0.915
      timing metrics: offset_f1=0.841 rhythm_precision=0.920 note_value_acc=0.653 note_value_n=75 avg_beat_error=0.122
      duplicate metrics: duplicates=1 per_100_notes=1.25
      boundary metrics: gt=28 matched=25 missed=3 miss_rate=0.107
      latency: avg_chunk_ms=20.81 p95_chunk_ms=25.40 avg_rtf=0.035
      notation metrics: first_correct_ms=37.1 visible_p50_ms=339.2 visible_p95_ms=588.3 stabilize_p50_ms=2641.7 stabilize_p95_ms=3502.5 avg_revisions=2.67 matched=9 refined=9 snapshots=18
      algorithmic latency: first_correct_ms=16.4 visible_p50_ms=314.3 visible_p95_ms=573.6 stabilize_p50_ms=2053.6 stabilize_p95_ms=2948.8
      final display note metrics: precision=0.949 recall=0.893 f1=0.920 matched=75/84 pred=79
      final display strict onset f1: 10ms=0.785 20ms=0.920 30ms=0.920
      final display timing: offset_f1=0.847 rhythm_precision=0.920 note_value_acc=0.773 note_value_n=75 avg_beat_error=0.204
      final display structure: cluster_f1=0.778 onset_align_recall=1.000 avg_jaccard=0.912 exact=28/36 pred=36 over=4 under=4 pitch_conflicts=0 missed_gt=0
      threshold profiles: hit_rate=0.000 thresholds=[0.75] profiles={'fixed_baseline': 10}
    treatment:
      note metrics: precision=0.938 recall=0.893 f1=0.915 matched=75/84 pred=80
      strict onset f1: 10ms=0.780 20ms=0.915 30ms=0.915
      timing metrics: offset_f1=0.841 rhythm_precision=0.920 note_value_acc=0.653 note_value_n=75 avg_beat_error=0.122
      duplicate metrics: duplicates=1 per_100_notes=1.25
      boundary metrics: gt=28 matched=25 missed=3 miss_rate=0.107
      latency: avg_chunk_ms=19.66 p95_chunk_ms=21.42 avg_rtf=0.033
      notation metrics: first_correct_ms=37.3 visible_p50_ms=331.8 visible_p95_ms=590.0 stabilize_p50_ms=2640.3 stabilize_p95_ms=3502.4 avg_revisions=2.67 matched=9 refined=9 snapshots=18
      algorithmic latency: first_correct_ms=16.4 visible_p50_ms=314.3 visible_p95_ms=573.6 stabilize_p50_ms=2053.6 stabilize_p95_ms=2948.8
      final display note metrics: precision=0.949 recall=0.893 f1=0.920 matched=75/84 pred=79
      final display strict onset f1: 10ms=0.785 20ms=0.920 30ms=0.920
      final display timing: offset_f1=0.847 rhythm_precision=0.920 note_value_acc=0.773 note_value_n=75 avg_beat_error=0.204
      final display structure: cluster_f1=0.778 onset_align_recall=1.000 avg_jaccard=0.912 exact=28/36 pred=36 over=4 under=4 pitch_conflicts=0 missed_gt=0
      threshold profiles: hit_rate=0.000 thresholds=[0.75] profiles={'baseline_nominal': 10}
    delta treatment-control: precision=+0.000 recall=+0.000 f1=+0.000 offset_f1=+0.000 note_value_acc=+0.000 dup_per_100=+0.00 boundary_miss_rate=+0.000 p95_chunk_ms=-3.97 f1_10ms=+0.000 f1_20ms=+0.000 f1_30ms=+0.000 visible_p50_ms=-7.3 stabilize_p50_ms=-1.4 algo_visible_p50_ms=+0.0 algo_stabilize_p50_ms=+0.0 avg_revisions=+0.00 display_note_f1=+0.000 display_offset_f1=+0.000 display_cluster_f1=+0.000 display_cluster_jaccard=+0.000
    failure buckets: ['runtime_only_win', 'boundary_miss_failure', 'high_revision_slow_stabilization']
      boundary diagnostics: missed=3 by_arm={'control': 3, 'treatment': 3} tags={'control_boundary_miss': 3, 'no_control_coarse_candidate': 3}
        miss: pitch=74 onset=1.875s boundary_delta_ms=+75.0 control_coarse=False treatment_coarse=False retro=n/a
        miss: pitch=38 onset=1.882s boundary_delta_ms=+81.5 control_coarse=False treatment_coarse=False retro=n/a
        miss: pitch=35 onset=1.897s boundary_delta_ms=+97.1 control_coarse=False treatment_coarse=False retro=n/a
[TIMING] EnhancedMel.transcribe: audio_to_gpu=0.5ms, features=0.9ms, model=21.5ms, decode=1.3ms | TOTAL=24.3ms for 600ms audio (RTF=0.04x)
[TIMING] stream_chunk[experiment-16fb962b8e6342e192128dc508d1ae65](live_neural): decode=0.2ms, inference=27.0ms, second_pass=0.0ms, contention=0.0ms, TOTAL=27.2ms | audio=600ms, RTF=0.05x | model=enhanced_mel, neural_total=26.6ms, model_inference=21.5ms
[TIMING] EnhancedMel.transcribe: audio_to_gpu=0.2ms, features=0.4ms, model=10.0ms, decode=2.2ms | TOTAL=12.8ms for 1200ms audio (RTF=0.01x)
[TIMING] stream_chunk[experiment-16fb962b8e6342e192128dc508d1ae65](live_neural): decode=0.1ms, inference=14.6ms, second_pass=0.0ms, contention=0.0ms, TOTAL=14.8ms | audio=600ms, RTF=0.02x | model=enhanced_mel, neural_total=14.2ms, model_inference=10.0ms
[TIMING] EnhancedMel.transcribe: audio_to_gpu=0.2ms, features=0.4ms, model=10.9ms, decode=4.3ms | TOTAL=15.9ms for 1800ms audio (RTF=0.01x)
[TIMING] stream_chunk[experiment-16fb962b8e6342e192128dc508d1ae65](live_neural): decode=0.1ms, inference=17.8ms, second_pass=0.0ms, contention=0.0ms, TOTAL=18.1ms | audio=600ms, RTF=0.03x | model=enhanced_mel, neural_total=17.4ms, model_inference=10.9ms
[TIMING] EnhancedMel.transcribe: audio_to_gpu=0.2ms, features=0.4ms, model=11.7ms, decode=4.3ms | TOTAL=16.7ms for 2400ms audio (RTF=0.01x)
[TIMING] stream_chunk[experiment-16fb962b8e6342e192128dc508d1ae65](live_neural): decode=0.1ms, inference=18.9ms, second_pass=0.0ms, contention=0.0ms, TOTAL=19.1ms | audio=600ms, RTF=0.03x | model=enhanced_mel, neural_total=18.5ms, model_inference=11.7ms
[TIMING] EnhancedMel.transcribe: audio_to_gpu=0.2ms, features=0.4ms, model=11.9ms, decode=5.4ms | TOTAL=17.9ms for 3000ms audio (RTF=0.01x)
[TIMING] stream_chunk[experiment-16fb962b8e6342e192128dc508d1ae65](live_neural): decode=0.1ms, inference=20.5ms, second_pass=0.0ms, contention=0.0ms, TOTAL=20.7ms | audio=600ms, RTF=0.03x | model=enhanced_mel, neural_total=19.9ms, model_inference=11.9ms
[TIMING] EnhancedMel.transcribe: audio_to_gpu=0.2ms, features=0.5ms, model=12.4ms, decode=5.4ms | TOTAL=18.5ms for 3000ms audio (RTF=0.01x)
[TIMING] stream_chunk[experiment-16fb962b8e6342e192128dc508d1ae65](live_neural): decode=0.1ms, inference=20.8ms, second_pass=0.0ms, contention=0.0ms, TOTAL=21.1ms | audio=600ms, RTF=0.04x | model=enhanced_mel, neural_total=20.3ms, model_inference=12.4ms
[TIMING] EnhancedMel.transcribe: audio_to_gpu=0.3ms, features=0.5ms, model=11.6ms, decode=6.9ms | TOTAL=19.2ms for 3000ms audio (RTF=0.01x)
[TIMING] stream_chunk[experiment-16fb962b8e6342e192128dc508d1ae65](live_neural): decode=0.1ms, inference=21.7ms, second_pass=0.0ms, contention=0.0ms, TOTAL=21.9ms | audio=600ms, RTF=0.04x | model=enhanced_mel, neural_total=21.3ms, model_inference=11.6ms
[TIMING] EnhancedMel.transcribe: audio_to_gpu=0.2ms, features=0.5ms, model=12.1ms, decode=5.4ms | TOTAL=18.1ms for 3000ms audio (RTF=0.01x)
[TIMING] stream_chunk[experiment-16fb962b8e6342e192128dc508d1ae65](live_neural): decode=0.1ms, inference=20.5ms, second_pass=0.0ms, contention=0.0ms, TOTAL=20.9ms | audio=600ms, RTF=0.03x | model=enhanced_mel, neural_total=20.0ms, model_inference=12.1ms
[TIMING] EnhancedMel.transcribe: audio_to_gpu=0.3ms, features=0.5ms, model=15.6ms, decode=5.4ms | TOTAL=21.8ms for 3000ms audio (RTF=0.01x)
[TIMING] stream_chunk[experiment-16fb962b8e6342e192128dc508d1ae65](live_neural): decode=0.1ms, inference=24.4ms, second_pass=0.0ms, contention=0.0ms, TOTAL=24.7ms | audio=600ms, RTF=0.04x | model=enhanced_mel, neural_total=24.0ms, model_inference=15.6ms
[TIMING] EnhancedMel.transcribe: audio_to_gpu=0.2ms, features=0.5ms, model=11.9ms, decode=5.3ms | TOTAL=17.9ms for 3000ms audio (RTF=0.01x)
[TIMING] stream_chunk[experiment-16fb962b8e6342e192128dc508d1ae65](live_neural): decode=0.1ms, inference=20.5ms, second_pass=0.0ms, contention=0.0ms, TOTAL=20.8ms | audio=600ms, RTF=0.03x | model=enhanced_mel, neural_total=19.9ms, model_inference=11.9ms
[TIMING] EnhancedMel.transcribe: audio_to_gpu=0.5ms, features=0.5ms, model=14.0ms, decode=1.3ms | TOTAL=16.3ms for 600ms audio (RTF=0.03x)
[TIMING] stream_chunk[experiment-93b21b3fed7f4e27a52f2d5a8f886112](live_neural): decode=0.1ms, inference=17.8ms, second_pass=0.0ms, contention=0.0ms, TOTAL=18.0ms | audio=600ms, RTF=0.03x | model=enhanced_mel, neural_total=17.4ms, model_inference=14.0ms
[TIMING] EnhancedMel.transcribe: audio_to_gpu=0.2ms, features=0.4ms, model=9.9ms, decode=2.3ms | TOTAL=12.8ms for 1200ms audio (RTF=0.01x)
[TIMING] stream_chunk[experiment-93b21b3fed7f4e27a52f2d5a8f886112](live_neural): decode=0.1ms, inference=14.6ms, second_pass=0.0ms, contention=0.0ms, TOTAL=14.9ms | audio=600ms, RTF=0.02x | model=enhanced_mel, neural_total=14.2ms, model_inference=9.9ms
[TIMING] EnhancedMel.transcribe: audio_to_gpu=0.2ms, features=0.4ms, model=10.5ms, decode=3.3ms | TOTAL=14.5ms for 1800ms audio (RTF=0.01x)
[TIMING] stream_chunk[experiment-93b21b3fed7f4e27a52f2d5a8f886112](live_neural): decode=0.1ms, inference=16.4ms, second_pass=0.0ms, contention=0.0ms, TOTAL=16.6ms | audio=600ms, RTF=0.03x | model=enhanced_mel, neural_total=16.0ms, model_inference=10.5ms
[TIMING] EnhancedMel.transcribe: audio_to_gpu=0.2ms, features=1.5ms, model=11.0ms, decode=4.4ms | TOTAL=17.1ms for 2400ms audio (RTF=0.01x)
[TIMING] stream_chunk[experiment-93b21b3fed7f4e27a52f2d5a8f886112](live_neural): decode=0.1ms, inference=19.3ms, second_pass=0.0ms, contention=0.0ms, TOTAL=19.6ms | audio=600ms, RTF=0.03x | model=enhanced_mel, neural_total=18.8ms, model_inference=11.0ms
[TIMING] EnhancedMel.transcribe: audio_to_gpu=0.2ms, features=0.5ms, model=20.0ms, decode=5.4ms | TOTAL=26.1ms for 3000ms audio (RTF=0.01x)
[TIMING] stream_chunk[experiment-93b21b3fed7f4e27a52f2d5a8f886112](live_neural): decode=0.1ms, inference=30.0ms, second_pass=0.0ms, contention=0.0ms, TOTAL=30.2ms | audio=600ms, RTF=0.05x | model=enhanced_mel, neural_total=29.4ms, model_inference=20.0ms
[TIMING] EnhancedMel.transcribe: audio_to_gpu=0.3ms, features=1.5ms, model=11.7ms, decode=5.5ms | TOTAL=19.0ms for 3000ms audio (RTF=0.01x)
[TIMING] stream_chunk[experiment-93b21b3fed7f4e27a52f2d5a8f886112](live_neural): decode=0.1ms, inference=22.2ms, second_pass=0.0ms, contention=0.0ms, TOTAL=22.5ms | audio=600ms, RTF=0.04x | model=enhanced_mel, neural_total=21.8ms, model_inference=11.7ms
[TIMING] EnhancedMel.transcribe: audio_to_gpu=0.2ms, features=0.4ms, model=12.3ms, decode=5.4ms | TOTAL=18.4ms for 3000ms audio (RTF=0.01x)
[TIMING] stream_chunk[experiment-93b21b3fed7f4e27a52f2d5a8f886112](live_neural): decode=0.1ms, inference=20.7ms, second_pass=0.0ms, contention=0.0ms, TOTAL=20.9ms | audio=600ms, RTF=0.03x | model=enhanced_mel, neural_total=20.2ms, model_inference=12.3ms
[TIMING] EnhancedMel.transcribe: audio_to_gpu=0.3ms, features=0.5ms, model=11.9ms, decode=5.4ms | TOTAL=18.2ms for 3000ms audio (RTF=0.01x)
[TIMING] stream_chunk[experiment-93b21b3fed7f4e27a52f2d5a8f886112](live_neural): decode=0.1ms, inference=20.6ms, second_pass=0.0ms, contention=0.0ms, TOTAL=20.9ms | audio=600ms, RTF=0.03x | model=enhanced_mel, neural_total=20.2ms, model_inference=11.9ms
[TIMING] EnhancedMel.transcribe: audio_to_gpu=0.3ms, features=0.5ms, model=11.4ms, decode=5.4ms | TOTAL=17.6ms for 3000ms audio (RTF=0.01x)
[TIMING] stream_chunk[experiment-93b21b3fed7f4e27a52f2d5a8f886112](live_neural): decode=0.1ms, inference=20.0ms, second_pass=0.0ms, contention=0.0ms, TOTAL=20.3ms | audio=600ms, RTF=0.03x | model=enhanced_mel, neural_total=19.7ms, model_inference=11.4ms
[TIMING] EnhancedMel.transcribe: audio_to_gpu=0.2ms, features=3.6ms, model=12.1ms, decode=5.5ms | TOTAL=21.4ms for 3000ms audio (RTF=0.01x)
[TIMING] stream_chunk[experiment-93b21b3fed7f4e27a52f2d5a8f886112](live_neural): decode=0.1ms, inference=23.9ms, second_pass=0.0ms, contention=0.0ms, TOTAL=24.1ms | audio=600ms, RTF=0.04x | model=enhanced_mel, neural_total=23.4ms, model_inference=12.1ms

[CLIP_035] Estampes (Complete)
  excerpt: start=81.00s end=87.00s duration=6.00s gt_notes=79 rms=0.0222 peak=0.1165 crest=5.245 rms_std=0.0068
    control:
      note metrics: precision=0.887 recall=0.797 f1=0.840 matched=63/79 pred=71
      strict onset f1: 10ms=0.600 20ms=0.840 30ms=0.840
      timing metrics: offset_f1=0.627 rhythm_precision=0.746 note_value_acc=0.222 note_value_n=63 avg_beat_error=0.139
      duplicate metrics: duplicates=3 per_100_notes=4.23
      boundary metrics: gt=30 matched=25 missed=5 miss_rate=0.167
      latency: avg_chunk_ms=20.93 p95_chunk_ms=26.09 avg_rtf=0.035
      notation metrics: first_correct_ms=23.8 visible_p50_ms=276.4 visible_p95_ms=578.3 stabilize_p50_ms=1799.9 stabilize_p95_ms=2813.2 avg_revisions=2.14 matched=14 refined=14 snapshots=20
      algorithmic latency: first_correct_ms=5.7 visible_p50_ms=253.6 visible_p95_ms=556.9 stabilize_p50_ms=1434.6 stabilize_p95_ms=2472.1
      final display note metrics: precision=0.925 recall=0.785 f1=0.849 matched=62/79 pred=67
      final display strict onset f1: 10ms=0.616 20ms=0.849 30ms=0.849
      final display timing: offset_f1=0.644 rhythm_precision=0.758 note_value_acc=0.210 note_value_n=62 avg_beat_error=0.343
      final display structure: cluster_f1=0.486 onset_align_recall=1.000 avg_jaccard=0.758 exact=17/34 pred=36 over=1 under=14 pitch_conflicts=2 missed_gt=0
      threshold profiles: hit_rate=0.000 thresholds=[0.75] profiles={'fixed_baseline': 10}
    treatment:
      note metrics: precision=0.875 recall=0.797 f1=0.834 matched=63/79 pred=72
      strict onset f1: 10ms=0.596 20ms=0.834 30ms=0.834
      timing metrics: offset_f1=0.623 rhythm_precision=0.746 note_value_acc=0.222 note_value_n=63 avg_beat_error=0.139
      duplicate metrics: duplicates=3 per_100_notes=4.17
      boundary metrics: gt=30 matched=25 missed=5 miss_rate=0.167
      latency: avg_chunk_ms=20.79 p95_chunk_ms=27.48 avg_rtf=0.035
      notation metrics: first_correct_ms=22.3 visible_p50_ms=274.2 visible_p95_ms=578.3 stabilize_p50_ms=1786.4 stabilize_p95_ms=2733.7 avg_revisions=2.07 matched=14 refined=14 snapshots=20
      algorithmic latency: first_correct_ms=5.7 visible_p50_ms=253.6 visible_p95_ms=556.9 stabilize_p50_ms=1107.4 stabilize_p95_ms=2119.4
      final display note metrics: precision=0.912 recall=0.785 f1=0.844 matched=62/79 pred=68
      final display strict onset f1: 10ms=0.612 20ms=0.844 30ms=0.844
      final display timing: offset_f1=0.639 rhythm_precision=0.758 note_value_acc=0.194 note_value_n=62 avg_beat_error=0.325
      final display structure: cluster_f1=0.479 onset_align_recall=1.000 avg_jaccard=0.758 exact=17/34 pred=37 over=1 under=14 pitch_conflicts=2 missed_gt=0
      threshold profiles: hit_rate=0.400 thresholds=[0.71, 0.75] profiles={'baseline_nominal': 6, 'soft_sparse_recall': 4}
    delta treatment-control: precision=-0.012 recall=+0.000 f1=-0.006 offset_f1=-0.004 note_value_acc=+0.000 dup_per_100=-0.06 boundary_miss_rate=+0.000 p95_chunk_ms=+1.39 f1_10ms=-0.004 f1_20ms=-0.006 f1_30ms=-0.006 visible_p50_ms=-2.2 stabilize_p50_ms=-13.5 algo_visible_p50_ms=+0.0 algo_stabilize_p50_ms=-327.2 avg_revisions=-0.07 display_note_f1=-0.006 display_offset_f1=-0.004 display_cluster_f1=-0.007 display_cluster_jaccard=+0.000
    failure buckets: ['boundary_miss_failure', 'high_revision_slow_stabilization', 'note_value_offset_failure']
      boundary diagnostics: missed=5 by_arm={'control': 5, 'treatment': 5} tags={'control_boundary_miss': 5, 'no_control_coarse_candidate': 5}
        miss: pitch=78 onset=2.499s boundary_delta_ms=+98.7 control_coarse=False treatment_coarse=False retro=n/a
        miss: pitch=68 onset=4.201s boundary_delta_ms=+0.5 control_coarse=False treatment_coarse=False retro=n/a
        miss: pitch=54 onset=4.757s boundary_delta_ms=-43.5 control_coarse=False treatment_coarse=False retro=n/a
        ... 2 more missed boundary notes in diagnostics JSON
[TIMING] EnhancedMel.transcribe: audio_to_gpu=0.4ms, features=0.5ms, model=11.5ms, decode=1.5ms | TOTAL=14.0ms for 600ms audio (RTF=0.02x)
[TIMING] stream_chunk[experiment-97b84e98aead45fc8e72af7667089572](live_neural): decode=0.2ms, inference=15.6ms, second_pass=0.0ms, contention=0.0ms, TOTAL=15.9ms | audio=600ms, RTF=0.03x | model=enhanced_mel, neural_total=15.2ms, model_inference=11.5ms
[TIMING] EnhancedMel.transcribe: audio_to_gpu=0.2ms, features=0.4ms, model=10.5ms, decode=2.5ms | TOTAL=13.5ms for 1200ms audio (RTF=0.01x)
[TIMING] stream_chunk[experiment-97b84e98aead45fc8e72af7667089572](live_neural): decode=0.1ms, inference=15.7ms, second_pass=0.0ms, contention=0.0ms, TOTAL=15.9ms | audio=600ms, RTF=0.03x | model=enhanced_mel, neural_total=15.3ms, model_inference=10.5ms
[TIMING] EnhancedMel.transcribe: audio_to_gpu=0.2ms, features=0.4ms, model=12.0ms, decode=3.4ms | TOTAL=16.0ms for 1800ms audio (RTF=0.01x)
[TIMING] stream_chunk[experiment-97b84e98aead45fc8e72af7667089572](live_neural): decode=0.1ms, inference=18.1ms, second_pass=0.0ms, contention=0.0ms, TOTAL=18.4ms | audio=600ms, RTF=0.03x | model=enhanced_mel, neural_total=17.6ms, model_inference=12.0ms
[TIMING] EnhancedMel.transcribe: audio_to_gpu=0.2ms, features=0.4ms, model=11.2ms, decode=4.4ms | TOTAL=16.3ms for 2400ms audio (RTF=0.01x)
[TIMING] stream_chunk[experiment-97b84e98aead45fc8e72af7667089572](live_neural): decode=0.1ms, inference=18.5ms, second_pass=0.0ms, contention=0.0ms, TOTAL=18.8ms | audio=600ms, RTF=0.03x | model=enhanced_mel, neural_total=18.1ms, model_inference=11.2ms
[TIMING] EnhancedMel.transcribe: audio_to_gpu=0.2ms, features=0.5ms, model=13.7ms, decode=5.2ms | TOTAL=19.6ms for 3000ms audio (RTF=0.01x)
[TIMING] stream_chunk[experiment-97b84e98aead45fc8e72af7667089572](live_neural): decode=0.1ms, inference=21.8ms, second_pass=0.0ms, contention=0.0ms, TOTAL=22.1ms | audio=600ms, RTF=0.04x | model=enhanced_mel, neural_total=21.5ms, model_inference=13.7ms
[TIMING] EnhancedMel.transcribe: audio_to_gpu=0.2ms, features=0.6ms, model=11.9ms, decode=6.0ms | TOTAL=18.8ms for 3000ms audio (RTF=0.01x)
[TIMING] stream_chunk[experiment-97b84e98aead45fc8e72af7667089572](live_neural): decode=0.1ms, inference=21.5ms, second_pass=0.0ms, contention=0.0ms, TOTAL=21.8ms | audio=600ms, RTF=0.04x | model=enhanced_mel, neural_total=21.0ms, model_inference=11.9ms
[TIMING] EnhancedMel.transcribe: audio_to_gpu=0.3ms, features=0.5ms, model=12.5ms, decode=5.3ms | TOTAL=18.5ms for 3000ms audio (RTF=0.01x)
[TIMING] stream_chunk[experiment-97b84e98aead45fc8e72af7667089572](live_neural): decode=0.1ms, inference=21.9ms, second_pass=0.0ms, contention=0.0ms, TOTAL=22.1ms | audio=600ms, RTF=0.04x | model=enhanced_mel, neural_total=21.4ms, model_inference=12.5ms
[TIMING] EnhancedMel.transcribe: audio_to_gpu=0.2ms, features=0.5ms, model=11.8ms, decode=5.3ms | TOTAL=17.8ms for 3000ms audio (RTF=0.01x)
[TIMING] stream_chunk[experiment-97b84e98aead45fc8e72af7667089572](live_neural): decode=0.1ms, inference=20.1ms, second_pass=0.0ms, contention=0.0ms, TOTAL=20.3ms | audio=600ms, RTF=0.03x | model=enhanced_mel, neural_total=19.7ms, model_inference=11.8ms
[TIMING] EnhancedMel.transcribe: audio_to_gpu=0.2ms, features=0.6ms, model=11.6ms, decode=5.4ms | TOTAL=17.8ms for 3000ms audio (RTF=0.01x)
[TIMING] stream_chunk[experiment-97b84e98aead45fc8e72af7667089572](live_neural): decode=0.1ms, inference=20.2ms, second_pass=0.0ms, contention=0.0ms, TOTAL=20.5ms | audio=600ms, RTF=0.03x | model=enhanced_mel, neural_total=19.8ms, model_inference=11.6ms
[TIMING] EnhancedMel.transcribe: audio_to_gpu=0.3ms, features=0.5ms, model=11.4ms, decode=5.5ms | TOTAL=17.7ms for 3000ms audio (RTF=0.01x)
[TIMING] stream_chunk[experiment-97b84e98aead45fc8e72af7667089572](live_neural): decode=0.1ms, inference=20.1ms, second_pass=0.0ms, contention=0.0ms, TOTAL=20.4ms | audio=600ms, RTF=0.03x | model=enhanced_mel, neural_total=19.7ms, model_inference=11.4ms
[TIMING] EnhancedMel.transcribe: audio_to_gpu=0.4ms, features=0.5ms, model=9.9ms, decode=1.4ms | TOTAL=12.2ms for 600ms audio (RTF=0.02x)
[TIMING] stream_chunk[experiment-6864b45723fc42bcb3c3a88ac4f0b58a](live_neural): decode=0.2ms, inference=13.8ms, second_pass=0.0ms, contention=0.0ms, TOTAL=14.0ms | audio=600ms, RTF=0.02x | model=enhanced_mel, neural_total=13.4ms, model_inference=9.9ms
[TIMING] EnhancedMel.transcribe: audio_to_gpu=0.1ms, features=0.9ms, model=11.8ms, decode=2.4ms | TOTAL=15.2ms for 1200ms audio (RTF=0.01x)
[TIMING] stream_chunk[experiment-6864b45723fc42bcb3c3a88ac4f0b58a](live_neural): decode=0.1ms, inference=17.1ms, second_pass=0.0ms, contention=0.0ms, TOTAL=17.3ms | audio=600ms, RTF=0.03x | model=enhanced_mel, neural_total=16.6ms, model_inference=11.8ms
[TIMING] EnhancedMel.transcribe: audio_to_gpu=0.4ms, features=0.6ms, model=14.7ms, decode=3.4ms | TOTAL=19.0ms for 1800ms audio (RTF=0.01x)
[TIMING] stream_chunk[experiment-6864b45723fc42bcb3c3a88ac4f0b58a](live_neural): decode=0.1ms, inference=21.0ms, second_pass=0.0ms, contention=0.0ms, TOTAL=21.2ms | audio=600ms, RTF=0.04x | model=enhanced_mel, neural_total=20.6ms, model_inference=14.7ms
[TIMING] EnhancedMel.transcribe: audio_to_gpu=0.2ms, features=2.4ms, model=12.6ms, decode=4.3ms | TOTAL=19.6ms for 2400ms audio (RTF=0.01x)
[TIMING] stream_chunk[experiment-6864b45723fc42bcb3c3a88ac4f0b58a](live_neural): decode=0.1ms, inference=22.3ms, second_pass=0.0ms, contention=0.0ms, TOTAL=22.5ms | audio=600ms, RTF=0.04x | model=enhanced_mel, neural_total=21.9ms, model_inference=12.6ms
[TIMING] EnhancedMel.transcribe: audio_to_gpu=0.1ms, features=0.5ms, model=12.2ms, decode=5.4ms | TOTAL=18.2ms for 3000ms audio (RTF=0.01x)
[TIMING] stream_chunk[experiment-6864b45723fc42bcb3c3a88ac4f0b58a](live_neural): decode=0.1ms, inference=20.6ms, second_pass=0.0ms, contention=0.0ms, TOTAL=20.8ms | audio=600ms, RTF=0.03x | model=enhanced_mel, neural_total=20.2ms, model_inference=12.2ms
[TIMING] EnhancedMel.transcribe: audio_to_gpu=0.3ms, features=0.5ms, model=11.7ms, decode=6.3ms | TOTAL=18.8ms for 3000ms audio (RTF=0.01x)
[TIMING] stream_chunk[experiment-6864b45723fc42bcb3c3a88ac4f0b58a](live_neural): decode=0.1ms, inference=22.0ms, second_pass=0.0ms, contention=0.0ms, TOTAL=22.2ms | audio=600ms, RTF=0.04x | model=enhanced_mel, neural_total=21.6ms, model_inference=11.7ms
[TIMING] EnhancedMel.transcribe: audio_to_gpu=0.3ms, features=2.2ms, model=11.6ms, decode=6.2ms | TOTAL=20.3ms for 3000ms audio (RTF=0.01x)
[TIMING] stream_chunk[experiment-6864b45723fc42bcb3c3a88ac4f0b58a](live_neural): decode=0.1ms, inference=23.1ms, second_pass=0.0ms, contention=0.0ms, TOTAL=23.3ms | audio=600ms, RTF=0.04x | model=enhanced_mel, neural_total=22.7ms, model_inference=11.6ms
[TIMING] EnhancedMel.transcribe: audio_to_gpu=0.3ms, features=0.5ms, model=12.8ms, decode=5.2ms | TOTAL=18.8ms for 3000ms audio (RTF=0.01x)
[TIMING] stream_chunk[experiment-6864b45723fc42bcb3c3a88ac4f0b58a](live_neural): decode=0.1ms, inference=21.1ms, second_pass=0.0ms, contention=0.0ms, TOTAL=21.4ms | audio=600ms, RTF=0.04x | model=enhanced_mel, neural_total=20.8ms, model_inference=12.8ms
[TIMING] EnhancedMel.transcribe: audio_to_gpu=0.3ms, features=4.6ms, model=12.8ms, decode=5.3ms | TOTAL=22.9ms for 3000ms audio (RTF=0.01x)
[TIMING] stream_chunk[experiment-6864b45723fc42bcb3c3a88ac4f0b58a](live_neural): decode=0.2ms, inference=25.5ms, second_pass=0.0ms, contention=0.0ms, TOTAL=25.8ms | audio=600ms, RTF=0.04x | model=enhanced_mel, neural_total=25.0ms, model_inference=12.8ms
[TIMING] EnhancedMel.transcribe: audio_to_gpu=0.4ms, features=0.5ms, model=11.9ms, decode=5.5ms | TOTAL=18.4ms for 3000ms audio (RTF=0.01x)
[TIMING] stream_chunk[experiment-6864b45723fc42bcb3c3a88ac4f0b58a](live_neural): decode=0.1ms, inference=20.9ms, second_pass=0.0ms, contention=0.0ms, TOTAL=21.2ms | audio=600ms, RTF=0.04x | model=enhanced_mel, neural_total=20.3ms, model_inference=11.9ms

[CLIP_036] Sonata in D Major, K96
  excerpt: start=15.00s end=21.00s duration=6.00s gt_notes=81 rms=0.0569 peak=0.4561 crest=8.016 rms_std=0.0258
    control:
      note metrics: precision=0.917 recall=0.951 f1=0.933 matched=77/81 pred=84
      strict onset f1: 10ms=0.739 20ms=0.933 30ms=0.933
      timing metrics: offset_f1=0.848 rhythm_precision=0.909 note_value_acc=0.662 note_value_n=77 avg_beat_error=0.117
      duplicate metrics: duplicates=3 per_100_notes=3.57
      boundary metrics: gt=17 matched=17 missed=0 miss_rate=0.000
      latency: avg_chunk_ms=19.63 p95_chunk_ms=22.14 avg_rtf=0.033
      notation metrics: first_correct_ms=80.6 visible_p50_ms=358.3 visible_p95_ms=620.5 stabilize_p50_ms=646.9 stabilize_p95_ms=2449.4 avg_revisions=0.53 matched=34 refined=34 snapshots=19
      algorithmic latency: first_correct_ms=59.9 visible_p50_ms=337.0 visible_p95_ms=599.2 stabilize_p50_ms=578.9 stabilize_p95_ms=2026.6
      final display note metrics: precision=0.951 recall=0.951 f1=0.951 matched=77/81 pred=81
      final display strict onset f1: 10ms=0.753 20ms=0.951 30ms=0.951
      final display timing: offset_f1=0.864 rhythm_precision=0.909 note_value_acc=0.455 note_value_n=77 avg_beat_error=0.207
      final display structure: cluster_f1=0.667 onset_align_recall=0.889 avg_jaccard=0.893 exact=29/45 pred=42 over=7 under=4 pitch_conflicts=0 missed_gt=5
      threshold profiles: hit_rate=0.000 thresholds=[0.75] profiles={'fixed_baseline': 10}
    treatment:
      note metrics: precision=0.917 recall=0.951 f1=0.933 matched=77/81 pred=84
      strict onset f1: 10ms=0.739 20ms=0.933 30ms=0.933
      timing metrics: offset_f1=0.848 rhythm_precision=0.909 note_value_acc=0.662 note_value_n=77 avg_beat_error=0.117
      duplicate metrics: duplicates=3 per_100_notes=3.57
      boundary metrics: gt=17 matched=17 missed=0 miss_rate=0.000
      latency: avg_chunk_ms=20.98 p95_chunk_ms=24.71 avg_rtf=0.035
      notation metrics: first_correct_ms=80.7 visible_p50_ms=359.2 visible_p95_ms=621.2 stabilize_p50_ms=648.8 stabilize_p95_ms=2447.9 avg_revisions=0.53 matched=34 refined=34 snapshots=19
      algorithmic latency: first_correct_ms=59.9 visible_p50_ms=337.0 visible_p95_ms=599.2 stabilize_p50_ms=578.9 stabilize_p95_ms=2026.6
      final display note metrics: precision=0.951 recall=0.951 f1=0.951 matched=77/81 pred=81
      final display strict onset f1: 10ms=0.753 20ms=0.951 30ms=0.951
      final display timing: offset_f1=0.864 rhythm_precision=0.909 note_value_acc=0.455 note_value_n=77 avg_beat_error=0.207
      final display structure: cluster_f1=0.667 onset_align_recall=0.889 avg_jaccard=0.893 exact=29/45 pred=42 over=7 under=4 pitch_conflicts=0 missed_gt=5
      threshold profiles: hit_rate=0.000 thresholds=[0.75] profiles={'baseline_nominal': 10}
    delta treatment-control: precision=+0.000 recall=+0.000 f1=+0.000 offset_f1=+0.000 note_value_acc=+0.000 dup_per_100=+0.00 boundary_miss_rate=+0.000 p95_chunk_ms=+2.57 f1_10ms=+0.000 f1_20ms=+0.000 f1_30ms=+0.000 visible_p50_ms=+1.0 stabilize_p50_ms=+1.9 algo_visible_p50_ms=+0.0 algo_stabilize_p50_ms=+0.0 avg_revisions=+0.00 display_note_f1=+0.000 display_offset_f1=+0.000 display_cluster_f1=+0.000 display_cluster_jaccard=+0.000
    failure buckets: ['high_revision_slow_stabilization']
[TIMING] EnhancedMel.transcribe: audio_to_gpu=0.4ms, features=0.6ms, model=14.0ms, decode=1.3ms | TOTAL=16.3ms for 600ms audio (RTF=0.03x)
[TIMING] stream_chunk[experiment-e118858c8026462f9e5153414afbe1fd](live_neural): decode=0.2ms, inference=18.7ms, second_pass=0.0ms, contention=0.0ms, TOTAL=18.9ms | audio=600ms, RTF=0.03x | model=enhanced_mel, neural_total=18.2ms, model_inference=14.0ms
[TIMING] EnhancedMel.transcribe: audio_to_gpu=0.3ms, features=0.5ms, model=10.5ms, decode=4.1ms | TOTAL=15.5ms for 1200ms audio (RTF=0.01x)
[TIMING] stream_chunk[experiment-e118858c8026462f9e5153414afbe1fd](live_neural): decode=0.3ms, inference=18.3ms, second_pass=0.0ms, contention=0.0ms, TOTAL=18.8ms | audio=600ms, RTF=0.03x | model=enhanced_mel, neural_total=17.9ms, model_inference=10.5ms
[TIMING] EnhancedMel.transcribe: audio_to_gpu=0.4ms, features=0.5ms, model=11.5ms, decode=3.5ms | TOTAL=15.8ms for 1800ms audio (RTF=0.01x)
[TIMING] stream_chunk[experiment-e118858c8026462f9e5153414afbe1fd](live_neural): decode=0.1ms, inference=17.6ms, second_pass=0.0ms, contention=0.0ms, TOTAL=17.9ms | audio=600ms, RTF=0.03x | model=enhanced_mel, neural_total=17.3ms, model_inference=11.5ms
[TIMING] EnhancedMel.transcribe: audio_to_gpu=0.2ms, features=0.4ms, model=12.1ms, decode=4.5ms | TOTAL=17.2ms for 2400ms audio (RTF=0.01x)
[TIMING] stream_chunk[experiment-e118858c8026462f9e5153414afbe1fd](live_neural): decode=0.1ms, inference=19.5ms, second_pass=0.0ms, contention=0.0ms, TOTAL=19.8ms | audio=600ms, RTF=0.03x | model=enhanced_mel, neural_total=19.0ms, model_inference=12.1ms
[TIMING] EnhancedMel.transcribe: audio_to_gpu=0.4ms, features=0.6ms, model=21.3ms, decode=5.6ms | TOTAL=27.9ms for 3000ms audio (RTF=0.01x)
[TIMING] stream_chunk[experiment-e118858c8026462f9e5153414afbe1fd](live_neural): decode=0.1ms, inference=30.4ms, second_pass=0.0ms, contention=0.0ms, TOTAL=30.7ms | audio=600ms, RTF=0.05x | model=enhanced_mel, neural_total=29.9ms, model_inference=21.3ms
[TIMING] EnhancedMel.transcribe: audio_to_gpu=0.2ms, features=0.5ms, model=11.7ms, decode=5.6ms | TOTAL=18.0ms for 3000ms audio (RTF=0.01x)
[TIMING] stream_chunk[experiment-e118858c8026462f9e5153414afbe1fd](live_neural): decode=0.1ms, inference=20.4ms, second_pass=0.0ms, contention=0.0ms, TOTAL=20.7ms | audio=600ms, RTF=0.03x | model=enhanced_mel, neural_total=19.9ms, model_inference=11.7ms
[TIMING] EnhancedMel.transcribe: audio_to_gpu=0.4ms, features=0.5ms, model=12.0ms, decode=5.7ms | TOTAL=18.5ms for 3000ms audio (RTF=0.01x)
[TIMING] stream_chunk[experiment-e118858c8026462f9e5153414afbe1fd](live_neural): decode=0.1ms, inference=21.1ms, second_pass=0.0ms, contention=0.0ms, TOTAL=21.4ms | audio=600ms, RTF=0.04x | model=enhanced_mel, neural_total=20.6ms, model_inference=12.0ms
[TIMING] EnhancedMel.transcribe: audio_to_gpu=0.3ms, features=0.6ms, model=12.0ms, decode=5.8ms | TOTAL=18.7ms for 3000ms audio (RTF=0.01x)
[TIMING] stream_chunk[experiment-e118858c8026462f9e5153414afbe1fd](live_neural): decode=0.1ms, inference=21.2ms, second_pass=0.0ms, contention=0.0ms, TOTAL=21.6ms | audio=600ms, RTF=0.04x | model=enhanced_mel, neural_total=20.7ms, model_inference=12.0ms
[TIMING] EnhancedMel.transcribe: audio_to_gpu=0.5ms, features=0.5ms, model=12.2ms, decode=5.6ms | TOTAL=18.7ms for 3000ms audio (RTF=0.01x)
[TIMING] stream_chunk[experiment-e118858c8026462f9e5153414afbe1fd](live_neural): decode=0.1ms, inference=22.2ms, second_pass=0.0ms, contention=0.0ms, TOTAL=22.5ms | audio=600ms, RTF=0.04x | model=enhanced_mel, neural_total=21.6ms, model_inference=12.2ms
[TIMING] EnhancedMel.transcribe: audio_to_gpu=0.5ms, features=0.7ms, model=13.8ms, decode=5.5ms | TOTAL=20.5ms for 3000ms audio (RTF=0.01x)
[TIMING] stream_chunk[experiment-e118858c8026462f9e5153414afbe1fd](live_neural): decode=1.0ms, inference=22.8ms, second_pass=0.0ms, contention=0.0ms, TOTAL=24.0ms | audio=600ms, RTF=0.04x | model=enhanced_mel, neural_total=22.4ms, model_inference=13.8ms
[TIMING] EnhancedMel.transcribe: audio_to_gpu=0.6ms, features=0.9ms, model=12.0ms, decode=1.3ms | TOTAL=14.8ms for 600ms audio (RTF=0.02x)
[TIMING] stream_chunk[experiment-ab8410fc952e4031ac9b176f4061a6e3](live_neural): decode=0.2ms, inference=16.4ms, second_pass=0.0ms, contention=0.0ms, TOTAL=16.6ms | audio=600ms, RTF=0.03x | model=enhanced_mel, neural_total=16.0ms, model_inference=12.0ms
[TIMING] EnhancedMel.transcribe: audio_to_gpu=0.2ms, features=0.4ms, model=10.0ms, decode=2.5ms | TOTAL=13.1ms for 1200ms audio (RTF=0.01x)
[TIMING] stream_chunk[experiment-ab8410fc952e4031ac9b176f4061a6e3](live_neural): decode=0.1ms, inference=14.9ms, second_pass=0.0ms, contention=0.0ms, TOTAL=15.1ms | audio=600ms, RTF=0.03x | model=enhanced_mel, neural_total=14.5ms, model_inference=10.0ms
[TIMING] EnhancedMel.transcribe: audio_to_gpu=0.2ms, features=0.4ms, model=11.6ms, decode=3.4ms | TOTAL=15.6ms for 1800ms audio (RTF=0.01x)
[TIMING] stream_chunk[experiment-ab8410fc952e4031ac9b176f4061a6e3](live_neural): decode=0.1ms, inference=17.4ms, second_pass=0.0ms, contention=0.0ms, TOTAL=17.7ms | audio=600ms, RTF=0.03x | model=enhanced_mel, neural_total=17.1ms, model_inference=11.6ms
[TIMING] EnhancedMel.transcribe: audio_to_gpu=0.3ms, features=0.4ms, model=11.4ms, decode=4.6ms | TOTAL=16.7ms for 2400ms audio (RTF=0.01x)
[TIMING] stream_chunk[experiment-ab8410fc952e4031ac9b176f4061a6e3](live_neural): decode=0.1ms, inference=19.1ms, second_pass=0.0ms, contention=0.0ms, TOTAL=19.4ms | audio=600ms, RTF=0.03x | model=enhanced_mel, neural_total=18.7ms, model_inference=11.4ms
[TIMING] EnhancedMel.transcribe: audio_to_gpu=0.2ms, features=0.5ms, model=13.8ms, decode=5.6ms | TOTAL=20.1ms for 3000ms audio (RTF=0.01x)
[TIMING] stream_chunk[experiment-ab8410fc952e4031ac9b176f4061a6e3](live_neural): decode=0.1ms, inference=23.3ms, second_pass=0.0ms, contention=0.0ms, TOTAL=23.6ms | audio=600ms, RTF=0.04x | model=enhanced_mel, neural_total=22.9ms, model_inference=13.8ms
[TIMING] EnhancedMel.transcribe: audio_to_gpu=0.3ms, features=0.5ms, model=13.3ms, decode=5.6ms | TOTAL=19.6ms for 3000ms audio (RTF=0.01x)
[TIMING] stream_chunk[experiment-ab8410fc952e4031ac9b176f4061a6e3](live_neural): decode=0.1ms, inference=21.9ms, second_pass=0.0ms, contention=0.0ms, TOTAL=22.2ms | audio=600ms, RTF=0.04x | model=enhanced_mel, neural_total=21.6ms, model_inference=13.3ms
[TIMING] EnhancedMel.transcribe: audio_to_gpu=0.3ms, features=0.5ms, model=12.8ms, decode=5.6ms | TOTAL=19.1ms for 3000ms audio (RTF=0.01x)
[TIMING] stream_chunk[experiment-ab8410fc952e4031ac9b176f4061a6e3](live_neural): decode=0.2ms, inference=21.7ms, second_pass=0.0ms, contention=0.0ms, TOTAL=22.0ms | audio=600ms, RTF=0.04x | model=enhanced_mel, neural_total=21.4ms, model_inference=12.8ms
[TIMING] EnhancedMel.transcribe: audio_to_gpu=0.2ms, features=0.5ms, model=12.1ms, decode=5.7ms | TOTAL=18.5ms for 3000ms audio (RTF=0.01x)
[TIMING] stream_chunk[experiment-ab8410fc952e4031ac9b176f4061a6e3](live_neural): decode=0.1ms, inference=20.9ms, second_pass=0.0ms, contention=0.0ms, TOTAL=21.2ms | audio=600ms, RTF=0.04x | model=enhanced_mel, neural_total=20.4ms, model_inference=12.1ms
[TIMING] EnhancedMel.transcribe: audio_to_gpu=0.2ms, features=0.5ms, model=12.7ms, decode=5.5ms | TOTAL=19.0ms for 3000ms audio (RTF=0.01x)
[TIMING] stream_chunk[experiment-ab8410fc952e4031ac9b176f4061a6e3](live_neural): decode=0.1ms, inference=21.3ms, second_pass=0.0ms, contention=0.0ms, TOTAL=21.6ms | audio=600ms, RTF=0.04x | model=enhanced_mel, neural_total=20.9ms, model_inference=12.7ms
[TIMING] EnhancedMel.transcribe: audio_to_gpu=0.3ms, features=0.5ms, model=12.6ms, decode=5.5ms | TOTAL=18.9ms for 3000ms audio (RTF=0.01x)
[TIMING] stream_chunk[experiment-ab8410fc952e4031ac9b176f4061a6e3](live_neural): decode=0.1ms, inference=21.2ms, second_pass=0.0ms, contention=0.0ms, TOTAL=21.5ms | audio=600ms, RTF=0.04x | model=enhanced_mel, neural_total=20.8ms, model_inference=12.6ms

[CLIP_037] Jardins sous la pluie from Estampes
  excerpt: start=51.00s end=57.00s duration=6.00s gt_notes=95 rms=0.1381 peak=0.6274 crest=4.544 rms_std=0.0229
    control:
      note metrics: precision=0.958 recall=0.968 f1=0.963 matched=92/95 pred=96
      strict onset f1: 10ms=0.869 20ms=0.963 30ms=0.963
      timing metrics: offset_f1=0.932 rhythm_precision=0.967 note_value_acc=0.435 note_value_n=92 avg_beat_error=0.113
      duplicate metrics: duplicates=0 per_100_notes=0.00
      boundary metrics: gt=28 matched=26 missed=2 miss_rate=0.071
      latency: avg_chunk_ms=21.63 p95_chunk_ms=27.68 avg_rtf=0.036
      notation metrics: first_correct_ms=29.9 visible_p50_ms=319.1 visible_p95_ms=583.3 stabilize_p50_ms=1604.0 stabilize_p95_ms=2022.5 avg_revisions=1.46 matched=65 refined=65 snapshots=20
      algorithmic latency: first_correct_ms=8.3 visible_p50_ms=300.3 visible_p95_ms=562.0 stabilize_p50_ms=1115.9 stabilize_p95_ms=1785.7
      final display note metrics: precision=0.957 recall=0.937 f1=0.947 matched=89/95 pred=93
      final display strict onset f1: 10ms=0.862 20ms=0.947 30ms=0.947
      final display timing: offset_f1=0.915 rhythm_precision=0.966 note_value_acc=0.247 note_value_n=89 avg_beat_error=0.103
      final display structure: cluster_f1=0.800 onset_align_recall=0.908 avg_jaccard=0.915 exact=58/76 pred=69 over=7 under=2 pitch_conflicts=2 missed_gt=7
      threshold profiles: hit_rate=0.000 thresholds=[0.75] profiles={'fixed_baseline': 10}
    treatment:
      note metrics: precision=0.886 recall=0.979 f1=0.930 matched=93/95 pred=105
      strict onset f1: 10ms=0.830 20ms=0.930 30ms=0.930
      timing metrics: offset_f1=0.900 rhythm_precision=0.968 note_value_acc=0.441 note_value_n=93 avg_beat_error=0.112
      duplicate metrics: duplicates=3 per_100_notes=2.86
      boundary metrics: gt=28 matched=26 missed=2 miss_rate=0.071
      latency: avg_chunk_ms=20.12 p95_chunk_ms=22.98 avg_rtf=0.033
      notation metrics: first_correct_ms=28.1 visible_p50_ms=332.9 visible_p95_ms=603.8 stabilize_p50_ms=1195.3 stabilize_p95_ms=2003.1 avg_revisions=0.86 matched=66 refined=66 snapshots=19
      algorithmic latency: first_correct_ms=8.3 visible_p50_ms=311.1 visible_p95_ms=581.7 stabilize_p50_ms=860.7 stabilize_p95_ms=1830.3
      final display note metrics: precision=0.912 recall=0.979 f1=0.944 matched=93/95 pred=102
      final display strict onset f1: 10ms=0.843 20ms=0.944 30ms=0.944
      final display timing: offset_f1=0.914 rhythm_precision=0.968 note_value_acc=0.290 note_value_n=93 avg_beat_error=0.138
      final display structure: cluster_f1=0.786 onset_align_recall=0.908 avg_jaccard=0.915 exact=57/76 pred=69 over=11 under=0 pitch_conflicts=1 missed_gt=7
      threshold profiles: hit_rate=1.000 thresholds=[0.46] profiles={'loud_dense_precision': 10}
    delta treatment-control: precision=-0.073 recall=+0.011 f1=-0.033 offset_f1=-0.032 note_value_acc=+0.006 dup_per_100=+2.86 boundary_miss_rate=+0.000 p95_chunk_ms=-4.70 f1_10ms=-0.039 f1_20ms=-0.033 f1_30ms=-0.033 visible_p50_ms=+13.9 stabilize_p50_ms=-408.6 algo_visible_p50_ms=+10.8 algo_stabilize_p50_ms=-255.2 avg_revisions=-0.60 display_note_f1=-0.003 display_offset_f1=-0.001 display_cluster_f1=-0.014 display_cluster_jaccard=-0.001
    failure buckets: ['boundary_miss_failure', 'high_revision_slow_stabilization', 'note_value_offset_failure']
      boundary diagnostics: missed=2 by_arm={'control': 2, 'treatment': 2} tags={'control_boundary_miss': 2, 'no_control_coarse_candidate': 2}
        miss: pitch=79 onset=1.185s boundary_delta_ms=-15.1 control_coarse=False treatment_coarse=False retro=n/a
        miss: pitch=68 onset=4.160s boundary_delta_ms=-39.8 control_coarse=False treatment_coarse=False retro=n/a
[TIMING] EnhancedMel.transcribe: audio_to_gpu=0.4ms, features=0.5ms, model=10.2ms, decode=1.3ms | TOTAL=12.5ms for 600ms audio (RTF=0.02x)
[TIMING] stream_chunk[experiment-82d244e9d2014abd9f62796b585e7fa3](live_neural): decode=0.1ms, inference=14.3ms, second_pass=0.0ms, contention=0.0ms, TOTAL=14.5ms | audio=600ms, RTF=0.02x | model=enhanced_mel, neural_total=13.8ms, model_inference=10.2ms
[TIMING] EnhancedMel.transcribe: audio_to_gpu=0.2ms, features=0.3ms, model=11.1ms, decode=2.3ms | TOTAL=13.9ms for 1200ms audio (RTF=0.01x)
[TIMING] stream_chunk[experiment-82d244e9d2014abd9f62796b585e7fa3](live_neural): decode=0.2ms, inference=15.7ms, second_pass=0.0ms, contention=0.0ms, TOTAL=16.0ms | audio=600ms, RTF=0.03x | model=enhanced_mel, neural_total=15.3ms, model_inference=11.1ms
[TIMING] EnhancedMel.transcribe: audio_to_gpu=0.3ms, features=0.4ms, model=10.7ms, decode=3.2ms | TOTAL=14.6ms for 1800ms audio (RTF=0.01x)
[TIMING] stream_chunk[experiment-82d244e9d2014abd9f62796b585e7fa3](live_neural): decode=0.1ms, inference=16.5ms, second_pass=0.0ms, contention=0.0ms, TOTAL=16.7ms | audio=600ms, RTF=0.03x | model=enhanced_mel, neural_total=16.2ms, model_inference=10.7ms
[TIMING] EnhancedMel.transcribe: audio_to_gpu=0.2ms, features=0.4ms, model=12.3ms, decode=4.3ms | TOTAL=17.3ms for 2400ms audio (RTF=0.01x)
[TIMING] stream_chunk[experiment-82d244e9d2014abd9f62796b585e7fa3](live_neural): decode=0.1ms, inference=19.4ms, second_pass=0.0ms, contention=0.0ms, TOTAL=19.7ms | audio=600ms, RTF=0.03x | model=enhanced_mel, neural_total=19.0ms, model_inference=12.3ms
[TIMING] EnhancedMel.transcribe: audio_to_gpu=0.2ms, features=0.5ms, model=12.4ms, decode=6.7ms | TOTAL=19.8ms for 3000ms audio (RTF=0.01x)
[TIMING] stream_chunk[experiment-82d244e9d2014abd9f62796b585e7fa3](live_neural): decode=0.1ms, inference=22.4ms, second_pass=0.0ms, contention=0.0ms, TOTAL=22.7ms | audio=600ms, RTF=0.04x | model=enhanced_mel, neural_total=21.9ms, model_inference=12.4ms
[TIMING] EnhancedMel.transcribe: audio_to_gpu=0.3ms, features=0.5ms, model=11.9ms, decode=6.0ms | TOTAL=18.7ms for 3000ms audio (RTF=0.01x)
[TIMING] stream_chunk[experiment-82d244e9d2014abd9f62796b585e7fa3](live_neural): decode=0.1ms, inference=21.8ms, second_pass=0.0ms, contention=0.0ms, TOTAL=22.1ms | audio=600ms, RTF=0.04x | model=enhanced_mel, neural_total=21.3ms, model_inference=11.9ms
[TIMING] EnhancedMel.transcribe: audio_to_gpu=0.3ms, features=0.5ms, model=11.9ms, decode=5.4ms | TOTAL=18.2ms for 3000ms audio (RTF=0.01x)
[TIMING] stream_chunk[experiment-82d244e9d2014abd9f62796b585e7fa3](live_neural): decode=0.1ms, inference=20.5ms, second_pass=0.0ms, contention=0.0ms, TOTAL=20.8ms | audio=600ms, RTF=0.03x | model=enhanced_mel, neural_total=20.1ms, model_inference=11.9ms
[TIMING] EnhancedMel.transcribe: audio_to_gpu=0.3ms, features=0.5ms, model=11.7ms, decode=6.6ms | TOTAL=19.1ms for 3000ms audio (RTF=0.01x)
[TIMING] stream_chunk[experiment-82d244e9d2014abd9f62796b585e7fa3](live_neural): decode=0.1ms, inference=22.7ms, second_pass=0.0ms, contention=0.0ms, TOTAL=23.1ms | audio=600ms, RTF=0.04x | model=enhanced_mel, neural_total=22.0ms, model_inference=11.7ms
[TIMING] EnhancedMel.transcribe: audio_to_gpu=0.4ms, features=0.5ms, model=12.0ms, decode=5.7ms | TOTAL=18.6ms for 3000ms audio (RTF=0.01x)
[TIMING] stream_chunk[experiment-82d244e9d2014abd9f62796b585e7fa3](live_neural): decode=0.1ms, inference=21.1ms, second_pass=0.0ms, contention=0.0ms, TOTAL=21.5ms | audio=600ms, RTF=0.04x | model=enhanced_mel, neural_total=20.7ms, model_inference=12.0ms
[TIMING] EnhancedMel.transcribe: audio_to_gpu=0.4ms, features=0.6ms, model=11.6ms, decode=5.4ms | TOTAL=17.9ms for 3000ms audio (RTF=0.01x)
[TIMING] stream_chunk[experiment-82d244e9d2014abd9f62796b585e7fa3](live_neural): decode=0.1ms, inference=20.3ms, second_pass=0.0ms, contention=0.0ms, TOTAL=20.6ms | audio=600ms, RTF=0.03x | model=enhanced_mel, neural_total=19.9ms, model_inference=11.6ms
[TIMING] EnhancedMel.transcribe: audio_to_gpu=0.3ms, features=0.5ms, model=10.1ms, decode=1.3ms | TOTAL=12.1ms for 600ms audio (RTF=0.02x)
[TIMING] stream_chunk[experiment-4863e3e3b2b04880aeadfc28d3628fd6](live_neural): decode=0.1ms, inference=13.7ms, second_pass=0.0ms, contention=0.0ms, TOTAL=13.9ms | audio=600ms, RTF=0.02x | model=enhanced_mel, neural_total=13.4ms, model_inference=10.1ms
[TIMING] EnhancedMel.transcribe: audio_to_gpu=0.1ms, features=0.3ms, model=10.0ms, decode=2.3ms | TOTAL=12.8ms for 1200ms audio (RTF=0.01x)
[TIMING] stream_chunk[experiment-4863e3e3b2b04880aeadfc28d3628fd6](live_neural): decode=0.1ms, inference=14.4ms, second_pass=0.0ms, contention=0.0ms, TOTAL=14.7ms | audio=600ms, RTF=0.02x | model=enhanced_mel, neural_total=14.1ms, model_inference=10.0ms
[TIMING] EnhancedMel.transcribe: audio_to_gpu=0.1ms, features=0.5ms, model=12.2ms, decode=3.2ms | TOTAL=16.1ms for 1800ms audio (RTF=0.01x)
[TIMING] stream_chunk[experiment-4863e3e3b2b04880aeadfc28d3628fd6](live_neural): decode=0.1ms, inference=18.7ms, second_pass=0.0ms, contention=0.0ms, TOTAL=18.9ms | audio=600ms, RTF=0.03x | model=enhanced_mel, neural_total=18.3ms, model_inference=12.2ms
[TIMING] EnhancedMel.transcribe: audio_to_gpu=0.2ms, features=0.4ms, model=11.5ms, decode=4.3ms | TOTAL=16.5ms for 2400ms audio (RTF=0.01x)
[TIMING] stream_chunk[experiment-4863e3e3b2b04880aeadfc28d3628fd6](live_neural): decode=0.1ms, inference=18.6ms, second_pass=0.0ms, contention=0.0ms, TOTAL=18.8ms | audio=600ms, RTF=0.03x | model=enhanced_mel, neural_total=18.2ms, model_inference=11.5ms
[TIMING] EnhancedMel.transcribe: audio_to_gpu=0.2ms, features=0.4ms, model=19.6ms, decode=5.3ms | TOTAL=25.4ms for 3000ms audio (RTF=0.01x)
[TIMING] stream_chunk[experiment-4863e3e3b2b04880aeadfc28d3628fd6](live_neural): decode=0.1ms, inference=27.8ms, second_pass=0.0ms, contention=0.0ms, TOTAL=28.0ms | audio=600ms, RTF=0.05x | model=enhanced_mel, neural_total=27.4ms, model_inference=19.6ms
[TIMING] EnhancedMel.transcribe: audio_to_gpu=0.4ms, features=0.5ms, model=12.3ms, decode=6.1ms | TOTAL=19.3ms for 3000ms audio (RTF=0.01x)
[TIMING] stream_chunk[experiment-4863e3e3b2b04880aeadfc28d3628fd6](live_neural): decode=0.1ms, inference=22.5ms, second_pass=0.0ms, contention=0.0ms, TOTAL=22.8ms | audio=600ms, RTF=0.04x | model=enhanced_mel, neural_total=22.0ms, model_inference=12.3ms
[TIMING] EnhancedMel.transcribe: audio_to_gpu=0.3ms, features=0.6ms, model=11.8ms, decode=6.6ms | TOTAL=19.2ms for 3000ms audio (RTF=0.01x)
[TIMING] stream_chunk[experiment-4863e3e3b2b04880aeadfc28d3628fd6](live_neural): decode=0.2ms, inference=21.8ms, second_pass=0.0ms, contention=0.0ms, TOTAL=22.1ms | audio=600ms, RTF=0.04x | model=enhanced_mel, neural_total=21.4ms, model_inference=11.8ms
[TIMING] EnhancedMel.transcribe: audio_to_gpu=0.3ms, features=0.6ms, model=12.4ms, decode=6.7ms | TOTAL=20.0ms for 3000ms audio (RTF=0.01x)
[TIMING] stream_chunk[experiment-4863e3e3b2b04880aeadfc28d3628fd6](live_neural): decode=0.1ms, inference=22.6ms, second_pass=0.0ms, contention=0.0ms, TOTAL=22.9ms | audio=600ms, RTF=0.04x | model=enhanced_mel, neural_total=22.1ms, model_inference=12.4ms
[TIMING] EnhancedMel.transcribe: audio_to_gpu=0.3ms, features=2.2ms, model=14.1ms, decode=7.0ms | TOTAL=23.6ms for 3000ms audio (RTF=0.01x)
[TIMING] stream_chunk[experiment-4863e3e3b2b04880aeadfc28d3628fd6](live_neural): decode=0.2ms, inference=26.6ms, second_pass=0.0ms, contention=0.0ms, TOTAL=27.0ms | audio=600ms, RTF=0.04x | model=enhanced_mel, neural_total=26.1ms, model_inference=14.1ms
[TIMING] EnhancedMel.transcribe: audio_to_gpu=0.3ms, features=0.5ms, model=12.8ms, decode=6.1ms | TOTAL=19.8ms for 3000ms audio (RTF=0.01x)
[TIMING] stream_chunk[experiment-4863e3e3b2b04880aeadfc28d3628fd6](live_neural): decode=0.2ms, inference=22.6ms, second_pass=0.0ms, contention=0.0ms, TOTAL=23.0ms | audio=600ms, RTF=0.04x | model=enhanced_mel, neural_total=22.1ms, model_inference=12.8ms

[CLIP_038] Sonata in D Major, K. 118
  excerpt: start=42.00s end=48.00s duration=6.00s gt_notes=81 rms=0.0337 peak=0.1839 crest=5.448 rms_std=0.0097
    control:
      note metrics: precision=0.953 recall=1.000 f1=0.976 matched=81/81 pred=85
      strict onset f1: 10ms=0.819 20ms=0.964 30ms=0.976
      timing metrics: offset_f1=0.976 rhythm_precision=0.988 note_value_acc=0.370 note_value_n=81 avg_beat_error=0.080
      duplicate metrics: duplicates=1 per_100_notes=1.18
      boundary metrics: gt=25 matched=25 missed=0 miss_rate=0.000
      latency: avg_chunk_ms=19.76 p95_chunk_ms=22.96 avg_rtf=0.033
      notation metrics: first_correct_ms=35.4 visible_p50_ms=342.7 visible_p95_ms=613.2 stabilize_p50_ms=1752.9 stabilize_p95_ms=2213.3 avg_revisions=1.69 matched=45 refined=45 snapshots=19
      algorithmic latency: first_correct_ms=12.2 visible_p50_ms=319.5 visible_p95_ms=591.8 stabilize_p50_ms=1158.1 stabilize_p95_ms=1768.5
      final display note metrics: precision=0.974 recall=0.938 f1=0.956 matched=76/81 pred=78
      final display strict onset f1: 10ms=0.818 20ms=0.956 30ms=0.956
      final display timing: offset_f1=0.956 rhythm_precision=1.000 note_value_acc=0.434 note_value_n=76 avg_beat_error=0.075
      final display structure: cluster_f1=0.917 onset_align_recall=0.964 avg_jaccard=0.972 exact=50/55 pred=54 over=0 under=2 pitch_conflicts=1 missed_gt=2
      threshold profiles: hit_rate=0.000 thresholds=[0.75] profiles={'fixed_baseline': 10}
    treatment:
      note metrics: precision=0.953 recall=1.000 f1=0.976 matched=81/81 pred=85
      strict onset f1: 10ms=0.819 20ms=0.964 30ms=0.976
      timing metrics: offset_f1=0.976 rhythm_precision=0.988 note_value_acc=0.370 note_value_n=81 avg_beat_error=0.080
      duplicate metrics: duplicates=1 per_100_notes=1.18
      boundary metrics: gt=25 matched=25 missed=0 miss_rate=0.000
      latency: avg_chunk_ms=21.20 p95_chunk_ms=27.55 avg_rtf=0.035
      notation metrics: first_correct_ms=35.1 visible_p50_ms=342.4 visible_p95_ms=612.9 stabilize_p50_ms=1770.5 stabilize_p95_ms=2340.6 avg_revisions=1.84 matched=45 refined=45 snapshots=17
      algorithmic latency: first_correct_ms=12.2 visible_p50_ms=319.5 visible_p95_ms=591.8 stabilize_p50_ms=1413.0 stabilize_p95_ms=2307.3
      final display note metrics: precision=0.974 recall=0.938 f1=0.956 matched=76/81 pred=78
      final display strict onset f1: 10ms=0.818 20ms=0.956 30ms=0.956
      final display timing: offset_f1=0.956 rhythm_precision=1.000 note_value_acc=0.474 note_value_n=76 avg_beat_error=0.072
      final display structure: cluster_f1=0.917 onset_align_recall=0.964 avg_jaccard=0.972 exact=50/55 pred=54 over=0 under=2 pitch_conflicts=1 missed_gt=2
      threshold profiles: hit_rate=0.000 thresholds=[0.75] profiles={'baseline_nominal': 10}
    delta treatment-control: precision=+0.000 recall=+0.000 f1=+0.000 offset_f1=+0.000 note_value_acc=+0.000 dup_per_100=+0.00 boundary_miss_rate=+0.000 p95_chunk_ms=+4.59 f1_10ms=+0.000 f1_20ms=+0.000 f1_30ms=+0.000 visible_p50_ms=-0.2 stabilize_p50_ms=+17.6 algo_visible_p50_ms=+0.0 algo_stabilize_p50_ms=+254.9 avg_revisions=+0.16 display_note_f1=+0.000 display_offset_f1=+0.000 display_cluster_f1=+0.000 display_cluster_jaccard=+0.000
    failure buckets: ['high_revision_slow_stabilization', 'note_value_offset_failure']
[TIMING] EnhancedMel.transcribe: audio_to_gpu=0.4ms, features=0.7ms, model=10.6ms, decode=1.3ms | TOTAL=13.0ms for 600ms audio (RTF=0.02x)
[TIMING] stream_chunk[experiment-d6dae2a75c254742a83590f318cd4c86](live_neural): decode=0.1ms, inference=15.5ms, second_pass=0.0ms, contention=0.0ms, TOTAL=15.7ms | audio=600ms, RTF=0.03x | model=enhanced_mel, neural_total=15.0ms, model_inference=10.6ms
[TIMING] EnhancedMel.transcribe: audio_to_gpu=0.1ms, features=0.3ms, model=10.8ms, decode=2.3ms | TOTAL=13.5ms for 1200ms audio (RTF=0.01x)
[TIMING] stream_chunk[experiment-d6dae2a75c254742a83590f318cd4c86](live_neural): decode=0.2ms, inference=15.7ms, second_pass=0.0ms, contention=0.0ms, TOTAL=15.9ms | audio=600ms, RTF=0.03x | model=enhanced_mel, neural_total=15.3ms, model_inference=10.8ms
[TIMING] EnhancedMel.transcribe: audio_to_gpu=0.2ms, features=0.4ms, model=11.8ms, decode=3.3ms | TOTAL=15.7ms for 1800ms audio (RTF=0.01x)
[TIMING] stream_chunk[experiment-d6dae2a75c254742a83590f318cd4c86](live_neural): decode=0.1ms, inference=17.7ms, second_pass=0.0ms, contention=0.0ms, TOTAL=17.9ms | audio=600ms, RTF=0.03x | model=enhanced_mel, neural_total=17.3ms, model_inference=11.8ms
[TIMING] EnhancedMel.transcribe: audio_to_gpu=0.2ms, features=0.4ms, model=12.7ms, decode=4.3ms | TOTAL=17.5ms for 2400ms audio (RTF=0.01x)
[TIMING] stream_chunk[experiment-d6dae2a75c254742a83590f318cd4c86](live_neural): decode=0.1ms, inference=19.6ms, second_pass=0.0ms, contention=0.0ms, TOTAL=19.9ms | audio=600ms, RTF=0.03x | model=enhanced_mel, neural_total=19.2ms, model_inference=12.7ms
[TIMING] EnhancedMel.transcribe: audio_to_gpu=0.3ms, features=1.5ms, model=12.1ms, decode=5.3ms | TOTAL=19.2ms for 3000ms audio (RTF=0.01x)
[TIMING] stream_chunk[experiment-d6dae2a75c254742a83590f318cd4c86](live_neural): decode=0.1ms, inference=21.6ms, second_pass=0.0ms, contention=0.0ms, TOTAL=21.9ms | audio=600ms, RTF=0.04x | model=enhanced_mel, neural_total=21.1ms, model_inference=12.1ms
[TIMING] EnhancedMel.transcribe: audio_to_gpu=0.2ms, features=0.5ms, model=11.6ms, decode=5.5ms | TOTAL=17.9ms for 3000ms audio (RTF=0.01x)
[TIMING] stream_chunk[experiment-d6dae2a75c254742a83590f318cd4c86](live_neural): decode=0.1ms, inference=20.5ms, second_pass=0.0ms, contention=0.0ms, TOTAL=20.8ms | audio=600ms, RTF=0.03x | model=enhanced_mel, neural_total=20.0ms, model_inference=11.6ms
[TIMING] EnhancedMel.transcribe: audio_to_gpu=0.2ms, features=0.5ms, model=13.0ms, decode=5.3ms | TOTAL=19.0ms for 3000ms audio (RTF=0.01x)
[TIMING] stream_chunk[experiment-d6dae2a75c254742a83590f318cd4c86](live_neural): decode=0.1ms, inference=21.3ms, second_pass=0.0ms, contention=0.0ms, TOTAL=21.6ms | audio=600ms, RTF=0.04x | model=enhanced_mel, neural_total=20.9ms, model_inference=13.0ms
[TIMING] EnhancedMel.transcribe: audio_to_gpu=0.3ms, features=0.5ms, model=11.7ms, decode=5.5ms | TOTAL=17.9ms for 3000ms audio (RTF=0.01x)
[TIMING] stream_chunk[experiment-d6dae2a75c254742a83590f318cd4c86](live_neural): decode=0.2ms, inference=20.3ms, second_pass=0.0ms, contention=0.0ms, TOTAL=20.7ms | audio=600ms, RTF=0.03x | model=enhanced_mel, neural_total=19.9ms, model_inference=11.7ms
[TIMING] EnhancedMel.transcribe: audio_to_gpu=0.2ms, features=0.5ms, model=11.7ms, decode=6.1ms | TOTAL=18.5ms for 3000ms audio (RTF=0.01x)
[TIMING] stream_chunk[experiment-d6dae2a75c254742a83590f318cd4c86](live_neural): decode=0.1ms, inference=22.3ms, second_pass=0.0ms, contention=0.0ms, TOTAL=22.5ms | audio=600ms, RTF=0.04x | model=enhanced_mel, neural_total=21.8ms, model_inference=11.7ms
[TIMING] EnhancedMel.transcribe: audio_to_gpu=0.2ms, features=1.2ms, model=12.1ms, decode=5.9ms | TOTAL=19.5ms for 3000ms audio (RTF=0.01x)
[TIMING] stream_chunk[experiment-d6dae2a75c254742a83590f318cd4c86](live_neural): decode=0.1ms, inference=22.2ms, second_pass=0.0ms, contention=0.0ms, TOTAL=22.5ms | audio=600ms, RTF=0.04x | model=enhanced_mel, neural_total=21.8ms, model_inference=12.1ms
[TIMING] EnhancedMel.transcribe: audio_to_gpu=0.9ms, features=0.7ms, model=18.0ms, decode=1.3ms | TOTAL=20.9ms for 600ms audio (RTF=0.03x)
[TIMING] stream_chunk[experiment-f1884fda5d0545708a6ab9affc64deba](live_neural): decode=0.2ms, inference=22.5ms, second_pass=0.0ms, contention=0.0ms, TOTAL=22.8ms | audio=600ms, RTF=0.04x | model=enhanced_mel, neural_total=22.1ms, model_inference=18.0ms
[TIMING] EnhancedMel.transcribe: audio_to_gpu=0.3ms, features=0.6ms, model=11.4ms, decode=2.4ms | TOTAL=14.7ms for 1200ms audio (RTF=0.01x)
[TIMING] stream_chunk[experiment-f1884fda5d0545708a6ab9affc64deba](live_neural): decode=0.1ms, inference=17.0ms, second_pass=0.0ms, contention=0.0ms, TOTAL=17.3ms | audio=600ms, RTF=0.03x | model=enhanced_mel, neural_total=16.7ms, model_inference=11.4ms
[TIMING] EnhancedMel.transcribe: audio_to_gpu=0.2ms, features=0.5ms, model=11.5ms, decode=3.4ms | TOTAL=15.6ms for 1800ms audio (RTF=0.01x)
[TIMING] stream_chunk[experiment-f1884fda5d0545708a6ab9affc64deba](live_neural): decode=0.1ms, inference=17.6ms, second_pass=0.0ms, contention=0.0ms, TOTAL=17.9ms | audio=600ms, RTF=0.03x | model=enhanced_mel, neural_total=17.3ms, model_inference=11.5ms
[TIMING] EnhancedMel.transcribe: audio_to_gpu=0.3ms, features=0.5ms, model=11.5ms, decode=4.3ms | TOTAL=16.7ms for 2400ms audio (RTF=0.01x)
[TIMING] stream_chunk[experiment-f1884fda5d0545708a6ab9affc64deba](live_neural): decode=0.1ms, inference=18.9ms, second_pass=0.0ms, contention=0.0ms, TOTAL=19.1ms | audio=600ms, RTF=0.03x | model=enhanced_mel, neural_total=18.5ms, model_inference=11.5ms
[TIMING] EnhancedMel.transcribe: audio_to_gpu=0.2ms, features=0.5ms, model=12.5ms, decode=5.3ms | TOTAL=18.5ms for 3000ms audio (RTF=0.01x)
[TIMING] stream_chunk[experiment-f1884fda5d0545708a6ab9affc64deba](live_neural): decode=0.1ms, inference=20.8ms, second_pass=0.0ms, contention=0.0ms, TOTAL=21.1ms | audio=600ms, RTF=0.04x | model=enhanced_mel, neural_total=20.5ms, model_inference=12.5ms
[TIMING] EnhancedMel.transcribe: audio_to_gpu=0.2ms, features=1.6ms, model=12.7ms, decode=5.4ms | TOTAL=19.9ms for 3000ms audio (RTF=0.01x)
[TIMING] stream_chunk[experiment-f1884fda5d0545708a6ab9affc64deba](live_neural): decode=0.1ms, inference=22.4ms, second_pass=0.0ms, contention=0.0ms, TOTAL=22.6ms | audio=600ms, RTF=0.04x | model=enhanced_mel, neural_total=22.0ms, model_inference=12.7ms
[TIMING] EnhancedMel.transcribe: audio_to_gpu=0.3ms, features=0.5ms, model=12.0ms, decode=5.4ms | TOTAL=18.2ms for 3000ms audio (RTF=0.01x)
[TIMING] stream_chunk[experiment-f1884fda5d0545708a6ab9affc64deba](live_neural): decode=0.1ms, inference=20.5ms, second_pass=0.0ms, contention=0.0ms, TOTAL=20.8ms | audio=600ms, RTF=0.03x | model=enhanced_mel, neural_total=20.1ms, model_inference=12.0ms
[TIMING] EnhancedMel.transcribe: audio_to_gpu=0.2ms, features=0.5ms, model=14.0ms, decode=6.1ms | TOTAL=20.8ms for 3000ms audio (RTF=0.01x)
[TIMING] stream_chunk[experiment-f1884fda5d0545708a6ab9affc64deba](live_neural): decode=0.1ms, inference=24.0ms, second_pass=0.0ms, contention=0.0ms, TOTAL=24.3ms | audio=600ms, RTF=0.04x | model=enhanced_mel, neural_total=23.6ms, model_inference=14.0ms
[TIMING] EnhancedMel.transcribe: audio_to_gpu=0.3ms, features=0.5ms, model=11.6ms, decode=5.2ms | TOTAL=17.6ms for 3000ms audio (RTF=0.01x)
[TIMING] stream_chunk[experiment-f1884fda5d0545708a6ab9affc64deba](live_neural): decode=0.1ms, inference=19.8ms, second_pass=0.0ms, contention=0.0ms, TOTAL=20.1ms | audio=600ms, RTF=0.03x | model=enhanced_mel, neural_total=19.5ms, model_inference=11.6ms
[TIMING] EnhancedMel.transcribe: audio_to_gpu=0.2ms, features=2.1ms, model=11.9ms, decode=5.4ms | TOTAL=19.6ms for 3000ms audio (RTF=0.01x)
[TIMING] stream_chunk[experiment-f1884fda5d0545708a6ab9affc64deba](live_neural): decode=0.1ms, inference=21.9ms, second_pass=0.0ms, contention=0.0ms, TOTAL=22.1ms | audio=600ms, RTF=0.04x | model=enhanced_mel, neural_total=21.4ms, model_inference=11.9ms

[CLIP_039] Sonata, K239
  excerpt: start=81.00s end=87.00s duration=6.00s gt_notes=64 rms=0.1164 peak=0.7610 crest=6.536 rms_std=0.0496
    control:
      note metrics: precision=0.970 recall=1.000 f1=0.985 matched=64/64 pred=66
      strict onset f1: 10ms=0.769 20ms=0.985 30ms=0.985
      timing metrics: offset_f1=0.738 rhythm_precision=0.750 note_value_acc=0.359 note_value_n=64 avg_beat_error=0.204
      duplicate metrics: duplicates=0 per_100_notes=0.00
      boundary metrics: gt=22 matched=22 missed=0 miss_rate=0.000
      latency: avg_chunk_ms=19.92 p95_chunk_ms=22.51 avg_rtf=0.033
      notation metrics: first_correct_ms=66.5 visible_p50_ms=231.6 visible_p95_ms=528.9 stabilize_p50_ms=2341.3 stabilize_p95_ms=2680.4 avg_revisions=2.10 matched=20 refined=20 snapshots=20
      algorithmic latency: first_correct_ms=45.8 visible_p50_ms=210.4 visible_p95_ms=507.2 stabilize_p50_ms=1952.1 stabilize_p95_ms=2307.2
      final display note metrics: precision=0.970 recall=1.000 f1=0.985 matched=64/64 pred=66
      final display strict onset f1: 10ms=0.769 20ms=0.985 30ms=0.985
      final display timing: offset_f1=0.738 rhythm_precision=0.750 note_value_acc=0.266 note_value_n=64 avg_beat_error=0.363
      final display structure: cluster_f1=0.955 onset_align_recall=1.000 avg_jaccard=0.994 exact=32/33 pred=34 over=1 under=0 pitch_conflicts=0 missed_gt=0
      threshold profiles: hit_rate=0.000 thresholds=[0.75] profiles={'fixed_baseline': 10}
    treatment:
      note metrics: precision=0.941 recall=1.000 f1=0.970 matched=64/64 pred=68
      strict onset f1: 10ms=0.758 20ms=0.970 30ms=0.970
      timing metrics: offset_f1=0.727 rhythm_precision=0.750 note_value_acc=0.359 note_value_n=64 avg_beat_error=0.204
      duplicate metrics: duplicates=0 per_100_notes=0.00
      boundary metrics: gt=22 matched=22 missed=0 miss_rate=0.000
      latency: avg_chunk_ms=20.81 p95_chunk_ms=23.62 avg_rtf=0.035
      notation metrics: first_correct_ms=70.1 visible_p50_ms=230.0 visible_p95_ms=528.1 stabilize_p50_ms=2337.3 stabilize_p95_ms=2680.0 avg_revisions=2.05 matched=20 refined=20 snapshots=20
      algorithmic latency: first_correct_ms=45.8 visible_p50_ms=210.4 visible_p95_ms=507.2 stabilize_p50_ms=1952.1 stabilize_p95_ms=2307.2
      final display note metrics: precision=0.941 recall=1.000 f1=0.970 matched=64/64 pred=68
      final display strict onset f1: 10ms=0.758 20ms=0.970 30ms=0.970
      final display timing: offset_f1=0.727 rhythm_precision=0.750 note_value_acc=0.266 note_value_n=64 avg_beat_error=0.348
      final display structure: cluster_f1=0.896 onset_align_recall=1.000 avg_jaccard=0.971 exact=30/33 pred=34 over=3 under=0 pitch_conflicts=0 missed_gt=0
      threshold profiles: hit_rate=0.400 thresholds=[0.46, 0.75] profiles={'baseline_nominal': 6, 'loud_dense_precision': 4}
    delta treatment-control: precision=-0.029 recall=+0.000 f1=-0.015 offset_f1=-0.011 note_value_acc=+0.000 dup_per_100=+0.00 boundary_miss_rate=+0.000 p95_chunk_ms=+1.11 f1_10ms=-0.012 f1_20ms=-0.015 f1_30ms=-0.015 visible_p50_ms=-1.6 stabilize_p50_ms=-3.9 algo_visible_p50_ms=+0.0 algo_stabilize_p50_ms=+0.0 avg_revisions=-0.05 display_note_f1=-0.015 display_offset_f1=-0.011 display_cluster_f1=-0.060 display_cluster_jaccard=-0.023
    failure buckets: ['high_revision_slow_stabilization', 'note_value_offset_failure']
[TIMING] EnhancedMel.transcribe: audio_to_gpu=4.1ms, features=0.6ms, model=10.8ms, decode=1.3ms | TOTAL=16.9ms for 600ms audio (RTF=0.03x)
[TIMING] stream_chunk[experiment-4d116d5bf14e455bb01d4af5c9c6d7b9](live_neural): decode=0.1ms, inference=19.2ms, second_pass=0.0ms, contention=0.0ms, TOTAL=19.4ms | audio=600ms, RTF=0.03x | model=enhanced_mel, neural_total=18.8ms, model_inference=10.8ms
[TIMING] EnhancedMel.transcribe: audio_to_gpu=0.1ms, features=1.3ms, model=10.1ms, decode=2.4ms | TOTAL=13.9ms for 1200ms audio (RTF=0.01x)
[TIMING] stream_chunk[experiment-4d116d5bf14e455bb01d4af5c9c6d7b9](live_neural): decode=0.1ms, inference=15.6ms, second_pass=0.0ms, contention=0.0ms, TOTAL=15.8ms | audio=600ms, RTF=0.03x | model=enhanced_mel, neural_total=15.2ms, model_inference=10.1ms
[TIMING] EnhancedMel.transcribe: audio_to_gpu=0.3ms, features=0.5ms, model=11.0ms, decode=3.4ms | TOTAL=15.2ms for 1800ms audio (RTF=0.01x)
[TIMING] stream_chunk[experiment-4d116d5bf14e455bb01d4af5c9c6d7b9](live_neural): decode=0.1ms, inference=17.2ms, second_pass=0.0ms, contention=0.0ms, TOTAL=17.5ms | audio=600ms, RTF=0.03x | model=enhanced_mel, neural_total=16.7ms, model_inference=11.0ms
[TIMING] EnhancedMel.transcribe: audio_to_gpu=0.3ms, features=0.6ms, model=16.8ms, decode=4.3ms | TOTAL=22.0ms for 2400ms audio (RTF=0.01x)
[TIMING] stream_chunk[experiment-4d116d5bf14e455bb01d4af5c9c6d7b9](live_neural): decode=0.1ms, inference=24.0ms, second_pass=0.0ms, contention=0.0ms, TOTAL=24.3ms | audio=600ms, RTF=0.04x | model=enhanced_mel, neural_total=23.7ms, model_inference=16.8ms
[TIMING] EnhancedMel.transcribe: audio_to_gpu=1.3ms, features=0.5ms, model=11.7ms, decode=5.4ms | TOTAL=18.9ms for 3000ms audio (RTF=0.01x)
[TIMING] stream_chunk[experiment-4d116d5bf14e455bb01d4af5c9c6d7b9](live_neural): decode=0.1ms, inference=21.4ms, second_pass=0.0ms, contention=0.0ms, TOTAL=21.7ms | audio=600ms, RTF=0.04x | model=enhanced_mel, neural_total=21.0ms, model_inference=11.7ms
[TIMING] EnhancedMel.transcribe: audio_to_gpu=0.2ms, features=3.5ms, model=12.8ms, decode=5.4ms | TOTAL=22.0ms for 3000ms audio (RTF=0.01x)
[TIMING] stream_chunk[experiment-4d116d5bf14e455bb01d4af5c9c6d7b9](live_neural): decode=0.1ms, inference=24.4ms, second_pass=0.0ms, contention=0.0ms, TOTAL=24.7ms | audio=600ms, RTF=0.04x | model=enhanced_mel, neural_total=23.9ms, model_inference=12.8ms
[TIMING] EnhancedMel.transcribe: audio_to_gpu=0.2ms, features=2.5ms, model=12.4ms, decode=6.1ms | TOTAL=21.2ms for 3000ms audio (RTF=0.01x)
[TIMING] stream_chunk[experiment-4d116d5bf14e455bb01d4af5c9c6d7b9](live_neural): decode=0.1ms, inference=24.4ms, second_pass=0.0ms, contention=0.0ms, TOTAL=24.7ms | audio=600ms, RTF=0.04x | model=enhanced_mel, neural_total=24.1ms, model_inference=12.4ms
[TIMING] EnhancedMel.transcribe: audio_to_gpu=0.4ms, features=0.7ms, model=12.6ms, decode=5.5ms | TOTAL=19.2ms for 3000ms audio (RTF=0.01x)
[TIMING] stream_chunk[experiment-4d116d5bf14e455bb01d4af5c9c6d7b9](live_neural): decode=0.1ms, inference=22.9ms, second_pass=0.0ms, contention=0.0ms, TOTAL=23.2ms | audio=600ms, RTF=0.04x | model=enhanced_mel, neural_total=22.3ms, model_inference=12.6ms
[TIMING] EnhancedMel.transcribe: audio_to_gpu=0.3ms, features=0.5ms, model=12.1ms, decode=5.8ms | TOTAL=18.7ms for 3000ms audio (RTF=0.01x)
[TIMING] stream_chunk[experiment-4d116d5bf14e455bb01d4af5c9c6d7b9](live_neural): decode=0.1ms, inference=21.7ms, second_pass=0.0ms, contention=0.0ms, TOTAL=22.0ms | audio=600ms, RTF=0.04x | model=enhanced_mel, neural_total=21.3ms, model_inference=12.1ms
[TIMING] EnhancedMel.transcribe: audio_to_gpu=0.5ms, features=0.5ms, model=11.6ms, decode=5.5ms | TOTAL=18.2ms for 3000ms audio (RTF=0.01x)
[TIMING] stream_chunk[experiment-4d116d5bf14e455bb01d4af5c9c6d7b9](live_neural): decode=0.1ms, inference=20.5ms, second_pass=0.0ms, contention=0.0ms, TOTAL=20.8ms | audio=600ms, RTF=0.03x | model=enhanced_mel, neural_total=20.1ms, model_inference=11.6ms
[TIMING] EnhancedMel.transcribe: audio_to_gpu=0.4ms, features=0.5ms, model=9.7ms, decode=1.3ms | TOTAL=12.0ms for 600ms audio (RTF=0.02x)
[TIMING] stream_chunk[experiment-38958d748dbd427391eddf43229ea70b](live_neural): decode=0.1ms, inference=13.6ms, second_pass=0.0ms, contention=0.0ms, TOTAL=13.8ms | audio=600ms, RTF=0.02x | model=enhanced_mel, neural_total=13.2ms, model_inference=9.7ms
[TIMING] EnhancedMel.transcribe: audio_to_gpu=0.2ms, features=0.5ms, model=17.1ms, decode=2.3ms | TOTAL=20.1ms for 1200ms audio (RTF=0.02x)
[TIMING] stream_chunk[experiment-38958d748dbd427391eddf43229ea70b](live_neural): decode=0.1ms, inference=21.7ms, second_pass=0.0ms, contention=0.0ms, TOTAL=21.9ms | audio=600ms, RTF=0.04x | model=enhanced_mel, neural_total=21.4ms, model_inference=17.1ms
[TIMING] EnhancedMel.transcribe: audio_to_gpu=0.1ms, features=0.4ms, model=12.6ms, decode=3.3ms | TOTAL=16.4ms for 1800ms audio (RTF=0.01x)
[TIMING] stream_chunk[experiment-38958d748dbd427391eddf43229ea70b](live_neural): decode=0.1ms, inference=18.4ms, second_pass=0.0ms, contention=0.0ms, TOTAL=18.6ms | audio=600ms, RTF=0.03x | model=enhanced_mel, neural_total=18.0ms, model_inference=12.6ms
[TIMING] EnhancedMel.transcribe: audio_to_gpu=0.3ms, features=0.5ms, model=11.0ms, decode=6.3ms | TOTAL=18.0ms for 2400ms audio (RTF=0.01x)
[TIMING] stream_chunk[experiment-38958d748dbd427391eddf43229ea70b](live_neural): decode=0.1ms, inference=20.7ms, second_pass=0.0ms, contention=0.0ms, TOTAL=21.0ms | audio=600ms, RTF=0.03x | model=enhanced_mel, neural_total=20.4ms, model_inference=11.0ms
[TIMING] EnhancedMel.transcribe: audio_to_gpu=0.3ms, features=0.5ms, model=14.1ms, decode=5.5ms | TOTAL=20.4ms for 3000ms audio (RTF=0.01x)
[TIMING] stream_chunk[experiment-38958d748dbd427391eddf43229ea70b](live_neural): decode=0.1ms, inference=22.6ms, second_pass=0.0ms, contention=0.0ms, TOTAL=22.9ms | audio=600ms, RTF=0.04x | model=enhanced_mel, neural_total=22.3ms, model_inference=14.1ms
[TIMING] EnhancedMel.transcribe: audio_to_gpu=0.3ms, features=0.5ms, model=12.8ms, decode=5.8ms | TOTAL=19.4ms for 3000ms audio (RTF=0.01x)
[TIMING] stream_chunk[experiment-38958d748dbd427391eddf43229ea70b](live_neural): decode=0.1ms, inference=21.6ms, second_pass=0.0ms, contention=0.0ms, TOTAL=21.9ms | audio=600ms, RTF=0.04x | model=enhanced_mel, neural_total=21.2ms, model_inference=12.8ms
[TIMING] EnhancedMel.transcribe: audio_to_gpu=0.3ms, features=0.5ms, model=11.4ms, decode=6.0ms | TOTAL=18.2ms for 3000ms audio (RTF=0.01x)
[TIMING] stream_chunk[experiment-38958d748dbd427391eddf43229ea70b](live_neural): decode=0.2ms, inference=22.0ms, second_pass=0.0ms, contention=0.0ms, TOTAL=22.3ms | audio=600ms, RTF=0.04x | model=enhanced_mel, neural_total=21.5ms, model_inference=11.4ms
[TIMING] EnhancedMel.transcribe: audio_to_gpu=0.2ms, features=0.5ms, model=11.6ms, decode=5.6ms | TOTAL=18.0ms for 3000ms audio (RTF=0.01x)
[TIMING] stream_chunk[experiment-38958d748dbd427391eddf43229ea70b](live_neural): decode=0.1ms, inference=20.5ms, second_pass=0.0ms, contention=0.0ms, TOTAL=20.8ms | audio=600ms, RTF=0.03x | model=enhanced_mel, neural_total=19.9ms, model_inference=11.6ms
[TIMING] EnhancedMel.transcribe: audio_to_gpu=0.3ms, features=0.5ms, model=12.1ms, decode=6.4ms | TOTAL=19.2ms for 3000ms audio (RTF=0.01x)
[TIMING] stream_chunk[experiment-38958d748dbd427391eddf43229ea70b](live_neural): decode=0.1ms, inference=21.7ms, second_pass=0.0ms, contention=0.0ms, TOTAL=21.9ms | audio=600ms, RTF=0.04x | model=enhanced_mel, neural_total=21.2ms, model_inference=12.1ms
[TIMING] EnhancedMel.transcribe: audio_to_gpu=0.3ms, features=0.5ms, model=12.1ms, decode=5.9ms | TOTAL=18.9ms for 3000ms audio (RTF=0.01x)
[TIMING] stream_chunk[experiment-38958d748dbd427391eddf43229ea70b](live_neural): decode=0.1ms, inference=21.3ms, second_pass=0.0ms, contention=0.0ms, TOTAL=21.6ms | audio=600ms, RTF=0.04x | model=enhanced_mel, neural_total=20.9ms, model_inference=12.1ms

[CLIP_040] Sonata K. 525
  excerpt: start=27.00s end=33.00s duration=6.00s gt_notes=95 rms=0.0558 peak=0.3398 crest=6.085 rms_std=0.0188
    control:
      note metrics: precision=0.904 recall=0.895 f1=0.899 matched=85/95 pred=94
      strict onset f1: 10ms=0.751 20ms=0.878 30ms=0.899
      timing metrics: offset_f1=0.772 rhythm_precision=0.859 note_value_acc=0.365 note_value_n=85 avg_beat_error=0.120
      duplicate metrics: duplicates=1 per_100_notes=1.06
      boundary metrics: gt=23 matched=21 missed=2 miss_rate=0.087
      latency: avg_chunk_ms=21.40 p95_chunk_ms=24.69 avg_rtf=0.036
      notation metrics: first_correct_ms=146.8 visible_p50_ms=386.3 visible_p95_ms=625.5 stabilize_p50_ms=2570.1 stabilize_p95_ms=3703.8 avg_revisions=2.17 matched=12 refined=12 snapshots=17
      algorithmic latency: first_correct_ms=122.1 visible_p50_ms=364.6 visible_p95_ms=603.9 stabilize_p50_ms=2056.9 stabilize_p95_ms=3117.9
      final display note metrics: precision=0.914 recall=0.895 f1=0.904 matched=85/95 pred=93
      final display strict onset f1: 10ms=0.755 20ms=0.883 30ms=0.904
      final display timing: offset_f1=0.777 rhythm_precision=0.859 note_value_acc=0.271 note_value_n=85 avg_beat_error=0.190
      final display structure: cluster_f1=0.667 onset_align_recall=1.000 avg_jaccard=0.880 exact=25/36 pred=39 over=2 under=9 pitch_conflicts=0 missed_gt=0
      threshold profiles: hit_rate=0.000 thresholds=[0.75] profiles={'fixed_baseline': 10}
    treatment:
      note metrics: precision=0.904 recall=0.895 f1=0.899 matched=85/95 pred=94
      strict onset f1: 10ms=0.751 20ms=0.878 30ms=0.899
      timing metrics: offset_f1=0.772 rhythm_precision=0.859 note_value_acc=0.365 note_value_n=85 avg_beat_error=0.120
      duplicate metrics: duplicates=1 per_100_notes=1.06
      boundary metrics: gt=23 matched=21 missed=2 miss_rate=0.087
      latency: avg_chunk_ms=20.68 p95_chunk_ms=22.63 avg_rtf=0.034
      notation metrics: first_correct_ms=144.0 visible_p50_ms=387.5 visible_p95_ms=622.5 stabilize_p50_ms=2569.5 stabilize_p95_ms=3703.6 avg_revisions=2.17 matched=12 refined=12 snapshots=17
      algorithmic latency: first_correct_ms=122.1 visible_p50_ms=364.6 visible_p95_ms=603.9 stabilize_p50_ms=2056.9 stabilize_p95_ms=3117.9
      final display note metrics: precision=0.914 recall=0.895 f1=0.904 matched=85/95 pred=93
      final display strict onset f1: 10ms=0.755 20ms=0.883 30ms=0.904
      final display timing: offset_f1=0.777 rhythm_precision=0.859 note_value_acc=0.271 note_value_n=85 avg_beat_error=0.190
      final display structure: cluster_f1=0.667 onset_align_recall=1.000 avg_jaccard=0.880 exact=25/36 pred=39 over=2 under=9 pitch_conflicts=0 missed_gt=0
      threshold profiles: hit_rate=0.000 thresholds=[0.75] profiles={'baseline_nominal': 10}
    delta treatment-control: precision=+0.000 recall=+0.000 f1=+0.000 offset_f1=+0.000 note_value_acc=+0.000 dup_per_100=+0.00 boundary_miss_rate=+0.000 p95_chunk_ms=-2.06 f1_10ms=+0.000 f1_20ms=+0.000 f1_30ms=+0.000 visible_p50_ms=+1.2 stabilize_p50_ms=-0.6 algo_visible_p50_ms=+0.0 algo_stabilize_p50_ms=+0.0 avg_revisions=+0.00 display_note_f1=+0.000 display_offset_f1=+0.000 display_cluster_f1=+0.000 display_cluster_jaccard=+0.000
    failure buckets: ['runtime_only_win', 'boundary_miss_failure', 'high_revision_slow_stabilization', 'note_value_offset_failure']
      boundary diagnostics: missed=2 by_arm={'control': 2, 'treatment': 2} tags={'control_boundary_miss': 2, 'no_control_coarse_candidate': 2}
        miss: pitch=74 onset=3.628s boundary_delta_ms=+27.6 control_coarse=False treatment_coarse=False retro=n/a
        miss: pitch=74 onset=5.440s boundary_delta_ms=+40.1 control_coarse=False treatment_coarse=False retro=n/a
[TIMING] EnhancedMel.transcribe: audio_to_gpu=0.4ms, features=0.6ms, model=10.9ms, decode=1.0ms | TOTAL=12.9ms for 600ms audio (RTF=0.02x)
[TIMING] stream_chunk[experiment-44ce7d1bea3f4f32aefbff8d5883a286](live_neural): decode=0.2ms, inference=14.8ms, second_pass=0.0ms, contention=0.0ms, TOTAL=15.0ms | audio=600ms, RTF=0.02x | model=enhanced_mel, neural_total=14.2ms, model_inference=10.9ms
[TIMING] EnhancedMel.transcribe: audio_to_gpu=0.1ms, features=0.3ms, model=11.2ms, decode=2.2ms | TOTAL=13.8ms for 1200ms audio (RTF=0.01x)
[TIMING] stream_chunk[experiment-44ce7d1bea3f4f32aefbff8d5883a286](live_neural): decode=0.1ms, inference=15.5ms, second_pass=0.0ms, contention=0.0ms, TOTAL=15.8ms | audio=600ms, RTF=0.03x | model=enhanced_mel, neural_total=15.2ms, model_inference=11.2ms
[TIMING] EnhancedMel.transcribe: audio_to_gpu=0.1ms, features=0.3ms, model=10.9ms, decode=3.2ms | TOTAL=14.4ms for 1800ms audio (RTF=0.01x)
[TIMING] stream_chunk[experiment-44ce7d1bea3f4f32aefbff8d5883a286](live_neural): decode=0.1ms, inference=16.4ms, second_pass=0.0ms, contention=0.0ms, TOTAL=16.6ms | audio=600ms, RTF=0.03x | model=enhanced_mel, neural_total=16.1ms, model_inference=10.9ms
[TIMING] EnhancedMel.transcribe: audio_to_gpu=0.2ms, features=0.4ms, model=12.8ms, decode=4.3ms | TOTAL=17.7ms for 2400ms audio (RTF=0.01x)
[TIMING] stream_chunk[experiment-44ce7d1bea3f4f32aefbff8d5883a286](live_neural): decode=0.1ms, inference=20.6ms, second_pass=0.0ms, contention=0.0ms, TOTAL=20.9ms | audio=600ms, RTF=0.03x | model=enhanced_mel, neural_total=20.2ms, model_inference=12.8ms
[TIMING] EnhancedMel.transcribe: audio_to_gpu=0.2ms, features=1.9ms, model=11.8ms, decode=5.2ms | TOTAL=19.2ms for 3000ms audio (RTF=0.01x)
[TIMING] stream_chunk[experiment-44ce7d1bea3f4f32aefbff8d5883a286](live_neural): decode=0.1ms, inference=21.5ms, second_pass=0.0ms, contention=0.0ms, TOTAL=21.9ms | audio=600ms, RTF=0.04x | model=enhanced_mel, neural_total=21.1ms, model_inference=11.8ms
[TIMING] EnhancedMel.transcribe: audio_to_gpu=0.2ms, features=0.5ms, model=11.9ms, decode=5.3ms | TOTAL=17.9ms for 3000ms audio (RTF=0.01x)
[TIMING] stream_chunk[experiment-44ce7d1bea3f4f32aefbff8d5883a286](live_neural): decode=0.1ms, inference=20.1ms, second_pass=0.0ms, contention=0.0ms, TOTAL=20.4ms | audio=600ms, RTF=0.03x | model=enhanced_mel, neural_total=19.8ms, model_inference=11.9ms
[TIMING] EnhancedMel.transcribe: audio_to_gpu=0.2ms, features=0.4ms, model=12.9ms, decode=6.0ms | TOTAL=19.6ms for 3000ms audio (RTF=0.01x)
[TIMING] stream_chunk[experiment-44ce7d1bea3f4f32aefbff8d5883a286](live_neural): decode=0.1ms, inference=22.0ms, second_pass=0.0ms, contention=0.0ms, TOTAL=22.3ms | audio=600ms, RTF=0.04x | model=enhanced_mel, neural_total=21.6ms, model_inference=12.9ms
[TIMING] EnhancedMel.transcribe: audio_to_gpu=0.2ms, features=1.2ms, model=12.4ms, decode=5.7ms | TOTAL=19.6ms for 3000ms audio (RTF=0.01x)
[TIMING] stream_chunk[experiment-44ce7d1bea3f4f32aefbff8d5883a286](live_neural): decode=0.1ms, inference=22.1ms, second_pass=0.0ms, contention=0.0ms, TOTAL=22.4ms | audio=600ms, RTF=0.04x | model=enhanced_mel, neural_total=21.5ms, model_inference=12.4ms
[TIMING] EnhancedMel.transcribe: audio_to_gpu=0.3ms, features=0.7ms, model=19.9ms, decode=5.2ms | TOTAL=26.1ms for 3000ms audio (RTF=0.01x)
[TIMING] stream_chunk[experiment-44ce7d1bea3f4f32aefbff8d5883a286](live_neural): decode=0.2ms, inference=28.7ms, second_pass=0.0ms, contention=0.0ms, TOTAL=29.0ms | audio=600ms, RTF=0.05x | model=enhanced_mel, neural_total=28.1ms, model_inference=19.9ms
[TIMING] EnhancedMel.transcribe: audio_to_gpu=0.3ms, features=0.6ms, model=12.8ms, decode=5.2ms | TOTAL=18.9ms for 3000ms audio (RTF=0.01x)
[TIMING] stream_chunk[experiment-44ce7d1bea3f4f32aefbff8d5883a286](live_neural): decode=0.1ms, inference=21.2ms, second_pass=0.0ms, contention=0.0ms, TOTAL=21.6ms | audio=600ms, RTF=0.04x | model=enhanced_mel, neural_total=20.7ms, model_inference=12.8ms
[TIMING] EnhancedMel.transcribe: audio_to_gpu=0.4ms, features=0.5ms, model=10.8ms, decode=1.6ms | TOTAL=13.3ms for 600ms audio (RTF=0.02x)
[TIMING] stream_chunk[experiment-49323271ef164407839e2a1491a24295](live_neural): decode=0.1ms, inference=15.0ms, second_pass=0.0ms, contention=0.0ms, TOTAL=15.1ms | audio=600ms, RTF=0.03x | model=enhanced_mel, neural_total=14.5ms, model_inference=10.8ms
[TIMING] EnhancedMel.transcribe: audio_to_gpu=0.2ms, features=0.4ms, model=10.2ms, decode=2.2ms | TOTAL=12.9ms for 1200ms audio (RTF=0.01x)
[TIMING] stream_chunk[experiment-49323271ef164407839e2a1491a24295](live_neural): decode=0.1ms, inference=14.6ms, second_pass=0.0ms, contention=0.0ms, TOTAL=14.8ms | audio=600ms, RTF=0.02x | model=enhanced_mel, neural_total=14.2ms, model_inference=10.2ms
[TIMING] EnhancedMel.transcribe: audio_to_gpu=0.2ms, features=0.4ms, model=11.1ms, decode=3.3ms | TOTAL=15.0ms for 1800ms audio (RTF=0.01x)
[TIMING] stream_chunk[experiment-49323271ef164407839e2a1491a24295](live_neural): decode=0.1ms, inference=17.9ms, second_pass=0.0ms, contention=0.0ms, TOTAL=18.1ms | audio=600ms, RTF=0.03x | model=enhanced_mel, neural_total=17.4ms, model_inference=11.1ms
[TIMING] EnhancedMel.transcribe: audio_to_gpu=0.2ms, features=0.5ms, model=11.9ms, decode=4.2ms | TOTAL=16.7ms for 2400ms audio (RTF=0.01x)
[TIMING] stream_chunk[experiment-49323271ef164407839e2a1491a24295](live_neural): decode=0.1ms, inference=18.8ms, second_pass=0.0ms, contention=0.0ms, TOTAL=19.1ms | audio=600ms, RTF=0.03x | model=enhanced_mel, neural_total=18.4ms, model_inference=11.9ms
[TIMING] EnhancedMel.transcribe: audio_to_gpu=0.3ms, features=0.5ms, model=11.7ms, decode=5.2ms | TOTAL=17.6ms for 3000ms audio (RTF=0.01x)
[TIMING] stream_chunk[experiment-49323271ef164407839e2a1491a24295](live_neural): decode=0.1ms, inference=20.4ms, second_pass=0.0ms, contention=0.0ms, TOTAL=20.7ms | audio=600ms, RTF=0.03x | model=enhanced_mel, neural_total=20.0ms, model_inference=11.7ms
[TIMING] EnhancedMel.transcribe: audio_to_gpu=0.2ms, features=0.5ms, model=12.6ms, decode=5.3ms | TOTAL=18.5ms for 3000ms audio (RTF=0.01x)
[TIMING] stream_chunk[experiment-49323271ef164407839e2a1491a24295](live_neural): decode=0.1ms, inference=21.0ms, second_pass=0.0ms, contention=0.0ms, TOTAL=21.3ms | audio=600ms, RTF=0.04x | model=enhanced_mel, neural_total=20.6ms, model_inference=12.6ms
[TIMING] EnhancedMel.transcribe: audio_to_gpu=0.3ms, features=0.6ms, model=12.8ms, decode=6.5ms | TOTAL=20.2ms for 3000ms audio (RTF=0.01x)
[TIMING] stream_chunk[experiment-49323271ef164407839e2a1491a24295](live_neural): decode=0.1ms, inference=22.6ms, second_pass=0.0ms, contention=0.0ms, TOTAL=23.0ms | audio=600ms, RTF=0.04x | model=enhanced_mel, neural_total=22.2ms, model_inference=12.8ms
[TIMING] EnhancedMel.transcribe: audio_to_gpu=0.3ms, features=0.5ms, model=12.9ms, decode=5.3ms | TOTAL=19.0ms for 3000ms audio (RTF=0.01x)
[TIMING] stream_chunk[experiment-49323271ef164407839e2a1491a24295](live_neural): decode=0.1ms, inference=21.3ms, second_pass=0.0ms, contention=0.0ms, TOTAL=21.6ms | audio=600ms, RTF=0.04x | model=enhanced_mel, neural_total=21.0ms, model_inference=12.9ms
[TIMING] EnhancedMel.transcribe: audio_to_gpu=0.3ms, features=0.5ms, model=13.5ms, decode=5.2ms | TOTAL=19.6ms for 3000ms audio (RTF=0.01x)
[TIMING] stream_chunk[experiment-49323271ef164407839e2a1491a24295](live_neural): decode=0.1ms, inference=22.1ms, second_pass=0.0ms, contention=0.0ms, TOTAL=22.4ms | audio=600ms, RTF=0.04x | model=enhanced_mel, neural_total=21.7ms, model_inference=13.5ms
[TIMING] EnhancedMel.transcribe: audio_to_gpu=0.3ms, features=2.9ms, model=11.8ms, decode=5.1ms | TOTAL=20.0ms for 3000ms audio (RTF=0.01x)
[TIMING] stream_chunk[experiment-49323271ef164407839e2a1491a24295](live_neural): decode=0.1ms, inference=23.2ms, second_pass=0.0ms, contention=0.0ms, TOTAL=23.5ms | audio=600ms, RTF=0.04x | model=enhanced_mel, neural_total=22.8ms, model_inference=11.8ms

[CLIP_041] Sonata No. 9, Op. 68
  excerpt: start=72.00s end=78.00s duration=6.00s gt_notes=66 rms=0.0617 peak=0.3605 crest=5.841 rms_std=0.0284
    control:
      note metrics: precision=0.966 recall=0.848 f1=0.903 matched=56/66 pred=58
      strict onset f1: 10ms=0.710 20ms=0.839 30ms=0.903
      timing metrics: offset_f1=0.823 rhythm_precision=0.911 note_value_acc=0.482 note_value_n=56 avg_beat_error=0.129
      duplicate metrics: duplicates=2 per_100_notes=3.45
      boundary metrics: gt=20 matched=18 missed=2 miss_rate=0.100
      latency: avg_chunk_ms=20.58 p95_chunk_ms=26.03 avg_rtf=0.034
      notation metrics: first_correct_ms=0.0 visible_p50_ms=320.0 visible_p95_ms=601.9 stabilize_p50_ms=1318.0 stabilize_p95_ms=1937.5 avg_revisions=1.25 matched=55 refined=55 snapshots=20
      algorithmic latency: first_correct_ms=0.0 visible_p50_ms=303.9 visible_p95_ms=584.0 stabilize_p50_ms=839.6 stabilize_p95_ms=1475.1
      final display note metrics: precision=1.000 recall=0.818 f1=0.900 matched=54/66 pred=54
      final display strict onset f1: 10ms=0.700 20ms=0.833 30ms=0.900
      final display timing: offset_f1=0.817 rhythm_precision=0.907 note_value_acc=0.278 note_value_n=54 avg_beat_error=0.160
      final display structure: cluster_f1=0.796 onset_align_recall=0.839 avg_jaccard=0.936 exact=41/56 pred=47 over=2 under=4 pitch_conflicts=0 missed_gt=9
      threshold profiles: hit_rate=0.000 thresholds=[0.75] profiles={'fixed_baseline': 10}
    treatment:
      note metrics: precision=0.966 recall=0.848 f1=0.903 matched=56/66 pred=58
      strict onset f1: 10ms=0.710 20ms=0.839 30ms=0.903
      timing metrics: offset_f1=0.823 rhythm_precision=0.911 note_value_acc=0.482 note_value_n=56 avg_beat_error=0.129
      duplicate metrics: duplicates=2 per_100_notes=3.45
      boundary metrics: gt=20 matched=18 missed=2 miss_rate=0.100
      latency: avg_chunk_ms=19.97 p95_chunk_ms=23.27 avg_rtf=0.033
      notation metrics: first_correct_ms=0.0 visible_p50_ms=319.0 visible_p95_ms=602.4 stabilize_p50_ms=1316.9 stabilize_p95_ms=1932.9 avg_revisions=1.25 matched=55 refined=55 snapshots=20
      algorithmic latency: first_correct_ms=0.0 visible_p50_ms=303.9 visible_p95_ms=584.0 stabilize_p50_ms=839.6 stabilize_p95_ms=1475.1
      final display note metrics: precision=1.000 recall=0.818 f1=0.900 matched=54/66 pred=54
      final display strict onset f1: 10ms=0.700 20ms=0.833 30ms=0.900
      final display timing: offset_f1=0.817 rhythm_precision=0.907 note_value_acc=0.278 note_value_n=54 avg_beat_error=0.160
      final display structure: cluster_f1=0.796 onset_align_recall=0.839 avg_jaccard=0.936 exact=41/56 pred=47 over=2 under=4 pitch_conflicts=0 missed_gt=9
      threshold profiles: hit_rate=0.100 thresholds=[0.71, 0.75] profiles={'baseline_nominal': 9, 'soft_sparse_recall': 1}
    delta treatment-control: precision=+0.000 recall=+0.000 f1=+0.000 offset_f1=+0.000 note_value_acc=+0.000 dup_per_100=+0.00 boundary_miss_rate=+0.000 p95_chunk_ms=-2.76 f1_10ms=+0.000 f1_20ms=+0.000 f1_30ms=+0.000 visible_p50_ms=-1.0 stabilize_p50_ms=-1.1 algo_visible_p50_ms=+0.0 algo_stabilize_p50_ms=+0.0 avg_revisions=+0.00 display_note_f1=+0.000 display_offset_f1=+0.000 display_cluster_f1=+0.000 display_cluster_jaccard=+0.000
    failure buckets: ['runtime_only_win', 'boundary_miss_failure', 'high_revision_slow_stabilization', 'note_value_offset_failure']
      boundary diagnostics: missed=2 by_arm={'control': 2, 'treatment': 2} tags={'control_boundary_miss': 2, 'no_control_coarse_candidate': 2}
        miss: pitch=67 onset=3.034s boundary_delta_ms=+33.9 control_coarse=False treatment_coarse=False retro=n/a
        miss: pitch=67 onset=4.871s boundary_delta_ms=+71.1 control_coarse=False treatment_coarse=False retro=n/a
[TIMING] EnhancedMel.transcribe: audio_to_gpu=0.4ms, features=1.2ms, model=10.7ms, decode=1.4ms | TOTAL=13.7ms for 600ms audio (RTF=0.02x)
[TIMING] stream_chunk[experiment-fb4caf96a61849759baa7b9caf3ed194](live_neural): decode=0.2ms, inference=16.4ms, second_pass=0.0ms, contention=0.0ms, TOTAL=16.7ms | audio=600ms, RTF=0.03x | model=enhanced_mel, neural_total=15.8ms, model_inference=10.7ms
[TIMING] EnhancedMel.transcribe: audio_to_gpu=0.2ms, features=2.6ms, model=12.1ms, decode=2.3ms | TOTAL=17.3ms for 1200ms audio (RTF=0.01x)
[TIMING] stream_chunk[experiment-fb4caf96a61849759baa7b9caf3ed194](live_neural): decode=0.3ms, inference=19.1ms, second_pass=0.0ms, contention=0.0ms, TOTAL=19.5ms | audio=600ms, RTF=0.03x | model=enhanced_mel, neural_total=18.7ms, model_inference=12.1ms
[TIMING] EnhancedMel.transcribe: audio_to_gpu=0.2ms, features=0.5ms, model=11.7ms, decode=3.4ms | TOTAL=15.8ms for 1800ms audio (RTF=0.01x)
[TIMING] stream_chunk[experiment-fb4caf96a61849759baa7b9caf3ed194](live_neural): decode=0.1ms, inference=17.8ms, second_pass=0.0ms, contention=0.0ms, TOTAL=18.1ms | audio=600ms, RTF=0.03x | model=enhanced_mel, neural_total=17.4ms, model_inference=11.7ms
[TIMING] EnhancedMel.transcribe: audio_to_gpu=0.2ms, features=1.7ms, model=12.4ms, decode=4.5ms | TOTAL=18.7ms for 2400ms audio (RTF=0.01x)
[TIMING] stream_chunk[experiment-fb4caf96a61849759baa7b9caf3ed194](live_neural): decode=0.1ms, inference=21.8ms, second_pass=0.0ms, contention=0.0ms, TOTAL=22.0ms | audio=600ms, RTF=0.04x | model=enhanced_mel, neural_total=21.4ms, model_inference=12.4ms
[TIMING] EnhancedMel.transcribe: audio_to_gpu=0.2ms, features=0.4ms, model=11.8ms, decode=5.5ms | TOTAL=18.0ms for 3000ms audio (RTF=0.01x)
[TIMING] stream_chunk[experiment-fb4caf96a61849759baa7b9caf3ed194](live_neural): decode=0.1ms, inference=20.3ms, second_pass=0.0ms, contention=0.0ms, TOTAL=20.6ms | audio=600ms, RTF=0.03x | model=enhanced_mel, neural_total=19.9ms, model_inference=11.8ms
[TIMING] EnhancedMel.transcribe: audio_to_gpu=0.2ms, features=0.5ms, model=12.7ms, decode=6.8ms | TOTAL=20.1ms for 3000ms audio (RTF=0.01x)
[TIMING] stream_chunk[experiment-fb4caf96a61849759baa7b9caf3ed194](live_neural): decode=0.2ms, inference=22.6ms, second_pass=0.0ms, contention=0.0ms, TOTAL=23.0ms | audio=600ms, RTF=0.04x | model=enhanced_mel, neural_total=22.2ms, model_inference=12.7ms
[TIMING] EnhancedMel.transcribe: audio_to_gpu=0.2ms, features=0.5ms, model=12.1ms, decode=5.5ms | TOTAL=18.3ms for 3000ms audio (RTF=0.01x)
[TIMING] stream_chunk[experiment-fb4caf96a61849759baa7b9caf3ed194](live_neural): decode=0.1ms, inference=20.6ms, second_pass=0.0ms, contention=0.0ms, TOTAL=20.9ms | audio=600ms, RTF=0.03x | model=enhanced_mel, neural_total=20.2ms, model_inference=12.1ms
[TIMING] EnhancedMel.transcribe: audio_to_gpu=0.4ms, features=0.5ms, model=11.4ms, decode=5.5ms | TOTAL=17.8ms for 3000ms audio (RTF=0.01x)
[TIMING] stream_chunk[experiment-fb4caf96a61849759baa7b9caf3ed194](live_neural): decode=0.1ms, inference=20.1ms, second_pass=0.0ms, contention=0.0ms, TOTAL=20.4ms | audio=600ms, RTF=0.03x | model=enhanced_mel, neural_total=19.8ms, model_inference=11.4ms
[TIMING] EnhancedMel.transcribe: audio_to_gpu=0.2ms, features=0.5ms, model=14.2ms, decode=6.2ms | TOTAL=21.2ms for 3000ms audio (RTF=0.01x)
[TIMING] stream_chunk[experiment-fb4caf96a61849759baa7b9caf3ed194](live_neural): decode=0.1ms, inference=24.7ms, second_pass=0.0ms, contention=0.0ms, TOTAL=25.0ms | audio=600ms, RTF=0.04x | model=enhanced_mel, neural_total=24.3ms, model_inference=14.2ms
[TIMING] EnhancedMel.transcribe: audio_to_gpu=0.3ms, features=0.5ms, model=14.5ms, decode=5.7ms | TOTAL=20.9ms for 3000ms audio (RTF=0.01x)
[TIMING] stream_chunk[experiment-fb4caf96a61849759baa7b9caf3ed194](live_neural): decode=0.1ms, inference=23.3ms, second_pass=0.0ms, contention=0.0ms, TOTAL=23.6ms | audio=600ms, RTF=0.04x | model=enhanced_mel, neural_total=22.9ms, model_inference=14.5ms
[TIMING] EnhancedMel.transcribe: audio_to_gpu=0.4ms, features=0.6ms, model=12.2ms, decode=2.0ms | TOTAL=15.2ms for 600ms audio (RTF=0.03x)
[TIMING] stream_chunk[experiment-d66a2a7b929048e3a64a880b4658d107](live_neural): decode=0.1ms, inference=16.8ms, second_pass=0.0ms, contention=0.0ms, TOTAL=17.0ms | audio=600ms, RTF=0.03x | model=enhanced_mel, neural_total=16.3ms, model_inference=12.2ms
[TIMING] EnhancedMel.transcribe: audio_to_gpu=0.2ms, features=0.4ms, model=10.3ms, decode=2.4ms | TOTAL=13.2ms for 1200ms audio (RTF=0.01x)
[TIMING] stream_chunk[experiment-d66a2a7b929048e3a64a880b4658d107](live_neural): decode=0.2ms, inference=14.9ms, second_pass=0.0ms, contention=0.0ms, TOTAL=15.2ms | audio=600ms, RTF=0.03x | model=enhanced_mel, neural_total=14.5ms, model_inference=10.3ms
[TIMING] EnhancedMel.transcribe: audio_to_gpu=0.2ms, features=0.4ms, model=10.2ms, decode=3.4ms | TOTAL=14.2ms for 1800ms audio (RTF=0.01x)
[TIMING] stream_chunk[experiment-d66a2a7b929048e3a64a880b4658d107](live_neural): decode=0.1ms, inference=16.3ms, second_pass=0.0ms, contention=0.0ms, TOTAL=16.6ms | audio=600ms, RTF=0.03x | model=enhanced_mel, neural_total=15.9ms, model_inference=10.2ms
[TIMING] EnhancedMel.transcribe: audio_to_gpu=0.2ms, features=3.1ms, model=14.8ms, decode=4.5ms | TOTAL=22.6ms for 2400ms audio (RTF=0.01x)
[TIMING] stream_chunk[experiment-d66a2a7b929048e3a64a880b4658d107](live_neural): decode=0.1ms, inference=24.9ms, second_pass=0.0ms, contention=0.0ms, TOTAL=25.1ms | audio=600ms, RTF=0.04x | model=enhanced_mel, neural_total=24.5ms, model_inference=14.8ms
[TIMING] EnhancedMel.transcribe: audio_to_gpu=0.4ms, features=0.5ms, model=12.1ms, decode=5.4ms | TOTAL=18.4ms for 3000ms audio (RTF=0.01x)
[TIMING] stream_chunk[experiment-d66a2a7b929048e3a64a880b4658d107](live_neural): decode=0.1ms, inference=20.8ms, second_pass=0.0ms, contention=0.0ms, TOTAL=21.1ms | audio=600ms, RTF=0.04x | model=enhanced_mel, neural_total=20.4ms, model_inference=12.1ms
[TIMING] EnhancedMel.transcribe: audio_to_gpu=0.2ms, features=0.4ms, model=12.8ms, decode=5.7ms | TOTAL=19.1ms for 3000ms audio (RTF=0.01x)
[TIMING] stream_chunk[experiment-d66a2a7b929048e3a64a880b4658d107](live_neural): decode=0.1ms, inference=21.8ms, second_pass=0.0ms, contention=0.0ms, TOTAL=22.1ms | audio=600ms, RTF=0.04x | model=enhanced_mel, neural_total=21.2ms, model_inference=12.8ms
[TIMING] EnhancedMel.transcribe: audio_to_gpu=0.3ms, features=0.5ms, model=12.3ms, decode=5.5ms | TOTAL=18.7ms for 3000ms audio (RTF=0.01x)
[TIMING] stream_chunk[experiment-d66a2a7b929048e3a64a880b4658d107](live_neural): decode=0.1ms, inference=21.2ms, second_pass=0.0ms, contention=0.0ms, TOTAL=21.4ms | audio=600ms, RTF=0.04x | model=enhanced_mel, neural_total=20.7ms, model_inference=12.3ms
[TIMING] EnhancedMel.transcribe: audio_to_gpu=0.3ms, features=0.5ms, model=12.0ms, decode=6.1ms | TOTAL=18.9ms for 3000ms audio (RTF=0.01x)
[TIMING] stream_chunk[experiment-d66a2a7b929048e3a64a880b4658d107](live_neural): decode=0.1ms, inference=21.5ms, second_pass=0.0ms, contention=0.0ms, TOTAL=21.7ms | audio=600ms, RTF=0.04x | model=enhanced_mel, neural_total=21.1ms, model_inference=12.0ms
[TIMING] EnhancedMel.transcribe: audio_to_gpu=0.2ms, features=0.4ms, model=12.3ms, decode=5.5ms | TOTAL=18.3ms for 3000ms audio (RTF=0.01x)
[TIMING] stream_chunk[experiment-d66a2a7b929048e3a64a880b4658d107](live_neural): decode=0.1ms, inference=20.9ms, second_pass=0.0ms, contention=0.0ms, TOTAL=21.3ms | audio=600ms, RTF=0.04x | model=enhanced_mel, neural_total=20.5ms, model_inference=12.3ms
[TIMING] EnhancedMel.transcribe: audio_to_gpu=0.3ms, features=0.5ms, model=12.0ms, decode=5.5ms | TOTAL=18.4ms for 3000ms audio (RTF=0.01x)
[TIMING] stream_chunk[experiment-d66a2a7b929048e3a64a880b4658d107](live_neural): decode=0.1ms, inference=21.1ms, second_pass=0.0ms, contention=0.0ms, TOTAL=21.5ms | audio=600ms, RTF=0.04x | model=enhanced_mel, neural_total=20.5ms, model_inference=12.0ms

[CLIP_042] Sonata in D Major, K. 96 L. 465
  excerpt: start=63.00s end=69.00s duration=6.00s gt_notes=91 rms=0.0446 peak=0.2839 crest=6.358 rms_std=0.0114
    control:
      note metrics: precision=0.968 recall=0.989 f1=0.978 matched=90/91 pred=93
      strict onset f1: 10ms=0.902 20ms=0.978 30ms=0.978
      timing metrics: offset_f1=0.946 rhythm_precision=0.967 note_value_acc=0.589 note_value_n=90 avg_beat_error=0.112
      duplicate metrics: duplicates=0 per_100_notes=0.00
      boundary metrics: gt=25 matched=25 missed=0 miss_rate=0.000
      latency: avg_chunk_ms=20.96 p95_chunk_ms=24.34 avg_rtf=0.035
      notation metrics: first_correct_ms=131.2 visible_p50_ms=132.3 visible_p95_ms=492.8 stabilize_p50_ms=3330.3 stabilize_p95_ms=4774.0 avg_revisions=1.67 matched=3 refined=3 snapshots=15
      algorithmic latency: first_correct_ms=110.7 visible_p50_ms=111.5 visible_p95_ms=474.5 stabilize_p50_ms=3110.7 stabilize_p95_ms=4554.4
      final display note metrics: precision=0.968 recall=0.989 f1=0.978 matched=90/91 pred=93
      final display strict onset f1: 10ms=0.902 20ms=0.978 30ms=0.978
      final display timing: offset_f1=0.946 rhythm_precision=0.967 note_value_acc=0.300 note_value_n=90 avg_beat_error=0.380
      final display structure: cluster_f1=0.903 onset_align_recall=1.000 avg_jaccard=0.981 exact=28/30 pred=32 over=1 under=1 pitch_conflicts=0 missed_gt=0
      threshold profiles: hit_rate=0.000 thresholds=[0.75] profiles={'fixed_baseline': 10}
    treatment:
      note metrics: precision=0.968 recall=0.989 f1=0.978 matched=90/91 pred=93
      strict onset f1: 10ms=0.902 20ms=0.978 30ms=0.978
      timing metrics: offset_f1=0.946 rhythm_precision=0.967 note_value_acc=0.589 note_value_n=90 avg_beat_error=0.112
      duplicate metrics: duplicates=0 per_100_notes=0.00
      boundary metrics: gt=25 matched=25 missed=0 miss_rate=0.000
      latency: avg_chunk_ms=20.30 p95_chunk_ms=23.78 avg_rtf=0.034
      notation metrics: first_correct_ms=131.8 visible_p50_ms=132.9 visible_p95_ms=491.6 stabilize_p50_ms=3327.1 stabilize_p95_ms=4770.9 avg_revisions=1.67 matched=3 refined=3 snapshots=15
      algorithmic latency: first_correct_ms=110.7 visible_p50_ms=111.5 visible_p95_ms=474.5 stabilize_p50_ms=3110.7 stabilize_p95_ms=4554.4
      final display note metrics: precision=0.968 recall=0.989 f1=0.978 matched=90/91 pred=93
      final display strict onset f1: 10ms=0.902 20ms=0.978 30ms=0.978
      final display timing: offset_f1=0.946 rhythm_precision=0.967 note_value_acc=0.300 note_value_n=90 avg_beat_error=0.380
      final display structure: cluster_f1=0.903 onset_align_recall=1.000 avg_jaccard=0.981 exact=28/30 pred=32 over=1 under=1 pitch_conflicts=0 missed_gt=0
      threshold profiles: hit_rate=0.000 thresholds=[0.75] profiles={'baseline_nominal': 10}
    delta treatment-control: precision=+0.000 recall=+0.000 f1=+0.000 offset_f1=+0.000 note_value_acc=+0.000 dup_per_100=+0.00 boundary_miss_rate=+0.000 p95_chunk_ms=-0.57 f1_10ms=+0.000 f1_20ms=+0.000 f1_30ms=+0.000 visible_p50_ms=+0.6 stabilize_p50_ms=-3.1 algo_visible_p50_ms=+0.0 algo_stabilize_p50_ms=+0.0 avg_revisions=+0.00 display_note_f1=+0.000 display_offset_f1=+0.000 display_cluster_f1=+0.000 display_cluster_jaccard=+0.000
    failure buckets: ['high_revision_slow_stabilization']
[TIMING] EnhancedMel.transcribe: audio_to_gpu=0.3ms, features=0.6ms, model=11.3ms, decode=1.3ms | TOTAL=13.5ms for 600ms audio (RTF=0.02x)
[TIMING] stream_chunk[experiment-e1ae777681cf43909d33fbe2633ac2f0](live_neural): decode=0.2ms, inference=16.0ms, second_pass=0.0ms, contention=0.0ms, TOTAL=16.2ms | audio=600ms, RTF=0.03x | model=enhanced_mel, neural_total=15.4ms, model_inference=11.3ms
[TIMING] EnhancedMel.transcribe: audio_to_gpu=0.2ms, features=0.3ms, model=10.7ms, decode=2.3ms | TOTAL=13.5ms for 1200ms audio (RTF=0.01x)
[TIMING] stream_chunk[experiment-e1ae777681cf43909d33fbe2633ac2f0](live_neural): decode=0.2ms, inference=15.5ms, second_pass=0.0ms, contention=0.0ms, TOTAL=15.8ms | audio=600ms, RTF=0.03x | model=enhanced_mel, neural_total=15.0ms, model_inference=10.7ms
[TIMING] EnhancedMel.transcribe: audio_to_gpu=0.3ms, features=0.4ms, model=17.5ms, decode=3.3ms | TOTAL=21.6ms for 1800ms audio (RTF=0.01x)
[TIMING] stream_chunk[experiment-e1ae777681cf43909d33fbe2633ac2f0](live_neural): decode=0.1ms, inference=23.7ms, second_pass=0.0ms, contention=0.0ms, TOTAL=23.9ms | audio=600ms, RTF=0.04x | model=enhanced_mel, neural_total=23.3ms, model_inference=17.5ms
[TIMING] EnhancedMel.transcribe: audio_to_gpu=0.2ms, features=0.4ms, model=11.6ms, decode=4.3ms | TOTAL=16.5ms for 2400ms audio (RTF=0.01x)
[TIMING] stream_chunk[experiment-e1ae777681cf43909d33fbe2633ac2f0](live_neural): decode=0.1ms, inference=18.6ms, second_pass=0.0ms, contention=0.0ms, TOTAL=18.9ms | audio=600ms, RTF=0.03x | model=enhanced_mel, neural_total=18.3ms, model_inference=11.6ms
[TIMING] EnhancedMel.transcribe: audio_to_gpu=0.2ms, features=0.4ms, model=11.7ms, decode=5.4ms | TOTAL=17.8ms for 3000ms audio (RTF=0.01x)
[TIMING] stream_chunk[experiment-e1ae777681cf43909d33fbe2633ac2f0](live_neural): decode=0.1ms, inference=20.0ms, second_pass=0.0ms, contention=0.0ms, TOTAL=20.3ms | audio=600ms, RTF=0.03x | model=enhanced_mel, neural_total=19.7ms, model_inference=11.7ms
[TIMING] EnhancedMel.transcribe: audio_to_gpu=0.2ms, features=0.5ms, model=13.4ms, decode=6.1ms | TOTAL=20.1ms for 3000ms audio (RTF=0.01x)
[TIMING] stream_chunk[experiment-e1ae777681cf43909d33fbe2633ac2f0](live_neural): decode=0.1ms, inference=22.5ms, second_pass=0.0ms, contention=0.0ms, TOTAL=22.8ms | audio=600ms, RTF=0.04x | model=enhanced_mel, neural_total=22.1ms, model_inference=13.4ms
[TIMING] EnhancedMel.transcribe: audio_to_gpu=0.3ms, features=0.7ms, model=12.3ms, decode=5.3ms | TOTAL=18.5ms for 3000ms audio (RTF=0.01x)
[TIMING] stream_chunk[experiment-e1ae777681cf43909d33fbe2633ac2f0](live_neural): decode=0.1ms, inference=20.9ms, second_pass=0.0ms, contention=0.0ms, TOTAL=21.2ms | audio=600ms, RTF=0.04x | model=enhanced_mel, neural_total=20.5ms, model_inference=12.3ms
[TIMING] EnhancedMel.transcribe: audio_to_gpu=0.4ms, features=0.5ms, model=11.8ms, decode=5.2ms | TOTAL=17.9ms for 3000ms audio (RTF=0.01x)
[TIMING] stream_chunk[experiment-e1ae777681cf43909d33fbe2633ac2f0](live_neural): decode=0.1ms, inference=20.2ms, second_pass=0.0ms, contention=0.0ms, TOTAL=20.5ms | audio=600ms, RTF=0.03x | model=enhanced_mel, neural_total=19.8ms, model_inference=11.8ms
[TIMING] EnhancedMel.transcribe: audio_to_gpu=0.2ms, features=1.9ms, model=12.2ms, decode=6.0ms | TOTAL=20.4ms for 3000ms audio (RTF=0.01x)
[TIMING] stream_chunk[experiment-e1ae777681cf43909d33fbe2633ac2f0](live_neural): decode=0.1ms, inference=23.0ms, second_pass=0.0ms, contention=0.0ms, TOTAL=23.3ms | audio=600ms, RTF=0.04x | model=enhanced_mel, neural_total=22.5ms, model_inference=12.2ms
[TIMING] EnhancedMel.transcribe: audio_to_gpu=0.4ms, features=0.5ms, model=11.9ms, decode=5.5ms | TOTAL=18.2ms for 3000ms audio (RTF=0.01x)
[TIMING] stream_chunk[experiment-e1ae777681cf43909d33fbe2633ac2f0](live_neural): decode=0.1ms, inference=20.7ms, second_pass=0.0ms, contention=0.0ms, TOTAL=21.0ms | audio=600ms, RTF=0.03x | model=enhanced_mel, neural_total=20.3ms, model_inference=11.9ms
[TIMING] EnhancedMel.transcribe: audio_to_gpu=0.4ms, features=0.5ms, model=11.8ms, decode=1.4ms | TOTAL=14.1ms for 600ms audio (RTF=0.02x)
[TIMING] stream_chunk[experiment-68e9af7951134615b1a9f678c73faf9e](live_neural): decode=0.1ms, inference=15.7ms, second_pass=0.0ms, contention=0.0ms, TOTAL=15.9ms | audio=600ms, RTF=0.03x | model=enhanced_mel, neural_total=15.3ms, model_inference=11.8ms
[TIMING] EnhancedMel.transcribe: audio_to_gpu=0.1ms, features=0.3ms, model=11.7ms, decode=2.5ms | TOTAL=14.6ms for 1200ms audio (RTF=0.01x)
[TIMING] stream_chunk[experiment-68e9af7951134615b1a9f678c73faf9e](live_neural): decode=0.1ms, inference=16.5ms, second_pass=0.0ms, contention=0.0ms, TOTAL=16.8ms | audio=600ms, RTF=0.03x | model=enhanced_mel, neural_total=16.1ms, model_inference=11.7ms
[TIMING] EnhancedMel.transcribe: audio_to_gpu=0.2ms, features=0.4ms, model=11.2ms, decode=4.3ms | TOTAL=16.1ms for 1800ms audio (RTF=0.01x)
[TIMING] stream_chunk[experiment-68e9af7951134615b1a9f678c73faf9e](live_neural): decode=0.1ms, inference=19.0ms, second_pass=0.0ms, contention=0.0ms, TOTAL=19.2ms | audio=600ms, RTF=0.03x | model=enhanced_mel, neural_total=18.5ms, model_inference=11.2ms
[TIMING] EnhancedMel.transcribe: audio_to_gpu=0.2ms, features=0.4ms, model=11.4ms, decode=4.3ms | TOTAL=16.3ms for 2400ms audio (RTF=0.01x)
[TIMING] stream_chunk[experiment-68e9af7951134615b1a9f678c73faf9e](live_neural): decode=0.1ms, inference=18.5ms, second_pass=0.0ms, contention=0.0ms, TOTAL=18.8ms | audio=600ms, RTF=0.03x | model=enhanced_mel, neural_total=18.2ms, model_inference=11.4ms
[TIMING] EnhancedMel.transcribe: audio_to_gpu=0.2ms, features=2.6ms, model=12.0ms, decode=5.3ms | TOTAL=20.1ms for 3000ms audio (RTF=0.01x)
[TIMING] stream_chunk[experiment-68e9af7951134615b1a9f678c73faf9e](live_neural): decode=0.1ms, inference=22.6ms, second_pass=0.0ms, contention=0.0ms, TOTAL=22.9ms | audio=600ms, RTF=0.04x | model=enhanced_mel, neural_total=22.1ms, model_inference=12.0ms
[TIMING] EnhancedMel.transcribe: audio_to_gpu=0.3ms, features=0.5ms, model=12.6ms, decode=5.4ms | TOTAL=18.8ms for 3000ms audio (RTF=0.01x)
[TIMING] stream_chunk[experiment-68e9af7951134615b1a9f678c73faf9e](live_neural): decode=0.1ms, inference=21.3ms, second_pass=0.0ms, contention=0.0ms, TOTAL=21.5ms | audio=600ms, RTF=0.04x | model=enhanced_mel, neural_total=20.8ms, model_inference=12.6ms
[TIMING] EnhancedMel.transcribe: audio_to_gpu=0.3ms, features=0.5ms, model=11.4ms, decode=5.3ms | TOTAL=17.4ms for 3000ms audio (RTF=0.01x)
[TIMING] stream_chunk[experiment-68e9af7951134615b1a9f678c73faf9e](live_neural): decode=0.1ms, inference=19.8ms, second_pass=0.0ms, contention=0.0ms, TOTAL=20.1ms | audio=600ms, RTF=0.03x | model=enhanced_mel, neural_total=19.4ms, model_inference=11.4ms
[TIMING] EnhancedMel.transcribe: audio_to_gpu=0.2ms, features=0.5ms, model=12.8ms, decode=5.9ms | TOTAL=19.3ms for 3000ms audio (RTF=0.01x)
[TIMING] stream_chunk[experiment-68e9af7951134615b1a9f678c73faf9e](live_neural): decode=0.1ms, inference=21.7ms, second_pass=0.0ms, contention=0.0ms, TOTAL=22.0ms | audio=600ms, RTF=0.04x | model=enhanced_mel, neural_total=21.2ms, model_inference=12.8ms
[TIMING] EnhancedMel.transcribe: audio_to_gpu=0.3ms, features=0.5ms, model=12.1ms, decode=5.4ms | TOTAL=18.2ms for 3000ms audio (RTF=0.01x)
[TIMING] stream_chunk[experiment-68e9af7951134615b1a9f678c73faf9e](live_neural): decode=0.1ms, inference=21.7ms, second_pass=0.0ms, contention=0.0ms, TOTAL=22.0ms | audio=600ms, RTF=0.04x | model=enhanced_mel, neural_total=21.3ms, model_inference=12.1ms
[TIMING] EnhancedMel.transcribe: audio_to_gpu=0.4ms, features=0.5ms, model=14.1ms, decode=5.3ms | TOTAL=20.4ms for 3000ms audio (RTF=0.01x)
[TIMING] stream_chunk[experiment-68e9af7951134615b1a9f678c73faf9e](live_neural): decode=0.1ms, inference=23.0ms, second_pass=0.0ms, contention=0.0ms, TOTAL=23.3ms | audio=600ms, RTF=0.04x | model=enhanced_mel, neural_total=22.6ms, model_inference=14.1ms

[CLIP_043] Sonata in D Minor, K. 9 L. 413
  excerpt: start=12.00s end=18.00s duration=6.00s gt_notes=72 rms=0.0332 peak=0.1817 crest=5.471 rms_std=0.0120
    control:
      note metrics: precision=0.947 recall=0.986 f1=0.966 matched=71/72 pred=75
      strict onset f1: 10ms=0.844 20ms=0.966 30ms=0.966
      timing metrics: offset_f1=0.966 rhythm_precision=0.986 note_value_acc=0.493 note_value_n=71 avg_beat_error=0.054
      duplicate metrics: duplicates=3 per_100_notes=4.00
      boundary metrics: gt=20 matched=20 missed=0 miss_rate=0.000
      latency: avg_chunk_ms=20.38 p95_chunk_ms=23.63 avg_rtf=0.034
      notation metrics: first_correct_ms=17.7 visible_p50_ms=265.7 visible_p95_ms=566.3 stabilize_p50_ms=745.1 stabilize_p95_ms=3144.1 avg_revisions=0.86 matched=14 refined=14 snapshots=17
      algorithmic latency: first_correct_ms=0.0 visible_p50_ms=242.4 visible_p95_ms=543.9 stabilize_p50_ms=513.3 stabilize_p95_ms=2702.0
      final display note metrics: precision=0.986 recall=0.986 f1=0.986 matched=71/72 pred=72
      final display strict onset f1: 10ms=0.847 20ms=0.986 30ms=0.986
      final display timing: offset_f1=0.972 rhythm_precision=0.986 note_value_acc=0.380 note_value_n=71 avg_beat_error=0.183
      final display structure: cluster_f1=0.959 onset_align_recall=1.000 avg_jaccard=0.986 exact=35/36 pred=37 over=0 under=1 pitch_conflicts=0 missed_gt=0
      threshold profiles: hit_rate=0.000 thresholds=[0.75] profiles={'fixed_baseline': 10}
    treatment:
      note metrics: precision=0.934 recall=0.986 f1=0.959 matched=71/72 pred=76
      strict onset f1: 10ms=0.838 20ms=0.959 30ms=0.959
      timing metrics: offset_f1=0.959 rhythm_precision=0.986 note_value_acc=0.493 note_value_n=71 avg_beat_error=0.054
      duplicate metrics: duplicates=3 per_100_notes=3.95
      boundary metrics: gt=20 matched=20 missed=0 miss_rate=0.000
      latency: avg_chunk_ms=20.26 p95_chunk_ms=23.10 avg_rtf=0.034
      notation metrics: first_correct_ms=20.2 visible_p50_ms=264.5 visible_p95_ms=566.3 stabilize_p50_ms=1885.8 stabilize_p95_ms=3179.4 avg_revisions=1.71 matched=14 refined=14 snapshots=17
      algorithmic latency: first_correct_ms=0.0 visible_p50_ms=242.4 visible_p95_ms=543.9 stabilize_p50_ms=842.4 stabilize_p95_ms=2737.4
      final display note metrics: precision=0.973 recall=0.986 f1=0.979 matched=71/72 pred=73
      final display strict onset f1: 10ms=0.841 20ms=0.979 30ms=0.979
      final display timing: offset_f1=0.966 rhythm_precision=0.986 note_value_acc=0.451 note_value_n=71 avg_beat_error=0.098
      final display structure: cluster_f1=0.946 onset_align_recall=1.000 avg_jaccard=0.986 exact=35/36 pred=38 over=0 under=1 pitch_conflicts=0 missed_gt=0
      threshold profiles: hit_rate=0.300 thresholds=[0.71, 0.75] profiles={'baseline_nominal': 7, 'soft_sparse_recall': 3}
    delta treatment-control: precision=-0.012 recall=+0.000 f1=-0.007 offset_f1=-0.007 note_value_acc=+0.000 dup_per_100=-0.05 boundary_miss_rate=+0.000 p95_chunk_ms=-0.53 f1_10ms=-0.006 f1_20ms=-0.007 f1_30ms=-0.007 visible_p50_ms=-1.2 stabilize_p50_ms=+1140.7 algo_visible_p50_ms=+0.0 algo_stabilize_p50_ms=+329.2 avg_revisions=+0.86 display_note_f1=-0.007 display_offset_f1=-0.007 display_cluster_f1=-0.013 display_cluster_jaccard=+0.000
    failure buckets: ['high_revision_slow_stabilization', 'note_value_offset_failure']
[TIMING] EnhancedMel.transcribe: audio_to_gpu=0.4ms, features=0.6ms, model=11.0ms, decode=1.3ms | TOTAL=13.3ms for 600ms audio (RTF=0.02x)
[TIMING] stream_chunk[experiment-fd5fda02fe1740aeaab9e0e123b4c7b5](live_neural): decode=0.3ms, inference=15.8ms, second_pass=0.0ms, contention=0.0ms, TOTAL=16.1ms | audio=600ms, RTF=0.03x | model=enhanced_mel, neural_total=15.3ms, model_inference=11.0ms
[TIMING] EnhancedMel.transcribe: audio_to_gpu=0.2ms, features=0.4ms, model=10.4ms, decode=2.2ms | TOTAL=13.3ms for 1200ms audio (RTF=0.01x)
[TIMING] stream_chunk[experiment-fd5fda02fe1740aeaab9e0e123b4c7b5](live_neural): decode=0.1ms, inference=14.9ms, second_pass=0.0ms, contention=0.0ms, TOTAL=15.2ms | audio=600ms, RTF=0.03x | model=enhanced_mel, neural_total=14.6ms, model_inference=10.4ms
[TIMING] EnhancedMel.transcribe: audio_to_gpu=0.2ms, features=0.5ms, model=11.6ms, decode=3.1ms | TOTAL=15.4ms for 1800ms audio (RTF=0.01x)
[TIMING] stream_chunk[experiment-fd5fda02fe1740aeaab9e0e123b4c7b5](live_neural): decode=0.3ms, inference=17.3ms, second_pass=0.0ms, contention=0.0ms, TOTAL=17.7ms | audio=600ms, RTF=0.03x | model=enhanced_mel, neural_total=16.9ms, model_inference=11.6ms
[TIMING] EnhancedMel.transcribe: audio_to_gpu=0.2ms, features=0.5ms, model=11.6ms, decode=4.1ms | TOTAL=16.3ms for 2400ms audio (RTF=0.01x)
[TIMING] stream_chunk[experiment-fd5fda02fe1740aeaab9e0e123b4c7b5](live_neural): decode=0.1ms, inference=18.5ms, second_pass=0.0ms, contention=0.0ms, TOTAL=18.7ms | audio=600ms, RTF=0.03x | model=enhanced_mel, neural_total=18.2ms, model_inference=11.6ms
[TIMING] EnhancedMel.transcribe: audio_to_gpu=0.1ms, features=0.4ms, model=12.7ms, decode=5.0ms | TOTAL=18.2ms for 3000ms audio (RTF=0.01x)
[TIMING] stream_chunk[experiment-fd5fda02fe1740aeaab9e0e123b4c7b5](live_neural): decode=0.1ms, inference=20.7ms, second_pass=0.0ms, contention=0.0ms, TOTAL=20.9ms | audio=600ms, RTF=0.03x | model=enhanced_mel, neural_total=20.2ms, model_inference=12.7ms
[TIMING] EnhancedMel.transcribe: audio_to_gpu=0.3ms, features=0.5ms, model=12.6ms, decode=5.0ms | TOTAL=18.4ms for 3000ms audio (RTF=0.01x)
[TIMING] stream_chunk[experiment-fd5fda02fe1740aeaab9e0e123b4c7b5](live_neural): decode=0.1ms, inference=21.9ms, second_pass=0.0ms, contention=0.0ms, TOTAL=22.1ms | audio=600ms, RTF=0.04x | model=enhanced_mel, neural_total=21.5ms, model_inference=12.6ms
[TIMING] EnhancedMel.transcribe: audio_to_gpu=0.2ms, features=0.4ms, model=13.1ms, decode=5.2ms | TOTAL=18.8ms for 3000ms audio (RTF=0.01x)
[TIMING] stream_chunk[experiment-fd5fda02fe1740aeaab9e0e123b4c7b5](live_neural): decode=0.1ms, inference=21.2ms, second_pass=0.0ms, contention=0.0ms, TOTAL=21.5ms | audio=600ms, RTF=0.04x | model=enhanced_mel, neural_total=20.6ms, model_inference=13.1ms
[TIMING] EnhancedMel.transcribe: audio_to_gpu=0.4ms, features=0.5ms, model=11.7ms, decode=5.5ms | TOTAL=18.0ms for 3000ms audio (RTF=0.01x)
[TIMING] stream_chunk[experiment-fd5fda02fe1740aeaab9e0e123b4c7b5](live_neural): decode=0.1ms, inference=21.4ms, second_pass=0.0ms, contention=0.0ms, TOTAL=21.6ms | audio=600ms, RTF=0.04x | model=enhanced_mel, neural_total=21.0ms, model_inference=11.7ms
[TIMING] EnhancedMel.transcribe: audio_to_gpu=0.2ms, features=3.2ms, model=12.1ms, decode=5.0ms | TOTAL=20.6ms for 3000ms audio (RTF=0.01x)
[TIMING] stream_chunk[experiment-fd5fda02fe1740aeaab9e0e123b4c7b5](live_neural): decode=0.1ms, inference=22.7ms, second_pass=0.0ms, contention=0.0ms, TOTAL=22.9ms | audio=600ms, RTF=0.04x | model=enhanced_mel, neural_total=22.4ms, model_inference=12.1ms
[TIMING] EnhancedMel.transcribe: audio_to_gpu=0.3ms, features=0.5ms, model=12.6ms, decode=5.2ms | TOTAL=18.6ms for 3000ms audio (RTF=0.01x)
[TIMING] stream_chunk[experiment-fd5fda02fe1740aeaab9e0e123b4c7b5](live_neural): decode=0.2ms, inference=20.7ms, second_pass=0.0ms, contention=0.0ms, TOTAL=21.0ms | audio=600ms, RTF=0.03x | model=enhanced_mel, neural_total=20.3ms, model_inference=12.6ms
[TIMING] EnhancedMel.transcribe: audio_to_gpu=0.3ms, features=0.5ms, model=10.1ms, decode=1.3ms | TOTAL=12.2ms for 600ms audio (RTF=0.02x)
[TIMING] stream_chunk[experiment-fffcbb567ecc4293803abf30d5c0a270](live_neural): decode=0.1ms, inference=13.8ms, second_pass=0.0ms, contention=0.0ms, TOTAL=14.0ms | audio=600ms, RTF=0.02x | model=enhanced_mel, neural_total=13.4ms, model_inference=10.1ms
[TIMING] EnhancedMel.transcribe: audio_to_gpu=0.2ms, features=0.4ms, model=9.9ms, decode=2.3ms | TOTAL=12.8ms for 1200ms audio (RTF=0.01x)
[TIMING] stream_chunk[experiment-fffcbb567ecc4293803abf30d5c0a270](live_neural): decode=0.1ms, inference=14.5ms, second_pass=0.0ms, contention=0.0ms, TOTAL=14.7ms | audio=600ms, RTF=0.02x | model=enhanced_mel, neural_total=14.2ms, model_inference=9.9ms
[TIMING] EnhancedMel.transcribe: audio_to_gpu=0.2ms, features=0.4ms, model=10.5ms, decode=3.3ms | TOTAL=14.4ms for 1800ms audio (RTF=0.01x)
[TIMING] stream_chunk[experiment-fffcbb567ecc4293803abf30d5c0a270](live_neural): decode=0.3ms, inference=16.3ms, second_pass=0.0ms, contention=0.0ms, TOTAL=16.7ms | audio=600ms, RTF=0.03x | model=enhanced_mel, neural_total=16.0ms, model_inference=10.5ms
[TIMING] EnhancedMel.transcribe: audio_to_gpu=0.2ms, features=0.7ms, model=11.0ms, decode=4.4ms | TOTAL=16.3ms for 2400ms audio (RTF=0.01x)
[TIMING] stream_chunk[experiment-fffcbb567ecc4293803abf30d5c0a270](live_neural): decode=0.1ms, inference=20.3ms, second_pass=0.0ms, contention=0.0ms, TOTAL=20.5ms | audio=600ms, RTF=0.03x | model=enhanced_mel, neural_total=19.8ms, model_inference=11.0ms
[TIMING] EnhancedMel.transcribe: audio_to_gpu=0.2ms, features=1.4ms, model=13.0ms, decode=5.1ms | TOTAL=19.7ms for 3000ms audio (RTF=0.01x)
[TIMING] stream_chunk[experiment-fffcbb567ecc4293803abf30d5c0a270](live_neural): decode=0.2ms, inference=21.9ms, second_pass=0.0ms, contention=0.0ms, TOTAL=22.1ms | audio=600ms, RTF=0.04x | model=enhanced_mel, neural_total=21.5ms, model_inference=13.0ms
[TIMING] EnhancedMel.transcribe: audio_to_gpu=0.2ms, features=0.5ms, model=11.2ms, decode=5.1ms | TOTAL=17.1ms for 3000ms audio (RTF=0.01x)
[TIMING] stream_chunk[experiment-fffcbb567ecc4293803abf30d5c0a270](live_neural): decode=0.1ms, inference=19.5ms, second_pass=0.0ms, contention=0.0ms, TOTAL=19.7ms | audio=600ms, RTF=0.03x | model=enhanced_mel, neural_total=19.0ms, model_inference=11.2ms
[TIMING] EnhancedMel.transcribe: audio_to_gpu=0.2ms, features=0.5ms, model=12.0ms, decode=5.6ms | TOTAL=18.3ms for 3000ms audio (RTF=0.01x)
[TIMING] stream_chunk[experiment-fffcbb567ecc4293803abf30d5c0a270](live_neural): decode=0.1ms, inference=20.4ms, second_pass=0.0ms, contention=0.0ms, TOTAL=20.7ms | audio=600ms, RTF=0.03x | model=enhanced_mel, neural_total=20.1ms, model_inference=12.0ms
[TIMING] EnhancedMel.transcribe: audio_to_gpu=0.1ms, features=0.4ms, model=12.8ms, decode=5.1ms | TOTAL=18.5ms for 3000ms audio (RTF=0.01x)
[TIMING] stream_chunk[experiment-fffcbb567ecc4293803abf30d5c0a270](live_neural): decode=0.1ms, inference=20.9ms, second_pass=0.0ms, contention=0.0ms, TOTAL=21.1ms | audio=600ms, RTF=0.04x | model=enhanced_mel, neural_total=20.5ms, model_inference=12.8ms
[TIMING] EnhancedMel.transcribe: audio_to_gpu=0.3ms, features=0.5ms, model=11.7ms, decode=5.2ms | TOTAL=17.7ms for 3000ms audio (RTF=0.01x)
[TIMING] stream_chunk[experiment-fffcbb567ecc4293803abf30d5c0a270](live_neural): decode=0.1ms, inference=20.5ms, second_pass=0.0ms, contention=0.0ms, TOTAL=20.8ms | audio=600ms, RTF=0.03x | model=enhanced_mel, neural_total=20.1ms, model_inference=11.7ms
[TIMING] EnhancedMel.transcribe: audio_to_gpu=0.2ms, features=5.5ms, model=12.0ms, decode=5.3ms | TOTAL=23.0ms for 3000ms audio (RTF=0.01x)
[TIMING] stream_chunk[experiment-fffcbb567ecc4293803abf30d5c0a270](live_neural): decode=0.1ms, inference=26.3ms, second_pass=0.0ms, contention=0.0ms, TOTAL=26.5ms | audio=600ms, RTF=0.04x | model=enhanced_mel, neural_total=25.9ms, model_inference=12.0ms

[CLIP_044] Pagodas from Estampes No. 1
  excerpt: start=18.00s end=24.00s duration=6.00s gt_notes=54 rms=0.0153 peak=0.0634 crest=4.148 rms_std=0.0028
    control:
      note metrics: precision=0.851 recall=0.741 f1=0.792 matched=40/54 pred=47
      strict onset f1: 10ms=0.495 20ms=0.733 30ms=0.792
      timing metrics: offset_f1=0.396 rhythm_precision=0.450 note_value_acc=0.000 note_value_n=40 avg_beat_error=0.673
      duplicate metrics: duplicates=2 per_100_notes=4.26
      boundary metrics: gt=19 matched=12 missed=7 miss_rate=0.368
      latency: avg_chunk_ms=19.77 p95_chunk_ms=22.56 avg_rtf=0.033
      notation metrics: first_correct_ms=43.7 visible_p50_ms=241.0 visible_p95_ms=513.0 stabilize_p50_ms=2140.0 stabilize_p95_ms=3270.2 avg_revisions=2.47 matched=15 refined=15 snapshots=18
      algorithmic latency: first_correct_ms=25.0 visible_p50_ms=220.1 visible_p95_ms=491.5 stabilize_p50_ms=1846.4 stabilize_p95_ms=2837.1
      final display note metrics: precision=0.889 recall=0.741 f1=0.808 matched=40/54 pred=45
      final display strict onset f1: 10ms=0.505 20ms=0.747 30ms=0.808
      final display timing: offset_f1=0.364 rhythm_precision=0.450 note_value_acc=0.175 note_value_n=40 avg_beat_error=0.318
      final display structure: cluster_f1=0.450 onset_align_recall=0.947 avg_jaccard=0.764 exact=9/19 pred=21 over=1 under=7 pitch_conflicts=1 missed_gt=1
      threshold profiles: hit_rate=0.000 thresholds=[0.75] profiles={'fixed_baseline': 10}
    treatment:
      note metrics: precision=0.824 recall=0.778 f1=0.800 matched=42/54 pred=51
      strict onset f1: 10ms=0.476 20ms=0.724 30ms=0.781
      timing metrics: offset_f1=0.381 rhythm_precision=0.429 note_value_acc=0.000 note_value_n=42 avg_beat_error=0.696
      duplicate metrics: duplicates=3 per_100_notes=5.88
      boundary metrics: gt=19 matched=12 missed=7 miss_rate=0.368
      latency: avg_chunk_ms=19.68 p95_chunk_ms=24.52 avg_rtf=0.033
      notation metrics: first_correct_ms=45.5 visible_p50_ms=215.1 visible_p95_ms=514.2 stabilize_p50_ms=2152.2 stabilize_p95_ms=3129.5 avg_revisions=2.60 matched=15 refined=15 snapshots=17
      algorithmic latency: first_correct_ms=25.0 visible_p50_ms=194.3 visible_p95_ms=491.5 stabilize_p50_ms=1861.5 stabilize_p95_ms=2725.8
      final display note metrics: precision=0.875 recall=0.778 f1=0.824 matched=42/54 pred=48
      final display strict onset f1: 10ms=0.490 20ms=0.745 30ms=0.804
      final display timing: offset_f1=0.353 rhythm_precision=0.429 note_value_acc=0.095 note_value_n=42 avg_beat_error=0.451
      final display structure: cluster_f1=0.450 onset_align_recall=0.947 avg_jaccard=0.766 exact=9/19 pred=21 over=2 under=6 pitch_conflicts=1 missed_gt=1
      threshold profiles: hit_rate=1.000 thresholds=[0.71] profiles={'soft_sparse_recall': 10}
    delta treatment-control: precision=-0.028 recall=+0.037 f1=+0.008 offset_f1=-0.015 note_value_acc=+0.000 dup_per_100=+1.63 boundary_miss_rate=+0.000 p95_chunk_ms=+1.96 f1_10ms=-0.019 f1_20ms=-0.009 f1_30ms=-0.011 visible_p50_ms=-25.9 stabilize_p50_ms=+12.2 algo_visible_p50_ms=-25.8 algo_stabilize_p50_ms=+15.1 avg_revisions=+0.13 display_note_f1=+0.015 display_offset_f1=-0.011 display_cluster_f1=+0.000 display_cluster_jaccard=+0.002
    failure buckets: ['boundary_miss_failure', 'high_revision_slow_stabilization', 'note_value_offset_failure']
      boundary diagnostics: missed=7 by_arm={'control': 7, 'treatment': 7} tags={'control_boundary_miss': 7, 'no_control_coarse_candidate': 7}
        miss: pitch=59 onset=2.352s boundary_delta_ms=-48.4 control_coarse=False treatment_coarse=False retro=n/a
        miss: pitch=68 onset=2.368s boundary_delta_ms=-31.5 control_coarse=False treatment_coarse=False retro=n/a
        miss: pitch=63 onset=2.372s boundary_delta_ms=-27.6 control_coarse=False treatment_coarse=False retro=n/a
        ... 4 more missed boundary notes in diagnostics JSON
[TIMING] EnhancedMel.transcribe: audio_to_gpu=0.4ms, features=0.6ms, model=14.9ms, decode=1.2ms | TOTAL=17.2ms for 600ms audio (RTF=0.03x)
[TIMING] stream_chunk[experiment-d9dfe8ff4a1e4638b2926fb9ce5fc3a4](live_neural): decode=0.2ms, inference=19.5ms, second_pass=0.0ms, contention=0.0ms, TOTAL=19.7ms | audio=600ms, RTF=0.03x | model=enhanced_mel, neural_total=19.1ms, model_inference=14.9ms
[TIMING] EnhancedMel.transcribe: audio_to_gpu=0.1ms, features=0.3ms, model=10.2ms, decode=2.2ms | TOTAL=12.8ms for 1200ms audio (RTF=0.01x)
[TIMING] stream_chunk[experiment-d9dfe8ff4a1e4638b2926fb9ce5fc3a4](live_neural): decode=0.1ms, inference=14.4ms, second_pass=0.0ms, contention=0.0ms, TOTAL=14.7ms | audio=600ms, RTF=0.02x | model=enhanced_mel, neural_total=14.1ms, model_inference=10.2ms
[TIMING] EnhancedMel.transcribe: audio_to_gpu=0.2ms, features=0.4ms, model=12.0ms, decode=3.0ms | TOTAL=15.5ms for 1800ms audio (RTF=0.01x)
[TIMING] stream_chunk[experiment-d9dfe8ff4a1e4638b2926fb9ce5fc3a4](live_neural): decode=0.1ms, inference=17.4ms, second_pass=0.0ms, contention=0.0ms, TOTAL=17.6ms | audio=600ms, RTF=0.03x | model=enhanced_mel, neural_total=17.0ms, model_inference=12.0ms
[TIMING] EnhancedMel.transcribe: audio_to_gpu=0.2ms, features=4.7ms, model=11.2ms, decode=4.6ms | TOTAL=20.7ms for 2400ms audio (RTF=0.01x)
[TIMING] stream_chunk[experiment-d9dfe8ff4a1e4638b2926fb9ce5fc3a4](live_neural): decode=0.1ms, inference=23.8ms, second_pass=0.0ms, contention=0.0ms, TOTAL=24.1ms | audio=600ms, RTF=0.04x | model=enhanced_mel, neural_total=23.5ms, model_inference=11.2ms
[TIMING] EnhancedMel.transcribe: audio_to_gpu=0.2ms, features=0.6ms, model=12.3ms, decode=5.1ms | TOTAL=18.2ms for 3000ms audio (RTF=0.01x)
[TIMING] stream_chunk[experiment-d9dfe8ff4a1e4638b2926fb9ce5fc3a4](live_neural): decode=0.1ms, inference=20.5ms, second_pass=0.0ms, contention=0.0ms, TOTAL=20.7ms | audio=600ms, RTF=0.03x | model=enhanced_mel, neural_total=20.1ms, model_inference=12.3ms
[TIMING] EnhancedMel.transcribe: audio_to_gpu=0.3ms, features=0.5ms, model=11.7ms, decode=5.2ms | TOTAL=17.6ms for 3000ms audio (RTF=0.01x)
[TIMING] stream_chunk[experiment-d9dfe8ff4a1e4638b2926fb9ce5fc3a4](live_neural): decode=0.2ms, inference=19.8ms, second_pass=0.0ms, contention=0.0ms, TOTAL=20.1ms | audio=600ms, RTF=0.03x | model=enhanced_mel, neural_total=19.5ms, model_inference=11.7ms
[TIMING] EnhancedMel.transcribe: audio_to_gpu=0.2ms, features=0.4ms, model=11.8ms, decode=5.4ms | TOTAL=17.8ms for 3000ms audio (RTF=0.01x)
[TIMING] stream_chunk[experiment-d9dfe8ff4a1e4638b2926fb9ce5fc3a4](live_neural): decode=0.1ms, inference=20.1ms, second_pass=0.0ms, contention=0.0ms, TOTAL=20.3ms | audio=600ms, RTF=0.03x | model=enhanced_mel, neural_total=19.7ms, model_inference=11.8ms
[TIMING] EnhancedMel.transcribe: audio_to_gpu=0.3ms, features=0.5ms, model=12.8ms, decode=6.1ms | TOTAL=19.6ms for 3000ms audio (RTF=0.01x)
[TIMING] stream_chunk[experiment-d9dfe8ff4a1e4638b2926fb9ce5fc3a4](live_neural): decode=0.1ms, inference=22.2ms, second_pass=0.0ms, contention=0.0ms, TOTAL=22.5ms | audio=600ms, RTF=0.04x | model=enhanced_mel, neural_total=21.8ms, model_inference=12.8ms
[TIMING] EnhancedMel.transcribe: audio_to_gpu=0.3ms, features=0.5ms, model=11.7ms, decode=5.5ms | TOTAL=18.0ms for 3000ms audio (RTF=0.01x)
[TIMING] stream_chunk[experiment-d9dfe8ff4a1e4638b2926fb9ce5fc3a4](live_neural): decode=0.3ms, inference=20.6ms, second_pass=0.0ms, contention=0.0ms, TOTAL=21.1ms | audio=600ms, RTF=0.04x | model=enhanced_mel, neural_total=19.9ms, model_inference=11.7ms
[TIMING] EnhancedMel.transcribe: audio_to_gpu=0.3ms, features=0.5ms, model=11.7ms, decode=5.3ms | TOTAL=17.8ms for 3000ms audio (RTF=0.01x)
[TIMING] stream_chunk[experiment-d9dfe8ff4a1e4638b2926fb9ce5fc3a4](live_neural): decode=0.1ms, inference=20.1ms, second_pass=0.0ms, contention=0.0ms, TOTAL=20.4ms | audio=600ms, RTF=0.03x | model=enhanced_mel, neural_total=19.7ms, model_inference=11.7ms
[TIMING] EnhancedMel.transcribe: audio_to_gpu=0.3ms, features=0.5ms, model=9.8ms, decode=1.2ms | TOTAL=11.8ms for 600ms audio (RTF=0.02x)
[TIMING] stream_chunk[experiment-d5c42b3ef4bf41fba03bfcfffdf39a83](live_neural): decode=0.1ms, inference=13.2ms, second_pass=0.0ms, contention=0.0ms, TOTAL=13.4ms | audio=600ms, RTF=0.02x | model=enhanced_mel, neural_total=12.9ms, model_inference=9.8ms
[TIMING] EnhancedMel.transcribe: audio_to_gpu=0.1ms, features=0.3ms, model=9.9ms, decode=2.2ms | TOTAL=12.5ms for 1200ms audio (RTF=0.01x)
[TIMING] stream_chunk[experiment-d5c42b3ef4bf41fba03bfcfffdf39a83](live_neural): decode=0.2ms, inference=14.1ms, second_pass=0.0ms, contention=0.0ms, TOTAL=14.4ms | audio=600ms, RTF=0.02x | model=enhanced_mel, neural_total=13.8ms, model_inference=9.9ms
[TIMING] EnhancedMel.transcribe: audio_to_gpu=0.1ms, features=0.3ms, model=11.2ms, decode=3.1ms | TOTAL=14.7ms for 1800ms audio (RTF=0.01x)
[TIMING] stream_chunk[experiment-d5c42b3ef4bf41fba03bfcfffdf39a83](live_neural): decode=0.1ms, inference=17.1ms, second_pass=0.0ms, contention=0.0ms, TOTAL=17.3ms | audio=600ms, RTF=0.03x | model=enhanced_mel, neural_total=16.8ms, model_inference=11.2ms
[TIMING] EnhancedMel.transcribe: audio_to_gpu=0.2ms, features=0.3ms, model=12.5ms, decode=4.8ms | TOTAL=17.8ms for 2400ms audio (RTF=0.01x)
[TIMING] stream_chunk[experiment-d5c42b3ef4bf41fba03bfcfffdf39a83](live_neural): decode=0.1ms, inference=19.9ms, second_pass=0.0ms, contention=0.0ms, TOTAL=20.1ms | audio=600ms, RTF=0.03x | model=enhanced_mel, neural_total=19.5ms, model_inference=12.5ms
[TIMING] EnhancedMel.transcribe: audio_to_gpu=0.2ms, features=0.6ms, model=11.7ms, decode=5.1ms | TOTAL=17.6ms for 3000ms audio (RTF=0.01x)
[TIMING] stream_chunk[experiment-d5c42b3ef4bf41fba03bfcfffdf39a83](live_neural): decode=0.1ms, inference=19.9ms, second_pass=0.0ms, contention=0.0ms, TOTAL=20.2ms | audio=600ms, RTF=0.03x | model=enhanced_mel, neural_total=19.5ms, model_inference=11.7ms
[TIMING] EnhancedMel.transcribe: audio_to_gpu=0.3ms, features=0.6ms, model=12.2ms, decode=5.4ms | TOTAL=18.5ms for 3000ms audio (RTF=0.01x)
[TIMING] stream_chunk[experiment-d5c42b3ef4bf41fba03bfcfffdf39a83](live_neural): decode=0.1ms, inference=21.6ms, second_pass=0.0ms, contention=0.0ms, TOTAL=21.9ms | audio=600ms, RTF=0.04x | model=enhanced_mel, neural_total=21.1ms, model_inference=12.2ms
[TIMING] EnhancedMel.transcribe: audio_to_gpu=0.2ms, features=0.4ms, model=12.1ms, decode=5.3ms | TOTAL=18.0ms for 3000ms audio (RTF=0.01x)
[TIMING] stream_chunk[experiment-d5c42b3ef4bf41fba03bfcfffdf39a83](live_neural): decode=0.1ms, inference=20.3ms, second_pass=0.0ms, contention=0.0ms, TOTAL=20.6ms | audio=600ms, RTF=0.03x | model=enhanced_mel, neural_total=19.9ms, model_inference=12.1ms
[TIMING] EnhancedMel.transcribe: audio_to_gpu=0.2ms, features=0.5ms, model=13.7ms, decode=5.5ms | TOTAL=19.9ms for 3000ms audio (RTF=0.01x)
[TIMING] stream_chunk[experiment-d5c42b3ef4bf41fba03bfcfffdf39a83](live_neural): decode=0.1ms, inference=22.2ms, second_pass=0.0ms, contention=0.0ms, TOTAL=22.5ms | audio=600ms, RTF=0.04x | model=enhanced_mel, neural_total=21.8ms, model_inference=13.7ms
[TIMING] EnhancedMel.transcribe: audio_to_gpu=0.3ms, features=0.5ms, model=11.7ms, decode=5.5ms | TOTAL=18.0ms for 3000ms audio (RTF=0.01x)
[TIMING] stream_chunk[experiment-d5c42b3ef4bf41fba03bfcfffdf39a83](live_neural): decode=0.1ms, inference=20.9ms, second_pass=0.0ms, contention=0.0ms, TOTAL=21.2ms | audio=600ms, RTF=0.04x | model=enhanced_mel, neural_total=20.4ms, model_inference=11.7ms
[TIMING] EnhancedMel.transcribe: audio_to_gpu=0.2ms, features=0.5ms, model=11.7ms, decode=5.3ms | TOTAL=17.7ms for 3000ms audio (RTF=0.01x)
[TIMING] stream_chunk[experiment-d5c42b3ef4bf41fba03bfcfffdf39a83](live_neural): decode=0.1ms, inference=19.9ms, second_pass=0.0ms, contention=0.0ms, TOTAL=20.2ms | audio=600ms, RTF=0.03x | model=enhanced_mel, neural_total=19.6ms, model_inference=11.7ms

[CLIP_045] Sonata in C Major, K. 132
  excerpt: start=84.00s end=90.00s duration=6.00s gt_notes=69 rms=0.0391 peak=0.2202 crest=5.629 rms_std=0.0212
    control:
      note metrics: precision=0.937 recall=0.855 f1=0.894 matched=59/69 pred=63
      strict onset f1: 10ms=0.591 20ms=0.848 30ms=0.879
      timing metrics: offset_f1=0.773 rhythm_precision=0.864 note_value_acc=0.576 note_value_n=59 avg_beat_error=0.173
      duplicate metrics: duplicates=0 per_100_notes=0.00
      boundary metrics: gt=18 matched=15 missed=3 miss_rate=0.167
      latency: avg_chunk_ms=20.13 p95_chunk_ms=23.37 avg_rtf=0.034
      notation metrics: first_correct_ms=27.6 visible_p50_ms=377.5 visible_p95_ms=614.2 stabilize_p50_ms=1600.5 stabilize_p95_ms=2494.5 avg_revisions=1.90 matched=51 refined=51 snapshots=20
      algorithmic latency: first_correct_ms=7.3 visible_p50_ms=356.8 visible_p95_ms=594.0 stabilize_p50_ms=1138.3 stabilize_p95_ms=2015.1
      final display note metrics: precision=0.935 recall=0.841 f1=0.885 matched=58/69 pred=62
      final display strict onset f1: 10ms=0.580 20ms=0.840 30ms=0.870
      final display timing: offset_f1=0.763 rhythm_precision=0.862 note_value_acc=0.328 note_value_n=58 avg_beat_error=0.225
      final display structure: cluster_f1=0.566 onset_align_recall=0.843 avg_jaccard=0.802 exact=28/51 pred=48 over=5 under=8 pitch_conflicts=2 missed_gt=8
      threshold profiles: hit_rate=0.000 thresholds=[0.75] profiles={'fixed_baseline': 10}
    treatment:
      note metrics: precision=0.937 recall=0.855 f1=0.894 matched=59/69 pred=63
      strict onset f1: 10ms=0.591 20ms=0.848 30ms=0.879
      timing metrics: offset_f1=0.773 rhythm_precision=0.864 note_value_acc=0.576 note_value_n=59 avg_beat_error=0.173
      duplicate metrics: duplicates=0 per_100_notes=0.00
      boundary metrics: gt=18 matched=15 missed=3 miss_rate=0.167
      latency: avg_chunk_ms=19.18 p95_chunk_ms=22.25 avg_rtf=0.032
      notation metrics: first_correct_ms=27.9 visible_p50_ms=376.9 visible_p95_ms=615.3 stabilize_p50_ms=1597.3 stabilize_p95_ms=2492.8 avg_revisions=1.90 matched=51 refined=51 snapshots=19
      algorithmic latency: first_correct_ms=7.3 visible_p50_ms=356.8 visible_p95_ms=594.0 stabilize_p50_ms=1138.3 stabilize_p95_ms=2015.1
      final display note metrics: precision=0.935 recall=0.841 f1=0.885 matched=58/69 pred=62
      final display strict onset f1: 10ms=0.580 20ms=0.840 30ms=0.870
      final display timing: offset_f1=0.763 rhythm_precision=0.862 note_value_acc=0.328 note_value_n=58 avg_beat_error=0.225
      final display structure: cluster_f1=0.566 onset_align_recall=0.843 avg_jaccard=0.802 exact=28/51 pred=48 over=5 under=8 pitch_conflicts=2 missed_gt=8
      threshold profiles: hit_rate=0.400 thresholds=[0.71, 0.75] profiles={'baseline_nominal': 6, 'soft_sparse_recall': 4}
    delta treatment-control: precision=+0.000 recall=+0.000 f1=+0.000 offset_f1=+0.000 note_value_acc=+0.000 dup_per_100=+0.00 boundary_miss_rate=+0.000 p95_chunk_ms=-1.12 f1_10ms=+0.000 f1_20ms=+0.000 f1_30ms=+0.000 visible_p50_ms=-0.6 stabilize_p50_ms=-3.2 algo_visible_p50_ms=+0.0 algo_stabilize_p50_ms=+0.0 avg_revisions=+0.00 display_note_f1=+0.000 display_offset_f1=+0.000 display_cluster_f1=+0.000 display_cluster_jaccard=+0.000
    failure buckets: ['boundary_miss_failure', 'high_revision_slow_stabilization']
      boundary diagnostics: missed=3 by_arm={'control': 3, 'treatment': 3} tags={'control_boundary_miss': 3, 'no_control_coarse_candidate': 3}
        miss: pitch=70 onset=0.513s boundary_delta_ms=-87.0 control_coarse=False treatment_coarse=False retro=n/a
        miss: pitch=69 onset=0.611s boundary_delta_ms=+10.7 control_coarse=False treatment_coarse=False retro=n/a
        miss: pitch=74 onset=3.555s boundary_delta_ms=-45.3 control_coarse=False treatment_coarse=False retro=n/a
[TIMING] EnhancedMel.transcribe: audio_to_gpu=0.5ms, features=0.6ms, model=11.2ms, decode=1.3ms | TOTAL=13.6ms for 600ms audio (RTF=0.02x)
[TIMING] stream_chunk[experiment-b142c56f82c0438eb5eca9d23011eeaa](live_neural): decode=0.2ms, inference=15.8ms, second_pass=0.0ms, contention=0.0ms, TOTAL=16.0ms | audio=600ms, RTF=0.03x | model=enhanced_mel, neural_total=15.2ms, model_inference=11.2ms
[TIMING] EnhancedMel.transcribe: audio_to_gpu=0.1ms, features=1.5ms, model=10.8ms, decode=2.5ms | TOTAL=14.8ms for 1200ms audio (RTF=0.01x)
[TIMING] stream_chunk[experiment-b142c56f82c0438eb5eca9d23011eeaa](live_neural): decode=0.1ms, inference=16.6ms, second_pass=0.0ms, contention=0.0ms, TOTAL=16.8ms | audio=600ms, RTF=0.03x | model=enhanced_mel, neural_total=16.2ms, model_inference=10.8ms
[TIMING] EnhancedMel.transcribe: audio_to_gpu=0.3ms, features=0.5ms, model=10.8ms, decode=3.4ms | TOTAL=15.0ms for 1800ms audio (RTF=0.01x)
[TIMING] stream_chunk[experiment-b142c56f82c0438eb5eca9d23011eeaa](live_neural): decode=0.1ms, inference=17.0ms, second_pass=0.0ms, contention=0.0ms, TOTAL=17.2ms | audio=600ms, RTF=0.03x | model=enhanced_mel, neural_total=16.6ms, model_inference=10.8ms
[TIMING] EnhancedMel.transcribe: audio_to_gpu=0.2ms, features=1.7ms, model=11.3ms, decode=4.5ms | TOTAL=17.8ms for 2400ms audio (RTF=0.01x)
[TIMING] stream_chunk[experiment-b142c56f82c0438eb5eca9d23011eeaa](live_neural): decode=0.1ms, inference=19.9ms, second_pass=0.0ms, contention=0.0ms, TOTAL=20.2ms | audio=600ms, RTF=0.03x | model=enhanced_mel, neural_total=19.5ms, model_inference=11.3ms
[TIMING] EnhancedMel.transcribe: audio_to_gpu=0.3ms, features=3.9ms, model=11.9ms, decode=5.7ms | TOTAL=21.8ms for 3000ms audio (RTF=0.01x)
[TIMING] stream_chunk[experiment-b142c56f82c0438eb5eca9d23011eeaa](live_neural): decode=0.1ms, inference=25.3ms, second_pass=0.0ms, contention=0.0ms, TOTAL=25.7ms | audio=600ms, RTF=0.04x | model=enhanced_mel, neural_total=24.9ms, model_inference=11.9ms
[TIMING] EnhancedMel.transcribe: audio_to_gpu=0.2ms, features=0.8ms, model=12.3ms, decode=7.3ms | TOTAL=20.6ms for 3000ms audio (RTF=0.01x)
[TIMING] stream_chunk[experiment-b142c56f82c0438eb5eca9d23011eeaa](live_neural): decode=0.1ms, inference=23.1ms, second_pass=0.0ms, contention=0.0ms, TOTAL=23.4ms | audio=600ms, RTF=0.04x | model=enhanced_mel, neural_total=22.6ms, model_inference=12.3ms
[TIMING] EnhancedMel.transcribe: audio_to_gpu=0.3ms, features=1.8ms, model=12.0ms, decode=5.6ms | TOTAL=19.6ms for 3000ms audio (RTF=0.01x)
[TIMING] stream_chunk[experiment-b142c56f82c0438eb5eca9d23011eeaa](live_neural): decode=0.1ms, inference=23.2ms, second_pass=0.0ms, contention=0.0ms, TOTAL=23.5ms | audio=600ms, RTF=0.04x | model=enhanced_mel, neural_total=22.6ms, model_inference=12.0ms
[TIMING] EnhancedMel.transcribe: audio_to_gpu=0.2ms, features=2.6ms, model=17.7ms, decode=5.4ms | TOTAL=25.9ms for 3000ms audio (RTF=0.01x)
[TIMING] stream_chunk[experiment-b142c56f82c0438eb5eca9d23011eeaa](live_neural): decode=0.1ms, inference=28.2ms, second_pass=0.0ms, contention=0.0ms, TOTAL=28.5ms | audio=600ms, RTF=0.05x | model=enhanced_mel, neural_total=27.9ms, model_inference=17.7ms
[TIMING] EnhancedMel.transcribe: audio_to_gpu=0.4ms, features=0.8ms, model=13.3ms, decode=5.3ms | TOTAL=19.8ms for 3000ms audio (RTF=0.01x)
[TIMING] stream_chunk[experiment-b142c56f82c0438eb5eca9d23011eeaa](live_neural): decode=0.1ms, inference=22.3ms, second_pass=0.0ms, contention=0.0ms, TOTAL=22.5ms | audio=600ms, RTF=0.04x | model=enhanced_mel, neural_total=21.8ms, model_inference=13.3ms
[TIMING] EnhancedMel.transcribe: audio_to_gpu=0.3ms, features=3.4ms, model=12.1ms, decode=5.4ms | TOTAL=21.3ms for 3000ms audio (RTF=0.01x)
[TIMING] stream_chunk[experiment-b142c56f82c0438eb5eca9d23011eeaa](live_neural): decode=0.2ms, inference=23.9ms, second_pass=0.0ms, contention=0.0ms, TOTAL=24.3ms | audio=600ms, RTF=0.04x | model=enhanced_mel, neural_total=23.5ms, model_inference=12.1ms
[TIMING] EnhancedMel.transcribe: audio_to_gpu=0.4ms, features=0.6ms, model=12.0ms, decode=1.4ms | TOTAL=14.4ms for 600ms audio (RTF=0.02x)
[TIMING] stream_chunk[experiment-1b0929f6780e4fd88e7076f71f1087bd](live_neural): decode=0.1ms, inference=16.6ms, second_pass=0.0ms, contention=0.0ms, TOTAL=16.8ms | audio=600ms, RTF=0.03x | model=enhanced_mel, neural_total=16.0ms, model_inference=12.0ms
[TIMING] EnhancedMel.transcribe: audio_to_gpu=0.1ms, features=0.4ms, model=11.8ms, decode=2.6ms | TOTAL=15.0ms for 1200ms audio (RTF=0.01x)
[TIMING] stream_chunk[experiment-1b0929f6780e4fd88e7076f71f1087bd](live_neural): decode=0.1ms, inference=16.9ms, second_pass=0.0ms, contention=0.0ms, TOTAL=17.2ms | audio=600ms, RTF=0.03x | model=enhanced_mel, neural_total=16.6ms, model_inference=11.8ms
[TIMING] EnhancedMel.transcribe: audio_to_gpu=0.3ms, features=0.5ms, model=10.9ms, decode=3.4ms | TOTAL=15.1ms for 1800ms audio (RTF=0.01x)
[TIMING] stream_chunk[experiment-1b0929f6780e4fd88e7076f71f1087bd](live_neural): decode=0.1ms, inference=17.1ms, second_pass=0.0ms, contention=0.0ms, TOTAL=17.3ms | audio=600ms, RTF=0.03x | model=enhanced_mel, neural_total=16.7ms, model_inference=10.9ms
[TIMING] EnhancedMel.transcribe: audio_to_gpu=0.2ms, features=0.4ms, model=11.7ms, decode=4.5ms | TOTAL=16.8ms for 2400ms audio (RTF=0.01x)
[TIMING] stream_chunk[experiment-1b0929f6780e4fd88e7076f71f1087bd](live_neural): decode=0.1ms, inference=19.0ms, second_pass=0.0ms, contention=0.0ms, TOTAL=19.2ms | audio=600ms, RTF=0.03x | model=enhanced_mel, neural_total=18.6ms, model_inference=11.7ms
[TIMING] EnhancedMel.transcribe: audio_to_gpu=0.4ms, features=0.4ms, model=11.8ms, decode=5.6ms | TOTAL=18.2ms for 3000ms audio (RTF=0.01x)
[TIMING] stream_chunk[experiment-1b0929f6780e4fd88e7076f71f1087bd](live_neural): decode=0.1ms, inference=21.6ms, second_pass=0.0ms, contention=0.0ms, TOTAL=22.0ms | audio=600ms, RTF=0.04x | model=enhanced_mel, neural_total=21.2ms, model_inference=11.8ms
[TIMING] EnhancedMel.transcribe: audio_to_gpu=0.2ms, features=0.6ms, model=14.3ms, decode=6.1ms | TOTAL=21.2ms for 3000ms audio (RTF=0.01x)
[TIMING] stream_chunk[experiment-1b0929f6780e4fd88e7076f71f1087bd](live_neural): decode=0.1ms, inference=23.7ms, second_pass=0.0ms, contention=0.0ms, TOTAL=23.9ms | audio=600ms, RTF=0.04x | model=enhanced_mel, neural_total=23.3ms, model_inference=14.3ms
[TIMING] EnhancedMel.transcribe: audio_to_gpu=0.3ms, features=0.6ms, model=13.7ms, decode=5.4ms | TOTAL=20.0ms for 3000ms audio (RTF=0.01x)
[TIMING] stream_chunk[experiment-1b0929f6780e4fd88e7076f71f1087bd](live_neural): decode=0.1ms, inference=22.4ms, second_pass=0.0ms, contention=0.0ms, TOTAL=22.7ms | audio=600ms, RTF=0.04x | model=enhanced_mel, neural_total=22.0ms, model_inference=13.7ms
[TIMING] EnhancedMel.transcribe: audio_to_gpu=0.3ms, features=0.5ms, model=12.1ms, decode=5.3ms | TOTAL=18.1ms for 3000ms audio (RTF=0.01x)
[TIMING] stream_chunk[experiment-1b0929f6780e4fd88e7076f71f1087bd](live_neural): decode=0.2ms, inference=21.2ms, second_pass=0.0ms, contention=0.0ms, TOTAL=21.6ms | audio=600ms, RTF=0.04x | model=enhanced_mel, neural_total=20.8ms, model_inference=12.1ms
[TIMING] EnhancedMel.transcribe: audio_to_gpu=0.3ms, features=0.6ms, model=14.8ms, decode=6.2ms | TOTAL=22.0ms for 3000ms audio (RTF=0.01x)
[TIMING] stream_chunk[experiment-1b0929f6780e4fd88e7076f71f1087bd](live_neural): decode=0.1ms, inference=24.8ms, second_pass=0.0ms, contention=0.0ms, TOTAL=25.1ms | audio=600ms, RTF=0.04x | model=enhanced_mel, neural_total=24.3ms, model_inference=14.8ms
[TIMING] EnhancedMel.transcribe: audio_to_gpu=0.4ms, features=0.6ms, model=14.8ms, decode=5.7ms | TOTAL=21.5ms for 3000ms audio (RTF=0.01x)
[TIMING] stream_chunk[experiment-1b0929f6780e4fd88e7076f71f1087bd](live_neural): decode=0.1ms, inference=23.8ms, second_pass=0.0ms, contention=0.0ms, TOTAL=24.1ms | audio=600ms, RTF=0.04x | model=enhanced_mel, neural_total=23.5ms, model_inference=14.8ms

[CLIP_046] Sonata in D Major, K. 118
  excerpt: start=9.00s end=15.00s duration=6.00s gt_notes=86 rms=0.0403 peak=0.2391 crest=5.927 rms_std=0.0103
    control:
      note metrics: precision=0.944 recall=0.988 f1=0.966 matched=85/86 pred=90
      strict onset f1: 10ms=0.875 20ms=0.966 30ms=0.966
      timing metrics: offset_f1=0.932 rhythm_precision=0.965 note_value_acc=0.435 note_value_n=85 avg_beat_error=0.068
      duplicate metrics: duplicates=3 per_100_notes=3.33
      boundary metrics: gt=29 matched=29 missed=0 miss_rate=0.000
      latency: avg_chunk_ms=21.81 p95_chunk_ms=27.24 avg_rtf=0.036
      notation metrics: first_correct_ms=3.5 visible_p50_ms=313.4 visible_p95_ms=586.3 stabilize_p50_ms=1352.4 stabilize_p95_ms=2068.3 avg_revisions=1.54 matched=63 refined=63 snapshots=20
      algorithmic latency: first_correct_ms=0.0 visible_p50_ms=290.9 visible_p95_ms=566.5 stabilize_p50_ms=1100.8 stabilize_p95_ms=1808.6
      final display note metrics: precision=0.976 recall=0.965 f1=0.971 matched=83/86 pred=85
      final display strict onset f1: 10ms=0.854 20ms=0.959 30ms=0.959
      final display timing: offset_f1=0.936 rhythm_precision=0.964 note_value_acc=0.241 note_value_n=83 avg_beat_error=0.104
      final display structure: cluster_f1=0.945 onset_align_recall=0.984 avg_jaccard=0.974 exact=60/64 pred=63 over=1 under=1 pitch_conflicts=1 missed_gt=1
      threshold profiles: hit_rate=0.000 thresholds=[0.75] profiles={'fixed_baseline': 10}
    treatment:
      note metrics: precision=0.944 recall=0.988 f1=0.966 matched=85/86 pred=90
      strict onset f1: 10ms=0.875 20ms=0.966 30ms=0.966
      timing metrics: offset_f1=0.932 rhythm_precision=0.965 note_value_acc=0.435 note_value_n=85 avg_beat_error=0.068
      duplicate metrics: duplicates=3 per_100_notes=3.33
      boundary metrics: gt=29 matched=29 missed=0 miss_rate=0.000
      latency: avg_chunk_ms=21.01 p95_chunk_ms=24.66 avg_rtf=0.035
      notation metrics: first_correct_ms=0.0 visible_p50_ms=309.8 visible_p95_ms=585.5 stabilize_p50_ms=1352.5 stabilize_p95_ms=2071.0 avg_revisions=1.54 matched=63 refined=63 snapshots=20
      algorithmic latency: first_correct_ms=0.0 visible_p50_ms=290.9 visible_p95_ms=566.5 stabilize_p50_ms=1100.8 stabilize_p95_ms=1808.6
      final display note metrics: precision=0.976 recall=0.965 f1=0.971 matched=83/86 pred=85
      final display strict onset f1: 10ms=0.854 20ms=0.959 30ms=0.959
      final display timing: offset_f1=0.936 rhythm_precision=0.964 note_value_acc=0.241 note_value_n=83 avg_beat_error=0.104
      final display structure: cluster_f1=0.945 onset_align_recall=0.984 avg_jaccard=0.974 exact=60/64 pred=63 over=1 under=1 pitch_conflicts=1 missed_gt=1
      threshold profiles: hit_rate=0.000 thresholds=[0.75] profiles={'baseline_nominal': 10}
    delta treatment-control: precision=+0.000 recall=+0.000 f1=+0.000 offset_f1=+0.000 note_value_acc=+0.000 dup_per_100=+0.00 boundary_miss_rate=+0.000 p95_chunk_ms=-2.59 f1_10ms=+0.000 f1_20ms=+0.000 f1_30ms=+0.000 visible_p50_ms=-3.7 stabilize_p50_ms=+0.1 algo_visible_p50_ms=+0.0 algo_stabilize_p50_ms=+0.0 avg_revisions=+0.00 display_note_f1=+0.000 display_offset_f1=+0.000 display_cluster_f1=+0.000 display_cluster_jaccard=+0.000
    failure buckets: ['runtime_only_win', 'high_revision_slow_stabilization', 'note_value_offset_failure']
[TIMING] EnhancedMel.transcribe: audio_to_gpu=0.5ms, features=0.8ms, model=11.4ms, decode=1.3ms | TOTAL=14.0ms for 600ms audio (RTF=0.02x)
[TIMING] stream_chunk[experiment-7759ec84d1e7495dbe3955fabd61b174](live_neural): decode=0.2ms, inference=15.7ms, second_pass=0.0ms, contention=0.0ms, TOTAL=15.9ms | audio=600ms, RTF=0.03x | model=enhanced_mel, neural_total=15.2ms, model_inference=11.4ms
[TIMING] EnhancedMel.transcribe: audio_to_gpu=0.1ms, features=1.0ms, model=10.6ms, decode=2.2ms | TOTAL=13.9ms for 1200ms audio (RTF=0.01x)
[TIMING] stream_chunk[experiment-7759ec84d1e7495dbe3955fabd61b174](live_neural): decode=0.1ms, inference=15.5ms, second_pass=0.0ms, contention=0.0ms, TOTAL=15.7ms | audio=600ms, RTF=0.03x | model=enhanced_mel, neural_total=15.2ms, model_inference=10.6ms
[TIMING] EnhancedMel.transcribe: audio_to_gpu=0.2ms, features=3.9ms, model=11.4ms, decode=3.5ms | TOTAL=18.9ms for 1800ms audio (RTF=0.01x)
[TIMING] stream_chunk[experiment-7759ec84d1e7495dbe3955fabd61b174](live_neural): decode=0.1ms, inference=20.8ms, second_pass=0.0ms, contention=0.0ms, TOTAL=21.0ms | audio=600ms, RTF=0.03x | model=enhanced_mel, neural_total=20.4ms, model_inference=11.4ms
[TIMING] EnhancedMel.transcribe: audio_to_gpu=0.2ms, features=0.5ms, model=15.1ms, decode=4.4ms | TOTAL=20.2ms for 2400ms audio (RTF=0.01x)
[TIMING] stream_chunk[experiment-7759ec84d1e7495dbe3955fabd61b174](live_neural): decode=0.1ms, inference=22.4ms, second_pass=0.0ms, contention=0.0ms, TOTAL=22.7ms | audio=600ms, RTF=0.04x | model=enhanced_mel, neural_total=22.1ms, model_inference=15.1ms
[TIMING] EnhancedMel.transcribe: audio_to_gpu=0.3ms, features=0.8ms, model=22.0ms, decode=5.4ms | TOTAL=28.5ms for 3000ms audio (RTF=0.01x)
[TIMING] stream_chunk[experiment-7759ec84d1e7495dbe3955fabd61b174](live_neural): decode=0.3ms, inference=31.0ms, second_pass=0.0ms, contention=0.0ms, TOTAL=31.5ms | audio=600ms, RTF=0.05x | model=enhanced_mel, neural_total=30.6ms, model_inference=22.0ms
[TIMING] EnhancedMel.transcribe: audio_to_gpu=0.3ms, features=0.6ms, model=18.0ms, decode=5.7ms | TOTAL=24.6ms for 3000ms audio (RTF=0.01x)
[TIMING] stream_chunk[experiment-7759ec84d1e7495dbe3955fabd61b174](live_neural): decode=0.1ms, inference=27.1ms, second_pass=0.0ms, contention=0.0ms, TOTAL=27.4ms | audio=600ms, RTF=0.05x | model=enhanced_mel, neural_total=26.6ms, model_inference=18.0ms
[TIMING] EnhancedMel.transcribe: audio_to_gpu=0.3ms, features=0.7ms, model=21.5ms, decode=5.2ms | TOTAL=27.7ms for 3000ms audio (RTF=0.01x)
[TIMING] stream_chunk[experiment-7759ec84d1e7495dbe3955fabd61b174](live_neural): decode=0.1ms, inference=30.1ms, second_pass=0.0ms, contention=0.0ms, TOTAL=30.4ms | audio=600ms, RTF=0.05x | model=enhanced_mel, neural_total=29.7ms, model_inference=21.5ms
[TIMING] EnhancedMel.transcribe: audio_to_gpu=0.4ms, features=0.7ms, model=21.3ms, decode=6.1ms | TOTAL=28.5ms for 3000ms audio (RTF=0.01x)
[TIMING] stream_chunk[experiment-7759ec84d1e7495dbe3955fabd61b174](live_neural): decode=0.1ms, inference=31.0ms, second_pass=0.0ms, contention=0.0ms, TOTAL=31.4ms | audio=600ms, RTF=0.05x | model=enhanced_mel, neural_total=30.5ms, model_inference=21.3ms
[TIMING] EnhancedMel.transcribe: audio_to_gpu=0.3ms, features=0.6ms, model=13.6ms, decode=6.3ms | TOTAL=20.7ms for 3000ms audio (RTF=0.01x)
[TIMING] stream_chunk[experiment-7759ec84d1e7495dbe3955fabd61b174](live_neural): decode=0.2ms, inference=23.4ms, second_pass=0.0ms, contention=0.0ms, TOTAL=23.7ms | audio=600ms, RTF=0.04x | model=enhanced_mel, neural_total=22.9ms, model_inference=13.6ms
[TIMING] EnhancedMel.transcribe: audio_to_gpu=0.3ms, features=0.7ms, model=15.9ms, decode=7.1ms | TOTAL=24.0ms for 3000ms audio (RTF=0.01x)
[TIMING] stream_chunk[experiment-7759ec84d1e7495dbe3955fabd61b174](live_neural): decode=0.2ms, inference=26.5ms, second_pass=0.0ms, contention=0.0ms, TOTAL=26.8ms | audio=600ms, RTF=0.04x | model=enhanced_mel, neural_total=26.1ms, model_inference=15.9ms
[TIMING] EnhancedMel.transcribe: audio_to_gpu=0.4ms, features=0.5ms, model=10.8ms, decode=1.4ms | TOTAL=13.2ms for 600ms audio (RTF=0.02x)
[TIMING] stream_chunk[experiment-6b1792d4ae174387b41fa85a204d7011](live_neural): decode=0.2ms, inference=14.8ms, second_pass=0.0ms, contention=0.0ms, TOTAL=15.0ms | audio=600ms, RTF=0.03x | model=enhanced_mel, neural_total=14.5ms, model_inference=10.8ms
[TIMING] EnhancedMel.transcribe: audio_to_gpu=0.3ms, features=5.5ms, model=15.0ms, decode=2.3ms | TOTAL=23.0ms for 1200ms audio (RTF=0.02x)
[TIMING] stream_chunk[experiment-6b1792d4ae174387b41fa85a204d7011](live_neural): decode=0.1ms, inference=25.7ms, second_pass=0.0ms, contention=0.0ms, TOTAL=25.9ms | audio=600ms, RTF=0.04x | model=enhanced_mel, neural_total=25.4ms, model_inference=15.0ms
[TIMING] EnhancedMel.transcribe: audio_to_gpu=0.2ms, features=0.5ms, model=14.1ms, decode=3.1ms | TOTAL=17.9ms for 1800ms audio (RTF=0.01x)
[TIMING] stream_chunk[experiment-6b1792d4ae174387b41fa85a204d7011](live_neural): decode=0.1ms, inference=19.8ms, second_pass=0.0ms, contention=0.0ms, TOTAL=20.0ms | audio=600ms, RTF=0.03x | model=enhanced_mel, neural_total=19.5ms, model_inference=14.1ms
[TIMING] EnhancedMel.transcribe: audio_to_gpu=0.3ms, features=0.4ms, model=11.3ms, decode=4.4ms | TOTAL=16.4ms for 2400ms audio (RTF=0.01x)
[TIMING] stream_chunk[experiment-6b1792d4ae174387b41fa85a204d7011](live_neural): decode=0.1ms, inference=18.8ms, second_pass=0.0ms, contention=0.0ms, TOTAL=19.1ms | audio=600ms, RTF=0.03x | model=enhanced_mel, neural_total=18.5ms, model_inference=11.3ms
[TIMING] EnhancedMel.transcribe: audio_to_gpu=0.3ms, features=0.6ms, model=14.2ms, decode=5.1ms | TOTAL=20.1ms for 3000ms audio (RTF=0.01x)
[TIMING] stream_chunk[experiment-6b1792d4ae174387b41fa85a204d7011](live_neural): decode=0.1ms, inference=23.4ms, second_pass=0.0ms, contention=0.0ms, TOTAL=23.7ms | audio=600ms, RTF=0.04x | model=enhanced_mel, neural_total=23.0ms, model_inference=14.2ms
[TIMING] EnhancedMel.transcribe: audio_to_gpu=0.2ms, features=0.5ms, model=12.0ms, decode=5.1ms | TOTAL=17.9ms for 3000ms audio (RTF=0.01x)
[TIMING] stream_chunk[experiment-6b1792d4ae174387b41fa85a204d7011](live_neural): decode=0.1ms, inference=20.3ms, second_pass=0.0ms, contention=0.0ms, TOTAL=20.6ms | audio=600ms, RTF=0.03x | model=enhanced_mel, neural_total=20.0ms, model_inference=12.0ms
[TIMING] EnhancedMel.transcribe: audio_to_gpu=0.8ms, features=0.7ms, model=12.6ms, decode=5.3ms | TOTAL=19.3ms for 3000ms audio (RTF=0.01x)
[TIMING] stream_chunk[experiment-6b1792d4ae174387b41fa85a204d7011](live_neural): decode=0.1ms, inference=21.6ms, second_pass=0.0ms, contention=0.0ms, TOTAL=21.8ms | audio=600ms, RTF=0.04x | model=enhanced_mel, neural_total=21.2ms, model_inference=12.6ms
[TIMING] EnhancedMel.transcribe: audio_to_gpu=0.3ms, features=0.6ms, model=13.0ms, decode=5.3ms | TOTAL=19.2ms for 3000ms audio (RTF=0.01x)
[TIMING] stream_chunk[experiment-6b1792d4ae174387b41fa85a204d7011](live_neural): decode=0.1ms, inference=21.4ms, second_pass=0.0ms, contention=0.0ms, TOTAL=21.7ms | audio=600ms, RTF=0.04x | model=enhanced_mel, neural_total=21.1ms, model_inference=13.0ms
[TIMING] EnhancedMel.transcribe: audio_to_gpu=0.3ms, features=0.6ms, model=12.7ms, decode=6.1ms | TOTAL=19.7ms for 3000ms audio (RTF=0.01x)
[TIMING] stream_chunk[experiment-6b1792d4ae174387b41fa85a204d7011](live_neural): decode=0.1ms, inference=22.0ms, second_pass=0.0ms, contention=0.0ms, TOTAL=22.3ms | audio=600ms, RTF=0.04x | model=enhanced_mel, neural_total=21.6ms, model_inference=12.7ms
[TIMING] EnhancedMel.transcribe: audio_to_gpu=0.5ms, features=0.5ms, model=17.6ms, decode=5.3ms | TOTAL=23.9ms for 3000ms audio (RTF=0.01x)
[TIMING] stream_chunk[experiment-6b1792d4ae174387b41fa85a204d7011](live_neural): decode=0.1ms, inference=26.1ms, second_pass=0.0ms, contention=0.0ms, TOTAL=26.4ms | audio=600ms, RTF=0.04x | model=enhanced_mel, neural_total=25.8ms, model_inference=17.6ms

[CLIP_047] Etude Op. 42, Nos. 4 & 5
  excerpt: start=57.00s end=63.00s duration=6.00s gt_notes=51 rms=0.0933 peak=0.5488 crest=5.883 rms_std=0.0336
    control:
      note metrics: precision=0.875 recall=0.961 f1=0.916 matched=49/51 pred=56
      strict onset f1: 10ms=0.785 20ms=0.897 30ms=0.897
      timing metrics: offset_f1=0.374 rhythm_precision=0.408 note_value_acc=0.122 note_value_n=49 avg_beat_error=0.388
      duplicate metrics: duplicates=1 per_100_notes=1.79
      boundary metrics: gt=13 matched=13 missed=0 miss_rate=0.000
      latency: avg_chunk_ms=24.66 p95_chunk_ms=31.44 avg_rtf=0.041
      notation metrics: first_correct_ms=40.3 visible_p50_ms=362.8 visible_p95_ms=623.3 stabilize_p50_ms=1738.2 stabilize_p95_ms=2265.1 avg_revisions=2.14 matched=42 refined=42 snapshots=21
      algorithmic latency: first_correct_ms=9.9 visible_p50_ms=343.6 visible_p95_ms=596.6 stabilize_p50_ms=1067.8 stabilize_p95_ms=1737.9
      final display note metrics: precision=0.891 recall=0.961 f1=0.925 matched=49/51 pred=55
      final display strict onset f1: 10ms=0.792 20ms=0.906 30ms=0.906
      final display timing: offset_f1=0.377 rhythm_precision=0.408 note_value_acc=0.041 note_value_n=49 avg_beat_error=0.414
      final display structure: cluster_f1=0.759 onset_align_recall=0.947 avg_jaccard=0.921 exact=30/38 pred=41 over=4 under=2 pitch_conflicts=0 missed_gt=2
      threshold profiles: hit_rate=0.000 thresholds=[0.75] profiles={'fixed_baseline': 10}
    treatment:
      note metrics: precision=0.875 recall=0.961 f1=0.916 matched=49/51 pred=56
      strict onset f1: 10ms=0.785 20ms=0.897 30ms=0.897
      timing metrics: offset_f1=0.374 rhythm_precision=0.408 note_value_acc=0.122 note_value_n=49 avg_beat_error=0.388
      duplicate metrics: duplicates=1 per_100_notes=1.79
      boundary metrics: gt=13 matched=13 missed=0 miss_rate=0.000
      latency: avg_chunk_ms=21.66 p95_chunk_ms=26.18 avg_rtf=0.036
      notation metrics: first_correct_ms=31.7 visible_p50_ms=366.1 visible_p95_ms=616.6 stabilize_p50_ms=1734.7 stabilize_p95_ms=2264.4 avg_revisions=2.14 matched=42 refined=42 snapshots=21
      algorithmic latency: first_correct_ms=9.9 visible_p50_ms=343.6 visible_p95_ms=596.6 stabilize_p50_ms=1067.8 stabilize_p95_ms=1737.9
      final display note metrics: precision=0.891 recall=0.961 f1=0.925 matched=49/51 pred=55
      final display strict onset f1: 10ms=0.792 20ms=0.906 30ms=0.906
      final display timing: offset_f1=0.377 rhythm_precision=0.408 note_value_acc=0.041 note_value_n=49 avg_beat_error=0.414
      final display structure: cluster_f1=0.759 onset_align_recall=0.947 avg_jaccard=0.921 exact=30/38 pred=41 over=4 under=2 pitch_conflicts=0 missed_gt=2
      threshold profiles: hit_rate=0.000 thresholds=[0.75] profiles={'baseline_nominal': 10}
    delta treatment-control: precision=+0.000 recall=+0.000 f1=+0.000 offset_f1=+0.000 note_value_acc=+0.000 dup_per_100=+0.00 boundary_miss_rate=+0.000 p95_chunk_ms=-5.25 f1_10ms=+0.000 f1_20ms=+0.000 f1_30ms=+0.000 visible_p50_ms=+3.3 stabilize_p50_ms=-3.5 algo_visible_p50_ms=+0.0 algo_stabilize_p50_ms=+0.0 avg_revisions=+0.00 display_note_f1=+0.000 display_offset_f1=+0.000 display_cluster_f1=+0.000 display_cluster_jaccard=+0.000
    failure buckets: ['runtime_only_win', 'high_revision_slow_stabilization', 'note_value_offset_failure']
[TIMING] EnhancedMel.transcribe: audio_to_gpu=0.5ms, features=0.8ms, model=17.4ms, decode=1.3ms | TOTAL=20.0ms for 600ms audio (RTF=0.03x)
[TIMING] stream_chunk[experiment-fceffe0308d44716bc67d536efa70c75](live_neural): decode=0.2ms, inference=21.7ms, second_pass=0.0ms, contention=0.0ms, TOTAL=22.0ms | audio=600ms, RTF=0.04x | model=enhanced_mel, neural_total=21.2ms, model_inference=17.4ms
[TIMING] EnhancedMel.transcribe: audio_to_gpu=0.2ms, features=0.4ms, model=12.9ms, decode=2.3ms | TOTAL=15.8ms for 1200ms audio (RTF=0.01x)
[TIMING] stream_chunk[experiment-fceffe0308d44716bc67d536efa70c75](live_neural): decode=0.1ms, inference=17.7ms, second_pass=0.0ms, contention=0.0ms, TOTAL=17.9ms | audio=600ms, RTF=0.03x | model=enhanced_mel, neural_total=17.3ms, model_inference=12.9ms
[TIMING] EnhancedMel.transcribe: audio_to_gpu=0.2ms, features=0.5ms, model=10.5ms, decode=3.3ms | TOTAL=14.6ms for 1800ms audio (RTF=0.01x)
[TIMING] stream_chunk[experiment-fceffe0308d44716bc67d536efa70c75](live_neural): decode=0.1ms, inference=17.4ms, second_pass=0.0ms, contention=0.0ms, TOTAL=17.6ms | audio=600ms, RTF=0.03x | model=enhanced_mel, neural_total=17.0ms, model_inference=10.5ms
[TIMING] EnhancedMel.transcribe: audio_to_gpu=0.2ms, features=0.5ms, model=14.3ms, decode=4.4ms | TOTAL=19.3ms for 2400ms audio (RTF=0.01x)
[TIMING] stream_chunk[experiment-fceffe0308d44716bc67d536efa70c75](live_neural): decode=0.1ms, inference=21.5ms, second_pass=0.0ms, contention=0.0ms, TOTAL=21.8ms | audio=600ms, RTF=0.04x | model=enhanced_mel, neural_total=21.2ms, model_inference=14.3ms
[TIMING] EnhancedMel.transcribe: audio_to_gpu=0.4ms, features=0.6ms, model=18.2ms, decode=5.3ms | TOTAL=24.5ms for 3000ms audio (RTF=0.01x)
[TIMING] stream_chunk[experiment-fceffe0308d44716bc67d536efa70c75](live_neural): decode=0.1ms, inference=26.8ms, second_pass=0.0ms, contention=0.0ms, TOTAL=27.1ms | audio=600ms, RTF=0.05x | model=enhanced_mel, neural_total=26.4ms, model_inference=18.2ms
[TIMING] EnhancedMel.transcribe: audio_to_gpu=0.4ms, features=0.7ms, model=12.3ms, decode=5.5ms | TOTAL=18.9ms for 3000ms audio (RTF=0.01x)
[TIMING] stream_chunk[experiment-fceffe0308d44716bc67d536efa70c75](live_neural): decode=0.1ms, inference=21.2ms, second_pass=0.0ms, contention=0.0ms, TOTAL=21.5ms | audio=600ms, RTF=0.04x | model=enhanced_mel, neural_total=20.8ms, model_inference=12.3ms
[TIMING] EnhancedMel.transcribe: audio_to_gpu=0.4ms, features=0.6ms, model=16.1ms, decode=5.4ms | TOTAL=22.6ms for 3000ms audio (RTF=0.01x)
[TIMING] stream_chunk[experiment-fceffe0308d44716bc67d536efa70c75](live_neural): decode=0.1ms, inference=24.9ms, second_pass=0.0ms, contention=0.0ms, TOTAL=25.2ms | audio=600ms, RTF=0.04x | model=enhanced_mel, neural_total=24.6ms, model_inference=16.1ms
[TIMING] EnhancedMel.transcribe: audio_to_gpu=0.5ms, features=0.7ms, model=22.2ms, decode=5.4ms | TOTAL=28.8ms for 3000ms audio (RTF=0.01x)
[TIMING] stream_chunk[experiment-fceffe0308d44716bc67d536efa70c75](live_neural): decode=0.1ms, inference=31.1ms, second_pass=0.0ms, contention=0.0ms, TOTAL=31.4ms | audio=600ms, RTF=0.05x | model=enhanced_mel, neural_total=30.7ms, model_inference=22.2ms
[TIMING] EnhancedMel.transcribe: audio_to_gpu=0.2ms, features=0.9ms, model=18.2ms, decode=5.3ms | TOTAL=24.6ms for 3000ms audio (RTF=0.01x)
[TIMING] stream_chunk[experiment-fceffe0308d44716bc67d536efa70c75](live_neural): decode=0.1ms, inference=27.0ms, second_pass=0.0ms, contention=0.0ms, TOTAL=27.3ms | audio=600ms, RTF=0.05x | model=enhanced_mel, neural_total=26.6ms, model_inference=18.2ms
[TIMING] EnhancedMel.transcribe: audio_to_gpu=0.2ms, features=0.5ms, model=12.0ms, decode=5.3ms | TOTAL=18.0ms for 3000ms audio (RTF=0.01x)
[TIMING] stream_chunk[experiment-fceffe0308d44716bc67d536efa70c75](live_neural): decode=0.1ms, inference=21.9ms, second_pass=0.0ms, contention=0.0ms, TOTAL=22.2ms | audio=600ms, RTF=0.04x | model=enhanced_mel, neural_total=21.2ms, model_inference=12.0ms
[TIMING] EnhancedMel.transcribe: audio_to_gpu=0.6ms, features=0.7ms, model=14.8ms, decode=1.3ms | TOTAL=17.4ms for 600ms audio (RTF=0.03x)
[TIMING] stream_chunk[experiment-6536a76c70dd4f24bb167f31fc39dcfd](live_neural): decode=0.2ms, inference=19.1ms, second_pass=0.0ms, contention=0.0ms, TOTAL=19.3ms | audio=600ms, RTF=0.03x | model=enhanced_mel, neural_total=18.6ms, model_inference=14.8ms
[TIMING] EnhancedMel.transcribe: audio_to_gpu=0.2ms, features=0.4ms, model=14.1ms, decode=2.4ms | TOTAL=17.1ms for 1200ms audio (RTF=0.01x)
[TIMING] stream_chunk[experiment-6536a76c70dd4f24bb167f31fc39dcfd](live_neural): decode=0.1ms, inference=18.7ms, second_pass=0.0ms, contention=0.0ms, TOTAL=18.9ms | audio=600ms, RTF=0.03x | model=enhanced_mel, neural_total=18.4ms, model_inference=14.1ms
[TIMING] EnhancedMel.transcribe: audio_to_gpu=0.2ms, features=0.6ms, model=11.9ms, decode=3.4ms | TOTAL=16.1ms for 1800ms audio (RTF=0.01x)
[TIMING] stream_chunk[experiment-6536a76c70dd4f24bb167f31fc39dcfd](live_neural): decode=0.1ms, inference=18.0ms, second_pass=0.0ms, contention=0.0ms, TOTAL=18.2ms | audio=600ms, RTF=0.03x | model=enhanced_mel, neural_total=17.6ms, model_inference=11.9ms
[TIMING] EnhancedMel.transcribe: audio_to_gpu=0.4ms, features=0.6ms, model=16.7ms, decode=4.3ms | TOTAL=22.0ms for 2400ms audio (RTF=0.01x)
[TIMING] stream_chunk[experiment-6536a76c70dd4f24bb167f31fc39dcfd](live_neural): decode=0.1ms, inference=24.1ms, second_pass=0.0ms, contention=0.0ms, TOTAL=24.5ms | audio=600ms, RTF=0.04x | model=enhanced_mel, neural_total=23.8ms, model_inference=16.7ms
[TIMING] EnhancedMel.transcribe: audio_to_gpu=0.4ms, features=0.7ms, model=16.4ms, decode=5.3ms | TOTAL=22.8ms for 3000ms audio (RTF=0.01x)
[TIMING] stream_chunk[experiment-6536a76c70dd4f24bb167f31fc39dcfd](live_neural): decode=0.1ms, inference=25.1ms, second_pass=0.0ms, contention=0.0ms, TOTAL=25.4ms | audio=600ms, RTF=0.04x | model=enhanced_mel, neural_total=24.7ms, model_inference=16.4ms
[TIMING] EnhancedMel.transcribe: audio_to_gpu=0.3ms, features=0.6ms, model=13.8ms, decode=5.4ms | TOTAL=20.1ms for 3000ms audio (RTF=0.01x)
[TIMING] stream_chunk[experiment-6536a76c70dd4f24bb167f31fc39dcfd](live_neural): decode=0.1ms, inference=22.4ms, second_pass=0.0ms, contention=0.0ms, TOTAL=22.8ms | audio=600ms, RTF=0.04x | model=enhanced_mel, neural_total=22.0ms, model_inference=13.8ms
[TIMING] EnhancedMel.transcribe: audio_to_gpu=0.3ms, features=0.6ms, model=16.0ms, decode=5.5ms | TOTAL=22.4ms for 3000ms audio (RTF=0.01x)
[TIMING] stream_chunk[experiment-6536a76c70dd4f24bb167f31fc39dcfd](live_neural): decode=0.1ms, inference=24.8ms, second_pass=0.0ms, contention=0.0ms, TOTAL=25.1ms | audio=600ms, RTF=0.04x | model=enhanced_mel, neural_total=24.3ms, model_inference=16.0ms
[TIMING] EnhancedMel.transcribe: audio_to_gpu=0.4ms, features=0.6ms, model=12.8ms, decode=6.3ms | TOTAL=20.1ms for 3000ms audio (RTF=0.01x)
[TIMING] stream_chunk[experiment-6536a76c70dd4f24bb167f31fc39dcfd](live_neural): decode=0.1ms, inference=22.6ms, second_pass=0.0ms, contention=0.0ms, TOTAL=22.9ms | audio=600ms, RTF=0.04x | model=enhanced_mel, neural_total=22.1ms, model_inference=12.8ms
[TIMING] EnhancedMel.transcribe: audio_to_gpu=1.0ms, features=0.7ms, model=12.1ms, decode=6.0ms | TOTAL=19.8ms for 3000ms audio (RTF=0.01x)
[TIMING] stream_chunk[experiment-6536a76c70dd4f24bb167f31fc39dcfd](live_neural): decode=0.1ms, inference=22.3ms, second_pass=0.0ms, contention=0.0ms, TOTAL=22.6ms | audio=600ms, RTF=0.04x | model=enhanced_mel, neural_total=21.8ms, model_inference=12.1ms
[TIMING] EnhancedMel.transcribe: audio_to_gpu=0.3ms, features=0.6ms, model=12.1ms, decode=6.5ms | TOTAL=19.5ms for 3000ms audio (RTF=0.01x)
[TIMING] stream_chunk[experiment-6536a76c70dd4f24bb167f31fc39dcfd](live_neural): decode=0.1ms, inference=22.1ms, second_pass=0.0ms, contention=0.0ms, TOTAL=22.4ms | audio=600ms, RTF=0.04x | model=enhanced_mel, neural_total=21.6ms, model_inference=12.1ms

[CLIP_048] Sonata, K239
  excerpt: start=39.00s end=45.00s duration=6.00s gt_notes=65 rms=0.1394 peak=0.6552 crest=4.699 rms_std=0.0445
    control:
      note metrics: precision=0.985 recall=1.000 f1=0.992 matched=65/65 pred=66
      strict onset f1: 10ms=0.794 20ms=0.962 30ms=0.992
      timing metrics: offset_f1=0.809 rhythm_precision=0.800 note_value_acc=0.215 note_value_n=65 avg_beat_error=0.145
      duplicate metrics: duplicates=1 per_100_notes=1.52
      boundary metrics: gt=19 matched=19 missed=0 miss_rate=0.000
      latency: avg_chunk_ms=23.38 p95_chunk_ms=29.50 avg_rtf=0.039
      notation metrics: first_correct_ms=39.7 visible_p50_ms=312.6 visible_p95_ms=600.2 stabilize_p50_ms=1098.0 stabilize_p95_ms=1911.0 avg_revisions=0.91 matched=46 refined=46 snapshots=21
      algorithmic latency: first_correct_ms=17.7 visible_p50_ms=283.3 visible_p95_ms=577.1 stabilize_p50_ms=676.0 stabilize_p95_ms=1484.4
      final display note metrics: precision=1.000 recall=1.000 f1=1.000 matched=65/65 pred=65
      final display strict onset f1: 10ms=0.800 20ms=0.969 30ms=1.000
      final display timing: offset_f1=0.800 rhythm_precision=0.800 note_value_acc=0.308 note_value_n=65 avg_beat_error=0.165
      final display structure: cluster_f1=1.000 onset_align_recall=1.000 avg_jaccard=1.000 exact=55/55 pred=55 over=0 under=0 pitch_conflicts=0 missed_gt=0
      threshold profiles: hit_rate=0.000 thresholds=[0.75] profiles={'fixed_baseline': 10}
    treatment:
      note metrics: precision=0.915 recall=1.000 f1=0.956 matched=65/65 pred=71
      strict onset f1: 10ms=0.765 20ms=0.926 30ms=0.956
      timing metrics: offset_f1=0.779 rhythm_precision=0.800 note_value_acc=0.215 note_value_n=65 avg_beat_error=0.145
      duplicate metrics: duplicates=2 per_100_notes=2.82
      boundary metrics: gt=19 matched=19 missed=0 miss_rate=0.000
      latency: avg_chunk_ms=22.20 p95_chunk_ms=25.25 avg_rtf=0.037
      notation metrics: first_correct_ms=37.0 visible_p50_ms=308.3 visible_p95_ms=602.8 stabilize_p50_ms=1397.0 stabilize_p95_ms=2085.7 avg_revisions=1.16 matched=45 refined=45 snapshots=21
      algorithmic latency: first_correct_ms=17.7 visible_p50_ms=285.4 visible_p95_ms=578.1 stabilize_p50_ms=974.0 stabilize_p95_ms=1661.7
      final display note metrics: precision=0.956 recall=1.000 f1=0.977 matched=65/65 pred=68
      final display strict onset f1: 10ms=0.767 20ms=0.947 30ms=0.977
      final display timing: offset_f1=0.767 rhythm_precision=0.785 note_value_acc=0.292 note_value_n=65 avg_beat_error=0.185
      final display structure: cluster_f1=0.955 onset_align_recall=1.000 avg_jaccard=0.982 exact=53/55 pred=56 over=2 under=0 pitch_conflicts=0 missed_gt=0
      threshold profiles: hit_rate=1.000 thresholds=[0.46] profiles={'loud_dense_precision': 10}
    delta treatment-control: precision=-0.069 recall=+0.000 f1=-0.036 offset_f1=-0.030 note_value_acc=+0.000 dup_per_100=+1.30 boundary_miss_rate=+0.000 p95_chunk_ms=-4.26 f1_10ms=-0.029 f1_20ms=-0.035 f1_30ms=-0.036 visible_p50_ms=-4.2 stabilize_p50_ms=+299.1 algo_visible_p50_ms=+2.1 algo_stabilize_p50_ms=+297.9 avg_revisions=+0.24 display_note_f1=-0.023 display_offset_f1=-0.033 display_cluster_f1=-0.045 display_cluster_jaccard=-0.018
    failure buckets: ['high_revision_slow_stabilization', 'note_value_offset_failure']
    paired_stats treatment-control:
      display_cluster_f1: ref=0.7038 cand=0.6980 diff=-0.0058 95%CI=[-0.0168, +0.0084] p=0.4453 signs=3/17/28 best=clip_007 +0.2500 worst=clip_014 -0.1053
      display_note_f1: ref=0.9239 cand=0.9177 diff=-0.0061 95%CI=[-0.0115, -0.0012] p=0.0210 signs=6/18/24 best=clip_012 +0.0461 worst=clip_004 -0.0765
      display_offset_f1: ref=0.7457 cand=0.7414 diff=-0.0043 95%CI=[-0.0087, -0.0006] p=0.0312 signs=6/17/25 best=clip_012 +0.0298 worst=clip_004 -0.0749

Failure buckets:
  runtime_only_win: 12 clips -> clip_001, clip_013, clip_016, clip_018, clip_021, clip_027, clip_028, clip_034, clip_040, clip_041, clip_046, clip_047
  boundary_miss_failure: 33 clips -> clip_001, clip_002, clip_004, clip_006, clip_008, clip_010, clip_012, clip_015, clip_016, clip_017, clip_018, clip_019, clip_020, clip_021, clip_022, clip_023, clip_024, clip_025, clip_026, clip_027, clip_028, clip_029, clip_030, clip_031, clip_032, clip_033, clip_034, clip_035, clip_037, clip_040, clip_041, clip_044, clip_045
  high_revision_slow_stabilization: 46 clips -> clip_001, clip_002, clip_003, clip_005, clip_006, clip_008, clip_009, clip_010, clip_011, clip_012, clip_013, clip_014, clip_015, clip_016, clip_017, clip_018, clip_019, clip_020, clip_021, clip_022, clip_023, clip_024, clip_025, clip_026, clip_027, clip_028, clip_029, clip_030, clip_031, clip_032, clip_033, clip_034, clip_035, clip_036, clip_037, clip_038, clip_039, clip_040, clip_041, clip_042, clip_043, clip_044, clip_045, clip_046, clip_047, clip_048
  note_value_offset_failure: 26 clips -> clip_001, clip_002, clip_003, clip_004, clip_005, clip_007, clip_009, clip_011, clip_013, clip_014, clip_025, clip_026, clip_029, clip_030, clip_033, clip_035, clip_037, clip_038, clip_039, clip_040, clip_041, clip_043, clip_044, clip_046, clip_047, clip_048

Boundary failure tags:
  control_boundary_miss: 121
  no_control_coarse_candidate: 119
  treatment_recovers_boundary_note: 5
  control_timing_or_quantization_drift: 2
  treatment_candidate_not_retained: 2

Saved full results to C:\Users\ToniH\Documents\GitHub\LiveScore\backend\live_benchmark_replay_auto_v2_results_20260602_enhancedmel_on075_v08_fh0.json
