C:\Users\ToniH\Documents\GitHub\LiveScore\backend\env\Lib\site-packages\pretty_midi\instrument.py:11: UserWarning: pkg_resources is deprecated as an API. See https://setuptools.pypa.io/en/latest/pkg_resources.html. The pkg_resources package is slated for removal as early as 2025-11-30. Refrain from using this package or pin to Setuptools<81.
  import pkg_resources
[GPU] Using NVIDIA GeForce RTX 5070 Ti Laptop GPU
[GPU] VRAM: 12.8 GB
Warming live neural path...
[GPU EnhancedMel] Loaded from C:\Users\ToniH\Documents\GitHub\LiveScore\backend\rhythm_training\enhanced_mel_transcription.pt (43,225,009 params)
[TIMING] EnhancedMel.transcribe: audio_to_gpu=0.1ms, features=105.7ms, model=164.4ms, decode=1.1ms | TOTAL=271.3ms for 600ms audio (RTF=0.45x)
[TIMING] stream_chunk[experiment-44be51fdc4d94e2ca65384284d4577ac](live_neural): decode=0.3ms, inference=1247.6ms, second_pass=0.0ms, contention=0.0ms, TOTAL=1248.0ms | audio=600ms, RTF=2.08x | model=enhanced_mel, neural_total=1241.3ms, model_inference=164.4ms
[TIMING] EnhancedMel.transcribe: audio_to_gpu=0.3ms, features=1.1ms, model=23.1ms, decode=1.2ms | TOTAL=25.8ms for 600ms audio (RTF=0.04x)
[TIMING] stream_chunk[experiment-0da9e50c88d7474cbdf352ef435b2d3a](live_neural): decode=0.2ms, inference=28.5ms, second_pass=0.0ms, contention=0.0ms, TOTAL=28.7ms | audio=600ms, RTF=0.05x | model=enhanced_mel, neural_total=27.8ms, model_inference=23.1ms
[TIMING] EnhancedMel.transcribe: audio_to_gpu=0.1ms, features=1.2ms, model=16.2ms, decode=2.2ms | TOTAL=19.8ms for 1200ms audio (RTF=0.02x)
[TIMING] stream_chunk[experiment-0da9e50c88d7474cbdf352ef435b2d3a](live_neural): decode=0.2ms, inference=21.6ms, second_pass=0.0ms, contention=0.0ms, TOTAL=22.0ms | audio=600ms, RTF=0.04x | model=enhanced_mel, neural_total=21.2ms, model_inference=16.2ms
[TIMING] EnhancedMel.transcribe: audio_to_gpu=0.2ms, features=2.5ms, model=16.4ms, decode=3.3ms | TOTAL=22.3ms for 1800ms audio (RTF=0.01x)
[TIMING] stream_chunk[experiment-0da9e50c88d7474cbdf352ef435b2d3a](live_neural): decode=0.2ms, inference=24.3ms, second_pass=0.0ms, contention=0.0ms, TOTAL=24.7ms | audio=600ms, RTF=0.04x | model=enhanced_mel, neural_total=24.0ms, model_inference=16.4ms
[TIMING] EnhancedMel.transcribe: audio_to_gpu=0.1ms, features=1.6ms, model=19.2ms, decode=4.2ms | TOTAL=25.2ms for 2400ms audio (RTF=0.01x)
[TIMING] stream_chunk[experiment-0da9e50c88d7474cbdf352ef435b2d3a](live_neural): decode=0.1ms, inference=28.6ms, second_pass=0.0ms, contention=0.0ms, TOTAL=28.8ms | audio=600ms, RTF=0.05x | model=enhanced_mel, neural_total=28.2ms, model_inference=19.2ms
[TIMING] EnhancedMel.transcribe: audio_to_gpu=0.1ms, features=1.6ms, model=16.6ms, decode=5.0ms | TOTAL=23.4ms for 3000ms audio (RTF=0.01x)
[TIMING] stream_chunk[experiment-0da9e50c88d7474cbdf352ef435b2d3a](live_neural): decode=0.1ms, inference=25.8ms, second_pass=0.0ms, contention=0.0ms, TOTAL=26.1ms | audio=600ms, RTF=0.04x | model=enhanced_mel, neural_total=25.3ms, model_inference=16.6ms
[TIMING] EnhancedMel.transcribe: audio_to_gpu=0.2ms, features=0.4ms, model=12.3ms, decode=5.0ms | TOTAL=17.9ms for 3000ms audio (RTF=0.01x)
[TIMING] stream_chunk[experiment-0da9e50c88d7474cbdf352ef435b2d3a](live_neural): decode=0.1ms, inference=21.9ms, second_pass=0.0ms, contention=0.0ms, TOTAL=22.1ms | audio=600ms, RTF=0.04x | model=enhanced_mel, neural_total=21.0ms, model_inference=12.3ms
[TIMING] EnhancedMel.transcribe: audio_to_gpu=0.5ms, features=0.4ms, model=12.8ms, decode=4.9ms | TOTAL=18.6ms for 3000ms audio (RTF=0.01x)
[TIMING] stream_chunk[experiment-0da9e50c88d7474cbdf352ef435b2d3a](live_neural): decode=0.1ms, inference=20.8ms, second_pass=0.0ms, contention=0.0ms, TOTAL=21.1ms | audio=600ms, RTF=0.04x | model=enhanced_mel, neural_total=20.4ms, model_inference=12.8ms
[TIMING] EnhancedMel.transcribe: audio_to_gpu=0.2ms, features=0.4ms, model=12.4ms, decode=4.9ms | TOTAL=17.9ms for 3000ms audio (RTF=0.01x)
[TIMING] stream_chunk[experiment-0da9e50c88d7474cbdf352ef435b2d3a](live_neural): decode=0.2ms, inference=20.1ms, second_pass=0.0ms, contention=0.0ms, TOTAL=20.4ms | audio=600ms, RTF=0.03x | model=enhanced_mel, neural_total=19.7ms, model_inference=12.4ms
[TIMING] EnhancedMel.transcribe: audio_to_gpu=0.2ms, features=0.4ms, model=12.0ms, decode=4.9ms | TOTAL=17.5ms for 3000ms audio (RTF=0.01x)
[TIMING] stream_chunk[experiment-0da9e50c88d7474cbdf352ef435b2d3a](live_neural): decode=0.2ms, inference=20.8ms, second_pass=0.0ms, contention=0.0ms, TOTAL=21.1ms | audio=600ms, RTF=0.04x | model=enhanced_mel, neural_total=20.4ms, model_inference=12.0ms
[TIMING] EnhancedMel.transcribe: audio_to_gpu=0.4ms, features=0.6ms, model=20.6ms, decode=4.8ms | TOTAL=26.3ms for 3000ms audio (RTF=0.01x)
[TIMING] stream_chunk[experiment-0da9e50c88d7474cbdf352ef435b2d3a](live_neural): decode=0.1ms, inference=28.5ms, second_pass=0.0ms, contention=0.0ms, TOTAL=28.7ms | audio=600ms, RTF=0.05x | model=enhanced_mel, neural_total=28.0ms, model_inference=20.6ms
[TIMING] EnhancedMel.transcribe: audio_to_gpu=0.3ms, features=0.6ms, model=10.3ms, decode=1.2ms | TOTAL=12.4ms for 600ms audio (RTF=0.02x)
[TIMING] stream_chunk[experiment-c5f64a3c428b4cd085bab9949aae6090](live_neural): decode=0.1ms, inference=13.9ms, second_pass=0.0ms, contention=0.0ms, TOTAL=14.0ms | audio=600ms, RTF=0.02x | model=enhanced_mel, neural_total=13.5ms, model_inference=10.3ms
[TIMING] EnhancedMel.transcribe: audio_to_gpu=0.1ms, features=0.3ms, model=9.9ms, decode=2.2ms | TOTAL=12.6ms for 1200ms audio (RTF=0.01x)
[TIMING] stream_chunk[experiment-c5f64a3c428b4cd085bab9949aae6090](live_neural): decode=0.1ms, inference=15.0ms, second_pass=0.0ms, contention=0.0ms, TOTAL=15.1ms | audio=600ms, RTF=0.03x | model=enhanced_mel, neural_total=14.3ms, model_inference=9.9ms
[TIMING] EnhancedMel.transcribe: audio_to_gpu=0.1ms, features=0.4ms, model=11.3ms, decode=3.1ms | TOTAL=14.9ms for 1800ms audio (RTF=0.01x)
[TIMING] stream_chunk[experiment-c5f64a3c428b4cd085bab9949aae6090](live_neural): decode=0.1ms, inference=16.9ms, second_pass=0.0ms, contention=0.0ms, TOTAL=17.0ms | audio=600ms, RTF=0.03x | model=enhanced_mel, neural_total=16.6ms, model_inference=11.3ms
[TIMING] EnhancedMel.transcribe: audio_to_gpu=0.1ms, features=0.4ms, model=12.2ms, decode=4.0ms | TOTAL=16.7ms for 2400ms audio (RTF=0.01x)
[TIMING] stream_chunk[experiment-c5f64a3c428b4cd085bab9949aae6090](live_neural): decode=0.1ms, inference=19.3ms, second_pass=0.0ms, contention=0.0ms, TOTAL=19.5ms | audio=600ms, RTF=0.03x | model=enhanced_mel, neural_total=18.8ms, model_inference=12.2ms
[TIMING] EnhancedMel.transcribe: audio_to_gpu=0.2ms, features=0.5ms, model=12.1ms, decode=4.9ms | TOTAL=17.8ms for 3000ms audio (RTF=0.01x)
[TIMING] stream_chunk[experiment-c5f64a3c428b4cd085bab9949aae6090](live_neural): decode=0.1ms, inference=21.1ms, second_pass=0.0ms, contention=0.0ms, TOTAL=21.4ms | audio=600ms, RTF=0.04x | model=enhanced_mel, neural_total=20.8ms, model_inference=12.1ms
[TIMING] EnhancedMel.transcribe: audio_to_gpu=0.2ms, features=0.4ms, model=12.1ms, decode=5.1ms | TOTAL=17.8ms for 3000ms audio (RTF=0.01x)
[TIMING] stream_chunk[experiment-c5f64a3c428b4cd085bab9949aae6090](live_neural): decode=0.1ms, inference=20.0ms, second_pass=0.0ms, contention=0.0ms, TOTAL=20.2ms | audio=600ms, RTF=0.03x | model=enhanced_mel, neural_total=19.6ms, model_inference=12.1ms
[TIMING] EnhancedMel.transcribe: audio_to_gpu=0.1ms, features=0.3ms, model=14.2ms, decode=5.0ms | TOTAL=19.6ms for 3000ms audio (RTF=0.01x)
[TIMING] stream_chunk[experiment-c5f64a3c428b4cd085bab9949aae6090](live_neural): decode=0.1ms, inference=22.0ms, second_pass=0.0ms, contention=0.0ms, TOTAL=22.2ms | audio=600ms, RTF=0.04x | model=enhanced_mel, neural_total=21.6ms, model_inference=14.2ms
[TIMING] EnhancedMel.transcribe: audio_to_gpu=0.2ms, features=0.5ms, model=12.0ms, decode=4.8ms | TOTAL=17.5ms for 3000ms audio (RTF=0.01x)
[TIMING] stream_chunk[experiment-c5f64a3c428b4cd085bab9949aae6090](live_neural): decode=0.1ms, inference=20.4ms, second_pass=0.0ms, contention=0.0ms, TOTAL=20.7ms | audio=600ms, RTF=0.03x | model=enhanced_mel, neural_total=20.1ms, model_inference=12.0ms
[TIMING] EnhancedMel.transcribe: audio_to_gpu=0.2ms, features=0.6ms, model=14.4ms, decode=4.8ms | TOTAL=19.9ms for 3000ms audio (RTF=0.01x)
[TIMING] stream_chunk[experiment-c5f64a3c428b4cd085bab9949aae6090](live_neural): decode=0.1ms, inference=21.9ms, second_pass=0.0ms, contention=0.0ms, TOTAL=22.1ms | audio=600ms, RTF=0.04x | model=enhanced_mel, neural_total=21.6ms, model_inference=14.4ms
[TIMING] EnhancedMel.transcribe: audio_to_gpu=0.2ms, features=0.6ms, model=19.7ms, decode=4.9ms | TOTAL=25.5ms for 3000ms audio (RTF=0.01x)
[TIMING] stream_chunk[experiment-c5f64a3c428b4cd085bab9949aae6090](live_neural): decode=0.1ms, inference=30.0ms, second_pass=0.0ms, contention=0.0ms, TOTAL=30.3ms | audio=600ms, RTF=0.05x | model=enhanced_mel, neural_total=29.6ms, model_inference=19.7ms

[CLIP_001] Sonata in D Minor, K. 9
  excerpt: start=42.00s end=48.00s duration=6.00s gt_notes=26 rms=0.0058 peak=0.0376 crest=6.423 rms_std=0.0029
    control:
      note metrics: precision=1.000 recall=0.923 f1=0.960 matched=24/26 pred=24
      strict onset f1: 10ms=0.880 20ms=0.960 30ms=0.960
      timing metrics: offset_f1=0.640 rhythm_precision=0.667 note_value_acc=0.250 note_value_n=24 avg_beat_error=0.505
      duplicate metrics: duplicates=0 per_100_notes=0.00
      boundary metrics: gt=8 matched=7 missed=1 miss_rate=0.125
      latency: avg_chunk_ms=24.37 p95_chunk_ms=28.79 avg_rtf=0.041
      notation metrics: first_correct_ms=55.2 visible_p50_ms=283.0 visible_p95_ms=561.8 stabilize_p50_ms=1644.8 stabilize_p95_ms=4062.1 avg_revisions=1.58 matched=24 refined=24 snapshots=17
      algorithmic latency: first_correct_ms=34.1 visible_p50_ms=256.4 visible_p95_ms=537.5 stabilize_p50_ms=1192.1 stabilize_p95_ms=3576.4
      final display note metrics: precision=1.000 recall=0.885 f1=0.939 matched=23/26 pred=23
      final display strict onset f1: 10ms=0.857 20ms=0.939 30ms=0.939
      final display timing: offset_f1=0.612 rhythm_precision=0.652 note_value_acc=0.174 note_value_n=23 avg_beat_error=0.756
      final display structure: cluster_f1=0.895 onset_align_recall=0.900 avg_jaccard=0.986 exact=17/20 pred=18 over=0 under=1 pitch_conflicts=0 missed_gt=2
      threshold profiles: hit_rate=0.000 thresholds=[0.7] profiles={'fixed_baseline': 10}
    treatment:
      note metrics: precision=0.960 recall=0.923 f1=0.941 matched=24/26 pred=25
      strict onset f1: 10ms=0.863 20ms=0.941 30ms=0.941
      timing metrics: offset_f1=0.627 rhythm_precision=0.667 note_value_acc=0.250 note_value_n=24 avg_beat_error=0.505
      duplicate metrics: duplicates=0 per_100_notes=0.00
      boundary metrics: gt=8 matched=7 missed=1 miss_rate=0.125
      latency: avg_chunk_ms=20.27 p95_chunk_ms=26.64 avg_rtf=0.034
      notation metrics: first_correct_ms=56.3 visible_p50_ms=273.7 visible_p95_ms=554.3 stabilize_p50_ms=1641.2 stabilize_p95_ms=4062.7 avg_revisions=1.58 matched=24 refined=24 snapshots=17
      algorithmic latency: first_correct_ms=34.1 visible_p50_ms=256.4 visible_p95_ms=537.5 stabilize_p50_ms=1192.1 stabilize_p95_ms=3576.4
      final display note metrics: precision=0.958 recall=0.885 f1=0.920 matched=23/26 pred=24
      final display strict onset f1: 10ms=0.840 20ms=0.920 30ms=0.920
      final display timing: offset_f1=0.600 rhythm_precision=0.652 note_value_acc=0.174 note_value_n=23 avg_beat_error=0.755
      final display structure: cluster_f1=0.872 onset_align_recall=0.900 avg_jaccard=0.986 exact=17/20 pred=19 over=0 under=1 pitch_conflicts=0 missed_gt=2
      threshold profiles: hit_rate=1.000 thresholds=[0.66] profiles={'soft_sparse_recall': 10}
    delta treatment-control: precision=-0.040 recall=+0.000 f1=-0.019 offset_f1=-0.013 note_value_acc=+0.000 dup_per_100=+0.00 boundary_miss_rate=+0.000 p95_chunk_ms=-2.15 f1_10ms=-0.017 f1_20ms=-0.019 f1_30ms=-0.019 visible_p50_ms=-9.3 stabilize_p50_ms=-3.5 algo_visible_p50_ms=+0.0 algo_stabilize_p50_ms=+0.0 avg_revisions=+0.00 display_note_f1=-0.019 display_offset_f1=-0.012 display_cluster_f1=-0.023 display_cluster_jaccard=+0.000
    failure buckets: ['boundary_miss_failure', 'high_revision_slow_stabilization', 'note_value_offset_failure']
      boundary diagnostics: missed=1 by_arm={'control': 1, 'treatment': 1} tags={'control_boundary_miss': 1, 'no_control_coarse_candidate': 1}
        miss: pitch=53 onset=1.719s boundary_delta_ms=-81.3 control_coarse=False treatment_coarse=False retro=n/a
[TIMING] EnhancedMel.transcribe: audio_to_gpu=0.4ms, features=0.7ms, model=11.4ms, decode=1.4ms | TOTAL=13.9ms for 600ms audio (RTF=0.02x)
[TIMING] stream_chunk[experiment-ca0a1fc529c34a4b9c65bcfd67c400ab](live_neural): decode=0.2ms, inference=16.6ms, second_pass=0.0ms, contention=0.0ms, TOTAL=16.9ms | audio=600ms, RTF=0.03x | model=enhanced_mel, neural_total=16.1ms, model_inference=11.4ms
[TIMING] EnhancedMel.transcribe: audio_to_gpu=0.1ms, features=0.3ms, model=10.8ms, decode=2.5ms | TOTAL=13.7ms for 1200ms audio (RTF=0.01x)
[TIMING] stream_chunk[experiment-ca0a1fc529c34a4b9c65bcfd67c400ab](live_neural): decode=0.2ms, inference=15.6ms, second_pass=0.0ms, contention=0.0ms, TOTAL=15.9ms | audio=600ms, RTF=0.03x | model=enhanced_mel, neural_total=15.3ms, model_inference=10.8ms
[TIMING] EnhancedMel.transcribe: audio_to_gpu=0.2ms, features=0.6ms, model=11.1ms, decode=4.6ms | TOTAL=16.6ms for 1800ms audio (RTF=0.01x)
[TIMING] stream_chunk[experiment-ca0a1fc529c34a4b9c65bcfd67c400ab](live_neural): decode=0.1ms, inference=19.6ms, second_pass=0.0ms, contention=0.0ms, TOTAL=19.8ms | audio=600ms, RTF=0.03x | model=enhanced_mel, neural_total=19.2ms, model_inference=11.1ms
[TIMING] EnhancedMel.transcribe: audio_to_gpu=0.2ms, features=0.4ms, model=12.5ms, decode=4.6ms | TOTAL=17.7ms for 2400ms audio (RTF=0.01x)
[TIMING] stream_chunk[experiment-ca0a1fc529c34a4b9c65bcfd67c400ab](live_neural): decode=0.1ms, inference=20.0ms, second_pass=0.0ms, contention=0.0ms, TOTAL=20.3ms | audio=600ms, RTF=0.03x | model=enhanced_mel, neural_total=19.6ms, model_inference=12.5ms
[TIMING] EnhancedMel.transcribe: audio_to_gpu=0.4ms, features=0.7ms, model=17.6ms, decode=5.4ms | TOTAL=24.1ms for 3000ms audio (RTF=0.01x)
[TIMING] stream_chunk[experiment-ca0a1fc529c34a4b9c65bcfd67c400ab](live_neural): decode=0.1ms, inference=26.6ms, second_pass=0.0ms, contention=0.0ms, TOTAL=27.0ms | audio=600ms, RTF=0.04x | model=enhanced_mel, neural_total=26.3ms, model_inference=17.6ms
[TIMING] EnhancedMel.transcribe: audio_to_gpu=0.3ms, features=0.5ms, model=12.1ms, decode=5.4ms | TOTAL=18.3ms for 3000ms audio (RTF=0.01x)
[TIMING] stream_chunk[experiment-ca0a1fc529c34a4b9c65bcfd67c400ab](live_neural): decode=0.1ms, inference=21.4ms, second_pass=0.0ms, contention=0.0ms, TOTAL=21.7ms | audio=600ms, RTF=0.04x | model=enhanced_mel, neural_total=21.0ms, model_inference=12.1ms
[TIMING] EnhancedMel.transcribe: audio_to_gpu=0.2ms, features=0.5ms, model=13.0ms, decode=6.7ms | TOTAL=20.4ms for 3000ms audio (RTF=0.01x)
[TIMING] stream_chunk[experiment-ca0a1fc529c34a4b9c65bcfd67c400ab](live_neural): decode=0.1ms, inference=22.6ms, second_pass=0.0ms, contention=0.0ms, TOTAL=22.9ms | audio=600ms, RTF=0.04x | model=enhanced_mel, neural_total=22.3ms, model_inference=13.0ms
[TIMING] EnhancedMel.transcribe: audio_to_gpu=0.2ms, features=0.5ms, model=12.4ms, decode=5.4ms | TOTAL=18.5ms for 3000ms audio (RTF=0.01x)
[TIMING] stream_chunk[experiment-ca0a1fc529c34a4b9c65bcfd67c400ab](live_neural): decode=0.1ms, inference=20.8ms, second_pass=0.0ms, contention=0.0ms, TOTAL=21.0ms | audio=600ms, RTF=0.04x | model=enhanced_mel, neural_total=20.4ms, model_inference=12.4ms
[TIMING] EnhancedMel.transcribe: audio_to_gpu=0.7ms, features=0.7ms, model=21.0ms, decode=5.5ms | TOTAL=27.9ms for 3000ms audio (RTF=0.01x)
[TIMING] stream_chunk[experiment-ca0a1fc529c34a4b9c65bcfd67c400ab](live_neural): decode=0.1ms, inference=30.4ms, second_pass=0.0ms, contention=0.0ms, TOTAL=30.7ms | audio=600ms, RTF=0.05x | model=enhanced_mel, neural_total=29.8ms, model_inference=20.9ms
[TIMING] EnhancedMel.transcribe: audio_to_gpu=0.4ms, features=0.8ms, model=15.2ms, decode=5.4ms | TOTAL=21.8ms for 3000ms audio (RTF=0.01x)
[TIMING] stream_chunk[experiment-ca0a1fc529c34a4b9c65bcfd67c400ab](live_neural): decode=0.1ms, inference=24.2ms, second_pass=0.0ms, contention=0.0ms, TOTAL=24.5ms | audio=600ms, RTF=0.04x | model=enhanced_mel, neural_total=23.8ms, model_inference=15.2ms
[TIMING] EnhancedMel.transcribe: audio_to_gpu=0.2ms, features=0.6ms, model=10.8ms, decode=1.4ms | TOTAL=13.0ms for 600ms audio (RTF=0.02x)
[TIMING] stream_chunk[experiment-506a10a76a05429eab12633f97b96f3f](live_neural): decode=0.2ms, inference=14.7ms, second_pass=0.0ms, contention=0.0ms, TOTAL=15.0ms | audio=600ms, RTF=0.02x | model=enhanced_mel, neural_total=14.2ms, model_inference=10.8ms
[TIMING] EnhancedMel.transcribe: audio_to_gpu=0.2ms, features=0.4ms, model=9.9ms, decode=2.6ms | TOTAL=13.1ms for 1200ms audio (RTF=0.01x)
[TIMING] stream_chunk[experiment-506a10a76a05429eab12633f97b96f3f](live_neural): decode=0.1ms, inference=15.1ms, second_pass=0.0ms, contention=0.0ms, TOTAL=15.3ms | audio=600ms, RTF=0.03x | model=enhanced_mel, neural_total=14.6ms, model_inference=9.9ms
[TIMING] EnhancedMel.transcribe: audio_to_gpu=0.3ms, features=0.6ms, model=12.2ms, decode=3.5ms | TOTAL=16.6ms for 1800ms audio (RTF=0.01x)
[TIMING] stream_chunk[experiment-506a10a76a05429eab12633f97b96f3f](live_neural): decode=0.1ms, inference=18.6ms, second_pass=0.0ms, contention=0.0ms, TOTAL=18.9ms | audio=600ms, RTF=0.03x | model=enhanced_mel, neural_total=18.3ms, model_inference=12.2ms
[TIMING] EnhancedMel.transcribe: audio_to_gpu=0.2ms, features=0.6ms, model=19.8ms, decode=5.2ms | TOTAL=25.7ms for 2400ms audio (RTF=0.01x)
[TIMING] stream_chunk[experiment-506a10a76a05429eab12633f97b96f3f](live_neural): decode=0.1ms, inference=27.9ms, second_pass=0.0ms, contention=0.0ms, TOTAL=28.2ms | audio=600ms, RTF=0.05x | model=enhanced_mel, neural_total=27.5ms, model_inference=19.8ms
[TIMING] EnhancedMel.transcribe: audio_to_gpu=0.3ms, features=0.5ms, model=12.0ms, decode=5.5ms | TOTAL=18.3ms for 3000ms audio (RTF=0.01x)
[TIMING] stream_chunk[experiment-506a10a76a05429eab12633f97b96f3f](live_neural): decode=0.1ms, inference=21.7ms, second_pass=0.0ms, contention=0.0ms, TOTAL=22.1ms | audio=600ms, RTF=0.04x | model=enhanced_mel, neural_total=21.4ms, model_inference=12.0ms
[TIMING] EnhancedMel.transcribe: audio_to_gpu=0.3ms, features=0.6ms, model=12.0ms, decode=5.5ms | TOTAL=18.4ms for 3000ms audio (RTF=0.01x)
[TIMING] stream_chunk[experiment-506a10a76a05429eab12633f97b96f3f](live_neural): decode=0.1ms, inference=20.7ms, second_pass=0.0ms, contention=0.0ms, TOTAL=21.0ms | audio=600ms, RTF=0.03x | model=enhanced_mel, neural_total=20.3ms, model_inference=12.0ms
[TIMING] EnhancedMel.transcribe: audio_to_gpu=0.2ms, features=0.5ms, model=11.9ms, decode=5.5ms | TOTAL=18.2ms for 3000ms audio (RTF=0.01x)
[TIMING] stream_chunk[experiment-506a10a76a05429eab12633f97b96f3f](live_neural): decode=0.1ms, inference=20.4ms, second_pass=0.0ms, contention=0.0ms, TOTAL=20.7ms | audio=600ms, RTF=0.03x | model=enhanced_mel, neural_total=20.1ms, model_inference=11.9ms
[TIMING] EnhancedMel.transcribe: audio_to_gpu=0.3ms, features=0.5ms, model=11.6ms, decode=5.4ms | TOTAL=17.8ms for 3000ms audio (RTF=0.01x)
[TIMING] stream_chunk[experiment-506a10a76a05429eab12633f97b96f3f](live_neural): decode=0.2ms, inference=21.0ms, second_pass=0.0ms, contention=0.0ms, TOTAL=21.3ms | audio=600ms, RTF=0.04x | model=enhanced_mel, neural_total=20.6ms, model_inference=11.6ms
[TIMING] EnhancedMel.transcribe: audio_to_gpu=0.3ms, features=0.5ms, model=11.9ms, decode=6.3ms | TOTAL=19.0ms for 3000ms audio (RTF=0.01x)
[TIMING] stream_chunk[experiment-506a10a76a05429eab12633f97b96f3f](live_neural): decode=0.1ms, inference=22.5ms, second_pass=0.0ms, contention=0.0ms, TOTAL=22.8ms | audio=600ms, RTF=0.04x | model=enhanced_mel, neural_total=22.1ms, model_inference=11.9ms
[TIMING] EnhancedMel.transcribe: audio_to_gpu=0.3ms, features=0.5ms, model=11.8ms, decode=5.9ms | TOTAL=18.4ms for 3000ms audio (RTF=0.01x)
[TIMING] stream_chunk[experiment-506a10a76a05429eab12633f97b96f3f](live_neural): decode=0.1ms, inference=22.7ms, second_pass=0.0ms, contention=0.0ms, TOTAL=23.1ms | audio=600ms, RTF=0.04x | model=enhanced_mel, neural_total=22.3ms, model_inference=11.8ms

[CLIP_002] Two Sonatas
  excerpt: start=21.00s end=27.00s duration=6.00s gt_notes=95 rms=0.1706 peak=0.8416 crest=4.933 rms_std=0.0350
    control:
      note metrics: precision=0.957 recall=0.937 f1=0.947 matched=89/95 pred=93
      strict onset f1: 10ms=0.883 20ms=0.947 30ms=0.947
      timing metrics: offset_f1=0.840 rhythm_precision=0.888 note_value_acc=0.315 note_value_n=89 avg_beat_error=0.124
      duplicate metrics: duplicates=2 per_100_notes=2.15
      boundary metrics: gt=30 matched=29 missed=1 miss_rate=0.033
      latency: avg_chunk_ms=22.06 p95_chunk_ms=29.01 avg_rtf=0.037
      notation metrics: first_correct_ms=44.0 visible_p50_ms=303.1 visible_p95_ms=608.9 stabilize_p50_ms=1255.8 stabilize_p95_ms=2001.0 avg_revisions=1.16 matched=51 refined=51 snapshots=21
      algorithmic latency: first_correct_ms=18.2 visible_p50_ms=278.6 visible_p95_ms=589.1 stabilize_p50_ms=684.1 stabilize_p95_ms=1490.0
      final display note metrics: precision=0.967 recall=0.926 f1=0.946 matched=88/95 pred=91
      final display strict onset f1: 10ms=0.882 20ms=0.946 30ms=0.946
      final display timing: offset_f1=0.839 rhythm_precision=0.886 note_value_acc=0.284 note_value_n=88 avg_beat_error=0.201
      final display structure: cluster_f1=0.846 onset_align_recall=1.000 avg_jaccard=0.928 exact=44/52 pred=52 over=2 under=5 pitch_conflicts=1 missed_gt=0
      threshold profiles: hit_rate=0.000 thresholds=[0.7] profiles={'fixed_baseline': 10}
    treatment:
      note metrics: precision=0.957 recall=0.937 f1=0.947 matched=89/95 pred=93
      strict onset f1: 10ms=0.883 20ms=0.947 30ms=0.947
      timing metrics: offset_f1=0.840 rhythm_precision=0.888 note_value_acc=0.315 note_value_n=89 avg_beat_error=0.124
      duplicate metrics: duplicates=2 per_100_notes=2.15
      boundary metrics: gt=30 matched=29 missed=1 miss_rate=0.033
      latency: avg_chunk_ms=20.82 p95_chunk_ms=25.90 avg_rtf=0.035
      notation metrics: first_correct_ms=40.3 visible_p50_ms=303.3 visible_p95_ms=607.6 stabilize_p50_ms=1251.1 stabilize_p95_ms=1998.0 avg_revisions=1.16 matched=51 refined=51 snapshots=21
      algorithmic latency: first_correct_ms=18.2 visible_p50_ms=278.6 visible_p95_ms=589.1 stabilize_p50_ms=684.1 stabilize_p95_ms=1490.0
      final display note metrics: precision=0.967 recall=0.926 f1=0.946 matched=88/95 pred=91
      final display strict onset f1: 10ms=0.882 20ms=0.946 30ms=0.946
      final display timing: offset_f1=0.839 rhythm_precision=0.886 note_value_acc=0.284 note_value_n=88 avg_beat_error=0.201
      final display structure: cluster_f1=0.846 onset_align_recall=1.000 avg_jaccard=0.928 exact=44/52 pred=52 over=2 under=5 pitch_conflicts=1 missed_gt=0
      threshold profiles: hit_rate=1.000 thresholds=[0.72] profiles={'loud_dense_precision': 10}
    delta treatment-control: precision=+0.000 recall=+0.000 f1=+0.000 offset_f1=+0.000 note_value_acc=+0.000 dup_per_100=+0.00 boundary_miss_rate=+0.000 p95_chunk_ms=-3.12 f1_10ms=+0.000 f1_20ms=+0.000 f1_30ms=+0.000 visible_p50_ms=+0.2 stabilize_p50_ms=-4.7 algo_visible_p50_ms=+0.0 algo_stabilize_p50_ms=+0.0 avg_revisions=+0.00 display_note_f1=+0.000 display_offset_f1=+0.000 display_cluster_f1=+0.000 display_cluster_jaccard=+0.000
    failure buckets: ['runtime_only_win', 'boundary_miss_failure', 'high_revision_slow_stabilization', 'note_value_offset_failure']
      boundary diagnostics: missed=1 by_arm={'control': 1, 'treatment': 1} tags={'control_boundary_miss': 1, 'no_control_coarse_candidate': 1}
        miss: pitch=34 onset=5.949s boundary_delta_ms=-50.8 control_coarse=False treatment_coarse=False retro=n/a
[TIMING] EnhancedMel.transcribe: audio_to_gpu=0.3ms, features=0.6ms, model=10.2ms, decode=1.3ms | TOTAL=12.4ms for 600ms audio (RTF=0.02x)
[TIMING] stream_chunk[experiment-a22c02d452fc4f40962655f660f2a2c7](live_neural): decode=0.2ms, inference=15.0ms, second_pass=0.0ms, contention=0.0ms, TOTAL=15.3ms | audio=600ms, RTF=0.03x | model=enhanced_mel, neural_total=14.5ms, model_inference=10.2ms
[TIMING] EnhancedMel.transcribe: audio_to_gpu=0.1ms, features=0.3ms, model=10.1ms, decode=2.2ms | TOTAL=12.7ms for 1200ms audio (RTF=0.01x)
[TIMING] stream_chunk[experiment-a22c02d452fc4f40962655f660f2a2c7](live_neural): decode=0.1ms, inference=14.4ms, second_pass=0.0ms, contention=0.0ms, TOTAL=14.6ms | audio=600ms, RTF=0.02x | model=enhanced_mel, neural_total=14.0ms, model_inference=10.1ms
[TIMING] EnhancedMel.transcribe: audio_to_gpu=0.1ms, features=0.3ms, model=12.7ms, decode=3.0ms | TOTAL=16.2ms for 1800ms audio (RTF=0.01x)
[TIMING] stream_chunk[experiment-a22c02d452fc4f40962655f660f2a2c7](live_neural): decode=0.2ms, inference=18.0ms, second_pass=0.0ms, contention=0.0ms, TOTAL=18.3ms | audio=600ms, RTF=0.03x | model=enhanced_mel, neural_total=17.6ms, model_inference=12.7ms
[TIMING] EnhancedMel.transcribe: audio_to_gpu=0.1ms, features=0.3ms, model=11.5ms, decode=4.0ms | TOTAL=16.0ms for 2400ms audio (RTF=0.01x)
[TIMING] stream_chunk[experiment-a22c02d452fc4f40962655f660f2a2c7](live_neural): decode=0.1ms, inference=18.1ms, second_pass=0.0ms, contention=0.0ms, TOTAL=18.3ms | audio=600ms, RTF=0.03x | model=enhanced_mel, neural_total=17.7ms, model_inference=11.5ms
[TIMING] EnhancedMel.transcribe: audio_to_gpu=0.3ms, features=0.7ms, model=18.7ms, decode=4.9ms | TOTAL=24.5ms for 3000ms audio (RTF=0.01x)
[TIMING] stream_chunk[experiment-a22c02d452fc4f40962655f660f2a2c7](live_neural): decode=0.1ms, inference=27.1ms, second_pass=0.0ms, contention=0.0ms, TOTAL=27.3ms | audio=600ms, RTF=0.05x | model=enhanced_mel, neural_total=26.7ms, model_inference=18.7ms
[TIMING] EnhancedMel.transcribe: audio_to_gpu=0.2ms, features=0.4ms, model=12.7ms, decode=4.8ms | TOTAL=18.1ms for 3000ms audio (RTF=0.01x)
[TIMING] stream_chunk[experiment-a22c02d452fc4f40962655f660f2a2c7](live_neural): decode=0.1ms, inference=21.4ms, second_pass=0.0ms, contention=0.0ms, TOTAL=21.6ms | audio=600ms, RTF=0.04x | model=enhanced_mel, neural_total=21.0ms, model_inference=12.7ms
[TIMING] EnhancedMel.transcribe: audio_to_gpu=0.3ms, features=0.6ms, model=17.6ms, decode=4.9ms | TOTAL=23.4ms for 3000ms audio (RTF=0.01x)
[TIMING] stream_chunk[experiment-a22c02d452fc4f40962655f660f2a2c7](live_neural): decode=0.1ms, inference=25.6ms, second_pass=0.0ms, contention=0.0ms, TOTAL=25.8ms | audio=600ms, RTF=0.04x | model=enhanced_mel, neural_total=25.2ms, model_inference=17.6ms
[TIMING] EnhancedMel.transcribe: audio_to_gpu=0.3ms, features=0.6ms, model=12.3ms, decode=5.9ms | TOTAL=19.2ms for 3000ms audio (RTF=0.01x)
[TIMING] stream_chunk[experiment-a22c02d452fc4f40962655f660f2a2c7](live_neural): decode=0.1ms, inference=22.0ms, second_pass=0.0ms, contention=0.0ms, TOTAL=22.2ms | audio=600ms, RTF=0.04x | model=enhanced_mel, neural_total=21.6ms, model_inference=12.3ms
[TIMING] EnhancedMel.transcribe: audio_to_gpu=0.3ms, features=0.7ms, model=14.2ms, decode=4.9ms | TOTAL=20.0ms for 3000ms audio (RTF=0.01x)
[TIMING] stream_chunk[experiment-a22c02d452fc4f40962655f660f2a2c7](live_neural): decode=0.1ms, inference=22.2ms, second_pass=0.0ms, contention=0.0ms, TOTAL=22.4ms | audio=600ms, RTF=0.04x | model=enhanced_mel, neural_total=21.9ms, model_inference=14.2ms
[TIMING] EnhancedMel.transcribe: audio_to_gpu=0.4ms, features=0.5ms, model=12.0ms, decode=5.0ms | TOTAL=18.0ms for 3000ms audio (RTF=0.01x)
[TIMING] stream_chunk[experiment-a22c02d452fc4f40962655f660f2a2c7](live_neural): decode=0.1ms, inference=20.1ms, second_pass=0.0ms, contention=0.0ms, TOTAL=20.3ms | audio=600ms, RTF=0.03x | model=enhanced_mel, neural_total=19.7ms, model_inference=12.0ms
[TIMING] EnhancedMel.transcribe: audio_to_gpu=0.1ms, features=0.5ms, model=11.4ms, decode=1.3ms | TOTAL=13.4ms for 600ms audio (RTF=0.02x)
[TIMING] stream_chunk[experiment-d3eaf1f4ac7b42b2b885808ebe0da83f](live_neural): decode=0.1ms, inference=15.7ms, second_pass=0.0ms, contention=0.0ms, TOTAL=15.9ms | audio=600ms, RTF=0.03x | model=enhanced_mel, neural_total=15.3ms, model_inference=11.4ms
[TIMING] EnhancedMel.transcribe: audio_to_gpu=0.1ms, features=0.3ms, model=10.4ms, decode=2.2ms | TOTAL=13.0ms for 1200ms audio (RTF=0.01x)
[TIMING] stream_chunk[experiment-d3eaf1f4ac7b42b2b885808ebe0da83f](live_neural): decode=0.1ms, inference=14.7ms, second_pass=0.0ms, contention=0.0ms, TOTAL=14.9ms | audio=600ms, RTF=0.02x | model=enhanced_mel, neural_total=14.2ms, model_inference=10.4ms
[TIMING] EnhancedMel.transcribe: audio_to_gpu=0.1ms, features=0.4ms, model=12.1ms, decode=3.0ms | TOTAL=15.6ms for 1800ms audio (RTF=0.01x)
[TIMING] stream_chunk[experiment-d3eaf1f4ac7b42b2b885808ebe0da83f](live_neural): decode=0.1ms, inference=17.5ms, second_pass=0.0ms, contention=0.0ms, TOTAL=17.7ms | audio=600ms, RTF=0.03x | model=enhanced_mel, neural_total=17.2ms, model_inference=12.1ms
[TIMING] EnhancedMel.transcribe: audio_to_gpu=0.2ms, features=0.4ms, model=11.2ms, decode=4.0ms | TOTAL=15.8ms for 2400ms audio (RTF=0.01x)
[TIMING] stream_chunk[experiment-d3eaf1f4ac7b42b2b885808ebe0da83f](live_neural): decode=0.1ms, inference=17.8ms, second_pass=0.0ms, contention=0.0ms, TOTAL=18.0ms | audio=600ms, RTF=0.03x | model=enhanced_mel, neural_total=17.4ms, model_inference=11.2ms
[TIMING] EnhancedMel.transcribe: audio_to_gpu=0.3ms, features=0.6ms, model=17.8ms, decode=4.9ms | TOTAL=23.6ms for 3000ms audio (RTF=0.01x)
[TIMING] stream_chunk[experiment-d3eaf1f4ac7b42b2b885808ebe0da83f](live_neural): decode=0.1ms, inference=25.8ms, second_pass=0.0ms, contention=0.0ms, TOTAL=26.0ms | audio=600ms, RTF=0.04x | model=enhanced_mel, neural_total=25.4ms, model_inference=17.8ms
[TIMING] EnhancedMel.transcribe: audio_to_gpu=0.2ms, features=0.5ms, model=11.8ms, decode=4.9ms | TOTAL=17.4ms for 3000ms audio (RTF=0.01x)
[TIMING] stream_chunk[experiment-d3eaf1f4ac7b42b2b885808ebe0da83f](live_neural): decode=0.1ms, inference=20.3ms, second_pass=0.0ms, contention=0.0ms, TOTAL=20.5ms | audio=600ms, RTF=0.03x | model=enhanced_mel, neural_total=19.9ms, model_inference=11.8ms
[TIMING] EnhancedMel.transcribe: audio_to_gpu=0.2ms, features=0.6ms, model=22.1ms, decode=5.2ms | TOTAL=28.2ms for 3000ms audio (RTF=0.01x)
[TIMING] stream_chunk[experiment-d3eaf1f4ac7b42b2b885808ebe0da83f](live_neural): decode=0.1ms, inference=30.4ms, second_pass=0.0ms, contention=0.0ms, TOTAL=30.6ms | audio=600ms, RTF=0.05x | model=enhanced_mel, neural_total=30.0ms, model_inference=22.1ms
[TIMING] EnhancedMel.transcribe: audio_to_gpu=0.2ms, features=0.6ms, model=15.7ms, decode=4.9ms | TOTAL=21.5ms for 3000ms audio (RTF=0.01x)
[TIMING] stream_chunk[experiment-d3eaf1f4ac7b42b2b885808ebe0da83f](live_neural): decode=0.2ms, inference=23.8ms, second_pass=0.0ms, contention=0.0ms, TOTAL=24.1ms | audio=600ms, RTF=0.04x | model=enhanced_mel, neural_total=23.5ms, model_inference=15.7ms
[TIMING] EnhancedMel.transcribe: audio_to_gpu=0.2ms, features=0.4ms, model=11.7ms, decode=4.8ms | TOTAL=17.1ms for 3000ms audio (RTF=0.01x)
[TIMING] stream_chunk[experiment-d3eaf1f4ac7b42b2b885808ebe0da83f](live_neural): decode=0.1ms, inference=19.5ms, second_pass=0.0ms, contention=0.0ms, TOTAL=19.7ms | audio=600ms, RTF=0.03x | model=enhanced_mel, neural_total=19.2ms, model_inference=11.7ms
[TIMING] EnhancedMel.transcribe: audio_to_gpu=0.2ms, features=0.4ms, model=11.9ms, decode=4.7ms | TOTAL=17.2ms for 3000ms audio (RTF=0.01x)
[TIMING] stream_chunk[experiment-d3eaf1f4ac7b42b2b885808ebe0da83f](live_neural): decode=0.1ms, inference=19.9ms, second_pass=0.0ms, contention=0.0ms, TOTAL=20.1ms | audio=600ms, RTF=0.03x | model=enhanced_mel, neural_total=19.5ms, model_inference=11.9ms

[CLIP_003] Sonata in D Minor, K. 213
  excerpt: start=9.00s end=15.00s duration=6.00s gt_notes=18 rms=0.0079 peak=0.0465 crest=5.877 rms_std=0.0026
    control:
      note metrics: precision=0.783 recall=1.000 f1=0.878 matched=18/18 pred=23
      strict onset f1: 10ms=0.829 20ms=0.878 30ms=0.878
      timing metrics: offset_f1=0.439 rhythm_precision=0.500 note_value_acc=0.056 note_value_n=18 avg_beat_error=0.920
      duplicate metrics: duplicates=0 per_100_notes=0.00
      boundary metrics: gt=8 matched=8 missed=0 miss_rate=0.000
      latency: avg_chunk_ms=20.61 p95_chunk_ms=26.62 avg_rtf=0.034
      notation metrics: first_correct_ms=35.9 visible_p50_ms=332.9 visible_p95_ms=606.7 stabilize_p50_ms=1865.0 stabilize_p95_ms=2958.8 avg_revisions=2.22 matched=18 refined=18 snapshots=20
      algorithmic latency: first_correct_ms=15.6 visible_p50_ms=308.1 visible_p95_ms=587.1 stabilize_p50_ms=1648.6 stabilize_p95_ms=2909.5
      final display note metrics: precision=0.783 recall=1.000 f1=0.878 matched=18/18 pred=23
      final display strict onset f1: 10ms=0.829 20ms=0.878 30ms=0.878
      final display timing: offset_f1=0.439 rhythm_precision=0.500 note_value_acc=0.333 note_value_n=18 avg_beat_error=0.693
      final display structure: cluster_f1=0.865 onset_align_recall=1.000 avg_jaccard=0.971 exact=16/17 pred=20 over=1 under=0 pitch_conflicts=0 missed_gt=0
      threshold profiles: hit_rate=0.000 thresholds=[0.7] profiles={'fixed_baseline': 10}
    treatment:
      note metrics: precision=0.783 recall=1.000 f1=0.878 matched=18/18 pred=23
      strict onset f1: 10ms=0.829 20ms=0.878 30ms=0.878
      timing metrics: offset_f1=0.439 rhythm_precision=0.500 note_value_acc=0.056 note_value_n=18 avg_beat_error=0.920
      duplicate metrics: duplicates=0 per_100_notes=0.00
      boundary metrics: gt=8 matched=8 missed=0 miss_rate=0.000
      latency: avg_chunk_ms=20.75 p95_chunk_ms=28.54 avg_rtf=0.034
      notation metrics: first_correct_ms=35.7 visible_p50_ms=330.9 visible_p95_ms=606.0 stabilize_p50_ms=1865.3 stabilize_p95_ms=2960.6 avg_revisions=2.22 matched=18 refined=18 snapshots=20
      algorithmic latency: first_correct_ms=15.6 visible_p50_ms=308.1 visible_p95_ms=587.1 stabilize_p50_ms=1648.6 stabilize_p95_ms=2909.5
      final display note metrics: precision=0.783 recall=1.000 f1=0.878 matched=18/18 pred=23
      final display strict onset f1: 10ms=0.829 20ms=0.878 30ms=0.878
      final display timing: offset_f1=0.439 rhythm_precision=0.500 note_value_acc=0.333 note_value_n=18 avg_beat_error=0.693
      final display structure: cluster_f1=0.865 onset_align_recall=1.000 avg_jaccard=0.971 exact=16/17 pred=20 over=1 under=0 pitch_conflicts=0 missed_gt=0
      threshold profiles: hit_rate=1.000 thresholds=[0.66] profiles={'soft_sparse_recall': 10}
    delta treatment-control: precision=+0.000 recall=+0.000 f1=+0.000 offset_f1=+0.000 note_value_acc=+0.000 dup_per_100=+0.00 boundary_miss_rate=+0.000 p95_chunk_ms=+1.92 f1_10ms=+0.000 f1_20ms=+0.000 f1_30ms=+0.000 visible_p50_ms=-2.0 stabilize_p50_ms=+0.4 algo_visible_p50_ms=+0.0 algo_stabilize_p50_ms=+0.0 avg_revisions=+0.00 display_note_f1=+0.000 display_offset_f1=+0.000 display_cluster_f1=+0.000 display_cluster_jaccard=+0.000
    failure buckets: ['high_revision_slow_stabilization', 'note_value_offset_failure']
[TIMING] EnhancedMel.transcribe: audio_to_gpu=0.3ms, features=0.6ms, model=10.0ms, decode=1.4ms | TOTAL=12.2ms for 600ms audio (RTF=0.02x)
[TIMING] stream_chunk[experiment-5a42a35f3d1641e5aac4cea41dcb73ad](live_neural): decode=0.2ms, inference=14.7ms, second_pass=0.0ms, contention=0.0ms, TOTAL=14.9ms | audio=600ms, RTF=0.02x | model=enhanced_mel, neural_total=14.2ms, model_inference=10.0ms
[TIMING] EnhancedMel.transcribe: audio_to_gpu=0.1ms, features=0.4ms, model=10.3ms, decode=2.5ms | TOTAL=13.3ms for 1200ms audio (RTF=0.01x)
[TIMING] stream_chunk[experiment-5a42a35f3d1641e5aac4cea41dcb73ad](live_neural): decode=0.1ms, inference=15.1ms, second_pass=0.0ms, contention=0.0ms, TOTAL=15.3ms | audio=600ms, RTF=0.03x | model=enhanced_mel, neural_total=14.7ms, model_inference=10.3ms
[TIMING] EnhancedMel.transcribe: audio_to_gpu=0.2ms, features=0.5ms, model=11.8ms, decode=3.4ms | TOTAL=15.9ms for 1800ms audio (RTF=0.01x)
[TIMING] stream_chunk[experiment-5a42a35f3d1641e5aac4cea41dcb73ad](live_neural): decode=0.1ms, inference=18.0ms, second_pass=0.0ms, contention=0.0ms, TOTAL=18.2ms | audio=600ms, RTF=0.03x | model=enhanced_mel, neural_total=17.6ms, model_inference=11.8ms
[TIMING] EnhancedMel.transcribe: audio_to_gpu=0.3ms, features=0.6ms, model=11.3ms, decode=4.5ms | TOTAL=16.7ms for 2400ms audio (RTF=0.01x)
[TIMING] stream_chunk[experiment-5a42a35f3d1641e5aac4cea41dcb73ad](live_neural): decode=0.1ms, inference=19.1ms, second_pass=0.0ms, contention=0.0ms, TOTAL=19.4ms | audio=600ms, RTF=0.03x | model=enhanced_mel, neural_total=18.7ms, model_inference=11.3ms
[TIMING] EnhancedMel.transcribe: audio_to_gpu=0.3ms, features=0.5ms, model=13.3ms, decode=5.5ms | TOTAL=19.6ms for 3000ms audio (RTF=0.01x)
[TIMING] stream_chunk[experiment-5a42a35f3d1641e5aac4cea41dcb73ad](live_neural): decode=0.1ms, inference=22.1ms, second_pass=0.0ms, contention=0.0ms, TOTAL=22.4ms | audio=600ms, RTF=0.04x | model=enhanced_mel, neural_total=21.7ms, model_inference=13.3ms
[TIMING] EnhancedMel.transcribe: audio_to_gpu=0.3ms, features=0.7ms, model=20.2ms, decode=5.3ms | TOTAL=26.5ms for 3000ms audio (RTF=0.01x)
[TIMING] stream_chunk[experiment-5a42a35f3d1641e5aac4cea41dcb73ad](live_neural): decode=0.1ms, inference=28.8ms, second_pass=0.0ms, contention=0.0ms, TOTAL=29.1ms | audio=600ms, RTF=0.05x | model=enhanced_mel, neural_total=28.4ms, model_inference=20.2ms
[TIMING] EnhancedMel.transcribe: audio_to_gpu=0.3ms, features=0.6ms, model=17.3ms, decode=5.2ms | TOTAL=23.4ms for 3000ms audio (RTF=0.01x)
[TIMING] stream_chunk[experiment-5a42a35f3d1641e5aac4cea41dcb73ad](live_neural): decode=0.1ms, inference=25.7ms, second_pass=0.0ms, contention=0.0ms, TOTAL=26.0ms | audio=600ms, RTF=0.04x | model=enhanced_mel, neural_total=25.2ms, model_inference=17.3ms
[TIMING] EnhancedMel.transcribe: audio_to_gpu=0.3ms, features=0.5ms, model=11.6ms, decode=5.0ms | TOTAL=17.4ms for 3000ms audio (RTF=0.01x)
[TIMING] stream_chunk[experiment-5a42a35f3d1641e5aac4cea41dcb73ad](live_neural): decode=0.1ms, inference=19.5ms, second_pass=0.0ms, contention=0.0ms, TOTAL=19.8ms | audio=600ms, RTF=0.03x | model=enhanced_mel, neural_total=19.2ms, model_inference=11.6ms
[TIMING] EnhancedMel.transcribe: audio_to_gpu=0.4ms, features=0.7ms, model=11.9ms, decode=4.9ms | TOTAL=17.8ms for 3000ms audio (RTF=0.01x)
[TIMING] stream_chunk[experiment-5a42a35f3d1641e5aac4cea41dcb73ad](live_neural): decode=0.1ms, inference=21.0ms, second_pass=0.0ms, contention=0.0ms, TOTAL=21.3ms | audio=600ms, RTF=0.04x | model=enhanced_mel, neural_total=20.7ms, model_inference=11.9ms
[TIMING] EnhancedMel.transcribe: audio_to_gpu=0.8ms, features=0.7ms, model=19.1ms, decode=5.0ms | TOTAL=25.6ms for 3000ms audio (RTF=0.01x)
[TIMING] stream_chunk[experiment-5a42a35f3d1641e5aac4cea41dcb73ad](live_neural): decode=0.1ms, inference=27.6ms, second_pass=0.0ms, contention=0.0ms, TOTAL=27.8ms | audio=600ms, RTF=0.05x | model=enhanced_mel, neural_total=27.3ms, model_inference=19.1ms
[TIMING] EnhancedMel.transcribe: audio_to_gpu=0.3ms, features=0.5ms, model=9.9ms, decode=1.3ms | TOTAL=12.1ms for 600ms audio (RTF=0.02x)
[TIMING] stream_chunk[experiment-e6d72faec59348af8684db78866d9167](live_neural): decode=0.1ms, inference=14.5ms, second_pass=0.0ms, contention=0.0ms, TOTAL=14.7ms | audio=600ms, RTF=0.02x | model=enhanced_mel, neural_total=14.1ms, model_inference=9.9ms
[TIMING] EnhancedMel.transcribe: audio_to_gpu=0.3ms, features=0.6ms, model=9.9ms, decode=2.5ms | TOTAL=13.2ms for 1200ms audio (RTF=0.01x)
[TIMING] stream_chunk[experiment-e6d72faec59348af8684db78866d9167](live_neural): decode=0.1ms, inference=16.9ms, second_pass=0.0ms, contention=0.0ms, TOTAL=17.3ms | audio=600ms, RTF=0.03x | model=enhanced_mel, neural_total=15.4ms, model_inference=9.9ms
[TIMING] EnhancedMel.transcribe: audio_to_gpu=0.4ms, features=0.7ms, model=16.4ms, decode=3.5ms | TOTAL=21.0ms for 1800ms audio (RTF=0.01x)
[TIMING] stream_chunk[experiment-e6d72faec59348af8684db78866d9167](live_neural): decode=0.1ms, inference=23.0ms, second_pass=0.0ms, contention=0.0ms, TOTAL=23.3ms | audio=600ms, RTF=0.04x | model=enhanced_mel, neural_total=22.6ms, model_inference=16.4ms
[TIMING] EnhancedMel.transcribe: audio_to_gpu=0.2ms, features=0.4ms, model=10.7ms, decode=4.5ms | TOTAL=15.8ms for 2400ms audio (RTF=0.01x)
[TIMING] stream_chunk[experiment-e6d72faec59348af8684db78866d9167](live_neural): decode=0.1ms, inference=17.9ms, second_pass=0.0ms, contention=0.0ms, TOTAL=18.2ms | audio=600ms, RTF=0.03x | model=enhanced_mel, neural_total=17.6ms, model_inference=10.7ms
[TIMING] EnhancedMel.transcribe: audio_to_gpu=0.2ms, features=0.4ms, model=11.4ms, decode=5.4ms | TOTAL=17.5ms for 3000ms audio (RTF=0.01x)
[TIMING] stream_chunk[experiment-e6d72faec59348af8684db78866d9167](live_neural): decode=0.1ms, inference=19.7ms, second_pass=0.0ms, contention=0.0ms, TOTAL=20.0ms | audio=600ms, RTF=0.03x | model=enhanced_mel, neural_total=19.3ms, model_inference=11.4ms
[TIMING] EnhancedMel.transcribe: audio_to_gpu=0.2ms, features=0.4ms, model=11.9ms, decode=5.2ms | TOTAL=17.8ms for 3000ms audio (RTF=0.01x)
[TIMING] stream_chunk[experiment-e6d72faec59348af8684db78866d9167](live_neural): decode=0.1ms, inference=20.4ms, second_pass=0.0ms, contention=0.0ms, TOTAL=20.7ms | audio=600ms, RTF=0.03x | model=enhanced_mel, neural_total=20.0ms, model_inference=11.9ms
[TIMING] EnhancedMel.transcribe: audio_to_gpu=0.1ms, features=0.5ms, model=12.2ms, decode=5.3ms | TOTAL=18.1ms for 3000ms audio (RTF=0.01x)
[TIMING] stream_chunk[experiment-e6d72faec59348af8684db78866d9167](live_neural): decode=0.1ms, inference=20.6ms, second_pass=0.0ms, contention=0.0ms, TOTAL=20.9ms | audio=600ms, RTF=0.03x | model=enhanced_mel, neural_total=20.3ms, model_inference=12.2ms
[TIMING] EnhancedMel.transcribe: audio_to_gpu=0.2ms, features=0.5ms, model=12.0ms, decode=5.2ms | TOTAL=17.8ms for 3000ms audio (RTF=0.01x)
[TIMING] stream_chunk[experiment-e6d72faec59348af8684db78866d9167](live_neural): decode=0.1ms, inference=20.1ms, second_pass=0.0ms, contention=0.0ms, TOTAL=20.3ms | audio=600ms, RTF=0.03x | model=enhanced_mel, neural_total=19.6ms, model_inference=12.0ms
[TIMING] EnhancedMel.transcribe: audio_to_gpu=0.2ms, features=0.5ms, model=12.9ms, decode=5.0ms | TOTAL=18.5ms for 3000ms audio (RTF=0.01x)
[TIMING] stream_chunk[experiment-e6d72faec59348af8684db78866d9167](live_neural): decode=0.1ms, inference=20.7ms, second_pass=0.0ms, contention=0.0ms, TOTAL=21.0ms | audio=600ms, RTF=0.03x | model=enhanced_mel, neural_total=20.4ms, model_inference=12.9ms
[TIMING] EnhancedMel.transcribe: audio_to_gpu=0.1ms, features=0.4ms, model=13.0ms, decode=5.7ms | TOTAL=19.2ms for 3000ms audio (RTF=0.01x)
[TIMING] stream_chunk[experiment-e6d72faec59348af8684db78866d9167](live_neural): decode=0.1ms, inference=21.4ms, second_pass=0.0ms, contention=0.0ms, TOTAL=21.7ms | audio=600ms, RTF=0.04x | model=enhanced_mel, neural_total=20.9ms, model_inference=13.0ms

[CLIP_004] Two Sonatas
  excerpt: start=51.00s end=57.00s duration=6.00s gt_notes=50 rms=0.1572 peak=0.7955 crest=5.060 rms_std=0.0687
    control:
      note metrics: precision=0.875 recall=0.980 f1=0.925 matched=49/50 pred=56
      strict onset f1: 10ms=0.868 20ms=0.925 30ms=0.925
      timing metrics: offset_f1=0.906 rhythm_precision=0.959 note_value_acc=0.224 note_value_n=49 avg_beat_error=0.097
      duplicate metrics: duplicates=1 per_100_notes=1.79
      boundary metrics: gt=16 matched=15 missed=1 miss_rate=0.062
      latency: avg_chunk_ms=21.43 p95_chunk_ms=28.53 avg_rtf=0.035
      notation metrics: first_correct_ms=35.4 visible_p50_ms=343.0 visible_p95_ms=615.3 stabilize_p50_ms=625.5 stabilize_p95_ms=1897.5 avg_revisions=0.70 matched=37 refined=37 snapshots=21
      algorithmic latency: first_correct_ms=6.3 visible_p50_ms=324.7 visible_p95_ms=595.8 stabilize_p50_ms=581.0 stabilize_p95_ms=1475.4
      final display note metrics: precision=0.891 recall=0.980 f1=0.933 matched=49/50 pred=55
      final display strict onset f1: 10ms=0.876 20ms=0.933 30ms=0.933
      final display timing: offset_f1=0.895 rhythm_precision=0.959 note_value_acc=0.224 note_value_n=49 avg_beat_error=0.188
      final display structure: cluster_f1=0.895 onset_align_recall=1.000 avg_jaccard=0.972 exact=34/36 pred=40 over=1 under=1 pitch_conflicts=0 missed_gt=0
      threshold profiles: hit_rate=0.000 thresholds=[0.7] profiles={'fixed_baseline': 10}
    treatment:
      note metrics: precision=0.891 recall=0.980 f1=0.933 matched=49/50 pred=55
      strict onset f1: 10ms=0.876 20ms=0.933 30ms=0.933
      timing metrics: offset_f1=0.914 rhythm_precision=0.959 note_value_acc=0.224 note_value_n=49 avg_beat_error=0.097
      duplicate metrics: duplicates=1 per_100_notes=1.82
      boundary metrics: gt=16 matched=15 missed=1 miss_rate=0.062
      latency: avg_chunk_ms=19.81 p95_chunk_ms=22.57 avg_rtf=0.033
      notation metrics: first_correct_ms=26.9 visible_p50_ms=348.1 visible_p95_ms=614.7 stabilize_p50_ms=548.3 stabilize_p95_ms=1946.9 avg_revisions=0.62 matched=37 refined=37 snapshots=21
      algorithmic latency: first_correct_ms=6.3 visible_p50_ms=324.7 visible_p95_ms=595.8 stabilize_p50_ms=533.6 stabilize_p95_ms=1527.9
      final display note metrics: precision=0.907 recall=0.980 f1=0.942 matched=49/50 pred=54
      final display strict onset f1: 10ms=0.885 20ms=0.942 30ms=0.942
      final display timing: offset_f1=0.904 rhythm_precision=0.959 note_value_acc=0.224 note_value_n=49 avg_beat_error=0.189
      final display structure: cluster_f1=0.921 onset_align_recall=1.000 avg_jaccard=0.986 exact=35/36 pred=40 over=0 under=1 pitch_conflicts=0 missed_gt=0
      threshold profiles: hit_rate=1.000 thresholds=[0.72] profiles={'loud_dense_precision': 10}
    delta treatment-control: precision=+0.016 recall=+0.000 f1=+0.009 offset_f1=+0.009 note_value_acc=+0.000 dup_per_100=+0.03 boundary_miss_rate=+0.000 p95_chunk_ms=-5.96 f1_10ms=+0.008 f1_20ms=+0.009 f1_30ms=+0.009 visible_p50_ms=+5.1 stabilize_p50_ms=-77.2 algo_visible_p50_ms=+0.0 algo_stabilize_p50_ms=-47.4 avg_revisions=-0.08 display_note_f1=+0.009 display_offset_f1=+0.009 display_cluster_f1=+0.026 display_cluster_jaccard=+0.014
    failure buckets: ['runtime_only_win', 'boundary_miss_failure', 'high_revision_slow_stabilization', 'note_value_offset_failure']
      boundary diagnostics: missed=1 by_arm={'control': 1, 'treatment': 1} tags={'control_boundary_miss': 1, 'control_timing_or_quantization_drift': 1, 'treatment_candidate_not_retained': 1}
        miss: pitch=67 onset=1.895s boundary_delta_ms=+94.5 control_coarse=True treatment_coarse=True retro=n/a
[TIMING] EnhancedMel.transcribe: audio_to_gpu=0.4ms, features=0.5ms, model=10.3ms, decode=1.2ms | TOTAL=12.4ms for 600ms audio (RTF=0.02x)
[TIMING] stream_chunk[experiment-9ab955e2471e4f19bfd95b04cfdc19b2](live_neural): decode=0.2ms, inference=14.0ms, second_pass=0.0ms, contention=0.0ms, TOTAL=14.2ms | audio=600ms, RTF=0.02x | model=enhanced_mel, neural_total=13.5ms, model_inference=10.3ms
[TIMING] EnhancedMel.transcribe: audio_to_gpu=0.2ms, features=0.6ms, model=20.3ms, decode=2.3ms | TOTAL=23.4ms for 1200ms audio (RTF=0.02x)
[TIMING] stream_chunk[experiment-9ab955e2471e4f19bfd95b04cfdc19b2](live_neural): decode=0.3ms, inference=25.2ms, second_pass=0.0ms, contention=0.0ms, TOTAL=25.6ms | audio=600ms, RTF=0.04x | model=enhanced_mel, neural_total=24.7ms, model_inference=20.3ms
[TIMING] EnhancedMel.transcribe: audio_to_gpu=0.2ms, features=0.4ms, model=10.7ms, decode=3.1ms | TOTAL=14.4ms for 1800ms audio (RTF=0.01x)
[TIMING] stream_chunk[experiment-9ab955e2471e4f19bfd95b04cfdc19b2](live_neural): decode=0.1ms, inference=16.4ms, second_pass=0.0ms, contention=0.0ms, TOTAL=16.6ms | audio=600ms, RTF=0.03x | model=enhanced_mel, neural_total=16.0ms, model_inference=10.7ms
[TIMING] EnhancedMel.transcribe: audio_to_gpu=0.1ms, features=0.4ms, model=11.9ms, decode=3.9ms | TOTAL=16.3ms for 2400ms audio (RTF=0.01x)
[TIMING] stream_chunk[experiment-9ab955e2471e4f19bfd95b04cfdc19b2](live_neural): decode=0.1ms, inference=18.6ms, second_pass=0.0ms, contention=0.0ms, TOTAL=18.8ms | audio=600ms, RTF=0.03x | model=enhanced_mel, neural_total=18.2ms, model_inference=11.9ms
[TIMING] EnhancedMel.transcribe: audio_to_gpu=0.1ms, features=0.3ms, model=12.6ms, decode=4.7ms | TOTAL=17.8ms for 3000ms audio (RTF=0.01x)
[TIMING] stream_chunk[experiment-9ab955e2471e4f19bfd95b04cfdc19b2](live_neural): decode=0.1ms, inference=19.9ms, second_pass=0.0ms, contention=0.0ms, TOTAL=20.2ms | audio=600ms, RTF=0.03x | model=enhanced_mel, neural_total=19.6ms, model_inference=12.6ms
[TIMING] EnhancedMel.transcribe: audio_to_gpu=0.4ms, features=0.5ms, model=13.2ms, decode=5.8ms | TOTAL=19.8ms for 3000ms audio (RTF=0.01x)
[TIMING] stream_chunk[experiment-9ab955e2471e4f19bfd95b04cfdc19b2](live_neural): decode=0.1ms, inference=22.9ms, second_pass=0.0ms, contention=0.0ms, TOTAL=23.1ms | audio=600ms, RTF=0.04x | model=enhanced_mel, neural_total=22.5ms, model_inference=13.2ms
[TIMING] EnhancedMel.transcribe: audio_to_gpu=0.2ms, features=0.4ms, model=13.1ms, decode=4.7ms | TOTAL=18.4ms for 3000ms audio (RTF=0.01x)
[TIMING] stream_chunk[experiment-9ab955e2471e4f19bfd95b04cfdc19b2](live_neural): decode=0.1ms, inference=20.5ms, second_pass=0.0ms, contention=0.0ms, TOTAL=20.8ms | audio=600ms, RTF=0.03x | model=enhanced_mel, neural_total=20.2ms, model_inference=13.1ms
[TIMING] EnhancedMel.transcribe: audio_to_gpu=0.2ms, features=0.4ms, model=11.9ms, decode=4.7ms | TOTAL=17.2ms for 3000ms audio (RTF=0.01x)
[TIMING] stream_chunk[experiment-9ab955e2471e4f19bfd95b04cfdc19b2](live_neural): decode=0.1ms, inference=20.2ms, second_pass=0.0ms, contention=0.0ms, TOTAL=20.4ms | audio=600ms, RTF=0.03x | model=enhanced_mel, neural_total=19.8ms, model_inference=11.9ms
[TIMING] EnhancedMel.transcribe: audio_to_gpu=0.2ms, features=0.6ms, model=11.9ms, decode=4.6ms | TOTAL=17.3ms for 3000ms audio (RTF=0.01x)
[TIMING] stream_chunk[experiment-9ab955e2471e4f19bfd95b04cfdc19b2](live_neural): decode=0.2ms, inference=19.4ms, second_pass=0.0ms, contention=0.0ms, TOTAL=19.7ms | audio=600ms, RTF=0.03x | model=enhanced_mel, neural_total=19.1ms, model_inference=11.9ms
[TIMING] EnhancedMel.transcribe: audio_to_gpu=0.1ms, features=0.4ms, model=12.0ms, decode=4.5ms | TOTAL=17.0ms for 3000ms audio (RTF=0.01x)
[TIMING] stream_chunk[experiment-9ab955e2471e4f19bfd95b04cfdc19b2](live_neural): decode=0.1ms, inference=19.0ms, second_pass=0.0ms, contention=0.0ms, TOTAL=19.2ms | audio=600ms, RTF=0.03x | model=enhanced_mel, neural_total=18.7ms, model_inference=12.0ms
[TIMING] EnhancedMel.transcribe: audio_to_gpu=0.1ms, features=0.6ms, model=21.1ms, decode=1.2ms | TOTAL=23.0ms for 600ms audio (RTF=0.04x)
[TIMING] stream_chunk[experiment-2d7ebd531667473eb3cd0a996d9df3ea](live_neural): decode=0.2ms, inference=24.4ms, second_pass=0.0ms, contention=0.0ms, TOTAL=24.6ms | audio=600ms, RTF=0.04x | model=enhanced_mel, neural_total=24.1ms, model_inference=21.1ms
[TIMING] EnhancedMel.transcribe: audio_to_gpu=0.1ms, features=0.3ms, model=9.8ms, decode=2.1ms | TOTAL=12.4ms for 1200ms audio (RTF=0.01x)
[TIMING] stream_chunk[experiment-2d7ebd531667473eb3cd0a996d9df3ea](live_neural): decode=0.1ms, inference=14.9ms, second_pass=0.0ms, contention=0.0ms, TOTAL=15.1ms | audio=600ms, RTF=0.03x | model=enhanced_mel, neural_total=14.5ms, model_inference=9.8ms
[TIMING] EnhancedMel.transcribe: audio_to_gpu=0.3ms, features=0.7ms, model=23.8ms, decode=3.9ms | TOTAL=28.8ms for 1800ms audio (RTF=0.02x)
[TIMING] stream_chunk[experiment-2d7ebd531667473eb3cd0a996d9df3ea](live_neural): decode=0.1ms, inference=30.5ms, second_pass=0.0ms, contention=0.0ms, TOTAL=30.7ms | audio=600ms, RTF=0.05x | model=enhanced_mel, neural_total=30.2ms, model_inference=23.8ms
[TIMING] EnhancedMel.transcribe: audio_to_gpu=0.2ms, features=0.6ms, model=19.2ms, decode=3.9ms | TOTAL=23.8ms for 2400ms audio (RTF=0.01x)
[TIMING] stream_chunk[experiment-2d7ebd531667473eb3cd0a996d9df3ea](live_neural): decode=0.1ms, inference=25.8ms, second_pass=0.0ms, contention=0.0ms, TOTAL=26.0ms | audio=600ms, RTF=0.04x | model=enhanced_mel, neural_total=25.5ms, model_inference=19.2ms
[TIMING] EnhancedMel.transcribe: audio_to_gpu=0.2ms, features=0.4ms, model=11.9ms, decode=4.8ms | TOTAL=17.3ms for 3000ms audio (RTF=0.01x)
[TIMING] stream_chunk[experiment-2d7ebd531667473eb3cd0a996d9df3ea](live_neural): decode=0.1ms, inference=20.1ms, second_pass=0.0ms, contention=0.0ms, TOTAL=20.3ms | audio=600ms, RTF=0.03x | model=enhanced_mel, neural_total=19.6ms, model_inference=11.9ms
[TIMING] EnhancedMel.transcribe: audio_to_gpu=0.1ms, features=0.4ms, model=12.9ms, decode=4.8ms | TOTAL=18.2ms for 3000ms audio (RTF=0.01x)
[TIMING] stream_chunk[experiment-2d7ebd531667473eb3cd0a996d9df3ea](live_neural): decode=0.1ms, inference=20.4ms, second_pass=0.0ms, contention=0.0ms, TOTAL=20.6ms | audio=600ms, RTF=0.03x | model=enhanced_mel, neural_total=20.0ms, model_inference=12.9ms
[TIMING] EnhancedMel.transcribe: audio_to_gpu=0.3ms, features=0.5ms, model=11.9ms, decode=6.0ms | TOTAL=18.6ms for 3000ms audio (RTF=0.01x)
[TIMING] stream_chunk[experiment-2d7ebd531667473eb3cd0a996d9df3ea](live_neural): decode=0.1ms, inference=21.6ms, second_pass=0.0ms, contention=0.0ms, TOTAL=21.8ms | audio=600ms, RTF=0.04x | model=enhanced_mel, neural_total=21.1ms, model_inference=11.9ms
[TIMING] EnhancedMel.transcribe: audio_to_gpu=0.2ms, features=0.6ms, model=20.0ms, decode=5.3ms | TOTAL=26.1ms for 3000ms audio (RTF=0.01x)
[TIMING] stream_chunk[experiment-2d7ebd531667473eb3cd0a996d9df3ea](live_neural): decode=0.1ms, inference=28.4ms, second_pass=0.0ms, contention=0.0ms, TOTAL=28.6ms | audio=600ms, RTF=0.05x | model=enhanced_mel, neural_total=27.9ms, model_inference=20.0ms
[TIMING] EnhancedMel.transcribe: audio_to_gpu=0.2ms, features=0.5ms, model=12.1ms, decode=4.6ms | TOTAL=17.4ms for 3000ms audio (RTF=0.01x)
[TIMING] stream_chunk[experiment-2d7ebd531667473eb3cd0a996d9df3ea](live_neural): decode=0.1ms, inference=19.8ms, second_pass=0.0ms, contention=0.0ms, TOTAL=20.1ms | audio=600ms, RTF=0.03x | model=enhanced_mel, neural_total=19.5ms, model_inference=12.1ms
[TIMING] EnhancedMel.transcribe: audio_to_gpu=0.1ms, features=0.4ms, model=12.0ms, decode=4.5ms | TOTAL=17.0ms for 3000ms audio (RTF=0.01x)
[TIMING] stream_chunk[experiment-2d7ebd531667473eb3cd0a996d9df3ea](live_neural): decode=0.1ms, inference=19.0ms, second_pass=0.0ms, contention=0.0ms, TOTAL=19.2ms | audio=600ms, RTF=0.03x | model=enhanced_mel, neural_total=18.7ms, model_inference=12.0ms

[CLIP_005] Hungarian Rhapsody No. 9
  excerpt: start=48.00s end=54.00s duration=6.00s gt_notes=8 rms=0.0260 peak=0.1356 crest=5.209 rms_std=0.0157
    control:
      note metrics: precision=0.800 recall=1.000 f1=0.889 matched=8/8 pred=10
      strict onset f1: 10ms=0.889 20ms=0.889 30ms=0.889
      timing metrics: offset_f1=0.333 rhythm_precision=0.375 note_value_acc=0.000 note_value_n=8 avg_beat_error=1.734
      duplicate metrics: duplicates=0 per_100_notes=0.00
      boundary metrics: gt=3 matched=3 missed=0 miss_rate=0.000
      latency: avg_chunk_ms=19.85 p95_chunk_ms=24.47 avg_rtf=0.033
      notation metrics: first_correct_ms=206.0 visible_p50_ms=450.1 visible_p95_ms=593.5 stabilize_p50_ms=1623.1 stabilize_p95_ms=2248.9 avg_revisions=1.25 matched=8 refined=8 snapshots=15
      algorithmic latency: first_correct_ms=180.5 visible_p50_ms=429.0 visible_p95_ms=576.1 stabilize_p50_ms=1271.5 stabilize_p95_ms=1730.7
      final display note metrics: precision=0.800 recall=1.000 f1=0.889 matched=8/8 pred=10
      final display strict onset f1: 10ms=0.889 20ms=0.889 30ms=0.889
      final display timing: offset_f1=0.333 rhythm_precision=0.375 note_value_acc=0.250 note_value_n=8 avg_beat_error=1.406
      final display structure: cluster_f1=0.824 onset_align_recall=1.000 avg_jaccard=0.938 exact=7/8 pred=9 over=1 under=0 pitch_conflicts=0 missed_gt=0
      threshold profiles: hit_rate=0.000 thresholds=[0.7] profiles={'fixed_baseline': 10}
    treatment:
      note metrics: precision=0.800 recall=1.000 f1=0.889 matched=8/8 pred=10
      strict onset f1: 10ms=0.889 20ms=0.889 30ms=0.889
      timing metrics: offset_f1=0.333 rhythm_precision=0.375 note_value_acc=0.000 note_value_n=8 avg_beat_error=1.734
      duplicate metrics: duplicates=0 per_100_notes=0.00
      boundary metrics: gt=3 matched=3 missed=0 miss_rate=0.000
      latency: avg_chunk_ms=22.71 p95_chunk_ms=29.76 avg_rtf=0.038
      notation metrics: first_correct_ms=195.6 visible_p50_ms=451.9 visible_p95_ms=605.2 stabilize_p50_ms=1633.7 stabilize_p95_ms=2256.0 avg_revisions=1.25 matched=8 refined=8 snapshots=15
      algorithmic latency: first_correct_ms=180.5 visible_p50_ms=429.0 visible_p95_ms=576.1 stabilize_p50_ms=1271.5 stabilize_p95_ms=1730.7
      final display note metrics: precision=0.800 recall=1.000 f1=0.889 matched=8/8 pred=10
      final display strict onset f1: 10ms=0.889 20ms=0.889 30ms=0.889
      final display timing: offset_f1=0.333 rhythm_precision=0.375 note_value_acc=0.250 note_value_n=8 avg_beat_error=1.406
      final display structure: cluster_f1=0.824 onset_align_recall=1.000 avg_jaccard=0.938 exact=7/8 pred=9 over=1 under=0 pitch_conflicts=0 missed_gt=0
      threshold profiles: hit_rate=0.300 thresholds=[0.66, 0.7] profiles={'baseline_nominal': 7, 'soft_sparse_recall': 3}
    delta treatment-control: precision=+0.000 recall=+0.000 f1=+0.000 offset_f1=+0.000 note_value_acc=+0.000 dup_per_100=+0.00 boundary_miss_rate=+0.000 p95_chunk_ms=+5.29 f1_10ms=+0.000 f1_20ms=+0.000 f1_30ms=+0.000 visible_p50_ms=+1.8 stabilize_p50_ms=+10.6 algo_visible_p50_ms=+0.0 algo_stabilize_p50_ms=+0.0 avg_revisions=+0.00 display_note_f1=+0.000 display_offset_f1=+0.000 display_cluster_f1=+0.000 display_cluster_jaccard=+0.000
    failure buckets: ['high_revision_slow_stabilization', 'note_value_offset_failure']
[TIMING] EnhancedMel.transcribe: audio_to_gpu=0.3ms, features=0.7ms, model=10.2ms, decode=1.5ms | TOTAL=12.7ms for 600ms audio (RTF=0.02x)
[TIMING] stream_chunk[experiment-2dc3a3bb78c34e5faa66bd644962b7c0](live_neural): decode=0.2ms, inference=15.4ms, second_pass=0.0ms, contention=0.0ms, TOTAL=15.6ms | audio=600ms, RTF=0.03x | model=enhanced_mel, neural_total=14.8ms, model_inference=10.2ms
[TIMING] EnhancedMel.transcribe: audio_to_gpu=0.1ms, features=0.4ms, model=10.0ms, decode=2.6ms | TOTAL=13.1ms for 1200ms audio (RTF=0.01x)
[TIMING] stream_chunk[experiment-2dc3a3bb78c34e5faa66bd644962b7c0](live_neural): decode=0.1ms, inference=15.8ms, second_pass=0.0ms, contention=0.0ms, TOTAL=16.0ms | audio=600ms, RTF=0.03x | model=enhanced_mel, neural_total=15.4ms, model_inference=10.0ms
[TIMING] EnhancedMel.transcribe: audio_to_gpu=0.1ms, features=0.4ms, model=10.5ms, decode=3.8ms | TOTAL=14.8ms for 1800ms audio (RTF=0.01x)
[TIMING] stream_chunk[experiment-2dc3a3bb78c34e5faa66bd644962b7c0](live_neural): decode=0.1ms, inference=16.8ms, second_pass=0.0ms, contention=0.0ms, TOTAL=17.1ms | audio=600ms, RTF=0.03x | model=enhanced_mel, neural_total=16.4ms, model_inference=10.5ms
[TIMING] EnhancedMel.transcribe: audio_to_gpu=0.2ms, features=0.6ms, model=13.6ms, decode=4.9ms | TOTAL=19.2ms for 2400ms audio (RTF=0.01x)
[TIMING] stream_chunk[experiment-2dc3a3bb78c34e5faa66bd644962b7c0](live_neural): decode=0.1ms, inference=21.4ms, second_pass=0.0ms, contention=0.0ms, TOTAL=21.7ms | audio=600ms, RTF=0.04x | model=enhanced_mel, neural_total=21.0ms, model_inference=13.6ms
[TIMING] EnhancedMel.transcribe: audio_to_gpu=0.2ms, features=0.4ms, model=11.7ms, decode=6.1ms | TOTAL=18.4ms for 3000ms audio (RTF=0.01x)
[TIMING] stream_chunk[experiment-2dc3a3bb78c34e5faa66bd644962b7c0](live_neural): decode=0.1ms, inference=21.9ms, second_pass=0.0ms, contention=0.0ms, TOTAL=22.2ms | audio=600ms, RTF=0.04x | model=enhanced_mel, neural_total=21.5ms, model_inference=11.7ms
[TIMING] EnhancedMel.transcribe: audio_to_gpu=0.2ms, features=0.5ms, model=12.9ms, decode=6.2ms | TOTAL=19.7ms for 3000ms audio (RTF=0.01x)
[TIMING] stream_chunk[experiment-2dc3a3bb78c34e5faa66bd644962b7c0](live_neural): decode=0.1ms, inference=22.1ms, second_pass=0.0ms, contention=0.0ms, TOTAL=22.5ms | audio=600ms, RTF=0.04x | model=enhanced_mel, neural_total=21.7ms, model_inference=12.9ms
[TIMING] EnhancedMel.transcribe: audio_to_gpu=0.3ms, features=0.5ms, model=11.9ms, decode=6.1ms | TOTAL=18.7ms for 3000ms audio (RTF=0.01x)
[TIMING] stream_chunk[experiment-2dc3a3bb78c34e5faa66bd644962b7c0](live_neural): decode=0.1ms, inference=21.3ms, second_pass=0.0ms, contention=0.0ms, TOTAL=21.7ms | audio=600ms, RTF=0.04x | model=enhanced_mel, neural_total=20.9ms, model_inference=11.9ms
[TIMING] EnhancedMel.transcribe: audio_to_gpu=0.4ms, features=0.5ms, model=12.1ms, decode=6.1ms | TOTAL=19.0ms for 3000ms audio (RTF=0.01x)
[TIMING] stream_chunk[experiment-2dc3a3bb78c34e5faa66bd644962b7c0](live_neural): decode=0.1ms, inference=21.5ms, second_pass=0.0ms, contention=0.0ms, TOTAL=21.8ms | audio=600ms, RTF=0.04x | model=enhanced_mel, neural_total=21.1ms, model_inference=12.1ms
[TIMING] EnhancedMel.transcribe: audio_to_gpu=0.2ms, features=0.7ms, model=20.6ms, decode=6.3ms | TOTAL=27.8ms for 3000ms audio (RTF=0.01x)
[TIMING] stream_chunk[experiment-2dc3a3bb78c34e5faa66bd644962b7c0](live_neural): decode=0.1ms, inference=30.4ms, second_pass=0.0ms, contention=0.0ms, TOTAL=30.8ms | audio=600ms, RTF=0.05x | model=enhanced_mel, neural_total=30.1ms, model_inference=20.6ms
[TIMING] EnhancedMel.transcribe: audio_to_gpu=0.4ms, features=0.4ms, model=11.6ms, decode=6.2ms | TOTAL=18.7ms for 3000ms audio (RTF=0.01x)
[TIMING] stream_chunk[experiment-2dc3a3bb78c34e5faa66bd644962b7c0](live_neural): decode=0.1ms, inference=21.2ms, second_pass=0.0ms, contention=0.0ms, TOTAL=21.6ms | audio=600ms, RTF=0.04x | model=enhanced_mel, neural_total=20.7ms, model_inference=11.6ms
[TIMING] EnhancedMel.transcribe: audio_to_gpu=0.2ms, features=0.5ms, model=9.7ms, decode=1.5ms | TOTAL=12.0ms for 600ms audio (RTF=0.02x)
[TIMING] stream_chunk[experiment-4614974b466a47b4ac799e1623054102](live_neural): decode=0.1ms, inference=13.5ms, second_pass=0.0ms, contention=0.0ms, TOTAL=13.8ms | audio=600ms, RTF=0.02x | model=enhanced_mel, neural_total=13.2ms, model_inference=9.7ms
[TIMING] EnhancedMel.transcribe: audio_to_gpu=0.2ms, features=0.5ms, model=21.1ms, decode=2.6ms | TOTAL=24.3ms for 1200ms audio (RTF=0.02x)
[TIMING] stream_chunk[experiment-4614974b466a47b4ac799e1623054102](live_neural): decode=0.1ms, inference=26.1ms, second_pass=0.0ms, contention=0.0ms, TOTAL=26.3ms | audio=600ms, RTF=0.04x | model=enhanced_mel, neural_total=25.8ms, model_inference=21.1ms
[TIMING] EnhancedMel.transcribe: audio_to_gpu=0.4ms, features=0.4ms, model=10.8ms, decode=4.8ms | TOTAL=16.5ms for 1800ms audio (RTF=0.01x)
[TIMING] stream_chunk[experiment-4614974b466a47b4ac799e1623054102](live_neural): decode=0.1ms, inference=18.8ms, second_pass=0.0ms, contention=0.0ms, TOTAL=19.2ms | audio=600ms, RTF=0.03x | model=enhanced_mel, neural_total=18.5ms, model_inference=10.8ms
[TIMING] EnhancedMel.transcribe: audio_to_gpu=0.2ms, features=0.5ms, model=11.0ms, decode=4.9ms | TOTAL=16.6ms for 2400ms audio (RTF=0.01x)
[TIMING] stream_chunk[experiment-4614974b466a47b4ac799e1623054102](live_neural): decode=0.1ms, inference=18.7ms, second_pass=0.0ms, contention=0.0ms, TOTAL=19.0ms | audio=600ms, RTF=0.03x | model=enhanced_mel, neural_total=18.4ms, model_inference=11.0ms
[TIMING] EnhancedMel.transcribe: audio_to_gpu=0.1ms, features=0.3ms, model=11.7ms, decode=6.1ms | TOTAL=18.3ms for 3000ms audio (RTF=0.01x)
[TIMING] stream_chunk[experiment-4614974b466a47b4ac799e1623054102](live_neural): decode=0.1ms, inference=20.8ms, second_pass=0.0ms, contention=0.0ms, TOTAL=21.1ms | audio=600ms, RTF=0.04x | model=enhanced_mel, neural_total=20.3ms, model_inference=11.7ms
[TIMING] EnhancedMel.transcribe: audio_to_gpu=0.2ms, features=0.4ms, model=12.1ms, decode=6.1ms | TOTAL=18.9ms for 3000ms audio (RTF=0.01x)
[TIMING] stream_chunk[experiment-4614974b466a47b4ac799e1623054102](live_neural): decode=0.1ms, inference=22.3ms, second_pass=0.0ms, contention=0.0ms, TOTAL=22.7ms | audio=600ms, RTF=0.04x | model=enhanced_mel, neural_total=21.8ms, model_inference=12.1ms
[TIMING] EnhancedMel.transcribe: audio_to_gpu=0.4ms, features=0.8ms, model=16.7ms, decode=6.3ms | TOTAL=24.2ms for 3000ms audio (RTF=0.01x)
[TIMING] stream_chunk[experiment-4614974b466a47b4ac799e1623054102](live_neural): decode=0.1ms, inference=27.2ms, second_pass=0.0ms, contention=0.0ms, TOTAL=27.6ms | audio=600ms, RTF=0.05x | model=enhanced_mel, neural_total=26.9ms, model_inference=16.7ms
[TIMING] EnhancedMel.transcribe: audio_to_gpu=0.4ms, features=0.5ms, model=12.1ms, decode=6.0ms | TOTAL=19.0ms for 3000ms audio (RTF=0.01x)
[TIMING] stream_chunk[experiment-4614974b466a47b4ac799e1623054102](live_neural): decode=0.2ms, inference=22.5ms, second_pass=0.0ms, contention=0.0ms, TOTAL=23.0ms | audio=600ms, RTF=0.04x | model=enhanced_mel, neural_total=22.2ms, model_inference=12.1ms
[TIMING] EnhancedMel.transcribe: audio_to_gpu=0.2ms, features=0.7ms, model=19.1ms, decode=6.3ms | TOTAL=26.3ms for 3000ms audio (RTF=0.01x)
[TIMING] stream_chunk[experiment-4614974b466a47b4ac799e1623054102](live_neural): decode=0.1ms, inference=28.7ms, second_pass=0.0ms, contention=0.0ms, TOTAL=29.1ms | audio=600ms, RTF=0.05x | model=enhanced_mel, neural_total=28.3ms, model_inference=19.1ms
[TIMING] EnhancedMel.transcribe: audio_to_gpu=0.2ms, features=0.5ms, model=12.2ms, decode=6.4ms | TOTAL=19.4ms for 3000ms audio (RTF=0.01x)
[TIMING] stream_chunk[experiment-4614974b466a47b4ac799e1623054102](live_neural): decode=0.1ms, inference=22.0ms, second_pass=0.0ms, contention=0.0ms, TOTAL=22.4ms | audio=600ms, RTF=0.04x | model=enhanced_mel, neural_total=21.5ms, model_inference=12.2ms

[CLIP_006] Pour le piano (Complete)
  excerpt: start=57.00s end=63.00s duration=6.00s gt_notes=204 rms=0.0936 peak=0.4392 crest=4.692 rms_std=0.0147
    control:
      note metrics: precision=0.873 recall=0.873 f1=0.873 matched=178/204 pred=204
      strict onset f1: 10ms=0.711 20ms=0.858 30ms=0.873
      timing metrics: offset_f1=0.819 rhythm_precision=0.938 note_value_acc=0.573 note_value_n=178 avg_beat_error=0.084
      duplicate metrics: duplicates=13 per_100_notes=6.37
      boundary metrics: gt=63 matched=54 missed=9 miss_rate=0.143
      latency: avg_chunk_ms=21.10 p95_chunk_ms=27.04 avg_rtf=0.035
      notation metrics: first_correct_ms=72.2 visible_p50_ms=277.4 visible_p95_ms=619.8 stabilize_p50_ms=1684.9 stabilize_p95_ms=2577.6 avg_revisions=2.26 matched=47 refined=47 snapshots=21
      algorithmic latency: first_correct_ms=54.2 visible_p50_ms=255.2 visible_p95_ms=599.2 stabilize_p50_ms=1145.8 stabilize_p95_ms=1845.5
      final display note metrics: precision=0.932 recall=0.868 f1=0.898 matched=177/204 pred=190
      final display strict onset f1: 10ms=0.716 20ms=0.883 30ms=0.898
      final display timing: offset_f1=0.843 rhythm_precision=0.938 note_value_acc=0.418 note_value_n=177 avg_beat_error=0.122
      final display structure: cluster_f1=0.321 onset_align_recall=0.818 avg_jaccard=0.800 exact=13/44 pred=37 over=8 under=11 pitch_conflicts=4 missed_gt=8
      threshold profiles: hit_rate=0.000 thresholds=[0.7] profiles={'fixed_baseline': 10}
    treatment:
      note metrics: precision=0.873 recall=0.873 f1=0.873 matched=178/204 pred=204
      strict onset f1: 10ms=0.711 20ms=0.858 30ms=0.873
      timing metrics: offset_f1=0.819 rhythm_precision=0.938 note_value_acc=0.573 note_value_n=178 avg_beat_error=0.084
      duplicate metrics: duplicates=13 per_100_notes=6.37
      boundary metrics: gt=63 matched=54 missed=9 miss_rate=0.143
      latency: avg_chunk_ms=22.42 p95_chunk_ms=28.41 avg_rtf=0.037
      notation metrics: first_correct_ms=76.5 visible_p50_ms=276.3 visible_p95_ms=619.2 stabilize_p50_ms=1686.2 stabilize_p95_ms=2577.1 avg_revisions=2.26 matched=47 refined=47 snapshots=21
      algorithmic latency: first_correct_ms=54.2 visible_p50_ms=255.2 visible_p95_ms=599.2 stabilize_p50_ms=1145.8 stabilize_p95_ms=1845.5
      final display note metrics: precision=0.932 recall=0.868 f1=0.898 matched=177/204 pred=190
      final display strict onset f1: 10ms=0.716 20ms=0.883 30ms=0.898
      final display timing: offset_f1=0.843 rhythm_precision=0.938 note_value_acc=0.418 note_value_n=177 avg_beat_error=0.122
      final display structure: cluster_f1=0.321 onset_align_recall=0.818 avg_jaccard=0.800 exact=13/44 pred=37 over=8 under=11 pitch_conflicts=4 missed_gt=8
      threshold profiles: hit_rate=0.000 thresholds=[0.7] profiles={'baseline_nominal': 10}
    delta treatment-control: precision=+0.000 recall=+0.000 f1=+0.000 offset_f1=+0.000 note_value_acc=+0.000 dup_per_100=+0.00 boundary_miss_rate=+0.000 p95_chunk_ms=+1.37 f1_10ms=+0.000 f1_20ms=+0.000 f1_30ms=+0.000 visible_p50_ms=-1.1 stabilize_p50_ms=+1.3 algo_visible_p50_ms=+0.0 algo_stabilize_p50_ms=+0.0 avg_revisions=+0.00 display_note_f1=+0.000 display_offset_f1=+0.000 display_cluster_f1=+0.000 display_cluster_jaccard=+0.000
    failure buckets: ['boundary_miss_failure', 'high_revision_slow_stabilization']
      boundary diagnostics: missed=9 by_arm={'control': 9, 'treatment': 9} tags={'control_boundary_miss': 9, 'no_control_coarse_candidate': 9}
        miss: pitch=75 onset=0.662s boundary_delta_ms=+62.5 control_coarse=False treatment_coarse=False retro=n/a
        miss: pitch=56 onset=0.683s boundary_delta_ms=+83.3 control_coarse=False treatment_coarse=False retro=n/a
        miss: pitch=73 onset=0.689s boundary_delta_ms=+88.5 control_coarse=False treatment_coarse=False retro=n/a
        ... 6 more missed boundary notes in diagnostics JSON
[TIMING] EnhancedMel.transcribe: audio_to_gpu=0.3ms, features=0.5ms, model=11.4ms, decode=1.1ms | TOTAL=13.2ms for 600ms audio (RTF=0.02x)
[TIMING] stream_chunk[experiment-d384cd2e8d0649839d8232f18da815d4](live_neural): decode=0.2ms, inference=15.0ms, second_pass=0.0ms, contention=0.0ms, TOTAL=15.2ms | audio=600ms, RTF=0.03x | model=enhanced_mel, neural_total=14.6ms, model_inference=11.4ms
[TIMING] EnhancedMel.transcribe: audio_to_gpu=0.1ms, features=0.4ms, model=9.6ms, decode=2.0ms | TOTAL=12.0ms for 1200ms audio (RTF=0.01x)
[TIMING] stream_chunk[experiment-d384cd2e8d0649839d8232f18da815d4](live_neural): decode=0.1ms, inference=13.7ms, second_pass=0.0ms, contention=0.0ms, TOTAL=13.8ms | audio=600ms, RTF=0.02x | model=enhanced_mel, neural_total=13.3ms, model_inference=9.6ms
[TIMING] EnhancedMel.transcribe: audio_to_gpu=0.1ms, features=0.3ms, model=12.0ms, decode=2.8ms | TOTAL=15.3ms for 1800ms audio (RTF=0.01x)
[TIMING] stream_chunk[experiment-d384cd2e8d0649839d8232f18da815d4](live_neural): decode=0.1ms, inference=17.1ms, second_pass=0.0ms, contention=0.0ms, TOTAL=17.3ms | audio=600ms, RTF=0.03x | model=enhanced_mel, neural_total=16.8ms, model_inference=12.0ms
[TIMING] EnhancedMel.transcribe: audio_to_gpu=0.1ms, features=0.4ms, model=11.6ms, decode=3.6ms | TOTAL=15.7ms for 2400ms audio (RTF=0.01x)
[TIMING] stream_chunk[experiment-d384cd2e8d0649839d8232f18da815d4](live_neural): decode=0.1ms, inference=17.7ms, second_pass=0.0ms, contention=0.0ms, TOTAL=17.9ms | audio=600ms, RTF=0.03x | model=enhanced_mel, neural_total=17.4ms, model_inference=11.6ms
[TIMING] EnhancedMel.transcribe: audio_to_gpu=0.1ms, features=0.3ms, model=12.3ms, decode=4.5ms | TOTAL=17.3ms for 3000ms audio (RTF=0.01x)
[TIMING] stream_chunk[experiment-d384cd2e8d0649839d8232f18da815d4](live_neural): decode=0.1ms, inference=19.7ms, second_pass=0.0ms, contention=0.0ms, TOTAL=19.9ms | audio=600ms, RTF=0.03x | model=enhanced_mel, neural_total=19.4ms, model_inference=12.3ms
[TIMING] EnhancedMel.transcribe: audio_to_gpu=0.2ms, features=0.5ms, model=12.3ms, decode=4.5ms | TOTAL=17.4ms for 3000ms audio (RTF=0.01x)
[TIMING] stream_chunk[experiment-d384cd2e8d0649839d8232f18da815d4](live_neural): decode=0.1ms, inference=19.5ms, second_pass=0.0ms, contention=0.0ms, TOTAL=19.7ms | audio=600ms, RTF=0.03x | model=enhanced_mel, neural_total=19.2ms, model_inference=12.3ms
[TIMING] EnhancedMel.transcribe: audio_to_gpu=0.3ms, features=0.5ms, model=12.2ms, decode=4.5ms | TOTAL=17.5ms for 3000ms audio (RTF=0.01x)
[TIMING] stream_chunk[experiment-d384cd2e8d0649839d8232f18da815d4](live_neural): decode=0.1ms, inference=20.6ms, second_pass=0.0ms, contention=0.0ms, TOTAL=20.8ms | audio=600ms, RTF=0.03x | model=enhanced_mel, neural_total=20.1ms, model_inference=12.2ms
[TIMING] EnhancedMel.transcribe: audio_to_gpu=0.1ms, features=0.5ms, model=12.4ms, decode=4.5ms | TOTAL=17.5ms for 3000ms audio (RTF=0.01x)
[TIMING] stream_chunk[experiment-d384cd2e8d0649839d8232f18da815d4](live_neural): decode=0.2ms, inference=19.7ms, second_pass=0.0ms, contention=0.0ms, TOTAL=20.0ms | audio=600ms, RTF=0.03x | model=enhanced_mel, neural_total=19.3ms, model_inference=12.4ms
[TIMING] EnhancedMel.transcribe: audio_to_gpu=0.2ms, features=0.5ms, model=12.3ms, decode=4.8ms | TOTAL=17.7ms for 3000ms audio (RTF=0.01x)
[TIMING] stream_chunk[experiment-d384cd2e8d0649839d8232f18da815d4](live_neural): decode=0.1ms, inference=20.6ms, second_pass=0.0ms, contention=0.0ms, TOTAL=20.8ms | audio=600ms, RTF=0.03x | model=enhanced_mel, neural_total=20.2ms, model_inference=12.3ms
[TIMING] EnhancedMel.transcribe: audio_to_gpu=0.3ms, features=0.5ms, model=12.0ms, decode=4.9ms | TOTAL=17.7ms for 3000ms audio (RTF=0.01x)
[TIMING] stream_chunk[experiment-d384cd2e8d0649839d8232f18da815d4](live_neural): decode=0.1ms, inference=22.2ms, second_pass=0.0ms, contention=0.0ms, TOTAL=22.5ms | audio=600ms, RTF=0.04x | model=enhanced_mel, neural_total=21.8ms, model_inference=12.0ms
[TIMING] EnhancedMel.transcribe: audio_to_gpu=0.1ms, features=0.4ms, model=11.2ms, decode=1.1ms | TOTAL=12.8ms for 600ms audio (RTF=0.02x)
[TIMING] stream_chunk[experiment-29e9a9c607cd42ec9918c74725f4e409](live_neural): decode=0.2ms, inference=14.3ms, second_pass=0.0ms, contention=0.0ms, TOTAL=14.5ms | audio=600ms, RTF=0.02x | model=enhanced_mel, neural_total=13.9ms, model_inference=11.2ms
[TIMING] EnhancedMel.transcribe: audio_to_gpu=0.1ms, features=0.3ms, model=9.9ms, decode=1.9ms | TOTAL=12.3ms for 1200ms audio (RTF=0.01x)
[TIMING] stream_chunk[experiment-29e9a9c607cd42ec9918c74725f4e409](live_neural): decode=0.2ms, inference=14.0ms, second_pass=0.0ms, contention=0.0ms, TOTAL=14.2ms | audio=600ms, RTF=0.02x | model=enhanced_mel, neural_total=13.6ms, model_inference=9.9ms
[TIMING] EnhancedMel.transcribe: audio_to_gpu=0.1ms, features=0.3ms, model=11.8ms, decode=2.8ms | TOTAL=15.0ms for 1800ms audio (RTF=0.01x)
[TIMING] stream_chunk[experiment-29e9a9c607cd42ec9918c74725f4e409](live_neural): decode=0.1ms, inference=16.9ms, second_pass=0.0ms, contention=0.0ms, TOTAL=17.0ms | audio=600ms, RTF=0.03x | model=enhanced_mel, neural_total=16.4ms, model_inference=11.8ms
[TIMING] EnhancedMel.transcribe: audio_to_gpu=0.1ms, features=0.4ms, model=13.7ms, decode=3.9ms | TOTAL=18.2ms for 2400ms audio (RTF=0.01x)
[TIMING] stream_chunk[experiment-29e9a9c607cd42ec9918c74725f4e409](live_neural): decode=0.1ms, inference=20.1ms, second_pass=0.0ms, contention=0.0ms, TOTAL=20.3ms | audio=600ms, RTF=0.03x | model=enhanced_mel, neural_total=19.8ms, model_inference=13.7ms
[TIMING] EnhancedMel.transcribe: audio_to_gpu=0.3ms, features=0.7ms, model=14.7ms, decode=5.2ms | TOTAL=20.9ms for 3000ms audio (RTF=0.01x)
[TIMING] stream_chunk[experiment-29e9a9c607cd42ec9918c74725f4e409](live_neural): decode=0.2ms, inference=23.1ms, second_pass=0.0ms, contention=0.0ms, TOTAL=23.4ms | audio=600ms, RTF=0.04x | model=enhanced_mel, neural_total=22.8ms, model_inference=14.7ms
[TIMING] EnhancedMel.transcribe: audio_to_gpu=0.2ms, features=0.6ms, model=19.5ms, decode=4.7ms | TOTAL=25.0ms for 3000ms audio (RTF=0.01x)
[TIMING] stream_chunk[experiment-29e9a9c607cd42ec9918c74725f4e409](live_neural): decode=0.1ms, inference=27.2ms, second_pass=0.0ms, contention=0.0ms, TOTAL=27.4ms | audio=600ms, RTF=0.05x | model=enhanced_mel, neural_total=26.9ms, model_inference=19.5ms
[TIMING] EnhancedMel.transcribe: audio_to_gpu=0.2ms, features=0.4ms, model=12.0ms, decode=4.9ms | TOTAL=17.4ms for 3000ms audio (RTF=0.01x)
[TIMING] stream_chunk[experiment-29e9a9c607cd42ec9918c74725f4e409](live_neural): decode=0.1ms, inference=19.6ms, second_pass=0.0ms, contention=0.0ms, TOTAL=19.8ms | audio=600ms, RTF=0.03x | model=enhanced_mel, neural_total=19.3ms, model_inference=12.0ms
[TIMING] EnhancedMel.transcribe: audio_to_gpu=0.2ms, features=0.6ms, model=19.9ms, decode=4.4ms | TOTAL=25.2ms for 3000ms audio (RTF=0.01x)
[TIMING] stream_chunk[experiment-29e9a9c607cd42ec9918c74725f4e409](live_neural): decode=0.1ms, inference=27.2ms, second_pass=0.0ms, contention=0.0ms, TOTAL=27.4ms | audio=600ms, RTF=0.05x | model=enhanced_mel, neural_total=26.9ms, model_inference=19.9ms
[TIMING] EnhancedMel.transcribe: audio_to_gpu=0.3ms, features=0.6ms, model=18.1ms, decode=4.8ms | TOTAL=23.9ms for 3000ms audio (RTF=0.01x)
[TIMING] stream_chunk[experiment-29e9a9c607cd42ec9918c74725f4e409](live_neural): decode=0.1ms, inference=25.9ms, second_pass=0.0ms, contention=0.0ms, TOTAL=26.2ms | audio=600ms, RTF=0.04x | model=enhanced_mel, neural_total=25.6ms, model_inference=18.1ms
[TIMING] EnhancedMel.transcribe: audio_to_gpu=0.2ms, features=0.5ms, model=20.9ms, decode=4.9ms | TOTAL=26.5ms for 3000ms audio (RTF=0.01x)
[TIMING] stream_chunk[experiment-29e9a9c607cd42ec9918c74725f4e409](live_neural): decode=0.1ms, inference=28.9ms, second_pass=0.0ms, contention=0.0ms, TOTAL=29.1ms | audio=600ms, RTF=0.05x | model=enhanced_mel, neural_total=28.6ms, model_inference=20.9ms

[CLIP_007] Etude "Pour les accords"
  excerpt: start=66.00s end=72.00s duration=6.00s gt_notes=10 rms=0.0115 peak=0.0641 crest=5.566 rms_std=0.0051
    control:
      note metrics: precision=0.692 recall=0.900 f1=0.783 matched=9/10 pred=13
      strict onset f1: 10ms=0.609 20ms=0.783 30ms=0.783
      timing metrics: offset_f1=0.435 rhythm_precision=0.556 note_value_acc=0.000 note_value_n=9 avg_beat_error=0.882
      duplicate metrics: duplicates=2 per_100_notes=15.38
      boundary metrics: gt=4 matched=4 missed=0 miss_rate=0.000
      latency: avg_chunk_ms=18.80 p95_chunk_ms=21.75 avg_rtf=0.031
      notation metrics: first_correct_ms=81.0 visible_p50_ms=303.6 visible_p95_ms=419.8 stabilize_p50_ms=1304.3 stabilize_p95_ms=1420.4 avg_revisions=1.00 matched=5 refined=5 snapshots=13
      algorithmic latency: first_correct_ms=60.2 visible_p50_ms=282.8 visible_p95_ms=399.0 stabilize_p50_ms=882.8 stabilize_p95_ms=999.0
      final display note metrics: precision=0.900 recall=0.900 f1=0.900 matched=9/10 pred=10
      final display strict onset f1: 10ms=0.700 20ms=0.900 30ms=0.900
      final display timing: offset_f1=0.300 rhythm_precision=0.333 note_value_acc=0.444 note_value_n=9 avg_beat_error=0.741
      final display structure: cluster_f1=0.571 onset_align_recall=1.000 avg_jaccard=0.889 exact=2/3 pred=4 over=0 under=1 pitch_conflicts=0 missed_gt=0
      threshold profiles: hit_rate=0.000 thresholds=[0.7] profiles={'fixed_baseline': 10}
    treatment:
      note metrics: precision=0.692 recall=0.900 f1=0.783 matched=9/10 pred=13
      strict onset f1: 10ms=0.609 20ms=0.783 30ms=0.783
      timing metrics: offset_f1=0.435 rhythm_precision=0.556 note_value_acc=0.000 note_value_n=9 avg_beat_error=0.882
      duplicate metrics: duplicates=2 per_100_notes=15.38
      boundary metrics: gt=4 matched=4 missed=0 miss_rate=0.000
      latency: avg_chunk_ms=21.94 p95_chunk_ms=28.36 avg_rtf=0.037
      notation metrics: first_correct_ms=86.3 visible_p50_ms=309.0 visible_p95_ms=425.1 stabilize_p50_ms=1309.9 stabilize_p95_ms=1426.1 avg_revisions=1.00 matched=5 refined=5 snapshots=13
      algorithmic latency: first_correct_ms=60.2 visible_p50_ms=282.8 visible_p95_ms=399.0 stabilize_p50_ms=882.8 stabilize_p95_ms=999.0
      final display note metrics: precision=0.900 recall=0.900 f1=0.900 matched=9/10 pred=10
      final display strict onset f1: 10ms=0.700 20ms=0.900 30ms=0.900
      final display timing: offset_f1=0.300 rhythm_precision=0.333 note_value_acc=0.444 note_value_n=9 avg_beat_error=0.741
      final display structure: cluster_f1=0.571 onset_align_recall=1.000 avg_jaccard=0.889 exact=2/3 pred=4 over=0 under=1 pitch_conflicts=0 missed_gt=0
      threshold profiles: hit_rate=1.000 thresholds=[0.66] profiles={'soft_sparse_recall': 10}
    delta treatment-control: precision=+0.000 recall=+0.000 f1=+0.000 offset_f1=+0.000 note_value_acc=+0.000 dup_per_100=+0.00 boundary_miss_rate=+0.000 p95_chunk_ms=+6.61 f1_10ms=+0.000 f1_20ms=+0.000 f1_30ms=+0.000 visible_p50_ms=+5.3 stabilize_p50_ms=+5.6 algo_visible_p50_ms=+0.0 algo_stabilize_p50_ms=+0.0 avg_revisions=+0.00 display_note_f1=+0.000 display_offset_f1=+0.000 display_cluster_f1=+0.000 display_cluster_jaccard=+0.000
    failure buckets: ['note_value_offset_failure']
[TIMING] EnhancedMel.transcribe: audio_to_gpu=0.3ms, features=0.6ms, model=10.5ms, decode=1.4ms | TOTAL=12.8ms for 600ms audio (RTF=0.02x)
[TIMING] stream_chunk[experiment-77a82aa6f88d4da6af32afee1b9f1fd4](live_neural): decode=0.1ms, inference=14.4ms, second_pass=0.0ms, contention=0.0ms, TOTAL=14.6ms | audio=600ms, RTF=0.02x | model=enhanced_mel, neural_total=14.0ms, model_inference=10.5ms
[TIMING] EnhancedMel.transcribe: audio_to_gpu=0.2ms, features=0.5ms, model=15.6ms, decode=2.6ms | TOTAL=19.0ms for 1200ms audio (RTF=0.02x)
[TIMING] stream_chunk[experiment-77a82aa6f88d4da6af32afee1b9f1fd4](live_neural): decode=0.1ms, inference=20.7ms, second_pass=0.0ms, contention=0.0ms, TOTAL=21.1ms | audio=600ms, RTF=0.04x | model=enhanced_mel, neural_total=20.4ms, model_inference=15.6ms
[TIMING] EnhancedMel.transcribe: audio_to_gpu=0.2ms, features=0.4ms, model=10.5ms, decode=3.8ms | TOTAL=15.0ms for 1800ms audio (RTF=0.01x)
[TIMING] stream_chunk[experiment-77a82aa6f88d4da6af32afee1b9f1fd4](live_neural): decode=1.0ms, inference=17.4ms, second_pass=0.0ms, contention=0.0ms, TOTAL=18.6ms | audio=600ms, RTF=0.03x | model=enhanced_mel, neural_total=17.0ms, model_inference=10.5ms
[TIMING] EnhancedMel.transcribe: audio_to_gpu=0.3ms, features=0.6ms, model=19.4ms, decode=5.6ms | TOTAL=25.9ms for 2400ms audio (RTF=0.01x)
[TIMING] stream_chunk[experiment-77a82aa6f88d4da6af32afee1b9f1fd4](live_neural): decode=0.1ms, inference=28.3ms, second_pass=0.0ms, contention=0.0ms, TOTAL=28.7ms | audio=600ms, RTF=0.05x | model=enhanced_mel, neural_total=28.0ms, model_inference=19.4ms
[TIMING] EnhancedMel.transcribe: audio_to_gpu=0.3ms, features=0.5ms, model=11.8ms, decode=6.0ms | TOTAL=18.6ms for 3000ms audio (RTF=0.01x)
[TIMING] stream_chunk[experiment-77a82aa6f88d4da6af32afee1b9f1fd4](live_neural): decode=0.1ms, inference=22.0ms, second_pass=0.0ms, contention=0.0ms, TOTAL=22.4ms | audio=600ms, RTF=0.04x | model=enhanced_mel, neural_total=21.7ms, model_inference=11.8ms
[TIMING] EnhancedMel.transcribe: audio_to_gpu=0.4ms, features=0.7ms, model=14.6ms, decode=5.9ms | TOTAL=21.5ms for 3000ms audio (RTF=0.01x)
[TIMING] stream_chunk[experiment-77a82aa6f88d4da6af32afee1b9f1fd4](live_neural): decode=0.1ms, inference=24.0ms, second_pass=0.0ms, contention=0.0ms, TOTAL=24.6ms | audio=600ms, RTF=0.04x | model=enhanced_mel, neural_total=23.6ms, model_inference=14.6ms
[TIMING] EnhancedMel.transcribe: audio_to_gpu=0.3ms, features=0.5ms, model=12.9ms, decode=5.9ms | TOTAL=19.6ms for 3000ms audio (RTF=0.01x)
[TIMING] stream_chunk[experiment-77a82aa6f88d4da6af32afee1b9f1fd4](live_neural): decode=0.2ms, inference=22.0ms, second_pass=0.0ms, contention=0.0ms, TOTAL=22.4ms | audio=600ms, RTF=0.04x | model=enhanced_mel, neural_total=21.7ms, model_inference=12.9ms
[TIMING] EnhancedMel.transcribe: audio_to_gpu=0.4ms, features=0.5ms, model=12.3ms, decode=5.8ms | TOTAL=18.9ms for 3000ms audio (RTF=0.01x)
[TIMING] stream_chunk[experiment-77a82aa6f88d4da6af32afee1b9f1fd4](live_neural): decode=0.1ms, inference=22.6ms, second_pass=0.0ms, contention=0.0ms, TOTAL=23.0ms | audio=600ms, RTF=0.04x | model=enhanced_mel, neural_total=22.2ms, model_inference=12.3ms
[TIMING] EnhancedMel.transcribe: audio_to_gpu=0.4ms, features=0.5ms, model=12.1ms, decode=5.9ms | TOTAL=18.9ms for 3000ms audio (RTF=0.01x)
[TIMING] stream_chunk[experiment-77a82aa6f88d4da6af32afee1b9f1fd4](live_neural): decode=0.1ms, inference=21.3ms, second_pass=0.0ms, contention=0.0ms, TOTAL=21.8ms | audio=600ms, RTF=0.04x | model=enhanced_mel, neural_total=20.8ms, model_inference=12.1ms
[TIMING] EnhancedMel.transcribe: audio_to_gpu=0.3ms, features=0.5ms, model=12.3ms, decode=5.9ms | TOTAL=19.0ms for 3000ms audio (RTF=0.01x)
[TIMING] stream_chunk[experiment-77a82aa6f88d4da6af32afee1b9f1fd4](live_neural): decode=0.2ms, inference=21.8ms, second_pass=0.0ms, contention=0.0ms, TOTAL=22.3ms | audio=600ms, RTF=0.04x | model=enhanced_mel, neural_total=21.4ms, model_inference=12.3ms
[TIMING] EnhancedMel.transcribe: audio_to_gpu=0.2ms, features=0.5ms, model=10.1ms, decode=1.5ms | TOTAL=12.3ms for 600ms audio (RTF=0.02x)
[TIMING] stream_chunk[experiment-62a7ca2ef847408da6443aea1efc3b81](live_neural): decode=0.1ms, inference=15.7ms, second_pass=0.0ms, contention=0.0ms, TOTAL=16.0ms | audio=600ms, RTF=0.03x | model=enhanced_mel, neural_total=14.9ms, model_inference=10.1ms
[TIMING] EnhancedMel.transcribe: audio_to_gpu=0.2ms, features=0.7ms, model=22.3ms, decode=2.7ms | TOTAL=25.8ms for 1200ms audio (RTF=0.02x)
[TIMING] stream_chunk[experiment-62a7ca2ef847408da6443aea1efc3b81](live_neural): decode=0.1ms, inference=27.7ms, second_pass=0.0ms, contention=0.0ms, TOTAL=28.0ms | audio=600ms, RTF=0.05x | model=enhanced_mel, neural_total=27.3ms, model_inference=22.3ms
[TIMING] EnhancedMel.transcribe: audio_to_gpu=0.3ms, features=0.7ms, model=21.6ms, decode=3.7ms | TOTAL=26.3ms for 1800ms audio (RTF=0.01x)
[TIMING] stream_chunk[experiment-62a7ca2ef847408da6443aea1efc3b81](live_neural): decode=0.1ms, inference=28.5ms, second_pass=0.0ms, contention=0.0ms, TOTAL=28.8ms | audio=600ms, RTF=0.05x | model=enhanced_mel, neural_total=28.1ms, model_inference=21.6ms
[TIMING] EnhancedMel.transcribe: audio_to_gpu=0.2ms, features=0.5ms, model=11.0ms, decode=4.7ms | TOTAL=16.4ms for 2400ms audio (RTF=0.01x)
[TIMING] stream_chunk[experiment-62a7ca2ef847408da6443aea1efc3b81](live_neural): decode=0.1ms, inference=20.0ms, second_pass=0.0ms, contention=0.0ms, TOTAL=20.4ms | audio=600ms, RTF=0.03x | model=enhanced_mel, neural_total=19.5ms, model_inference=11.0ms
[TIMING] EnhancedMel.transcribe: audio_to_gpu=0.2ms, features=0.4ms, model=11.8ms, decode=6.0ms | TOTAL=18.5ms for 3000ms audio (RTF=0.01x)
[TIMING] stream_chunk[experiment-62a7ca2ef847408da6443aea1efc3b81](live_neural): decode=0.1ms, inference=21.0ms, second_pass=0.0ms, contention=0.0ms, TOTAL=21.4ms | audio=600ms, RTF=0.04x | model=enhanced_mel, neural_total=20.6ms, model_inference=11.8ms
[TIMING] EnhancedMel.transcribe: audio_to_gpu=0.4ms, features=0.6ms, model=13.0ms, decode=5.9ms | TOTAL=19.8ms for 3000ms audio (RTF=0.01x)
[TIMING] stream_chunk[experiment-62a7ca2ef847408da6443aea1efc3b81](live_neural): decode=0.1ms, inference=22.4ms, second_pass=0.0ms, contention=0.0ms, TOTAL=22.7ms | audio=600ms, RTF=0.04x | model=enhanced_mel, neural_total=21.8ms, model_inference=13.0ms
[TIMING] EnhancedMel.transcribe: audio_to_gpu=0.4ms, features=0.7ms, model=19.9ms, decode=7.1ms | TOTAL=28.1ms for 3000ms audio (RTF=0.01x)
[TIMING] stream_chunk[experiment-62a7ca2ef847408da6443aea1efc3b81](live_neural): decode=0.1ms, inference=30.5ms, second_pass=0.0ms, contention=0.0ms, TOTAL=30.8ms | audio=600ms, RTF=0.05x | model=enhanced_mel, neural_total=30.1ms, model_inference=19.9ms
[TIMING] EnhancedMel.transcribe: audio_to_gpu=0.3ms, features=0.5ms, model=11.8ms, decode=6.7ms | TOTAL=19.3ms for 3000ms audio (RTF=0.01x)
[TIMING] stream_chunk[experiment-62a7ca2ef847408da6443aea1efc3b81](live_neural): decode=0.1ms, inference=24.0ms, second_pass=0.0ms, contention=0.0ms, TOTAL=24.3ms | audio=600ms, RTF=0.04x | model=enhanced_mel, neural_total=23.6ms, model_inference=11.8ms
[TIMING] EnhancedMel.transcribe: audio_to_gpu=0.3ms, features=0.5ms, model=12.0ms, decode=6.0ms | TOTAL=18.8ms for 3000ms audio (RTF=0.01x)
[TIMING] stream_chunk[experiment-62a7ca2ef847408da6443aea1efc3b81](live_neural): decode=0.1ms, inference=22.3ms, second_pass=0.0ms, contention=0.0ms, TOTAL=22.7ms | audio=600ms, RTF=0.04x | model=enhanced_mel, neural_total=21.8ms, model_inference=12.0ms
[TIMING] EnhancedMel.transcribe: audio_to_gpu=0.3ms, features=0.5ms, model=13.8ms, decode=6.5ms | TOTAL=21.1ms for 3000ms audio (RTF=0.01x)
[TIMING] stream_chunk[experiment-62a7ca2ef847408da6443aea1efc3b81](live_neural): decode=0.1ms, inference=24.6ms, second_pass=0.0ms, contention=0.0ms, TOTAL=24.9ms | audio=600ms, RTF=0.04x | model=enhanced_mel, neural_total=24.1ms, model_inference=13.8ms

[CLIP_008] Concert Etude No. 2, "Gnomenreigen", S. 145/2
  excerpt: start=57.00s end=63.00s duration=6.00s gt_notes=168 rms=0.1152 peak=0.5883 crest=5.105 rms_std=0.0373
    control:
      note metrics: precision=0.904 recall=0.899 f1=0.901 matched=151/168 pred=167
      strict onset f1: 10ms=0.758 20ms=0.896 30ms=0.901
      timing metrics: offset_f1=0.901 rhythm_precision=1.000 note_value_acc=0.815 note_value_n=151 avg_beat_error=0.020
      duplicate metrics: duplicates=10 per_100_notes=5.99
      boundary metrics: gt=57 matched=53 missed=4 miss_rate=0.070
      latency: avg_chunk_ms=21.95 p95_chunk_ms=26.86 avg_rtf=0.036
      notation metrics: first_correct_ms=44.4 visible_p50_ms=330.7 visible_p95_ms=616.9 stabilize_p50_ms=1217.3 stabilize_p95_ms=1974.1 avg_revisions=1.57 matched=93 refined=93 snapshots=20
      algorithmic latency: first_correct_ms=21.4 visible_p50_ms=316.1 visible_p95_ms=594.9 stabilize_p50_ms=905.2 stabilize_p95_ms=1871.2
      final display note metrics: precision=0.966 recall=0.851 f1=0.905 matched=143/168 pred=148
      final display strict onset f1: 10ms=0.753 20ms=0.899 30ms=0.905
      final display timing: offset_f1=0.905 rhythm_precision=1.000 note_value_acc=0.224 note_value_n=143 avg_beat_error=0.090
      final display structure: cluster_f1=0.579 onset_align_recall=0.899 avg_jaccard=0.811 exact=44/79 pred=73 over=5 under=15 pitch_conflicts=7 missed_gt=8
      threshold profiles: hit_rate=0.000 thresholds=[0.7] profiles={'fixed_baseline': 10}
    treatment:
      note metrics: precision=0.904 recall=0.899 f1=0.901 matched=151/168 pred=167
      strict onset f1: 10ms=0.758 20ms=0.896 30ms=0.901
      timing metrics: offset_f1=0.901 rhythm_precision=1.000 note_value_acc=0.815 note_value_n=151 avg_beat_error=0.020
      duplicate metrics: duplicates=10 per_100_notes=5.99
      boundary metrics: gt=57 matched=53 missed=4 miss_rate=0.070
      latency: avg_chunk_ms=23.99 p95_chunk_ms=29.91 avg_rtf=0.040
      notation metrics: first_correct_ms=45.7 visible_p50_ms=333.7 visible_p95_ms=621.5 stabilize_p50_ms=1218.2 stabilize_p95_ms=1974.2 avg_revisions=1.57 matched=93 refined=93 snapshots=20
      algorithmic latency: first_correct_ms=21.4 visible_p50_ms=316.1 visible_p95_ms=594.9 stabilize_p50_ms=905.2 stabilize_p95_ms=1871.2
      final display note metrics: precision=0.966 recall=0.851 f1=0.905 matched=143/168 pred=148
      final display strict onset f1: 10ms=0.753 20ms=0.899 30ms=0.905
      final display timing: offset_f1=0.905 rhythm_precision=1.000 note_value_acc=0.224 note_value_n=143 avg_beat_error=0.090
      final display structure: cluster_f1=0.579 onset_align_recall=0.899 avg_jaccard=0.811 exact=44/79 pred=73 over=5 under=15 pitch_conflicts=7 missed_gt=8
      threshold profiles: hit_rate=0.700 thresholds=[0.7, 0.72] profiles={'baseline_nominal': 3, 'loud_dense_precision': 7}
    delta treatment-control: precision=+0.000 recall=+0.000 f1=+0.000 offset_f1=+0.000 note_value_acc=+0.000 dup_per_100=+0.00 boundary_miss_rate=+0.000 p95_chunk_ms=+3.05 f1_10ms=+0.000 f1_20ms=+0.000 f1_30ms=+0.000 visible_p50_ms=+3.0 stabilize_p50_ms=+0.9 algo_visible_p50_ms=+0.0 algo_stabilize_p50_ms=+0.0 avg_revisions=+0.00 display_note_f1=+0.000 display_offset_f1=+0.000 display_cluster_f1=+0.000 display_cluster_jaccard=+0.000
    failure buckets: ['boundary_miss_failure', 'high_revision_slow_stabilization']
      boundary diagnostics: missed=4 by_arm={'control': 4, 'treatment': 4} tags={'control_boundary_miss': 4, 'no_control_coarse_candidate': 4}
        miss: pitch=76 onset=1.727s boundary_delta_ms=-73.4 control_coarse=False treatment_coarse=False retro=n/a
        miss: pitch=76 onset=1.835s boundary_delta_ms=+34.6 control_coarse=False treatment_coarse=False retro=n/a
        miss: pitch=78 onset=4.191s boundary_delta_ms=-8.6 control_coarse=False treatment_coarse=False retro=n/a
        ... 1 more missed boundary notes in diagnostics JSON
[TIMING] EnhancedMel.transcribe: audio_to_gpu=0.3ms, features=0.6ms, model=10.5ms, decode=1.3ms | TOTAL=12.6ms for 600ms audio (RTF=0.02x)
[TIMING] stream_chunk[experiment-9e433025f7c2426d95956e6491cdd162](live_neural): decode=0.2ms, inference=15.1ms, second_pass=0.0ms, contention=0.0ms, TOTAL=15.3ms | audio=600ms, RTF=0.03x | model=enhanced_mel, neural_total=14.6ms, model_inference=10.5ms
[TIMING] EnhancedMel.transcribe: audio_to_gpu=0.2ms, features=0.5ms, model=11.7ms, decode=2.1ms | TOTAL=14.6ms for 1200ms audio (RTF=0.01x)
[TIMING] stream_chunk[experiment-9e433025f7c2426d95956e6491cdd162](live_neural): decode=0.2ms, inference=16.4ms, second_pass=0.0ms, contention=0.0ms, TOTAL=16.7ms | audio=600ms, RTF=0.03x | model=enhanced_mel, neural_total=16.0ms, model_inference=11.7ms
[TIMING] EnhancedMel.transcribe: audio_to_gpu=0.1ms, features=0.5ms, model=11.8ms, decode=3.0ms | TOTAL=15.4ms for 1800ms audio (RTF=0.01x)
[TIMING] stream_chunk[experiment-9e433025f7c2426d95956e6491cdd162](live_neural): decode=0.2ms, inference=18.1ms, second_pass=0.0ms, contention=0.0ms, TOTAL=18.4ms | audio=600ms, RTF=0.03x | model=enhanced_mel, neural_total=17.7ms, model_inference=11.8ms
[TIMING] EnhancedMel.transcribe: audio_to_gpu=0.3ms, features=0.6ms, model=18.3ms, decode=3.9ms | TOTAL=23.2ms for 2400ms audio (RTF=0.01x)
[TIMING] stream_chunk[experiment-9e433025f7c2426d95956e6491cdd162](live_neural): decode=0.1ms, inference=25.4ms, second_pass=0.0ms, contention=0.0ms, TOTAL=25.6ms | audio=600ms, RTF=0.04x | model=enhanced_mel, neural_total=25.0ms, model_inference=18.3ms
[TIMING] EnhancedMel.transcribe: audio_to_gpu=0.1ms, features=0.3ms, model=12.0ms, decode=4.7ms | TOTAL=17.2ms for 3000ms audio (RTF=0.01x)
[TIMING] stream_chunk[experiment-9e433025f7c2426d95956e6491cdd162](live_neural): decode=0.2ms, inference=19.3ms, second_pass=0.0ms, contention=0.0ms, TOTAL=19.6ms | audio=600ms, RTF=0.03x | model=enhanced_mel, neural_total=18.9ms, model_inference=12.0ms
[TIMING] EnhancedMel.transcribe: audio_to_gpu=0.4ms, features=0.5ms, model=11.7ms, decode=5.2ms | TOTAL=17.8ms for 3000ms audio (RTF=0.01x)
[TIMING] stream_chunk[experiment-9e433025f7c2426d95956e6491cdd162](live_neural): decode=0.1ms, inference=21.2ms, second_pass=0.0ms, contention=0.0ms, TOTAL=21.4ms | audio=600ms, RTF=0.04x | model=enhanced_mel, neural_total=20.8ms, model_inference=11.7ms
[TIMING] EnhancedMel.transcribe: audio_to_gpu=0.2ms, features=0.6ms, model=15.8ms, decode=4.9ms | TOTAL=21.5ms for 3000ms audio (RTF=0.01x)
[TIMING] stream_chunk[experiment-9e433025f7c2426d95956e6491cdd162](live_neural): decode=0.1ms, inference=23.6ms, second_pass=0.0ms, contention=0.0ms, TOTAL=23.8ms | audio=600ms, RTF=0.04x | model=enhanced_mel, neural_total=23.3ms, model_inference=15.8ms
[TIMING] EnhancedMel.transcribe: audio_to_gpu=0.3ms, features=0.7ms, model=18.3ms, decode=4.8ms | TOTAL=24.1ms for 3000ms audio (RTF=0.01x)
[TIMING] stream_chunk[experiment-9e433025f7c2426d95956e6491cdd162](live_neural): decode=0.1ms, inference=26.3ms, second_pass=0.0ms, contention=0.0ms, TOTAL=26.5ms | audio=600ms, RTF=0.04x | model=enhanced_mel, neural_total=25.8ms, model_inference=18.3ms
[TIMING] EnhancedMel.transcribe: audio_to_gpu=0.3ms, features=0.7ms, model=19.1ms, decode=4.8ms | TOTAL=24.9ms for 3000ms audio (RTF=0.01x)
[TIMING] stream_chunk[experiment-9e433025f7c2426d95956e6491cdd162](live_neural): decode=0.1ms, inference=27.1ms, second_pass=0.0ms, contention=0.0ms, TOTAL=27.3ms | audio=600ms, RTF=0.05x | model=enhanced_mel, neural_total=26.6ms, model_inference=19.1ms
[TIMING] EnhancedMel.transcribe: audio_to_gpu=0.1ms, features=0.5ms, model=13.1ms, decode=4.8ms | TOTAL=18.6ms for 3000ms audio (RTF=0.01x)
[TIMING] stream_chunk[experiment-9e433025f7c2426d95956e6491cdd162](live_neural): decode=0.1ms, inference=21.0ms, second_pass=0.0ms, contention=0.0ms, TOTAL=21.2ms | audio=600ms, RTF=0.04x | model=enhanced_mel, neural_total=20.5ms, model_inference=13.1ms
[TIMING] EnhancedMel.transcribe: audio_to_gpu=0.2ms, features=0.7ms, model=22.0ms, decode=1.1ms | TOTAL=24.1ms for 600ms audio (RTF=0.04x)
[TIMING] stream_chunk[experiment-11edd432a2c54c3bba82f42096ed566e](live_neural): decode=0.2ms, inference=25.5ms, second_pass=0.0ms, contention=0.0ms, TOTAL=25.7ms | audio=600ms, RTF=0.04x | model=enhanced_mel, neural_total=25.2ms, model_inference=22.0ms
[TIMING] EnhancedMel.transcribe: audio_to_gpu=0.1ms, features=0.4ms, model=11.4ms, decode=2.1ms | TOTAL=14.0ms for 1200ms audio (RTF=0.01x)
[TIMING] stream_chunk[experiment-11edd432a2c54c3bba82f42096ed566e](live_neural): decode=0.1ms, inference=16.3ms, second_pass=0.0ms, contention=0.0ms, TOTAL=16.5ms | audio=600ms, RTF=0.03x | model=enhanced_mel, neural_total=16.0ms, model_inference=11.4ms
[TIMING] EnhancedMel.transcribe: audio_to_gpu=0.2ms, features=0.7ms, model=19.7ms, decode=3.0ms | TOTAL=23.5ms for 1800ms audio (RTF=0.01x)
[TIMING] stream_chunk[experiment-11edd432a2c54c3bba82f42096ed566e](live_neural): decode=0.2ms, inference=25.3ms, second_pass=0.0ms, contention=0.0ms, TOTAL=25.6ms | audio=600ms, RTF=0.04x | model=enhanced_mel, neural_total=25.0ms, model_inference=19.7ms
[TIMING] EnhancedMel.transcribe: audio_to_gpu=0.1ms, features=0.4ms, model=11.3ms, decode=3.9ms | TOTAL=15.6ms for 2400ms audio (RTF=0.01x)
[TIMING] stream_chunk[experiment-11edd432a2c54c3bba82f42096ed566e](live_neural): decode=0.1ms, inference=17.6ms, second_pass=0.0ms, contention=0.0ms, TOTAL=17.8ms | audio=600ms, RTF=0.03x | model=enhanced_mel, neural_total=17.3ms, model_inference=11.3ms
[TIMING] EnhancedMel.transcribe: audio_to_gpu=0.1ms, features=0.3ms, model=13.2ms, decode=5.4ms | TOTAL=19.2ms for 3000ms audio (RTF=0.01x)
[TIMING] stream_chunk[experiment-11edd432a2c54c3bba82f42096ed566e](live_neural): decode=0.1ms, inference=21.6ms, second_pass=0.0ms, contention=0.0ms, TOTAL=21.8ms | audio=600ms, RTF=0.04x | model=enhanced_mel, neural_total=21.1ms, model_inference=13.2ms
[TIMING] EnhancedMel.transcribe: audio_to_gpu=0.3ms, features=0.6ms, model=12.1ms, decode=4.8ms | TOTAL=17.8ms for 3000ms audio (RTF=0.01x)
[TIMING] stream_chunk[experiment-11edd432a2c54c3bba82f42096ed566e](live_neural): decode=0.1ms, inference=20.6ms, second_pass=0.0ms, contention=0.0ms, TOTAL=20.9ms | audio=600ms, RTF=0.03x | model=enhanced_mel, neural_total=20.2ms, model_inference=12.1ms
[TIMING] EnhancedMel.transcribe: audio_to_gpu=0.1ms, features=0.4ms, model=12.5ms, decode=4.7ms | TOTAL=17.7ms for 3000ms audio (RTF=0.01x)
[TIMING] stream_chunk[experiment-11edd432a2c54c3bba82f42096ed566e](live_neural): decode=0.1ms, inference=20.6ms, second_pass=0.0ms, contention=0.0ms, TOTAL=20.8ms | audio=600ms, RTF=0.03x | model=enhanced_mel, neural_total=20.2ms, model_inference=12.5ms
[TIMING] EnhancedMel.transcribe: audio_to_gpu=0.5ms, features=0.5ms, model=12.6ms, decode=4.8ms | TOTAL=18.3ms for 3000ms audio (RTF=0.01x)
[TIMING] stream_chunk[experiment-11edd432a2c54c3bba82f42096ed566e](live_neural): decode=0.1ms, inference=21.0ms, second_pass=0.0ms, contention=0.0ms, TOTAL=21.2ms | audio=600ms, RTF=0.04x | model=enhanced_mel, neural_total=20.7ms, model_inference=12.6ms
[TIMING] EnhancedMel.transcribe: audio_to_gpu=0.1ms, features=0.4ms, model=12.9ms, decode=4.8ms | TOTAL=18.2ms for 3000ms audio (RTF=0.01x)
[TIMING] stream_chunk[experiment-11edd432a2c54c3bba82f42096ed566e](live_neural): decode=0.1ms, inference=20.5ms, second_pass=0.0ms, contention=0.0ms, TOTAL=20.7ms | audio=600ms, RTF=0.03x | model=enhanced_mel, neural_total=20.0ms, model_inference=12.9ms
[TIMING] EnhancedMel.transcribe: audio_to_gpu=0.2ms, features=0.5ms, model=20.9ms, decode=4.8ms | TOTAL=26.3ms for 3000ms audio (RTF=0.01x)
[TIMING] stream_chunk[experiment-11edd432a2c54c3bba82f42096ed566e](live_neural): decode=0.1ms, inference=28.5ms, second_pass=0.0ms, contention=0.0ms, TOTAL=28.7ms | audio=600ms, RTF=0.05x | model=enhanced_mel, neural_total=28.0ms, model_inference=20.9ms

[CLIP_009] Sonata in A Major, K. 208
  excerpt: start=3.00s end=9.00s duration=6.00s gt_notes=10 rms=0.0080 peak=0.0538 crest=6.725 rms_std=0.0041
    control:
      note metrics: precision=0.714 recall=1.000 f1=0.833 matched=10/10 pred=14
      strict onset f1: 10ms=0.833 20ms=0.833 30ms=0.833
      timing metrics: offset_f1=0.167 rhythm_precision=0.200 note_value_acc=0.000 note_value_n=10 avg_beat_error=1.456
      duplicate metrics: duplicates=0 per_100_notes=0.00
      boundary metrics: gt=2 matched=2 missed=0 miss_rate=0.000
      latency: avg_chunk_ms=21.58 p95_chunk_ms=26.91 avg_rtf=0.036
      notation metrics: first_correct_ms=144.3 visible_p50_ms=362.2 visible_p95_ms=611.4 stabilize_p50_ms=2037.7 stabilize_p95_ms=3080.9 avg_revisions=2.00 matched=10 refined=10 snapshots=18
      algorithmic latency: first_correct_ms=118.7 visible_p50_ms=341.9 visible_p95_ms=590.1 stabilize_p50_ms=1493.2 stabilize_p95_ms=2594.8
      final display note metrics: precision=0.714 recall=1.000 f1=0.833 matched=10/10 pred=14
      final display strict onset f1: 10ms=0.833 20ms=0.833 30ms=0.833
      final display timing: offset_f1=0.167 rhythm_precision=0.200 note_value_acc=0.100 note_value_n=10 avg_beat_error=1.075
      final display structure: cluster_f1=0.833 onset_align_recall=1.000 avg_jaccard=1.000 exact=10/10 pred=14 over=0 under=0 pitch_conflicts=0 missed_gt=0
      threshold profiles: hit_rate=0.000 thresholds=[0.7] profiles={'fixed_baseline': 10}
    treatment:
      note metrics: precision=0.667 recall=1.000 f1=0.800 matched=10/10 pred=15
      strict onset f1: 10ms=0.800 20ms=0.800 30ms=0.800
      timing metrics: offset_f1=0.160 rhythm_precision=0.200 note_value_acc=0.000 note_value_n=10 avg_beat_error=1.456
      duplicate metrics: duplicates=0 per_100_notes=0.00
      boundary metrics: gt=2 matched=2 missed=0 miss_rate=0.000
      latency: avg_chunk_ms=21.97 p95_chunk_ms=27.32 avg_rtf=0.037
      notation metrics: first_correct_ms=136.6 visible_p50_ms=360.6 visible_p95_ms=614.5 stabilize_p50_ms=2254.4 stabilize_p95_ms=3278.1 avg_revisions=1.70 matched=10 refined=10 snapshots=18
      algorithmic latency: first_correct_ms=118.7 visible_p50_ms=341.9 visible_p95_ms=590.1 stabilize_p50_ms=1549.1 stabilize_p95_ms=2478.0
      final display note metrics: precision=0.667 recall=1.000 f1=0.800 matched=10/10 pred=15
      final display strict onset f1: 10ms=0.800 20ms=0.800 30ms=0.800
      final display timing: offset_f1=0.160 rhythm_precision=0.200 note_value_acc=0.100 note_value_n=10 avg_beat_error=1.146
      final display structure: cluster_f1=0.800 onset_align_recall=1.000 avg_jaccard=1.000 exact=10/10 pred=15 over=0 under=0 pitch_conflicts=0 missed_gt=0
      threshold profiles: hit_rate=1.000 thresholds=[0.66] profiles={'soft_sparse_recall': 10}
    delta treatment-control: precision=-0.048 recall=+0.000 f1=-0.033 offset_f1=-0.007 note_value_acc=+0.000 dup_per_100=+0.00 boundary_miss_rate=+0.000 p95_chunk_ms=+0.41 f1_10ms=-0.033 f1_20ms=-0.033 f1_30ms=-0.033 visible_p50_ms=-1.6 stabilize_p50_ms=+216.8 algo_visible_p50_ms=+0.0 algo_stabilize_p50_ms=+55.9 avg_revisions=-0.30 display_note_f1=-0.033 display_offset_f1=-0.007 display_cluster_f1=-0.033 display_cluster_jaccard=+0.000
    failure buckets: ['high_revision_slow_stabilization', 'note_value_offset_failure']
[TIMING] EnhancedMel.transcribe: audio_to_gpu=0.3ms, features=0.6ms, model=10.1ms, decode=1.0ms | TOTAL=12.1ms for 600ms audio (RTF=0.02x)
[TIMING] stream_chunk[experiment-43a1c5ca45574b769fce4e24b2d752f9](live_neural): decode=0.2ms, inference=14.5ms, second_pass=0.0ms, contention=0.0ms, TOTAL=14.7ms | audio=600ms, RTF=0.02x | model=enhanced_mel, neural_total=14.1ms, model_inference=10.1ms
[TIMING] EnhancedMel.transcribe: audio_to_gpu=0.1ms, features=0.5ms, model=10.6ms, decode=2.3ms | TOTAL=13.5ms for 1200ms audio (RTF=0.01x)
[TIMING] stream_chunk[experiment-43a1c5ca45574b769fce4e24b2d752f9](live_neural): decode=0.3ms, inference=15.7ms, second_pass=0.0ms, contention=0.0ms, TOTAL=16.1ms | audio=600ms, RTF=0.03x | model=enhanced_mel, neural_total=15.3ms, model_inference=10.6ms
[TIMING] EnhancedMel.transcribe: audio_to_gpu=0.2ms, features=0.6ms, model=18.3ms, decode=3.4ms | TOTAL=22.5ms for 1800ms audio (RTF=0.01x)
[TIMING] stream_chunk[experiment-43a1c5ca45574b769fce4e24b2d752f9](live_neural): decode=0.2ms, inference=24.3ms, second_pass=0.0ms, contention=0.0ms, TOTAL=24.6ms | audio=600ms, RTF=0.04x | model=enhanced_mel, neural_total=23.9ms, model_inference=18.3ms
[TIMING] EnhancedMel.transcribe: audio_to_gpu=0.1ms, features=0.4ms, model=12.1ms, decode=4.4ms | TOTAL=17.0ms for 2400ms audio (RTF=0.01x)
[TIMING] stream_chunk[experiment-43a1c5ca45574b769fce4e24b2d752f9](live_neural): decode=0.1ms, inference=19.4ms, second_pass=0.0ms, contention=0.0ms, TOTAL=19.8ms | audio=600ms, RTF=0.03x | model=enhanced_mel, neural_total=19.1ms, model_inference=12.1ms
[TIMING] EnhancedMel.transcribe: audio_to_gpu=0.4ms, features=0.7ms, model=20.1ms, decode=5.7ms | TOTAL=26.9ms for 3000ms audio (RTF=0.01x)
[TIMING] stream_chunk[experiment-43a1c5ca45574b769fce4e24b2d752f9](live_neural): decode=0.1ms, inference=29.3ms, second_pass=0.0ms, contention=0.0ms, TOTAL=29.6ms | audio=600ms, RTF=0.05x | model=enhanced_mel, neural_total=29.0ms, model_inference=20.1ms
[TIMING] EnhancedMel.transcribe: audio_to_gpu=0.2ms, features=0.5ms, model=12.3ms, decode=5.6ms | TOTAL=18.5ms for 3000ms audio (RTF=0.01x)
[TIMING] stream_chunk[experiment-43a1c5ca45574b769fce4e24b2d752f9](live_neural): decode=0.2ms, inference=20.9ms, second_pass=0.0ms, contention=0.0ms, TOTAL=21.2ms | audio=600ms, RTF=0.04x | model=enhanced_mel, neural_total=20.5ms, model_inference=12.3ms
[TIMING] EnhancedMel.transcribe: audio_to_gpu=0.2ms, features=0.4ms, model=12.1ms, decode=5.8ms | TOTAL=18.5ms for 3000ms audio (RTF=0.01x)
[TIMING] stream_chunk[experiment-43a1c5ca45574b769fce4e24b2d752f9](live_neural): decode=0.1ms, inference=21.7ms, second_pass=0.0ms, contention=0.0ms, TOTAL=22.0ms | audio=600ms, RTF=0.04x | model=enhanced_mel, neural_total=21.4ms, model_inference=12.1ms
[TIMING] EnhancedMel.transcribe: audio_to_gpu=0.2ms, features=0.4ms, model=11.7ms, decode=5.7ms | TOTAL=18.0ms for 3000ms audio (RTF=0.01x)
[TIMING] stream_chunk[experiment-43a1c5ca45574b769fce4e24b2d752f9](live_neural): decode=0.1ms, inference=20.5ms, second_pass=0.0ms, contention=0.0ms, TOTAL=20.8ms | audio=600ms, RTF=0.03x | model=enhanced_mel, neural_total=20.1ms, model_inference=11.7ms
[TIMING] EnhancedMel.transcribe: audio_to_gpu=0.1ms, features=0.4ms, model=12.9ms, decode=7.4ms | TOTAL=20.8ms for 3000ms audio (RTF=0.01x)
[TIMING] stream_chunk[experiment-43a1c5ca45574b769fce4e24b2d752f9](live_neural): decode=0.1ms, inference=25.1ms, second_pass=0.0ms, contention=0.0ms, TOTAL=25.4ms | audio=600ms, RTF=0.04x | model=enhanced_mel, neural_total=24.8ms, model_inference=12.9ms
[TIMING] EnhancedMel.transcribe: audio_to_gpu=0.3ms, features=0.8ms, model=13.2ms, decode=5.9ms | TOTAL=20.2ms for 3000ms audio (RTF=0.01x)
[TIMING] stream_chunk[experiment-43a1c5ca45574b769fce4e24b2d752f9](live_neural): decode=0.2ms, inference=22.8ms, second_pass=0.0ms, contention=0.0ms, TOTAL=23.1ms | audio=600ms, RTF=0.04x | model=enhanced_mel, neural_total=22.4ms, model_inference=13.2ms
[TIMING] EnhancedMel.transcribe: audio_to_gpu=0.2ms, features=0.5ms, model=11.3ms, decode=1.1ms | TOTAL=13.2ms for 600ms audio (RTF=0.02x)
[TIMING] stream_chunk[experiment-805d478920104b26ac0a6f616d193df7](live_neural): decode=0.1ms, inference=14.7ms, second_pass=0.0ms, contention=0.0ms, TOTAL=14.8ms | audio=600ms, RTF=0.02x | model=enhanced_mel, neural_total=14.3ms, model_inference=11.3ms
[TIMING] EnhancedMel.transcribe: audio_to_gpu=0.2ms, features=0.7ms, model=20.5ms, decode=2.5ms | TOTAL=23.9ms for 1200ms audio (RTF=0.02x)
[TIMING] stream_chunk[experiment-805d478920104b26ac0a6f616d193df7](live_neural): decode=0.1ms, inference=25.8ms, second_pass=0.0ms, contention=0.0ms, TOTAL=26.0ms | audio=600ms, RTF=0.04x | model=enhanced_mel, neural_total=25.4ms, model_inference=20.5ms
[TIMING] EnhancedMel.transcribe: audio_to_gpu=0.2ms, features=0.9ms, model=11.7ms, decode=3.4ms | TOTAL=16.2ms for 1800ms audio (RTF=0.01x)
[TIMING] stream_chunk[experiment-805d478920104b26ac0a6f616d193df7](live_neural): decode=0.1ms, inference=18.2ms, second_pass=0.0ms, contention=0.0ms, TOTAL=18.4ms | audio=600ms, RTF=0.03x | model=enhanced_mel, neural_total=17.8ms, model_inference=11.7ms
[TIMING] EnhancedMel.transcribe: audio_to_gpu=0.2ms, features=0.6ms, model=21.9ms, decode=4.7ms | TOTAL=27.3ms for 2400ms audio (RTF=0.01x)
[TIMING] stream_chunk[experiment-805d478920104b26ac0a6f616d193df7](live_neural): decode=0.1ms, inference=29.5ms, second_pass=0.0ms, contention=0.0ms, TOTAL=29.8ms | audio=600ms, RTF=0.05x | model=enhanced_mel, neural_total=29.0ms, model_inference=21.9ms
[TIMING] EnhancedMel.transcribe: audio_to_gpu=0.2ms, features=0.4ms, model=12.2ms, decode=5.5ms | TOTAL=18.2ms for 3000ms audio (RTF=0.01x)
[TIMING] stream_chunk[experiment-805d478920104b26ac0a6f616d193df7](live_neural): decode=0.1ms, inference=20.6ms, second_pass=0.0ms, contention=0.0ms, TOTAL=20.9ms | audio=600ms, RTF=0.03x | model=enhanced_mel, neural_total=20.2ms, model_inference=12.2ms
[TIMING] EnhancedMel.transcribe: audio_to_gpu=0.2ms, features=0.5ms, model=11.6ms, decode=5.8ms | TOTAL=18.1ms for 3000ms audio (RTF=0.01x)
[TIMING] stream_chunk[experiment-805d478920104b26ac0a6f616d193df7](live_neural): decode=0.1ms, inference=21.2ms, second_pass=0.0ms, contention=0.0ms, TOTAL=21.5ms | audio=600ms, RTF=0.04x | model=enhanced_mel, neural_total=20.8ms, model_inference=11.6ms
[TIMING] EnhancedMel.transcribe: audio_to_gpu=0.2ms, features=0.5ms, model=12.0ms, decode=5.7ms | TOTAL=18.3ms for 3000ms audio (RTF=0.01x)
[TIMING] stream_chunk[experiment-805d478920104b26ac0a6f616d193df7](live_neural): decode=0.1ms, inference=20.6ms, second_pass=0.0ms, contention=0.0ms, TOTAL=20.9ms | audio=600ms, RTF=0.03x | model=enhanced_mel, neural_total=20.3ms, model_inference=12.0ms
[TIMING] EnhancedMel.transcribe: audio_to_gpu=0.3ms, features=0.4ms, model=12.1ms, decode=6.1ms | TOTAL=19.0ms for 3000ms audio (RTF=0.01x)
[TIMING] stream_chunk[experiment-805d478920104b26ac0a6f616d193df7](live_neural): decode=0.1ms, inference=22.3ms, second_pass=0.0ms, contention=0.0ms, TOTAL=22.6ms | audio=600ms, RTF=0.04x | model=enhanced_mel, neural_total=21.9ms, model_inference=12.1ms
[TIMING] EnhancedMel.transcribe: audio_to_gpu=0.2ms, features=0.6ms, model=20.3ms, decode=5.8ms | TOTAL=26.9ms for 3000ms audio (RTF=0.01x)
[TIMING] stream_chunk[experiment-805d478920104b26ac0a6f616d193df7](live_neural): decode=0.1ms, inference=29.3ms, second_pass=0.0ms, contention=0.0ms, TOTAL=29.6ms | audio=600ms, RTF=0.05x | model=enhanced_mel, neural_total=28.9ms, model_inference=20.3ms
[TIMING] EnhancedMel.transcribe: audio_to_gpu=0.2ms, features=0.4ms, model=11.8ms, decode=5.7ms | TOTAL=18.1ms for 3000ms audio (RTF=0.01x)
[TIMING] stream_chunk[experiment-805d478920104b26ac0a6f616d193df7](live_neural): decode=0.1ms, inference=20.6ms, second_pass=0.0ms, contention=0.0ms, TOTAL=20.9ms | audio=600ms, RTF=0.03x | model=enhanced_mel, neural_total=20.1ms, model_inference=11.8ms

[CLIP_010] Etude "Pour les accords"
  excerpt: start=0.00s end=6.00s duration=6.00s gt_notes=108 rms=0.0820 peak=0.5182 crest=6.319 rms_std=0.0389
    control:
      note metrics: precision=0.864 recall=0.944 f1=0.903 matched=102/108 pred=118
      strict onset f1: 10ms=0.726 20ms=0.903 30ms=0.903
      timing metrics: offset_f1=0.903 rhythm_precision=1.000 note_value_acc=0.902 note_value_n=102 avg_beat_error=0.011
      duplicate metrics: duplicates=12 per_100_notes=10.17
      boundary metrics: gt=34 matched=31 missed=3 miss_rate=0.088
      latency: avg_chunk_ms=21.74 p95_chunk_ms=27.74 avg_rtf=0.036
      notation metrics: first_correct_ms=47.9 visible_p50_ms=237.9 visible_p95_ms=479.1 stabilize_p50_ms=1775.3 stabilize_p95_ms=2549.5 avg_revisions=1.92 matched=13 refined=13 snapshots=17
      algorithmic latency: first_correct_ms=18.2 visible_p50_ms=214.8 visible_p95_ms=454.6 stabilize_p50_ms=1311.2 stabilize_p95_ms=2082.6
      final display note metrics: precision=0.962 recall=0.944 f1=0.953 matched=102/108 pred=106
      final display strict onset f1: 10ms=0.748 20ms=0.953 30ms=0.953
      final display timing: offset_f1=0.953 rhythm_precision=1.000 note_value_acc=0.912 note_value_n=102 avg_beat_error=0.042
      final display structure: cluster_f1=0.750 onset_align_recall=0.950 avg_jaccard=0.906 exact=15/20 pred=20 over=2 under=2 pitch_conflicts=0 missed_gt=1
      threshold profiles: hit_rate=0.000 thresholds=[0.7] profiles={'fixed_baseline': 10}
    treatment:
      note metrics: precision=0.864 recall=0.944 f1=0.903 matched=102/108 pred=118
      strict onset f1: 10ms=0.726 20ms=0.903 30ms=0.903
      timing metrics: offset_f1=0.903 rhythm_precision=1.000 note_value_acc=0.902 note_value_n=102 avg_beat_error=0.011
      duplicate metrics: duplicates=12 per_100_notes=10.17
      boundary metrics: gt=34 matched=31 missed=3 miss_rate=0.088
      latency: avg_chunk_ms=22.54 p95_chunk_ms=29.70 avg_rtf=0.038
      notation metrics: first_correct_ms=39.1 visible_p50_ms=235.7 visible_p95_ms=480.7 stabilize_p50_ms=1779.1 stabilize_p95_ms=2550.3 avg_revisions=1.92 matched=13 refined=13 snapshots=17
      algorithmic latency: first_correct_ms=18.2 visible_p50_ms=214.8 visible_p95_ms=454.6 stabilize_p50_ms=1311.2 stabilize_p95_ms=2082.6
      final display note metrics: precision=0.962 recall=0.944 f1=0.953 matched=102/108 pred=106
      final display strict onset f1: 10ms=0.748 20ms=0.953 30ms=0.953
      final display timing: offset_f1=0.953 rhythm_precision=1.000 note_value_acc=0.912 note_value_n=102 avg_beat_error=0.042
      final display structure: cluster_f1=0.750 onset_align_recall=0.950 avg_jaccard=0.906 exact=15/20 pred=20 over=2 under=2 pitch_conflicts=0 missed_gt=1
      threshold profiles: hit_rate=0.100 thresholds=[0.66, 0.7] profiles={'baseline_nominal': 9, 'soft_sparse_recall': 1}
    delta treatment-control: precision=+0.000 recall=+0.000 f1=+0.000 offset_f1=+0.000 note_value_acc=+0.000 dup_per_100=+0.00 boundary_miss_rate=+0.000 p95_chunk_ms=+1.96 f1_10ms=+0.000 f1_20ms=+0.000 f1_30ms=+0.000 visible_p50_ms=-2.2 stabilize_p50_ms=+3.8 algo_visible_p50_ms=+0.0 algo_stabilize_p50_ms=+0.0 avg_revisions=+0.00 display_note_f1=+0.000 display_offset_f1=+0.000 display_cluster_f1=+0.000 display_cluster_jaccard=+0.000
    failure buckets: ['boundary_miss_failure', 'high_revision_slow_stabilization']
      boundary diagnostics: missed=3 by_arm={'control': 3, 'treatment': 3} tags={'control_boundary_miss': 3, 'no_control_coarse_candidate': 3}
        miss: pitch=56 onset=1.172s boundary_delta_ms=-28.1 control_coarse=False treatment_coarse=False retro=n/a
        miss: pitch=59 onset=2.974s boundary_delta_ms=-26.0 control_coarse=False treatment_coarse=False retro=n/a
        miss: pitch=52 onset=2.986s boundary_delta_ms=-14.3 control_coarse=False treatment_coarse=False retro=n/a
[TIMING] EnhancedMel.transcribe: audio_to_gpu=0.3ms, features=0.8ms, model=10.7ms, decode=1.2ms | TOTAL=12.9ms for 600ms audio (RTF=0.02x)
[TIMING] stream_chunk[experiment-61733042040d4a16905cd919802dbac9](live_neural): decode=0.2ms, inference=15.3ms, second_pass=0.0ms, contention=0.0ms, TOTAL=15.5ms | audio=600ms, RTF=0.03x | model=enhanced_mel, neural_total=14.9ms, model_inference=10.7ms
[TIMING] EnhancedMel.transcribe: audio_to_gpu=0.1ms, features=0.9ms, model=14.9ms, decode=2.2ms | TOTAL=18.0ms for 1200ms audio (RTF=0.02x)
[TIMING] stream_chunk[experiment-61733042040d4a16905cd919802dbac9](live_neural): decode=0.1ms, inference=19.8ms, second_pass=0.0ms, contention=0.0ms, TOTAL=20.0ms | audio=600ms, RTF=0.03x | model=enhanced_mel, neural_total=19.4ms, model_inference=14.9ms
[TIMING] EnhancedMel.transcribe: audio_to_gpu=0.1ms, features=0.4ms, model=10.6ms, decode=2.9ms | TOTAL=14.0ms for 1800ms audio (RTF=0.01x)
[TIMING] stream_chunk[experiment-61733042040d4a16905cd919802dbac9](live_neural): decode=0.1ms, inference=15.9ms, second_pass=0.0ms, contention=0.0ms, TOTAL=16.1ms | audio=600ms, RTF=0.03x | model=enhanced_mel, neural_total=15.6ms, model_inference=10.6ms
[TIMING] EnhancedMel.transcribe: audio_to_gpu=0.1ms, features=0.3ms, model=12.0ms, decode=3.9ms | TOTAL=16.4ms for 2400ms audio (RTF=0.01x)
[TIMING] stream_chunk[experiment-61733042040d4a16905cd919802dbac9](live_neural): decode=0.1ms, inference=18.3ms, second_pass=0.0ms, contention=0.0ms, TOTAL=18.5ms | audio=600ms, RTF=0.03x | model=enhanced_mel, neural_total=18.0ms, model_inference=12.0ms
[TIMING] EnhancedMel.transcribe: audio_to_gpu=0.2ms, features=0.5ms, model=14.9ms, decode=4.8ms | TOTAL=20.3ms for 3000ms audio (RTF=0.01x)
[TIMING] stream_chunk[experiment-61733042040d4a16905cd919802dbac9](live_neural): decode=0.1ms, inference=22.5ms, second_pass=0.0ms, contention=0.0ms, TOTAL=22.7ms | audio=600ms, RTF=0.04x | model=enhanced_mel, neural_total=22.2ms, model_inference=14.9ms
[TIMING] EnhancedMel.transcribe: audio_to_gpu=0.2ms, features=0.7ms, model=12.0ms, decode=5.0ms | TOTAL=17.9ms for 3000ms audio (RTF=0.01x)
[TIMING] stream_chunk[experiment-61733042040d4a16905cd919802dbac9](live_neural): decode=0.1ms, inference=21.3ms, second_pass=0.0ms, contention=0.0ms, TOTAL=21.5ms | audio=600ms, RTF=0.04x | model=enhanced_mel, neural_total=20.8ms, model_inference=12.0ms
[TIMING] EnhancedMel.transcribe: audio_to_gpu=0.2ms, features=0.5ms, model=11.9ms, decode=5.5ms | TOTAL=18.1ms for 3000ms audio (RTF=0.01x)
[TIMING] stream_chunk[experiment-61733042040d4a16905cd919802dbac9](live_neural): decode=0.1ms, inference=21.3ms, second_pass=0.0ms, contention=0.0ms, TOTAL=21.6ms | audio=600ms, RTF=0.04x | model=enhanced_mel, neural_total=20.9ms, model_inference=11.9ms
[TIMING] EnhancedMel.transcribe: audio_to_gpu=0.2ms, features=0.5ms, model=11.9ms, decode=4.9ms | TOTAL=17.5ms for 3000ms audio (RTF=0.01x)
[TIMING] stream_chunk[experiment-61733042040d4a16905cd919802dbac9](live_neural): decode=0.1ms, inference=20.3ms, second_pass=0.0ms, contention=0.0ms, TOTAL=20.5ms | audio=600ms, RTF=0.03x | model=enhanced_mel, neural_total=19.9ms, model_inference=11.9ms
[TIMING] EnhancedMel.transcribe: audio_to_gpu=0.2ms, features=0.8ms, model=12.9ms, decode=5.0ms | TOTAL=18.8ms for 3000ms audio (RTF=0.01x)
[TIMING] stream_chunk[experiment-61733042040d4a16905cd919802dbac9](live_neural): decode=0.1ms, inference=22.1ms, second_pass=0.0ms, contention=0.0ms, TOTAL=22.3ms | audio=600ms, RTF=0.04x | model=enhanced_mel, neural_total=20.6ms, model_inference=12.9ms
[TIMING] EnhancedMel.transcribe: audio_to_gpu=0.2ms, features=0.5ms, model=11.9ms, decode=4.9ms | TOTAL=17.5ms for 3000ms audio (RTF=0.01x)
[TIMING] stream_chunk[experiment-61733042040d4a16905cd919802dbac9](live_neural): decode=0.1ms, inference=20.2ms, second_pass=0.0ms, contention=0.0ms, TOTAL=20.5ms | audio=600ms, RTF=0.03x | model=enhanced_mel, neural_total=19.5ms, model_inference=11.9ms
[TIMING] EnhancedMel.transcribe: audio_to_gpu=0.1ms, features=0.5ms, model=10.2ms, decode=1.2ms | TOTAL=12.0ms for 600ms audio (RTF=0.02x)
[TIMING] stream_chunk[experiment-78ba4e3ea8d74d43a117e987041ea01e](live_neural): decode=0.1ms, inference=14.4ms, second_pass=0.0ms, contention=0.0ms, TOTAL=14.5ms | audio=600ms, RTF=0.02x | model=enhanced_mel, neural_total=13.9ms, model_inference=10.2ms
[TIMING] EnhancedMel.transcribe: audio_to_gpu=0.1ms, features=0.3ms, model=10.4ms, decode=2.1ms | TOTAL=13.0ms for 1200ms audio (RTF=0.01x)
[TIMING] stream_chunk[experiment-78ba4e3ea8d74d43a117e987041ea01e](live_neural): decode=0.1ms, inference=14.7ms, second_pass=0.0ms, contention=0.0ms, TOTAL=14.9ms | audio=600ms, RTF=0.02x | model=enhanced_mel, neural_total=14.3ms, model_inference=10.4ms
[TIMING] EnhancedMel.transcribe: audio_to_gpu=0.1ms, features=0.4ms, model=10.3ms, decode=3.0ms | TOTAL=13.8ms for 1800ms audio (RTF=0.01x)
[TIMING] stream_chunk[experiment-78ba4e3ea8d74d43a117e987041ea01e](live_neural): decode=0.2ms, inference=15.5ms, second_pass=0.0ms, contention=0.0ms, TOTAL=15.8ms | audio=600ms, RTF=0.03x | model=enhanced_mel, neural_total=15.2ms, model_inference=10.3ms
[TIMING] EnhancedMel.transcribe: audio_to_gpu=0.1ms, features=0.3ms, model=12.8ms, decode=3.9ms | TOTAL=17.2ms for 2400ms audio (RTF=0.01x)
[TIMING] stream_chunk[experiment-78ba4e3ea8d74d43a117e987041ea01e](live_neural): decode=0.1ms, inference=20.0ms, second_pass=0.0ms, contention=0.0ms, TOTAL=20.1ms | audio=600ms, RTF=0.03x | model=enhanced_mel, neural_total=19.6ms, model_inference=12.8ms
[TIMING] EnhancedMel.transcribe: audio_to_gpu=0.1ms, features=0.4ms, model=12.9ms, decode=5.6ms | TOTAL=19.1ms for 3000ms audio (RTF=0.01x)
[TIMING] stream_chunk[experiment-78ba4e3ea8d74d43a117e987041ea01e](live_neural): decode=0.1ms, inference=21.3ms, second_pass=0.0ms, contention=0.0ms, TOTAL=21.5ms | audio=600ms, RTF=0.04x | model=enhanced_mel, neural_total=20.9ms, model_inference=12.9ms
[TIMING] EnhancedMel.transcribe: audio_to_gpu=0.2ms, features=0.4ms, model=11.7ms, decode=4.9ms | TOTAL=17.2ms for 3000ms audio (RTF=0.01x)
[TIMING] stream_chunk[experiment-78ba4e3ea8d74d43a117e987041ea01e](live_neural): decode=0.1ms, inference=19.3ms, second_pass=0.0ms, contention=0.0ms, TOTAL=19.5ms | audio=600ms, RTF=0.03x | model=enhanced_mel, neural_total=18.9ms, model_inference=11.7ms
[TIMING] EnhancedMel.transcribe: audio_to_gpu=0.2ms, features=0.5ms, model=13.0ms, decode=5.1ms | TOTAL=18.8ms for 3000ms audio (RTF=0.01x)
[TIMING] stream_chunk[experiment-78ba4e3ea8d74d43a117e987041ea01e](live_neural): decode=0.1ms, inference=21.9ms, second_pass=0.0ms, contention=0.0ms, TOTAL=22.2ms | audio=600ms, RTF=0.04x | model=enhanced_mel, neural_total=21.5ms, model_inference=13.0ms
[TIMING] EnhancedMel.transcribe: audio_to_gpu=0.2ms, features=0.4ms, model=11.9ms, decode=5.5ms | TOTAL=18.0ms for 3000ms audio (RTF=0.01x)
[TIMING] stream_chunk[experiment-78ba4e3ea8d74d43a117e987041ea01e](live_neural): decode=0.2ms, inference=22.1ms, second_pass=0.0ms, contention=0.0ms, TOTAL=22.4ms | audio=600ms, RTF=0.04x | model=enhanced_mel, neural_total=21.6ms, model_inference=11.9ms
[TIMING] EnhancedMel.transcribe: audio_to_gpu=0.2ms, features=0.6ms, model=13.2ms, decode=4.9ms | TOTAL=18.8ms for 3000ms audio (RTF=0.01x)
[TIMING] stream_chunk[experiment-78ba4e3ea8d74d43a117e987041ea01e](live_neural): decode=0.1ms, inference=21.0ms, second_pass=0.0ms, contention=0.0ms, TOTAL=21.2ms | audio=600ms, RTF=0.04x | model=enhanced_mel, neural_total=20.7ms, model_inference=13.2ms
[TIMING] EnhancedMel.transcribe: audio_to_gpu=0.2ms, features=0.5ms, model=12.7ms, decode=6.1ms | TOTAL=19.6ms for 3000ms audio (RTF=0.01x)
[TIMING] stream_chunk[experiment-78ba4e3ea8d74d43a117e987041ea01e](live_neural): decode=0.1ms, inference=21.8ms, second_pass=0.0ms, contention=0.0ms, TOTAL=22.0ms | audio=600ms, RTF=0.04x | model=enhanced_mel, neural_total=21.4ms, model_inference=12.7ms

[CLIP_011] Sonata No. 9, Op. 68, "Black Mass"
  excerpt: start=9.00s end=15.00s duration=6.00s gt_notes=16 rms=0.0125 peak=0.0693 crest=5.524 rms_std=0.0040
    control:
      note metrics: precision=0.842 recall=1.000 f1=0.914 matched=16/16 pred=19
      strict onset f1: 10ms=0.800 20ms=0.914 30ms=0.914
      timing metrics: offset_f1=0.114 rhythm_precision=0.125 note_value_acc=0.000 note_value_n=16 avg_beat_error=1.996
      duplicate metrics: duplicates=0 per_100_notes=0.00
      boundary metrics: gt=3 matched=3 missed=0 miss_rate=0.000
      latency: avg_chunk_ms=19.92 p95_chunk_ms=22.51 avg_rtf=0.033
      notation metrics: first_correct_ms=93.4 visible_p50_ms=151.6 visible_p95_ms=436.4 stabilize_p50_ms=2145.8 stabilize_p95_ms=3067.0 avg_revisions=1.90 matched=10 refined=10 snapshots=17
      algorithmic latency: first_correct_ms=77.9 visible_p50_ms=133.1 visible_p95_ms=417.6 stabilize_p50_ms=1892.7 stabilize_p95_ms=2672.5
      final display note metrics: precision=0.842 recall=1.000 f1=0.914 matched=16/16 pred=19
      final display strict onset f1: 10ms=0.800 20ms=0.914 30ms=0.914
      final display timing: offset_f1=0.114 rhythm_precision=0.125 note_value_acc=0.188 note_value_n=16 avg_beat_error=1.539
      final display structure: cluster_f1=0.824 onset_align_recall=1.000 avg_jaccard=1.000 exact=7/7 pred=10 over=0 under=0 pitch_conflicts=0 missed_gt=0
      threshold profiles: hit_rate=0.000 thresholds=[0.7] profiles={'fixed_baseline': 10}
    treatment:
      note metrics: precision=0.800 recall=1.000 f1=0.889 matched=16/16 pred=20
      strict onset f1: 10ms=0.778 20ms=0.889 30ms=0.889
      timing metrics: offset_f1=0.111 rhythm_precision=0.125 note_value_acc=0.000 note_value_n=16 avg_beat_error=1.996
      duplicate metrics: duplicates=0 per_100_notes=0.00
      boundary metrics: gt=3 matched=3 missed=0 miss_rate=0.000
      latency: avg_chunk_ms=19.41 p95_chunk_ms=22.29 avg_rtf=0.032
      notation metrics: first_correct_ms=92.4 visible_p50_ms=153.2 visible_p95_ms=435.2 stabilize_p50_ms=2113.8 stabilize_p95_ms=3232.6 avg_revisions=1.40 matched=10 refined=10 snapshots=17
      algorithmic latency: first_correct_ms=77.9 visible_p50_ms=133.1 visible_p95_ms=417.6 stabilize_p50_ms=1892.7 stabilize_p95_ms=2810.5
      final display note metrics: precision=0.800 recall=1.000 f1=0.889 matched=16/16 pred=20
      final display strict onset f1: 10ms=0.778 20ms=0.889 30ms=0.889
      final display timing: offset_f1=0.111 rhythm_precision=0.125 note_value_acc=0.250 note_value_n=16 avg_beat_error=1.505
      final display structure: cluster_f1=0.778 onset_align_recall=1.000 avg_jaccard=1.000 exact=7/7 pred=11 over=0 under=0 pitch_conflicts=0 missed_gt=0
      threshold profiles: hit_rate=1.000 thresholds=[0.66] profiles={'soft_sparse_recall': 10}
    delta treatment-control: precision=-0.042 recall=+0.000 f1=-0.025 offset_f1=-0.003 note_value_acc=+0.000 dup_per_100=+0.00 boundary_miss_rate=+0.000 p95_chunk_ms=-0.22 f1_10ms=-0.022 f1_20ms=-0.025 f1_30ms=-0.025 visible_p50_ms=+1.6 stabilize_p50_ms=-32.0 algo_visible_p50_ms=+0.0 algo_stabilize_p50_ms=+0.0 avg_revisions=-0.50 display_note_f1=-0.025 display_offset_f1=-0.003 display_cluster_f1=-0.046 display_cluster_jaccard=+0.000
    failure buckets: ['high_revision_slow_stabilization', 'note_value_offset_failure']
[TIMING] EnhancedMel.transcribe: audio_to_gpu=0.3ms, features=0.5ms, model=10.0ms, decode=1.3ms | TOTAL=12.1ms for 600ms audio (RTF=0.02x)
[TIMING] stream_chunk[experiment-2f9ff1dea7a245c19527dedcbe592705](live_neural): decode=0.2ms, inference=14.1ms, second_pass=0.0ms, contention=0.0ms, TOTAL=14.3ms | audio=600ms, RTF=0.02x | model=enhanced_mel, neural_total=13.7ms, model_inference=10.0ms
[TIMING] EnhancedMel.transcribe: audio_to_gpu=0.1ms, features=0.5ms, model=12.4ms, decode=2.4ms | TOTAL=15.4ms for 1200ms audio (RTF=0.01x)
[TIMING] stream_chunk[experiment-2f9ff1dea7a245c19527dedcbe592705](live_neural): decode=0.1ms, inference=17.2ms, second_pass=0.0ms, contention=0.0ms, TOTAL=17.4ms | audio=600ms, RTF=0.03x | model=enhanced_mel, neural_total=16.8ms, model_inference=12.4ms
[TIMING] EnhancedMel.transcribe: audio_to_gpu=0.1ms, features=0.4ms, model=11.7ms, decode=3.3ms | TOTAL=15.5ms for 1800ms audio (RTF=0.01x)
[TIMING] stream_chunk[experiment-2f9ff1dea7a245c19527dedcbe592705](live_neural): decode=0.1ms, inference=17.4ms, second_pass=0.0ms, contention=0.0ms, TOTAL=17.7ms | audio=600ms, RTF=0.03x | model=enhanced_mel, neural_total=17.1ms, model_inference=11.7ms
[TIMING] EnhancedMel.transcribe: audio_to_gpu=0.2ms, features=0.7ms, model=18.9ms, decode=4.3ms | TOTAL=24.1ms for 2400ms audio (RTF=0.01x)
[TIMING] stream_chunk[experiment-2f9ff1dea7a245c19527dedcbe592705](live_neural): decode=0.1ms, inference=26.3ms, second_pass=0.0ms, contention=0.0ms, TOTAL=26.5ms | audio=600ms, RTF=0.04x | model=enhanced_mel, neural_total=26.0ms, model_inference=18.9ms
[TIMING] EnhancedMel.transcribe: audio_to_gpu=0.2ms, features=0.4ms, model=12.2ms, decode=5.1ms | TOTAL=17.9ms for 3000ms audio (RTF=0.01x)
[TIMING] stream_chunk[experiment-2f9ff1dea7a245c19527dedcbe592705](live_neural): decode=0.1ms, inference=20.8ms, second_pass=0.0ms, contention=0.0ms, TOTAL=21.0ms | audio=600ms, RTF=0.04x | model=enhanced_mel, neural_total=20.4ms, model_inference=12.2ms
[TIMING] EnhancedMel.transcribe: audio_to_gpu=0.3ms, features=0.7ms, model=16.7ms, decode=5.1ms | TOTAL=22.7ms for 3000ms audio (RTF=0.01x)
[TIMING] stream_chunk[experiment-2f9ff1dea7a245c19527dedcbe592705](live_neural): decode=0.1ms, inference=25.1ms, second_pass=0.0ms, contention=0.0ms, TOTAL=25.3ms | audio=600ms, RTF=0.04x | model=enhanced_mel, neural_total=24.6ms, model_inference=16.7ms
[TIMING] EnhancedMel.transcribe: audio_to_gpu=0.2ms, features=0.5ms, model=12.2ms, decode=6.2ms | TOTAL=19.1ms for 3000ms audio (RTF=0.01x)
[TIMING] stream_chunk[experiment-2f9ff1dea7a245c19527dedcbe592705](live_neural): decode=0.1ms, inference=23.0ms, second_pass=0.0ms, contention=0.0ms, TOTAL=23.2ms | audio=600ms, RTF=0.04x | model=enhanced_mel, neural_total=22.6ms, model_inference=12.2ms
[TIMING] EnhancedMel.transcribe: audio_to_gpu=0.2ms, features=0.4ms, model=14.0ms, decode=4.7ms | TOTAL=19.3ms for 3000ms audio (RTF=0.01x)
[TIMING] stream_chunk[experiment-2f9ff1dea7a245c19527dedcbe592705](live_neural): decode=0.1ms, inference=21.6ms, second_pass=0.0ms, contention=0.0ms, TOTAL=21.8ms | audio=600ms, RTF=0.04x | model=enhanced_mel, neural_total=21.1ms, model_inference=14.0ms
[TIMING] EnhancedMel.transcribe: audio_to_gpu=0.2ms, features=0.4ms, model=11.9ms, decode=5.5ms | TOTAL=18.0ms for 3000ms audio (RTF=0.01x)
[TIMING] stream_chunk[experiment-2f9ff1dea7a245c19527dedcbe592705](live_neural): decode=0.1ms, inference=20.4ms, second_pass=0.0ms, contention=0.0ms, TOTAL=20.6ms | audio=600ms, RTF=0.03x | model=enhanced_mel, neural_total=19.9ms, model_inference=11.9ms
[TIMING] EnhancedMel.transcribe: audio_to_gpu=0.2ms, features=0.7ms, model=19.1ms, decode=5.3ms | TOTAL=25.3ms for 3000ms audio (RTF=0.01x)
[TIMING] stream_chunk[experiment-2f9ff1dea7a245c19527dedcbe592705](live_neural): decode=0.1ms, inference=27.5ms, second_pass=0.0ms, contention=0.0ms, TOTAL=27.8ms | audio=600ms, RTF=0.05x | model=enhanced_mel, neural_total=27.1ms, model_inference=19.1ms
[TIMING] EnhancedMel.transcribe: audio_to_gpu=0.3ms, features=0.7ms, model=15.4ms, decode=1.3ms | TOTAL=17.6ms for 600ms audio (RTF=0.03x)
[TIMING] stream_chunk[experiment-35495ce4a230493ab7f80f44958e0907](live_neural): decode=0.2ms, inference=19.1ms, second_pass=0.0ms, contention=0.0ms, TOTAL=19.3ms | audio=600ms, RTF=0.03x | model=enhanced_mel, neural_total=18.7ms, model_inference=15.3ms
[TIMING] EnhancedMel.transcribe: audio_to_gpu=0.1ms, features=0.3ms, model=10.7ms, decode=2.3ms | TOTAL=13.5ms for 1200ms audio (RTF=0.01x)
[TIMING] stream_chunk[experiment-35495ce4a230493ab7f80f44958e0907](live_neural): decode=0.2ms, inference=15.6ms, second_pass=0.0ms, contention=0.0ms, TOTAL=15.9ms | audio=600ms, RTF=0.03x | model=enhanced_mel, neural_total=15.4ms, model_inference=10.7ms
[TIMING] EnhancedMel.transcribe: audio_to_gpu=0.2ms, features=0.6ms, model=22.4ms, decode=3.3ms | TOTAL=26.6ms for 1800ms audio (RTF=0.01x)
[TIMING] stream_chunk[experiment-35495ce4a230493ab7f80f44958e0907](live_neural): decode=0.1ms, inference=28.6ms, second_pass=0.0ms, contention=0.0ms, TOTAL=28.8ms | audio=600ms, RTF=0.05x | model=enhanced_mel, neural_total=28.1ms, model_inference=22.4ms
[TIMING] EnhancedMel.transcribe: audio_to_gpu=0.2ms, features=0.6ms, model=11.6ms, decode=4.3ms | TOTAL=16.6ms for 2400ms audio (RTF=0.01x)
[TIMING] stream_chunk[experiment-35495ce4a230493ab7f80f44958e0907](live_neural): decode=0.1ms, inference=18.8ms, second_pass=0.0ms, contention=0.0ms, TOTAL=19.0ms | audio=600ms, RTF=0.03x | model=enhanced_mel, neural_total=18.4ms, model_inference=11.6ms
[TIMING] EnhancedMel.transcribe: audio_to_gpu=0.3ms, features=0.5ms, model=12.8ms, decode=5.3ms | TOTAL=18.9ms for 3000ms audio (RTF=0.01x)
[TIMING] stream_chunk[experiment-35495ce4a230493ab7f80f44958e0907](live_neural): decode=0.1ms, inference=21.2ms, second_pass=0.0ms, contention=0.0ms, TOTAL=21.5ms | audio=600ms, RTF=0.04x | model=enhanced_mel, neural_total=20.8ms, model_inference=12.8ms
[TIMING] EnhancedMel.transcribe: audio_to_gpu=0.2ms, features=0.5ms, model=11.8ms, decode=5.0ms | TOTAL=17.4ms for 3000ms audio (RTF=0.01x)
[TIMING] stream_chunk[experiment-35495ce4a230493ab7f80f44958e0907](live_neural): decode=0.1ms, inference=19.6ms, second_pass=0.0ms, contention=0.0ms, TOTAL=19.9ms | audio=600ms, RTF=0.03x | model=enhanced_mel, neural_total=19.3ms, model_inference=11.8ms
[TIMING] EnhancedMel.transcribe: audio_to_gpu=0.3ms, features=0.6ms, model=12.2ms, decode=4.9ms | TOTAL=18.0ms for 3000ms audio (RTF=0.01x)
[TIMING] stream_chunk[experiment-35495ce4a230493ab7f80f44958e0907](live_neural): decode=0.1ms, inference=21.5ms, second_pass=0.0ms, contention=0.0ms, TOTAL=21.8ms | audio=600ms, RTF=0.04x | model=enhanced_mel, neural_total=21.1ms, model_inference=12.2ms
[TIMING] EnhancedMel.transcribe: audio_to_gpu=0.2ms, features=0.4ms, model=13.1ms, decode=4.6ms | TOTAL=18.3ms for 3000ms audio (RTF=0.01x)
[TIMING] stream_chunk[experiment-35495ce4a230493ab7f80f44958e0907](live_neural): decode=0.2ms, inference=21.5ms, second_pass=0.0ms, contention=0.0ms, TOTAL=21.8ms | audio=600ms, RTF=0.04x | model=enhanced_mel, neural_total=21.2ms, model_inference=13.1ms
[TIMING] EnhancedMel.transcribe: audio_to_gpu=0.1ms, features=0.4ms, model=12.3ms, decode=4.9ms | TOTAL=17.7ms for 3000ms audio (RTF=0.01x)
[TIMING] stream_chunk[experiment-35495ce4a230493ab7f80f44958e0907](live_neural): decode=0.1ms, inference=20.1ms, second_pass=0.0ms, contention=0.0ms, TOTAL=20.3ms | audio=600ms, RTF=0.03x | model=enhanced_mel, neural_total=19.7ms, model_inference=12.3ms
[TIMING] EnhancedMel.transcribe: audio_to_gpu=0.2ms, features=0.5ms, model=12.0ms, decode=4.9ms | TOTAL=17.7ms for 3000ms audio (RTF=0.01x)
[TIMING] stream_chunk[experiment-35495ce4a230493ab7f80f44958e0907](live_neural): decode=0.1ms, inference=20.2ms, second_pass=0.0ms, contention=0.0ms, TOTAL=20.5ms | audio=600ms, RTF=0.03x | model=enhanced_mel, neural_total=19.9ms, model_inference=12.0ms

[CLIP_012] Entragete, Op.63
  excerpt: start=75.00s end=81.00s duration=6.00s gt_notes=50 rms=0.0549 peak=0.8432 crest=15.372 rms_std=0.0369
    control:
      note metrics: precision=0.909 recall=0.800 f1=0.851 matched=40/50 pred=44
      strict onset f1: 10ms=0.702 20ms=0.851 30ms=0.851
      timing metrics: offset_f1=0.809 rhythm_precision=0.950 note_value_acc=0.700 note_value_n=40 avg_beat_error=0.136
      duplicate metrics: duplicates=0 per_100_notes=0.00
      boundary metrics: gt=11 matched=9 missed=2 miss_rate=0.182
      latency: avg_chunk_ms=21.57 p95_chunk_ms=27.26 avg_rtf=0.036
      notation metrics: first_correct_ms=36.4 visible_p50_ms=306.0 visible_p95_ms=565.1 stabilize_p50_ms=1122.6 stabilize_p95_ms=2218.1 avg_revisions=1.53 matched=36 refined=36 snapshots=18
      algorithmic latency: first_correct_ms=19.0 visible_p50_ms=286.8 visible_p95_ms=542.1 stabilize_p50_ms=677.7 stabilize_p95_ms=1779.3
      final display note metrics: precision=0.909 recall=0.800 f1=0.851 matched=40/50 pred=44
      final display strict onset f1: 10ms=0.702 20ms=0.851 30ms=0.851
      final display timing: offset_f1=0.809 rhythm_precision=0.950 note_value_acc=0.100 note_value_n=40 avg_beat_error=0.197
      final display structure: cluster_f1=0.583 onset_align_recall=0.917 avg_jaccard=0.839 exact=14/24 pred=24 over=3 under=5 pitch_conflicts=0 missed_gt=2
      threshold profiles: hit_rate=0.000 thresholds=[0.7] profiles={'fixed_baseline': 10}
    treatment:
      note metrics: precision=0.907 recall=0.780 f1=0.839 matched=39/50 pred=43
      strict onset f1: 10ms=0.688 20ms=0.839 30ms=0.839
      timing metrics: offset_f1=0.796 rhythm_precision=0.949 note_value_acc=0.692 note_value_n=39 avg_beat_error=0.139
      duplicate metrics: duplicates=0 per_100_notes=0.00
      boundary metrics: gt=11 matched=9 missed=2 miss_rate=0.182
      latency: avg_chunk_ms=20.87 p95_chunk_ms=25.65 avg_rtf=0.035
      notation metrics: first_correct_ms=35.0 visible_p50_ms=307.6 visible_p95_ms=561.2 stabilize_p50_ms=1122.2 stabilize_p95_ms=2216.9 avg_revisions=1.53 matched=36 refined=36 snapshots=18
      algorithmic latency: first_correct_ms=19.0 visible_p50_ms=286.8 visible_p95_ms=542.1 stabilize_p50_ms=677.7 stabilize_p95_ms=1779.3
      final display note metrics: precision=0.907 recall=0.780 f1=0.839 matched=39/50 pred=43
      final display strict onset f1: 10ms=0.688 20ms=0.839 30ms=0.839
      final display timing: offset_f1=0.796 rhythm_precision=0.949 note_value_acc=0.077 note_value_n=39 avg_beat_error=0.202
      final display structure: cluster_f1=0.583 onset_align_recall=0.917 avg_jaccard=0.835 exact=14/24 pred=24 over=3 under=5 pitch_conflicts=0 missed_gt=2
      threshold profiles: hit_rate=0.200 thresholds=[0.66, 0.7, 0.72] profiles={'baseline_nominal': 8, 'loud_dense_precision': 1, 'soft_sparse_recall': 1}
    delta treatment-control: precision=-0.002 recall=-0.020 f1=-0.012 offset_f1=-0.013 note_value_acc=-0.008 dup_per_100=+0.00 boundary_miss_rate=+0.000 p95_chunk_ms=-1.61 f1_10ms=-0.014 f1_20ms=-0.012 f1_30ms=-0.012 visible_p50_ms=+1.6 stabilize_p50_ms=-0.4 algo_visible_p50_ms=+0.0 algo_stabilize_p50_ms=+0.0 avg_revisions=+0.00 display_note_f1=-0.012 display_offset_f1=-0.013 display_cluster_f1=+0.000 display_cluster_jaccard=-0.004
    failure buckets: ['boundary_miss_failure', 'high_revision_slow_stabilization']
      boundary diagnostics: missed=2 by_arm={'control': 2, 'treatment': 2} tags={'control_boundary_miss': 2, 'no_control_coarse_candidate': 2}
        miss: pitch=81 onset=1.704s boundary_delta_ms=-95.6 control_coarse=False treatment_coarse=False retro=n/a
        miss: pitch=98 onset=5.426s boundary_delta_ms=+25.8 control_coarse=False treatment_coarse=False retro=n/a
[TIMING] EnhancedMel.transcribe: audio_to_gpu=0.2ms, features=0.5ms, model=10.2ms, decode=1.0ms | TOTAL=11.9ms for 600ms audio (RTF=0.02x)
[TIMING] stream_chunk[experiment-0c2a5e36d8bd4265a3f93bf9ff199199](live_neural): decode=0.1ms, inference=13.7ms, second_pass=0.0ms, contention=0.0ms, TOTAL=13.9ms | audio=600ms, RTF=0.02x | model=enhanced_mel, neural_total=13.3ms, model_inference=10.2ms
[TIMING] EnhancedMel.transcribe: audio_to_gpu=0.2ms, features=0.4ms, model=9.7ms, decode=2.0ms | TOTAL=12.3ms for 1200ms audio (RTF=0.01x)
[TIMING] stream_chunk[experiment-0c2a5e36d8bd4265a3f93bf9ff199199](live_neural): decode=0.1ms, inference=14.6ms, second_pass=0.0ms, contention=0.0ms, TOTAL=15.7ms | audio=600ms, RTF=0.03x | model=enhanced_mel, neural_total=14.3ms, model_inference=9.7ms
[TIMING] EnhancedMel.transcribe: audio_to_gpu=0.4ms, features=0.5ms, model=10.5ms, decode=3.2ms | TOTAL=14.6ms for 1800ms audio (RTF=0.01x)
[TIMING] stream_chunk[experiment-0c2a5e36d8bd4265a3f93bf9ff199199](live_neural): decode=0.1ms, inference=17.8ms, second_pass=0.0ms, contention=0.0ms, TOTAL=18.1ms | audio=600ms, RTF=0.03x | model=enhanced_mel, neural_total=17.2ms, model_inference=10.5ms
[TIMING] EnhancedMel.transcribe: audio_to_gpu=0.3ms, features=0.4ms, model=11.1ms, decode=3.9ms | TOTAL=15.8ms for 2400ms audio (RTF=0.01x)
[TIMING] stream_chunk[experiment-0c2a5e36d8bd4265a3f93bf9ff199199](live_neural): decode=0.2ms, inference=18.1ms, second_pass=0.0ms, contention=0.0ms, TOTAL=18.4ms | audio=600ms, RTF=0.03x | model=enhanced_mel, neural_total=17.7ms, model_inference=11.1ms
[TIMING] EnhancedMel.transcribe: audio_to_gpu=0.2ms, features=0.4ms, model=11.9ms, decode=4.8ms | TOTAL=17.2ms for 3000ms audio (RTF=0.01x)
[TIMING] stream_chunk[experiment-0c2a5e36d8bd4265a3f93bf9ff199199](live_neural): decode=0.1ms, inference=19.5ms, second_pass=0.0ms, contention=0.0ms, TOTAL=19.7ms | audio=600ms, RTF=0.03x | model=enhanced_mel, neural_total=19.1ms, model_inference=11.9ms
[TIMING] EnhancedMel.transcribe: audio_to_gpu=0.2ms, features=0.8ms, model=22.5ms, decode=5.1ms | TOTAL=28.5ms for 3000ms audio (RTF=0.01x)
[TIMING] stream_chunk[experiment-0c2a5e36d8bd4265a3f93bf9ff199199](live_neural): decode=0.1ms, inference=30.7ms, second_pass=0.0ms, contention=0.0ms, TOTAL=31.0ms | audio=600ms, RTF=0.05x | model=enhanced_mel, neural_total=30.3ms, model_inference=22.5ms
[TIMING] EnhancedMel.transcribe: audio_to_gpu=0.2ms, features=0.7ms, model=21.6ms, decode=5.0ms | TOTAL=27.6ms for 3000ms audio (RTF=0.01x)
[TIMING] stream_chunk[experiment-0c2a5e36d8bd4265a3f93bf9ff199199](live_neural): decode=0.1ms, inference=29.8ms, second_pass=0.0ms, contention=0.0ms, TOTAL=30.0ms | audio=600ms, RTF=0.05x | model=enhanced_mel, neural_total=29.4ms, model_inference=21.6ms
[TIMING] EnhancedMel.transcribe: audio_to_gpu=0.1ms, features=0.4ms, model=12.1ms, decode=4.9ms | TOTAL=17.5ms for 3000ms audio (RTF=0.01x)
[TIMING] stream_chunk[experiment-0c2a5e36d8bd4265a3f93bf9ff199199](live_neural): decode=0.1ms, inference=21.0ms, second_pass=0.0ms, contention=0.0ms, TOTAL=21.3ms | audio=600ms, RTF=0.04x | model=enhanced_mel, neural_total=20.5ms, model_inference=12.1ms
[TIMING] EnhancedMel.transcribe: audio_to_gpu=0.2ms, features=0.5ms, model=12.0ms, decode=5.0ms | TOTAL=17.6ms for 3000ms audio (RTF=0.01x)
[TIMING] stream_chunk[experiment-0c2a5e36d8bd4265a3f93bf9ff199199](live_neural): decode=0.1ms, inference=19.7ms, second_pass=0.0ms, contention=0.0ms, TOTAL=19.9ms | audio=600ms, RTF=0.03x | model=enhanced_mel, neural_total=19.4ms, model_inference=12.0ms
[TIMING] EnhancedMel.transcribe: audio_to_gpu=0.1ms, features=0.4ms, model=13.3ms, decode=4.9ms | TOTAL=18.7ms for 3000ms audio (RTF=0.01x)
[TIMING] stream_chunk[experiment-0c2a5e36d8bd4265a3f93bf9ff199199](live_neural): decode=0.2ms, inference=20.9ms, second_pass=0.0ms, contention=0.0ms, TOTAL=21.2ms | audio=600ms, RTF=0.04x | model=enhanced_mel, neural_total=20.5ms, model_inference=13.3ms
[TIMING] EnhancedMel.transcribe: audio_to_gpu=0.2ms, features=0.5ms, model=10.4ms, decode=1.0ms | TOTAL=12.1ms for 600ms audio (RTF=0.02x)
[TIMING] stream_chunk[experiment-0b6ddc74c29c4359935b6f4d63a91fa3](live_neural): decode=0.1ms, inference=14.5ms, second_pass=0.0ms, contention=0.0ms, TOTAL=14.7ms | audio=600ms, RTF=0.02x | model=enhanced_mel, neural_total=13.3ms, model_inference=10.4ms
[TIMING] EnhancedMel.transcribe: audio_to_gpu=0.1ms, features=0.4ms, model=10.5ms, decode=2.0ms | TOTAL=13.0ms for 1200ms audio (RTF=0.01x)
[TIMING] stream_chunk[experiment-0b6ddc74c29c4359935b6f4d63a91fa3](live_neural): decode=0.1ms, inference=14.6ms, second_pass=0.0ms, contention=0.0ms, TOTAL=14.8ms | audio=600ms, RTF=0.02x | model=enhanced_mel, neural_total=14.3ms, model_inference=10.5ms
[TIMING] EnhancedMel.transcribe: audio_to_gpu=0.2ms, features=0.4ms, model=10.9ms, decode=3.0ms | TOTAL=14.5ms for 1800ms audio (RTF=0.01x)
[TIMING] stream_chunk[experiment-0b6ddc74c29c4359935b6f4d63a91fa3](live_neural): decode=0.1ms, inference=16.6ms, second_pass=0.0ms, contention=0.0ms, TOTAL=16.8ms | audio=600ms, RTF=0.03x | model=enhanced_mel, neural_total=16.2ms, model_inference=10.9ms
[TIMING] EnhancedMel.transcribe: audio_to_gpu=0.1ms, features=0.8ms, model=12.1ms, decode=3.9ms | TOTAL=16.8ms for 2400ms audio (RTF=0.01x)
[TIMING] stream_chunk[experiment-0b6ddc74c29c4359935b6f4d63a91fa3](live_neural): decode=0.2ms, inference=18.8ms, second_pass=0.0ms, contention=0.0ms, TOTAL=19.1ms | audio=600ms, RTF=0.03x | model=enhanced_mel, neural_total=18.4ms, model_inference=12.1ms
[TIMING] EnhancedMel.transcribe: audio_to_gpu=0.2ms, features=0.6ms, model=21.6ms, decode=5.7ms | TOTAL=28.0ms for 3000ms audio (RTF=0.01x)
[TIMING] stream_chunk[experiment-0b6ddc74c29c4359935b6f4d63a91fa3](live_neural): decode=0.1ms, inference=30.9ms, second_pass=0.0ms, contention=0.0ms, TOTAL=31.1ms | audio=600ms, RTF=0.05x | model=enhanced_mel, neural_total=30.5ms, model_inference=21.6ms
[TIMING] EnhancedMel.transcribe: audio_to_gpu=0.2ms, features=0.4ms, model=12.7ms, decode=4.9ms | TOTAL=18.2ms for 3000ms audio (RTF=0.01x)
[TIMING] stream_chunk[experiment-0b6ddc74c29c4359935b6f4d63a91fa3](live_neural): decode=0.1ms, inference=20.5ms, second_pass=0.0ms, contention=0.0ms, TOTAL=20.7ms | audio=600ms, RTF=0.03x | model=enhanced_mel, neural_total=20.0ms, model_inference=12.7ms
[TIMING] EnhancedMel.transcribe: audio_to_gpu=0.4ms, features=0.5ms, model=11.6ms, decode=4.9ms | TOTAL=17.4ms for 3000ms audio (RTF=0.01x)
[TIMING] stream_chunk[experiment-0b6ddc74c29c4359935b6f4d63a91fa3](live_neural): decode=0.1ms, inference=20.8ms, second_pass=0.0ms, contention=0.0ms, TOTAL=21.0ms | audio=600ms, RTF=0.04x | model=enhanced_mel, neural_total=20.4ms, model_inference=11.6ms
[TIMING] EnhancedMel.transcribe: audio_to_gpu=0.2ms, features=0.5ms, model=12.5ms, decode=4.9ms | TOTAL=18.1ms for 3000ms audio (RTF=0.01x)
[TIMING] stream_chunk[experiment-0b6ddc74c29c4359935b6f4d63a91fa3](live_neural): decode=0.1ms, inference=20.2ms, second_pass=0.0ms, contention=0.0ms, TOTAL=20.4ms | audio=600ms, RTF=0.03x | model=enhanced_mel, neural_total=19.9ms, model_inference=12.5ms
[TIMING] EnhancedMel.transcribe: audio_to_gpu=0.3ms, features=0.4ms, model=12.2ms, decode=5.1ms | TOTAL=18.0ms for 3000ms audio (RTF=0.01x)
[TIMING] stream_chunk[experiment-0b6ddc74c29c4359935b6f4d63a91fa3](live_neural): decode=0.1ms, inference=21.3ms, second_pass=0.0ms, contention=0.0ms, TOTAL=21.5ms | audio=600ms, RTF=0.04x | model=enhanced_mel, neural_total=20.9ms, model_inference=12.2ms
[TIMING] EnhancedMel.transcribe: audio_to_gpu=0.2ms, features=0.5ms, model=13.2ms, decode=5.0ms | TOTAL=19.0ms for 3000ms audio (RTF=0.01x)
[TIMING] stream_chunk[experiment-0b6ddc74c29c4359935b6f4d63a91fa3](live_neural): decode=0.1ms, inference=22.3ms, second_pass=0.0ms, contention=0.0ms, TOTAL=22.5ms | audio=600ms, RTF=0.04x | model=enhanced_mel, neural_total=21.9ms, model_inference=13.2ms

[CLIP_013] Sonata No. 9
  excerpt: start=0.00s end=6.00s duration=6.00s gt_notes=18 rms=0.0169 peak=0.0999 crest=5.898 rms_std=0.0093
    control:
      note metrics: precision=0.857 recall=1.000 f1=0.923 matched=18/18 pred=21
      strict onset f1: 10ms=0.769 20ms=0.923 30ms=0.923
      timing metrics: offset_f1=0.103 rhythm_precision=0.111 note_value_acc=0.056 note_value_n=18 avg_beat_error=1.576
      duplicate metrics: duplicates=0 per_100_notes=0.00
      boundary metrics: gt=1 matched=1 missed=0 miss_rate=0.000
      latency: avg_chunk_ms=20.91 p95_chunk_ms=30.52 avg_rtf=0.035
      notation metrics: first_correct_ms=112.4 visible_p50_ms=200.5 visible_p95_ms=410.5 stabilize_p50_ms=1312.6 stabilize_p95_ms=2830.4 avg_revisions=1.79 matched=14 refined=14 snapshots=19
      algorithmic latency: first_correct_ms=91.1 visible_p50_ms=180.6 visible_p95_ms=390.8 stabilize_p50_ms=1088.3 stabilize_p95_ms=2403.1
      final display note metrics: precision=0.857 recall=1.000 f1=0.923 matched=18/18 pred=21
      final display strict onset f1: 10ms=0.769 20ms=0.923 30ms=0.923
      final display timing: offset_f1=0.103 rhythm_precision=0.111 note_value_acc=0.056 note_value_n=18 avg_beat_error=1.262
      final display structure: cluster_f1=0.857 onset_align_recall=1.000 avg_jaccard=1.000 exact=9/9 pred=12 over=0 under=0 pitch_conflicts=0 missed_gt=0
      threshold profiles: hit_rate=0.000 thresholds=[0.7] profiles={'fixed_baseline': 10}
    treatment:
      note metrics: precision=0.783 recall=1.000 f1=0.878 matched=18/18 pred=23
      strict onset f1: 10ms=0.732 20ms=0.878 30ms=0.878
      timing metrics: offset_f1=0.098 rhythm_precision=0.111 note_value_acc=0.056 note_value_n=18 avg_beat_error=1.576
      duplicate metrics: duplicates=0 per_100_notes=0.00
      boundary metrics: gt=1 matched=1 missed=0 miss_rate=0.000
      latency: avg_chunk_ms=20.27 p95_chunk_ms=27.22 avg_rtf=0.034
      notation metrics: first_correct_ms=113.6 visible_p50_ms=202.1 visible_p95_ms=421.9 stabilize_p50_ms=1845.2 stabilize_p95_ms=2812.3 avg_revisions=2.14 matched=14 refined=14 snapshots=19
      algorithmic latency: first_correct_ms=91.1 visible_p50_ms=180.6 visible_p95_ms=390.8 stabilize_p50_ms=1371.1 stabilize_p95_ms=2403.1
      final display note metrics: precision=0.783 recall=1.000 f1=0.878 matched=18/18 pred=23
      final display strict onset f1: 10ms=0.732 20ms=0.878 30ms=0.878
      final display timing: offset_f1=0.098 rhythm_precision=0.111 note_value_acc=0.056 note_value_n=18 avg_beat_error=1.373
      final display structure: cluster_f1=0.783 onset_align_recall=1.000 avg_jaccard=1.000 exact=9/9 pred=14 over=0 under=0 pitch_conflicts=0 missed_gt=0
      threshold profiles: hit_rate=1.000 thresholds=[0.66] profiles={'soft_sparse_recall': 10}
    delta treatment-control: precision=-0.075 recall=+0.000 f1=-0.045 offset_f1=-0.005 note_value_acc=+0.000 dup_per_100=+0.00 boundary_miss_rate=+0.000 p95_chunk_ms=-3.30 f1_10ms=-0.038 f1_20ms=-0.045 f1_30ms=-0.045 visible_p50_ms=+1.6 stabilize_p50_ms=+532.6 algo_visible_p50_ms=+0.0 algo_stabilize_p50_ms=+282.8 avg_revisions=+0.36 display_note_f1=-0.045 display_offset_f1=-0.005 display_cluster_f1=-0.075 display_cluster_jaccard=+0.000
    failure buckets: ['high_revision_slow_stabilization', 'note_value_offset_failure']
[TIMING] EnhancedMel.transcribe: audio_to_gpu=0.3ms, features=0.7ms, model=10.9ms, decode=1.1ms | TOTAL=12.9ms for 600ms audio (RTF=0.02x)
[TIMING] stream_chunk[experiment-ee442af98e2a4a9296bdaacbee03b770](live_neural): decode=0.1ms, inference=15.7ms, second_pass=0.0ms, contention=0.0ms, TOTAL=15.8ms | audio=600ms, RTF=0.03x | model=enhanced_mel, neural_total=15.3ms, model_inference=10.9ms
[TIMING] EnhancedMel.transcribe: audio_to_gpu=0.2ms, features=0.4ms, model=9.5ms, decode=2.0ms | TOTAL=12.1ms for 1200ms audio (RTF=0.01x)
[TIMING] stream_chunk[experiment-ee442af98e2a4a9296bdaacbee03b770](live_neural): decode=0.1ms, inference=14.7ms, second_pass=0.0ms, contention=0.0ms, TOTAL=14.9ms | audio=600ms, RTF=0.02x | model=enhanced_mel, neural_total=14.4ms, model_inference=9.5ms
[TIMING] EnhancedMel.transcribe: audio_to_gpu=0.4ms, features=0.4ms, model=10.8ms, decode=2.9ms | TOTAL=14.5ms for 1800ms audio (RTF=0.01x)
[TIMING] stream_chunk[experiment-ee442af98e2a4a9296bdaacbee03b770](live_neural): decode=0.1ms, inference=17.1ms, second_pass=0.0ms, contention=0.0ms, TOTAL=17.3ms | audio=600ms, RTF=0.03x | model=enhanced_mel, neural_total=16.7ms, model_inference=10.8ms
[TIMING] EnhancedMel.transcribe: audio_to_gpu=0.2ms, features=0.4ms, model=12.1ms, decode=4.8ms | TOTAL=17.5ms for 2400ms audio (RTF=0.01x)
[TIMING] stream_chunk[experiment-ee442af98e2a4a9296bdaacbee03b770](live_neural): decode=0.1ms, inference=20.3ms, second_pass=0.0ms, contention=0.0ms, TOTAL=20.5ms | audio=600ms, RTF=0.03x | model=enhanced_mel, neural_total=19.9ms, model_inference=12.1ms
[TIMING] EnhancedMel.transcribe: audio_to_gpu=0.1ms, features=0.4ms, model=12.0ms, decode=4.8ms | TOTAL=17.4ms for 3000ms audio (RTF=0.01x)
[TIMING] stream_chunk[experiment-ee442af98e2a4a9296bdaacbee03b770](live_neural): decode=0.2ms, inference=19.6ms, second_pass=0.0ms, contention=0.0ms, TOTAL=19.9ms | audio=600ms, RTF=0.03x | model=enhanced_mel, neural_total=19.2ms, model_inference=12.0ms
[TIMING] EnhancedMel.transcribe: audio_to_gpu=0.1ms, features=0.3ms, model=11.9ms, decode=4.8ms | TOTAL=17.1ms for 3000ms audio (RTF=0.01x)
[TIMING] stream_chunk[experiment-ee442af98e2a4a9296bdaacbee03b770](live_neural): decode=0.2ms, inference=19.2ms, second_pass=0.0ms, contention=0.0ms, TOTAL=19.5ms | audio=600ms, RTF=0.03x | model=enhanced_mel, neural_total=18.9ms, model_inference=11.9ms
[TIMING] EnhancedMel.transcribe: audio_to_gpu=0.4ms, features=0.5ms, model=12.3ms, decode=4.9ms | TOTAL=18.1ms for 3000ms audio (RTF=0.01x)
[TIMING] stream_chunk[experiment-ee442af98e2a4a9296bdaacbee03b770](live_neural): decode=0.1ms, inference=20.2ms, second_pass=0.0ms, contention=0.0ms, TOTAL=20.4ms | audio=600ms, RTF=0.03x | model=enhanced_mel, neural_total=19.9ms, model_inference=12.3ms
[TIMING] EnhancedMel.transcribe: audio_to_gpu=0.2ms, features=0.4ms, model=12.3ms, decode=4.9ms | TOTAL=17.7ms for 3000ms audio (RTF=0.01x)
[TIMING] stream_chunk[experiment-ee442af98e2a4a9296bdaacbee03b770](live_neural): decode=0.1ms, inference=20.9ms, second_pass=0.0ms, contention=0.0ms, TOTAL=21.1ms | audio=600ms, RTF=0.04x | model=enhanced_mel, neural_total=20.5ms, model_inference=12.3ms
[TIMING] EnhancedMel.transcribe: audio_to_gpu=0.2ms, features=0.4ms, model=11.6ms, decode=5.8ms | TOTAL=18.1ms for 3000ms audio (RTF=0.01x)
[TIMING] stream_chunk[experiment-ee442af98e2a4a9296bdaacbee03b770](live_neural): decode=0.1ms, inference=21.3ms, second_pass=0.0ms, contention=0.0ms, TOTAL=21.5ms | audio=600ms, RTF=0.04x | model=enhanced_mel, neural_total=20.9ms, model_inference=11.6ms
[TIMING] EnhancedMel.transcribe: audio_to_gpu=0.2ms, features=0.5ms, model=12.3ms, decode=5.0ms | TOTAL=18.1ms for 3000ms audio (RTF=0.01x)
[TIMING] stream_chunk[experiment-ee442af98e2a4a9296bdaacbee03b770](live_neural): decode=0.1ms, inference=21.3ms, second_pass=0.0ms, contention=0.0ms, TOTAL=21.6ms | audio=600ms, RTF=0.04x | model=enhanced_mel, neural_total=20.9ms, model_inference=12.3ms
[TIMING] EnhancedMel.transcribe: audio_to_gpu=0.1ms, features=0.5ms, model=10.5ms, decode=1.0ms | TOTAL=12.1ms for 600ms audio (RTF=0.02x)
[TIMING] stream_chunk[experiment-a76ac43a42e44553b41f6e72de856e14](live_neural): decode=0.1ms, inference=14.1ms, second_pass=0.0ms, contention=0.0ms, TOTAL=14.2ms | audio=600ms, RTF=0.02x | model=enhanced_mel, neural_total=13.7ms, model_inference=10.5ms
[TIMING] EnhancedMel.transcribe: audio_to_gpu=0.1ms, features=0.3ms, model=11.0ms, decode=2.2ms | TOTAL=13.7ms for 1200ms audio (RTF=0.01x)
[TIMING] stream_chunk[experiment-a76ac43a42e44553b41f6e72de856e14](live_neural): decode=0.1ms, inference=15.3ms, second_pass=0.0ms, contention=0.0ms, TOTAL=15.5ms | audio=600ms, RTF=0.03x | model=enhanced_mel, neural_total=14.9ms, model_inference=11.0ms
[TIMING] EnhancedMel.transcribe: audio_to_gpu=0.1ms, features=0.4ms, model=11.6ms, decode=2.9ms | TOTAL=15.0ms for 1800ms audio (RTF=0.01x)
[TIMING] stream_chunk[experiment-a76ac43a42e44553b41f6e72de856e14](live_neural): decode=0.2ms, inference=16.8ms, second_pass=0.0ms, contention=0.0ms, TOTAL=17.0ms | audio=600ms, RTF=0.03x | model=enhanced_mel, neural_total=16.4ms, model_inference=11.6ms
[TIMING] EnhancedMel.transcribe: audio_to_gpu=0.3ms, features=0.4ms, model=10.8ms, decode=3.9ms | TOTAL=15.4ms for 2400ms audio (RTF=0.01x)
[TIMING] stream_chunk[experiment-a76ac43a42e44553b41f6e72de856e14](live_neural): decode=0.1ms, inference=18.6ms, second_pass=0.0ms, contention=0.0ms, TOTAL=18.8ms | audio=600ms, RTF=0.03x | model=enhanced_mel, neural_total=18.1ms, model_inference=10.8ms
[TIMING] EnhancedMel.transcribe: audio_to_gpu=0.3ms, features=0.6ms, model=11.6ms, decode=5.7ms | TOTAL=18.2ms for 3000ms audio (RTF=0.01x)
[TIMING] stream_chunk[experiment-a76ac43a42e44553b41f6e72de856e14](live_neural): decode=0.1ms, inference=20.4ms, second_pass=0.0ms, contention=0.0ms, TOTAL=20.6ms | audio=600ms, RTF=0.03x | model=enhanced_mel, neural_total=20.0ms, model_inference=11.6ms
[TIMING] EnhancedMel.transcribe: audio_to_gpu=0.2ms, features=0.4ms, model=11.7ms, decode=4.8ms | TOTAL=17.0ms for 3000ms audio (RTF=0.01x)
[TIMING] stream_chunk[experiment-a76ac43a42e44553b41f6e72de856e14](live_neural): decode=0.1ms, inference=19.0ms, second_pass=0.0ms, contention=0.0ms, TOTAL=19.2ms | audio=600ms, RTF=0.03x | model=enhanced_mel, neural_total=18.7ms, model_inference=11.7ms
[TIMING] EnhancedMel.transcribe: audio_to_gpu=0.2ms, features=0.4ms, model=12.1ms, decode=4.9ms | TOTAL=17.5ms for 3000ms audio (RTF=0.01x)
[TIMING] stream_chunk[experiment-a76ac43a42e44553b41f6e72de856e14](live_neural): decode=0.1ms, inference=19.6ms, second_pass=0.0ms, contention=0.0ms, TOTAL=19.9ms | audio=600ms, RTF=0.03x | model=enhanced_mel, neural_total=19.3ms, model_inference=12.1ms
[TIMING] EnhancedMel.transcribe: audio_to_gpu=0.2ms, features=0.4ms, model=11.8ms, decode=5.0ms | TOTAL=17.4ms for 3000ms audio (RTF=0.01x)
[TIMING] stream_chunk[experiment-a76ac43a42e44553b41f6e72de856e14](live_neural): decode=0.1ms, inference=20.5ms, second_pass=0.0ms, contention=0.0ms, TOTAL=20.7ms | audio=600ms, RTF=0.03x | model=enhanced_mel, neural_total=20.1ms, model_inference=11.8ms
[TIMING] EnhancedMel.transcribe: audio_to_gpu=0.2ms, features=0.4ms, model=11.9ms, decode=5.1ms | TOTAL=17.6ms for 3000ms audio (RTF=0.01x)
[TIMING] stream_chunk[experiment-a76ac43a42e44553b41f6e72de856e14](live_neural): decode=0.1ms, inference=20.2ms, second_pass=0.0ms, contention=0.0ms, TOTAL=20.4ms | audio=600ms, RTF=0.03x | model=enhanced_mel, neural_total=19.8ms, model_inference=11.9ms
[TIMING] EnhancedMel.transcribe: audio_to_gpu=0.3ms, features=0.6ms, model=11.9ms, decode=5.1ms | TOTAL=17.8ms for 3000ms audio (RTF=0.01x)
[TIMING] stream_chunk[experiment-a76ac43a42e44553b41f6e72de856e14](live_neural): decode=0.1ms, inference=21.3ms, second_pass=0.0ms, contention=0.0ms, TOTAL=21.5ms | audio=600ms, RTF=0.04x | model=enhanced_mel, neural_total=20.8ms, model_inference=11.9ms

[CLIP_014] Sonata No. 9
  excerpt: start=6.00s end=12.00s duration=6.00s gt_notes=18 rms=0.0208 peak=0.1336 crest=6.421 rms_std=0.0097
    control:
      note metrics: precision=0.783 recall=1.000 f1=0.878 matched=18/18 pred=23
      strict onset f1: 10ms=0.683 20ms=0.878 30ms=0.878
      timing metrics: offset_f1=0.293 rhythm_precision=0.333 note_value_acc=0.000 note_value_n=18 avg_beat_error=1.309
      duplicate metrics: duplicates=0 per_100_notes=0.00
      boundary metrics: gt=14 matched=14 missed=0 miss_rate=0.000
      latency: avg_chunk_ms=19.25 p95_chunk_ms=21.54 avg_rtf=0.032
      notation metrics: first_correct_ms=50.7 visible_p50_ms=529.4 visible_p95_ms=586.5 stabilize_p50_ms=1606.6 stabilize_p95_ms=2889.9 avg_revisions=1.62 matched=13 refined=13 snapshots=18
      algorithmic latency: first_correct_ms=30.2 visible_p50_ms=507.8 visible_p95_ms=565.3 stabilize_p50_ms=1161.5 stabilize_p95_ms=2377.2
      final display note metrics: precision=0.773 recall=0.944 f1=0.850 matched=17/18 pred=22
      final display strict onset f1: 10ms=0.700 20ms=0.850 30ms=0.850
      final display timing: offset_f1=0.300 rhythm_precision=0.353 note_value_acc=0.000 note_value_n=17 avg_beat_error=1.176
      final display structure: cluster_f1=0.400 onset_align_recall=1.000 avg_jaccard=0.704 exact=4/9 pred=11 over=2 under=0 pitch_conflicts=3 missed_gt=0
      threshold profiles: hit_rate=0.000 thresholds=[0.7] profiles={'fixed_baseline': 10}
    treatment:
      note metrics: precision=0.750 recall=1.000 f1=0.857 matched=18/18 pred=24
      strict onset f1: 10ms=0.667 20ms=0.857 30ms=0.857
      timing metrics: offset_f1=0.286 rhythm_precision=0.333 note_value_acc=0.000 note_value_n=18 avg_beat_error=1.309
      duplicate metrics: duplicates=0 per_100_notes=0.00
      boundary metrics: gt=14 matched=14 missed=0 miss_rate=0.000
      latency: avg_chunk_ms=18.78 p95_chunk_ms=21.15 avg_rtf=0.031
      notation metrics: first_correct_ms=49.0 visible_p50_ms=529.4 visible_p95_ms=585.8 stabilize_p50_ms=1635.1 stabilize_p95_ms=2691.9 avg_revisions=1.77 matched=13 refined=13 snapshots=19
      algorithmic latency: first_correct_ms=30.2 visible_p50_ms=507.8 visible_p95_ms=565.3 stabilize_p50_ms=1133.1 stabilize_p95_ms=2141.6
      final display note metrics: precision=0.739 recall=0.944 f1=0.829 matched=17/18 pred=23
      final display strict onset f1: 10ms=0.683 20ms=0.829 30ms=0.829
      final display timing: offset_f1=0.293 rhythm_precision=0.353 note_value_acc=0.000 note_value_n=17 avg_beat_error=1.172
      final display structure: cluster_f1=0.381 onset_align_recall=1.000 avg_jaccard=0.704 exact=4/9 pred=12 over=2 under=0 pitch_conflicts=3 missed_gt=0
      threshold profiles: hit_rate=0.600 thresholds=[0.66, 0.7] profiles={'baseline_nominal': 4, 'soft_sparse_recall': 6}
    delta treatment-control: precision=-0.033 recall=+0.000 f1=-0.021 offset_f1=-0.007 note_value_acc=+0.000 dup_per_100=+0.00 boundary_miss_rate=+0.000 p95_chunk_ms=-0.39 f1_10ms=-0.016 f1_20ms=-0.021 f1_30ms=-0.021 visible_p50_ms=-0.0 stabilize_p50_ms=+28.5 algo_visible_p50_ms=+0.0 algo_stabilize_p50_ms=-28.4 avg_revisions=+0.15 display_note_f1=-0.021 display_offset_f1=-0.007 display_cluster_f1=-0.019 display_cluster_jaccard=+0.000
    failure buckets: ['high_revision_slow_stabilization', 'note_value_offset_failure']
[TIMING] EnhancedMel.transcribe: audio_to_gpu=0.4ms, features=0.7ms, model=10.1ms, decode=1.5ms | TOTAL=12.7ms for 600ms audio (RTF=0.02x)
[TIMING] stream_chunk[experiment-074aaeb840244f2fb6b9584db173a8c6](live_neural): decode=0.1ms, inference=15.0ms, second_pass=0.0ms, contention=0.0ms, TOTAL=15.3ms | audio=600ms, RTF=0.03x | model=enhanced_mel, neural_total=14.6ms, model_inference=10.1ms
[TIMING] EnhancedMel.transcribe: audio_to_gpu=0.2ms, features=0.5ms, model=10.6ms, decode=2.7ms | TOTAL=13.9ms for 1200ms audio (RTF=0.01x)
[TIMING] stream_chunk[experiment-074aaeb840244f2fb6b9584db173a8c6](live_neural): decode=0.2ms, inference=15.8ms, second_pass=0.0ms, contention=0.0ms, TOTAL=16.0ms | audio=600ms, RTF=0.03x | model=enhanced_mel, neural_total=15.3ms, model_inference=10.6ms
[TIMING] EnhancedMel.transcribe: audio_to_gpu=0.1ms, features=0.6ms, model=11.1ms, decode=3.9ms | TOTAL=15.7ms for 1800ms audio (RTF=0.01x)
[TIMING] stream_chunk[experiment-074aaeb840244f2fb6b9584db173a8c6](live_neural): decode=0.1ms, inference=17.8ms, second_pass=0.0ms, contention=0.0ms, TOTAL=18.1ms | audio=600ms, RTF=0.03x | model=enhanced_mel, neural_total=17.4ms, model_inference=11.1ms
[TIMING] EnhancedMel.transcribe: audio_to_gpu=0.2ms, features=0.5ms, model=11.2ms, decode=4.9ms | TOTAL=16.8ms for 2400ms audio (RTF=0.01x)
[TIMING] stream_chunk[experiment-074aaeb840244f2fb6b9584db173a8c6](live_neural): decode=0.1ms, inference=19.1ms, second_pass=0.0ms, contention=0.0ms, TOTAL=19.4ms | audio=600ms, RTF=0.03x | model=enhanced_mel, neural_total=18.7ms, model_inference=11.2ms
[TIMING] EnhancedMel.transcribe: audio_to_gpu=0.3ms, features=0.5ms, model=12.3ms, decode=5.9ms | TOTAL=19.0ms for 3000ms audio (RTF=0.01x)
[TIMING] stream_chunk[experiment-074aaeb840244f2fb6b9584db173a8c6](live_neural): decode=0.1ms, inference=21.7ms, second_pass=0.0ms, contention=0.0ms, TOTAL=22.1ms | audio=600ms, RTF=0.04x | model=enhanced_mel, neural_total=21.3ms, model_inference=12.3ms
[TIMING] EnhancedMel.transcribe: audio_to_gpu=0.3ms, features=0.5ms, model=12.5ms, decode=5.8ms | TOTAL=19.1ms for 3000ms audio (RTF=0.01x)
[TIMING] stream_chunk[experiment-074aaeb840244f2fb6b9584db173a8c6](live_neural): decode=0.1ms, inference=21.7ms, second_pass=0.0ms, contention=0.0ms, TOTAL=22.1ms | audio=600ms, RTF=0.04x | model=enhanced_mel, neural_total=21.2ms, model_inference=12.5ms
[TIMING] EnhancedMel.transcribe: audio_to_gpu=0.2ms, features=0.4ms, model=12.5ms, decode=7.4ms | TOTAL=20.5ms for 3000ms audio (RTF=0.01x)
[TIMING] stream_chunk[experiment-074aaeb840244f2fb6b9584db173a8c6](live_neural): decode=0.1ms, inference=23.0ms, second_pass=0.0ms, contention=0.0ms, TOTAL=23.4ms | audio=600ms, RTF=0.04x | model=enhanced_mel, neural_total=22.6ms, model_inference=12.5ms
[TIMING] EnhancedMel.transcribe: audio_to_gpu=0.3ms, features=0.7ms, model=23.6ms, decode=6.3ms | TOTAL=30.9ms for 3000ms audio (RTF=0.01x)
[TIMING] stream_chunk[experiment-074aaeb840244f2fb6b9584db173a8c6](live_neural): decode=0.1ms, inference=33.2ms, second_pass=0.0ms, contention=0.0ms, TOTAL=33.6ms | audio=600ms, RTF=0.06x | model=enhanced_mel, neural_total=32.9ms, model_inference=23.6ms
[TIMING] EnhancedMel.transcribe: audio_to_gpu=0.3ms, features=0.6ms, model=12.0ms, decode=6.3ms | TOTAL=19.2ms for 3000ms audio (RTF=0.01x)
[TIMING] stream_chunk[experiment-074aaeb840244f2fb6b9584db173a8c6](live_neural): decode=0.1ms, inference=22.0ms, second_pass=0.0ms, contention=0.0ms, TOTAL=22.6ms | audio=600ms, RTF=0.04x | model=enhanced_mel, neural_total=21.4ms, model_inference=12.0ms
[TIMING] EnhancedMel.transcribe: audio_to_gpu=0.4ms, features=0.7ms, model=13.9ms, decode=6.2ms | TOTAL=21.1ms for 3000ms audio (RTF=0.01x)
[TIMING] stream_chunk[experiment-074aaeb840244f2fb6b9584db173a8c6](live_neural): decode=0.1ms, inference=23.8ms, second_pass=0.0ms, contention=0.0ms, TOTAL=24.3ms | audio=600ms, RTF=0.04x | model=enhanced_mel, neural_total=23.3ms, model_inference=13.9ms
[TIMING] EnhancedMel.transcribe: audio_to_gpu=0.3ms, features=0.7ms, model=10.6ms, decode=1.7ms | TOTAL=13.3ms for 600ms audio (RTF=0.02x)
[TIMING] stream_chunk[experiment-c49d0840191145029d1d56fc51933c99](live_neural): decode=0.1ms, inference=15.6ms, second_pass=0.0ms, contention=0.0ms, TOTAL=15.8ms | audio=600ms, RTF=0.03x | model=enhanced_mel, neural_total=15.2ms, model_inference=10.6ms
[TIMING] EnhancedMel.transcribe: audio_to_gpu=0.1ms, features=0.4ms, model=10.0ms, decode=2.9ms | TOTAL=13.4ms for 1200ms audio (RTF=0.01x)
[TIMING] stream_chunk[experiment-c49d0840191145029d1d56fc51933c99](live_neural): decode=0.1ms, inference=15.2ms, second_pass=0.0ms, contention=0.0ms, TOTAL=15.5ms | audio=600ms, RTF=0.03x | model=enhanced_mel, neural_total=14.8ms, model_inference=10.0ms
[TIMING] EnhancedMel.transcribe: audio_to_gpu=0.2ms, features=0.4ms, model=10.5ms, decode=3.8ms | TOTAL=14.9ms for 1800ms audio (RTF=0.01x)
[TIMING] stream_chunk[experiment-c49d0840191145029d1d56fc51933c99](live_neural): decode=0.1ms, inference=17.0ms, second_pass=0.0ms, contention=0.0ms, TOTAL=17.3ms | audio=600ms, RTF=0.03x | model=enhanced_mel, neural_total=16.6ms, model_inference=10.5ms
[TIMING] EnhancedMel.transcribe: audio_to_gpu=0.2ms, features=0.9ms, model=15.6ms, decode=4.8ms | TOTAL=21.5ms for 2400ms audio (RTF=0.01x)
[TIMING] stream_chunk[experiment-c49d0840191145029d1d56fc51933c99](live_neural): decode=0.1ms, inference=24.1ms, second_pass=0.0ms, contention=0.0ms, TOTAL=24.4ms | audio=600ms, RTF=0.04x | model=enhanced_mel, neural_total=23.6ms, model_inference=15.6ms
[TIMING] EnhancedMel.transcribe: audio_to_gpu=0.3ms, features=0.5ms, model=12.6ms, decode=5.9ms | TOTAL=19.3ms for 3000ms audio (RTF=0.01x)
[TIMING] stream_chunk[experiment-c49d0840191145029d1d56fc51933c99](live_neural): decode=0.1ms, inference=22.0ms, second_pass=0.0ms, contention=0.0ms, TOTAL=22.5ms | audio=600ms, RTF=0.04x | model=enhanced_mel, neural_total=21.6ms, model_inference=12.6ms
[TIMING] EnhancedMel.transcribe: audio_to_gpu=0.2ms, features=0.4ms, model=11.5ms, decode=5.9ms | TOTAL=18.1ms for 3000ms audio (RTF=0.01x)
[TIMING] stream_chunk[experiment-c49d0840191145029d1d56fc51933c99](live_neural): decode=0.2ms, inference=21.3ms, second_pass=0.0ms, contention=0.0ms, TOTAL=21.8ms | audio=600ms, RTF=0.04x | model=enhanced_mel, neural_total=20.9ms, model_inference=11.5ms
[TIMING] EnhancedMel.transcribe: audio_to_gpu=0.3ms, features=0.5ms, model=11.6ms, decode=6.0ms | TOTAL=18.4ms for 3000ms audio (RTF=0.01x)
[TIMING] stream_chunk[experiment-c49d0840191145029d1d56fc51933c99](live_neural): decode=0.1ms, inference=21.5ms, second_pass=0.0ms, contention=0.0ms, TOTAL=21.9ms | audio=600ms, RTF=0.04x | model=enhanced_mel, neural_total=21.1ms, model_inference=11.6ms
[TIMING] EnhancedMel.transcribe: audio_to_gpu=0.2ms, features=0.8ms, model=12.9ms, decode=5.9ms | TOTAL=19.8ms for 3000ms audio (RTF=0.01x)
[TIMING] stream_chunk[experiment-c49d0840191145029d1d56fc51933c99](live_neural): decode=0.1ms, inference=22.3ms, second_pass=0.0ms, contention=0.0ms, TOTAL=22.8ms | audio=600ms, RTF=0.04x | model=enhanced_mel, neural_total=21.9ms, model_inference=12.9ms
[TIMING] EnhancedMel.transcribe: audio_to_gpu=0.3ms, features=0.5ms, model=11.9ms, decode=6.0ms | TOTAL=18.8ms for 3000ms audio (RTF=0.01x)
[TIMING] stream_chunk[experiment-c49d0840191145029d1d56fc51933c99](live_neural): decode=0.1ms, inference=21.5ms, second_pass=0.0ms, contention=0.0ms, TOTAL=22.1ms | audio=600ms, RTF=0.04x | model=enhanced_mel, neural_total=21.0ms, model_inference=11.9ms
[TIMING] EnhancedMel.transcribe: audio_to_gpu=0.4ms, features=0.5ms, model=12.7ms, decode=6.0ms | TOTAL=19.6ms for 3000ms audio (RTF=0.01x)
[TIMING] stream_chunk[experiment-c49d0840191145029d1d56fc51933c99](live_neural): decode=0.1ms, inference=24.4ms, second_pass=0.0ms, contention=0.0ms, TOTAL=24.8ms | audio=600ms, RTF=0.04x | model=enhanced_mel, neural_total=22.6ms, model_inference=12.7ms

[CLIP_015] Concert Etude No. 2 "Gnomenreigen"
  excerpt: start=21.00s end=27.00s duration=6.00s gt_notes=182 rms=0.0327 peak=0.2179 crest=6.658 rms_std=0.0112
    control:
      note metrics: precision=0.960 recall=0.918 f1=0.938 matched=167/182 pred=174
      strict onset f1: 10ms=0.815 20ms=0.927 30ms=0.938
      timing metrics: offset_f1=0.933 rhythm_precision=0.994 note_value_acc=0.946 note_value_n=167 avg_beat_error=0.006
      duplicate metrics: duplicates=3 per_100_notes=1.72
      boundary metrics: gt=54 matched=50 missed=4 miss_rate=0.074
      latency: avg_chunk_ms=21.70 p95_chunk_ms=29.40 avg_rtf=0.036
      notation metrics: first_correct_ms=52.2 visible_p50_ms=331.9 visible_p95_ms=600.7 stabilize_p50_ms=1536.5 stabilize_p95_ms=2028.1 avg_revisions=1.80 matched=101 refined=101 snapshots=19
      algorithmic latency: first_correct_ms=26.6 visible_p50_ms=312.8 visible_p95_ms=582.6 stabilize_p50_ms=1311.2 stabilize_p95_ms=1972.7
      final display note metrics: precision=0.976 recall=0.907 f1=0.940 matched=165/182 pred=169
      final display strict onset f1: 10ms=0.809 20ms=0.929 30ms=0.940
      final display timing: offset_f1=0.934 rhythm_precision=0.994 note_value_acc=0.224 note_value_n=165 avg_beat_error=0.067
      final display structure: cluster_f1=0.469 onset_align_recall=0.859 avg_jaccard=0.792 exact=34/78 pred=67 over=16 under=15 pitch_conflicts=2 missed_gt=11
      threshold profiles: hit_rate=0.000 thresholds=[0.7] profiles={'fixed_baseline': 10}
    treatment:
      note metrics: precision=0.960 recall=0.918 f1=0.938 matched=167/182 pred=174
      strict onset f1: 10ms=0.815 20ms=0.927 30ms=0.938
      timing metrics: offset_f1=0.933 rhythm_precision=0.994 note_value_acc=0.946 note_value_n=167 avg_beat_error=0.006
      duplicate metrics: duplicates=3 per_100_notes=1.72
      boundary metrics: gt=54 matched=50 missed=4 miss_rate=0.074
      latency: avg_chunk_ms=20.87 p95_chunk_ms=24.57 avg_rtf=0.035
      notation metrics: first_correct_ms=49.3 visible_p50_ms=334.9 visible_p95_ms=600.3 stabilize_p50_ms=1536.0 stabilize_p95_ms=2028.0 avg_revisions=1.80 matched=101 refined=101 snapshots=19
      algorithmic latency: first_correct_ms=26.6 visible_p50_ms=312.8 visible_p95_ms=582.6 stabilize_p50_ms=1311.2 stabilize_p95_ms=1972.7
      final display note metrics: precision=0.976 recall=0.907 f1=0.940 matched=165/182 pred=169
      final display strict onset f1: 10ms=0.809 20ms=0.929 30ms=0.940
      final display timing: offset_f1=0.934 rhythm_precision=0.994 note_value_acc=0.224 note_value_n=165 avg_beat_error=0.067
      final display structure: cluster_f1=0.469 onset_align_recall=0.859 avg_jaccard=0.792 exact=34/78 pred=67 over=16 under=15 pitch_conflicts=2 missed_gt=11
      threshold profiles: hit_rate=0.100 thresholds=[0.66, 0.7] profiles={'baseline_nominal': 9, 'soft_sparse_recall': 1}
    delta treatment-control: precision=+0.000 recall=+0.000 f1=+0.000 offset_f1=+0.000 note_value_acc=+0.000 dup_per_100=+0.00 boundary_miss_rate=+0.000 p95_chunk_ms=-4.82 f1_10ms=+0.000 f1_20ms=+0.000 f1_30ms=+0.000 visible_p50_ms=+2.9 stabilize_p50_ms=-0.5 algo_visible_p50_ms=+0.0 algo_stabilize_p50_ms=+0.0 avg_revisions=+0.00 display_note_f1=+0.000 display_offset_f1=+0.000 display_cluster_f1=+0.000 display_cluster_jaccard=+0.000
    failure buckets: ['runtime_only_win', 'boundary_miss_failure', 'high_revision_slow_stabilization']
      boundary diagnostics: missed=4 by_arm={'control': 4, 'treatment': 4} tags={'control_boundary_miss': 4, 'no_control_coarse_candidate': 4}
        miss: pitch=64 onset=0.512s boundary_delta_ms=-88.3 control_coarse=False treatment_coarse=False retro=n/a
        miss: pitch=84 onset=1.797s boundary_delta_ms=-3.1 control_coarse=False treatment_coarse=False retro=n/a
        miss: pitch=83 onset=1.801s boundary_delta_ms=+0.8 control_coarse=False treatment_coarse=False retro=n/a
        ... 1 more missed boundary notes in diagnostics JSON
[TIMING] EnhancedMel.transcribe: audio_to_gpu=0.4ms, features=0.8ms, model=20.2ms, decode=1.5ms | TOTAL=22.8ms for 600ms audio (RTF=0.04x)
[TIMING] stream_chunk[experiment-ca0022c509a34b379d56d980df859256](live_neural): decode=0.2ms, inference=24.6ms, second_pass=0.0ms, contention=0.0ms, TOTAL=24.8ms | audio=600ms, RTF=0.04x | model=enhanced_mel, neural_total=24.1ms, model_inference=20.2ms
[TIMING] EnhancedMel.transcribe: audio_to_gpu=0.1ms, features=0.4ms, model=10.9ms, decode=2.7ms | TOTAL=14.1ms for 1200ms audio (RTF=0.01x)
[TIMING] stream_chunk[experiment-ca0022c509a34b379d56d980df859256](live_neural): decode=0.1ms, inference=16.1ms, second_pass=0.0ms, contention=0.0ms, TOTAL=16.3ms | audio=600ms, RTF=0.03x | model=enhanced_mel, neural_total=15.7ms, model_inference=10.9ms
[TIMING] EnhancedMel.transcribe: audio_to_gpu=1.0ms, features=0.5ms, model=12.0ms, decode=3.6ms | TOTAL=17.1ms for 1800ms audio (RTF=0.01x)
[TIMING] stream_chunk[experiment-ca0022c509a34b379d56d980df859256](live_neural): decode=0.1ms, inference=19.2ms, second_pass=0.0ms, contention=0.0ms, TOTAL=19.6ms | audio=600ms, RTF=0.03x | model=enhanced_mel, neural_total=18.8ms, model_inference=12.0ms
[TIMING] EnhancedMel.transcribe: audio_to_gpu=0.2ms, features=0.4ms, model=11.2ms, decode=4.8ms | TOTAL=16.6ms for 2400ms audio (RTF=0.01x)
[TIMING] stream_chunk[experiment-ca0022c509a34b379d56d980df859256](live_neural): decode=0.1ms, inference=18.7ms, second_pass=0.0ms, contention=0.0ms, TOTAL=19.1ms | audio=600ms, RTF=0.03x | model=enhanced_mel, neural_total=18.4ms, model_inference=11.2ms
[TIMING] EnhancedMel.transcribe: audio_to_gpu=0.2ms, features=0.4ms, model=12.1ms, decode=5.9ms | TOTAL=18.8ms for 3000ms audio (RTF=0.01x)
[TIMING] stream_chunk[experiment-ca0022c509a34b379d56d980df859256](live_neural): decode=0.1ms, inference=21.3ms, second_pass=0.0ms, contention=0.0ms, TOTAL=21.6ms | audio=600ms, RTF=0.04x | model=enhanced_mel, neural_total=20.9ms, model_inference=12.1ms
[TIMING] EnhancedMel.transcribe: audio_to_gpu=0.2ms, features=0.4ms, model=12.5ms, decode=6.0ms | TOTAL=19.1ms for 3000ms audio (RTF=0.01x)
[TIMING] stream_chunk[experiment-ca0022c509a34b379d56d980df859256](live_neural): decode=0.1ms, inference=21.6ms, second_pass=0.0ms, contention=0.0ms, TOTAL=22.1ms | audio=600ms, RTF=0.04x | model=enhanced_mel, neural_total=21.0ms, model_inference=12.5ms
[TIMING] EnhancedMel.transcribe: audio_to_gpu=0.4ms, features=0.5ms, model=12.1ms, decode=6.0ms | TOTAL=18.9ms for 3000ms audio (RTF=0.01x)
[TIMING] stream_chunk[experiment-ca0022c509a34b379d56d980df859256](live_neural): decode=0.1ms, inference=21.2ms, second_pass=0.0ms, contention=0.0ms, TOTAL=21.5ms | audio=600ms, RTF=0.04x | model=enhanced_mel, neural_total=20.8ms, model_inference=12.1ms
[TIMING] EnhancedMel.transcribe: audio_to_gpu=0.4ms, features=0.6ms, model=12.2ms, decode=5.7ms | TOTAL=18.8ms for 3000ms audio (RTF=0.01x)
[TIMING] stream_chunk[experiment-ca0022c509a34b379d56d980df859256](live_neural): decode=0.1ms, inference=22.7ms, second_pass=0.0ms, contention=0.0ms, TOTAL=23.3ms | audio=600ms, RTF=0.04x | model=enhanced_mel, neural_total=21.9ms, model_inference=12.2ms
[TIMING] EnhancedMel.transcribe: audio_to_gpu=0.4ms, features=0.5ms, model=12.7ms, decode=5.8ms | TOTAL=19.3ms for 3000ms audio (RTF=0.01x)
[TIMING] stream_chunk[experiment-ca0022c509a34b379d56d980df859256](live_neural): decode=0.1ms, inference=22.9ms, second_pass=0.0ms, contention=0.0ms, TOTAL=23.3ms | audio=600ms, RTF=0.04x | model=enhanced_mel, neural_total=22.6ms, model_inference=12.7ms
[TIMING] EnhancedMel.transcribe: audio_to_gpu=0.3ms, features=0.7ms, model=22.2ms, decode=5.9ms | TOTAL=29.1ms for 3000ms audio (RTF=0.01x)
[TIMING] stream_chunk[experiment-ca0022c509a34b379d56d980df859256](live_neural): decode=0.2ms, inference=31.5ms, second_pass=0.0ms, contention=0.0ms, TOTAL=31.9ms | audio=600ms, RTF=0.05x | model=enhanced_mel, neural_total=31.2ms, model_inference=22.2ms
[TIMING] EnhancedMel.transcribe: audio_to_gpu=0.2ms, features=0.6ms, model=13.2ms, decode=1.5ms | TOTAL=15.4ms for 600ms audio (RTF=0.03x)
[TIMING] stream_chunk[experiment-cb8f7142faa5414a81e71674f8308701](live_neural): decode=0.1ms, inference=17.4ms, second_pass=0.0ms, contention=0.0ms, TOTAL=17.6ms | audio=600ms, RTF=0.03x | model=enhanced_mel, neural_total=17.0ms, model_inference=13.2ms
[TIMING] EnhancedMel.transcribe: audio_to_gpu=0.1ms, features=0.3ms, model=10.6ms, decode=2.7ms | TOTAL=13.7ms for 1200ms audio (RTF=0.01x)
[TIMING] stream_chunk[experiment-cb8f7142faa5414a81e71674f8308701](live_neural): decode=0.1ms, inference=15.6ms, second_pass=0.0ms, contention=0.0ms, TOTAL=15.8ms | audio=600ms, RTF=0.03x | model=enhanced_mel, neural_total=15.2ms, model_inference=10.6ms
[TIMING] EnhancedMel.transcribe: audio_to_gpu=0.3ms, features=0.6ms, model=11.0ms, decode=3.7ms | TOTAL=15.6ms for 1800ms audio (RTF=0.01x)
[TIMING] stream_chunk[experiment-cb8f7142faa5414a81e71674f8308701](live_neural): decode=0.1ms, inference=18.6ms, second_pass=0.0ms, contention=0.0ms, TOTAL=18.9ms | audio=600ms, RTF=0.03x | model=enhanced_mel, neural_total=18.2ms, model_inference=11.0ms
[TIMING] EnhancedMel.transcribe: audio_to_gpu=0.2ms, features=0.4ms, model=12.5ms, decode=4.8ms | TOTAL=17.9ms for 2400ms audio (RTF=0.01x)
[TIMING] stream_chunk[experiment-cb8f7142faa5414a81e71674f8308701](live_neural): decode=0.2ms, inference=21.1ms, second_pass=0.0ms, contention=0.0ms, TOTAL=21.4ms | audio=600ms, RTF=0.04x | model=enhanced_mel, neural_total=20.7ms, model_inference=12.5ms
[TIMING] EnhancedMel.transcribe: audio_to_gpu=0.4ms, features=0.5ms, model=12.4ms, decode=6.3ms | TOTAL=19.7ms for 3000ms audio (RTF=0.01x)
[TIMING] stream_chunk[experiment-cb8f7142faa5414a81e71674f8308701](live_neural): decode=0.1ms, inference=23.1ms, second_pass=0.0ms, contention=0.0ms, TOTAL=23.5ms | audio=600ms, RTF=0.04x | model=enhanced_mel, neural_total=22.7ms, model_inference=12.4ms
[TIMING] EnhancedMel.transcribe: audio_to_gpu=0.2ms, features=0.5ms, model=12.4ms, decode=5.9ms | TOTAL=19.1ms for 3000ms audio (RTF=0.01x)
[TIMING] stream_chunk[experiment-cb8f7142faa5414a81e71674f8308701](live_neural): decode=0.1ms, inference=21.6ms, second_pass=0.0ms, contention=0.0ms, TOTAL=21.9ms | audio=600ms, RTF=0.04x | model=enhanced_mel, neural_total=21.1ms, model_inference=12.4ms
[TIMING] EnhancedMel.transcribe: audio_to_gpu=0.4ms, features=0.4ms, model=12.7ms, decode=5.8ms | TOTAL=19.3ms for 3000ms audio (RTF=0.01x)
[TIMING] stream_chunk[experiment-cb8f7142faa5414a81e71674f8308701](live_neural): decode=0.1ms, inference=22.7ms, second_pass=0.0ms, contention=0.0ms, TOTAL=23.1ms | audio=600ms, RTF=0.04x | model=enhanced_mel, neural_total=22.2ms, model_inference=12.7ms
[TIMING] EnhancedMel.transcribe: audio_to_gpu=0.3ms, features=0.5ms, model=12.1ms, decode=5.7ms | TOTAL=18.6ms for 3000ms audio (RTF=0.01x)
[TIMING] stream_chunk[experiment-cb8f7142faa5414a81e71674f8308701](live_neural): decode=0.1ms, inference=21.1ms, second_pass=0.0ms, contention=0.0ms, TOTAL=21.4ms | audio=600ms, RTF=0.04x | model=enhanced_mel, neural_total=20.6ms, model_inference=12.1ms
[TIMING] EnhancedMel.transcribe: audio_to_gpu=0.3ms, features=0.5ms, model=12.0ms, decode=5.7ms | TOTAL=18.5ms for 3000ms audio (RTF=0.01x)
[TIMING] stream_chunk[experiment-cb8f7142faa5414a81e71674f8308701](live_neural): decode=0.1ms, inference=21.3ms, second_pass=0.0ms, contention=0.0ms, TOTAL=21.7ms | audio=600ms, RTF=0.04x | model=enhanced_mel, neural_total=20.8ms, model_inference=12.0ms
[TIMING] EnhancedMel.transcribe: audio_to_gpu=0.3ms, features=0.5ms, model=12.7ms, decode=6.6ms | TOTAL=20.0ms for 3000ms audio (RTF=0.01x)
[TIMING] stream_chunk[experiment-cb8f7142faa5414a81e71674f8308701](live_neural): decode=0.1ms, inference=22.6ms, second_pass=0.0ms, contention=0.0ms, TOTAL=23.1ms | audio=600ms, RTF=0.04x | model=enhanced_mel, neural_total=22.1ms, model_inference=12.7ms

[CLIP_016] Concert Etude "Gnomenreigen"
  excerpt: start=24.00s end=30.00s duration=6.00s gt_notes=169 rms=0.0769 peak=0.3682 crest=4.787 rms_std=0.0214
    control:
      note metrics: precision=0.925 recall=0.870 f1=0.896 matched=147/169 pred=159
      strict onset f1: 10ms=0.750 20ms=0.890 30ms=0.896
      timing metrics: offset_f1=0.799 rhythm_precision=0.891 note_value_acc=0.728 note_value_n=147 avg_beat_error=0.073
      duplicate metrics: duplicates=2 per_100_notes=1.26
      boundary metrics: gt=46 matched=41 missed=5 miss_rate=0.109
      latency: avg_chunk_ms=22.34 p95_chunk_ms=28.69 avg_rtf=0.037
      notation metrics: first_correct_ms=36.6 visible_p50_ms=341.7 visible_p95_ms=627.7 stabilize_p50_ms=884.5 stabilize_p95_ms=1493.4 avg_revisions=1.18 matched=77 refined=77 snapshots=21
      algorithmic latency: first_correct_ms=15.1 visible_p50_ms=322.1 visible_p95_ms=599.2 stabilize_p50_ms=451.8 stabilize_p95_ms=1052.3
      final display note metrics: precision=0.942 recall=0.864 f1=0.901 matched=146/169 pred=155
      final display strict onset f1: 10ms=0.747 20ms=0.895 30ms=0.901
      final display timing: offset_f1=0.802 rhythm_precision=0.890 note_value_acc=0.116 note_value_n=146 avg_beat_error=0.137
      final display structure: cluster_f1=0.629 onset_align_recall=0.892 avg_jaccard=0.830 exact=44/74 pred=66 over=8 under=11 pitch_conflicts=3 missed_gt=8
      threshold profiles: hit_rate=0.000 thresholds=[0.7] profiles={'fixed_baseline': 10}
    treatment:
      note metrics: precision=0.925 recall=0.870 f1=0.896 matched=147/169 pred=159
      strict onset f1: 10ms=0.750 20ms=0.890 30ms=0.896
      timing metrics: offset_f1=0.799 rhythm_precision=0.891 note_value_acc=0.728 note_value_n=147 avg_beat_error=0.073
      duplicate metrics: duplicates=2 per_100_notes=1.26
      boundary metrics: gt=46 matched=41 missed=5 miss_rate=0.109
      latency: avg_chunk_ms=20.83 p95_chunk_ms=23.28 avg_rtf=0.035
      notation metrics: first_correct_ms=38.2 visible_p50_ms=341.0 visible_p95_ms=622.0 stabilize_p50_ms=876.9 stabilize_p95_ms=1495.3 avg_revisions=1.18 matched=77 refined=77 snapshots=21
      algorithmic latency: first_correct_ms=15.1 visible_p50_ms=322.1 visible_p95_ms=599.2 stabilize_p50_ms=451.8 stabilize_p95_ms=1052.3
      final display note metrics: precision=0.942 recall=0.864 f1=0.901 matched=146/169 pred=155
      final display strict onset f1: 10ms=0.747 20ms=0.895 30ms=0.901
      final display timing: offset_f1=0.802 rhythm_precision=0.890 note_value_acc=0.116 note_value_n=146 avg_beat_error=0.137
      final display structure: cluster_f1=0.629 onset_align_recall=0.892 avg_jaccard=0.830 exact=44/74 pred=66 over=8 under=11 pitch_conflicts=3 missed_gt=8
      threshold profiles: hit_rate=0.000 thresholds=[0.7] profiles={'baseline_nominal': 10}
    delta treatment-control: precision=+0.000 recall=+0.000 f1=+0.000 offset_f1=+0.000 note_value_acc=+0.000 dup_per_100=+0.00 boundary_miss_rate=+0.000 p95_chunk_ms=-5.40 f1_10ms=+0.000 f1_20ms=+0.000 f1_30ms=+0.000 visible_p50_ms=-0.7 stabilize_p50_ms=-7.5 algo_visible_p50_ms=+0.0 algo_stabilize_p50_ms=+0.0 avg_revisions=+0.00 display_note_f1=+0.000 display_offset_f1=+0.000 display_cluster_f1=+0.000 display_cluster_jaccard=+0.000
    failure buckets: ['runtime_only_win', 'boundary_miss_failure']
      boundary diagnostics: missed=5 by_arm={'control': 5, 'treatment': 5} tags={'control_boundary_miss': 5, 'no_control_coarse_candidate': 5}
        miss: pitch=81 onset=3.046s boundary_delta_ms=+45.6 control_coarse=False treatment_coarse=False retro=n/a
        miss: pitch=75 onset=3.557s boundary_delta_ms=-42.7 control_coarse=False treatment_coarse=False retro=n/a
        miss: pitch=69 onset=3.590s boundary_delta_ms=-10.2 control_coarse=False treatment_coarse=False retro=n/a
        ... 2 more missed boundary notes in diagnostics JSON
[TIMING] EnhancedMel.transcribe: audio_to_gpu=0.4ms, features=0.7ms, model=10.5ms, decode=1.5ms | TOTAL=13.1ms for 600ms audio (RTF=0.02x)
[TIMING] stream_chunk[experiment-7e2afa225ced4e61a9dc1b42e792c692](live_neural): decode=0.2ms, inference=16.6ms, second_pass=0.0ms, contention=0.0ms, TOTAL=16.9ms | audio=600ms, RTF=0.03x | model=enhanced_mel, neural_total=16.2ms, model_inference=10.5ms
[TIMING] EnhancedMel.transcribe: audio_to_gpu=0.3ms, features=0.5ms, model=10.1ms, decode=4.5ms | TOTAL=15.3ms for 1200ms audio (RTF=0.01x)
[TIMING] stream_chunk[experiment-7e2afa225ced4e61a9dc1b42e792c692](live_neural): decode=0.1ms, inference=17.2ms, second_pass=0.0ms, contention=0.0ms, TOTAL=17.5ms | audio=600ms, RTF=0.03x | model=enhanced_mel, neural_total=16.8ms, model_inference=10.1ms
[TIMING] EnhancedMel.transcribe: audio_to_gpu=0.1ms, features=0.4ms, model=11.5ms, decode=3.9ms | TOTAL=15.9ms for 1800ms audio (RTF=0.01x)
[TIMING] stream_chunk[experiment-7e2afa225ced4e61a9dc1b42e792c692](live_neural): decode=0.1ms, inference=18.1ms, second_pass=0.0ms, contention=0.0ms, TOTAL=18.5ms | audio=600ms, RTF=0.03x | model=enhanced_mel, neural_total=17.6ms, model_inference=11.5ms
[TIMING] EnhancedMel.transcribe: audio_to_gpu=0.1ms, features=0.4ms, model=12.2ms, decode=6.3ms | TOTAL=19.0ms for 2400ms audio (RTF=0.01x)
[TIMING] stream_chunk[experiment-7e2afa225ced4e61a9dc1b42e792c692](live_neural): decode=0.1ms, inference=21.7ms, second_pass=0.0ms, contention=0.0ms, TOTAL=22.1ms | audio=600ms, RTF=0.04x | model=enhanced_mel, neural_total=21.2ms, model_inference=12.2ms
[TIMING] EnhancedMel.transcribe: audio_to_gpu=0.3ms, features=0.4ms, model=12.0ms, decode=6.2ms | TOTAL=18.9ms for 3000ms audio (RTF=0.01x)
[TIMING] stream_chunk[experiment-7e2afa225ced4e61a9dc1b42e792c692](live_neural): decode=0.1ms, inference=21.4ms, second_pass=0.0ms, contention=0.0ms, TOTAL=21.8ms | audio=600ms, RTF=0.04x | model=enhanced_mel, neural_total=21.1ms, model_inference=12.0ms
[TIMING] EnhancedMel.transcribe: audio_to_gpu=0.3ms, features=0.5ms, model=12.1ms, decode=6.6ms | TOTAL=19.4ms for 3000ms audio (RTF=0.01x)
[TIMING] stream_chunk[experiment-7e2afa225ced4e61a9dc1b42e792c692](live_neural): decode=0.1ms, inference=22.8ms, second_pass=0.0ms, contention=0.0ms, TOTAL=23.1ms | audio=600ms, RTF=0.04x | model=enhanced_mel, neural_total=22.4ms, model_inference=12.1ms
[TIMING] EnhancedMel.transcribe: audio_to_gpu=0.2ms, features=0.6ms, model=12.1ms, decode=6.1ms | TOTAL=19.0ms for 3000ms audio (RTF=0.01x)
[TIMING] stream_chunk[experiment-7e2afa225ced4e61a9dc1b42e792c692](live_neural): decode=0.1ms, inference=22.7ms, second_pass=0.0ms, contention=0.0ms, TOTAL=23.1ms | audio=600ms, RTF=0.04x | model=enhanced_mel, neural_total=22.3ms, model_inference=12.1ms
[TIMING] EnhancedMel.transcribe: audio_to_gpu=0.2ms, features=0.5ms, model=12.3ms, decode=6.2ms | TOTAL=19.2ms for 3000ms audio (RTF=0.01x)
[TIMING] stream_chunk[experiment-7e2afa225ced4e61a9dc1b42e792c692](live_neural): decode=0.1ms, inference=22.5ms, second_pass=0.0ms, contention=0.0ms, TOTAL=23.0ms | audio=600ms, RTF=0.04x | model=enhanced_mel, neural_total=22.0ms, model_inference=12.3ms
[TIMING] EnhancedMel.transcribe: audio_to_gpu=0.3ms, features=0.5ms, model=12.9ms, decode=6.0ms | TOTAL=19.7ms for 3000ms audio (RTF=0.01x)
[TIMING] stream_chunk[experiment-7e2afa225ced4e61a9dc1b42e792c692](live_neural): decode=0.1ms, inference=22.9ms, second_pass=0.0ms, contention=0.0ms, TOTAL=23.3ms | audio=600ms, RTF=0.04x | model=enhanced_mel, neural_total=22.4ms, model_inference=12.9ms
[TIMING] EnhancedMel.transcribe: audio_to_gpu=0.3ms, features=0.5ms, model=12.5ms, decode=6.0ms | TOTAL=19.2ms for 3000ms audio (RTF=0.01x)
[TIMING] stream_chunk[experiment-7e2afa225ced4e61a9dc1b42e792c692](live_neural): decode=0.1ms, inference=21.8ms, second_pass=0.0ms, contention=0.0ms, TOTAL=22.2ms | audio=600ms, RTF=0.04x | model=enhanced_mel, neural_total=21.3ms, model_inference=12.5ms
[TIMING] EnhancedMel.transcribe: audio_to_gpu=0.4ms, features=1.8ms, model=19.8ms, decode=1.6ms | TOTAL=23.5ms for 600ms audio (RTF=0.04x)
[TIMING] stream_chunk[experiment-353e841101524c39bb597dde7ca699f7](live_neural): decode=0.1ms, inference=26.0ms, second_pass=0.0ms, contention=0.0ms, TOTAL=26.2ms | audio=600ms, RTF=0.04x | model=enhanced_mel, neural_total=25.5ms, model_inference=19.8ms
[TIMING] EnhancedMel.transcribe: audio_to_gpu=0.2ms, features=0.6ms, model=15.1ms, decode=2.7ms | TOTAL=18.6ms for 1200ms audio (RTF=0.02x)
[TIMING] stream_chunk[experiment-353e841101524c39bb597dde7ca699f7](live_neural): decode=0.1ms, inference=20.3ms, second_pass=0.0ms, contention=0.0ms, TOTAL=20.6ms | audio=600ms, RTF=0.03x | model=enhanced_mel, neural_total=20.0ms, model_inference=15.1ms
[TIMING] EnhancedMel.transcribe: audio_to_gpu=0.2ms, features=0.4ms, model=11.8ms, decode=3.9ms | TOTAL=16.3ms for 1800ms audio (RTF=0.01x)
[TIMING] stream_chunk[experiment-353e841101524c39bb597dde7ca699f7](live_neural): decode=0.1ms, inference=19.2ms, second_pass=0.0ms, contention=0.0ms, TOTAL=19.7ms | audio=600ms, RTF=0.03x | model=enhanced_mel, neural_total=18.8ms, model_inference=11.8ms
[TIMING] EnhancedMel.transcribe: audio_to_gpu=0.2ms, features=0.4ms, model=11.8ms, decode=5.0ms | TOTAL=17.5ms for 2400ms audio (RTF=0.01x)
[TIMING] stream_chunk[experiment-353e841101524c39bb597dde7ca699f7](live_neural): decode=0.1ms, inference=20.7ms, second_pass=0.0ms, contention=0.0ms, TOTAL=21.0ms | audio=600ms, RTF=0.04x | model=enhanced_mel, neural_total=20.3ms, model_inference=11.8ms
[TIMING] EnhancedMel.transcribe: audio_to_gpu=0.1ms, features=0.4ms, model=12.7ms, decode=6.8ms | TOTAL=20.0ms for 3000ms audio (RTF=0.01x)
[TIMING] stream_chunk[experiment-353e841101524c39bb597dde7ca699f7](live_neural): decode=0.1ms, inference=22.7ms, second_pass=0.0ms, contention=0.0ms, TOTAL=23.2ms | audio=600ms, RTF=0.04x | model=enhanced_mel, neural_total=22.3ms, model_inference=12.7ms
[TIMING] EnhancedMel.transcribe: audio_to_gpu=0.2ms, features=0.4ms, model=14.5ms, decode=6.1ms | TOTAL=21.3ms for 3000ms audio (RTF=0.01x)
[TIMING] stream_chunk[experiment-353e841101524c39bb597dde7ca699f7](live_neural): decode=0.2ms, inference=23.8ms, second_pass=0.0ms, contention=0.0ms, TOTAL=24.3ms | audio=600ms, RTF=0.04x | model=enhanced_mel, neural_total=23.4ms, model_inference=14.5ms
[TIMING] EnhancedMel.transcribe: audio_to_gpu=0.3ms, features=0.4ms, model=12.8ms, decode=6.2ms | TOTAL=19.7ms for 3000ms audio (RTF=0.01x)
[TIMING] stream_chunk[experiment-353e841101524c39bb597dde7ca699f7](live_neural): decode=0.1ms, inference=22.0ms, second_pass=0.0ms, contention=0.0ms, TOTAL=22.4ms | audio=600ms, RTF=0.04x | model=enhanced_mel, neural_total=21.7ms, model_inference=12.8ms
[TIMING] EnhancedMel.transcribe: audio_to_gpu=0.2ms, features=0.9ms, model=12.0ms, decode=6.0ms | TOTAL=19.1ms for 3000ms audio (RTF=0.01x)
[TIMING] stream_chunk[experiment-353e841101524c39bb597dde7ca699f7](live_neural): decode=0.1ms, inference=21.4ms, second_pass=0.0ms, contention=0.0ms, TOTAL=21.8ms | audio=600ms, RTF=0.04x | model=enhanced_mel, neural_total=21.1ms, model_inference=12.0ms
[TIMING] EnhancedMel.transcribe: audio_to_gpu=0.2ms, features=0.4ms, model=12.5ms, decode=6.0ms | TOTAL=19.2ms for 3000ms audio (RTF=0.01x)
[TIMING] stream_chunk[experiment-353e841101524c39bb597dde7ca699f7](live_neural): decode=0.1ms, inference=21.9ms, second_pass=0.0ms, contention=0.0ms, TOTAL=22.4ms | audio=600ms, RTF=0.04x | model=enhanced_mel, neural_total=21.5ms, model_inference=12.6ms
[TIMING] EnhancedMel.transcribe: audio_to_gpu=0.2ms, features=0.4ms, model=12.9ms, decode=6.1ms | TOTAL=19.6ms for 3000ms audio (RTF=0.01x)
[TIMING] stream_chunk[experiment-353e841101524c39bb597dde7ca699f7](live_neural): decode=0.1ms, inference=22.0ms, second_pass=0.0ms, contention=0.0ms, TOTAL=22.3ms | audio=600ms, RTF=0.04x | model=enhanced_mel, neural_total=21.6ms, model_inference=12.9ms

[CLIP_017] Pour le piano (Complete)
  excerpt: start=51.00s end=57.00s duration=6.00s gt_notes=197 rms=0.0898 peak=0.4396 crest=4.895 rms_std=0.0142
    control:
      note metrics: precision=0.852 recall=0.817 f1=0.834 matched=161/197 pred=189
      strict onset f1: 10ms=0.663 20ms=0.824 30ms=0.834
      timing metrics: offset_f1=0.824 rhythm_precision=0.981 note_value_acc=0.528 note_value_n=161 avg_beat_error=0.073
      duplicate metrics: duplicates=17 per_100_notes=8.99
      boundary metrics: gt=67 matched=62 missed=5 miss_rate=0.075
      latency: avg_chunk_ms=21.16 p95_chunk_ms=23.20 avg_rtf=0.035
      notation metrics: first_correct_ms=45.8 visible_p50_ms=346.1 visible_p95_ms=591.3 stabilize_p50_ms=1703.6 stabilize_p95_ms=2656.5 avg_revisions=2.16 matched=45 refined=45 snapshots=21
      algorithmic latency: first_correct_ms=24.0 visible_p50_ms=329.2 visible_p95_ms=569.2 stabilize_p50_ms=1196.9 stabilize_p95_ms=2347.1
      final display note metrics: precision=0.934 recall=0.792 f1=0.857 matched=156/197 pred=167
      final display strict onset f1: 10ms=0.670 20ms=0.846 30ms=0.857
      final display timing: offset_f1=0.841 rhythm_precision=0.981 note_value_acc=0.404 note_value_n=156 avg_beat_error=0.112
      final display structure: cluster_f1=0.182 onset_align_recall=0.805 avg_jaccard=0.695 exact=7/41 pred=36 over=7 under=15 pitch_conflicts=4 missed_gt=8
      threshold profiles: hit_rate=0.000 thresholds=[0.7] profiles={'fixed_baseline': 10}
    treatment:
      note metrics: precision=0.852 recall=0.817 f1=0.834 matched=161/197 pred=189
      strict onset f1: 10ms=0.663 20ms=0.824 30ms=0.834
      timing metrics: offset_f1=0.824 rhythm_precision=0.981 note_value_acc=0.528 note_value_n=161 avg_beat_error=0.073
      duplicate metrics: duplicates=17 per_100_notes=8.99
      boundary metrics: gt=67 matched=62 missed=5 miss_rate=0.075
      latency: avg_chunk_ms=22.38 p95_chunk_ms=25.36 avg_rtf=0.037
      notation metrics: first_correct_ms=47.2 visible_p50_ms=355.4 visible_p95_ms=592.6 stabilize_p50_ms=1704.8 stabilize_p95_ms=2655.4 avg_revisions=2.16 matched=45 refined=45 snapshots=21
      algorithmic latency: first_correct_ms=24.0 visible_p50_ms=329.2 visible_p95_ms=569.2 stabilize_p50_ms=1196.9 stabilize_p95_ms=2347.1
      final display note metrics: precision=0.934 recall=0.792 f1=0.857 matched=156/197 pred=167
      final display strict onset f1: 10ms=0.670 20ms=0.846 30ms=0.857
      final display timing: offset_f1=0.841 rhythm_precision=0.981 note_value_acc=0.404 note_value_n=156 avg_beat_error=0.112
      final display structure: cluster_f1=0.182 onset_align_recall=0.805 avg_jaccard=0.695 exact=7/41 pred=36 over=7 under=15 pitch_conflicts=4 missed_gt=8
      threshold profiles: hit_rate=0.000 thresholds=[0.7] profiles={'baseline_nominal': 10}
    delta treatment-control: precision=+0.000 recall=+0.000 f1=+0.000 offset_f1=+0.000 note_value_acc=+0.000 dup_per_100=+0.00 boundary_miss_rate=+0.000 p95_chunk_ms=+2.16 f1_10ms=+0.000 f1_20ms=+0.000 f1_30ms=+0.000 visible_p50_ms=+9.3 stabilize_p50_ms=+1.2 algo_visible_p50_ms=+0.0 algo_stabilize_p50_ms=+0.0 avg_revisions=+0.00 display_note_f1=+0.000 display_offset_f1=+0.000 display_cluster_f1=+0.000 display_cluster_jaccard=+0.000
    failure buckets: ['boundary_miss_failure', 'high_revision_slow_stabilization']
      boundary diagnostics: missed=5 by_arm={'control': 5, 'treatment': 5} tags={'control_boundary_miss': 5, 'no_control_coarse_candidate': 5}
        miss: pitch=70 onset=0.595s boundary_delta_ms=-5.2 control_coarse=False treatment_coarse=False retro=n/a
        miss: pitch=77 onset=0.614s boundary_delta_ms=+13.5 control_coarse=False treatment_coarse=False retro=n/a
        miss: pitch=79 onset=4.103s boundary_delta_ms=-96.9 control_coarse=False treatment_coarse=False retro=n/a
        ... 2 more missed boundary notes in diagnostics JSON
[TIMING] EnhancedMel.transcribe: audio_to_gpu=0.4ms, features=0.6ms, model=11.0ms, decode=1.4ms | TOTAL=13.4ms for 600ms audio (RTF=0.02x)
[TIMING] stream_chunk[experiment-78534b6e5efd4a10ad8c7078e429da1b](live_neural): decode=0.2ms, inference=15.9ms, second_pass=0.0ms, contention=0.0ms, TOTAL=16.1ms | audio=600ms, RTF=0.03x | model=enhanced_mel, neural_total=15.3ms, model_inference=11.0ms
[TIMING] EnhancedMel.transcribe: audio_to_gpu=0.2ms, features=0.5ms, model=10.5ms, decode=2.6ms | TOTAL=13.8ms for 1200ms audio (RTF=0.01x)
[TIMING] stream_chunk[experiment-78534b6e5efd4a10ad8c7078e429da1b](live_neural): decode=0.1ms, inference=16.5ms, second_pass=0.0ms, contention=0.0ms, TOTAL=16.8ms | audio=600ms, RTF=0.03x | model=enhanced_mel, neural_total=16.1ms, model_inference=10.5ms
[TIMING] EnhancedMel.transcribe: audio_to_gpu=0.2ms, features=0.4ms, model=11.1ms, decode=3.7ms | TOTAL=15.4ms for 1800ms audio (RTF=0.01x)
[TIMING] stream_chunk[experiment-78534b6e5efd4a10ad8c7078e429da1b](live_neural): decode=0.1ms, inference=17.4ms, second_pass=0.0ms, contention=0.0ms, TOTAL=17.7ms | audio=600ms, RTF=0.03x | model=enhanced_mel, neural_total=17.0ms, model_inference=11.1ms
[TIMING] EnhancedMel.transcribe: audio_to_gpu=0.3ms, features=0.7ms, model=24.3ms, decode=4.8ms | TOTAL=30.1ms for 2400ms audio (RTF=0.01x)
[TIMING] stream_chunk[experiment-78534b6e5efd4a10ad8c7078e429da1b](live_neural): decode=0.1ms, inference=32.4ms, second_pass=0.0ms, contention=0.0ms, TOTAL=32.7ms | audio=600ms, RTF=0.05x | model=enhanced_mel, neural_total=32.0ms, model_inference=24.3ms
[TIMING] EnhancedMel.transcribe: audio_to_gpu=0.4ms, features=3.9ms, model=12.9ms, decode=5.8ms | TOTAL=23.0ms for 3000ms audio (RTF=0.01x)
[TIMING] stream_chunk[experiment-78534b6e5efd4a10ad8c7078e429da1b](live_neural): decode=0.1ms, inference=25.8ms, second_pass=0.0ms, contention=0.0ms, TOTAL=26.1ms | audio=600ms, RTF=0.04x | model=enhanced_mel, neural_total=25.3ms, model_inference=12.9ms
[TIMING] EnhancedMel.transcribe: audio_to_gpu=0.3ms, features=0.7ms, model=12.0ms, decode=5.8ms | TOTAL=18.9ms for 3000ms audio (RTF=0.01x)
[TIMING] stream_chunk[experiment-78534b6e5efd4a10ad8c7078e429da1b](live_neural): decode=0.1ms, inference=21.9ms, second_pass=0.0ms, contention=0.0ms, TOTAL=22.2ms | audio=600ms, RTF=0.04x | model=enhanced_mel, neural_total=21.5ms, model_inference=12.0ms
[TIMING] EnhancedMel.transcribe: audio_to_gpu=0.2ms, features=0.4ms, model=12.5ms, decode=6.2ms | TOTAL=19.3ms for 3000ms audio (RTF=0.01x)
[TIMING] stream_chunk[experiment-78534b6e5efd4a10ad8c7078e429da1b](live_neural): decode=0.1ms, inference=21.8ms, second_pass=0.0ms, contention=0.0ms, TOTAL=22.1ms | audio=600ms, RTF=0.04x | model=enhanced_mel, neural_total=21.2ms, model_inference=12.5ms
[TIMING] EnhancedMel.transcribe: audio_to_gpu=0.2ms, features=0.4ms, model=12.8ms, decode=5.6ms | TOTAL=19.1ms for 3000ms audio (RTF=0.01x)
[TIMING] stream_chunk[experiment-78534b6e5efd4a10ad8c7078e429da1b](live_neural): decode=0.1ms, inference=22.7ms, second_pass=0.0ms, contention=0.0ms, TOTAL=23.2ms | audio=600ms, RTF=0.04x | model=enhanced_mel, neural_total=22.3ms, model_inference=12.8ms
[TIMING] EnhancedMel.transcribe: audio_to_gpu=0.2ms, features=0.4ms, model=12.3ms, decode=5.8ms | TOTAL=18.8ms for 3000ms audio (RTF=0.01x)
[TIMING] stream_chunk[experiment-78534b6e5efd4a10ad8c7078e429da1b](live_neural): decode=0.2ms, inference=21.4ms, second_pass=0.0ms, contention=0.0ms, TOTAL=21.7ms | audio=600ms, RTF=0.04x | model=enhanced_mel, neural_total=21.0ms, model_inference=12.3ms
[TIMING] EnhancedMel.transcribe: audio_to_gpu=0.3ms, features=0.6ms, model=12.4ms, decode=5.8ms | TOTAL=19.0ms for 3000ms audio (RTF=0.01x)
[TIMING] stream_chunk[experiment-78534b6e5efd4a10ad8c7078e429da1b](live_neural): decode=0.1ms, inference=21.7ms, second_pass=0.0ms, contention=0.0ms, TOTAL=22.0ms | audio=600ms, RTF=0.04x | model=enhanced_mel, neural_total=21.2ms, model_inference=12.4ms
[TIMING] EnhancedMel.transcribe: audio_to_gpu=0.5ms, features=0.5ms, model=10.3ms, decode=1.4ms | TOTAL=12.8ms for 600ms audio (RTF=0.02x)
[TIMING] stream_chunk[experiment-7e6fd0e122a1497ebd5d1ded01c84e70](live_neural): decode=0.1ms, inference=14.4ms, second_pass=0.0ms, contention=0.0ms, TOTAL=14.7ms | audio=600ms, RTF=0.02x | model=enhanced_mel, neural_total=14.0ms, model_inference=10.3ms
[TIMING] EnhancedMel.transcribe: audio_to_gpu=0.1ms, features=2.5ms, model=10.3ms, decode=2.6ms | TOTAL=15.5ms for 1200ms audio (RTF=0.01x)
[TIMING] stream_chunk[experiment-7e6fd0e122a1497ebd5d1ded01c84e70](live_neural): decode=0.2ms, inference=17.6ms, second_pass=0.0ms, contention=0.0ms, TOTAL=17.9ms | audio=600ms, RTF=0.03x | model=enhanced_mel, neural_total=17.1ms, model_inference=10.3ms
[TIMING] EnhancedMel.transcribe: audio_to_gpu=0.2ms, features=0.5ms, model=11.1ms, decode=3.7ms | TOTAL=15.5ms for 1800ms audio (RTF=0.01x)
[TIMING] stream_chunk[experiment-7e6fd0e122a1497ebd5d1ded01c84e70](live_neural): decode=0.1ms, inference=17.7ms, second_pass=0.0ms, contention=0.0ms, TOTAL=18.0ms | audio=600ms, RTF=0.03x | model=enhanced_mel, neural_total=17.3ms, model_inference=11.2ms
[TIMING] EnhancedMel.transcribe: audio_to_gpu=0.2ms, features=1.2ms, model=11.7ms, decode=4.7ms | TOTAL=17.7ms for 2400ms audio (RTF=0.01x)
[TIMING] stream_chunk[experiment-7e6fd0e122a1497ebd5d1ded01c84e70](live_neural): decode=0.1ms, inference=20.0ms, second_pass=0.0ms, contention=0.0ms, TOTAL=20.3ms | audio=600ms, RTF=0.03x | model=enhanced_mel, neural_total=19.7ms, model_inference=11.7ms
[TIMING] EnhancedMel.transcribe: audio_to_gpu=0.3ms, features=0.9ms, model=16.4ms, decode=5.7ms | TOTAL=23.4ms for 3000ms audio (RTF=0.01x)
[TIMING] stream_chunk[experiment-7e6fd0e122a1497ebd5d1ded01c84e70](live_neural): decode=0.1ms, inference=26.0ms, second_pass=0.0ms, contention=0.0ms, TOTAL=26.7ms | audio=600ms, RTF=0.04x | model=enhanced_mel, neural_total=25.6ms, model_inference=16.4ms
[TIMING] EnhancedMel.transcribe: audio_to_gpu=0.3ms, features=0.5ms, model=11.7ms, decode=5.7ms | TOTAL=18.3ms for 3000ms audio (RTF=0.01x)
[TIMING] stream_chunk[experiment-7e6fd0e122a1497ebd5d1ded01c84e70](live_neural): decode=0.2ms, inference=20.7ms, second_pass=0.0ms, contention=0.0ms, TOTAL=21.1ms | audio=600ms, RTF=0.04x | model=enhanced_mel, neural_total=20.3ms, model_inference=11.7ms
[TIMING] EnhancedMel.transcribe: audio_to_gpu=0.3ms, features=0.5ms, model=11.8ms, decode=5.9ms | TOTAL=18.4ms for 3000ms audio (RTF=0.01x)
[TIMING] stream_chunk[experiment-7e6fd0e122a1497ebd5d1ded01c84e70](live_neural): decode=0.1ms, inference=21.0ms, second_pass=0.0ms, contention=0.0ms, TOTAL=21.4ms | audio=600ms, RTF=0.04x | model=enhanced_mel, neural_total=20.6ms, model_inference=11.8ms
[TIMING] EnhancedMel.transcribe: audio_to_gpu=0.2ms, features=0.4ms, model=11.7ms, decode=5.6ms | TOTAL=18.0ms for 3000ms audio (RTF=0.01x)
[TIMING] stream_chunk[experiment-7e6fd0e122a1497ebd5d1ded01c84e70](live_neural): decode=0.1ms, inference=20.4ms, second_pass=0.0ms, contention=0.0ms, TOTAL=20.7ms | audio=600ms, RTF=0.03x | model=enhanced_mel, neural_total=19.9ms, model_inference=11.7ms
[TIMING] EnhancedMel.transcribe: audio_to_gpu=0.4ms, features=0.6ms, model=15.6ms, decode=5.8ms | TOTAL=22.4ms for 3000ms audio (RTF=0.01x)
[TIMING] stream_chunk[experiment-7e6fd0e122a1497ebd5d1ded01c84e70](live_neural): decode=0.1ms, inference=24.7ms, second_pass=0.0ms, contention=0.0ms, TOTAL=25.0ms | audio=600ms, RTF=0.04x | model=enhanced_mel, neural_total=24.4ms, model_inference=15.6ms
[TIMING] EnhancedMel.transcribe: audio_to_gpu=0.4ms, features=0.6ms, model=20.8ms, decode=6.0ms | TOTAL=27.8ms for 3000ms audio (RTF=0.01x)
[TIMING] stream_chunk[experiment-7e6fd0e122a1497ebd5d1ded01c84e70](live_neural): decode=0.3ms, inference=30.1ms, second_pass=0.0ms, contention=0.0ms, TOTAL=30.6ms | audio=600ms, RTF=0.05x | model=enhanced_mel, neural_total=29.7ms, model_inference=20.8ms

[CLIP_018] Sonata in D Major, K96
  excerpt: start=9.00s end=15.00s duration=6.00s gt_notes=135 rms=0.0710 peak=0.4131 crest=5.817 rms_std=0.0138
    control:
      note metrics: precision=0.855 recall=0.963 f1=0.906 matched=130/135 pred=152
      strict onset f1: 10ms=0.850 20ms=0.906 30ms=0.906
      timing metrics: offset_f1=0.850 rhythm_precision=0.938 note_value_acc=0.823 note_value_n=130 avg_beat_error=0.025
      duplicate metrics: duplicates=15 per_100_notes=9.87
      boundary metrics: gt=46 matched=45 missed=1 miss_rate=0.022
      latency: avg_chunk_ms=22.06 p95_chunk_ms=29.74 avg_rtf=0.037
      notation metrics: first_correct_ms=69.0 visible_p50_ms=445.4 visible_p95_ms=669.2 stabilize_p50_ms=1758.1 stabilize_p95_ms=2921.0 avg_revisions=2.22 matched=32 refined=32 snapshots=19
      algorithmic latency: first_correct_ms=51.3 visible_p50_ms=426.2 visible_p95_ms=642.3 stabilize_p50_ms=1648.4 stabilize_p95_ms=2898.1
      final display note metrics: precision=0.947 recall=0.933 f1=0.940 matched=126/135 pred=133
      final display strict onset f1: 10ms=0.866 20ms=0.940 30ms=0.940
      final display timing: offset_f1=0.881 rhythm_precision=0.937 note_value_acc=0.349 note_value_n=126 avg_beat_error=0.132
      final display structure: cluster_f1=0.571 onset_align_recall=0.886 avg_jaccard=0.844 exact=24/44 pred=40 over=7 under=5 pitch_conflicts=3 missed_gt=5
      threshold profiles: hit_rate=0.000 thresholds=[0.7] profiles={'fixed_baseline': 10}
    treatment:
      note metrics: precision=0.855 recall=0.963 f1=0.906 matched=130/135 pred=152
      strict onset f1: 10ms=0.850 20ms=0.906 30ms=0.906
      timing metrics: offset_f1=0.850 rhythm_precision=0.938 note_value_acc=0.823 note_value_n=130 avg_beat_error=0.025
      duplicate metrics: duplicates=15 per_100_notes=9.87
      boundary metrics: gt=46 matched=45 missed=1 miss_rate=0.022
      latency: avg_chunk_ms=21.64 p95_chunk_ms=28.83 avg_rtf=0.036
      notation metrics: first_correct_ms=67.8 visible_p50_ms=444.2 visible_p95_ms=663.2 stabilize_p50_ms=1759.7 stabilize_p95_ms=2921.6 avg_revisions=2.19 matched=32 refined=32 snapshots=19
      algorithmic latency: first_correct_ms=51.3 visible_p50_ms=426.2 visible_p95_ms=642.3 stabilize_p50_ms=1648.4 stabilize_p95_ms=2898.1
      final display note metrics: precision=0.947 recall=0.933 f1=0.940 matched=126/135 pred=133
      final display strict onset f1: 10ms=0.866 20ms=0.940 30ms=0.940
      final display timing: offset_f1=0.881 rhythm_precision=0.937 note_value_acc=0.349 note_value_n=126 avg_beat_error=0.132
      final display structure: cluster_f1=0.571 onset_align_recall=0.886 avg_jaccard=0.844 exact=24/44 pred=40 over=7 under=5 pitch_conflicts=3 missed_gt=5
      threshold profiles: hit_rate=0.000 thresholds=[0.7] profiles={'baseline_nominal': 10}
    delta treatment-control: precision=+0.000 recall=+0.000 f1=+0.000 offset_f1=+0.000 note_value_acc=+0.000 dup_per_100=+0.00 boundary_miss_rate=+0.000 p95_chunk_ms=-0.91 f1_10ms=+0.000 f1_20ms=+0.000 f1_30ms=+0.000 visible_p50_ms=-1.1 stabilize_p50_ms=+1.6 algo_visible_p50_ms=+0.0 algo_stabilize_p50_ms=+0.0 avg_revisions=-0.03 display_note_f1=+0.000 display_offset_f1=+0.000 display_cluster_f1=+0.000 display_cluster_jaccard=+0.000
    failure buckets: ['boundary_miss_failure', 'high_revision_slow_stabilization']
      boundary diagnostics: missed=1 by_arm={'control': 1, 'treatment': 1} tags={'control_boundary_miss': 1, 'no_control_coarse_candidate': 1}
        miss: pitch=69 onset=5.457s boundary_delta_ms=+57.0 control_coarse=False treatment_coarse=False retro=n/a
[TIMING] EnhancedMel.transcribe: audio_to_gpu=0.5ms, features=0.5ms, model=9.9ms, decode=1.5ms | TOTAL=12.4ms for 600ms audio (RTF=0.02x)
[TIMING] stream_chunk[experiment-8ced00e5e9974142a49a3ed0ae2093df](live_neural): decode=0.1ms, inference=14.0ms, second_pass=0.0ms, contention=0.0ms, TOTAL=14.3ms | audio=600ms, RTF=0.02x | model=enhanced_mel, neural_total=13.5ms, model_inference=9.9ms
[TIMING] EnhancedMel.transcribe: audio_to_gpu=0.2ms, features=0.4ms, model=20.2ms, decode=2.6ms | TOTAL=23.4ms for 1200ms audio (RTF=0.02x)
[TIMING] stream_chunk[experiment-8ced00e5e9974142a49a3ed0ae2093df](live_neural): decode=0.1ms, inference=25.6ms, second_pass=0.0ms, contention=0.0ms, TOTAL=25.9ms | audio=600ms, RTF=0.04x | model=enhanced_mel, neural_total=25.2ms, model_inference=20.2ms
[TIMING] EnhancedMel.transcribe: audio_to_gpu=0.2ms, features=0.5ms, model=11.5ms, decode=3.6ms | TOTAL=15.8ms for 1800ms audio (RTF=0.01x)
[TIMING] stream_chunk[experiment-8ced00e5e9974142a49a3ed0ae2093df](live_neural): decode=0.1ms, inference=18.6ms, second_pass=0.0ms, contention=0.0ms, TOTAL=18.8ms | audio=600ms, RTF=0.03x | model=enhanced_mel, neural_total=18.2ms, model_inference=11.5ms
[TIMING] EnhancedMel.transcribe: audio_to_gpu=0.2ms, features=0.4ms, model=10.8ms, decode=5.5ms | TOTAL=17.0ms for 2400ms audio (RTF=0.01x)
[TIMING] stream_chunk[experiment-8ced00e5e9974142a49a3ed0ae2093df](live_neural): decode=0.1ms, inference=19.4ms, second_pass=0.0ms, contention=0.0ms, TOTAL=19.7ms | audio=600ms, RTF=0.03x | model=enhanced_mel, neural_total=18.8ms, model_inference=10.8ms
[TIMING] EnhancedMel.transcribe: audio_to_gpu=0.2ms, features=0.5ms, model=11.8ms, decode=6.1ms | TOTAL=18.6ms for 3000ms audio (RTF=0.01x)
[TIMING] stream_chunk[experiment-8ced00e5e9974142a49a3ed0ae2093df](live_neural): decode=0.1ms, inference=21.2ms, second_pass=0.0ms, contention=0.0ms, TOTAL=21.6ms | audio=600ms, RTF=0.04x | model=enhanced_mel, neural_total=20.8ms, model_inference=11.8ms
[TIMING] EnhancedMel.transcribe: audio_to_gpu=0.3ms, features=0.5ms, model=11.6ms, decode=5.9ms | TOTAL=18.3ms for 3000ms audio (RTF=0.01x)
[TIMING] stream_chunk[experiment-8ced00e5e9974142a49a3ed0ae2093df](live_neural): decode=0.1ms, inference=21.7ms, second_pass=0.0ms, contention=0.0ms, TOTAL=22.2ms | audio=600ms, RTF=0.04x | model=enhanced_mel, neural_total=21.2ms, model_inference=11.6ms
[TIMING] EnhancedMel.transcribe: audio_to_gpu=0.3ms, features=0.5ms, model=11.8ms, decode=5.9ms | TOTAL=18.5ms for 3000ms audio (RTF=0.01x)
[TIMING] stream_chunk[experiment-8ced00e5e9974142a49a3ed0ae2093df](live_neural): decode=0.1ms, inference=21.2ms, second_pass=0.0ms, contention=0.0ms, TOTAL=21.7ms | audio=600ms, RTF=0.04x | model=enhanced_mel, neural_total=20.6ms, model_inference=11.8ms
[TIMING] EnhancedMel.transcribe: audio_to_gpu=0.2ms, features=0.5ms, model=11.8ms, decode=5.9ms | TOTAL=18.4ms for 3000ms audio (RTF=0.01x)
[TIMING] stream_chunk[experiment-8ced00e5e9974142a49a3ed0ae2093df](live_neural): decode=0.1ms, inference=20.9ms, second_pass=0.0ms, contention=0.0ms, TOTAL=21.4ms | audio=600ms, RTF=0.04x | model=enhanced_mel, neural_total=20.4ms, model_inference=11.8ms
[TIMING] EnhancedMel.transcribe: audio_to_gpu=0.4ms, features=0.5ms, model=12.0ms, decode=6.3ms | TOTAL=19.2ms for 3000ms audio (RTF=0.01x)
[TIMING] stream_chunk[experiment-8ced00e5e9974142a49a3ed0ae2093df](live_neural): decode=0.1ms, inference=22.8ms, second_pass=0.0ms, contention=0.0ms, TOTAL=23.2ms | audio=600ms, RTF=0.04x | model=enhanced_mel, neural_total=22.3ms, model_inference=12.0ms
[TIMING] EnhancedMel.transcribe: audio_to_gpu=0.4ms, features=0.5ms, model=13.2ms, decode=6.0ms | TOTAL=20.0ms for 3000ms audio (RTF=0.01x)
[TIMING] stream_chunk[experiment-8ced00e5e9974142a49a3ed0ae2093df](live_neural): decode=0.1ms, inference=22.6ms, second_pass=0.0ms, contention=0.0ms, TOTAL=23.1ms | audio=600ms, RTF=0.04x | model=enhanced_mel, neural_total=22.0ms, model_inference=13.2ms
[TIMING] EnhancedMel.transcribe: audio_to_gpu=0.8ms, features=1.0ms, model=17.5ms, decode=1.5ms | TOTAL=20.8ms for 600ms audio (RTF=0.03x)
[TIMING] stream_chunk[experiment-6cfbcf16f8914b328245e1d6a86de3a1](live_neural): decode=0.2ms, inference=22.4ms, second_pass=0.0ms, contention=0.0ms, TOTAL=22.7ms | audio=600ms, RTF=0.04x | model=enhanced_mel, neural_total=22.0ms, model_inference=17.5ms
[TIMING] EnhancedMel.transcribe: audio_to_gpu=0.2ms, features=0.3ms, model=9.9ms, decode=2.6ms | TOTAL=13.0ms for 1200ms audio (RTF=0.01x)
[TIMING] stream_chunk[experiment-6cfbcf16f8914b328245e1d6a86de3a1](live_neural): decode=0.1ms, inference=14.6ms, second_pass=0.0ms, contention=0.0ms, TOTAL=14.8ms | audio=600ms, RTF=0.02x | model=enhanced_mel, neural_total=14.3ms, model_inference=9.9ms
[TIMING] EnhancedMel.transcribe: audio_to_gpu=0.1ms, features=0.4ms, model=10.8ms, decode=3.6ms | TOTAL=14.9ms for 1800ms audio (RTF=0.01x)
[TIMING] stream_chunk[experiment-6cfbcf16f8914b328245e1d6a86de3a1](live_neural): decode=0.1ms, inference=16.7ms, second_pass=0.0ms, contention=0.0ms, TOTAL=17.0ms | audio=600ms, RTF=0.03x | model=enhanced_mel, neural_total=16.4ms, model_inference=10.8ms
[TIMING] EnhancedMel.transcribe: audio_to_gpu=0.2ms, features=0.5ms, model=11.0ms, decode=4.7ms | TOTAL=16.4ms for 2400ms audio (RTF=0.01x)
[TIMING] stream_chunk[experiment-6cfbcf16f8914b328245e1d6a86de3a1](live_neural): decode=0.1ms, inference=19.7ms, second_pass=0.0ms, contention=0.0ms, TOTAL=20.1ms | audio=600ms, RTF=0.03x | model=enhanced_mel, neural_total=19.3ms, model_inference=11.0ms
[TIMING] EnhancedMel.transcribe: audio_to_gpu=0.2ms, features=0.5ms, model=11.5ms, decode=5.9ms | TOTAL=18.1ms for 3000ms audio (RTF=0.01x)
[TIMING] stream_chunk[experiment-6cfbcf16f8914b328245e1d6a86de3a1](live_neural): decode=0.1ms, inference=20.6ms, second_pass=0.0ms, contention=0.0ms, TOTAL=20.9ms | audio=600ms, RTF=0.03x | model=enhanced_mel, neural_total=20.2ms, model_inference=11.5ms
[TIMING] EnhancedMel.transcribe: audio_to_gpu=0.2ms, features=0.5ms, model=12.8ms, decode=5.8ms | TOTAL=19.3ms for 3000ms audio (RTF=0.01x)
[TIMING] stream_chunk[experiment-6cfbcf16f8914b328245e1d6a86de3a1](live_neural): decode=0.1ms, inference=21.9ms, second_pass=0.0ms, contention=0.0ms, TOTAL=22.4ms | audio=600ms, RTF=0.04x | model=enhanced_mel, neural_total=21.3ms, model_inference=12.8ms
[TIMING] EnhancedMel.transcribe: audio_to_gpu=0.3ms, features=0.5ms, model=11.9ms, decode=6.0ms | TOTAL=18.6ms for 3000ms audio (RTF=0.01x)
[TIMING] stream_chunk[experiment-6cfbcf16f8914b328245e1d6a86de3a1](live_neural): decode=0.1ms, inference=21.9ms, second_pass=0.0ms, contention=0.0ms, TOTAL=22.3ms | audio=600ms, RTF=0.04x | model=enhanced_mel, neural_total=21.6ms, model_inference=11.9ms
[TIMING] EnhancedMel.transcribe: audio_to_gpu=0.3ms, features=0.5ms, model=11.8ms, decode=6.0ms | TOTAL=18.6ms for 3000ms audio (RTF=0.01x)
[TIMING] stream_chunk[experiment-6cfbcf16f8914b328245e1d6a86de3a1](live_neural): decode=0.1ms, inference=21.8ms, second_pass=0.0ms, contention=0.0ms, TOTAL=22.2ms | audio=600ms, RTF=0.04x | model=enhanced_mel, neural_total=21.5ms, model_inference=11.8ms
[TIMING] EnhancedMel.transcribe: audio_to_gpu=0.3ms, features=0.5ms, model=11.7ms, decode=6.0ms | TOTAL=18.4ms for 3000ms audio (RTF=0.01x)
[TIMING] stream_chunk[experiment-6cfbcf16f8914b328245e1d6a86de3a1](live_neural): decode=0.1ms, inference=23.1ms, second_pass=0.0ms, contention=0.0ms, TOTAL=23.5ms | audio=600ms, RTF=0.04x | model=enhanced_mel, neural_total=22.6ms, model_inference=11.7ms
[TIMING] EnhancedMel.transcribe: audio_to_gpu=0.4ms, features=0.6ms, model=11.5ms, decode=7.0ms | TOTAL=19.5ms for 3000ms audio (RTF=0.01x)
[TIMING] stream_chunk[experiment-6cfbcf16f8914b328245e1d6a86de3a1](live_neural): decode=0.1ms, inference=23.1ms, second_pass=0.0ms, contention=0.0ms, TOTAL=23.5ms | audio=600ms, RTF=0.04x | model=enhanced_mel, neural_total=22.7ms, model_inference=11.5ms

[CLIP_019] Concert Etude No. 2, "Gnomenreigen", S. 145/2
  excerpt: start=63.00s end=69.00s duration=6.00s gt_notes=178 rms=0.1284 peak=0.5428 crest=4.227 rms_std=0.0274
    control:
      note metrics: precision=0.911 recall=0.860 f1=0.884 matched=153/178 pred=168
      strict onset f1: 10ms=0.775 20ms=0.879 30ms=0.879
      timing metrics: offset_f1=0.873 rhythm_precision=0.987 note_value_acc=0.771 note_value_n=153 avg_beat_error=0.025
      duplicate metrics: duplicates=9 per_100_notes=5.36
      boundary metrics: gt=55 matched=48 missed=7 miss_rate=0.127
      latency: avg_chunk_ms=21.18 p95_chunk_ms=24.67 avg_rtf=0.035
      notation metrics: first_correct_ms=53.1 visible_p50_ms=339.9 visible_p95_ms=632.4 stabilize_p50_ms=913.8 stabilize_p95_ms=1512.7 avg_revisions=1.19 matched=90 refined=90 snapshots=21
      algorithmic latency: first_correct_ms=29.9 visible_p50_ms=318.0 visible_p95_ms=609.9 stabilize_p50_ms=468.5 stabilize_p95_ms=1047.7
      final display note metrics: precision=0.961 recall=0.837 f1=0.895 matched=149/178 pred=155
      final display strict onset f1: 10ms=0.787 20ms=0.889 30ms=0.889
      final display timing: offset_f1=0.883 rhythm_precision=0.987 note_value_acc=0.148 note_value_n=149 avg_beat_error=0.095
      final display structure: cluster_f1=0.533 onset_align_recall=0.910 avg_jaccard=0.805 exact=40/78 pred=72 over=9 under=17 pitch_conflicts=5 missed_gt=7
      threshold profiles: hit_rate=0.000 thresholds=[0.7] profiles={'fixed_baseline': 10}
    treatment:
      note metrics: precision=0.921 recall=0.854 f1=0.886 matched=152/178 pred=165
      strict onset f1: 10ms=0.776 20ms=0.880 30ms=0.880
      timing metrics: offset_f1=0.875 rhythm_precision=0.987 note_value_acc=0.770 note_value_n=152 avg_beat_error=0.025
      duplicate metrics: duplicates=9 per_100_notes=5.45
      boundary metrics: gt=55 matched=48 missed=7 miss_rate=0.127
      latency: avg_chunk_ms=20.93 p95_chunk_ms=23.49 avg_rtf=0.035
      notation metrics: first_correct_ms=53.4 visible_p50_ms=338.2 visible_p95_ms=632.8 stabilize_p50_ms=947.8 stabilize_p95_ms=1509.2 avg_revisions=1.19 matched=91 refined=91 snapshots=21
      algorithmic latency: first_correct_ms=29.9 visible_p50_ms=315.9 visible_p95_ms=609.9 stabilize_p50_ms=503.9 stabilize_p95_ms=1044.3
      final display note metrics: precision=0.974 recall=0.837 f1=0.900 matched=149/178 pred=153
      final display strict onset f1: 10ms=0.792 20ms=0.894 30ms=0.894
      final display timing: offset_f1=0.888 rhythm_precision=0.987 note_value_acc=0.148 note_value_n=149 avg_beat_error=0.099
      final display structure: cluster_f1=0.537 onset_align_recall=0.897 avg_jaccard=0.808 exact=40/78 pred=71 over=9 under=17 pitch_conflicts=4 missed_gt=8
      threshold profiles: hit_rate=1.000 thresholds=[0.72] profiles={'loud_dense_precision': 10}
    delta treatment-control: precision=+0.010 recall=-0.006 f1=+0.002 offset_f1=+0.002 note_value_acc=-0.002 dup_per_100=+0.10 boundary_miss_rate=+0.000 p95_chunk_ms=-1.18 f1_10ms=+0.001 f1_20ms=+0.002 f1_30ms=+0.002 visible_p50_ms=-1.7 stabilize_p50_ms=+34.0 algo_visible_p50_ms=-2.1 algo_stabilize_p50_ms=+35.4 avg_revisions=-0.00 display_note_f1=+0.005 display_offset_f1=+0.005 display_cluster_f1=+0.004 display_cluster_jaccard=+0.003
    failure buckets: ['boundary_miss_failure', 'high_revision_slow_stabilization']
      boundary diagnostics: missed=7 by_arm={'control': 7, 'treatment': 7} tags={'control_boundary_miss': 7, 'no_control_coarse_candidate': 7}
        miss: pitch=73 onset=0.659s boundary_delta_ms=+58.9 control_coarse=False treatment_coarse=False retro=n/a
        miss: pitch=87 onset=1.128s boundary_delta_ms=-72.4 control_coarse=False treatment_coarse=False retro=n/a
        miss: pitch=88 onset=2.467s boundary_delta_ms=+67.4 control_coarse=False treatment_coarse=False retro=n/a
        ... 4 more missed boundary notes in diagnostics JSON
[TIMING] EnhancedMel.transcribe: audio_to_gpu=0.5ms, features=0.5ms, model=10.3ms, decode=1.4ms | TOTAL=12.7ms for 600ms audio (RTF=0.02x)
[TIMING] stream_chunk[experiment-d705caf5b23d44b598e7d26080ba687d](live_neural): decode=0.2ms, inference=14.4ms, second_pass=0.0ms, contention=0.0ms, TOTAL=14.6ms | audio=600ms, RTF=0.02x | model=enhanced_mel, neural_total=13.9ms, model_inference=10.3ms
[TIMING] EnhancedMel.transcribe: audio_to_gpu=0.2ms, features=0.5ms, model=10.4ms, decode=2.6ms | TOTAL=13.6ms for 1200ms audio (RTF=0.01x)
[TIMING] stream_chunk[experiment-d705caf5b23d44b598e7d26080ba687d](live_neural): decode=0.1ms, inference=15.6ms, second_pass=0.0ms, contention=0.0ms, TOTAL=15.8ms | audio=600ms, RTF=0.03x | model=enhanced_mel, neural_total=15.2ms, model_inference=10.4ms
[TIMING] EnhancedMel.transcribe: audio_to_gpu=0.3ms, features=0.6ms, model=16.6ms, decode=3.7ms | TOTAL=21.2ms for 1800ms audio (RTF=0.01x)
[TIMING] stream_chunk[experiment-d705caf5b23d44b598e7d26080ba687d](live_neural): decode=0.1ms, inference=23.4ms, second_pass=0.0ms, contention=0.0ms, TOTAL=23.8ms | audio=600ms, RTF=0.04x | model=enhanced_mel, neural_total=23.0ms, model_inference=16.6ms
[TIMING] EnhancedMel.transcribe: audio_to_gpu=0.3ms, features=0.5ms, model=11.2ms, decode=6.4ms | TOTAL=18.3ms for 2400ms audio (RTF=0.01x)
[TIMING] stream_chunk[experiment-d705caf5b23d44b598e7d26080ba687d](live_neural): decode=0.1ms, inference=21.3ms, second_pass=0.0ms, contention=0.0ms, TOTAL=21.6ms | audio=600ms, RTF=0.04x | model=enhanced_mel, neural_total=20.9ms, model_inference=11.2ms
[TIMING] EnhancedMel.transcribe: audio_to_gpu=0.3ms, features=0.5ms, model=12.7ms, decode=6.8ms | TOTAL=20.2ms for 3000ms audio (RTF=0.01x)
[TIMING] stream_chunk[experiment-d705caf5b23d44b598e7d26080ba687d](live_neural): decode=0.1ms, inference=22.8ms, second_pass=0.0ms, contention=0.0ms, TOTAL=23.1ms | audio=600ms, RTF=0.04x | model=enhanced_mel, neural_total=22.4ms, model_inference=12.7ms
[TIMING] EnhancedMel.transcribe: audio_to_gpu=0.4ms, features=0.5ms, model=13.5ms, decode=6.0ms | TOTAL=20.4ms for 3000ms audio (RTF=0.01x)
[TIMING] stream_chunk[experiment-d705caf5b23d44b598e7d26080ba687d](live_neural): decode=0.1ms, inference=23.0ms, second_pass=0.0ms, contention=0.0ms, TOTAL=23.7ms | audio=600ms, RTF=0.04x | model=enhanced_mel, neural_total=22.4ms, model_inference=13.5ms
[TIMING] EnhancedMel.transcribe: audio_to_gpu=0.3ms, features=0.5ms, model=12.5ms, decode=6.2ms | TOTAL=19.5ms for 3000ms audio (RTF=0.01x)
[TIMING] stream_chunk[experiment-d705caf5b23d44b598e7d26080ba687d](live_neural): decode=0.3ms, inference=22.7ms, second_pass=0.0ms, contention=0.0ms, TOTAL=23.3ms | audio=600ms, RTF=0.04x | model=enhanced_mel, neural_total=22.3ms, model_inference=12.5ms
[TIMING] EnhancedMel.transcribe: audio_to_gpu=0.3ms, features=0.5ms, model=11.8ms, decode=5.9ms | TOTAL=18.4ms for 3000ms audio (RTF=0.01x)
[TIMING] stream_chunk[experiment-d705caf5b23d44b598e7d26080ba687d](live_neural): decode=0.1ms, inference=21.0ms, second_pass=0.0ms, contention=0.0ms, TOTAL=21.4ms | audio=600ms, RTF=0.04x | model=enhanced_mel, neural_total=20.6ms, model_inference=11.8ms
[TIMING] EnhancedMel.transcribe: audio_to_gpu=0.3ms, features=0.5ms, model=12.0ms, decode=6.0ms | TOTAL=18.8ms for 3000ms audio (RTF=0.01x)
[TIMING] stream_chunk[experiment-d705caf5b23d44b598e7d26080ba687d](live_neural): decode=0.2ms, inference=21.5ms, second_pass=0.0ms, contention=0.0ms, TOTAL=21.9ms | audio=600ms, RTF=0.04x | model=enhanced_mel, neural_total=20.9ms, model_inference=12.0ms
[TIMING] EnhancedMel.transcribe: audio_to_gpu=0.3ms, features=0.5ms, model=11.9ms, decode=6.1ms | TOTAL=18.9ms for 3000ms audio (RTF=0.01x)
[TIMING] stream_chunk[experiment-d705caf5b23d44b598e7d26080ba687d](live_neural): decode=0.1ms, inference=21.4ms, second_pass=0.0ms, contention=0.0ms, TOTAL=21.8ms | audio=600ms, RTF=0.04x | model=enhanced_mel, neural_total=21.0ms, model_inference=11.9ms
[TIMING] EnhancedMel.transcribe: audio_to_gpu=0.4ms, features=0.5ms, model=10.7ms, decode=1.4ms | TOTAL=13.0ms for 600ms audio (RTF=0.02x)
[TIMING] stream_chunk[experiment-80f2b4f77b7347fd96eb4d8bb4352b8f](live_neural): decode=0.2ms, inference=14.6ms, second_pass=0.0ms, contention=0.0ms, TOTAL=14.8ms | audio=600ms, RTF=0.02x | model=enhanced_mel, neural_total=14.2ms, model_inference=10.7ms
[TIMING] EnhancedMel.transcribe: audio_to_gpu=0.2ms, features=0.3ms, model=10.9ms, decode=2.6ms | TOTAL=13.9ms for 1200ms audio (RTF=0.01x)
[TIMING] stream_chunk[experiment-80f2b4f77b7347fd96eb4d8bb4352b8f](live_neural): decode=0.1ms, inference=15.9ms, second_pass=0.0ms, contention=0.0ms, TOTAL=16.1ms | audio=600ms, RTF=0.03x | model=enhanced_mel, neural_total=15.4ms, model_inference=10.9ms
[TIMING] EnhancedMel.transcribe: audio_to_gpu=0.3ms, features=0.7ms, model=13.4ms, decode=3.7ms | TOTAL=18.0ms for 1800ms audio (RTF=0.01x)
[TIMING] stream_chunk[experiment-80f2b4f77b7347fd96eb4d8bb4352b8f](live_neural): decode=0.1ms, inference=20.2ms, second_pass=0.0ms, contention=0.0ms, TOTAL=20.5ms | audio=600ms, RTF=0.03x | model=enhanced_mel, neural_total=19.7ms, model_inference=13.4ms
[TIMING] EnhancedMel.transcribe: audio_to_gpu=0.3ms, features=0.5ms, model=11.2ms, decode=4.7ms | TOTAL=16.7ms for 2400ms audio (RTF=0.01x)
[TIMING] stream_chunk[experiment-80f2b4f77b7347fd96eb4d8bb4352b8f](live_neural): decode=0.1ms, inference=19.7ms, second_pass=0.0ms, contention=0.0ms, TOTAL=20.0ms | audio=600ms, RTF=0.03x | model=enhanced_mel, neural_total=19.3ms, model_inference=11.2ms
[TIMING] EnhancedMel.transcribe: audio_to_gpu=0.1ms, features=1.1ms, model=12.1ms, decode=6.3ms | TOTAL=19.7ms for 3000ms audio (RTF=0.01x)
[TIMING] stream_chunk[experiment-80f2b4f77b7347fd96eb4d8bb4352b8f](live_neural): decode=0.1ms, inference=23.3ms, second_pass=0.0ms, contention=0.0ms, TOTAL=23.7ms | audio=600ms, RTF=0.04x | model=enhanced_mel, neural_total=22.9ms, model_inference=12.1ms
[TIMING] EnhancedMel.transcribe: audio_to_gpu=0.2ms, features=0.4ms, model=13.3ms, decode=6.2ms | TOTAL=20.1ms for 3000ms audio (RTF=0.01x)
[TIMING] stream_chunk[experiment-80f2b4f77b7347fd96eb4d8bb4352b8f](live_neural): decode=0.1ms, inference=22.7ms, second_pass=0.0ms, contention=0.0ms, TOTAL=23.0ms | audio=600ms, RTF=0.04x | model=enhanced_mel, neural_total=22.2ms, model_inference=13.3ms
[TIMING] EnhancedMel.transcribe: audio_to_gpu=0.3ms, features=0.5ms, model=12.9ms, decode=6.2ms | TOTAL=19.9ms for 3000ms audio (RTF=0.01x)
[TIMING] stream_chunk[experiment-80f2b4f77b7347fd96eb4d8bb4352b8f](live_neural): decode=0.1ms, inference=22.5ms, second_pass=0.0ms, contention=0.0ms, TOTAL=22.8ms | audio=600ms, RTF=0.04x | model=enhanced_mel, neural_total=22.0ms, model_inference=12.9ms
[TIMING] EnhancedMel.transcribe: audio_to_gpu=0.3ms, features=0.6ms, model=17.2ms, decode=6.0ms | TOTAL=24.1ms for 3000ms audio (RTF=0.01x)
[TIMING] stream_chunk[experiment-80f2b4f77b7347fd96eb4d8bb4352b8f](live_neural): decode=0.1ms, inference=27.1ms, second_pass=0.0ms, contention=0.0ms, TOTAL=27.6ms | audio=600ms, RTF=0.05x | model=enhanced_mel, neural_total=26.7ms, model_inference=17.2ms
[TIMING] EnhancedMel.transcribe: audio_to_gpu=0.3ms, features=0.5ms, model=11.8ms, decode=5.9ms | TOTAL=18.5ms for 3000ms audio (RTF=0.01x)
[TIMING] stream_chunk[experiment-80f2b4f77b7347fd96eb4d8bb4352b8f](live_neural): decode=0.2ms, inference=21.1ms, second_pass=0.0ms, contention=0.0ms, TOTAL=21.5ms | audio=600ms, RTF=0.04x | model=enhanced_mel, neural_total=20.7ms, model_inference=11.8ms
[TIMING] EnhancedMel.transcribe: audio_to_gpu=0.4ms, features=0.6ms, model=20.3ms, decode=6.3ms | TOTAL=27.7ms for 3000ms audio (RTF=0.01x)
[TIMING] stream_chunk[experiment-80f2b4f77b7347fd96eb4d8bb4352b8f](live_neural): decode=0.1ms, inference=30.2ms, second_pass=0.0ms, contention=0.0ms, TOTAL=30.5ms | audio=600ms, RTF=0.05x | model=enhanced_mel, neural_total=29.8ms, model_inference=20.3ms

[CLIP_020] Concert Etude No. 2 "Gnomenreigen"
  excerpt: start=30.00s end=36.00s duration=6.00s gt_notes=177 rms=0.0476 peak=0.3012 crest=6.327 rms_std=0.0147
    control:
      note metrics: precision=0.946 recall=0.887 f1=0.915 matched=157/177 pred=166
      strict onset f1: 10ms=0.863 20ms=0.910 30ms=0.910
      timing metrics: offset_f1=0.915 rhythm_precision=1.000 note_value_acc=0.841 note_value_n=157 avg_beat_error=0.018
      duplicate metrics: duplicates=9 per_100_notes=5.42
      boundary metrics: gt=54 matched=52 missed=2 miss_rate=0.037
      latency: avg_chunk_ms=21.10 p95_chunk_ms=23.72 avg_rtf=0.035
      notation metrics: first_correct_ms=20.8 visible_p50_ms=366.2 visible_p95_ms=647.6 stabilize_p50_ms=933.5 stabilize_p95_ms=1720.8 avg_revisions=1.03 matched=94 refined=94 snapshots=21
      algorithmic latency: first_correct_ms=0.0 visible_p50_ms=322.0 visible_p95_ms=605.0 stabilize_p50_ms=523.4 stabilize_p95_ms=1275.5
      final display note metrics: precision=0.994 recall=0.864 f1=0.924 matched=153/177 pred=154
      final display strict onset f1: 10ms=0.858 20ms=0.912 30ms=0.918
      final display timing: offset_f1=0.924 rhythm_precision=1.000 note_value_acc=0.203 note_value_n=153 avg_beat_error=0.085
      final display structure: cluster_f1=0.597 onset_align_recall=0.937 avg_jaccard=0.831 exact=46/79 pred=75 over=7 under=17 pitch_conflicts=4 missed_gt=5
      threshold profiles: hit_rate=0.000 thresholds=[0.7] profiles={'fixed_baseline': 10}
    treatment:
      note metrics: precision=0.946 recall=0.887 f1=0.915 matched=157/177 pred=166
      strict onset f1: 10ms=0.863 20ms=0.910 30ms=0.910
      timing metrics: offset_f1=0.915 rhythm_precision=1.000 note_value_acc=0.841 note_value_n=157 avg_beat_error=0.018
      duplicate metrics: duplicates=9 per_100_notes=5.42
      boundary metrics: gt=54 matched=52 missed=2 miss_rate=0.037
      latency: avg_chunk_ms=22.06 p95_chunk_ms=29.19 avg_rtf=0.037
      notation metrics: first_correct_ms=20.2 visible_p50_ms=365.6 visible_p95_ms=647.5 stabilize_p50_ms=931.6 stabilize_p95_ms=1718.3 avg_revisions=1.03 matched=94 refined=94 snapshots=21
      algorithmic latency: first_correct_ms=0.0 visible_p50_ms=322.0 visible_p95_ms=605.0 stabilize_p50_ms=523.4 stabilize_p95_ms=1275.5
      final display note metrics: precision=0.994 recall=0.864 f1=0.924 matched=153/177 pred=154
      final display strict onset f1: 10ms=0.858 20ms=0.912 30ms=0.918
      final display timing: offset_f1=0.924 rhythm_precision=1.000 note_value_acc=0.203 note_value_n=153 avg_beat_error=0.085
      final display structure: cluster_f1=0.597 onset_align_recall=0.937 avg_jaccard=0.831 exact=46/79 pred=75 over=7 under=17 pitch_conflicts=4 missed_gt=5
      threshold profiles: hit_rate=0.000 thresholds=[0.7] profiles={'baseline_nominal': 10}
    delta treatment-control: precision=+0.000 recall=+0.000 f1=+0.000 offset_f1=+0.000 note_value_acc=+0.000 dup_per_100=+0.00 boundary_miss_rate=+0.000 p95_chunk_ms=+5.47 f1_10ms=+0.000 f1_20ms=+0.000 f1_30ms=+0.000 visible_p50_ms=-0.6 stabilize_p50_ms=-1.9 algo_visible_p50_ms=+0.0 algo_stabilize_p50_ms=+0.0 avg_revisions=+0.00 display_note_f1=+0.000 display_offset_f1=+0.000 display_cluster_f1=+0.000 display_cluster_jaccard=+0.000C:\Users\ToniH\Documents\GitHub\LiveScore\backend\rhythm_training\train_enhanced_mel_transcriber.py:645: RuntimeWarning: Mean of empty slice.
  pooled = note_value_probs[onset_f:offset_f, key, :].mean(axis=0)
C:\Users\ToniH\Documents\GitHub\LiveScore\backend\env\Lib\site-packages\numpy\_core\_methods.py:137: RuntimeWarning: invalid value encountered in divide
  ret = um.true_divide(

    failure buckets: ['boundary_miss_failure', 'high_revision_slow_stabilization']
      boundary diagnostics: missed=2 by_arm={'control': 2, 'treatment': 2} tags={'control_boundary_miss': 2, 'no_control_coarse_candidate': 2}
        miss: pitch=78 onset=3.624s boundary_delta_ms=+23.7 control_coarse=False treatment_coarse=False retro=n/a
        miss: pitch=92 onset=4.234s boundary_delta_ms=+34.4 control_coarse=False treatment_coarse=False retro=n/a
[TIMING] EnhancedMel.transcribe: audio_to_gpu=0.6ms, features=0.7ms, model=10.1ms, decode=1.4ms | TOTAL=12.7ms for 600ms audio (RTF=0.02x)
[TIMING] stream_chunk[experiment-fd8f934578844fd3aa1ba869e8b7da0a](live_neural): decode=0.1ms, inference=15.5ms, second_pass=0.0ms, contention=0.0ms, TOTAL=15.7ms | audio=600ms, RTF=0.03x | model=enhanced_mel, neural_total=14.7ms, model_inference=10.1ms
[TIMING] EnhancedMel.transcribe: audio_to_gpu=0.2ms, features=0.4ms, model=19.9ms, decode=2.4ms | TOTAL=22.9ms for 1200ms audio (RTF=0.02x)
[TIMING] stream_chunk[experiment-fd8f934578844fd3aa1ba869e8b7da0a](live_neural): decode=0.1ms, inference=24.7ms, second_pass=0.0ms, contention=0.0ms, TOTAL=24.9ms | audio=600ms, RTF=0.04x | model=enhanced_mel, neural_total=24.3ms, model_inference=19.9ms
[TIMING] EnhancedMel.transcribe: audio_to_gpu=0.1ms, features=0.4ms, model=10.6ms, decode=3.3ms | TOTAL=14.4ms for 1800ms audio (RTF=0.01x)
[TIMING] stream_chunk[experiment-fd8f934578844fd3aa1ba869e8b7da0a](live_neural): decode=0.1ms, inference=16.3ms, second_pass=0.0ms, contention=0.0ms, TOTAL=16.6ms | audio=600ms, RTF=0.03x | model=enhanced_mel, neural_total=16.0ms, model_inference=10.6ms
[TIMING] EnhancedMel.transcribe: audio_to_gpu=0.2ms, features=0.4ms, model=12.4ms, decode=4.4ms | TOTAL=17.5ms for 2400ms audio (RTF=0.01x)
[TIMING] stream_chunk[experiment-fd8f934578844fd3aa1ba869e8b7da0a](live_neural): decode=0.1ms, inference=20.3ms, second_pass=0.0ms, contention=0.0ms, TOTAL=20.6ms | audio=600ms, RTF=0.03x | model=enhanced_mel, neural_total=19.9ms, model_inference=12.4ms
[TIMING] EnhancedMel.transcribe: audio_to_gpu=0.3ms, features=0.5ms, model=11.6ms, decode=6.2ms | TOTAL=18.7ms for 3000ms audio (RTF=0.01x)
[TIMING] stream_chunk[experiment-fd8f934578844fd3aa1ba869e8b7da0a](live_neural): decode=0.1ms, inference=21.1ms, second_pass=0.0ms, contention=0.0ms, TOTAL=21.4ms | audio=600ms, RTF=0.04x | model=enhanced_mel, neural_total=20.8ms, model_inference=11.6ms
[TIMING] EnhancedMel.transcribe: audio_to_gpu=0.2ms, features=0.5ms, model=13.7ms, decode=5.6ms | TOTAL=20.1ms for 3000ms audio (RTF=0.01x)
[TIMING] stream_chunk[experiment-fd8f934578844fd3aa1ba869e8b7da0a](live_neural): decode=0.1ms, inference=22.5ms, second_pass=0.0ms, contention=0.0ms, TOTAL=22.9ms | audio=600ms, RTF=0.04x | model=enhanced_mel, neural_total=22.0ms, model_inference=13.7ms
[TIMING] EnhancedMel.transcribe: audio_to_gpu=0.3ms, features=0.5ms, model=12.0ms, decode=6.8ms | TOTAL=19.6ms for 3000ms audio (RTF=0.01x)
[TIMING] stream_chunk[experiment-fd8f934578844fd3aa1ba869e8b7da0a](live_neural): decode=0.1ms, inference=22.3ms, second_pass=0.0ms, contention=0.0ms, TOTAL=22.7ms | audio=600ms, RTF=0.04x | model=enhanced_mel, neural_total=21.8ms, model_inference=12.0ms
[TIMING] EnhancedMel.transcribe: audio_to_gpu=0.4ms, features=0.5ms, model=11.8ms, decode=6.0ms | TOTAL=18.7ms for 3000ms audio (RTF=0.01x)
[TIMING] stream_chunk[experiment-fd8f934578844fd3aa1ba869e8b7da0a](live_neural): decode=0.1ms, inference=21.2ms, second_pass=0.0ms, contention=0.0ms, TOTAL=21.6ms | audio=600ms, RTF=0.04x | model=enhanced_mel, neural_total=20.7ms, model_inference=11.8ms
[TIMING] EnhancedMel.transcribe: audio_to_gpu=0.3ms, features=0.5ms, model=13.4ms, decode=6.0ms | TOTAL=20.2ms for 3000ms audio (RTF=0.01x)
[TIMING] stream_chunk[experiment-fd8f934578844fd3aa1ba869e8b7da0a](live_neural): decode=0.2ms, inference=23.2ms, second_pass=0.0ms, contention=0.0ms, TOTAL=23.7ms | audio=600ms, RTF=0.04x | model=enhanced_mel, neural_total=22.7ms, model_inference=13.4ms
[TIMING] EnhancedMel.transcribe: audio_to_gpu=0.4ms, features=0.5ms, model=12.2ms, decode=6.4ms | TOTAL=19.6ms for 3000ms audio (RTF=0.01x)
[TIMING] stream_chunk[experiment-fd8f934578844fd3aa1ba869e8b7da0a](live_neural): decode=0.2ms, inference=22.4ms, second_pass=0.0ms, contention=0.0ms, TOTAL=22.8ms | audio=600ms, RTF=0.04x | model=enhanced_mel, neural_total=21.8ms, model_inference=12.2ms
[TIMING] EnhancedMel.transcribe: audio_to_gpu=1.5ms, features=0.7ms, model=10.0ms, decode=1.3ms | TOTAL=13.4ms for 600ms audio (RTF=0.02x)
[TIMING] stream_chunk[experiment-1c0e654dbe10472682ac2c12fb742034](live_neural): decode=0.1ms, inference=15.2ms, second_pass=0.0ms, contention=0.0ms, TOTAL=15.5ms | audio=600ms, RTF=0.03x | model=enhanced_mel, neural_total=14.7ms, model_inference=10.0ms
[TIMING] EnhancedMel.transcribe: audio_to_gpu=0.2ms, features=0.5ms, model=21.4ms, decode=2.3ms | TOTAL=24.2ms for 1200ms audio (RTF=0.02x)
[TIMING] stream_chunk[experiment-1c0e654dbe10472682ac2c12fb742034](live_neural): decode=0.1ms, inference=26.2ms, second_pass=0.0ms, contention=0.0ms, TOTAL=26.4ms | audio=600ms, RTF=0.04x | model=enhanced_mel, neural_total=25.7ms, model_inference=21.4ms
[TIMING] EnhancedMel.transcribe: audio_to_gpu=0.3ms, features=0.6ms, model=21.7ms, decode=3.4ms | TOTAL=25.9ms for 1800ms audio (RTF=0.01x)
[TIMING] stream_chunk[experiment-1c0e654dbe10472682ac2c12fb742034](live_neural): decode=0.2ms, inference=28.0ms, second_pass=0.0ms, contention=0.0ms, TOTAL=28.3ms | audio=600ms, RTF=0.05x | model=enhanced_mel, neural_total=27.6ms, model_inference=21.7ms
[TIMING] EnhancedMel.transcribe: audio_to_gpu=0.2ms, features=0.4ms, model=11.2ms, decode=4.4ms | TOTAL=16.3ms for 2400ms audio (RTF=0.01x)
[TIMING] stream_chunk[experiment-1c0e654dbe10472682ac2c12fb742034](live_neural): decode=0.1ms, inference=19.5ms, second_pass=0.0ms, contention=0.0ms, TOTAL=19.7ms | audio=600ms, RTF=0.03x | model=enhanced_mel, neural_total=19.1ms, model_inference=11.2ms
[TIMING] EnhancedMel.transcribe: audio_to_gpu=0.3ms, features=0.6ms, model=21.0ms, decode=5.5ms | TOTAL=27.4ms for 3000ms audio (RTF=0.01x)
[TIMING] stream_chunk[experiment-1c0e654dbe10472682ac2c12fb742034](live_neural): decode=0.1ms, inference=29.7ms, second_pass=0.0ms, contention=0.0ms, TOTAL=30.0ms | audio=600ms, RTF=0.05x | model=enhanced_mel, neural_total=29.4ms, model_inference=21.0ms
[TIMING] EnhancedMel.transcribe: audio_to_gpu=0.2ms, features=3.3ms, model=12.5ms, decode=5.7ms | TOTAL=21.7ms for 3000ms audio (RTF=0.01x)
[TIMING] stream_chunk[experiment-1c0e654dbe10472682ac2c12fb742034](live_neural): decode=0.1ms, inference=24.9ms, second_pass=0.0ms, contention=0.0ms, TOTAL=25.4ms | audio=600ms, RTF=0.04x | model=enhanced_mel, neural_total=24.5ms, model_inference=12.5ms
[TIMING] EnhancedMel.transcribe: audio_to_gpu=0.3ms, features=0.5ms, model=12.5ms, decode=5.9ms | TOTAL=19.2ms for 3000ms audio (RTF=0.01x)
[TIMING] stream_chunk[experiment-1c0e654dbe10472682ac2c12fb742034](live_neural): decode=0.1ms, inference=22.7ms, second_pass=0.0ms, contention=0.0ms, TOTAL=23.1ms | audio=600ms, RTF=0.04x | model=enhanced_mel, neural_total=22.3ms, model_inference=12.5ms
[TIMING] EnhancedMel.transcribe: audio_to_gpu=0.3ms, features=0.6ms, model=22.2ms, decode=6.0ms | TOTAL=29.2ms for 3000ms audio (RTF=0.01x)
[TIMING] stream_chunk[experiment-1c0e654dbe10472682ac2c12fb742034](live_neural): decode=0.1ms, inference=31.6ms, second_pass=0.0ms, contention=0.0ms, TOTAL=32.0ms | audio=600ms, RTF=0.05x | model=enhanced_mel, neural_total=31.2ms, model_inference=22.2ms
[TIMING] EnhancedMel.transcribe: audio_to_gpu=0.3ms, features=0.6ms, model=13.1ms, decode=5.9ms | TOTAL=19.9ms for 3000ms audio (RTF=0.01x)
[TIMING] stream_chunk[experiment-1c0e654dbe10472682ac2c12fb742034](live_neural): decode=0.1ms, inference=22.6ms, second_pass=0.0ms, contention=0.0ms, TOTAL=23.1ms | audio=600ms, RTF=0.04x | model=enhanced_mel, neural_total=22.1ms, model_inference=13.1ms
[TIMING] EnhancedMel.transcribe: audio_to_gpu=0.3ms, features=0.6ms, model=12.5ms, decode=5.8ms | TOTAL=19.1ms for 3000ms audio (RTF=0.01x)
[TIMING] stream_chunk[experiment-1c0e654dbe10472682ac2c12fb742034](live_neural): decode=0.1ms, inference=21.6ms, second_pass=0.0ms, contention=0.0ms, TOTAL=22.1ms | audio=600ms, RTF=0.04x | model=enhanced_mel, neural_total=21.1ms, model_inference=12.5ms

[CLIP_021] Concert Etude "Gnomenreigen"
  excerpt: start=63.00s end=69.00s duration=6.00s gt_notes=141 rms=0.0904 peak=0.6430 crest=7.115 rms_std=0.0461
    control:
      note metrics: precision=0.901 recall=0.901 f1=0.901 matched=127/141 pred=141
      strict onset f1: 10ms=0.773 20ms=0.901 30ms=0.901
      timing metrics: offset_f1=0.816 rhythm_precision=0.906 note_value_acc=0.740 note_value_n=127 avg_beat_error=0.069
      duplicate metrics: duplicates=8 per_100_notes=5.67
      boundary metrics: gt=43 matched=40 missed=3 miss_rate=0.070
      latency: avg_chunk_ms=21.28 p95_chunk_ms=24.36 avg_rtf=0.035
      notation metrics: first_correct_ms=40.9 visible_p50_ms=323.3 visible_p95_ms=617.5 stabilize_p50_ms=1142.6 stabilize_p95_ms=1886.5 avg_revisions=1.39 matched=76 refined=76 snapshots=18
      algorithmic latency: first_correct_ms=18.0 visible_p50_ms=302.1 visible_p95_ms=594.7 stabilize_p50_ms=803.8 stabilize_p95_ms=1492.3
      final display note metrics: precision=0.955 recall=0.894 f1=0.923 matched=126/141 pred=132
      final display strict onset f1: 10ms=0.777 20ms=0.916 30ms=0.923
      final display timing: offset_f1=0.842 rhythm_precision=0.913 note_value_acc=0.198 note_value_n=126 avg_beat_error=0.121
      final display structure: cluster_f1=0.598 onset_align_recall=0.932 avg_jaccard=0.855 exact=35/59 pred=58 over=5 under=12 pitch_conflicts=3 missed_gt=4
      threshold profiles: hit_rate=0.000 thresholds=[0.7] profiles={'fixed_baseline': 10}
    treatment:
      note metrics: precision=0.901 recall=0.901 f1=0.901 matched=127/141 pred=141
      strict onset f1: 10ms=0.773 20ms=0.901 30ms=0.901
      timing metrics: offset_f1=0.816 rhythm_precision=0.906 note_value_acc=0.740 note_value_n=127 avg_beat_error=0.069
      duplicate metrics: duplicates=8 per_100_notes=5.67
      boundary metrics: gt=43 matched=40 missed=3 miss_rate=0.070
      latency: avg_chunk_ms=24.56 p95_chunk_ms=31.08 avg_rtf=0.041
      notation metrics: first_correct_ms=43.4 visible_p50_ms=331.6 visible_p95_ms=617.1 stabilize_p50_ms=1151.9 stabilize_p95_ms=1893.3 avg_revisions=1.39 matched=76 refined=76 snapshots=18
      algorithmic latency: first_correct_ms=18.0 visible_p50_ms=302.1 visible_p95_ms=594.7 stabilize_p50_ms=803.8 stabilize_p95_ms=1492.3
      final display note metrics: precision=0.955 recall=0.894 f1=0.923 matched=126/141 pred=132
      final display strict onset f1: 10ms=0.777 20ms=0.916 30ms=0.923
      final display timing: offset_f1=0.842 rhythm_precision=0.913 note_value_acc=0.198 note_value_n=126 avg_beat_error=0.121
      final display structure: cluster_f1=0.598 onset_align_recall=0.932 avg_jaccard=0.855 exact=35/59 pred=58 over=5 under=12 pitch_conflicts=3 missed_gt=4
      threshold profiles: hit_rate=0.100 thresholds=[0.7, 0.72] profiles={'baseline_nominal': 9, 'loud_dense_precision': 1}
    delta treatment-control: precision=+0.000 recall=+0.000 f1=+0.000 offset_f1=+0.000 note_value_acc=+0.000 dup_per_100=+0.00 boundary_miss_rate=+0.000 p95_chunk_ms=+6.72 f1_10ms=+0.000 f1_20ms=+0.000 f1_30ms=+0.000 visible_p50_ms=+8.3 stabilize_p50_ms=+9.3 algo_visible_p50_ms=+0.0 algo_stabilize_p50_ms=+0.0 avg_revisions=+0.00 display_note_f1=+0.000 display_offset_f1=+0.000 display_cluster_f1=+0.000 display_cluster_jaccard=+0.000
    failure buckets: ['boundary_miss_failure', 'high_revision_slow_stabilization']
      boundary diagnostics: missed=3 by_arm={'control': 3, 'treatment': 3} tags={'control_boundary_miss': 3, 'no_control_coarse_candidate': 3}
        miss: pitch=91 onset=2.411s boundary_delta_ms=+11.5 control_coarse=False treatment_coarse=False retro=n/a
        miss: pitch=69 onset=3.085s boundary_delta_ms=+84.6 control_coarse=False treatment_coarse=False retro=n/a
        miss: pitch=69 onset=5.466s boundary_delta_ms=+66.1 control_coarse=False treatment_coarse=False retro=n/a
[TIMING] EnhancedMel.transcribe: audio_to_gpu=0.7ms, features=0.8ms, model=18.7ms, decode=1.5ms | TOTAL=21.7ms for 600ms audio (RTF=0.04x)
[TIMING] stream_chunk[experiment-649519b42c59404a8f29f2eaa37b760a](live_neural): decode=0.2ms, inference=24.1ms, second_pass=0.0ms, contention=0.0ms, TOTAL=24.3ms | audio=600ms, RTF=0.04x | model=enhanced_mel, neural_total=23.7ms, model_inference=18.7ms
[TIMING] EnhancedMel.transcribe: audio_to_gpu=0.2ms, features=0.4ms, model=10.7ms, decode=2.6ms | TOTAL=13.8ms for 1200ms audio (RTF=0.01x)
[TIMING] stream_chunk[experiment-649519b42c59404a8f29f2eaa37b760a](live_neural): decode=0.1ms, inference=16.3ms, second_pass=0.0ms, contention=0.0ms, TOTAL=16.5ms | audio=600ms, RTF=0.03x | model=enhanced_mel, neural_total=16.0ms, model_inference=10.7ms
[TIMING] EnhancedMel.transcribe: audio_to_gpu=0.1ms, features=1.8ms, model=10.5ms, decode=3.6ms | TOTAL=16.0ms for 1800ms audio (RTF=0.01x)
[TIMING] stream_chunk[experiment-649519b42c59404a8f29f2eaa37b760a](live_neural): decode=0.1ms, inference=17.8ms, second_pass=0.0ms, contention=0.0ms, TOTAL=18.1ms | audio=600ms, RTF=0.03x | model=enhanced_mel, neural_total=17.6ms, model_inference=10.5ms
[TIMING] EnhancedMel.transcribe: audio_to_gpu=0.3ms, features=0.6ms, model=17.6ms, decode=4.7ms | TOTAL=23.1ms for 2400ms audio (RTF=0.01x)
[TIMING] stream_chunk[experiment-649519b42c59404a8f29f2eaa37b760a](live_neural): decode=0.1ms, inference=25.3ms, second_pass=0.0ms, contention=0.0ms, TOTAL=25.6ms | audio=600ms, RTF=0.04x | model=enhanced_mel, neural_total=25.0ms, model_inference=17.6ms
[TIMING] EnhancedMel.transcribe: audio_to_gpu=0.2ms, features=0.5ms, model=11.8ms, decode=5.8ms | TOTAL=18.4ms for 3000ms audio (RTF=0.01x)
[TIMING] stream_chunk[experiment-649519b42c59404a8f29f2eaa37b760a](live_neural): decode=0.1ms, inference=20.7ms, second_pass=0.0ms, contention=0.0ms, TOTAL=21.3ms | audio=600ms, RTF=0.04x | model=enhanced_mel, neural_total=20.3ms, model_inference=11.8ms
[TIMING] EnhancedMel.transcribe: audio_to_gpu=0.3ms, features=0.5ms, model=12.3ms, decode=6.5ms | TOTAL=19.6ms for 3000ms audio (RTF=0.01x)
[TIMING] stream_chunk[experiment-649519b42c59404a8f29f2eaa37b760a](live_neural): decode=0.1ms, inference=22.9ms, second_pass=0.0ms, contention=0.0ms, TOTAL=23.3ms | audio=600ms, RTF=0.04x | model=enhanced_mel, neural_total=22.5ms, model_inference=12.3ms
[TIMING] EnhancedMel.transcribe: audio_to_gpu=0.5ms, features=0.6ms, model=18.3ms, decode=5.9ms | TOTAL=25.3ms for 3000ms audio (RTF=0.01x)
[TIMING] stream_chunk[experiment-649519b42c59404a8f29f2eaa37b760a](live_neural): decode=0.1ms, inference=27.8ms, second_pass=0.0ms, contention=0.0ms, TOTAL=28.3ms | audio=600ms, RTF=0.05x | model=enhanced_mel, neural_total=27.3ms, model_inference=18.3ms
[TIMING] EnhancedMel.transcribe: audio_to_gpu=0.2ms, features=3.5ms, model=13.1ms, decode=5.9ms | TOTAL=22.7ms for 3000ms audio (RTF=0.01x)
[TIMING] stream_chunk[experiment-649519b42c59404a8f29f2eaa37b760a](live_neural): decode=0.1ms, inference=25.2ms, second_pass=0.0ms, contention=0.0ms, TOTAL=25.8ms | audio=600ms, RTF=0.04x | model=enhanced_mel, neural_total=24.7ms, model_inference=13.1ms
[TIMING] EnhancedMel.transcribe: audio_to_gpu=0.3ms, features=0.6ms, model=13.8ms, decode=7.0ms | TOTAL=21.6ms for 3000ms audio (RTF=0.01x)
[TIMING] stream_chunk[experiment-649519b42c59404a8f29f2eaa37b760a](live_neural): decode=0.1ms, inference=25.6ms, second_pass=0.0ms, contention=0.0ms, TOTAL=25.9ms | audio=600ms, RTF=0.04x | model=enhanced_mel, neural_total=25.2ms, model_inference=13.8ms
[TIMING] EnhancedMel.transcribe: audio_to_gpu=0.5ms, features=0.9ms, model=12.4ms, decode=5.5ms | TOTAL=19.3ms for 3000ms audio (RTF=0.01x)
[TIMING] stream_chunk[experiment-649519b42c59404a8f29f2eaa37b760a](live_neural): decode=0.1ms, inference=22.3ms, second_pass=0.0ms, contention=0.0ms, TOTAL=22.6ms | audio=600ms, RTF=0.04x | model=enhanced_mel, neural_total=21.9ms, model_inference=12.4ms
[TIMING] EnhancedMel.transcribe: audio_to_gpu=0.4ms, features=0.5ms, model=10.2ms, decode=1.4ms | TOTAL=12.5ms for 600ms audio (RTF=0.02x)
[TIMING] stream_chunk[experiment-6c0e3d6822f5498aa4e4754ea1b439f4](live_neural): decode=0.1ms, inference=14.7ms, second_pass=0.0ms, contention=0.0ms, TOTAL=15.0ms | audio=600ms, RTF=0.02x | model=enhanced_mel, neural_total=14.3ms, model_inference=10.2ms
[TIMING] EnhancedMel.transcribe: audio_to_gpu=0.1ms, features=0.3ms, model=10.3ms, decode=2.5ms | TOTAL=13.3ms for 1200ms audio (RTF=0.01x)
[TIMING] stream_chunk[experiment-6c0e3d6822f5498aa4e4754ea1b439f4](live_neural): decode=0.1ms, inference=15.0ms, second_pass=0.0ms, contention=0.0ms, TOTAL=15.2ms | audio=600ms, RTF=0.03x | model=enhanced_mel, neural_total=14.6ms, model_inference=10.3ms
[TIMING] EnhancedMel.transcribe: audio_to_gpu=0.3ms, features=1.2ms, model=22.9ms, decode=4.1ms | TOTAL=28.5ms for 1800ms audio (RTF=0.02x)
[TIMING] stream_chunk[experiment-6c0e3d6822f5498aa4e4754ea1b439f4](live_neural): decode=0.1ms, inference=30.6ms, second_pass=0.0ms, contention=0.0ms, TOTAL=30.9ms | audio=600ms, RTF=0.05x | model=enhanced_mel, neural_total=30.2ms, model_inference=22.9ms
[TIMING] EnhancedMel.transcribe: audio_to_gpu=0.2ms, features=0.4ms, model=12.4ms, decode=4.7ms | TOTAL=17.7ms for 2400ms audio (RTF=0.01x)
[TIMING] stream_chunk[experiment-6c0e3d6822f5498aa4e4754ea1b439f4](live_neural): decode=0.1ms, inference=19.8ms, second_pass=0.0ms, contention=0.0ms, TOTAL=20.1ms | audio=600ms, RTF=0.03x | model=enhanced_mel, neural_total=19.5ms, model_inference=12.4ms
[TIMING] EnhancedMel.transcribe: audio_to_gpu=0.3ms, features=0.6ms, model=19.0ms, decode=5.9ms | TOTAL=25.8ms for 3000ms audio (RTF=0.01x)
[TIMING] stream_chunk[experiment-6c0e3d6822f5498aa4e4754ea1b439f4](live_neural): decode=0.1ms, inference=28.6ms, second_pass=0.0ms, contention=0.0ms, TOTAL=29.0ms | audio=600ms, RTF=0.05x | model=enhanced_mel, neural_total=28.0ms, model_inference=19.0ms
[TIMING] EnhancedMel.transcribe: audio_to_gpu=0.4ms, features=0.5ms, model=12.9ms, decode=5.8ms | TOTAL=19.6ms for 3000ms audio (RTF=0.01x)
[TIMING] stream_chunk[experiment-6c0e3d6822f5498aa4e4754ea1b439f4](live_neural): decode=0.1ms, inference=23.3ms, second_pass=0.0ms, contention=0.0ms, TOTAL=23.7ms | audio=600ms, RTF=0.04x | model=enhanced_mel, neural_total=22.7ms, model_inference=12.9ms
[TIMING] EnhancedMel.transcribe: audio_to_gpu=0.3ms, features=4.8ms, model=12.6ms, decode=5.8ms | TOTAL=23.5ms for 3000ms audio (RTF=0.01x)
[TIMING] stream_chunk[experiment-6c0e3d6822f5498aa4e4754ea1b439f4](live_neural): decode=0.1ms, inference=27.0ms, second_pass=0.0ms, contention=0.0ms, TOTAL=27.4ms | audio=600ms, RTF=0.05x | model=enhanced_mel, neural_total=26.6ms, model_inference=12.6ms
[TIMING] EnhancedMel.transcribe: audio_to_gpu=0.3ms, features=0.4ms, model=12.2ms, decode=5.7ms | TOTAL=18.6ms for 3000ms audio (RTF=0.01x)
[TIMING] stream_chunk[experiment-6c0e3d6822f5498aa4e4754ea1b439f4](live_neural): decode=0.1ms, inference=21.3ms, second_pass=0.0ms, contention=0.0ms, TOTAL=21.7ms | audio=600ms, RTF=0.04x | model=enhanced_mel, neural_total=20.9ms, model_inference=12.2ms
[TIMING] EnhancedMel.transcribe: audio_to_gpu=0.2ms, features=0.5ms, model=12.3ms, decode=5.5ms | TOTAL=18.5ms for 3000ms audio (RTF=0.01x)
[TIMING] stream_chunk[experiment-6c0e3d6822f5498aa4e4754ea1b439f4](live_neural): decode=0.2ms, inference=22.0ms, second_pass=0.0ms, contention=0.0ms, TOTAL=22.6ms | audio=600ms, RTF=0.04x | model=enhanced_mel, neural_total=21.6ms, model_inference=12.3ms
[TIMING] EnhancedMel.transcribe: audio_to_gpu=0.2ms, features=0.5ms, model=13.0ms, decode=5.5ms | TOTAL=19.2ms for 3000ms audio (RTF=0.01x)
[TIMING] stream_chunk[experiment-6c0e3d6822f5498aa4e4754ea1b439f4](live_neural): decode=0.1ms, inference=22.5ms, second_pass=0.0ms, contention=0.0ms, TOTAL=22.9ms | audio=600ms, RTF=0.04x | model=enhanced_mel, neural_total=22.1ms, model_inference=13.0ms

[CLIP_022] Au bord d'une source
  excerpt: start=30.00s end=36.00s duration=6.00s gt_notes=137 rms=0.0340 peak=0.1971 crest=5.791 rms_std=0.0167
    control:
      note metrics: precision=0.914 recall=0.927 f1=0.920 matched=127/137 pred=139
      strict onset f1: 10ms=0.783 20ms=0.920 30ms=0.920
      timing metrics: offset_f1=0.848 rhythm_precision=0.921 note_value_acc=0.551 note_value_n=127 avg_beat_error=0.075
      duplicate metrics: duplicates=7 per_100_notes=5.04
      boundary metrics: gt=46 matched=43 missed=3 miss_rate=0.065
      latency: avg_chunk_ms=23.17 p95_chunk_ms=27.25 avg_rtf=0.039
      notation metrics: first_correct_ms=29.8 visible_p50_ms=326.4 visible_p95_ms=616.6 stabilize_p50_ms=1552.3 stabilize_p95_ms=2035.9 avg_revisions=1.96 matched=71 refined=71 snapshots=20
      algorithmic latency: first_correct_ms=4.2 visible_p50_ms=303.1 visible_p95_ms=589.3 stabilize_p50_ms=1126.3 stabilize_p95_ms=1841.7
      final display note metrics: precision=0.975 recall=0.869 f1=0.919 matched=119/137 pred=122
      final display strict onset f1: 10ms=0.764 20ms=0.919 30ms=0.919
      final display timing: offset_f1=0.842 rhythm_precision=0.916 note_value_acc=0.185 note_value_n=119 avg_beat_error=0.120
      final display structure: cluster_f1=0.649 onset_align_recall=0.982 avg_jaccard=0.862 exact=37/57 pred=57 over=2 under=16 pitch_conflicts=1 missed_gt=1
      threshold profiles: hit_rate=0.000 thresholds=[0.7] profiles={'fixed_baseline': 10}
    treatment:
      note metrics: precision=0.914 recall=0.927 f1=0.920 matched=127/137 pred=139
      strict onset f1: 10ms=0.783 20ms=0.920 30ms=0.920
      timing metrics: offset_f1=0.848 rhythm_precision=0.921 note_value_acc=0.551 note_value_n=127 avg_beat_error=0.075
      duplicate metrics: duplicates=7 per_100_notes=5.04
      boundary metrics: gt=46 matched=43 missed=3 miss_rate=0.065
      latency: avg_chunk_ms=22.84 p95_chunk_ms=30.06 avg_rtf=0.038
      notation metrics: first_correct_ms=24.3 visible_p50_ms=326.8 visible_p95_ms=616.3 stabilize_p50_ms=1548.2 stabilize_p95_ms=2033.9 avg_revisions=1.96 matched=71 refined=71 snapshots=20
      algorithmic latency: first_correct_ms=4.2 visible_p50_ms=303.1 visible_p95_ms=589.3 stabilize_p50_ms=1126.3 stabilize_p95_ms=1841.7
      final display note metrics: precision=0.975 recall=0.869 f1=0.919 matched=119/137 pred=122
      final display strict onset f1: 10ms=0.764 20ms=0.919 30ms=0.919
      final display timing: offset_f1=0.842 rhythm_precision=0.916 note_value_acc=0.185 note_value_n=119 avg_beat_error=0.120
      final display structure: cluster_f1=0.649 onset_align_recall=0.982 avg_jaccard=0.862 exact=37/57 pred=57 over=2 under=16 pitch_conflicts=1 missed_gt=1
      threshold profiles: hit_rate=0.100 thresholds=[0.66, 0.7] profiles={'baseline_nominal': 9, 'soft_sparse_recall': 1}
    delta treatment-control: precision=+0.000 recall=+0.000 f1=+0.000 offset_f1=+0.000 note_value_acc=+0.000 dup_per_100=+0.00 boundary_miss_rate=+0.000 p95_chunk_ms=+2.81 f1_10ms=+0.000 f1_20ms=+0.000 f1_30ms=+0.000 visible_p50_ms=+0.4 stabilize_p50_ms=-4.1 algo_visible_p50_ms=+0.0 algo_stabilize_p50_ms=+0.0 avg_revisions=+0.00 display_note_f1=+0.000 display_offset_f1=+0.000 display_cluster_f1=+0.000 display_cluster_jaccard=+0.000
    failure buckets: ['boundary_miss_failure', 'high_revision_slow_stabilization']
      boundary diagnostics: missed=3 by_arm={'control': 3, 'treatment': 3} tags={'control_boundary_miss': 3, 'no_control_coarse_candidate': 3}
        miss: pitch=80 onset=0.663s boundary_delta_ms=+62.8 control_coarse=False treatment_coarse=False retro=n/a
        miss: pitch=95 onset=1.784s boundary_delta_ms=-16.1 control_coarse=False treatment_coarse=False retro=n/a
        miss: pitch=92 onset=5.470s boundary_delta_ms=+70.1 control_coarse=False treatment_coarse=False retro=n/a
[TIMING] EnhancedMel.transcribe: audio_to_gpu=0.7ms, features=0.5ms, model=10.0ms, decode=1.4ms | TOTAL=12.5ms for 600ms audio (RTF=0.02x)
[TIMING] stream_chunk[experiment-924194e06aa44735a12074cbf28d6b7f](live_neural): decode=0.1ms, inference=14.2ms, second_pass=0.0ms, contention=0.0ms, TOTAL=14.5ms | audio=600ms, RTF=0.02x | model=enhanced_mel, neural_total=13.8ms, model_inference=10.0ms
[TIMING] EnhancedMel.transcribe: audio_to_gpu=0.2ms, features=0.4ms, model=10.0ms, decode=2.5ms | TOTAL=13.1ms for 1200ms audio (RTF=0.01x)
[TIMING] stream_chunk[experiment-924194e06aa44735a12074cbf28d6b7f](live_neural): decode=0.1ms, inference=15.4ms, second_pass=0.0ms, contention=0.0ms, TOTAL=15.7ms | audio=600ms, RTF=0.03x | model=enhanced_mel, neural_total=15.1ms, model_inference=10.0ms
[TIMING] EnhancedMel.transcribe: audio_to_gpu=0.2ms, features=0.4ms, model=10.2ms, decode=3.7ms | TOTAL=14.5ms for 1800ms audio (RTF=0.01x)
[TIMING] stream_chunk[experiment-924194e06aa44735a12074cbf28d6b7f](live_neural): decode=0.1ms, inference=17.5ms, second_pass=0.0ms, contention=0.0ms, TOTAL=17.9ms | audio=600ms, RTF=0.03x | model=enhanced_mel, neural_total=16.9ms, model_inference=10.2ms
[TIMING] EnhancedMel.transcribe: audio_to_gpu=0.3ms, features=0.6ms, model=20.1ms, decode=4.8ms | TOTAL=25.7ms for 2400ms audio (RTF=0.01x)
[TIMING] stream_chunk[experiment-924194e06aa44735a12074cbf28d6b7f](live_neural): decode=0.1ms, inference=28.1ms, second_pass=0.0ms, contention=0.0ms, TOTAL=28.5ms | audio=600ms, RTF=0.05x | model=enhanced_mel, neural_total=27.8ms, model_inference=20.1ms
[TIMING] EnhancedMel.transcribe: audio_to_gpu=0.2ms, features=0.4ms, model=11.7ms, decode=5.8ms | TOTAL=18.1ms for 3000ms audio (RTF=0.01x)
[TIMING] stream_chunk[experiment-924194e06aa44735a12074cbf28d6b7f](live_neural): decode=0.1ms, inference=20.5ms, second_pass=0.0ms, contention=0.0ms, TOTAL=20.8ms | audio=600ms, RTF=0.03x | model=enhanced_mel, neural_total=20.1ms, model_inference=11.7ms
[TIMING] EnhancedMel.transcribe: audio_to_gpu=0.4ms, features=0.5ms, model=11.8ms, decode=5.9ms | TOTAL=18.6ms for 3000ms audio (RTF=0.01x)
[TIMING] stream_chunk[experiment-924194e06aa44735a12074cbf28d6b7f](live_neural): decode=0.1ms, inference=22.2ms, second_pass=0.0ms, contention=0.0ms, TOTAL=22.6ms | audio=600ms, RTF=0.04x | model=enhanced_mel, neural_total=21.4ms, model_inference=11.8ms
[TIMING] EnhancedMel.transcribe: audio_to_gpu=0.2ms, features=0.4ms, model=12.0ms, decode=5.8ms | TOTAL=18.4ms for 3000ms audio (RTF=0.01x)
[TIMING] stream_chunk[experiment-924194e06aa44735a12074cbf28d6b7f](live_neural): decode=0.1ms, inference=22.0ms, second_pass=0.0ms, contention=0.0ms, TOTAL=22.3ms | audio=600ms, RTF=0.04x | model=enhanced_mel, neural_total=21.7ms, model_inference=12.0ms
[TIMING] EnhancedMel.transcribe: audio_to_gpu=0.3ms, features=0.4ms, model=12.0ms, decode=5.9ms | TOTAL=18.5ms for 3000ms audio (RTF=0.01x)
[TIMING] stream_chunk[experiment-924194e06aa44735a12074cbf28d6b7f](live_neural): decode=0.1ms, inference=20.9ms, second_pass=0.0ms, contention=0.0ms, TOTAL=21.2ms | audio=600ms, RTF=0.04x | model=enhanced_mel, neural_total=20.6ms, model_inference=12.0ms
[TIMING] EnhancedMel.transcribe: audio_to_gpu=0.3ms, features=0.6ms, model=12.2ms, decode=5.9ms | TOTAL=19.0ms for 3000ms audio (RTF=0.01x)
[TIMING] stream_chunk[experiment-924194e06aa44735a12074cbf28d6b7f](live_neural): decode=0.1ms, inference=22.3ms, second_pass=0.0ms, contention=0.0ms, TOTAL=22.7ms | audio=600ms, RTF=0.04x | model=enhanced_mel, neural_total=21.9ms, model_inference=12.2ms
[TIMING] EnhancedMel.transcribe: audio_to_gpu=0.3ms, features=0.5ms, model=11.5ms, decode=5.8ms | TOTAL=18.1ms for 3000ms audio (RTF=0.01x)
[TIMING] stream_chunk[experiment-924194e06aa44735a12074cbf28d6b7f](live_neural): decode=0.1ms, inference=20.6ms, second_pass=0.0ms, contention=0.0ms, TOTAL=20.9ms | audio=600ms, RTF=0.03x | model=enhanced_mel, neural_total=20.2ms, model_inference=11.5ms
[TIMING] EnhancedMel.transcribe: audio_to_gpu=0.4ms, features=0.7ms, model=9.8ms, decode=1.5ms | TOTAL=12.3ms for 600ms audio (RTF=0.02x)
[TIMING] stream_chunk[experiment-25271a5bd6384a7da5046d2743a415b2](live_neural): decode=0.2ms, inference=14.0ms, second_pass=0.0ms, contention=0.0ms, TOTAL=14.2ms | audio=600ms, RTF=0.02x | model=enhanced_mel, neural_total=13.6ms, model_inference=9.8ms
[TIMING] EnhancedMel.transcribe: audio_to_gpu=0.2ms, features=0.4ms, model=17.2ms, decode=2.6ms | TOTAL=20.5ms for 1200ms audio (RTF=0.02x)
[TIMING] stream_chunk[experiment-25271a5bd6384a7da5046d2743a415b2](live_neural): decode=0.1ms, inference=22.1ms, second_pass=0.0ms, contention=0.0ms, TOTAL=22.3ms | audio=600ms, RTF=0.04x | model=enhanced_mel, neural_total=21.8ms, model_inference=17.2ms
[TIMING] EnhancedMel.transcribe: audio_to_gpu=0.1ms, features=0.3ms, model=10.9ms, decode=3.7ms | TOTAL=15.0ms for 1800ms audio (RTF=0.01x)
[TIMING] stream_chunk[experiment-25271a5bd6384a7da5046d2743a415b2](live_neural): decode=0.1ms, inference=16.8ms, second_pass=0.0ms, contention=0.0ms, TOTAL=17.1ms | audio=600ms, RTF=0.03x | model=enhanced_mel, neural_total=16.6ms, model_inference=10.9ms
[TIMING] EnhancedMel.transcribe: audio_to_gpu=0.2ms, features=0.5ms, model=16.9ms, decode=4.9ms | TOTAL=22.5ms for 2400ms audio (RTF=0.01x)
[TIMING] stream_chunk[experiment-25271a5bd6384a7da5046d2743a415b2](live_neural): decode=0.1ms, inference=24.8ms, second_pass=0.0ms, contention=0.0ms, TOTAL=25.3ms | audio=600ms, RTF=0.04x | model=enhanced_mel, neural_total=24.4ms, model_inference=16.9ms
[TIMING] EnhancedMel.transcribe: audio_to_gpu=0.3ms, features=0.6ms, model=19.2ms, decode=5.8ms | TOTAL=25.9ms for 3000ms audio (RTF=0.01x)
[TIMING] stream_chunk[experiment-25271a5bd6384a7da5046d2743a415b2](live_neural): decode=0.1ms, inference=28.7ms, second_pass=0.0ms, contention=0.0ms, TOTAL=29.0ms | audio=600ms, RTF=0.05x | model=enhanced_mel, neural_total=28.3ms, model_inference=19.2ms
[TIMING] EnhancedMel.transcribe: audio_to_gpu=0.2ms, features=0.4ms, model=11.8ms, decode=5.9ms | TOTAL=18.2ms for 3000ms audio (RTF=0.01x)
[TIMING] stream_chunk[experiment-25271a5bd6384a7da5046d2743a415b2](live_neural): decode=0.1ms, inference=21.4ms, second_pass=0.0ms, contention=0.0ms, TOTAL=21.8ms | audio=600ms, RTF=0.04x | model=enhanced_mel, neural_total=21.1ms, model_inference=11.8ms
[TIMING] EnhancedMel.transcribe: audio_to_gpu=0.3ms, features=0.4ms, model=11.7ms, decode=5.8ms | TOTAL=18.2ms for 3000ms audio (RTF=0.01x)
[TIMING] stream_chunk[experiment-25271a5bd6384a7da5046d2743a415b2](live_neural): decode=0.1ms, inference=20.7ms, second_pass=0.0ms, contention=0.0ms, TOTAL=21.1ms | audio=600ms, RTF=0.04x | model=enhanced_mel, neural_total=20.4ms, model_inference=11.7ms
[TIMING] EnhancedMel.transcribe: audio_to_gpu=0.2ms, features=0.4ms, model=12.1ms, decode=5.9ms | TOTAL=18.6ms for 3000ms audio (RTF=0.01x)
[TIMING] stream_chunk[experiment-25271a5bd6384a7da5046d2743a415b2](live_neural): decode=0.1ms, inference=21.0ms, second_pass=0.0ms, contention=0.0ms, TOTAL=21.4ms | audio=600ms, RTF=0.04x | model=enhanced_mel, neural_total=20.6ms, model_inference=12.1ms
[TIMING] EnhancedMel.transcribe: audio_to_gpu=0.3ms, features=0.5ms, model=12.3ms, decode=5.8ms | TOTAL=18.9ms for 3000ms audio (RTF=0.01x)
[TIMING] stream_chunk[experiment-25271a5bd6384a7da5046d2743a415b2](live_neural): decode=0.1ms, inference=21.9ms, second_pass=0.0ms, contention=0.0ms, TOTAL=22.3ms | audio=600ms, RTF=0.04x | model=enhanced_mel, neural_total=21.5ms, model_inference=12.3ms
[TIMING] EnhancedMel.transcribe: audio_to_gpu=0.2ms, features=0.4ms, model=11.9ms, decode=5.8ms | TOTAL=18.5ms for 3000ms audio (RTF=0.01x)
[TIMING] stream_chunk[experiment-25271a5bd6384a7da5046d2743a415b2](live_neural): decode=0.1ms, inference=21.6ms, second_pass=0.0ms, contention=0.0ms, TOTAL=22.0ms | audio=600ms, RTF=0.04x | model=enhanced_mel, neural_total=21.2ms, model_inference=11.9ms

[CLIP_023] Etude No. 7 "Study in Chromatic Steps"
  excerpt: start=78.00s end=84.00s duration=6.00s gt_notes=137 rms=0.1020 peak=0.5496 crest=5.387 rms_std=0.0281
    control:
      note metrics: precision=0.944 recall=0.978 f1=0.961 matched=134/137 pred=142
      strict onset f1: 10ms=0.803 20ms=0.961 30ms=0.961
      timing metrics: offset_f1=0.939 rhythm_precision=0.978 note_value_acc=0.582 note_value_n=134 avg_beat_error=0.047
      duplicate metrics: duplicates=4 per_100_notes=2.82
      boundary metrics: gt=36 matched=35 missed=1 miss_rate=0.028
      latency: avg_chunk_ms=20.71 p95_chunk_ms=25.88 avg_rtf=0.034
      notation metrics: first_correct_ms=43.8 visible_p50_ms=365.0 visible_p95_ms=604.2 stabilize_p50_ms=930.3 stabilize_p95_ms=1579.6 avg_revisions=1.21 matched=111 refined=111 snapshots=21
      algorithmic latency: first_correct_ms=28.1 visible_p50_ms=343.8 visible_p95_ms=585.4 stabilize_p50_ms=488.5 stabilize_p95_ms=1135.4
      final display note metrics: precision=0.957 recall=0.971 f1=0.964 matched=133/137 pred=139
      final display strict onset f1: 10ms=0.797 20ms=0.964 30ms=0.964
      final display timing: offset_f1=0.942 rhythm_precision=0.977 note_value_acc=0.045 note_value_n=133 avg_beat_error=0.104
      final display structure: cluster_f1=0.627 onset_align_recall=0.948 avg_jaccard=0.807 exact=47/77 pred=73 over=12 under=6 pitch_conflicts=8 missed_gt=4
      threshold profiles: hit_rate=0.000 thresholds=[0.7] profiles={'fixed_baseline': 10}
    treatment:
      note metrics: precision=0.944 recall=0.978 f1=0.961 matched=134/137 pred=142
      strict onset f1: 10ms=0.803 20ms=0.961 30ms=0.961
      timing metrics: offset_f1=0.939 rhythm_precision=0.978 note_value_acc=0.582 note_value_n=134 avg_beat_error=0.047
      duplicate metrics: duplicates=4 per_100_notes=2.82
      boundary metrics: gt=36 matched=35 missed=1 miss_rate=0.028
      latency: avg_chunk_ms=21.64 p95_chunk_ms=27.34 avg_rtf=0.036
      notation metrics: first_correct_ms=50.5 visible_p50_ms=365.1 visible_p95_ms=604.9 stabilize_p50_ms=932.2 stabilize_p95_ms=1578.8 avg_revisions=1.21 matched=111 refined=111 snapshots=21
      algorithmic latency: first_correct_ms=28.1 visible_p50_ms=343.8 visible_p95_ms=585.4 stabilize_p50_ms=488.5 stabilize_p95_ms=1135.4
      final display note metrics: precision=0.957 recall=0.971 f1=0.964 matched=133/137 pred=139
      final display strict onset f1: 10ms=0.797 20ms=0.964 30ms=0.964
      final display timing: offset_f1=0.942 rhythm_precision=0.977 note_value_acc=0.045 note_value_n=133 avg_beat_error=0.104
      final display structure: cluster_f1=0.627 onset_align_recall=0.948 avg_jaccard=0.807 exact=47/77 pred=73 over=12 under=6 pitch_conflicts=8 missed_gt=4
      threshold profiles: hit_rate=0.200 thresholds=[0.7, 0.72] profiles={'baseline_nominal': 8, 'loud_dense_precision': 2}
    delta treatment-control: precision=+0.000 recall=+0.000 f1=+0.000 offset_f1=+0.000 note_value_acc=+0.000 dup_per_100=+0.00 boundary_miss_rate=+0.000 p95_chunk_ms=+1.47 f1_10ms=+0.000 f1_20ms=+0.000 f1_30ms=+0.000 visible_p50_ms=+0.1 stabilize_p50_ms=+1.9 algo_visible_p50_ms=+0.0 algo_stabilize_p50_ms=+0.0 avg_revisions=+0.00 display_note_f1=+0.000 display_offset_f1=+0.000 display_cluster_f1=+0.000 display_cluster_jaccard=+0.000
    failure buckets: ['boundary_miss_failure', 'high_revision_slow_stabilization']
      boundary diagnostics: missed=1 by_arm={'control': 1, 'treatment': 1} tags={'control_boundary_miss': 1, 'no_control_coarse_candidate': 1}
        miss: pitch=72 onset=4.883s boundary_delta_ms=+83.3 control_coarse=False treatment_coarse=False retro=n/a
[TIMING] EnhancedMel.transcribe: audio_to_gpu=0.6ms, features=1.7ms, model=10.2ms, decode=1.4ms | TOTAL=13.9ms for 600ms audio (RTF=0.02x)
[TIMING] stream_chunk[experiment-7b4c868950f64c44a524ca5ed29b22bc](live_neural): decode=0.2ms, inference=15.7ms, second_pass=0.0ms, contention=0.0ms, TOTAL=15.9ms | audio=600ms, RTF=0.03x | model=enhanced_mel, neural_total=15.0ms, model_inference=10.2ms
[TIMING] EnhancedMel.transcribe: audio_to_gpu=0.3ms, features=0.4ms, model=9.7ms, decode=2.4ms | TOTAL=12.8ms for 1200ms audio (RTF=0.01x)
[TIMING] stream_chunk[experiment-7b4c868950f64c44a524ca5ed29b22bc](live_neural): decode=0.1ms, inference=15.2ms, second_pass=0.0ms, contention=0.0ms, TOTAL=15.4ms | audio=600ms, RTF=0.03x | model=enhanced_mel, neural_total=14.8ms, model_inference=9.7ms
[TIMING] EnhancedMel.transcribe: audio_to_gpu=0.3ms, features=0.5ms, model=10.7ms, decode=3.7ms | TOTAL=15.2ms for 1800ms audio (RTF=0.01x)
[TIMING] stream_chunk[experiment-7b4c868950f64c44a524ca5ed29b22bc](live_neural): decode=0.3ms, inference=17.5ms, second_pass=0.0ms, contention=0.0ms, TOTAL=17.9ms | audio=600ms, RTF=0.03x | model=enhanced_mel, neural_total=17.1ms, model_inference=10.7ms
[TIMING] EnhancedMel.transcribe: audio_to_gpu=0.2ms, features=0.5ms, model=16.4ms, decode=4.9ms | TOTAL=21.9ms for 2400ms audio (RTF=0.01x)
[TIMING] stream_chunk[experiment-7b4c868950f64c44a524ca5ed29b22bc](live_neural): decode=0.1ms, inference=24.4ms, second_pass=0.0ms, contention=0.0ms, TOTAL=24.7ms | audio=600ms, RTF=0.04x | model=enhanced_mel, neural_total=24.0ms, model_inference=16.4ms
[TIMING] EnhancedMel.transcribe: audio_to_gpu=0.3ms, features=0.6ms, model=13.1ms, decode=6.0ms | TOTAL=20.0ms for 3000ms audio (RTF=0.01x)
[TIMING] stream_chunk[experiment-7b4c868950f64c44a524ca5ed29b22bc](live_neural): decode=0.1ms, inference=23.5ms, second_pass=0.0ms, contention=0.0ms, TOTAL=24.0ms | audio=600ms, RTF=0.04x | model=enhanced_mel, neural_total=23.1ms, model_inference=13.1ms
[TIMING] EnhancedMel.transcribe: audio_to_gpu=0.3ms, features=0.5ms, model=12.8ms, decode=5.7ms | TOTAL=19.3ms for 3000ms audio (RTF=0.01x)
[TIMING] stream_chunk[experiment-7b4c868950f64c44a524ca5ed29b22bc](live_neural): decode=0.1ms, inference=22.7ms, second_pass=0.0ms, contention=0.0ms, TOTAL=23.0ms | audio=600ms, RTF=0.04x | model=enhanced_mel, neural_total=22.2ms, model_inference=12.8ms
[TIMING] EnhancedMel.transcribe: audio_to_gpu=0.2ms, features=1.1ms, model=12.8ms, decode=7.3ms | TOTAL=21.5ms for 3000ms audio (RTF=0.01x)
[TIMING] stream_chunk[experiment-7b4c868950f64c44a524ca5ed29b22bc](live_neural): decode=0.1ms, inference=24.2ms, second_pass=0.0ms, contention=0.0ms, TOTAL=24.5ms | audio=600ms, RTF=0.04x | model=enhanced_mel, neural_total=23.9ms, model_inference=12.8ms
[TIMING] EnhancedMel.transcribe: audio_to_gpu=0.2ms, features=0.4ms, model=13.0ms, decode=5.5ms | TOTAL=19.1ms for 3000ms audio (RTF=0.01x)
[TIMING] stream_chunk[experiment-7b4c868950f64c44a524ca5ed29b22bc](live_neural): decode=0.1ms, inference=22.3ms, second_pass=0.0ms, contention=0.0ms, TOTAL=22.5ms | audio=600ms, RTF=0.04x | model=enhanced_mel, neural_total=22.0ms, model_inference=13.0ms
[TIMING] EnhancedMel.transcribe: audio_to_gpu=0.3ms, features=0.5ms, model=12.8ms, decode=5.6ms | TOTAL=19.2ms for 3000ms audio (RTF=0.01x)
[TIMING] stream_chunk[experiment-7b4c868950f64c44a524ca5ed29b22bc](live_neural): decode=0.1ms, inference=21.9ms, second_pass=0.0ms, contention=0.0ms, TOTAL=22.2ms | audio=600ms, RTF=0.04x | model=enhanced_mel, neural_total=21.5ms, model_inference=12.8ms
[TIMING] EnhancedMel.transcribe: audio_to_gpu=0.2ms, features=0.5ms, model=13.0ms, decode=4.7ms | TOTAL=18.5ms for 3000ms audio (RTF=0.01x)
[TIMING] stream_chunk[experiment-7b4c868950f64c44a524ca5ed29b22bc](live_neural): decode=0.1ms, inference=20.5ms, second_pass=0.0ms, contention=0.0ms, TOTAL=20.8ms | audio=600ms, RTF=0.03x | model=enhanced_mel, neural_total=20.2ms, model_inference=13.0ms
[TIMING] EnhancedMel.transcribe: audio_to_gpu=0.3ms, features=0.5ms, model=10.3ms, decode=1.4ms | TOTAL=12.6ms for 600ms audio (RTF=0.02x)
[TIMING] stream_chunk[experiment-935e25bb31b1432aae516eff0795ea22](live_neural): decode=0.2ms, inference=14.1ms, second_pass=0.0ms, contention=0.0ms, TOTAL=14.3ms | audio=600ms, RTF=0.02x | model=enhanced_mel, neural_total=13.7ms, model_inference=10.3ms
[TIMING] EnhancedMel.transcribe: audio_to_gpu=0.1ms, features=0.5ms, model=10.8ms, decode=2.5ms | TOTAL=13.9ms for 1200ms audio (RTF=0.01x)
[TIMING] stream_chunk[experiment-935e25bb31b1432aae516eff0795ea22](live_neural): decode=0.2ms, inference=15.7ms, second_pass=0.0ms, contention=0.0ms, TOTAL=16.0ms | audio=600ms, RTF=0.03x | model=enhanced_mel, neural_total=15.4ms, model_inference=10.8ms
[TIMING] EnhancedMel.transcribe: audio_to_gpu=0.2ms, features=0.4ms, model=10.9ms, decode=3.5ms | TOTAL=15.0ms for 1800ms audio (RTF=0.01x)
[TIMING] stream_chunk[experiment-935e25bb31b1432aae516eff0795ea22](live_neural): decode=0.1ms, inference=17.9ms, second_pass=0.0ms, contention=0.0ms, TOTAL=18.1ms | audio=600ms, RTF=0.03x | model=enhanced_mel, neural_total=17.5ms, model_inference=10.9ms
[TIMING] EnhancedMel.transcribe: audio_to_gpu=0.1ms, features=0.4ms, model=11.6ms, decode=4.9ms | TOTAL=17.0ms for 2400ms audio (RTF=0.01x)
[TIMING] stream_chunk[experiment-935e25bb31b1432aae516eff0795ea22](live_neural): decode=0.1ms, inference=19.4ms, second_pass=0.0ms, contention=0.0ms, TOTAL=19.7ms | audio=600ms, RTF=0.03x | model=enhanced_mel, neural_total=18.9ms, model_inference=11.6ms
[TIMING] EnhancedMel.transcribe: audio_to_gpu=0.3ms, features=0.6ms, model=12.8ms, decode=5.8ms | TOTAL=19.4ms for 3000ms audio (RTF=0.01x)
[TIMING] stream_chunk[experiment-935e25bb31b1432aae516eff0795ea22](live_neural): decode=0.1ms, inference=22.8ms, second_pass=0.0ms, contention=0.0ms, TOTAL=23.1ms | audio=600ms, RTF=0.04x | model=enhanced_mel, neural_total=22.4ms, model_inference=12.8ms
[TIMING] EnhancedMel.transcribe: audio_to_gpu=0.3ms, features=0.5ms, model=12.5ms, decode=6.1ms | TOTAL=19.5ms for 3000ms audio (RTF=0.01x)
[TIMING] stream_chunk[experiment-935e25bb31b1432aae516eff0795ea22](live_neural): decode=0.2ms, inference=22.1ms, second_pass=0.0ms, contention=0.0ms, TOTAL=22.5ms | audio=600ms, RTF=0.04x | model=enhanced_mel, neural_total=21.5ms, model_inference=12.5ms
[TIMING] EnhancedMel.transcribe: audio_to_gpu=0.2ms, features=0.4ms, model=12.3ms, decode=5.8ms | TOTAL=18.8ms for 3000ms audio (RTF=0.01x)
[TIMING] stream_chunk[experiment-935e25bb31b1432aae516eff0795ea22](live_neural): decode=0.2ms, inference=21.2ms, second_pass=0.0ms, contention=0.0ms, TOTAL=21.5ms | audio=600ms, RTF=0.04x | model=enhanced_mel, neural_total=20.8ms, model_inference=12.3ms
[TIMING] EnhancedMel.transcribe: audio_to_gpu=0.2ms, features=0.5ms, model=13.9ms, decode=5.3ms | TOTAL=19.8ms for 3000ms audio (RTF=0.01x)
[TIMING] stream_chunk[experiment-935e25bb31b1432aae516eff0795ea22](live_neural): decode=0.1ms, inference=22.8ms, second_pass=0.0ms, contention=0.0ms, TOTAL=23.1ms | audio=600ms, RTF=0.04x | model=enhanced_mel, neural_total=22.4ms, model_inference=13.9ms
[TIMING] EnhancedMel.transcribe: audio_to_gpu=0.3ms, features=0.5ms, model=11.6ms, decode=5.0ms | TOTAL=17.4ms for 3000ms audio (RTF=0.01x)
[TIMING] stream_chunk[experiment-935e25bb31b1432aae516eff0795ea22](live_neural): decode=0.1ms, inference=20.8ms, second_pass=0.0ms, contention=0.0ms, TOTAL=21.0ms | audio=600ms, RTF=0.04x | model=enhanced_mel, neural_total=20.5ms, model_inference=11.6ms
[TIMING] EnhancedMel.transcribe: audio_to_gpu=0.2ms, features=0.5ms, model=12.6ms, decode=4.7ms | TOTAL=17.9ms for 3000ms audio (RTF=0.01x)
[TIMING] stream_chunk[experiment-935e25bb31b1432aae516eff0795ea22](live_neural): decode=0.2ms, inference=20.3ms, second_pass=0.0ms, contention=0.0ms, TOTAL=20.7ms | audio=600ms, RTF=0.03x | model=enhanced_mel, neural_total=19.8ms, model_inference=12.6ms

[CLIP_024] Hungarian Rhapsody No. 9 in E-flat Major, S. 244
  excerpt: start=21.00s end=27.00s duration=6.00s gt_notes=83 rms=0.0266 peak=0.2525 crest=9.478 rms_std=0.0179
    control:
      note metrics: precision=0.872 recall=0.904 f1=0.888 matched=75/83 pred=86
      strict onset f1: 10ms=0.828 20ms=0.888 30ms=0.888
      timing metrics: offset_f1=0.876 rhythm_precision=0.987 note_value_acc=0.907 note_value_n=75 avg_beat_error=0.012
      duplicate metrics: duplicates=6 per_100_notes=6.98
      boundary metrics: gt=26 matched=22 missed=4 miss_rate=0.154
      latency: avg_chunk_ms=21.09 p95_chunk_ms=24.60 avg_rtf=0.035
      notation metrics: first_correct_ms=28.2 visible_p50_ms=431.3 visible_p95_ms=672.1 stabilize_p50_ms=1975.5 stabilize_p95_ms=4124.4 avg_revisions=2.22 matched=18 refined=18 snapshots=18
      algorithmic latency: first_correct_ms=4.2 visible_p50_ms=414.6 visible_p95_ms=647.7 stabilize_p50_ms=1614.6 stabilize_p95_ms=3017.6
      final display note metrics: precision=0.938 recall=0.904 f1=0.920 matched=75/83 pred=80
      final display strict onset f1: 10ms=0.822 20ms=0.920 30ms=0.920
      final display timing: offset_f1=0.908 rhythm_precision=0.987 note_value_acc=0.307 note_value_n=75 avg_beat_error=0.181
      final display structure: cluster_f1=0.571 onset_align_recall=1.000 avg_jaccard=0.896 exact=12/20 pred=22 over=1 under=6 pitch_conflicts=1 missed_gt=0
      threshold profiles: hit_rate=0.000 thresholds=[0.7] profiles={'fixed_baseline': 10}
    treatment:
      note metrics: precision=0.872 recall=0.904 f1=0.888 matched=75/83 pred=86
      strict onset f1: 10ms=0.828 20ms=0.888 30ms=0.888
      timing metrics: offset_f1=0.876 rhythm_precision=0.987 note_value_acc=0.907 note_value_n=75 avg_beat_error=0.012
      duplicate metrics: duplicates=6 per_100_notes=6.98
      boundary metrics: gt=26 matched=22 missed=4 miss_rate=0.154
      latency: avg_chunk_ms=20.01 p95_chunk_ms=23.10 avg_rtf=0.033
      notation metrics: first_correct_ms=27.3 visible_p50_ms=431.7 visible_p95_ms=667.8 stabilize_p50_ms=1972.3 stabilize_p95_ms=4124.3 avg_revisions=2.22 matched=18 refined=18 snapshots=18
      algorithmic latency: first_correct_ms=4.2 visible_p50_ms=414.6 visible_p95_ms=647.7 stabilize_p50_ms=1614.6 stabilize_p95_ms=3017.6
      final display note metrics: precision=0.938 recall=0.904 f1=0.920 matched=75/83 pred=80
      final display strict onset f1: 10ms=0.822 20ms=0.920 30ms=0.920
      final display timing: offset_f1=0.908 rhythm_precision=0.987 note_value_acc=0.307 note_value_n=75 avg_beat_error=0.181
      final display structure: cluster_f1=0.571 onset_align_recall=1.000 avg_jaccard=0.896 exact=12/20 pred=22 over=1 under=6 pitch_conflicts=1 missed_gt=0
      threshold profiles: hit_rate=0.400 thresholds=[0.66, 0.7] profiles={'baseline_nominal': 6, 'soft_sparse_recall': 4}
    delta treatment-control: precision=+0.000 recall=+0.000 f1=+0.000 offset_f1=+0.000 note_value_acc=+0.000 dup_per_100=+0.00 boundary_miss_rate=+0.000 p95_chunk_ms=-1.50 f1_10ms=+0.000 f1_20ms=+0.000 f1_30ms=+0.000 visible_p50_ms=+0.4 stabilize_p50_ms=-3.2 algo_visible_p50_ms=+0.0 algo_stabilize_p50_ms=+0.0 avg_revisions=+0.00 display_note_f1=+0.000 display_offset_f1=+0.000 display_cluster_f1=+0.000 display_cluster_jaccard=+0.000
    failure buckets: ['boundary_miss_failure', 'high_revision_slow_stabilization']
      boundary diagnostics: missed=4 by_arm={'control': 4, 'treatment': 4} tags={'control_boundary_miss': 4, 'no_control_coarse_candidate': 4}
        miss: pitch=76 onset=1.791s boundary_delta_ms=-9.4 control_coarse=False treatment_coarse=False retro=n/a
        miss: pitch=101 onset=2.906s boundary_delta_ms=-93.8 control_coarse=False treatment_coarse=False retro=n/a
        miss: pitch=101 onset=3.001s boundary_delta_ms=+1.0 control_coarse=False treatment_coarse=False retro=n/a
        ... 1 more missed boundary notes in diagnostics JSON
[TIMING] EnhancedMel.transcribe: audio_to_gpu=0.3ms, features=0.6ms, model=10.8ms, decode=1.4ms | TOTAL=13.1ms for 600ms audio (RTF=0.02x)
[TIMING] stream_chunk[experiment-2cedb57c844049e4b3e4de40cd4c845c](live_neural): decode=0.1ms, inference=14.8ms, second_pass=0.0ms, contention=0.0ms, TOTAL=15.1ms | audio=600ms, RTF=0.03x | model=enhanced_mel, neural_total=14.3ms, model_inference=10.8ms
[TIMING] EnhancedMel.transcribe: audio_to_gpu=0.1ms, features=0.3ms, model=10.1ms, decode=2.4ms | TOTAL=12.9ms for 1200ms audio (RTF=0.01x)
[TIMING] stream_chunk[experiment-2cedb57c844049e4b3e4de40cd4c845c](live_neural): decode=0.1ms, inference=15.4ms, second_pass=0.0ms, contention=0.0ms, TOTAL=15.7ms | audio=600ms, RTF=0.03x | model=enhanced_mel, neural_total=15.1ms, model_inference=10.1ms
[TIMING] EnhancedMel.transcribe: audio_to_gpu=0.1ms, features=0.4ms, model=11.4ms, decode=3.4ms | TOTAL=15.3ms for 1800ms audio (RTF=0.01x)
[TIMING] stream_chunk[experiment-2cedb57c844049e4b3e4de40cd4c845c](live_neural): decode=0.1ms, inference=17.1ms, second_pass=0.0ms, contention=0.0ms, TOTAL=17.3ms | audio=600ms, RTF=0.03x | model=enhanced_mel, neural_total=16.8ms, model_inference=11.4ms
[TIMING] EnhancedMel.transcribe: audio_to_gpu=0.3ms, features=0.5ms, model=11.5ms, decode=4.5ms | TOTAL=16.7ms for 2400ms audio (RTF=0.01x)
[TIMING] stream_chunk[experiment-2cedb57c844049e4b3e4de40cd4c845c](live_neural): decode=0.1ms, inference=19.1ms, second_pass=0.0ms, contention=0.0ms, TOTAL=19.3ms | audio=600ms, RTF=0.03x | model=enhanced_mel, neural_total=18.5ms, model_inference=11.5ms
[TIMING] EnhancedMel.transcribe: audio_to_gpu=0.2ms, features=0.4ms, model=12.5ms, decode=5.4ms | TOTAL=18.5ms for 3000ms audio (RTF=0.01x)
[TIMING] stream_chunk[experiment-2cedb57c844049e4b3e4de40cd4c845c](live_neural): decode=0.1ms, inference=21.0ms, second_pass=0.0ms, contention=0.0ms, TOTAL=21.3ms | audio=600ms, RTF=0.04x | model=enhanced_mel, neural_total=20.5ms, model_inference=12.5ms
[TIMING] EnhancedMel.transcribe: audio_to_gpu=0.3ms, features=0.6ms, model=21.2ms, decode=5.9ms | TOTAL=28.1ms for 3000ms audio (RTF=0.01x)
[TIMING] stream_chunk[experiment-2cedb57c844049e4b3e4de40cd4c845c](live_neural): decode=0.1ms, inference=30.5ms, second_pass=0.0ms, contention=0.0ms, TOTAL=30.8ms | audio=600ms, RTF=0.05x | model=enhanced_mel, neural_total=30.1ms, model_inference=21.2ms
[TIMING] EnhancedMel.transcribe: audio_to_gpu=0.2ms, features=0.5ms, model=12.4ms, decode=5.5ms | TOTAL=18.7ms for 3000ms audio (RTF=0.01x)
[TIMING] stream_chunk[experiment-2cedb57c844049e4b3e4de40cd4c845c](live_neural): decode=0.1ms, inference=21.4ms, second_pass=0.0ms, contention=0.0ms, TOTAL=21.7ms | audio=600ms, RTF=0.04x | model=enhanced_mel, neural_total=21.1ms, model_inference=12.4ms
[TIMING] EnhancedMel.transcribe: audio_to_gpu=0.3ms, features=0.6ms, model=12.6ms, decode=5.6ms | TOTAL=19.1ms for 3000ms audio (RTF=0.01x)
[TIMING] stream_chunk[experiment-2cedb57c844049e4b3e4de40cd4c845c](live_neural): decode=0.1ms, inference=22.6ms, second_pass=0.0ms, contention=0.0ms, TOTAL=23.1ms | audio=600ms, RTF=0.04x | model=enhanced_mel, neural_total=22.1ms, model_inference=12.6ms
[TIMING] EnhancedMel.transcribe: audio_to_gpu=1.3ms, features=0.5ms, model=12.5ms, decode=6.5ms | TOTAL=20.9ms for 3000ms audio (RTF=0.01x)
[TIMING] stream_chunk[experiment-2cedb57c844049e4b3e4de40cd4c845c](live_neural): decode=0.1ms, inference=24.4ms, second_pass=0.0ms, contention=0.0ms, TOTAL=24.7ms | audio=600ms, RTF=0.04x | model=enhanced_mel, neural_total=23.9ms, model_inference=12.5ms
[TIMING] EnhancedMel.transcribe: audio_to_gpu=0.3ms, features=0.5ms, model=12.6ms, decode=5.5ms | TOTAL=19.0ms for 3000ms audio (RTF=0.01x)
[TIMING] stream_chunk[experiment-2cedb57c844049e4b3e4de40cd4c845c](live_neural): decode=0.1ms, inference=22.0ms, second_pass=0.0ms, contention=0.0ms, TOTAL=22.3ms | audio=600ms, RTF=0.04x | model=enhanced_mel, neural_total=21.6ms, model_inference=12.6ms
[TIMING] EnhancedMel.transcribe: audio_to_gpu=0.3ms, features=0.7ms, model=10.8ms, decode=1.3ms | TOTAL=13.0ms for 600ms audio (RTF=0.02x)
[TIMING] stream_chunk[experiment-b2d291987d4343698ca6b9d244f084d9](live_neural): decode=0.1ms, inference=15.9ms, second_pass=0.0ms, contention=0.0ms, TOTAL=16.1ms | audio=600ms, RTF=0.03x | model=enhanced_mel, neural_total=15.5ms, model_inference=10.8ms
[TIMING] EnhancedMel.transcribe: audio_to_gpu=0.1ms, features=0.4ms, model=9.8ms, decode=3.0ms | TOTAL=13.4ms for 1200ms audio (RTF=0.01x)
[TIMING] stream_chunk[experiment-b2d291987d4343698ca6b9d244f084d9](live_neural): decode=0.2ms, inference=15.1ms, second_pass=0.0ms, contention=0.0ms, TOTAL=15.4ms | audio=600ms, RTF=0.03x | model=enhanced_mel, neural_total=14.8ms, model_inference=9.8ms
[TIMING] EnhancedMel.transcribe: audio_to_gpu=0.1ms, features=0.4ms, model=10.8ms, decode=3.4ms | TOTAL=14.7ms for 1800ms audio (RTF=0.01x)
[TIMING] stream_chunk[experiment-b2d291987d4343698ca6b9d244f084d9](live_neural): decode=0.1ms, inference=17.1ms, second_pass=0.0ms, contention=0.0ms, TOTAL=17.3ms | audio=600ms, RTF=0.03x | model=enhanced_mel, neural_total=16.7ms, model_inference=10.8ms
[TIMING] EnhancedMel.transcribe: audio_to_gpu=0.1ms, features=0.4ms, model=10.9ms, decode=4.5ms | TOTAL=15.9ms for 2400ms audio (RTF=0.01x)
[TIMING] stream_chunk[experiment-b2d291987d4343698ca6b9d244f084d9](live_neural): decode=0.1ms, inference=18.0ms, second_pass=0.0ms, contention=0.0ms, TOTAL=18.3ms | audio=600ms, RTF=0.03x | model=enhanced_mel, neural_total=17.6ms, model_inference=10.9ms
[TIMING] EnhancedMel.transcribe: audio_to_gpu=0.4ms, features=0.4ms, model=12.0ms, decode=6.0ms | TOTAL=18.8ms for 3000ms audio (RTF=0.01x)
[TIMING] stream_chunk[experiment-b2d291987d4343698ca6b9d244f084d9](live_neural): decode=0.1ms, inference=22.2ms, second_pass=0.0ms, contention=0.0ms, TOTAL=22.6ms | audio=600ms, RTF=0.04x | model=enhanced_mel, neural_total=21.8ms, model_inference=12.0ms
[TIMING] EnhancedMel.transcribe: audio_to_gpu=0.4ms, features=0.5ms, model=12.0ms, decode=6.2ms | TOTAL=19.1ms for 3000ms audio (RTF=0.01x)
[TIMING] stream_chunk[experiment-b2d291987d4343698ca6b9d244f084d9](live_neural): decode=0.1ms, inference=23.0ms, second_pass=0.0ms, contention=0.0ms, TOTAL=23.2ms | audio=600ms, RTF=0.04x | model=enhanced_mel, neural_total=22.5ms, model_inference=12.0ms
[TIMING] EnhancedMel.transcribe: audio_to_gpu=0.2ms, features=0.6ms, model=12.6ms, decode=6.1ms | TOTAL=19.4ms for 3000ms audio (RTF=0.01x)
[TIMING] stream_chunk[experiment-b2d291987d4343698ca6b9d244f084d9](live_neural): decode=0.1ms, inference=21.7ms, second_pass=0.0ms, contention=0.0ms, TOTAL=22.1ms | audio=600ms, RTF=0.04x | model=enhanced_mel, neural_total=21.3ms, model_inference=12.6ms
[TIMING] EnhancedMel.transcribe: audio_to_gpu=0.4ms, features=0.6ms, model=12.2ms, decode=5.7ms | TOTAL=18.9ms for 3000ms audio (RTF=0.01x)
[TIMING] stream_chunk[experiment-b2d291987d4343698ca6b9d244f084d9](live_neural): decode=0.1ms, inference=22.5ms, second_pass=0.0ms, contention=0.0ms, TOTAL=22.8ms | audio=600ms, RTF=0.04x | model=enhanced_mel, neural_total=21.9ms, model_inference=12.2ms
[TIMING] EnhancedMel.transcribe: audio_to_gpu=0.4ms, features=0.5ms, model=12.5ms, decode=6.7ms | TOTAL=20.1ms for 3000ms audio (RTF=0.01x)
[TIMING] stream_chunk[experiment-b2d291987d4343698ca6b9d244f084d9](live_neural): decode=0.1ms, inference=22.7ms, second_pass=0.0ms, contention=0.0ms, TOTAL=23.1ms | audio=600ms, RTF=0.04x | model=enhanced_mel, neural_total=22.3ms, model_inference=12.5ms
[TIMING] EnhancedMel.transcribe: audio_to_gpu=0.3ms, features=0.5ms, model=12.1ms, decode=5.7ms | TOTAL=18.6ms for 3000ms audio (RTF=0.01x)
[TIMING] stream_chunk[experiment-b2d291987d4343698ca6b9d244f084d9](live_neural): decode=0.2ms, inference=21.3ms, second_pass=0.0ms, contention=0.0ms, TOTAL=21.7ms | audio=600ms, RTF=0.04x | model=enhanced_mel, neural_total=20.9ms, model_inference=12.1ms

[CLIP_025] Jardins sous la pluie from Estampes
  excerpt: start=78.00s end=84.00s duration=6.00s gt_notes=111 rms=0.1094 peak=0.6345 crest=5.802 rms_std=0.0496
    control:
      note metrics: precision=0.936 recall=0.928 f1=0.932 matched=103/111 pred=110
      strict onset f1: 10ms=0.796 20ms=0.932 30ms=0.932
      timing metrics: offset_f1=0.869 rhythm_precision=0.932 note_value_acc=0.408 note_value_n=103 avg_beat_error=0.075
      duplicate metrics: duplicates=3 per_100_notes=2.73
      boundary metrics: gt=35 matched=30 missed=5 miss_rate=0.143
      latency: avg_chunk_ms=21.12 p95_chunk_ms=28.05 avg_rtf=0.035
      notation metrics: first_correct_ms=33.9 visible_p50_ms=399.2 visible_p95_ms=608.9 stabilize_p50_ms=908.6 stabilize_p95_ms=1645.5 avg_revisions=1.10 matched=77 refined=77 snapshots=21
      algorithmic latency: first_correct_ms=14.3 visible_p50_ms=376.0 visible_p95_ms=592.0 stabilize_p50_ms=466.9 stabilize_p95_ms=1203.2
      final display note metrics: precision=0.963 recall=0.928 f1=0.945 matched=103/111 pred=107
      final display strict onset f1: 10ms=0.807 20ms=0.945 30ms=0.945
      final display timing: offset_f1=0.881 rhythm_precision=0.932 note_value_acc=0.126 note_value_n=103 avg_beat_error=0.111
      final display structure: cluster_f1=0.748 onset_align_recall=0.971 avg_jaccard=0.888 exact=52/70 pred=69 over=6 under=9 pitch_conflicts=1 missed_gt=2
      threshold profiles: hit_rate=0.000 thresholds=[0.7] profiles={'fixed_baseline': 10}
    treatment:
      note metrics: precision=0.936 recall=0.928 f1=0.932 matched=103/111 pred=110
      strict onset f1: 10ms=0.796 20ms=0.932 30ms=0.932
      timing metrics: offset_f1=0.869 rhythm_precision=0.932 note_value_acc=0.408 note_value_n=103 avg_beat_error=0.075
      duplicate metrics: duplicates=3 per_100_notes=2.73
      boundary metrics: gt=35 matched=30 missed=5 miss_rate=0.143
      latency: avg_chunk_ms=20.26 p95_chunk_ms=23.16 avg_rtf=0.034
      notation metrics: first_correct_ms=32.9 visible_p50_ms=399.0 visible_p95_ms=608.7 stabilize_p50_ms=909.3 stabilize_p95_ms=1646.3 avg_revisions=1.10 matched=77 refined=77 snapshots=21
      algorithmic latency: first_correct_ms=14.3 visible_p50_ms=376.0 visible_p95_ms=592.0 stabilize_p50_ms=466.9 stabilize_p95_ms=1203.2
      final display note metrics: precision=0.963 recall=0.928 f1=0.945 matched=103/111 pred=107
      final display strict onset f1: 10ms=0.807 20ms=0.945 30ms=0.945
      final display timing: offset_f1=0.881 rhythm_precision=0.932 note_value_acc=0.126 note_value_n=103 avg_beat_error=0.111
      final display structure: cluster_f1=0.748 onset_align_recall=0.971 avg_jaccard=0.888 exact=52/70 pred=69 over=6 under=9 pitch_conflicts=1 missed_gt=2
      threshold profiles: hit_rate=0.500 thresholds=[0.7, 0.72] profiles={'baseline_nominal': 5, 'loud_dense_precision': 5}
    delta treatment-control: precision=+0.000 recall=+0.000 f1=+0.000 offset_f1=+0.000 note_value_acc=+0.000 dup_per_100=+0.00 boundary_miss_rate=+0.000 p95_chunk_ms=-4.89 f1_10ms=+0.000 f1_20ms=+0.000 f1_30ms=+0.000 visible_p50_ms=-0.3 stabilize_p50_ms=+0.7 algo_visible_p50_ms=+0.0 algo_stabilize_p50_ms=+0.0 avg_revisions=+0.00 display_note_f1=+0.000 display_offset_f1=+0.000 display_cluster_f1=+0.000 display_cluster_jaccard=+0.000
    failure buckets: ['runtime_only_win', 'boundary_miss_failure', 'high_revision_slow_stabilization', 'note_value_offset_failure']
      boundary diagnostics: missed=5 by_arm={'control': 5, 'treatment': 5} tags={'control_boundary_miss': 5, 'no_control_coarse_candidate': 5}
        miss: pitch=77 onset=0.669s boundary_delta_ms=+69.3 control_coarse=False treatment_coarse=False retro=n/a
        miss: pitch=84 onset=2.951s boundary_delta_ms=-49.5 control_coarse=False treatment_coarse=False retro=n/a
        miss: pitch=84 onset=4.835s boundary_delta_ms=+34.6 control_coarse=False treatment_coarse=False retro=n/a
        ... 2 more missed boundary notes in diagnostics JSON
[TIMING] EnhancedMel.transcribe: audio_to_gpu=0.3ms, features=0.6ms, model=10.4ms, decode=1.4ms | TOTAL=12.7ms for 600ms audio (RTF=0.02x)
[TIMING] stream_chunk[experiment-4712548b5c8d43a9b3d97171feeca1b1](live_neural): decode=0.2ms, inference=14.5ms, second_pass=0.0ms, contention=0.0ms, TOTAL=14.7ms | audio=600ms, RTF=0.02x | model=enhanced_mel, neural_total=14.0ms, model_inference=10.4ms
[TIMING] EnhancedMel.transcribe: audio_to_gpu=0.2ms, features=0.7ms, model=21.8ms, decode=2.3ms | TOTAL=25.1ms for 1200ms audio (RTF=0.02x)
[TIMING] stream_chunk[experiment-4712548b5c8d43a9b3d97171feeca1b1](live_neural): decode=0.1ms, inference=27.0ms, second_pass=0.0ms, contention=0.0ms, TOTAL=27.3ms | audio=600ms, RTF=0.05x | model=enhanced_mel, neural_total=26.5ms, model_inference=21.8ms
[TIMING] EnhancedMel.transcribe: audio_to_gpu=0.3ms, features=0.7ms, model=18.1ms, decode=3.5ms | TOTAL=22.6ms for 1800ms audio (RTF=0.01x)
[TIMING] stream_chunk[experiment-4712548b5c8d43a9b3d97171feeca1b1](live_neural): decode=0.1ms, inference=24.6ms, second_pass=0.0ms, contention=0.0ms, TOTAL=24.9ms | audio=600ms, RTF=0.04x | model=enhanced_mel, neural_total=24.3ms, model_inference=18.1ms
[TIMING] EnhancedMel.transcribe: audio_to_gpu=0.4ms, features=0.5ms, model=12.3ms, decode=4.8ms | TOTAL=18.0ms for 2400ms audio (RTF=0.01x)
[TIMING] stream_chunk[experiment-4712548b5c8d43a9b3d97171feeca1b1](live_neural): decode=0.1ms, inference=20.7ms, second_pass=0.0ms, contention=0.0ms, TOTAL=21.0ms | audio=600ms, RTF=0.04x | model=enhanced_mel, neural_total=20.3ms, model_inference=12.3ms
[TIMING] EnhancedMel.transcribe: audio_to_gpu=0.2ms, features=0.5ms, model=12.3ms, decode=5.4ms | TOTAL=18.4ms for 3000ms audio (RTF=0.01x)
[TIMING] stream_chunk[experiment-4712548b5c8d43a9b3d97171feeca1b1](live_neural): decode=0.1ms, inference=21.0ms, second_pass=0.0ms, contention=0.0ms, TOTAL=21.6ms | audio=600ms, RTF=0.04x | model=enhanced_mel, neural_total=20.5ms, model_inference=12.3ms
[TIMING] EnhancedMel.transcribe: audio_to_gpu=0.4ms, features=0.6ms, model=12.4ms, decode=5.6ms | TOTAL=18.9ms for 3000ms audio (RTF=0.01x)
[TIMING] stream_chunk[experiment-4712548b5c8d43a9b3d97171feeca1b1](live_neural): decode=0.1ms, inference=21.3ms, second_pass=0.0ms, contention=0.0ms, TOTAL=21.6ms | audio=600ms, RTF=0.04x | model=enhanced_mel, neural_total=20.9ms, model_inference=12.4ms
[TIMING] EnhancedMel.transcribe: audio_to_gpu=0.2ms, features=0.4ms, model=13.8ms, decode=5.6ms | TOTAL=20.0ms for 3000ms audio (RTF=0.01x)
[TIMING] stream_chunk[experiment-4712548b5c8d43a9b3d97171feeca1b1](live_neural): decode=0.1ms, inference=23.3ms, second_pass=0.0ms, contention=0.0ms, TOTAL=23.6ms | audio=600ms, RTF=0.04x | model=enhanced_mel, neural_total=22.9ms, model_inference=13.8ms
[TIMING] EnhancedMel.transcribe: audio_to_gpu=0.3ms, features=0.5ms, model=12.1ms, decode=5.6ms | TOTAL=18.5ms for 3000ms audio (RTF=0.01x)
[TIMING] stream_chunk[experiment-4712548b5c8d43a9b3d97171feeca1b1](live_neural): decode=0.1ms, inference=21.6ms, second_pass=0.0ms, contention=0.0ms, TOTAL=22.0ms | audio=600ms, RTF=0.04x | model=enhanced_mel, neural_total=21.1ms, model_inference=12.1ms
[TIMING] EnhancedMel.transcribe: audio_to_gpu=0.2ms, features=0.5ms, model=11.6ms, decode=6.8ms | TOTAL=19.1ms for 3000ms audio (RTF=0.01x)
[TIMING] stream_chunk[experiment-4712548b5c8d43a9b3d97171feeca1b1](live_neural): decode=0.1ms, inference=22.2ms, second_pass=0.0ms, contention=0.0ms, TOTAL=22.5ms | audio=600ms, RTF=0.04x | model=enhanced_mel, neural_total=21.8ms, model_inference=11.6ms
[TIMING] EnhancedMel.transcribe: audio_to_gpu=0.4ms, features=0.6ms, model=12.9ms, decode=5.4ms | TOTAL=19.3ms for 3000ms audio (RTF=0.01x)
[TIMING] stream_chunk[experiment-4712548b5c8d43a9b3d97171feeca1b1](live_neural): decode=0.1ms, inference=21.9ms, second_pass=0.0ms, contention=0.0ms, TOTAL=22.2ms | audio=600ms, RTF=0.04x | model=enhanced_mel, neural_total=21.5ms, model_inference=12.9ms
[TIMING] EnhancedMel.transcribe: audio_to_gpu=0.3ms, features=0.5ms, model=10.0ms, decode=1.3ms | TOTAL=12.1ms for 600ms audio (RTF=0.02x)
[TIMING] stream_chunk[experiment-ba03796d99254696901b21ae00d51995](live_neural): decode=0.1ms, inference=13.6ms, second_pass=0.0ms, contention=0.0ms, TOTAL=13.8ms | audio=600ms, RTF=0.02x | model=enhanced_mel, neural_total=13.1ms, model_inference=10.0ms
[TIMING] EnhancedMel.transcribe: audio_to_gpu=0.1ms, features=0.4ms, model=10.7ms, decode=2.3ms | TOTAL=13.5ms for 1200ms audio (RTF=0.01x)
[TIMING] stream_chunk[experiment-ba03796d99254696901b21ae00d51995](live_neural): decode=0.1ms, inference=15.9ms, second_pass=0.0ms, contention=0.0ms, TOTAL=16.2ms | audio=600ms, RTF=0.03x | model=enhanced_mel, neural_total=15.6ms, model_inference=10.7ms
[TIMING] EnhancedMel.transcribe: audio_to_gpu=0.4ms, features=0.4ms, model=10.8ms, decode=4.9ms | TOTAL=16.5ms for 1800ms audio (RTF=0.01x)
[TIMING] stream_chunk[experiment-ba03796d99254696901b21ae00d51995](live_neural): decode=0.1ms, inference=18.5ms, second_pass=0.0ms, contention=0.0ms, TOTAL=18.7ms | audio=600ms, RTF=0.03x | model=enhanced_mel, neural_total=18.1ms, model_inference=10.8ms
[TIMING] EnhancedMel.transcribe: audio_to_gpu=0.1ms, features=0.5ms, model=11.7ms, decode=4.5ms | TOTAL=16.8ms for 2400ms audio (RTF=0.01x)
[TIMING] stream_chunk[experiment-ba03796d99254696901b21ae00d51995](live_neural): decode=0.1ms, inference=18.9ms, second_pass=0.0ms, contention=0.0ms, TOTAL=19.2ms | audio=600ms, RTF=0.03x | model=enhanced_mel, neural_total=18.5ms, model_inference=11.7ms
[TIMING] EnhancedMel.transcribe: audio_to_gpu=0.3ms, features=0.4ms, model=12.4ms, decode=5.5ms | TOTAL=18.7ms for 3000ms audio (RTF=0.01x)
[TIMING] stream_chunk[experiment-ba03796d99254696901b21ae00d51995](live_neural): decode=0.1ms, inference=21.0ms, second_pass=0.0ms, contention=0.0ms, TOTAL=21.3ms | audio=600ms, RTF=0.04x | model=enhanced_mel, neural_total=20.6ms, model_inference=12.4ms
[TIMING] EnhancedMel.transcribe: audio_to_gpu=0.4ms, features=0.7ms, model=21.2ms, decode=9.4ms | TOTAL=31.6ms for 3000ms audio (RTF=0.01x)
[TIMING] stream_chunk[experiment-ba03796d99254696901b21ae00d51995](live_neural): decode=0.1ms, inference=34.2ms, second_pass=0.0ms, contention=0.0ms, TOTAL=34.6ms | audio=600ms, RTF=0.06x | model=enhanced_mel, neural_total=33.7ms, model_inference=21.2ms
[TIMING] EnhancedMel.transcribe: audio_to_gpu=0.4ms, features=0.5ms, model=11.7ms, decode=5.5ms | TOTAL=18.1ms for 3000ms audio (RTF=0.01x)
[TIMING] stream_chunk[experiment-ba03796d99254696901b21ae00d51995](live_neural): decode=0.1ms, inference=20.5ms, second_pass=0.0ms, contention=0.0ms, TOTAL=20.8ms | audio=600ms, RTF=0.03x | model=enhanced_mel, neural_total=20.0ms, model_inference=11.7ms
[TIMING] EnhancedMel.transcribe: audio_to_gpu=0.2ms, features=0.5ms, model=11.8ms, decode=5.5ms | TOTAL=17.9ms for 3000ms audio (RTF=0.01x)
[TIMING] stream_chunk[experiment-ba03796d99254696901b21ae00d51995](live_neural): decode=0.1ms, inference=20.4ms, second_pass=0.0ms, contention=0.0ms, TOTAL=20.8ms | audio=600ms, RTF=0.03x | model=enhanced_mel, neural_total=19.8ms, model_inference=11.8ms
[TIMING] EnhancedMel.transcribe: audio_to_gpu=0.3ms, features=0.5ms, model=12.8ms, decode=5.6ms | TOTAL=19.1ms for 3000ms audio (RTF=0.01x)
[TIMING] stream_chunk[experiment-ba03796d99254696901b21ae00d51995](live_neural): decode=0.1ms, inference=22.6ms, second_pass=0.0ms, contention=0.0ms, TOTAL=22.9ms | audio=600ms, RTF=0.04x | model=enhanced_mel, neural_total=22.2ms, model_inference=12.8ms
[TIMING] EnhancedMel.transcribe: audio_to_gpu=0.3ms, features=0.5ms, model=12.4ms, decode=5.6ms | TOTAL=18.7ms for 3000ms audio (RTF=0.01x)
[TIMING] stream_chunk[experiment-ba03796d99254696901b21ae00d51995](live_neural): decode=0.1ms, inference=21.0ms, second_pass=0.0ms, contention=0.0ms, TOTAL=21.3ms | audio=600ms, RTF=0.04x | model=enhanced_mel, neural_total=20.6ms, model_inference=12.4ms

[CLIP_026] Concert Etude "Waldesrauschen"
  excerpt: start=12.00s end=18.00s duration=6.00s gt_notes=111 rms=0.0395 peak=0.1975 crest=5.006 rms_std=0.0126
    control:
      note metrics: precision=0.967 recall=0.802 f1=0.877 matched=89/111 pred=92
      strict onset f1: 10ms=0.759 20ms=0.877 30ms=0.877
      timing metrics: offset_f1=0.739 rhythm_precision=0.843 note_value_acc=0.303 note_value_n=89 avg_beat_error=0.162
      duplicate metrics: duplicates=0 per_100_notes=0.00
      boundary metrics: gt=41 matched=34 missed=7 miss_rate=0.171
      latency: avg_chunk_ms=22.14 p95_chunk_ms=26.21 avg_rtf=0.037
      notation metrics: first_correct_ms=45.6 visible_p50_ms=336.4 visible_p95_ms=603.3 stabilize_p50_ms=969.1 stabilize_p95_ms=1936.7 avg_revisions=1.26 matched=85 refined=85 snapshots=21
      algorithmic latency: first_correct_ms=23.4 visible_p50_ms=315.4 visible_p95_ms=579.5 stabilize_p50_ms=497.9 stabilize_p95_ms=1337.6
      final display note metrics: precision=0.967 recall=0.793 f1=0.871 matched=88/111 pred=91
      final display strict onset f1: 10ms=0.752 20ms=0.871 30ms=0.871
      final display timing: offset_f1=0.733 rhythm_precision=0.841 note_value_acc=0.102 note_value_n=88 avg_beat_error=0.188
      final display structure: cluster_f1=0.647 onset_align_recall=0.900 avg_jaccard=0.847 exact=43/70 pred=63 over=4 under=14 pitch_conflicts=2 missed_gt=7
      threshold profiles: hit_rate=0.000 thresholds=[0.7] profiles={'fixed_baseline': 10}
    treatment:
      note metrics: precision=0.957 recall=0.811 f1=0.878 matched=90/111 pred=94
      strict onset f1: 10ms=0.761 20ms=0.878 30ms=0.878
      timing metrics: offset_f1=0.741 rhythm_precision=0.844 note_value_acc=0.300 note_value_n=90 avg_beat_error=0.161
      duplicate metrics: duplicates=1 per_100_notes=1.06
      boundary metrics: gt=41 matched=35 missed=6 miss_rate=0.146
      latency: avg_chunk_ms=20.96 p95_chunk_ms=29.32 avg_rtf=0.035
      notation metrics: first_correct_ms=0.0 visible_p50_ms=331.8 visible_p95_ms=601.3 stabilize_p50_ms=932.1 stabilize_p95_ms=1755.9 avg_revisions=1.26 matched=86 refined=86 snapshots=21
      algorithmic latency: first_correct_ms=0.0 visible_p50_ms=305.3 visible_p95_ms=579.4 stabilize_p50_ms=449.5 stabilize_p95_ms=1047.5
      final display note metrics: precision=0.967 recall=0.802 f1=0.877 matched=89/111 pred=92
      final display strict onset f1: 10ms=0.749 20ms=0.867 30ms=0.867
      final display timing: offset_f1=0.739 rhythm_precision=0.843 note_value_acc=0.101 note_value_n=89 avg_beat_error=0.187
      final display structure: cluster_f1=0.657 onset_align_recall=0.914 avg_jaccard=0.849 exact=44/70 pred=64 over=4 under=14 pitch_conflicts=2 missed_gt=6
      threshold profiles: hit_rate=0.200 thresholds=[0.66, 0.7] profiles={'baseline_nominal': 8, 'soft_sparse_recall': 2}
    delta treatment-control: precision=-0.010 recall=+0.009 f1=+0.001 offset_f1=+0.003 note_value_acc=-0.003 dup_per_100=+1.06 boundary_miss_rate=-0.024 p95_chunk_ms=+3.11 f1_10ms=+0.002 f1_20ms=+0.001 f1_30ms=+0.001 visible_p50_ms=-4.6 stabilize_p50_ms=-37.0 algo_visible_p50_ms=-10.0 algo_stabilize_p50_ms=-48.4 avg_revisions=-0.00 display_note_f1=+0.006 display_offset_f1=+0.006 display_cluster_f1=+0.010 display_cluster_jaccard=+0.002
    failure buckets: ['boundary_miss_failure', 'high_revision_slow_stabilization', 'note_value_offset_failure']
      boundary diagnostics: missed=7 by_arm={'control': 7, 'treatment': 6} tags={'control_boundary_miss': 7, 'no_control_coarse_candidate': 7, 'treatment_recovers_boundary_note': 1}
        miss: pitch=80 onset=0.542s boundary_delta_ms=-58.3 control_coarse=False treatment_coarse=False retro=n/a
        miss: pitch=77 onset=0.562s boundary_delta_ms=-37.5 control_coarse=False treatment_coarse=False retro=n/a
        miss: pitch=77 onset=1.107s boundary_delta_ms=-93.2 control_coarse=False treatment_coarse=True retro=n/a
        ... 4 more missed boundary notes in diagnostics JSON
[TIMING] EnhancedMel.transcribe: audio_to_gpu=0.3ms, features=0.5ms, model=11.2ms, decode=1.3ms | TOTAL=13.5ms for 600ms audio (RTF=0.02x)
[TIMING] stream_chunk[experiment-1a83cac481a747508ecb034c713c6639](live_neural): decode=0.1ms, inference=15.1ms, second_pass=0.0ms, contention=0.0ms, TOTAL=15.3ms | audio=600ms, RTF=0.03x | model=enhanced_mel, neural_total=14.6ms, model_inference=11.2ms
[TIMING] EnhancedMel.transcribe: audio_to_gpu=0.1ms, features=0.3ms, model=10.2ms, decode=2.4ms | TOTAL=13.0ms for 1200ms audio (RTF=0.01x)
[TIMING] stream_chunk[experiment-1a83cac481a747508ecb034c713c6639](live_neural): decode=0.1ms, inference=14.7ms, second_pass=0.0ms, contention=0.0ms, TOTAL=15.0ms | audio=600ms, RTF=0.02x | model=enhanced_mel, neural_total=14.3ms, model_inference=10.2ms
[TIMING] EnhancedMel.transcribe: audio_to_gpu=0.1ms, features=0.4ms, model=11.4ms, decode=3.5ms | TOTAL=15.4ms for 1800ms audio (RTF=0.01x)
[TIMING] stream_chunk[experiment-1a83cac481a747508ecb034c713c6639](live_neural): decode=0.1ms, inference=18.3ms, second_pass=0.0ms, contention=0.0ms, TOTAL=18.6ms | audio=600ms, RTF=0.03x | model=enhanced_mel, neural_total=17.8ms, model_inference=11.4ms
[TIMING] EnhancedMel.transcribe: audio_to_gpu=0.4ms, features=0.5ms, model=11.6ms, decode=4.7ms | TOTAL=17.1ms for 2400ms audio (RTF=0.01x)
[TIMING] stream_chunk[experiment-1a83cac481a747508ecb034c713c6639](live_neural): decode=0.1ms, inference=20.4ms, second_pass=0.0ms, contention=0.0ms, TOTAL=20.7ms | audio=600ms, RTF=0.03x | model=enhanced_mel, neural_total=20.1ms, model_inference=11.6ms
[TIMING] EnhancedMel.transcribe: audio_to_gpu=0.4ms, features=0.7ms, model=20.8ms, decode=6.0ms | TOTAL=27.9ms for 3000ms audio (RTF=0.01x)
[TIMING] stream_chunk[experiment-1a83cac481a747508ecb034c713c6639](live_neural): decode=0.1ms, inference=30.4ms, second_pass=0.0ms, contention=0.0ms, TOTAL=30.7ms | audio=600ms, RTF=0.05x | model=enhanced_mel, neural_total=29.9ms, model_inference=20.8ms
[TIMING] EnhancedMel.transcribe: audio_to_gpu=0.3ms, features=0.5ms, model=12.2ms, decode=5.5ms | TOTAL=18.5ms for 3000ms audio (RTF=0.01x)
[TIMING] stream_chunk[experiment-1a83cac481a747508ecb034c713c6639](live_neural): decode=0.1ms, inference=20.9ms, second_pass=0.0ms, contention=0.0ms, TOTAL=21.2ms | audio=600ms, RTF=0.04x | model=enhanced_mel, neural_total=20.5ms, model_inference=12.2ms
[TIMING] EnhancedMel.transcribe: audio_to_gpu=0.2ms, features=0.4ms, model=11.8ms, decode=5.5ms | TOTAL=18.0ms for 3000ms audio (RTF=0.01x)
[TIMING] stream_chunk[experiment-1a83cac481a747508ecb034c713c6639](live_neural): decode=0.1ms, inference=20.4ms, second_pass=0.0ms, contention=0.0ms, TOTAL=20.7ms | audio=600ms, RTF=0.03x | model=enhanced_mel, neural_total=20.1ms, model_inference=11.8ms
[TIMING] EnhancedMel.transcribe: audio_to_gpu=0.2ms, features=0.4ms, model=13.8ms, decode=6.6ms | TOTAL=21.0ms for 3000ms audio (RTF=0.01x)
[TIMING] stream_chunk[experiment-1a83cac481a747508ecb034c713c6639](live_neural): decode=0.1ms, inference=23.9ms, second_pass=0.0ms, contention=0.0ms, TOTAL=24.2ms | audio=600ms, RTF=0.04x | model=enhanced_mel, neural_total=23.4ms, model_inference=13.8ms
[TIMING] EnhancedMel.transcribe: audio_to_gpu=0.3ms, features=0.5ms, model=13.0ms, decode=5.8ms | TOTAL=19.5ms for 3000ms audio (RTF=0.01x)
[TIMING] stream_chunk[experiment-1a83cac481a747508ecb034c713c6639](live_neural): decode=0.1ms, inference=21.8ms, second_pass=0.0ms, contention=0.0ms, TOTAL=22.5ms | audio=600ms, RTF=0.04x | model=enhanced_mel, neural_total=21.5ms, model_inference=13.0ms
[TIMING] EnhancedMel.transcribe: audio_to_gpu=0.4ms, features=0.5ms, model=13.2ms, decode=5.7ms | TOTAL=19.7ms for 3000ms audio (RTF=0.01x)
[TIMING] stream_chunk[experiment-1a83cac481a747508ecb034c713c6639](live_neural): decode=0.2ms, inference=22.3ms, second_pass=0.0ms, contention=0.0ms, TOTAL=22.7ms | audio=600ms, RTF=0.04x | model=enhanced_mel, neural_total=21.9ms, model_inference=13.2ms
[TIMING] EnhancedMel.transcribe: audio_to_gpu=0.4ms, features=0.6ms, model=9.9ms, decode=1.4ms | TOTAL=12.2ms for 600ms audio (RTF=0.02x)
[TIMING] stream_chunk[experiment-ddd1adb71c424062a7bb06628344d27f](live_neural): decode=0.1ms, inference=14.5ms, second_pass=0.0ms, contention=0.0ms, TOTAL=14.7ms | audio=600ms, RTF=0.02x | model=enhanced_mel, neural_total=14.0ms, model_inference=9.9ms
[TIMING] EnhancedMel.transcribe: audio_to_gpu=0.4ms, features=0.5ms, model=9.9ms, decode=2.4ms | TOTAL=13.2ms for 1200ms audio (RTF=0.01x)
[TIMING] stream_chunk[experiment-ddd1adb71c424062a7bb06628344d27f](live_neural): decode=0.1ms, inference=16.0ms, second_pass=0.0ms, contention=0.0ms, TOTAL=16.2ms | audio=600ms, RTF=0.03x | model=enhanced_mel, neural_total=15.6ms, model_inference=9.9ms
[TIMING] EnhancedMel.transcribe: audio_to_gpu=0.6ms, features=0.7ms, model=16.8ms, decode=3.5ms | TOTAL=21.6ms for 1800ms audio (RTF=0.01x)
[TIMING] stream_chunk[experiment-ddd1adb71c424062a7bb06628344d27f](live_neural): decode=0.1ms, inference=23.7ms, second_pass=0.0ms, contention=0.0ms, TOTAL=24.0ms | audio=600ms, RTF=0.04x | model=enhanced_mel, neural_total=23.4ms, model_inference=16.8ms
[TIMING] EnhancedMel.transcribe: audio_to_gpu=0.4ms, features=0.7ms, model=11.6ms, decode=5.2ms | TOTAL=17.9ms for 2400ms audio (RTF=0.01x)
[TIMING] stream_chunk[experiment-ddd1adb71c424062a7bb06628344d27f](live_neural): decode=0.1ms, inference=21.2ms, second_pass=0.0ms, contention=0.0ms, TOTAL=21.5ms | audio=600ms, RTF=0.04x | model=enhanced_mel, neural_total=20.9ms, model_inference=11.6ms
[TIMING] EnhancedMel.transcribe: audio_to_gpu=0.2ms, features=3.2ms, model=11.7ms, decode=5.5ms | TOTAL=20.7ms for 3000ms audio (RTF=0.01x)
[TIMING] stream_chunk[experiment-ddd1adb71c424062a7bb06628344d27f](live_neural): decode=0.1ms, inference=24.0ms, second_pass=0.0ms, contention=0.0ms, TOTAL=24.4ms | audio=600ms, RTF=0.04x | model=enhanced_mel, neural_total=23.5ms, model_inference=11.7ms
[TIMING] EnhancedMel.transcribe: audio_to_gpu=0.2ms, features=0.4ms, model=12.7ms, decode=5.7ms | TOTAL=19.1ms for 3000ms audio (RTF=0.01x)
[TIMING] stream_chunk[experiment-ddd1adb71c424062a7bb06628344d27f](live_neural): decode=0.1ms, inference=21.4ms, second_pass=0.0ms, contention=0.0ms, TOTAL=21.8ms | audio=600ms, RTF=0.04x | model=enhanced_mel, neural_total=21.0ms, model_inference=12.7ms
[TIMING] EnhancedMel.transcribe: audio_to_gpu=0.3ms, features=0.5ms, model=12.7ms, decode=5.6ms | TOTAL=19.2ms for 3000ms audio (RTF=0.01x)
[TIMING] stream_chunk[experiment-ddd1adb71c424062a7bb06628344d27f](live_neural): decode=0.1ms, inference=22.6ms, second_pass=0.0ms, contention=0.0ms, TOTAL=23.0ms | audio=600ms, RTF=0.04x | model=enhanced_mel, neural_total=22.2ms, model_inference=12.7ms
[TIMING] EnhancedMel.transcribe: audio_to_gpu=0.3ms, features=0.5ms, model=12.5ms, decode=5.6ms | TOTAL=19.0ms for 3000ms audio (RTF=0.01x)
[TIMING] stream_chunk[experiment-ddd1adb71c424062a7bb06628344d27f](live_neural): decode=0.1ms, inference=22.3ms, second_pass=0.0ms, contention=0.0ms, TOTAL=22.6ms | audio=600ms, RTF=0.04x | model=enhanced_mel, neural_total=21.9ms, model_inference=12.5ms
[TIMING] EnhancedMel.transcribe: audio_to_gpu=0.2ms, features=2.3ms, model=12.3ms, decode=5.7ms | TOTAL=20.4ms for 3000ms audio (RTF=0.01x)
[TIMING] stream_chunk[experiment-ddd1adb71c424062a7bb06628344d27f](live_neural): decode=0.1ms, inference=22.9ms, second_pass=0.0ms, contention=0.0ms, TOTAL=23.2ms | audio=600ms, RTF=0.04x | model=enhanced_mel, neural_total=22.4ms, model_inference=12.3ms
[TIMING] EnhancedMel.transcribe: audio_to_gpu=0.3ms, features=4.2ms, model=12.8ms, decode=5.8ms | TOTAL=23.1ms for 3000ms audio (RTF=0.01x)
[TIMING] stream_chunk[experiment-ddd1adb71c424062a7bb06628344d27f](live_neural): decode=0.1ms, inference=25.5ms, second_pass=0.0ms, contention=0.0ms, TOTAL=25.8ms | audio=600ms, RTF=0.04x | model=enhanced_mel, neural_total=25.0ms, model_inference=12.8ms

[CLIP_027] Sonata in D Major, K. 96 L. 465
  excerpt: start=9.00s end=15.00s duration=6.00s gt_notes=124 rms=0.0589 peak=0.3158 crest=5.362 rms_std=0.0197
    control:
      note metrics: precision=0.847 recall=0.895 f1=0.871 matched=111/124 pred=131
      strict onset f1: 10ms=0.784 20ms=0.871 30ms=0.871
      timing metrics: offset_f1=0.816 rhythm_precision=0.937 note_value_acc=0.640 note_value_n=111 avg_beat_error=0.075
      duplicate metrics: duplicates=17 per_100_notes=12.98
      boundary metrics: gt=43 matched=37 missed=6 miss_rate=0.140
      latency: avg_chunk_ms=21.15 p95_chunk_ms=27.77 avg_rtf=0.035
      notation metrics: first_correct_ms=39.8 visible_p50_ms=310.0 visible_p95_ms=599.3 stabilize_p50_ms=1444.6 stabilize_p95_ms=2520.2 avg_revisions=1.72 matched=43 refined=43 snapshots=19
      algorithmic latency: first_correct_ms=24.5 visible_p50_ms=291.1 visible_p95_ms=570.2 stabilize_p50_ms=1096.6 stabilize_p95_ms=2066.8
      final display note metrics: precision=0.972 recall=0.855 f1=0.910 matched=106/124 pred=109
      final display strict onset f1: 10ms=0.815 20ms=0.910 30ms=0.910
      final display timing: offset_f1=0.850 rhythm_precision=0.934 note_value_acc=0.245 note_value_n=106 avg_beat_error=0.181
      final display structure: cluster_f1=0.674 onset_align_recall=0.957 avg_jaccard=0.870 exact=31/47 pred=45 over=1 under=11 pitch_conflicts=2 missed_gt=2
      threshold profiles: hit_rate=0.000 thresholds=[0.7] profiles={'fixed_baseline': 10}
    treatment:
      note metrics: precision=0.847 recall=0.895 f1=0.871 matched=111/124 pred=131
      strict onset f1: 10ms=0.784 20ms=0.871 30ms=0.871
      timing metrics: offset_f1=0.816 rhythm_precision=0.937 note_value_acc=0.640 note_value_n=111 avg_beat_error=0.075
      duplicate metrics: duplicates=17 per_100_notes=12.98
      boundary metrics: gt=43 matched=37 missed=6 miss_rate=0.140
      latency: avg_chunk_ms=21.72 p95_chunk_ms=25.18 avg_rtf=0.036
      notation metrics: first_correct_ms=39.2 visible_p50_ms=310.6 visible_p95_ms=593.6 stabilize_p50_ms=1445.2 stabilize_p95_ms=2519.4 avg_revisions=1.72 matched=43 refined=43 snapshots=19
      algorithmic latency: first_correct_ms=24.5 visible_p50_ms=291.1 visible_p95_ms=570.2 stabilize_p50_ms=1096.6 stabilize_p95_ms=2066.8
      final display note metrics: precision=0.972 recall=0.855 f1=0.910 matched=106/124 pred=109
      final display strict onset f1: 10ms=0.815 20ms=0.910 30ms=0.910
      final display timing: offset_f1=0.850 rhythm_precision=0.934 note_value_acc=0.245 note_value_n=106 avg_beat_error=0.181
      final display structure: cluster_f1=0.674 onset_align_recall=0.957 avg_jaccard=0.870 exact=31/47 pred=45 over=1 under=11 pitch_conflicts=2 missed_gt=2
      threshold profiles: hit_rate=0.000 thresholds=[0.7] profiles={'baseline_nominal': 10}
    delta treatment-control: precision=+0.000 recall=+0.000 f1=+0.000 offset_f1=+0.000 note_value_acc=+0.000 dup_per_100=+0.00 boundary_miss_rate=+0.000 p95_chunk_ms=-2.59 f1_10ms=+0.000 f1_20ms=+0.000 f1_30ms=+0.000 visible_p50_ms=+0.6 stabilize_p50_ms=+0.6 algo_visible_p50_ms=+0.0 algo_stabilize_p50_ms=+0.0 avg_revisions=+0.00 display_note_f1=+0.000 display_offset_f1=+0.000 display_cluster_f1=+0.000 display_cluster_jaccard=+0.000
    failure buckets: ['runtime_only_win', 'boundary_miss_failure', 'high_revision_slow_stabilization']
      boundary diagnostics: missed=6 by_arm={'control': 6, 'treatment': 6} tags={'control_boundary_miss': 6, 'no_control_coarse_candidate': 6}
        miss: pitch=55 onset=0.630s boundary_delta_ms=+30.2 control_coarse=False treatment_coarse=False retro=n/a
        miss: pitch=74 onset=1.161s boundary_delta_ms=-38.5 control_coarse=False treatment_coarse=False retro=n/a
        miss: pitch=52 onset=2.367s boundary_delta_ms=-32.8 control_coarse=False treatment_coarse=False retro=n/a
        ... 3 more missed boundary notes in diagnostics JSON
[TIMING] EnhancedMel.transcribe: audio_to_gpu=2.8ms, features=0.5ms, model=10.2ms, decode=1.4ms | TOTAL=14.9ms for 600ms audio (RTF=0.02x)
[TIMING] stream_chunk[experiment-64188144c0ac4ccb93aa8da86233b25e](live_neural): decode=0.1ms, inference=17.2ms, second_pass=0.0ms, contention=0.0ms, TOTAL=17.4ms | audio=600ms, RTF=0.03x | model=enhanced_mel, neural_total=16.8ms, model_inference=10.2ms
[TIMING] EnhancedMel.transcribe: audio_to_gpu=0.2ms, features=0.3ms, model=10.5ms, decode=2.3ms | TOTAL=13.4ms for 1200ms audio (RTF=0.01x)
[TIMING] stream_chunk[experiment-64188144c0ac4ccb93aa8da86233b25e](live_neural): decode=0.1ms, inference=15.0ms, second_pass=0.0ms, contention=0.0ms, TOTAL=15.2ms | audio=600ms, RTF=0.03x | model=enhanced_mel, neural_total=14.6ms, model_inference=10.5ms
[TIMING] EnhancedMel.transcribe: audio_to_gpu=0.1ms, features=0.3ms, model=11.4ms, decode=3.5ms | TOTAL=15.4ms for 1800ms audio (RTF=0.01x)
[TIMING] stream_chunk[experiment-64188144c0ac4ccb93aa8da86233b25e](live_neural): decode=0.1ms, inference=17.5ms, second_pass=0.0ms, contention=0.0ms, TOTAL=17.7ms | audio=600ms, RTF=0.03x | model=enhanced_mel, neural_total=17.0ms, model_inference=11.4ms
[TIMING] EnhancedMel.transcribe: audio_to_gpu=0.2ms, features=4.1ms, model=11.7ms, decode=4.5ms | TOTAL=20.4ms for 2400ms audio (RTF=0.01x)
[TIMING] stream_chunk[experiment-64188144c0ac4ccb93aa8da86233b25e](live_neural): decode=0.1ms, inference=22.7ms, second_pass=0.0ms, contention=0.0ms, TOTAL=23.0ms | audio=600ms, RTF=0.04x | model=enhanced_mel, neural_total=22.4ms, model_inference=11.7ms
[TIMING] EnhancedMel.transcribe: audio_to_gpu=0.2ms, features=0.4ms, model=11.7ms, decode=5.5ms | TOTAL=17.8ms for 3000ms audio (RTF=0.01x)
[TIMING] stream_chunk[experiment-64188144c0ac4ccb93aa8da86233b25e](live_neural): decode=0.1ms, inference=20.1ms, second_pass=0.0ms, contention=0.0ms, TOTAL=20.4ms | audio=600ms, RTF=0.03x | model=enhanced_mel, neural_total=19.7ms, model_inference=11.7ms
[TIMING] EnhancedMel.transcribe: audio_to_gpu=0.2ms, features=0.5ms, model=12.1ms, decode=5.7ms | TOTAL=18.5ms for 3000ms audio (RTF=0.01x)
[TIMING] stream_chunk[experiment-64188144c0ac4ccb93aa8da86233b25e](live_neural): decode=0.1ms, inference=21.7ms, second_pass=0.0ms, contention=0.0ms, TOTAL=22.0ms | audio=600ms, RTF=0.04x | model=enhanced_mel, neural_total=21.4ms, model_inference=12.1ms
[TIMING] EnhancedMel.transcribe: audio_to_gpu=0.4ms, features=0.6ms, model=16.7ms, decode=5.9ms | TOTAL=23.6ms for 3000ms audio (RTF=0.01x)
[TIMING] stream_chunk[experiment-64188144c0ac4ccb93aa8da86233b25e](live_neural): decode=0.1ms, inference=26.0ms, second_pass=0.0ms, contention=0.0ms, TOTAL=26.4ms | audio=600ms, RTF=0.04x | model=enhanced_mel, neural_total=25.6ms, model_inference=16.7ms
[TIMING] EnhancedMel.transcribe: audio_to_gpu=0.3ms, features=2.9ms, model=11.7ms, decode=5.7ms | TOTAL=20.7ms for 3000ms audio (RTF=0.01x)
[TIMING] stream_chunk[experiment-64188144c0ac4ccb93aa8da86233b25e](live_neural): decode=0.1ms, inference=24.2ms, second_pass=0.0ms, contention=0.0ms, TOTAL=24.7ms | audio=600ms, RTF=0.04x | model=enhanced_mel, neural_total=23.8ms, model_inference=11.7ms
[TIMING] EnhancedMel.transcribe: audio_to_gpu=0.3ms, features=0.5ms, model=12.8ms, decode=6.9ms | TOTAL=20.5ms for 3000ms audio (RTF=0.01x)
[TIMING] stream_chunk[experiment-64188144c0ac4ccb93aa8da86233b25e](live_neural): decode=0.1ms, inference=23.5ms, second_pass=0.0ms, contention=0.0ms, TOTAL=23.8ms | audio=600ms, RTF=0.04x | model=enhanced_mel, neural_total=23.0ms, model_inference=12.8ms
[TIMING] EnhancedMel.transcribe: audio_to_gpu=0.3ms, features=0.7ms, model=11.6ms, decode=5.8ms | TOTAL=18.3ms for 3000ms audio (RTF=0.01x)
[TIMING] stream_chunk[experiment-64188144c0ac4ccb93aa8da86233b25e](live_neural): decode=0.2ms, inference=21.8ms, second_pass=0.0ms, contention=0.0ms, TOTAL=22.3ms | audio=600ms, RTF=0.04x | model=enhanced_mel, neural_total=21.5ms, model_inference=11.6ms
[TIMING] EnhancedMel.transcribe: audio_to_gpu=0.4ms, features=0.8ms, model=18.1ms, decode=1.3ms | TOTAL=20.6ms for 600ms audio (RTF=0.03x)
[TIMING] stream_chunk[experiment-464fa7ae74b849cab3207762b3749048](live_neural): decode=0.3ms, inference=22.6ms, second_pass=0.0ms, contention=0.0ms, TOTAL=23.0ms | audio=600ms, RTF=0.04x | model=enhanced_mel, neural_total=21.9ms, model_inference=18.1ms
[TIMING] EnhancedMel.transcribe: audio_to_gpu=0.1ms, features=2.2ms, model=10.3ms, decode=2.3ms | TOTAL=14.9ms for 1200ms audio (RTF=0.01x)
[TIMING] stream_chunk[experiment-464fa7ae74b849cab3207762b3749048](live_neural): decode=0.1ms, inference=17.4ms, second_pass=0.0ms, contention=0.0ms, TOTAL=17.6ms | audio=600ms, RTF=0.03x | model=enhanced_mel, neural_total=17.1ms, model_inference=10.3ms
[TIMING] EnhancedMel.transcribe: audio_to_gpu=0.2ms, features=0.5ms, model=25.5ms, decode=3.5ms | TOTAL=29.7ms for 1800ms audio (RTF=0.02x)
[TIMING] stream_chunk[experiment-464fa7ae74b849cab3207762b3749048](live_neural): decode=0.1ms, inference=31.7ms, second_pass=0.0ms, contention=0.0ms, TOTAL=31.9ms | audio=600ms, RTF=0.05x | model=enhanced_mel, neural_total=31.3ms, model_inference=25.5ms
[TIMING] EnhancedMel.transcribe: audio_to_gpu=0.3ms, features=0.6ms, model=18.3ms, decode=4.5ms | TOTAL=23.7ms for 2400ms audio (RTF=0.01x)
[TIMING] stream_chunk[experiment-464fa7ae74b849cab3207762b3749048](live_neural): decode=0.3ms, inference=25.9ms, second_pass=0.0ms, contention=0.0ms, TOTAL=26.4ms | audio=600ms, RTF=0.04x | model=enhanced_mel, neural_total=25.5ms, model_inference=18.3ms
[TIMING] EnhancedMel.transcribe: audio_to_gpu=0.4ms, features=0.7ms, model=17.4ms, decode=5.6ms | TOTAL=24.0ms for 3000ms audio (RTF=0.01x)
[TIMING] stream_chunk[experiment-464fa7ae74b849cab3207762b3749048](live_neural): decode=0.2ms, inference=26.4ms, second_pass=0.0ms, contention=0.0ms, TOTAL=27.0ms | audio=600ms, RTF=0.04x | model=enhanced_mel, neural_total=26.0ms, model_inference=17.4ms
[TIMING] EnhancedMel.transcribe: audio_to_gpu=0.3ms, features=0.5ms, model=11.8ms, decode=5.7ms | TOTAL=18.3ms for 3000ms audio (RTF=0.01x)
[TIMING] stream_chunk[experiment-464fa7ae74b849cab3207762b3749048](live_neural): decode=0.1ms, inference=21.5ms, second_pass=0.0ms, contention=0.0ms, TOTAL=21.8ms | audio=600ms, RTF=0.04x | model=enhanced_mel, neural_total=21.2ms, model_inference=11.8ms
[TIMING] EnhancedMel.transcribe: audio_to_gpu=0.3ms, features=0.5ms, model=11.8ms, decode=5.8ms | TOTAL=18.4ms for 3000ms audio (RTF=0.01x)
[TIMING] stream_chunk[experiment-464fa7ae74b849cab3207762b3749048](live_neural): decode=0.1ms, inference=20.8ms, second_pass=0.0ms, contention=0.0ms, TOTAL=21.2ms | audio=600ms, RTF=0.04x | model=enhanced_mel, neural_total=20.5ms, model_inference=11.8ms
[TIMING] EnhancedMel.transcribe: audio_to_gpu=0.4ms, features=0.5ms, model=12.0ms, decode=5.8ms | TOTAL=18.8ms for 3000ms audio (RTF=0.01x)
[TIMING] stream_chunk[experiment-464fa7ae74b849cab3207762b3749048](live_neural): decode=0.1ms, inference=21.4ms, second_pass=0.0ms, contention=0.0ms, TOTAL=21.7ms | audio=600ms, RTF=0.04x | model=enhanced_mel, neural_total=21.1ms, model_inference=12.0ms
[TIMING] EnhancedMel.transcribe: audio_to_gpu=0.3ms, features=0.5ms, model=11.9ms, decode=6.5ms | TOTAL=19.2ms for 3000ms audio (RTF=0.01x)
[TIMING] stream_chunk[experiment-464fa7ae74b849cab3207762b3749048](live_neural): decode=0.1ms, inference=22.5ms, second_pass=0.0ms, contention=0.0ms, TOTAL=22.9ms | audio=600ms, RTF=0.04x | model=enhanced_mel, neural_total=22.1ms, model_inference=11.9ms
[TIMING] EnhancedMel.transcribe: audio_to_gpu=0.3ms, features=0.5ms, model=11.9ms, decode=5.8ms | TOTAL=18.5ms for 3000ms audio (RTF=0.01x)
[TIMING] stream_chunk[experiment-464fa7ae74b849cab3207762b3749048](live_neural): decode=0.3ms, inference=21.2ms, second_pass=0.0ms, contention=0.0ms, TOTAL=21.8ms | audio=600ms, RTF=0.04x | model=enhanced_mel, neural_total=20.8ms, model_inference=11.9ms

[CLIP_028] Etude No. 7 "Study in Chromatic Steps"
  excerpt: start=84.00s end=90.00s duration=6.00s gt_notes=131 rms=0.0495 peak=0.4230 crest=8.542 rms_std=0.0249
    control:
      note metrics: precision=0.947 recall=0.954 f1=0.951 matched=125/131 pred=132
      strict onset f1: 10ms=0.738 20ms=0.943 30ms=0.951
      timing metrics: offset_f1=0.943 rhythm_precision=0.992 note_value_acc=0.704 note_value_n=125 avg_beat_error=0.032
      duplicate metrics: duplicates=5 per_100_notes=3.79
      boundary metrics: gt=37 matched=34 missed=3 miss_rate=0.081
      latency: avg_chunk_ms=21.29 p95_chunk_ms=25.62 avg_rtf=0.035
      notation metrics: first_correct_ms=37.1 visible_p50_ms=324.1 visible_p95_ms=599.5 stabilize_p50_ms=1239.4 stabilize_p95_ms=2049.6 avg_revisions=1.83 matched=103 refined=103 snapshots=20
      algorithmic latency: first_correct_ms=21.9 visible_p50_ms=302.1 visible_p95_ms=577.3 stabilize_p50_ms=1061.5 stabilize_p95_ms=1954.0
      final display note metrics: precision=0.984 recall=0.954 f1=0.969 matched=125/131 pred=127
      final display strict onset f1: 10ms=0.736 20ms=0.961 30ms=0.969
      final display timing: offset_f1=0.961 rhythm_precision=0.992 note_value_acc=0.112 note_value_n=125 avg_beat_error=0.067
      final display structure: cluster_f1=0.821 onset_align_recall=1.000 avg_jaccard=0.925 exact=55/67 pred=67 over=4 under=8 pitch_conflicts=0 missed_gt=0
      threshold profiles: hit_rate=0.000 thresholds=[0.7] profiles={'fixed_baseline': 10}
    treatment:
      note metrics: precision=0.947 recall=0.954 f1=0.951 matched=125/131 pred=132
      strict onset f1: 10ms=0.738 20ms=0.943 30ms=0.951
      timing metrics: offset_f1=0.943 rhythm_precision=0.992 note_value_acc=0.704 note_value_n=125 avg_beat_error=0.032
      duplicate metrics: duplicates=5 per_100_notes=3.79
      boundary metrics: gt=37 matched=34 missed=3 miss_rate=0.081
      latency: avg_chunk_ms=23.52 p95_chunk_ms=29.67 avg_rtf=0.039
      notation metrics: first_correct_ms=39.5 visible_p50_ms=321.7 visible_p95_ms=599.2 stabilize_p50_ms=1239.5 stabilize_p95_ms=2047.8 avg_revisions=1.83 matched=103 refined=103 snapshots=20
      algorithmic latency: first_correct_ms=21.9 visible_p50_ms=302.1 visible_p95_ms=577.3 stabilize_p50_ms=1061.5 stabilize_p95_ms=1954.0
      final display note metrics: precision=0.984 recall=0.954 f1=0.969 matched=125/131 pred=127
      final display strict onset f1: 10ms=0.736 20ms=0.961 30ms=0.969
      final display timing: offset_f1=0.961 rhythm_precision=0.992 note_value_acc=0.112 note_value_n=125 avg_beat_error=0.067
      final display structure: cluster_f1=0.821 onset_align_recall=1.000 avg_jaccard=0.925 exact=55/67 pred=67 over=4 under=8 pitch_conflicts=0 missed_gt=0
      threshold profiles: hit_rate=0.100 thresholds=[0.7, 0.72] profiles={'baseline_nominal': 9, 'loud_dense_precision': 1}
    delta treatment-control: precision=+0.000 recall=+0.000 f1=+0.000 offset_f1=+0.000 note_value_acc=+0.000 dup_per_100=+0.00 boundary_miss_rate=+0.000 p95_chunk_ms=+4.05 f1_10ms=+0.000 f1_20ms=+0.000 f1_30ms=+0.000 visible_p50_ms=-2.3 stabilize_p50_ms=+0.1 algo_visible_p50_ms=+0.0 algo_stabilize_p50_ms=+0.0 avg_revisions=+0.00 display_note_f1=+0.000 display_offset_f1=+0.000 display_cluster_f1=+0.000 display_cluster_jaccard=+0.000
    failure buckets: ['boundary_miss_failure', 'high_revision_slow_stabilization']
      boundary diagnostics: missed=3 by_arm={'control': 3, 'treatment': 3} tags={'control_boundary_miss': 3, 'no_control_coarse_candidate': 3}
        miss: pitch=76 onset=1.101s boundary_delta_ms=-99.0 control_coarse=False treatment_coarse=False retro=n/a
        miss: pitch=78 onset=2.459s boundary_delta_ms=+59.4 control_coarse=False treatment_coarse=False retro=n/a
        miss: pitch=76 onset=4.205s boundary_delta_ms=+5.2 control_coarse=False treatment_coarse=False retro=n/a
[TIMING] EnhancedMel.transcribe: audio_to_gpu=0.5ms, features=0.6ms, model=10.3ms, decode=1.3ms | TOTAL=12.6ms for 600ms audio (RTF=0.02x)
[TIMING] stream_chunk[experiment-4cfc25d856374ef4ba2c674328237d48](live_neural): decode=0.1ms, inference=14.1ms, second_pass=0.0ms, contention=0.0ms, TOTAL=14.3ms | audio=600ms, RTF=0.02x | model=enhanced_mel, neural_total=13.7ms, model_inference=10.3ms
[TIMING] EnhancedMel.transcribe: audio_to_gpu=0.1ms, features=0.4ms, model=10.0ms, decode=2.3ms | TOTAL=12.7ms for 1200ms audio (RTF=0.01x)
[TIMING] stream_chunk[experiment-4cfc25d856374ef4ba2c674328237d48](live_neural): decode=0.2ms, inference=15.0ms, second_pass=0.0ms, contention=0.0ms, TOTAL=15.4ms | audio=600ms, RTF=0.03x | model=enhanced_mel, neural_total=14.7ms, model_inference=10.0ms
[TIMING] EnhancedMel.transcribe: audio_to_gpu=0.1ms, features=4.4ms, model=11.6ms, decode=3.8ms | TOTAL=19.8ms for 1800ms audio (RTF=0.01x)
[TIMING] stream_chunk[experiment-4cfc25d856374ef4ba2c674328237d48](live_neural): decode=0.1ms, inference=22.6ms, second_pass=0.0ms, contention=0.0ms, TOTAL=22.8ms | audio=600ms, RTF=0.04x | model=enhanced_mel, neural_total=22.2ms, model_inference=11.6ms
[TIMING] EnhancedMel.transcribe: audio_to_gpu=0.3ms, features=0.4ms, model=11.2ms, decode=4.5ms | TOTAL=16.5ms for 2400ms audio (RTF=0.01x)
[TIMING] stream_chunk[experiment-4cfc25d856374ef4ba2c674328237d48](live_neural): decode=0.2ms, inference=18.9ms, second_pass=0.0ms, contention=0.0ms, TOTAL=19.2ms | audio=600ms, RTF=0.03x | model=enhanced_mel, neural_total=18.4ms, model_inference=11.2ms
[TIMING] EnhancedMel.transcribe: audio_to_gpu=0.3ms, features=0.5ms, model=12.0ms, decode=5.5ms | TOTAL=18.3ms for 3000ms audio (RTF=0.01x)
[TIMING] stream_chunk[experiment-4cfc25d856374ef4ba2c674328237d48](live_neural): decode=0.1ms, inference=21.4ms, second_pass=0.0ms, contention=0.0ms, TOTAL=21.7ms | audio=600ms, RTF=0.04x | model=enhanced_mel, neural_total=20.9ms, model_inference=12.0ms
[TIMING] EnhancedMel.transcribe: audio_to_gpu=0.2ms, features=0.5ms, model=12.9ms, decode=6.1ms | TOTAL=19.7ms for 3000ms audio (RTF=0.01x)
[TIMING] stream_chunk[experiment-4cfc25d856374ef4ba2c674328237d48](live_neural): decode=0.1ms, inference=22.3ms, second_pass=0.0ms, contention=0.0ms, TOTAL=22.6ms | audio=600ms, RTF=0.04x | model=enhanced_mel, neural_total=21.8ms, model_inference=12.9ms
[TIMING] EnhancedMel.transcribe: audio_to_gpu=0.2ms, features=0.6ms, model=12.6ms, decode=7.3ms | TOTAL=20.8ms for 3000ms audio (RTF=0.01x)
[TIMING] stream_chunk[experiment-4cfc25d856374ef4ba2c674328237d48](live_neural): decode=0.1ms, inference=24.2ms, second_pass=0.0ms, contention=0.0ms, TOTAL=24.5ms | audio=600ms, RTF=0.04x | model=enhanced_mel, neural_total=23.8ms, model_inference=12.6ms
[TIMING] EnhancedMel.transcribe: audio_to_gpu=0.2ms, features=1.6ms, model=12.4ms, decode=6.1ms | TOTAL=20.3ms for 3000ms audio (RTF=0.01x)
[TIMING] stream_chunk[experiment-4cfc25d856374ef4ba2c674328237d48](live_neural): decode=0.1ms, inference=22.6ms, second_pass=0.0ms, contention=0.0ms, TOTAL=22.9ms | audio=600ms, RTF=0.04x | model=enhanced_mel, neural_total=22.3ms, model_inference=12.4ms
[TIMING] EnhancedMel.transcribe: audio_to_gpu=0.4ms, features=0.5ms, model=12.1ms, decode=5.7ms | TOTAL=18.8ms for 3000ms audio (RTF=0.01x)
[TIMING] stream_chunk[experiment-4cfc25d856374ef4ba2c674328237d48](live_neural): decode=0.1ms, inference=22.0ms, second_pass=0.0ms, contention=0.0ms, TOTAL=22.3ms | audio=600ms, RTF=0.04x | model=enhanced_mel, neural_total=21.6ms, model_inference=12.1ms
[TIMING] EnhancedMel.transcribe: audio_to_gpu=0.2ms, features=0.5ms, model=13.1ms, decode=5.7ms | TOTAL=19.5ms for 3000ms audio (RTF=0.01x)
[TIMING] stream_chunk[experiment-4cfc25d856374ef4ba2c674328237d48](live_neural): decode=0.1ms, inference=21.8ms, second_pass=0.0ms, contention=0.0ms, TOTAL=22.1ms | audio=600ms, RTF=0.04x | model=enhanced_mel, neural_total=21.4ms, model_inference=13.1ms
[TIMING] EnhancedMel.transcribe: audio_to_gpu=2.4ms, features=0.5ms, model=12.3ms, decode=1.3ms | TOTAL=16.5ms for 600ms audio (RTF=0.03x)
[TIMING] stream_chunk[experiment-f13364cab9fd41cca63f4cde3f01bc01](live_neural): decode=0.1ms, inference=17.9ms, second_pass=0.0ms, contention=0.0ms, TOTAL=18.1ms | audio=600ms, RTF=0.03x | model=enhanced_mel, neural_total=17.6ms, model_inference=12.3ms
[TIMING] EnhancedMel.transcribe: audio_to_gpu=0.1ms, features=0.3ms, model=10.0ms, decode=2.4ms | TOTAL=12.9ms for 1200ms audio (RTF=0.01x)
[TIMING] stream_chunk[experiment-f13364cab9fd41cca63f4cde3f01bc01](live_neural): decode=0.1ms, inference=14.7ms, second_pass=0.0ms, contention=0.0ms, TOTAL=14.9ms | audio=600ms, RTF=0.02x | model=enhanced_mel, neural_total=14.3ms, model_inference=10.0ms
[TIMING] EnhancedMel.transcribe: audio_to_gpu=0.2ms, features=0.3ms, model=21.1ms, decode=3.5ms | TOTAL=25.1ms for 1800ms audio (RTF=0.01x)
[TIMING] stream_chunk[experiment-f13364cab9fd41cca63f4cde3f01bc01](live_neural): decode=0.1ms, inference=27.0ms, second_pass=0.0ms, contention=0.0ms, TOTAL=27.2ms | audio=600ms, RTF=0.05x | model=enhanced_mel, neural_total=26.6ms, model_inference=21.1ms
[TIMING] EnhancedMel.transcribe: audio_to_gpu=0.1ms, features=4.0ms, model=12.1ms, decode=5.2ms | TOTAL=21.5ms for 2400ms audio (RTF=0.01x)
[TIMING] stream_chunk[experiment-f13364cab9fd41cca63f4cde3f01bc01](live_neural): decode=0.1ms, inference=23.7ms, second_pass=0.0ms, contention=0.0ms, TOTAL=24.0ms | audio=600ms, RTF=0.04x | model=enhanced_mel, neural_total=23.3ms, model_inference=12.1ms
[TIMING] EnhancedMel.transcribe: audio_to_gpu=0.3ms, features=5.2ms, model=21.6ms, decode=5.6ms | TOTAL=32.7ms for 3000ms audio (RTF=0.01x)
[TIMING] stream_chunk[experiment-f13364cab9fd41cca63f4cde3f01bc01](live_neural): decode=0.1ms, inference=35.3ms, second_pass=0.0ms, contention=0.0ms, TOTAL=35.5ms | audio=600ms, RTF=0.06x | model=enhanced_mel, neural_total=34.8ms, model_inference=21.6ms
[TIMING] EnhancedMel.transcribe: audio_to_gpu=0.3ms, features=0.5ms, model=12.7ms, decode=5.6ms | TOTAL=19.0ms for 3000ms audio (RTF=0.01x)
[TIMING] stream_chunk[experiment-f13364cab9fd41cca63f4cde3f01bc01](live_neural): decode=0.1ms, inference=21.4ms, second_pass=0.0ms, contention=0.0ms, TOTAL=21.8ms | audio=600ms, RTF=0.04x | model=enhanced_mel, neural_total=21.0ms, model_inference=12.7ms
[TIMING] EnhancedMel.transcribe: audio_to_gpu=0.4ms, features=1.5ms, model=21.0ms, decode=7.2ms | TOTAL=30.1ms for 3000ms audio (RTF=0.01x)
[TIMING] stream_chunk[experiment-f13364cab9fd41cca63f4cde3f01bc01](live_neural): decode=0.1ms, inference=32.6ms, second_pass=0.0ms, contention=0.0ms, TOTAL=33.0ms | audio=600ms, RTF=0.05x | model=enhanced_mel, neural_total=32.1ms, model_inference=21.0ms
[TIMING] EnhancedMel.transcribe: audio_to_gpu=0.2ms, features=0.5ms, model=12.6ms, decode=6.6ms | TOTAL=20.0ms for 3000ms audio (RTF=0.01x)
[TIMING] stream_chunk[experiment-f13364cab9fd41cca63f4cde3f01bc01](live_neural): decode=0.1ms, inference=22.3ms, second_pass=0.0ms, contention=0.0ms, TOTAL=22.6ms | audio=600ms, RTF=0.04x | model=enhanced_mel, neural_total=21.9ms, model_inference=12.6ms
[TIMING] EnhancedMel.transcribe: audio_to_gpu=0.3ms, features=0.4ms, model=13.3ms, decode=5.6ms | TOTAL=19.6ms for 3000ms audio (RTF=0.01x)
[TIMING] stream_chunk[experiment-f13364cab9fd41cca63f4cde3f01bc01](live_neural): decode=0.1ms, inference=22.1ms, second_pass=0.0ms, contention=0.0ms, TOTAL=22.5ms | audio=600ms, RTF=0.04x | model=enhanced_mel, neural_total=21.6ms, model_inference=13.3ms
[TIMING] EnhancedMel.transcribe: audio_to_gpu=0.3ms, features=2.8ms, model=11.9ms, decode=8.5ms | TOTAL=23.5ms for 3000ms audio (RTF=0.01x)
[TIMING] stream_chunk[experiment-f13364cab9fd41cca63f4cde3f01bc01](live_neural): decode=0.3ms, inference=26.8ms, second_pass=0.0ms, contention=0.0ms, TOTAL=27.4ms | audio=600ms, RTF=0.05x | model=enhanced_mel, neural_total=26.4ms, model_inference=11.9ms

[CLIP_029] Concert Etude "Waldesrauschen"
  excerpt: start=42.00s end=48.00s duration=6.00s gt_notes=107 rms=0.0942 peak=0.4380 crest=4.650 rms_std=0.0186
    control:
      note metrics: precision=0.933 recall=0.916 f1=0.925 matched=98/107 pred=105
      strict onset f1: 10ms=0.811 20ms=0.915 30ms=0.925
      timing metrics: offset_f1=0.877 rhythm_precision=0.949 note_value_acc=0.204 note_value_n=98 avg_beat_error=0.107
      duplicate metrics: duplicates=2 per_100_notes=1.90
      boundary metrics: gt=34 matched=32 missed=2 miss_rate=0.059
      latency: avg_chunk_ms=20.78 p95_chunk_ms=23.81 avg_rtf=0.035
      notation metrics: first_correct_ms=38.2 visible_p50_ms=303.8 visible_p95_ms=571.6 stabilize_p50_ms=1411.9 stabilize_p95_ms=1945.4 avg_revisions=1.42 matched=57 refined=57 snapshots=20
      algorithmic latency: first_correct_ms=15.9 visible_p50_ms=284.4 visible_p95_ms=550.3 stabilize_p50_ms=1023.4 stabilize_p95_ms=1540.4
      final display note metrics: precision=0.942 recall=0.907 f1=0.924 matched=97/107 pred=103
      final display strict onset f1: 10ms=0.810 20ms=0.914 30ms=0.924
      final display timing: offset_f1=0.876 rhythm_precision=0.948 note_value_acc=0.258 note_value_n=97 avg_beat_error=0.129
      final display structure: cluster_f1=0.600 onset_align_recall=0.831 avg_jaccard=0.825 exact=33/59 pred=51 over=7 under=7 pitch_conflicts=2 missed_gt=10
      threshold profiles: hit_rate=0.000 thresholds=[0.7] profiles={'fixed_baseline': 10}
    treatment:
      note metrics: precision=0.933 recall=0.916 f1=0.925 matched=98/107 pred=105
      strict onset f1: 10ms=0.811 20ms=0.915 30ms=0.925
      timing metrics: offset_f1=0.877 rhythm_precision=0.949 note_value_acc=0.204 note_value_n=98 avg_beat_error=0.107
      duplicate metrics: duplicates=2 per_100_notes=1.90
      boundary metrics: gt=34 matched=32 missed=2 miss_rate=0.059
      latency: avg_chunk_ms=24.70 p95_chunk_ms=34.38 avg_rtf=0.041
      notation metrics: first_correct_ms=38.4 visible_p50_ms=304.3 visible_p95_ms=573.4 stabilize_p50_ms=1411.3 stabilize_p95_ms=1957.7 avg_revisions=1.42 matched=57 refined=57 snapshots=20
      algorithmic latency: first_correct_ms=15.9 visible_p50_ms=284.4 visible_p95_ms=550.3 stabilize_p50_ms=1023.4 stabilize_p95_ms=1540.4
      final display note metrics: precision=0.942 recall=0.907 f1=0.924 matched=97/107 pred=103
      final display strict onset f1: 10ms=0.810 20ms=0.914 30ms=0.924
      final display timing: offset_f1=0.876 rhythm_precision=0.948 note_value_acc=0.258 note_value_n=97 avg_beat_error=0.129
      final display structure: cluster_f1=0.600 onset_align_recall=0.831 avg_jaccard=0.825 exact=33/59 pred=51 over=7 under=7 pitch_conflicts=2 missed_gt=10
      threshold profiles: hit_rate=0.000 thresholds=[0.7] profiles={'baseline_nominal': 10}
    delta treatment-control: precision=+0.000 recall=+0.000 f1=+0.000 offset_f1=+0.000 note_value_acc=+0.000 dup_per_100=+0.00 boundary_miss_rate=+0.000 p95_chunk_ms=+10.57 f1_10ms=+0.000 f1_20ms=+0.000 f1_30ms=+0.000 visible_p50_ms=+0.5 stabilize_p50_ms=-0.7 algo_visible_p50_ms=+0.0 algo_stabilize_p50_ms=+0.0 avg_revisions=+0.00 display_note_f1=+0.000 display_offset_f1=+0.000 display_cluster_f1=+0.000 display_cluster_jaccard=+0.000
    failure buckets: ['boundary_miss_failure', 'high_revision_slow_stabilization', 'note_value_offset_failure']
      boundary diagnostics: missed=2 by_arm={'control': 2, 'treatment': 2} tags={'control_boundary_miss': 2, 'no_control_coarse_candidate': 2}
        miss: pitch=87 onset=1.836s boundary_delta_ms=+35.9 control_coarse=False treatment_coarse=False retro=n/a
        miss: pitch=60 onset=2.947s boundary_delta_ms=-53.4 control_coarse=False treatment_coarse=False retro=n/a
[TIMING] EnhancedMel.transcribe: audio_to_gpu=0.4ms, features=0.6ms, model=10.7ms, decode=1.3ms | TOTAL=13.0ms for 600ms audio (RTF=0.02x)
[TIMING] stream_chunk[experiment-ba1c00e94b4e41ab8f066f1532e9ee33](live_neural): decode=0.1ms, inference=14.8ms, second_pass=0.0ms, contention=0.0ms, TOTAL=15.0ms | audio=600ms, RTF=0.02x | model=enhanced_mel, neural_total=14.3ms, model_inference=10.7ms
[TIMING] EnhancedMel.transcribe: audio_to_gpu=0.2ms, features=0.4ms, model=10.0ms, decode=2.4ms | TOTAL=12.9ms for 1200ms audio (RTF=0.01x)
[TIMING] stream_chunk[experiment-ba1c00e94b4e41ab8f066f1532e9ee33](live_neural): decode=0.2ms, inference=14.6ms, second_pass=0.0ms, contention=0.0ms, TOTAL=14.9ms | audio=600ms, RTF=0.02x | model=enhanced_mel, neural_total=14.2ms, model_inference=10.0ms
[TIMING] EnhancedMel.transcribe: audio_to_gpu=0.3ms, features=0.4ms, model=10.4ms, decode=3.4ms | TOTAL=14.5ms for 1800ms audio (RTF=0.01x)
[TIMING] stream_chunk[experiment-ba1c00e94b4e41ab8f066f1532e9ee33](live_neural): decode=0.1ms, inference=16.5ms, second_pass=0.0ms, contention=0.0ms, TOTAL=16.7ms | audio=600ms, RTF=0.03x | model=enhanced_mel, neural_total=16.1ms, model_inference=10.4ms
[TIMING] EnhancedMel.transcribe: audio_to_gpu=0.2ms, features=0.5ms, model=11.3ms, decode=4.3ms | TOTAL=16.3ms for 2400ms audio (RTF=0.01x)
[TIMING] stream_chunk[experiment-ba1c00e94b4e41ab8f066f1532e9ee33](live_neural): decode=0.1ms, inference=18.3ms, second_pass=0.0ms, contention=0.0ms, TOTAL=18.5ms | audio=600ms, RTF=0.03x | model=enhanced_mel, neural_total=18.0ms, model_inference=11.3ms
[TIMING] EnhancedMel.transcribe: audio_to_gpu=0.1ms, features=0.4ms, model=13.4ms, decode=5.4ms | TOTAL=19.3ms for 3000ms audio (RTF=0.01x)
[TIMING] stream_chunk[experiment-ba1c00e94b4e41ab8f066f1532e9ee33](live_neural): decode=0.1ms, inference=21.7ms, second_pass=0.0ms, contention=0.0ms, TOTAL=21.9ms | audio=600ms, RTF=0.04x | model=enhanced_mel, neural_total=21.2ms, model_inference=13.4ms
[TIMING] EnhancedMel.transcribe: audio_to_gpu=0.3ms, features=0.5ms, model=11.6ms, decode=5.4ms | TOTAL=17.7ms for 3000ms audio (RTF=0.01x)
[TIMING] stream_chunk[experiment-ba1c00e94b4e41ab8f066f1532e9ee33](live_neural): decode=0.1ms, inference=20.3ms, second_pass=0.0ms, contention=0.0ms, TOTAL=20.7ms | audio=600ms, RTF=0.03x | model=enhanced_mel, neural_total=19.9ms, model_inference=11.6ms
[TIMING] EnhancedMel.transcribe: audio_to_gpu=0.2ms, features=0.5ms, model=11.8ms, decode=5.5ms | TOTAL=18.0ms for 3000ms audio (RTF=0.01x)
[TIMING] stream_chunk[experiment-ba1c00e94b4e41ab8f066f1532e9ee33](live_neural): decode=0.1ms, inference=20.4ms, second_pass=0.0ms, contention=0.0ms, TOTAL=20.7ms | audio=600ms, RTF=0.03x | model=enhanced_mel, neural_total=19.9ms, model_inference=11.8ms
[TIMING] EnhancedMel.transcribe: audio_to_gpu=0.2ms, features=0.5ms, model=11.7ms, decode=5.5ms | TOTAL=17.9ms for 3000ms audio (RTF=0.01x)
[TIMING] stream_chunk[experiment-ba1c00e94b4e41ab8f066f1532e9ee33](live_neural): decode=0.1ms, inference=20.6ms, second_pass=0.0ms, contention=0.0ms, TOTAL=20.8ms | audio=600ms, RTF=0.03x | model=enhanced_mel, neural_total=20.2ms, model_inference=11.7ms
[TIMING] EnhancedMel.transcribe: audio_to_gpu=0.2ms, features=0.4ms, model=12.4ms, decode=5.6ms | TOTAL=18.6ms for 3000ms audio (RTF=0.01x)
[TIMING] stream_chunk[experiment-ba1c00e94b4e41ab8f066f1532e9ee33](live_neural): decode=0.1ms, inference=21.0ms, second_pass=0.0ms, contention=0.0ms, TOTAL=21.2ms | audio=600ms, RTF=0.04x | model=enhanced_mel, neural_total=20.5ms, model_inference=12.4ms
[TIMING] EnhancedMel.transcribe: audio_to_gpu=0.3ms, features=0.6ms, model=20.4ms, decode=6.2ms | TOTAL=27.5ms for 3000ms audio (RTF=0.01x)
[TIMING] stream_chunk[experiment-ba1c00e94b4e41ab8f066f1532e9ee33](live_neural): decode=0.1ms, inference=30.0ms, second_pass=0.0ms, contention=0.0ms, TOTAL=30.3ms | audio=600ms, RTF=0.05x | model=enhanced_mel, neural_total=29.5ms, model_inference=20.4ms
[TIMING] EnhancedMel.transcribe: audio_to_gpu=0.7ms, features=0.6ms, model=10.7ms, decode=1.3ms | TOTAL=13.3ms for 600ms audio (RTF=0.02x)
[TIMING] stream_chunk[experiment-1193c01de99a4cb0a87c4538c9cc0f35](live_neural): decode=0.1ms, inference=15.4ms, second_pass=0.0ms, contention=0.0ms, TOTAL=15.6ms | audio=600ms, RTF=0.03x | model=enhanced_mel, neural_total=15.0ms, model_inference=10.7ms
[TIMING] EnhancedMel.transcribe: audio_to_gpu=0.1ms, features=0.3ms, model=12.6ms, decode=2.3ms | TOTAL=15.4ms for 1200ms audio (RTF=0.01x)
[TIMING] stream_chunk[experiment-1193c01de99a4cb0a87c4538c9cc0f35](live_neural): decode=0.2ms, inference=17.4ms, second_pass=0.0ms, contention=0.0ms, TOTAL=17.7ms | audio=600ms, RTF=0.03x | model=enhanced_mel, neural_total=17.0ms, model_inference=12.6ms
[TIMING] EnhancedMel.transcribe: audio_to_gpu=0.3ms, features=0.6ms, model=10.7ms, decode=4.1ms | TOTAL=15.7ms for 1800ms audio (RTF=0.01x)
[TIMING] stream_chunk[experiment-1193c01de99a4cb0a87c4538c9cc0f35](live_neural): decode=0.1ms, inference=17.7ms, second_pass=0.0ms, contention=0.0ms, TOTAL=17.9ms | audio=600ms, RTF=0.03x | model=enhanced_mel, neural_total=17.3ms, model_inference=10.7ms
[TIMING] EnhancedMel.transcribe: audio_to_gpu=0.2ms, features=0.7ms, model=11.8ms, decode=4.4ms | TOTAL=17.1ms for 2400ms audio (RTF=0.01x)
[TIMING] stream_chunk[experiment-1193c01de99a4cb0a87c4538c9cc0f35](live_neural): decode=0.1ms, inference=19.2ms, second_pass=0.0ms, contention=0.0ms, TOTAL=19.5ms | audio=600ms, RTF=0.03x | model=enhanced_mel, neural_total=18.9ms, model_inference=11.8ms
[TIMING] EnhancedMel.transcribe: audio_to_gpu=0.4ms, features=0.5ms, model=11.7ms, decode=5.6ms | TOTAL=18.2ms for 3000ms audio (RTF=0.01x)
[TIMING] stream_chunk[experiment-1193c01de99a4cb0a87c4538c9cc0f35](live_neural): decode=0.1ms, inference=20.6ms, second_pass=0.0ms, contention=0.0ms, TOTAL=20.9ms | audio=600ms, RTF=0.03x | model=enhanced_mel, neural_total=20.2ms, model_inference=11.7ms
[TIMING] EnhancedMel.transcribe: audio_to_gpu=0.2ms, features=0.5ms, model=12.6ms, decode=5.3ms | TOTAL=18.7ms for 3000ms audio (RTF=0.01x)
[TIMING] stream_chunk[experiment-1193c01de99a4cb0a87c4538c9cc0f35](live_neural): decode=0.1ms, inference=20.9ms, second_pass=0.0ms, contention=0.0ms, TOTAL=21.2ms | audio=600ms, RTF=0.04x | model=enhanced_mel, neural_total=20.6ms, model_inference=12.6ms
[TIMING] EnhancedMel.transcribe: audio_to_gpu=0.3ms, features=0.5ms, model=11.8ms, decode=5.5ms | TOTAL=18.0ms for 3000ms audio (RTF=0.01x)
[TIMING] stream_chunk[experiment-1193c01de99a4cb0a87c4538c9cc0f35](live_neural): decode=0.2ms, inference=20.2ms, second_pass=0.0ms, contention=0.0ms, TOTAL=20.5ms | audio=600ms, RTF=0.03x | model=enhanced_mel, neural_total=19.9ms, model_inference=11.8ms
[TIMING] EnhancedMel.transcribe: audio_to_gpu=0.1ms, features=0.4ms, model=12.5ms, decode=5.6ms | TOTAL=18.6ms for 3000ms audio (RTF=0.01x)
[TIMING] stream_chunk[experiment-1193c01de99a4cb0a87c4538c9cc0f35](live_neural): decode=0.1ms, inference=20.9ms, second_pass=0.0ms, contention=0.0ms, TOTAL=21.2ms | audio=600ms, RTF=0.04x | model=enhanced_mel, neural_total=20.5ms, model_inference=12.5ms
[TIMING] EnhancedMel.transcribe: audio_to_gpu=0.3ms, features=0.5ms, model=11.7ms, decode=5.7ms | TOTAL=18.2ms for 3000ms audio (RTF=0.01x)
[TIMING] stream_chunk[experiment-1193c01de99a4cb0a87c4538c9cc0f35](live_neural): decode=0.1ms, inference=20.6ms, second_pass=0.0ms, contention=0.0ms, TOTAL=20.9ms | audio=600ms, RTF=0.03x | model=enhanced_mel, neural_total=20.2ms, model_inference=11.7ms
[TIMING] EnhancedMel.transcribe: audio_to_gpu=0.2ms, features=0.4ms, model=11.9ms, decode=5.7ms | TOTAL=18.3ms for 3000ms audio (RTF=0.01x)
[TIMING] stream_chunk[experiment-1193c01de99a4cb0a87c4538c9cc0f35](live_neural): decode=0.1ms, inference=20.8ms, second_pass=0.0ms, contention=0.0ms, TOTAL=21.1ms | audio=600ms, RTF=0.04x | model=enhanced_mel, neural_total=20.3ms, model_inference=11.9ms

[CLIP_030] Fantasy in F-sharp Minor, Op. 28 (Complete)
  excerpt: start=75.00s end=81.00s duration=6.00s gt_notes=93 rms=0.0981 peak=0.6460 crest=6.582 rms_std=0.0429
    control:
      note metrics: precision=0.857 recall=0.968 f1=0.909 matched=90/93 pred=105
      strict onset f1: 10ms=0.808 20ms=0.899 30ms=0.909
      timing metrics: offset_f1=0.808 rhythm_precision=0.889 note_value_acc=0.278 note_value_n=90 avg_beat_error=0.189
      duplicate metrics: duplicates=1 per_100_notes=0.95
      boundary metrics: gt=23 matched=22 missed=1 miss_rate=0.043
      latency: avg_chunk_ms=20.07 p95_chunk_ms=26.53 avg_rtf=0.033
      notation metrics: first_correct_ms=18.8 visible_p50_ms=318.6 visible_p95_ms=501.9 stabilize_p50_ms=1978.4 stabilize_p95_ms=2399.7 avg_revisions=2.27 matched=22 refined=22 snapshots=21
      algorithmic latency: first_correct_ms=0.0 visible_p50_ms=297.9 visible_p95_ms=486.0 stabilize_p50_ms=1542.2 stabilize_p95_ms=1901.0
      final display note metrics: precision=0.861 recall=0.935 f1=0.897 matched=87/93 pred=101
      final display strict onset f1: 10ms=0.784 20ms=0.876 30ms=0.897
      final display timing: offset_f1=0.814 rhythm_precision=0.908 note_value_acc=0.195 note_value_n=87 avg_beat_error=0.271
      final display structure: cluster_f1=0.654 onset_align_recall=1.000 avg_jaccard=0.885 exact=17/25 pred=27 over=3 under=5 pitch_conflicts=0 missed_gt=0
      threshold profiles: hit_rate=0.000 thresholds=[0.7] profiles={'fixed_baseline': 10}
    treatment:
      note metrics: precision=0.857 recall=0.968 f1=0.909 matched=90/93 pred=105
      strict onset f1: 10ms=0.808 20ms=0.899 30ms=0.909
      timing metrics: offset_f1=0.808 rhythm_precision=0.889 note_value_acc=0.278 note_value_n=90 avg_beat_error=0.189
      duplicate metrics: duplicates=1 per_100_notes=0.95
      boundary metrics: gt=23 matched=22 missed=1 miss_rate=0.043
      latency: avg_chunk_ms=19.64 p95_chunk_ms=21.18 avg_rtf=0.033
      notation metrics: first_correct_ms=19.1 visible_p50_ms=318.8 visible_p95_ms=502.6 stabilize_p50_ms=1979.5 stabilize_p95_ms=2399.3 avg_revisions=2.27 matched=22 refined=22 snapshots=21
      algorithmic latency: first_correct_ms=0.0 visible_p50_ms=297.9 visible_p95_ms=486.0 stabilize_p50_ms=1542.2 stabilize_p95_ms=1901.0
      final display note metrics: precision=0.861 recall=0.935 f1=0.897 matched=87/93 pred=101
      final display strict onset f1: 10ms=0.784 20ms=0.876 30ms=0.897
      final display timing: offset_f1=0.814 rhythm_precision=0.908 note_value_acc=0.195 note_value_n=87 avg_beat_error=0.271
      final display structure: cluster_f1=0.654 onset_align_recall=1.000 avg_jaccard=0.885 exact=17/25 pred=27 over=3 under=5 pitch_conflicts=0 missed_gt=0
      threshold profiles: hit_rate=0.200 thresholds=[0.7, 0.72] profiles={'baseline_nominal': 8, 'loud_dense_precision': 2}
    delta treatment-control: precision=+0.000 recall=+0.000 f1=+0.000 offset_f1=+0.000 note_value_acc=+0.000 dup_per_100=+0.00 boundary_miss_rate=+0.000 p95_chunk_ms=-5.35 f1_10ms=+0.000 f1_20ms=+0.000 f1_30ms=+0.000 visible_p50_ms=+0.2 stabilize_p50_ms=+1.1 algo_visible_p50_ms=+0.0 algo_stabilize_p50_ms=+0.0 avg_revisions=+0.00 display_note_f1=+0.000 display_offset_f1=+0.000 display_cluster_f1=+0.000 display_cluster_jaccard=+0.000
    failure buckets: ['runtime_only_win', 'boundary_miss_failure', 'high_revision_slow_stabilization', 'note_value_offset_failure']
      boundary diagnostics: missed=1 by_arm={'control': 1, 'treatment': 1} tags={'control_boundary_miss': 1, 'no_control_coarse_candidate': 1}
        miss: pitch=57 onset=4.793s boundary_delta_ms=-7.3 control_coarse=False treatment_coarse=False retro=n/a
[TIMING] EnhancedMel.transcribe: audio_to_gpu=0.4ms, features=0.5ms, model=9.8ms, decode=1.0ms | TOTAL=11.8ms for 600ms audio (RTF=0.02x)
[TIMING] stream_chunk[experiment-e5a131727c344923b718246796ccc6ba](live_neural): decode=0.2ms, inference=13.5ms, second_pass=0.0ms, contention=0.0ms, TOTAL=13.7ms | audio=600ms, RTF=0.02x | model=enhanced_mel, neural_total=13.0ms, model_inference=9.8ms
[TIMING] EnhancedMel.transcribe: audio_to_gpu=0.3ms, features=0.5ms, model=20.9ms, decode=2.3ms | TOTAL=23.9ms for 1200ms audio (RTF=0.02x)
[TIMING] stream_chunk[experiment-e5a131727c344923b718246796ccc6ba](live_neural): decode=0.1ms, inference=25.5ms, second_pass=0.0ms, contention=0.0ms, TOTAL=25.7ms | audio=600ms, RTF=0.04x | model=enhanced_mel, neural_total=25.2ms, model_inference=20.9ms
[TIMING] EnhancedMel.transcribe: audio_to_gpu=0.2ms, features=0.4ms, model=14.9ms, decode=3.2ms | TOTAL=18.7ms for 1800ms audio (RTF=0.01x)
[TIMING] stream_chunk[experiment-e5a131727c344923b718246796ccc6ba](live_neural): decode=0.1ms, inference=20.6ms, second_pass=0.0ms, contention=0.0ms, TOTAL=20.9ms | audio=600ms, RTF=0.03x | model=enhanced_mel, neural_total=20.2ms, model_inference=14.9ms
[TIMING] EnhancedMel.transcribe: audio_to_gpu=0.2ms, features=0.4ms, model=11.0ms, decode=4.5ms | TOTAL=16.0ms for 2400ms audio (RTF=0.01x)
[TIMING] stream_chunk[experiment-e5a131727c344923b718246796ccc6ba](live_neural): decode=0.2ms, inference=18.3ms, second_pass=0.0ms, contention=0.0ms, TOTAL=18.7ms | audio=600ms, RTF=0.03x | model=enhanced_mel, neural_total=17.8ms, model_inference=11.0ms
[TIMING] EnhancedMel.transcribe: audio_to_gpu=0.2ms, features=0.4ms, model=13.1ms, decode=5.5ms | TOTAL=19.2ms for 3000ms audio (RTF=0.01x)
[TIMING] stream_chunk[experiment-e5a131727c344923b718246796ccc6ba](live_neural): decode=0.1ms, inference=21.6ms, second_pass=0.0ms, contention=0.0ms, TOTAL=22.0ms | audio=600ms, RTF=0.04x | model=enhanced_mel, neural_total=21.1ms, model_inference=13.1ms
[TIMING] EnhancedMel.transcribe: audio_to_gpu=0.3ms, features=0.7ms, model=21.2ms, decode=5.7ms | TOTAL=27.8ms for 3000ms audio (RTF=0.01x)
[TIMING] stream_chunk[experiment-e5a131727c344923b718246796ccc6ba](live_neural): decode=0.1ms, inference=31.0ms, second_pass=0.0ms, contention=0.0ms, TOTAL=31.4ms | audio=600ms, RTF=0.05x | model=enhanced_mel, neural_total=30.6ms, model_inference=21.2ms
[TIMING] EnhancedMel.transcribe: audio_to_gpu=0.4ms, features=0.6ms, model=20.7ms, decode=6.3ms | TOTAL=28.0ms for 3000ms audio (RTF=0.01x)
[TIMING] stream_chunk[experiment-e5a131727c344923b718246796ccc6ba](live_neural): decode=0.1ms, inference=30.4ms, second_pass=0.0ms, contention=0.0ms, TOTAL=30.8ms | audio=600ms, RTF=0.05x | model=enhanced_mel, neural_total=30.0ms, model_inference=20.7ms
[TIMING] EnhancedMel.transcribe: audio_to_gpu=0.3ms, features=0.6ms, model=21.4ms, decode=6.4ms | TOTAL=28.6ms for 3000ms audio (RTF=0.01x)
[TIMING] stream_chunk[experiment-e5a131727c344923b718246796ccc6ba](live_neural): decode=0.1ms, inference=31.1ms, second_pass=0.0ms, contention=0.0ms, TOTAL=31.4ms | audio=600ms, RTF=0.05x | model=enhanced_mel, neural_total=30.6ms, model_inference=21.4ms
[TIMING] EnhancedMel.transcribe: audio_to_gpu=0.4ms, features=0.5ms, model=15.3ms, decode=5.9ms | TOTAL=22.1ms for 3000ms audio (RTF=0.01x)
[TIMING] stream_chunk[experiment-e5a131727c344923b718246796ccc6ba](live_neural): decode=0.1ms, inference=25.8ms, second_pass=0.0ms, contention=0.0ms, TOTAL=26.3ms | audio=600ms, RTF=0.04x | model=enhanced_mel, neural_total=25.2ms, model_inference=15.3ms
[TIMING] EnhancedMel.transcribe: audio_to_gpu=0.3ms, features=0.5ms, model=12.3ms, decode=5.4ms | TOTAL=18.5ms for 3000ms audio (RTF=0.01x)
[TIMING] stream_chunk[experiment-e5a131727c344923b718246796ccc6ba](live_neural): decode=0.1ms, inference=22.2ms, second_pass=0.0ms, contention=0.0ms, TOTAL=22.4ms | audio=600ms, RTF=0.04x | model=enhanced_mel, neural_total=21.5ms, model_inference=12.3ms
[TIMING] EnhancedMel.transcribe: audio_to_gpu=0.3ms, features=0.5ms, model=10.6ms, decode=1.1ms | TOTAL=12.4ms for 600ms audio (RTF=0.02x)
[TIMING] stream_chunk[experiment-c899cc83d3e24e5f9e2c91cded2509d9](live_neural): decode=0.1ms, inference=14.5ms, second_pass=0.0ms, contention=0.0ms, TOTAL=14.7ms | audio=600ms, RTF=0.02x | model=enhanced_mel, neural_total=14.2ms, model_inference=10.6ms
[TIMING] EnhancedMel.transcribe: audio_to_gpu=0.2ms, features=0.5ms, model=19.1ms, decode=2.4ms | TOTAL=22.1ms for 1200ms audio (RTF=0.02x)
[TIMING] stream_chunk[experiment-c899cc83d3e24e5f9e2c91cded2509d9](live_neural): decode=0.1ms, inference=23.8ms, second_pass=0.0ms, contention=0.0ms, TOTAL=24.0ms | audio=600ms, RTF=0.04x | model=enhanced_mel, neural_total=23.4ms, model_inference=19.1ms
[TIMING] EnhancedMel.transcribe: audio_to_gpu=0.1ms, features=2.4ms, model=11.7ms, decode=3.3ms | TOTAL=17.6ms for 1800ms audio (RTF=0.01x)
[TIMING] stream_chunk[experiment-c899cc83d3e24e5f9e2c91cded2509d9](live_neural): decode=0.1ms, inference=19.7ms, second_pass=0.0ms, contention=0.0ms, TOTAL=19.9ms | audio=600ms, RTF=0.03x | model=enhanced_mel, neural_total=19.3ms, model_inference=11.7ms
[TIMING] EnhancedMel.transcribe: audio_to_gpu=0.1ms, features=0.4ms, model=12.6ms, decode=4.4ms | TOTAL=17.6ms for 2400ms audio (RTF=0.01x)
[TIMING] stream_chunk[experiment-c899cc83d3e24e5f9e2c91cded2509d9](live_neural): decode=0.2ms, inference=19.9ms, second_pass=0.0ms, contention=0.0ms, TOTAL=20.2ms | audio=600ms, RTF=0.03x | model=enhanced_mel, neural_total=19.5ms, model_inference=12.6ms
[TIMING] EnhancedMel.transcribe: audio_to_gpu=0.4ms, features=0.6ms, model=19.1ms, decode=5.4ms | TOTAL=25.5ms for 3000ms audio (RTF=0.01x)
[TIMING] stream_chunk[experiment-c899cc83d3e24e5f9e2c91cded2509d9](live_neural): decode=0.1ms, inference=27.8ms, second_pass=0.0ms, contention=0.0ms, TOTAL=28.3ms | audio=600ms, RTF=0.05x | model=enhanced_mel, neural_total=27.5ms, model_inference=19.1ms
[TIMING] EnhancedMel.transcribe: audio_to_gpu=0.3ms, features=0.6ms, model=18.4ms, decode=5.7ms | TOTAL=24.9ms for 3000ms audio (RTF=0.01x)
[TIMING] stream_chunk[experiment-c899cc83d3e24e5f9e2c91cded2509d9](live_neural): decode=0.1ms, inference=27.5ms, second_pass=0.0ms, contention=0.0ms, TOTAL=27.9ms | audio=600ms, RTF=0.05x | model=enhanced_mel, neural_total=27.1ms, model_inference=18.4ms
[TIMING] EnhancedMel.transcribe: audio_to_gpu=0.3ms, features=0.6ms, model=16.9ms, decode=5.8ms | TOTAL=23.6ms for 3000ms audio (RTF=0.01x)
[TIMING] stream_chunk[experiment-c899cc83d3e24e5f9e2c91cded2509d9](live_neural): decode=0.1ms, inference=26.1ms, second_pass=0.0ms, contention=0.0ms, TOTAL=26.5ms | audio=600ms, RTF=0.04x | model=enhanced_mel, neural_total=25.8ms, model_inference=16.9ms
[TIMING] EnhancedMel.transcribe: audio_to_gpu=0.2ms, features=0.4ms, model=12.6ms, decode=6.0ms | TOTAL=19.2ms for 3000ms audio (RTF=0.01x)
[TIMING] stream_chunk[experiment-c899cc83d3e24e5f9e2c91cded2509d9](live_neural): decode=0.1ms, inference=22.7ms, second_pass=0.0ms, contention=0.0ms, TOTAL=23.1ms | audio=600ms, RTF=0.04x | model=enhanced_mel, neural_total=22.3ms, model_inference=12.6ms
[TIMING] EnhancedMel.transcribe: audio_to_gpu=0.3ms, features=0.5ms, model=12.3ms, decode=5.7ms | TOTAL=18.8ms for 3000ms audio (RTF=0.01x)
[TIMING] stream_chunk[experiment-c899cc83d3e24e5f9e2c91cded2509d9](live_neural): decode=0.1ms, inference=22.3ms, second_pass=0.0ms, contention=0.0ms, TOTAL=22.6ms | audio=600ms, RTF=0.04x | model=enhanced_mel, neural_total=21.9ms, model_inference=12.3ms
[TIMING] EnhancedMel.transcribe: audio_to_gpu=0.1ms, features=1.1ms, model=12.7ms, decode=6.2ms | TOTAL=20.1ms for 3000ms audio (RTF=0.01x)
[TIMING] stream_chunk[experiment-c899cc83d3e24e5f9e2c91cded2509d9](live_neural): decode=0.1ms, inference=23.1ms, second_pass=0.0ms, contention=0.0ms, TOTAL=23.4ms | audio=600ms, RTF=0.04x | model=enhanced_mel, neural_total=22.8ms, model_inference=12.7ms

[CLIP_031] Hungarian Rhapsody No. 9
  excerpt: start=18.00s end=24.00s duration=6.00s gt_notes=99 rms=0.0312 peak=0.2985 crest=9.571 rms_std=0.0160
    control:
      note metrics: precision=0.939 recall=0.929 f1=0.934 matched=92/99 pred=98
      strict onset f1: 10ms=0.812 20ms=0.934 30ms=0.934
      timing metrics: offset_f1=0.934 rhythm_precision=1.000 note_value_acc=0.902 note_value_n=92 avg_beat_error=0.008
      duplicate metrics: duplicates=3 per_100_notes=3.06
      boundary metrics: gt=32 matched=31 missed=1 miss_rate=0.031
      latency: avg_chunk_ms=24.33 p95_chunk_ms=31.41 avg_rtf=0.040
      notation metrics: first_correct_ms=84.0 visible_p50_ms=344.5 visible_p95_ms=617.1 stabilize_p50_ms=1908.8 stabilize_p95_ms=2355.9 avg_revisions=2.17 matched=24 refined=24 snapshots=17
      algorithmic latency: first_correct_ms=65.4 visible_p50_ms=316.5 visible_p95_ms=587.6 stabilize_p50_ms=1388.7 stabilize_p95_ms=1820.0
      final display note metrics: precision=0.968 recall=0.919 f1=0.943 matched=91/99 pred=94
      final display strict onset f1: 10ms=0.808 20ms=0.943 30ms=0.943
      final display timing: offset_f1=0.943 rhythm_precision=1.000 note_value_acc=0.791 note_value_n=91 avg_beat_error=0.043
      final display structure: cluster_f1=0.627 onset_align_recall=0.962 avg_jaccard=0.908 exact=16/26 pred=25 over=2 under=6 pitch_conflicts=1 missed_gt=1
      threshold profiles: hit_rate=0.000 thresholds=[0.7] profiles={'fixed_baseline': 10}
    treatment:
      note metrics: precision=0.939 recall=0.929 f1=0.934 matched=92/99 pred=98
      strict onset f1: 10ms=0.812 20ms=0.934 30ms=0.934
      timing metrics: offset_f1=0.934 rhythm_precision=1.000 note_value_acc=0.902 note_value_n=92 avg_beat_error=0.008
      duplicate metrics: duplicates=3 per_100_notes=3.06
      boundary metrics: gt=32 matched=31 missed=1 miss_rate=0.031
      latency: avg_chunk_ms=23.05 p95_chunk_ms=28.11 avg_rtf=0.038
      notation metrics: first_correct_ms=85.6 visible_p50_ms=341.7 visible_p95_ms=610.2 stabilize_p50_ms=1907.8 stabilize_p95_ms=2357.4 avg_revisions=2.17 matched=24 refined=24 snapshots=17
      algorithmic latency: first_correct_ms=65.4 visible_p50_ms=316.5 visible_p95_ms=587.6 stabilize_p50_ms=1388.7 stabilize_p95_ms=1820.0
      final display note metrics: precision=0.968 recall=0.919 f1=0.943 matched=91/99 pred=94
      final display strict onset f1: 10ms=0.808 20ms=0.943 30ms=0.943
      final display timing: offset_f1=0.943 rhythm_precision=1.000 note_value_acc=0.791 note_value_n=91 avg_beat_error=0.043
      final display structure: cluster_f1=0.627 onset_align_recall=0.962 avg_jaccard=0.908 exact=16/26 pred=25 over=2 under=6 pitch_conflicts=1 missed_gt=1
      threshold profiles: hit_rate=0.300 thresholds=[0.66, 0.7] profiles={'baseline_nominal': 7, 'soft_sparse_recall': 3}
    delta treatment-control: precision=+0.000 recall=+0.000 f1=+0.000 offset_f1=+0.000 note_value_acc=+0.000 dup_per_100=+0.00 boundary_miss_rate=+0.000 p95_chunk_ms=-3.29 f1_10ms=+0.000 f1_20ms=+0.000 f1_30ms=+0.000 visible_p50_ms=-2.8 stabilize_p50_ms=-1.0 algo_visible_p50_ms=+0.0 algo_stabilize_p50_ms=+0.0 avg_revisions=+0.00 display_note_f1=+0.000 display_offset_f1=+0.000 display_cluster_f1=+0.000 display_cluster_jaccard=+0.000
    failure buckets: ['runtime_only_win', 'boundary_miss_failure', 'high_revision_slow_stabilization']
      boundary diagnostics: missed=1 by_arm={'control': 1, 'treatment': 1} tags={'control_boundary_miss': 1, 'no_control_coarse_candidate': 1}
        miss: pitch=82 onset=4.102s boundary_delta_ms=-98.4 control_coarse=False treatment_coarse=False retro=n/a
[TIMING] EnhancedMel.transcribe: audio_to_gpu=0.4ms, features=0.9ms, model=22.8ms, decode=1.5ms | TOTAL=25.5ms for 600ms audio (RTF=0.04x)
[TIMING] stream_chunk[experiment-f450bb2ed3d641668478ebd35f593120](live_neural): decode=0.2ms, inference=28.0ms, second_pass=0.0ms, contention=0.0ms, TOTAL=28.3ms | audio=600ms, RTF=0.05x | model=enhanced_mel, neural_total=27.4ms, model_inference=22.8ms
[TIMING] EnhancedMel.transcribe: audio_to_gpu=0.4ms, features=0.5ms, model=10.0ms, decode=2.3ms | TOTAL=13.2ms for 1200ms audio (RTF=0.01x)
[TIMING] stream_chunk[experiment-f450bb2ed3d641668478ebd35f593120](live_neural): decode=0.2ms, inference=17.1ms, second_pass=0.0ms, contention=0.0ms, TOTAL=17.4ms | audio=600ms, RTF=0.03x | model=enhanced_mel, neural_total=16.6ms, model_inference=10.0ms
[TIMING] EnhancedMel.transcribe: audio_to_gpu=0.3ms, features=0.6ms, model=17.4ms, decode=3.6ms | TOTAL=21.9ms for 1800ms audio (RTF=0.01x)
[TIMING] stream_chunk[experiment-f450bb2ed3d641668478ebd35f593120](live_neural): decode=0.1ms, inference=23.8ms, second_pass=0.0ms, contention=0.0ms, TOTAL=24.0ms | audio=600ms, RTF=0.04x | model=enhanced_mel, neural_total=23.5ms, model_inference=17.4ms
[TIMING] EnhancedMel.transcribe: audio_to_gpu=0.2ms, features=0.4ms, model=11.1ms, decode=5.2ms | TOTAL=16.9ms for 2400ms audio (RTF=0.01x)
[TIMING] stream_chunk[experiment-f450bb2ed3d641668478ebd35f593120](live_neural): decode=0.1ms, inference=19.8ms, second_pass=0.0ms, contention=0.0ms, TOTAL=20.0ms | audio=600ms, RTF=0.03x | model=enhanced_mel, neural_total=19.4ms, model_inference=11.1ms
[TIMING] EnhancedMel.transcribe: audio_to_gpu=0.3ms, features=0.7ms, model=14.7ms, decode=5.6ms | TOTAL=21.2ms for 3000ms audio (RTF=0.01x)
[TIMING] stream_chunk[experiment-f450bb2ed3d641668478ebd35f593120](live_neural): decode=0.1ms, inference=23.6ms, second_pass=0.0ms, contention=0.0ms, TOTAL=23.9ms | audio=600ms, RTF=0.04x | model=enhanced_mel, neural_total=23.2ms, model_inference=14.7ms
[TIMING] EnhancedMel.transcribe: audio_to_gpu=0.3ms, features=0.6ms, model=13.1ms, decode=5.6ms | TOTAL=19.6ms for 3000ms audio (RTF=0.01x)
[TIMING] stream_chunk[experiment-f450bb2ed3d641668478ebd35f593120](live_neural): decode=0.1ms, inference=23.1ms, second_pass=0.0ms, contention=0.0ms, TOTAL=23.4ms | audio=600ms, RTF=0.04x | model=enhanced_mel, neural_total=22.7ms, model_inference=13.1ms
[TIMING] EnhancedMel.transcribe: audio_to_gpu=0.4ms, features=0.6ms, model=12.3ms, decode=5.7ms | TOTAL=19.0ms for 3000ms audio (RTF=0.01x)
[TIMING] stream_chunk[experiment-f450bb2ed3d641668478ebd35f593120](live_neural): decode=0.1ms, inference=22.4ms, second_pass=0.0ms, contention=0.0ms, TOTAL=22.8ms | audio=600ms, RTF=0.04x | model=enhanced_mel, neural_total=22.1ms, model_inference=12.3ms
[TIMING] EnhancedMel.transcribe: audio_to_gpu=0.2ms, features=0.5ms, model=12.0ms, decode=5.7ms | TOTAL=18.4ms for 3000ms audio (RTF=0.01x)
[TIMING] stream_chunk[experiment-f450bb2ed3d641668478ebd35f593120](live_neural): decode=0.1ms, inference=20.9ms, second_pass=0.0ms, contention=0.0ms, TOTAL=21.2ms | audio=600ms, RTF=0.04x | model=enhanced_mel, neural_total=20.5ms, model_inference=12.0ms
[TIMING] EnhancedMel.transcribe: audio_to_gpu=0.3ms, features=0.5ms, model=11.9ms, decode=5.6ms | TOTAL=18.3ms for 3000ms audio (RTF=0.01x)
[TIMING] stream_chunk[experiment-f450bb2ed3d641668478ebd35f593120](live_neural): decode=0.1ms, inference=20.8ms, second_pass=0.0ms, contention=0.0ms, TOTAL=21.1ms | audio=600ms, RTF=0.04x | model=enhanced_mel, neural_total=20.4ms, model_inference=11.9ms
[TIMING] EnhancedMel.transcribe: audio_to_gpu=0.3ms, features=0.7ms, model=19.9ms, decode=6.1ms | TOTAL=26.9ms for 3000ms audio (RTF=0.01x)
[TIMING] stream_chunk[experiment-f450bb2ed3d641668478ebd35f593120](live_neural): decode=0.1ms, inference=29.2ms, second_pass=0.0ms, contention=0.0ms, TOTAL=29.6ms | audio=600ms, RTF=0.05x | model=enhanced_mel, neural_total=28.9ms, model_inference=19.9ms
[TIMING] EnhancedMel.transcribe: audio_to_gpu=0.3ms, features=0.7ms, model=10.5ms, decode=1.3ms | TOTAL=12.7ms for 600ms audio (RTF=0.02x)
[TIMING] stream_chunk[experiment-f14385e6a6d84747af775560c7d2faef](live_neural): decode=0.1ms, inference=14.9ms, second_pass=0.0ms, contention=0.0ms, TOTAL=15.1ms | audio=600ms, RTF=0.03x | model=enhanced_mel, neural_total=14.5ms, model_inference=10.5ms
[TIMING] EnhancedMel.transcribe: audio_to_gpu=0.1ms, features=0.3ms, model=9.5ms, decode=2.4ms | TOTAL=12.3ms for 1200ms audio (RTF=0.01x)
[TIMING] stream_chunk[experiment-f14385e6a6d84747af775560c7d2faef](live_neural): decode=0.1ms, inference=14.1ms, second_pass=0.0ms, contention=0.0ms, TOTAL=14.3ms | audio=600ms, RTF=0.02x | model=enhanced_mel, neural_total=13.6ms, model_inference=9.5ms
[TIMING] EnhancedMel.transcribe: audio_to_gpu=0.2ms, features=0.7ms, model=15.9ms, decode=3.4ms | TOTAL=20.2ms for 1800ms audio (RTF=0.01x)
[TIMING] stream_chunk[experiment-f14385e6a6d84747af775560c7d2faef](live_neural): decode=0.1ms, inference=22.0ms, second_pass=0.0ms, contention=0.0ms, TOTAL=22.2ms | audio=600ms, RTF=0.04x | model=enhanced_mel, neural_total=21.6ms, model_inference=15.9ms
[TIMING] EnhancedMel.transcribe: audio_to_gpu=0.2ms, features=0.5ms, model=11.0ms, decode=4.5ms | TOTAL=16.2ms for 2400ms audio (RTF=0.01x)
[TIMING] stream_chunk[experiment-f14385e6a6d84747af775560c7d2faef](live_neural): decode=0.1ms, inference=19.8ms, second_pass=0.0ms, contention=0.0ms, TOTAL=20.1ms | audio=600ms, RTF=0.03x | model=enhanced_mel, neural_total=19.3ms, model_inference=11.0ms
[TIMING] EnhancedMel.transcribe: audio_to_gpu=0.2ms, features=0.7ms, model=21.0ms, decode=5.9ms | TOTAL=27.8ms for 3000ms audio (RTF=0.01x)
[TIMING] stream_chunk[experiment-f14385e6a6d84747af775560c7d2faef](live_neural): decode=0.1ms, inference=30.0ms, second_pass=0.0ms, contention=0.0ms, TOTAL=30.4ms | audio=600ms, RTF=0.05x | model=enhanced_mel, neural_total=29.7ms, model_inference=21.0ms
[TIMING] EnhancedMel.transcribe: audio_to_gpu=0.2ms, features=0.5ms, model=12.6ms, decode=5.6ms | TOTAL=18.9ms for 3000ms audio (RTF=0.01x)
[TIMING] stream_chunk[experiment-f14385e6a6d84747af775560c7d2faef](live_neural): decode=0.1ms, inference=21.3ms, second_pass=0.0ms, contention=0.0ms, TOTAL=21.6ms | audio=600ms, RTF=0.04x | model=enhanced_mel, neural_total=20.9ms, model_inference=12.6ms
[TIMING] EnhancedMel.transcribe: audio_to_gpu=0.6ms, features=0.7ms, model=20.1ms, decode=6.0ms | TOTAL=27.4ms for 3000ms audio (RTF=0.01x)
[TIMING] stream_chunk[experiment-f14385e6a6d84747af775560c7d2faef](live_neural): decode=0.1ms, inference=29.9ms, second_pass=0.0ms, contention=0.0ms, TOTAL=30.4ms | audio=600ms, RTF=0.05x | model=enhanced_mel, neural_total=29.5ms, model_inference=20.1ms
[TIMING] EnhancedMel.transcribe: audio_to_gpu=0.5ms, features=0.7ms, model=14.7ms, decode=5.7ms | TOTAL=21.5ms for 3000ms audio (RTF=0.01x)
[TIMING] stream_chunk[experiment-f14385e6a6d84747af775560c7d2faef](live_neural): decode=0.1ms, inference=23.9ms, second_pass=0.0ms, contention=0.0ms, TOTAL=24.3ms | audio=600ms, RTF=0.04x | model=enhanced_mel, neural_total=23.4ms, model_inference=14.7ms
[TIMING] EnhancedMel.transcribe: audio_to_gpu=0.3ms, features=0.5ms, model=12.1ms, decode=5.7ms | TOTAL=18.5ms for 3000ms audio (RTF=0.01x)
[TIMING] stream_chunk[experiment-f14385e6a6d84747af775560c7d2faef](live_neural): decode=0.1ms, inference=20.9ms, second_pass=0.0ms, contention=0.0ms, TOTAL=21.3ms | audio=600ms, RTF=0.04x | model=enhanced_mel, neural_total=20.5ms, model_inference=12.1ms
[TIMING] EnhancedMel.transcribe: audio_to_gpu=0.4ms, features=0.7ms, model=16.1ms, decode=5.8ms | TOTAL=23.0ms for 3000ms audio (RTF=0.01x)
[TIMING] stream_chunk[experiment-f14385e6a6d84747af775560c7d2faef](live_neural): decode=0.1ms, inference=25.8ms, second_pass=0.0ms, contention=0.0ms, TOTAL=26.3ms | audio=600ms, RTF=0.04x | model=enhanced_mel, neural_total=25.3ms, model_inference=16.1ms

[CLIP_032] Au bord d'une source
  excerpt: start=75.00s end=81.00s duration=6.00s gt_notes=122 rms=0.0265 peak=0.1431 crest=5.398 rms_std=0.0113
    control:
      note metrics: precision=0.967 recall=0.967 f1=0.967 matched=118/122 pred=122
      strict onset f1: 10ms=0.910 20ms=0.967 30ms=0.967
      timing metrics: offset_f1=0.869 rhythm_precision=0.898 note_value_acc=0.636 note_value_n=118 avg_beat_error=0.081
      duplicate metrics: duplicates=2 per_100_notes=1.64
      boundary metrics: gt=39 matched=36 missed=3 miss_rate=0.077
      latency: avg_chunk_ms=23.17 p95_chunk_ms=29.01 avg_rtf=0.039
      notation metrics: first_correct_ms=41.8 visible_p50_ms=328.2 visible_p95_ms=610.9 stabilize_p50_ms=940.7 stabilize_p95_ms=1504.6 avg_revisions=1.08 matched=75 refined=75 snapshots=20
      algorithmic latency: first_correct_ms=19.0 visible_p50_ms=305.5 visible_p95_ms=585.2 stabilize_p50_ms=547.9 stabilize_p95_ms=1389.1
      final display note metrics: precision=0.983 recall=0.951 f1=0.967 matched=116/122 pred=118
      final display strict onset f1: 10ms=0.900 20ms=0.967 30ms=0.967
      final display timing: offset_f1=0.867 rhythm_precision=0.897 note_value_acc=0.190 note_value_n=116 avg_beat_error=0.145
      final display structure: cluster_f1=0.879 onset_align_recall=1.000 avg_jaccard=0.948 exact=51/58 pred=58 over=1 under=5 pitch_conflicts=1 missed_gt=0
      threshold profiles: hit_rate=0.000 thresholds=[0.7] profiles={'fixed_baseline': 10}
    treatment:
      note metrics: precision=0.967 recall=0.967 f1=0.967 matched=118/122 pred=122
      strict onset f1: 10ms=0.910 20ms=0.967 30ms=0.967
      timing metrics: offset_f1=0.869 rhythm_precision=0.898 note_value_acc=0.636 note_value_n=118 avg_beat_error=0.081
      duplicate metrics: duplicates=2 per_100_notes=1.64
      boundary metrics: gt=39 matched=36 missed=3 miss_rate=0.077
      latency: avg_chunk_ms=22.59 p95_chunk_ms=30.42 avg_rtf=0.038
      notation metrics: first_correct_ms=49.4 visible_p50_ms=332.5 visible_p95_ms=607.7 stabilize_p50_ms=938.4 stabilize_p95_ms=1503.2 avg_revisions=1.08 matched=75 refined=75 snapshots=20
      algorithmic latency: first_correct_ms=19.0 visible_p50_ms=305.5 visible_p95_ms=585.2 stabilize_p50_ms=547.9 stabilize_p95_ms=1389.1
      final display note metrics: precision=0.983 recall=0.951 f1=0.967 matched=116/122 pred=118
      final display strict onset f1: 10ms=0.900 20ms=0.967 30ms=0.967
      final display timing: offset_f1=0.867 rhythm_precision=0.897 note_value_acc=0.190 note_value_n=116 avg_beat_error=0.145
      final display structure: cluster_f1=0.879 onset_align_recall=1.000 avg_jaccard=0.948 exact=51/58 pred=58 over=1 under=5 pitch_conflicts=1 missed_gt=0
      threshold profiles: hit_rate=0.600 thresholds=[0.66, 0.7] profiles={'baseline_nominal': 4, 'soft_sparse_recall': 6}
    delta treatment-control: precision=+0.000 recall=+0.000 f1=+0.000 offset_f1=+0.000 note_value_acc=+0.000 dup_per_100=+0.00 boundary_miss_rate=+0.000 p95_chunk_ms=+1.41 f1_10ms=+0.000 f1_20ms=+0.000 f1_30ms=+0.000 visible_p50_ms=+4.3 stabilize_p50_ms=-2.4 algo_visible_p50_ms=+0.0 algo_stabilize_p50_ms=+0.0 avg_revisions=+0.00 display_note_f1=+0.000 display_offset_f1=+0.000 display_cluster_f1=+0.000 display_cluster_jaccard=+0.000
    failure buckets: ['boundary_miss_failure', 'high_revision_slow_stabilization']
      boundary diagnostics: missed=3 by_arm={'control': 3, 'treatment': 3} tags={'control_boundary_miss': 3, 'no_control_coarse_candidate': 3}
        miss: pitch=82 onset=4.197s boundary_delta_ms=-3.4 control_coarse=False treatment_coarse=False retro=n/a
        miss: pitch=83 onset=4.276s boundary_delta_ms=+76.0 control_coarse=False treatment_coarse=False retro=n/a
        miss: pitch=76 onset=5.990s boundary_delta_ms=-10.4 control_coarse=False treatment_coarse=False retro=n/a
[TIMING] EnhancedMel.transcribe: audio_to_gpu=0.3ms, features=0.8ms, model=11.0ms, decode=1.5ms | TOTAL=13.6ms for 600ms audio (RTF=0.02x)
[TIMING] stream_chunk[experiment-420b3ddd29eb4d979a3650ea144e1cfc](live_neural): decode=0.2ms, inference=16.0ms, second_pass=0.0ms, contention=0.0ms, TOTAL=16.3ms | audio=600ms, RTF=0.03x | model=enhanced_mel, neural_total=15.6ms, model_inference=11.0ms
[TIMING] EnhancedMel.transcribe: audio_to_gpu=0.1ms, features=0.3ms, model=10.1ms, decode=2.6ms | TOTAL=13.2ms for 1200ms audio (RTF=0.01x)
[TIMING] stream_chunk[experiment-420b3ddd29eb4d979a3650ea144e1cfc](live_neural): decode=0.2ms, inference=15.8ms, second_pass=0.0ms, contention=0.0ms, TOTAL=16.2ms | audio=600ms, RTF=0.03x | model=enhanced_mel, neural_total=15.5ms, model_inference=10.1ms
[TIMING] EnhancedMel.transcribe: audio_to_gpu=0.1ms, features=0.4ms, model=10.8ms, decode=3.6ms | TOTAL=14.8ms for 1800ms audio (RTF=0.01x)
[TIMING] stream_chunk[experiment-420b3ddd29eb4d979a3650ea144e1cfc](live_neural): decode=0.1ms, inference=16.7ms, second_pass=0.0ms, contention=0.0ms, TOTAL=17.0ms | audio=600ms, RTF=0.03x | model=enhanced_mel, neural_total=16.4ms, model_inference=10.8ms
[TIMING] EnhancedMel.transcribe: audio_to_gpu=0.1ms, features=0.4ms, model=11.2ms, decode=4.4ms | TOTAL=16.1ms for 2400ms audio (RTF=0.01x)
[TIMING] stream_chunk[experiment-420b3ddd29eb4d979a3650ea144e1cfc](live_neural): decode=0.1ms, inference=18.5ms, second_pass=0.0ms, contention=0.0ms, TOTAL=18.7ms | audio=600ms, RTF=0.03x | model=enhanced_mel, neural_total=18.1ms, model_inference=11.2ms
[TIMING] EnhancedMel.transcribe: audio_to_gpu=0.2ms, features=0.4ms, model=11.9ms, decode=5.4ms | TOTAL=17.8ms for 3000ms audio (RTF=0.01x)
[TIMING] stream_chunk[experiment-420b3ddd29eb4d979a3650ea144e1cfc](live_neural): decode=0.1ms, inference=20.3ms, second_pass=0.0ms, contention=0.0ms, TOTAL=20.7ms | audio=600ms, RTF=0.03x | model=enhanced_mel, neural_total=19.9ms, model_inference=11.9ms
[TIMING] EnhancedMel.transcribe: audio_to_gpu=0.2ms, features=0.4ms, model=13.7ms, decode=5.1ms | TOTAL=19.5ms for 3000ms audio (RTF=0.01x)
[TIMING] stream_chunk[experiment-420b3ddd29eb4d979a3650ea144e1cfc](live_neural): decode=0.2ms, inference=22.6ms, second_pass=0.0ms, contention=0.0ms, TOTAL=22.9ms | audio=600ms, RTF=0.04x | model=enhanced_mel, neural_total=22.2ms, model_inference=13.7ms
[TIMING] EnhancedMel.transcribe: audio_to_gpu=0.3ms, features=0.7ms, model=18.0ms, decode=5.2ms | TOTAL=24.1ms for 3000ms audio (RTF=0.01x)
[TIMING] stream_chunk[experiment-420b3ddd29eb4d979a3650ea144e1cfc](live_neural): decode=0.1ms, inference=26.2ms, second_pass=0.0ms, contention=0.0ms, TOTAL=26.5ms | audio=600ms, RTF=0.04x | model=enhanced_mel, neural_total=25.9ms, model_inference=18.0ms
[TIMING] EnhancedMel.transcribe: audio_to_gpu=0.4ms, features=0.4ms, model=12.2ms, decode=5.2ms | TOTAL=18.2ms for 3000ms audio (RTF=0.01x)
[TIMING] stream_chunk[experiment-420b3ddd29eb4d979a3650ea144e1cfc](live_neural): decode=0.1ms, inference=22.1ms, second_pass=0.0ms, contention=0.0ms, TOTAL=22.4ms | audio=600ms, RTF=0.04x | model=enhanced_mel, neural_total=21.8ms, model_inference=12.2ms
[TIMING] EnhancedMel.transcribe: audio_to_gpu=0.2ms, features=1.1ms, model=12.4ms, decode=6.0ms | TOTAL=19.6ms for 3000ms audio (RTF=0.01x)
[TIMING] stream_chunk[experiment-420b3ddd29eb4d979a3650ea144e1cfc](live_neural): decode=0.1ms, inference=22.0ms, second_pass=0.0ms, contention=0.0ms, TOTAL=22.2ms | audio=600ms, RTF=0.04x | model=enhanced_mel, neural_total=21.6ms, model_inference=12.4ms
[TIMING] EnhancedMel.transcribe: audio_to_gpu=0.3ms, features=0.6ms, model=12.3ms, decode=5.6ms | TOTAL=18.8ms for 3000ms audio (RTF=0.01x)
[TIMING] stream_chunk[experiment-420b3ddd29eb4d979a3650ea144e1cfc](live_neural): decode=0.1ms, inference=22.4ms, second_pass=0.0ms, contention=0.0ms, TOTAL=22.8ms | audio=600ms, RTF=0.04x | model=enhanced_mel, neural_total=22.1ms, model_inference=12.2ms
[TIMING] EnhancedMel.transcribe: audio_to_gpu=0.3ms, features=0.5ms, model=11.8ms, decode=1.4ms | TOTAL=14.0ms for 600ms audio (RTF=0.02x)
[TIMING] stream_chunk[experiment-9c5d512287d544f5b3247d8ede68c4c6](live_neural): decode=0.1ms, inference=15.5ms, second_pass=0.0ms, contention=0.0ms, TOTAL=15.7ms | audio=600ms, RTF=0.03x | model=enhanced_mel, neural_total=15.2ms, model_inference=11.8ms
[TIMING] EnhancedMel.transcribe: audio_to_gpu=0.1ms, features=0.5ms, model=10.5ms, decode=2.5ms | TOTAL=13.6ms for 1200ms audio (RTF=0.01x)
[TIMING] stream_chunk[experiment-9c5d512287d544f5b3247d8ede68c4c6](live_neural): decode=0.1ms, inference=16.3ms, second_pass=0.0ms, contention=0.0ms, TOTAL=16.5ms | audio=600ms, RTF=0.03x | model=enhanced_mel, neural_total=15.9ms, model_inference=10.5ms
[TIMING] EnhancedMel.transcribe: audio_to_gpu=0.2ms, features=0.4ms, model=10.5ms, decode=3.5ms | TOTAL=14.5ms for 1800ms audio (RTF=0.01x)
[TIMING] stream_chunk[experiment-9c5d512287d544f5b3247d8ede68c4c6](live_neural): decode=0.1ms, inference=16.5ms, second_pass=0.0ms, contention=0.0ms, TOTAL=16.7ms | audio=600ms, RTF=0.03x | model=enhanced_mel, neural_total=16.1ms, model_inference=10.5ms
[TIMING] EnhancedMel.transcribe: audio_to_gpu=0.4ms, features=0.5ms, model=10.9ms, decode=4.4ms | TOTAL=16.2ms for 2400ms audio (RTF=0.01x)
[TIMING] stream_chunk[experiment-9c5d512287d544f5b3247d8ede68c4c6](live_neural): decode=0.1ms, inference=19.3ms, second_pass=0.0ms, contention=0.0ms, TOTAL=19.5ms | audio=600ms, RTF=0.03x | model=enhanced_mel, neural_total=18.8ms, model_inference=10.9ms
[TIMING] EnhancedMel.transcribe: audio_to_gpu=0.3ms, features=0.8ms, model=15.6ms, decode=5.4ms | TOTAL=22.1ms for 3000ms audio (RTF=0.01x)
[TIMING] stream_chunk[experiment-9c5d512287d544f5b3247d8ede68c4c6](live_neural): decode=0.1ms, inference=24.6ms, second_pass=0.0ms, contention=0.0ms, TOTAL=24.8ms | audio=600ms, RTF=0.04x | model=enhanced_mel, neural_total=24.1ms, model_inference=15.6ms
[TIMING] EnhancedMel.transcribe: audio_to_gpu=0.3ms, features=1.4ms, model=11.9ms, decode=5.1ms | TOTAL=18.8ms for 3000ms audio (RTF=0.01x)
[TIMING] stream_chunk[experiment-9c5d512287d544f5b3247d8ede68c4c6](live_neural): decode=0.1ms, inference=21.9ms, second_pass=0.0ms, contention=0.0ms, TOTAL=22.2ms | audio=600ms, RTF=0.04x | model=enhanced_mel, neural_total=21.6ms, model_inference=11.9ms
[TIMING] EnhancedMel.transcribe: audio_to_gpu=0.1ms, features=0.5ms, model=12.5ms, decode=5.8ms | TOTAL=18.9ms for 3000ms audio (RTF=0.01x)
[TIMING] stream_chunk[experiment-9c5d512287d544f5b3247d8ede68c4c6](live_neural): decode=0.1ms, inference=22.1ms, second_pass=0.0ms, contention=0.0ms, TOTAL=22.3ms | audio=600ms, RTF=0.04x | model=enhanced_mel, neural_total=21.6ms, model_inference=12.5ms
[TIMING] EnhancedMel.transcribe: audio_to_gpu=0.2ms, features=0.4ms, model=11.9ms, decode=5.1ms | TOTAL=17.7ms for 3000ms audio (RTF=0.01x)
[TIMING] stream_chunk[experiment-9c5d512287d544f5b3247d8ede68c4c6](live_neural): decode=0.1ms, inference=19.9ms, second_pass=0.0ms, contention=0.0ms, TOTAL=20.1ms | audio=600ms, RTF=0.03x | model=enhanced_mel, neural_total=19.5ms, model_inference=11.9ms
[TIMING] EnhancedMel.transcribe: audio_to_gpu=0.5ms, features=0.5ms, model=11.7ms, decode=5.4ms | TOTAL=18.0ms for 3000ms audio (RTF=0.01x)
[TIMING] stream_chunk[experiment-9c5d512287d544f5b3247d8ede68c4c6](live_neural): decode=0.1ms, inference=21.4ms, second_pass=0.0ms, contention=0.0ms, TOTAL=21.7ms | audio=600ms, RTF=0.04x | model=enhanced_mel, neural_total=21.0ms, model_inference=11.7ms
[TIMING] EnhancedMel.transcribe: audio_to_gpu=0.2ms, features=0.4ms, model=12.2ms, decode=5.5ms | TOTAL=18.3ms for 3000ms audio (RTF=0.01x)
[TIMING] stream_chunk[experiment-9c5d512287d544f5b3247d8ede68c4c6](live_neural): decode=0.1ms, inference=20.7ms, second_pass=0.0ms, contention=0.0ms, TOTAL=21.0ms | audio=600ms, RTF=0.03x | model=enhanced_mel, neural_total=20.2ms, model_inference=12.2ms

[CLIP_033] SuiteBergamasque
  excerpt: start=30.00s end=36.00s duration=6.00s gt_notes=90 rms=0.0930 peak=0.4669 crest=5.021 rms_std=0.0382
    control:
      note metrics: precision=0.811 recall=0.956 f1=0.878 matched=86/90 pred=106
      strict onset f1: 10ms=0.806 20ms=0.878 30ms=0.878
      timing metrics: offset_f1=0.663 rhythm_precision=0.756 note_value_acc=0.279 note_value_n=86 avg_beat_error=0.199
      duplicate metrics: duplicates=11 per_100_notes=10.38
      boundary metrics: gt=33 matched=31 missed=2 miss_rate=0.061
      latency: avg_chunk_ms=20.56 p95_chunk_ms=24.88 avg_rtf=0.034
      notation metrics: first_correct_ms=24.0 visible_p50_ms=375.0 visible_p95_ms=625.6 stabilize_p50_ms=1916.8 stabilize_p95_ms=2915.5 avg_revisions=2.10 matched=21 refined=21 snapshots=19
      algorithmic latency: first_correct_ms=1.0 visible_p50_ms=358.9 visible_p95_ms=608.6 stabilize_p50_ms=1662.8 stabilize_p95_ms=2408.6
      final display note metrics: precision=0.912 recall=0.922 f1=0.917 matched=83/90 pred=91
      final display strict onset f1: 10ms=0.818 20ms=0.895 30ms=0.895
      final display timing: offset_f1=0.685 rhythm_precision=0.747 note_value_acc=0.217 note_value_n=83 avg_beat_error=0.241
      final display structure: cluster_f1=0.571 onset_align_recall=0.955 avg_jaccard=0.891 exact=14/22 pred=27 over=0 under=6 pitch_conflicts=1 missed_gt=1
      threshold profiles: hit_rate=0.000 thresholds=[0.7] profiles={'fixed_baseline': 10}
    treatment:
      note metrics: precision=0.811 recall=0.956 f1=0.878 matched=86/90 pred=106
      strict onset f1: 10ms=0.806 20ms=0.878 30ms=0.878
      timing metrics: offset_f1=0.663 rhythm_precision=0.756 note_value_acc=0.279 note_value_n=86 avg_beat_error=0.199
      duplicate metrics: duplicates=11 per_100_notes=10.38
      boundary metrics: gt=33 matched=31 missed=2 miss_rate=0.061
      latency: avg_chunk_ms=20.06 p95_chunk_ms=23.71 avg_rtf=0.033
      notation metrics: first_correct_ms=23.2 visible_p50_ms=375.4 visible_p95_ms=625.3 stabilize_p50_ms=1912.6 stabilize_p95_ms=2919.8 avg_revisions=2.10 matched=21 refined=21 snapshots=19
      algorithmic latency: first_correct_ms=1.0 visible_p50_ms=358.9 visible_p95_ms=608.6 stabilize_p50_ms=1662.8 stabilize_p95_ms=2408.6
      final display note metrics: precision=0.912 recall=0.922 f1=0.917 matched=83/90 pred=91
      final display strict onset f1: 10ms=0.818 20ms=0.895 30ms=0.895
      final display timing: offset_f1=0.685 rhythm_precision=0.747 note_value_acc=0.217 note_value_n=83 avg_beat_error=0.241
      final display structure: cluster_f1=0.571 onset_align_recall=0.955 avg_jaccard=0.891 exact=14/22 pred=27 over=0 under=6 pitch_conflicts=1 missed_gt=1
      threshold profiles: hit_rate=0.200 thresholds=[0.7, 0.72] profiles={'baseline_nominal': 8, 'loud_dense_precision': 2}
    delta treatment-control: precision=+0.000 recall=+0.000 f1=+0.000 offset_f1=+0.000 note_value_acc=+0.000 dup_per_100=+0.00 boundary_miss_rate=+0.000 p95_chunk_ms=-1.17 f1_10ms=+0.000 f1_20ms=+0.000 f1_30ms=+0.000 visible_p50_ms=+0.4 stabilize_p50_ms=-4.3 algo_visible_p50_ms=+0.0 algo_stabilize_p50_ms=+0.0 avg_revisions=+0.00 display_note_f1=+0.000 display_offset_f1=+0.000 display_cluster_f1=+0.000 display_cluster_jaccard=+0.000
    failure buckets: ['boundary_miss_failure', 'high_revision_slow_stabilization', 'note_value_offset_failure']
      boundary diagnostics: missed=2 by_arm={'control': 2, 'treatment': 2} tags={'control_boundary_miss': 2, 'no_control_coarse_candidate': 2}
        miss: pitch=72 onset=3.523s boundary_delta_ms=-76.6 control_coarse=False treatment_coarse=False retro=n/a
        miss: pitch=76 onset=4.204s boundary_delta_ms=+4.4 control_coarse=False treatment_coarse=False retro=n/a
[TIMING] EnhancedMel.transcribe: audio_to_gpu=0.5ms, features=0.6ms, model=10.3ms, decode=1.4ms | TOTAL=12.6ms for 600ms audio (RTF=0.02x)
[TIMING] stream_chunk[experiment-65bf33a99877418e8cb188c98a59d9f9](live_neural): decode=0.1ms, inference=14.4ms, second_pass=0.0ms, contention=0.0ms, TOTAL=14.6ms | audio=600ms, RTF=0.02x | model=enhanced_mel, neural_total=13.9ms, model_inference=10.3ms
[TIMING] EnhancedMel.transcribe: audio_to_gpu=0.2ms, features=0.4ms, model=10.3ms, decode=2.4ms | TOTAL=13.3ms for 1200ms audio (RTF=0.01x)
[TIMING] stream_chunk[experiment-65bf33a99877418e8cb188c98a59d9f9](live_neural): decode=0.1ms, inference=15.2ms, second_pass=0.0ms, contention=0.0ms, TOTAL=15.4ms | audio=600ms, RTF=0.03x | model=enhanced_mel, neural_total=14.7ms, model_inference=10.3ms
[TIMING] EnhancedMel.transcribe: audio_to_gpu=0.2ms, features=0.6ms, model=12.0ms, decode=3.3ms | TOTAL=16.1ms for 1800ms audio (RTF=0.01x)
[TIMING] stream_chunk[experiment-65bf33a99877418e8cb188c98a59d9f9](live_neural): decode=0.1ms, inference=18.0ms, second_pass=0.0ms, contention=0.0ms, TOTAL=18.2ms | audio=600ms, RTF=0.03x | model=enhanced_mel, neural_total=17.6ms, model_inference=12.0ms
[TIMING] EnhancedMel.transcribe: audio_to_gpu=0.4ms, features=0.6ms, model=18.6ms, decode=4.5ms | TOTAL=24.1ms for 2400ms audio (RTF=0.01x)
[TIMING] stream_chunk[experiment-65bf33a99877418e8cb188c98a59d9f9](live_neural): decode=0.1ms, inference=26.2ms, second_pass=0.0ms, contention=0.0ms, TOTAL=26.4ms | audio=600ms, RTF=0.04x | model=enhanced_mel, neural_total=25.9ms, model_inference=18.6ms
[TIMING] EnhancedMel.transcribe: audio_to_gpu=0.3ms, features=3.5ms, model=12.6ms, decode=5.6ms | TOTAL=22.0ms for 3000ms audio (RTF=0.01x)
[TIMING] stream_chunk[experiment-65bf33a99877418e8cb188c98a59d9f9](live_neural): decode=0.1ms, inference=25.1ms, second_pass=0.0ms, contention=0.0ms, TOTAL=25.4ms | audio=600ms, RTF=0.04x | model=enhanced_mel, neural_total=24.8ms, model_inference=12.6ms
[TIMING] EnhancedMel.transcribe: audio_to_gpu=0.2ms, features=0.5ms, model=11.9ms, decode=5.2ms | TOTAL=17.8ms for 3000ms audio (RTF=0.01x)
[TIMING] stream_chunk[experiment-65bf33a99877418e8cb188c98a59d9f9](live_neural): decode=0.1ms, inference=21.5ms, second_pass=0.0ms, contention=0.0ms, TOTAL=21.7ms | audio=600ms, RTF=0.04x | model=enhanced_mel, neural_total=20.9ms, model_inference=11.9ms
[TIMING] EnhancedMel.transcribe: audio_to_gpu=0.2ms, features=0.6ms, model=12.4ms, decode=5.3ms | TOTAL=18.4ms for 3000ms audio (RTF=0.01x)
[TIMING] stream_chunk[experiment-65bf33a99877418e8cb188c98a59d9f9](live_neural): decode=0.1ms, inference=22.0ms, second_pass=0.0ms, contention=0.0ms, TOTAL=22.2ms | audio=600ms, RTF=0.04x | model=enhanced_mel, neural_total=21.6ms, model_inference=12.4ms
[TIMING] EnhancedMel.transcribe: audio_to_gpu=0.2ms, features=0.5ms, model=13.3ms, decode=5.4ms | TOTAL=19.4ms for 3000ms audio (RTF=0.01x)
[TIMING] stream_chunk[experiment-65bf33a99877418e8cb188c98a59d9f9](live_neural): decode=0.1ms, inference=22.6ms, second_pass=0.0ms, contention=0.0ms, TOTAL=22.8ms | audio=600ms, RTF=0.04x | model=enhanced_mel, neural_total=22.2ms, model_inference=13.3ms
[TIMING] EnhancedMel.transcribe: audio_to_gpu=0.3ms, features=3.7ms, model=15.3ms, decode=7.7ms | TOTAL=27.0ms for 3000ms audio (RTF=0.01x)
[TIMING] stream_chunk[experiment-65bf33a99877418e8cb188c98a59d9f9](live_neural): decode=0.1ms, inference=29.5ms, second_pass=0.0ms, contention=0.0ms, TOTAL=29.8ms | audio=600ms, RTF=0.05x | model=enhanced_mel, neural_total=29.1ms, model_inference=15.3ms
[TIMING] EnhancedMel.transcribe: audio_to_gpu=0.4ms, features=0.5ms, model=11.8ms, decode=5.5ms | TOTAL=18.2ms for 3000ms audio (RTF=0.01x)
[TIMING] stream_chunk[experiment-65bf33a99877418e8cb188c98a59d9f9](live_neural): decode=0.1ms, inference=21.2ms, second_pass=0.0ms, contention=0.0ms, TOTAL=21.5ms | audio=600ms, RTF=0.04x | model=enhanced_mel, neural_total=20.5ms, model_inference=11.8ms
[TIMING] EnhancedMel.transcribe: audio_to_gpu=0.4ms, features=0.6ms, model=10.5ms, decode=1.3ms | TOTAL=12.8ms for 600ms audio (RTF=0.02x)
[TIMING] stream_chunk[experiment-f2dd2fa47eed4e8d8c60abfaf0d1c107](live_neural): decode=0.1ms, inference=16.3ms, second_pass=0.0ms, contention=0.0ms, TOTAL=16.5ms | audio=600ms, RTF=0.03x | model=enhanced_mel, neural_total=15.8ms, model_inference=10.5ms
[TIMING] EnhancedMel.transcribe: audio_to_gpu=0.3ms, features=0.4ms, model=9.7ms, decode=2.3ms | TOTAL=12.6ms for 1200ms audio (RTF=0.01x)
[TIMING] stream_chunk[experiment-f2dd2fa47eed4e8d8c60abfaf0d1c107](live_neural): decode=0.3ms, inference=15.3ms, second_pass=0.0ms, contention=0.0ms, TOTAL=15.6ms | audio=600ms, RTF=0.03x | model=enhanced_mel, neural_total=14.9ms, model_inference=9.7ms
[TIMING] EnhancedMel.transcribe: audio_to_gpu=0.4ms, features=3.7ms, model=11.1ms, decode=3.4ms | TOTAL=18.6ms for 1800ms audio (RTF=0.01x)
[TIMING] stream_chunk[experiment-f2dd2fa47eed4e8d8c60abfaf0d1c107](live_neural): decode=0.1ms, inference=21.3ms, second_pass=0.0ms, contention=0.0ms, TOTAL=21.5ms | audio=600ms, RTF=0.04x | model=enhanced_mel, neural_total=20.9ms, model_inference=11.1ms
[TIMING] EnhancedMel.transcribe: audio_to_gpu=0.2ms, features=0.6ms, model=21.4ms, decode=4.6ms | TOTAL=26.8ms for 2400ms audio (RTF=0.01x)
[TIMING] stream_chunk[experiment-f2dd2fa47eed4e8d8c60abfaf0d1c107](live_neural): decode=0.1ms, inference=28.9ms, second_pass=0.0ms, contention=0.0ms, TOTAL=29.2ms | audio=600ms, RTF=0.05x | model=enhanced_mel, neural_total=28.5ms, model_inference=21.4ms
[TIMING] EnhancedMel.transcribe: audio_to_gpu=0.2ms, features=0.4ms, model=12.5ms, decode=5.4ms | TOTAL=18.4ms for 3000ms audio (RTF=0.01x)
[TIMING] stream_chunk[experiment-f2dd2fa47eed4e8d8c60abfaf0d1c107](live_neural): decode=0.1ms, inference=20.9ms, second_pass=0.0ms, contention=0.0ms, TOTAL=21.2ms | audio=600ms, RTF=0.04x | model=enhanced_mel, neural_total=20.3ms, model_inference=12.5ms
[TIMING] EnhancedMel.transcribe: audio_to_gpu=0.3ms, features=1.6ms, model=16.1ms, decode=5.4ms | TOTAL=23.4ms for 3000ms audio (RTF=0.01x)
[TIMING] stream_chunk[experiment-f2dd2fa47eed4e8d8c60abfaf0d1c107](live_neural): decode=0.1ms, inference=26.0ms, second_pass=0.0ms, contention=0.0ms, TOTAL=26.3ms | audio=600ms, RTF=0.04x | model=enhanced_mel, neural_total=25.6ms, model_inference=16.1ms
[TIMING] EnhancedMel.transcribe: audio_to_gpu=0.2ms, features=2.2ms, model=11.7ms, decode=5.3ms | TOTAL=19.4ms for 3000ms audio (RTF=0.01x)
[TIMING] stream_chunk[experiment-f2dd2fa47eed4e8d8c60abfaf0d1c107](live_neural): decode=0.1ms, inference=21.8ms, second_pass=0.0ms, contention=0.0ms, TOTAL=22.1ms | audio=600ms, RTF=0.04x | model=enhanced_mel, neural_total=21.3ms, model_inference=11.7ms
[TIMING] EnhancedMel.transcribe: audio_to_gpu=0.2ms, features=0.4ms, model=12.2ms, decode=7.5ms | TOTAL=20.3ms for 3000ms audio (RTF=0.01x)
[TIMING] stream_chunk[experiment-f2dd2fa47eed4e8d8c60abfaf0d1c107](live_neural): decode=0.1ms, inference=22.5ms, second_pass=0.0ms, contention=0.0ms, TOTAL=22.8ms | audio=600ms, RTF=0.04x | model=enhanced_mel, neural_total=22.2ms, model_inference=12.2ms
[TIMING] EnhancedMel.transcribe: audio_to_gpu=0.4ms, features=2.4ms, model=11.7ms, decode=5.4ms | TOTAL=19.8ms for 3000ms audio (RTF=0.01x)
[TIMING] stream_chunk[experiment-f2dd2fa47eed4e8d8c60abfaf0d1c107](live_neural): decode=0.1ms, inference=23.1ms, second_pass=0.0ms, contention=0.0ms, TOTAL=23.4ms | audio=600ms, RTF=0.04x | model=enhanced_mel, neural_total=22.7ms, model_inference=11.7ms
[TIMING] EnhancedMel.transcribe: audio_to_gpu=0.3ms, features=1.9ms, model=19.7ms, decode=5.5ms | TOTAL=27.4ms for 3000ms audio (RTF=0.01x)
[TIMING] stream_chunk[experiment-f2dd2fa47eed4e8d8c60abfaf0d1c107](live_neural): decode=0.1ms, inference=30.6ms, second_pass=0.0ms, contention=0.0ms, TOTAL=30.9ms | audio=600ms, RTF=0.05x | model=enhanced_mel, neural_total=30.3ms, model_inference=19.7ms

[CLIP_034] Sonata K. 525
  excerpt: start=15.00s end=21.00s duration=6.00s gt_notes=84 rms=0.0631 peak=0.5078 crest=8.050 rms_std=0.0358
    control:
      note metrics: precision=0.916 recall=0.905 f1=0.910 matched=76/84 pred=83
      strict onset f1: 10ms=0.826 20ms=0.910 30ms=0.910
      timing metrics: offset_f1=0.838 rhythm_precision=0.921 note_value_acc=0.526 note_value_n=76 avg_beat_error=0.130
      duplicate metrics: duplicates=1 per_100_notes=1.20
      boundary metrics: gt=28 matched=25 missed=3 miss_rate=0.107
      latency: avg_chunk_ms=21.80 p95_chunk_ms=28.29 avg_rtf=0.036
      notation metrics: first_correct_ms=38.6 visible_p50_ms=290.9 visible_p95_ms=586.9 stabilize_p50_ms=1570.7 stabilize_p95_ms=2463.8 avg_revisions=1.81 matched=31 refined=31 snapshots=20
      algorithmic latency: first_correct_ms=16.4 visible_p50_ms=275.5 visible_p95_ms=571.9 stabilize_p50_ms=1514.3 stabilize_p95_ms=2391.0
      final display note metrics: precision=0.926 recall=0.893 f1=0.909 matched=75/84 pred=81
      final display strict onset f1: 10ms=0.824 20ms=0.909 30ms=0.909
      final display timing: offset_f1=0.836 rhythm_precision=0.920 note_value_acc=0.480 note_value_n=75 avg_beat_error=0.239
      final display structure: cluster_f1=0.795 onset_align_recall=1.000 avg_jaccard=0.912 exact=29/36 pred=37 over=3 under=3 pitch_conflicts=1 missed_gt=0
      threshold profiles: hit_rate=0.000 thresholds=[0.7] profiles={'fixed_baseline': 10}
    treatment:
      note metrics: precision=0.916 recall=0.905 f1=0.910 matched=76/84 pred=83
      strict onset f1: 10ms=0.826 20ms=0.910 30ms=0.910
      timing metrics: offset_f1=0.838 rhythm_precision=0.921 note_value_acc=0.526 note_value_n=76 avg_beat_error=0.130
      duplicate metrics: duplicates=1 per_100_notes=1.20
      boundary metrics: gt=28 matched=25 missed=3 miss_rate=0.107
      latency: avg_chunk_ms=22.95 p95_chunk_ms=30.13 avg_rtf=0.038
      notation metrics: first_correct_ms=38.5 visible_p50_ms=291.2 visible_p95_ms=588.0 stabilize_p50_ms=1574.5 stabilize_p95_ms=2466.1 avg_revisions=1.81 matched=31 refined=31 snapshots=20
      algorithmic latency: first_correct_ms=16.4 visible_p50_ms=275.5 visible_p95_ms=571.9 stabilize_p50_ms=1514.3 stabilize_p95_ms=2391.0
      final display note metrics: precision=0.926 recall=0.893 f1=0.909 matched=75/84 pred=81
      final display strict onset f1: 10ms=0.824 20ms=0.909 30ms=0.909
      final display timing: offset_f1=0.836 rhythm_precision=0.920 note_value_acc=0.480 note_value_n=75 avg_beat_error=0.239
      final display structure: cluster_f1=0.795 onset_align_recall=1.000 avg_jaccard=0.912 exact=29/36 pred=37 over=3 under=3 pitch_conflicts=1 missed_gt=0
      threshold profiles: hit_rate=0.000 thresholds=[0.7] profiles={'baseline_nominal': 10}
    delta treatment-control: precision=+0.000 recall=+0.000 f1=+0.000 offset_f1=+0.000 note_value_acc=+0.000 dup_per_100=+0.00 boundary_miss_rate=+0.000 p95_chunk_ms=+1.84 f1_10ms=+0.000 f1_20ms=+0.000 f1_30ms=+0.000 visible_p50_ms=+0.3 stabilize_p50_ms=+3.8 algo_visible_p50_ms=+0.0 algo_stabilize_p50_ms=+0.0 avg_revisions=+0.00 display_note_f1=+0.000 display_offset_f1=+0.000 display_cluster_f1=+0.000 display_cluster_jaccard=+0.000
    failure buckets: ['boundary_miss_failure', 'high_revision_slow_stabilization']
      boundary diagnostics: missed=3 by_arm={'control': 3, 'treatment': 3} tags={'control_boundary_miss': 3, 'no_control_coarse_candidate': 3}
        miss: pitch=74 onset=1.875s boundary_delta_ms=+75.0 control_coarse=False treatment_coarse=False retro=n/a
        miss: pitch=38 onset=1.882s boundary_delta_ms=+81.5 control_coarse=False treatment_coarse=False retro=n/a
        miss: pitch=35 onset=1.897s boundary_delta_ms=+97.1 control_coarse=False treatment_coarse=False retro=n/a
[TIMING] EnhancedMel.transcribe: audio_to_gpu=0.6ms, features=0.6ms, model=10.2ms, decode=1.2ms | TOTAL=12.6ms for 600ms audio (RTF=0.02x)
[TIMING] stream_chunk[experiment-c49c9ffeac3146f6a0063b32c1715f9d](live_neural): decode=0.2ms, inference=15.3ms, second_pass=0.0ms, contention=0.0ms, TOTAL=15.5ms | audio=600ms, RTF=0.03x | model=enhanced_mel, neural_total=14.8ms, model_inference=10.2ms
[TIMING] EnhancedMel.transcribe: audio_to_gpu=0.2ms, features=0.4ms, model=10.2ms, decode=2.5ms | TOTAL=13.2ms for 1200ms audio (RTF=0.01x)
[TIMING] stream_chunk[experiment-c49c9ffeac3146f6a0063b32c1715f9d](live_neural): decode=0.1ms, inference=15.2ms, second_pass=0.0ms, contention=0.0ms, TOTAL=15.4ms | audio=600ms, RTF=0.03x | model=enhanced_mel, neural_total=14.9ms, model_inference=10.2ms
[TIMING] EnhancedMel.transcribe: audio_to_gpu=0.3ms, features=0.6ms, model=17.0ms, decode=3.3ms | TOTAL=21.1ms for 1800ms audio (RTF=0.01x)
[TIMING] stream_chunk[experiment-c49c9ffeac3146f6a0063b32c1715f9d](live_neural): decode=0.1ms, inference=23.0ms, second_pass=0.0ms, contention=0.0ms, TOTAL=23.3ms | audio=600ms, RTF=0.04x | model=enhanced_mel, neural_total=22.7ms, model_inference=17.0ms
[TIMING] EnhancedMel.transcribe: audio_to_gpu=0.2ms, features=0.3ms, model=11.3ms, decode=4.3ms | TOTAL=16.1ms for 2400ms audio (RTF=0.01x)
[TIMING] stream_chunk[experiment-c49c9ffeac3146f6a0063b32c1715f9d](live_neural): decode=0.1ms, inference=18.4ms, second_pass=0.0ms, contention=0.0ms, TOTAL=18.6ms | audio=600ms, RTF=0.03x | model=enhanced_mel, neural_total=18.1ms, model_inference=11.3ms
[TIMING] EnhancedMel.transcribe: audio_to_gpu=0.3ms, features=0.5ms, model=11.9ms, decode=5.5ms | TOTAL=18.2ms for 3000ms audio (RTF=0.01x)
[TIMING] stream_chunk[experiment-c49c9ffeac3146f6a0063b32c1715f9d](live_neural): decode=0.1ms, inference=20.9ms, second_pass=0.0ms, contention=0.0ms, TOTAL=21.1ms | audio=600ms, RTF=0.04x | model=enhanced_mel, neural_total=20.4ms, model_inference=11.9ms
[TIMING] EnhancedMel.transcribe: audio_to_gpu=0.2ms, features=0.4ms, model=12.4ms, decode=6.3ms | TOTAL=19.3ms for 3000ms audio (RTF=0.01x)
[TIMING] stream_chunk[experiment-c49c9ffeac3146f6a0063b32c1715f9d](live_neural): decode=0.1ms, inference=21.7ms, second_pass=0.0ms, contention=0.0ms, TOTAL=21.9ms | audio=600ms, RTF=0.04x | model=enhanced_mel, neural_total=21.2ms, model_inference=12.4ms
[TIMING] EnhancedMel.transcribe: audio_to_gpu=0.2ms, features=0.4ms, model=11.9ms, decode=5.4ms | TOTAL=18.0ms for 3000ms audio (RTF=0.01x)
[TIMING] stream_chunk[experiment-c49c9ffeac3146f6a0063b32c1715f9d](live_neural): decode=0.1ms, inference=21.3ms, second_pass=0.0ms, contention=0.0ms, TOTAL=21.6ms | audio=600ms, RTF=0.04x | model=enhanced_mel, neural_total=20.9ms, model_inference=11.9ms
[TIMING] EnhancedMel.transcribe: audio_to_gpu=0.3ms, features=0.5ms, model=11.8ms, decode=5.4ms | TOTAL=18.0ms for 3000ms audio (RTF=0.01x)
[TIMING] stream_chunk[experiment-c49c9ffeac3146f6a0063b32c1715f9d](live_neural): decode=0.1ms, inference=21.3ms, second_pass=0.0ms, contention=0.0ms, TOTAL=21.5ms | audio=600ms, RTF=0.04x | model=enhanced_mel, neural_total=20.9ms, model_inference=11.8ms
[TIMING] EnhancedMel.transcribe: audio_to_gpu=0.1ms, features=0.4ms, model=11.9ms, decode=5.3ms | TOTAL=17.8ms for 3000ms audio (RTF=0.01x)
[TIMING] stream_chunk[experiment-c49c9ffeac3146f6a0063b32c1715f9d](live_neural): decode=0.1ms, inference=20.2ms, second_pass=0.0ms, contention=0.0ms, TOTAL=20.4ms | audio=600ms, RTF=0.03x | model=enhanced_mel, neural_total=19.8ms, model_inference=11.9ms
[TIMING] EnhancedMel.transcribe: audio_to_gpu=0.3ms, features=0.4ms, model=11.8ms, decode=5.2ms | TOTAL=17.8ms for 3000ms audio (RTF=0.01x)
[TIMING] stream_chunk[experiment-c49c9ffeac3146f6a0063b32c1715f9d](live_neural): decode=0.1ms, inference=21.1ms, second_pass=0.0ms, contention=0.0ms, TOTAL=21.4ms | audio=600ms, RTF=0.04x | model=enhanced_mel, neural_total=20.7ms, model_inference=11.8ms
[TIMING] EnhancedMel.transcribe: audio_to_gpu=0.4ms, features=0.6ms, model=11.4ms, decode=1.3ms | TOTAL=13.7ms for 600ms audio (RTF=0.02x)
[TIMING] stream_chunk[experiment-502e08f7a20149c8b7e188517d423b36](live_neural): decode=0.2ms, inference=15.7ms, second_pass=0.0ms, contention=0.0ms, TOTAL=15.9ms | audio=600ms, RTF=0.03x | model=enhanced_mel, neural_total=15.3ms, model_inference=11.4ms
[TIMING] EnhancedMel.transcribe: audio_to_gpu=0.1ms, features=0.3ms, model=10.0ms, decode=2.3ms | TOTAL=12.7ms for 1200ms audio (RTF=0.01x)
[TIMING] stream_chunk[experiment-502e08f7a20149c8b7e188517d423b36](live_neural): decode=0.1ms, inference=14.4ms, second_pass=0.0ms, contention=0.0ms, TOTAL=14.6ms | audio=600ms, RTF=0.02x | model=enhanced_mel, neural_total=14.0ms, model_inference=10.0ms
[TIMING] EnhancedMel.transcribe: audio_to_gpu=0.1ms, features=0.4ms, model=11.0ms, decode=3.3ms | TOTAL=14.7ms for 1800ms audio (RTF=0.01x)
[TIMING] stream_chunk[experiment-502e08f7a20149c8b7e188517d423b36](live_neural): decode=0.1ms, inference=16.5ms, second_pass=0.0ms, contention=0.0ms, TOTAL=16.7ms | audio=600ms, RTF=0.03x | model=enhanced_mel, neural_total=16.2ms, model_inference=11.0ms
[TIMING] EnhancedMel.transcribe: audio_to_gpu=0.2ms, features=0.4ms, model=10.9ms, decode=4.4ms | TOTAL=15.9ms for 2400ms audio (RTF=0.01x)
[TIMING] stream_chunk[experiment-502e08f7a20149c8b7e188517d423b36](live_neural): decode=0.1ms, inference=18.1ms, second_pass=0.0ms, contention=0.0ms, TOTAL=18.4ms | audio=600ms, RTF=0.03x | model=enhanced_mel, neural_total=17.7ms, model_inference=10.9ms
[TIMING] EnhancedMel.transcribe: audio_to_gpu=0.2ms, features=0.4ms, model=12.3ms, decode=5.3ms | TOTAL=18.2ms for 3000ms audio (RTF=0.01x)
[TIMING] stream_chunk[experiment-502e08f7a20149c8b7e188517d423b36](live_neural): decode=0.1ms, inference=20.4ms, second_pass=0.0ms, contention=0.0ms, TOTAL=20.6ms | audio=600ms, RTF=0.03x | model=enhanced_mel, neural_total=20.0ms, model_inference=12.3ms
[TIMING] EnhancedMel.transcribe: audio_to_gpu=0.2ms, features=0.5ms, model=11.7ms, decode=7.0ms | TOTAL=19.4ms for 3000ms audio (RTF=0.01x)
[TIMING] stream_chunk[experiment-502e08f7a20149c8b7e188517d423b36](live_neural): decode=0.1ms, inference=21.6ms, second_pass=0.0ms, contention=0.0ms, TOTAL=21.9ms | audio=600ms, RTF=0.04x | model=enhanced_mel, neural_total=21.3ms, model_inference=11.7ms
[TIMING] EnhancedMel.transcribe: audio_to_gpu=0.3ms, features=0.4ms, model=17.1ms, decode=5.5ms | TOTAL=23.3ms for 3000ms audio (RTF=0.01x)
[TIMING] stream_chunk[experiment-502e08f7a20149c8b7e188517d423b36](live_neural): decode=0.1ms, inference=26.8ms, second_pass=0.0ms, contention=0.0ms, TOTAL=27.0ms | audio=600ms, RTF=0.05x | model=enhanced_mel, neural_total=26.4ms, model_inference=17.1ms
[TIMING] EnhancedMel.transcribe: audio_to_gpu=0.2ms, features=0.7ms, model=12.3ms, decode=5.5ms | TOTAL=18.7ms for 3000ms audio (RTF=0.01x)
[TIMING] stream_chunk[experiment-502e08f7a20149c8b7e188517d423b36](live_neural): decode=0.1ms, inference=21.0ms, second_pass=0.0ms, contention=0.0ms, TOTAL=21.3ms | audio=600ms, RTF=0.04x | model=enhanced_mel, neural_total=20.6ms, model_inference=12.3ms
[TIMING] EnhancedMel.transcribe: audio_to_gpu=0.3ms, features=0.5ms, model=12.1ms, decode=5.4ms | TOTAL=18.2ms for 3000ms audio (RTF=0.01x)
[TIMING] stream_chunk[experiment-502e08f7a20149c8b7e188517d423b36](live_neural): decode=0.1ms, inference=21.7ms, second_pass=0.0ms, contention=0.0ms, TOTAL=22.0ms | audio=600ms, RTF=0.04x | model=enhanced_mel, neural_total=21.4ms, model_inference=12.1ms
[TIMING] EnhancedMel.transcribe: audio_to_gpu=0.2ms, features=0.5ms, model=12.0ms, decode=5.3ms | TOTAL=18.0ms for 3000ms audio (RTF=0.01x)
[TIMING] stream_chunk[experiment-502e08f7a20149c8b7e188517d423b36](live_neural): decode=0.1ms, inference=21.6ms, second_pass=0.0ms, contention=0.0ms, TOTAL=22.0ms | audio=600ms, RTF=0.04x | model=enhanced_mel, neural_total=21.1ms, model_inference=12.0ms

[CLIP_035] Estampes (Complete)
  excerpt: start=81.00s end=87.00s duration=6.00s gt_notes=79 rms=0.0222 peak=0.1165 crest=5.245 rms_std=0.0068
    control:
      note metrics: precision=0.810 recall=0.810 f1=0.810 matched=64/79 pred=79
      strict onset f1: 10ms=0.608 20ms=0.810 30ms=0.810
      timing metrics: offset_f1=0.582 rhythm_precision=0.719 note_value_acc=0.234 note_value_n=64 avg_beat_error=0.149
      duplicate metrics: duplicates=7 per_100_notes=8.86
      boundary metrics: gt=30 matched=26 missed=4 miss_rate=0.133
      latency: avg_chunk_ms=20.08 p95_chunk_ms=22.65 avg_rtf=0.034
      notation metrics: first_correct_ms=29.0 visible_p50_ms=397.5 visible_p95_ms=687.1 stabilize_p50_ms=1092.3 stabilize_p95_ms=2058.4 avg_revisions=1.40 matched=43 refined=43 snapshots=21
      algorithmic latency: first_correct_ms=5.7 visible_p50_ms=374.2 visible_p95_ms=666.6 stabilize_p50_ms=643.5 stabilize_p95_ms=1674.0
      final display note metrics: precision=0.900 recall=0.797 f1=0.846 matched=63/79 pred=70
      final display strict onset f1: 10ms=0.631 20ms=0.846 30ms=0.846
      final display timing: offset_f1=0.617 rhythm_precision=0.730 note_value_acc=0.159 note_value_n=63 avg_beat_error=0.229
      final display structure: cluster_f1=0.500 onset_align_recall=1.000 avg_jaccard=0.768 exact=18/34 pred=38 over=1 under=13 pitch_conflicts=2 missed_gt=0
      threshold profiles: hit_rate=0.000 thresholds=[0.7] profiles={'fixed_baseline': 10}
    treatment:
      note metrics: precision=0.802 recall=0.823 f1=0.813 matched=65/79 pred=81
      strict onset f1: 10ms=0.613 20ms=0.813 30ms=0.813
      timing metrics: offset_f1=0.587 rhythm_precision=0.723 note_value_acc=0.215 note_value_n=65 avg_beat_error=0.151
      duplicate metrics: duplicates=8 per_100_notes=9.88
      boundary metrics: gt=30 matched=26 missed=4 miss_rate=0.133
      latency: avg_chunk_ms=20.03 p95_chunk_ms=24.76 avg_rtf=0.033
      notation metrics: first_correct_ms=22.5 visible_p50_ms=391.0 visible_p95_ms=684.7 stabilize_p50_ms=1249.1 stabilize_p95_ms=2094.3 avg_revisions=1.63 matched=41 refined=41 snapshots=21
      algorithmic latency: first_correct_ms=5.7 visible_p50_ms=374.2 visible_p95_ms=664.1 stabilize_p50_ms=824.2 stabilize_p95_ms=1693.0
      final display note metrics: precision=0.901 recall=0.810 f1=0.853 matched=64/79 pred=71
      final display strict onset f1: 10ms=0.640 20ms=0.853 30ms=0.853
      final display timing: offset_f1=0.627 rhythm_precision=0.734 note_value_acc=0.219 note_value_n=64 avg_beat_error=0.221
      final display structure: cluster_f1=0.528 onset_align_recall=1.000 avg_jaccard=0.782 exact=19/34 pred=38 over=1 under=12 pitch_conflicts=2 missed_gt=0
      threshold profiles: hit_rate=0.400 thresholds=[0.66, 0.7] profiles={'baseline_nominal': 6, 'soft_sparse_recall': 4}
    delta treatment-control: precision=-0.008 recall=+0.013 f1=+0.002 offset_f1=+0.005 note_value_acc=-0.019 dup_per_100=+1.02 boundary_miss_rate=+0.000 p95_chunk_ms=+2.10 f1_10ms=+0.005 f1_20ms=+0.002 f1_30ms=+0.002 visible_p50_ms=-6.5 stabilize_p50_ms=+156.8 algo_visible_p50_ms=+0.0 algo_stabilize_p50_ms=+180.7 avg_revisions=+0.24 display_note_f1=+0.008 display_offset_f1=+0.009 display_cluster_f1=+0.028 display_cluster_jaccard=+0.015
    failure buckets: ['boundary_miss_failure', 'high_revision_slow_stabilization', 'note_value_offset_failure']
      boundary diagnostics: missed=4 by_arm={'control': 4, 'treatment': 4} tags={'control_boundary_miss': 4, 'no_control_coarse_candidate': 4}
        miss: pitch=78 onset=2.499s boundary_delta_ms=+98.7 control_coarse=False treatment_coarse=False retro=n/a
        miss: pitch=68 onset=4.201s boundary_delta_ms=+0.5 control_coarse=False treatment_coarse=False retro=n/a
        miss: pitch=61 onset=5.991s boundary_delta_ms=-9.1 control_coarse=False treatment_coarse=False retro=n/a
        ... 1 more missed boundary notes in diagnostics JSON
[TIMING] EnhancedMel.transcribe: audio_to_gpu=0.4ms, features=0.7ms, model=11.3ms, decode=1.4ms | TOTAL=13.9ms for 600ms audio (RTF=0.02x)
[TIMING] stream_chunk[experiment-700c16836eb941bfb267e3cf03db1c26](live_neural): decode=0.1ms, inference=16.5ms, second_pass=0.0ms, contention=0.0ms, TOTAL=16.7ms | audio=600ms, RTF=0.03x | model=enhanced_mel, neural_total=16.0ms, model_inference=11.3ms
[TIMING] EnhancedMel.transcribe: audio_to_gpu=0.1ms, features=0.4ms, model=10.8ms, decode=2.4ms | TOTAL=13.7ms for 1200ms audio (RTF=0.01x)
[TIMING] stream_chunk[experiment-700c16836eb941bfb267e3cf03db1c26](live_neural): decode=0.1ms, inference=16.4ms, second_pass=0.0ms, contention=0.0ms, TOTAL=16.6ms | audio=600ms, RTF=0.03x | model=enhanced_mel, neural_total=15.9ms, model_inference=10.8ms
[TIMING] EnhancedMel.transcribe: audio_to_gpu=0.3ms, features=0.4ms, model=10.6ms, decode=3.5ms | TOTAL=14.9ms for 1800ms audio (RTF=0.01x)
[TIMING] stream_chunk[experiment-700c16836eb941bfb267e3cf03db1c26](live_neural): decode=0.3ms, inference=17.2ms, second_pass=0.0ms, contention=0.0ms, TOTAL=17.6ms | audio=600ms, RTF=0.03x | model=enhanced_mel, neural_total=16.8ms, model_inference=10.6ms
[TIMING] EnhancedMel.transcribe: audio_to_gpu=0.2ms, features=0.4ms, model=12.2ms, decode=4.3ms | TOTAL=17.2ms for 2400ms audio (RTF=0.01x)
[TIMING] stream_chunk[experiment-700c16836eb941bfb267e3cf03db1c26](live_neural): decode=0.1ms, inference=19.5ms, second_pass=0.0ms, contention=0.0ms, TOTAL=19.7ms | audio=600ms, RTF=0.03x | model=enhanced_mel, neural_total=19.1ms, model_inference=12.2ms
[TIMING] EnhancedMel.transcribe: audio_to_gpu=0.1ms, features=0.3ms, model=12.6ms, decode=5.1ms | TOTAL=18.2ms for 3000ms audio (RTF=0.01x)
[TIMING] stream_chunk[experiment-700c16836eb941bfb267e3cf03db1c26](live_neural): decode=0.1ms, inference=20.6ms, second_pass=0.0ms, contention=0.0ms, TOTAL=20.9ms | audio=600ms, RTF=0.03x | model=enhanced_mel, neural_total=20.1ms, model_inference=12.6ms
[TIMING] EnhancedMel.transcribe: audio_to_gpu=0.2ms, features=0.5ms, model=11.9ms, decode=5.2ms | TOTAL=17.8ms for 3000ms audio (RTF=0.01x)
[TIMING] stream_chunk[experiment-700c16836eb941bfb267e3cf03db1c26](live_neural): decode=0.3ms, inference=20.7ms, second_pass=0.0ms, contention=0.0ms, TOTAL=21.2ms | audio=600ms, RTF=0.04x | model=enhanced_mel, neural_total=20.2ms, model_inference=11.9ms
[TIMING] EnhancedMel.transcribe: audio_to_gpu=0.2ms, features=0.5ms, model=11.6ms, decode=5.2ms | TOTAL=17.3ms for 3000ms audio (RTF=0.01x)
[TIMING] stream_chunk[experiment-700c16836eb941bfb267e3cf03db1c26](live_neural): decode=0.1ms, inference=19.7ms, second_pass=0.0ms, contention=0.0ms, TOTAL=19.9ms | audio=600ms, RTF=0.03x | model=enhanced_mel, neural_total=19.2ms, model_inference=11.6ms
[TIMING] EnhancedMel.transcribe: audio_to_gpu=0.4ms, features=0.6ms, model=15.8ms, decode=5.4ms | TOTAL=22.2ms for 3000ms audio (RTF=0.01x)
[TIMING] stream_chunk[experiment-700c16836eb941bfb267e3cf03db1c26](live_neural): decode=0.1ms, inference=24.4ms, second_pass=0.0ms, contention=0.0ms, TOTAL=24.7ms | audio=600ms, RTF=0.04x | model=enhanced_mel, neural_total=24.0ms, model_inference=15.8ms
[TIMING] EnhancedMel.transcribe: audio_to_gpu=0.3ms, features=0.6ms, model=12.9ms, decode=5.5ms | TOTAL=19.2ms for 3000ms audio (RTF=0.01x)
[TIMING] stream_chunk[experiment-700c16836eb941bfb267e3cf03db1c26](live_neural): decode=0.1ms, inference=22.5ms, second_pass=0.0ms, contention=0.0ms, TOTAL=22.9ms | audio=600ms, RTF=0.04x | model=enhanced_mel, neural_total=22.0ms, model_inference=12.9ms
[TIMING] EnhancedMel.transcribe: audio_to_gpu=0.2ms, features=0.5ms, model=11.6ms, decode=5.5ms | TOTAL=17.7ms for 3000ms audio (RTF=0.01x)
[TIMING] stream_chunk[experiment-700c16836eb941bfb267e3cf03db1c26](live_neural): decode=0.1ms, inference=20.1ms, second_pass=0.0ms, contention=0.0ms, TOTAL=20.5ms | audio=600ms, RTF=0.03x | model=enhanced_mel, neural_total=19.7ms, model_inference=11.6ms
[TIMING] EnhancedMel.transcribe: audio_to_gpu=0.4ms, features=0.5ms, model=10.2ms, decode=1.4ms | TOTAL=12.5ms for 600ms audio (RTF=0.02x)
[TIMING] stream_chunk[experiment-846f0a5492e3419d8e620a2503ef2b46](live_neural): decode=0.1ms, inference=14.0ms, second_pass=0.0ms, contention=0.0ms, TOTAL=14.2ms | audio=600ms, RTF=0.02x | model=enhanced_mel, neural_total=13.7ms, model_inference=10.2ms
[TIMING] EnhancedMel.transcribe: audio_to_gpu=0.1ms, features=0.3ms, model=10.1ms, decode=2.9ms | TOTAL=13.4ms for 1200ms audio (RTF=0.01x)
[TIMING] stream_chunk[experiment-846f0a5492e3419d8e620a2503ef2b46](live_neural): decode=0.1ms, inference=15.0ms, second_pass=0.0ms, contention=0.0ms, TOTAL=15.3ms | audio=600ms, RTF=0.03x | model=enhanced_mel, neural_total=14.7ms, model_inference=10.1ms
[TIMING] EnhancedMel.transcribe: audio_to_gpu=0.1ms, features=0.5ms, model=11.4ms, decode=3.4ms | TOTAL=15.3ms for 1800ms audio (RTF=0.01x)
[TIMING] stream_chunk[experiment-846f0a5492e3419d8e620a2503ef2b46](live_neural): decode=0.1ms, inference=17.1ms, second_pass=0.0ms, contention=0.0ms, TOTAL=17.3ms | audio=600ms, RTF=0.03x | model=enhanced_mel, neural_total=16.8ms, model_inference=11.4ms
[TIMING] EnhancedMel.transcribe: audio_to_gpu=0.2ms, features=0.3ms, model=12.0ms, decode=4.3ms | TOTAL=16.8ms for 2400ms audio (RTF=0.01x)
[TIMING] stream_chunk[experiment-846f0a5492e3419d8e620a2503ef2b46](live_neural): decode=0.1ms, inference=18.8ms, second_pass=0.0ms, contention=0.0ms, TOTAL=19.0ms | audio=600ms, RTF=0.03x | model=enhanced_mel, neural_total=18.5ms, model_inference=12.0ms
[TIMING] EnhancedMel.transcribe: audio_to_gpu=0.2ms, features=0.4ms, model=12.3ms, decode=5.2ms | TOTAL=18.1ms for 3000ms audio (RTF=0.01x)
[TIMING] stream_chunk[experiment-846f0a5492e3419d8e620a2503ef2b46](live_neural): decode=0.1ms, inference=20.4ms, second_pass=0.0ms, contention=0.0ms, TOTAL=20.8ms | audio=600ms, RTF=0.03x | model=enhanced_mel, neural_total=20.0ms, model_inference=12.3ms
[TIMING] EnhancedMel.transcribe: audio_to_gpu=0.2ms, features=0.8ms, model=12.6ms, decode=5.2ms | TOTAL=18.9ms for 3000ms audio (RTF=0.01x)
[TIMING] stream_chunk[experiment-846f0a5492e3419d8e620a2503ef2b46](live_neural): decode=0.2ms, inference=21.1ms, second_pass=0.0ms, contention=0.0ms, TOTAL=21.6ms | audio=600ms, RTF=0.04x | model=enhanced_mel, neural_total=20.8ms, model_inference=12.6ms
[TIMING] EnhancedMel.transcribe: audio_to_gpu=0.3ms, features=0.5ms, model=11.9ms, decode=5.2ms | TOTAL=17.8ms for 3000ms audio (RTF=0.01x)
[TIMING] stream_chunk[experiment-846f0a5492e3419d8e620a2503ef2b46](live_neural): decode=0.1ms, inference=20.0ms, second_pass=0.0ms, contention=0.0ms, TOTAL=20.2ms | audio=600ms, RTF=0.03x | model=enhanced_mel, neural_total=19.6ms, model_inference=11.9ms
[TIMING] EnhancedMel.transcribe: audio_to_gpu=0.2ms, features=2.6ms, model=11.9ms, decode=5.2ms | TOTAL=19.9ms for 3000ms audio (RTF=0.01x)
[TIMING] stream_chunk[experiment-846f0a5492e3419d8e620a2503ef2b46](live_neural): decode=0.1ms, inference=22.1ms, second_pass=0.0ms, contention=0.0ms, TOTAL=22.4ms | audio=600ms, RTF=0.04x | model=enhanced_mel, neural_total=21.8ms, model_inference=11.9ms
[TIMING] EnhancedMel.transcribe: audio_to_gpu=0.2ms, features=0.4ms, model=12.3ms, decode=5.4ms | TOTAL=18.4ms for 3000ms audio (RTF=0.01x)
[TIMING] stream_chunk[experiment-846f0a5492e3419d8e620a2503ef2b46](live_neural): decode=0.1ms, inference=20.6ms, second_pass=0.0ms, contention=0.0ms, TOTAL=20.9ms | audio=600ms, RTF=0.03x | model=enhanced_mel, neural_total=20.2ms, model_inference=12.3ms
[TIMING] EnhancedMel.transcribe: audio_to_gpu=0.3ms, features=0.5ms, model=12.3ms, decode=5.5ms | TOTAL=18.5ms for 3000ms audio (RTF=0.01x)
[TIMING] stream_chunk[experiment-846f0a5492e3419d8e620a2503ef2b46](live_neural): decode=0.1ms, inference=22.1ms, second_pass=0.0ms, contention=0.0ms, TOTAL=22.4ms | audio=600ms, RTF=0.04x | model=enhanced_mel, neural_total=21.6ms, model_inference=12.3ms

[CLIP_036] Sonata in D Major, K96
  excerpt: start=15.00s end=21.00s duration=6.00s gt_notes=81 rms=0.0569 peak=0.4561 crest=8.016 rms_std=0.0258
    control:
      note metrics: precision=0.928 recall=0.951 f1=0.939 matched=77/81 pred=83
      strict onset f1: 10ms=0.854 20ms=0.939 30ms=0.939
      timing metrics: offset_f1=0.854 rhythm_precision=0.909 note_value_acc=0.623 note_value_n=77 avg_beat_error=0.127
      duplicate metrics: duplicates=0 per_100_notes=0.00
      boundary metrics: gt=17 matched=17 missed=0 miss_rate=0.000
      latency: avg_chunk_ms=20.07 p95_chunk_ms=23.86 avg_rtf=0.033
      notation metrics: first_correct_ms=61.7 visible_p50_ms=350.7 visible_p95_ms=611.5 stabilize_p50_ms=979.7 stabilize_p95_ms=1898.5 avg_revisions=1.38 matched=52 refined=52 snapshots=21
      algorithmic latency: first_correct_ms=45.1 visible_p50_ms=330.1 visible_p95_ms=590.8 stabilize_p50_ms=471.6 stabilize_p95_ms=1060.7
      final display note metrics: precision=0.927 recall=0.938 f1=0.933 matched=76/81 pred=82
      final display strict onset f1: 10ms=0.847 20ms=0.933 30ms=0.933
      final display timing: offset_f1=0.847 rhythm_precision=0.908 note_value_acc=0.316 note_value_n=76 avg_beat_error=0.196
      final display structure: cluster_f1=0.636 onset_align_recall=0.889 avg_jaccard=0.881 exact=28/45 pred=43 over=7 under=5 pitch_conflicts=0 missed_gt=5
      threshold profiles: hit_rate=0.000 thresholds=[0.7] profiles={'fixed_baseline': 10}
    treatment:
      note metrics: precision=0.928 recall=0.951 f1=0.939 matched=77/81 pred=83
      strict onset f1: 10ms=0.854 20ms=0.939 30ms=0.939
      timing metrics: offset_f1=0.854 rhythm_precision=0.909 note_value_acc=0.623 note_value_n=77 avg_beat_error=0.127
      duplicate metrics: duplicates=0 per_100_notes=0.00
      boundary metrics: gt=17 matched=17 missed=0 miss_rate=0.000
      latency: avg_chunk_ms=19.41 p95_chunk_ms=22.42 avg_rtf=0.032
      notation metrics: first_correct_ms=60.3 visible_p50_ms=348.9 visible_p95_ms=612.8 stabilize_p50_ms=978.9 stabilize_p95_ms=1899.4 avg_revisions=1.38 matched=52 refined=52 snapshots=21
      algorithmic latency: first_correct_ms=45.1 visible_p50_ms=330.1 visible_p95_ms=590.8 stabilize_p50_ms=471.6 stabilize_p95_ms=1060.7
      final display note metrics: precision=0.927 recall=0.938 f1=0.933 matched=76/81 pred=82
      final display strict onset f1: 10ms=0.847 20ms=0.933 30ms=0.933
      final display timing: offset_f1=0.847 rhythm_precision=0.908 note_value_acc=0.316 note_value_n=76 avg_beat_error=0.196
      final display structure: cluster_f1=0.636 onset_align_recall=0.889 avg_jaccard=0.881 exact=28/45 pred=43 over=7 under=5 pitch_conflicts=0 missed_gt=5
      threshold profiles: hit_rate=0.000 thresholds=[0.7] profiles={'baseline_nominal': 10}
    delta treatment-control: precision=+0.000 recall=+0.000 f1=+0.000 offset_f1=+0.000 note_value_acc=+0.000 dup_per_100=+0.00 boundary_miss_rate=+0.000 p95_chunk_ms=-1.44 f1_10ms=+0.000 f1_20ms=+0.000 f1_30ms=+0.000 visible_p50_ms=-1.8 stabilize_p50_ms=-0.8 algo_visible_p50_ms=+0.0 algo_stabilize_p50_ms=+0.0 avg_revisions=+0.00 display_note_f1=+0.000 display_offset_f1=+0.000 display_cluster_f1=+0.000 display_cluster_jaccard=+0.000
    failure buckets: ['high_revision_slow_stabilization']
[TIMING] EnhancedMel.transcribe: audio_to_gpu=0.5ms, features=0.5ms, model=11.1ms, decode=1.3ms | TOTAL=13.4ms for 600ms audio (RTF=0.02x)
[TIMING] stream_chunk[experiment-0d923284588a4d408c5bda38bb9f9f35](live_neural): decode=0.1ms, inference=15.1ms, second_pass=0.0ms, contention=0.0ms, TOTAL=15.3ms | audio=600ms, RTF=0.03x | model=enhanced_mel, neural_total=14.6ms, model_inference=11.1ms
[TIMING] EnhancedMel.transcribe: audio_to_gpu=0.2ms, features=0.4ms, model=10.5ms, decode=2.3ms | TOTAL=13.4ms for 1200ms audio (RTF=0.01x)
[TIMING] stream_chunk[experiment-0d923284588a4d408c5bda38bb9f9f35](live_neural): decode=0.1ms, inference=16.0ms, second_pass=0.0ms, contention=0.0ms, TOTAL=16.2ms | audio=600ms, RTF=0.03x | model=enhanced_mel, neural_total=15.7ms, model_inference=10.5ms
[TIMING] EnhancedMel.transcribe: audio_to_gpu=0.1ms, features=0.4ms, model=10.6ms, decode=3.5ms | TOTAL=14.6ms for 1800ms audio (RTF=0.01x)
[TIMING] stream_chunk[experiment-0d923284588a4d408c5bda38bb9f9f35](live_neural): decode=0.1ms, inference=16.4ms, second_pass=0.0ms, contention=0.0ms, TOTAL=16.6ms | audio=600ms, RTF=0.03x | model=enhanced_mel, neural_total=16.1ms, model_inference=10.6ms
[TIMING] EnhancedMel.transcribe: audio_to_gpu=0.2ms, features=0.5ms, model=11.4ms, decode=4.4ms | TOTAL=16.5ms for 2400ms audio (RTF=0.01x)
[TIMING] stream_chunk[experiment-0d923284588a4d408c5bda38bb9f9f35](live_neural): decode=0.1ms, inference=19.6ms, second_pass=0.0ms, contention=0.0ms, TOTAL=19.9ms | audio=600ms, RTF=0.03x | model=enhanced_mel, neural_total=19.2ms, model_inference=11.4ms
[TIMING] EnhancedMel.transcribe: audio_to_gpu=0.2ms, features=0.4ms, model=12.7ms, decode=5.4ms | TOTAL=18.8ms for 3000ms audio (RTF=0.01x)
[TIMING] stream_chunk[experiment-0d923284588a4d408c5bda38bb9f9f35](live_neural): decode=0.1ms, inference=21.9ms, second_pass=0.0ms, contention=0.0ms, TOTAL=22.2ms | audio=600ms, RTF=0.04x | model=enhanced_mel, neural_total=21.4ms, model_inference=12.7ms
[TIMING] EnhancedMel.transcribe: audio_to_gpu=0.3ms, features=0.5ms, model=11.5ms, decode=5.6ms | TOTAL=17.8ms for 3000ms audio (RTF=0.01x)
[TIMING] stream_chunk[experiment-0d923284588a4d408c5bda38bb9f9f35](live_neural): decode=0.1ms, inference=20.3ms, second_pass=0.0ms, contention=0.0ms, TOTAL=20.6ms | audio=600ms, RTF=0.03x | model=enhanced_mel, neural_total=19.8ms, model_inference=11.5ms
[TIMING] EnhancedMel.transcribe: audio_to_gpu=0.3ms, features=1.8ms, model=12.1ms, decode=5.5ms | TOTAL=19.7ms for 3000ms audio (RTF=0.01x)
[TIMING] stream_chunk[experiment-0d923284588a4d408c5bda38bb9f9f35](live_neural): decode=0.1ms, inference=22.1ms, second_pass=0.0ms, contention=0.0ms, TOTAL=22.4ms | audio=600ms, RTF=0.04x | model=enhanced_mel, neural_total=21.7ms, model_inference=12.1ms
[TIMING] EnhancedMel.transcribe: audio_to_gpu=0.3ms, features=0.5ms, model=11.7ms, decode=5.6ms | TOTAL=18.0ms for 3000ms audio (RTF=0.01x)
[TIMING] stream_chunk[experiment-0d923284588a4d408c5bda38bb9f9f35](live_neural): decode=0.1ms, inference=20.2ms, second_pass=0.0ms, contention=0.0ms, TOTAL=20.5ms | audio=600ms, RTF=0.03x | model=enhanced_mel, neural_total=19.9ms, model_inference=11.7ms
[TIMING] EnhancedMel.transcribe: audio_to_gpu=0.4ms, features=0.5ms, model=11.8ms, decode=5.6ms | TOTAL=18.3ms for 3000ms audio (RTF=0.01x)
[TIMING] stream_chunk[experiment-0d923284588a4d408c5bda38bb9f9f35](live_neural): decode=0.1ms, inference=22.0ms, second_pass=0.0ms, contention=0.0ms, TOTAL=22.4ms | audio=600ms, RTF=0.04x | model=enhanced_mel, neural_total=21.5ms, model_inference=11.8ms
[TIMING] EnhancedMel.transcribe: audio_to_gpu=0.4ms, features=0.6ms, model=12.2ms, decode=5.7ms | TOTAL=18.9ms for 3000ms audio (RTF=0.01x)
[TIMING] stream_chunk[experiment-0d923284588a4d408c5bda38bb9f9f35](live_neural): decode=0.1ms, inference=21.2ms, second_pass=0.0ms, contention=0.0ms, TOTAL=21.5ms | audio=600ms, RTF=0.04x | model=enhanced_mel, neural_total=20.8ms, model_inference=12.2ms
[TIMING] EnhancedMel.transcribe: audio_to_gpu=0.4ms, features=0.5ms, model=10.2ms, decode=1.4ms | TOTAL=12.5ms for 600ms audio (RTF=0.02x)
[TIMING] stream_chunk[experiment-c6b0098b6064473ca35e102d75a0b359](live_neural): decode=0.2ms, inference=14.4ms, second_pass=0.0ms, contention=0.0ms, TOTAL=14.7ms | audio=600ms, RTF=0.02x | model=enhanced_mel, neural_total=14.0ms, model_inference=10.2ms
[TIMING] EnhancedMel.transcribe: audio_to_gpu=0.3ms, features=1.4ms, model=16.7ms, decode=2.5ms | TOTAL=20.9ms for 1200ms audio (RTF=0.02x)
[TIMING] stream_chunk[experiment-c6b0098b6064473ca35e102d75a0b359](live_neural): decode=0.2ms, inference=22.7ms, second_pass=0.0ms, contention=0.0ms, TOTAL=23.0ms | audio=600ms, RTF=0.04x | model=enhanced_mel, neural_total=22.3ms, model_inference=16.7ms
[TIMING] EnhancedMel.transcribe: audio_to_gpu=0.1ms, features=0.4ms, model=10.9ms, decode=3.4ms | TOTAL=14.9ms for 1800ms audio (RTF=0.01x)
[TIMING] stream_chunk[experiment-c6b0098b6064473ca35e102d75a0b359](live_neural): decode=0.1ms, inference=16.7ms, second_pass=0.0ms, contention=0.0ms, TOTAL=17.0ms | audio=600ms, RTF=0.03x | model=enhanced_mel, neural_total=16.4ms, model_inference=10.9ms
[TIMING] EnhancedMel.transcribe: audio_to_gpu=0.2ms, features=0.4ms, model=11.1ms, decode=4.6ms | TOTAL=16.3ms for 2400ms audio (RTF=0.01x)
[TIMING] stream_chunk[experiment-c6b0098b6064473ca35e102d75a0b359](live_neural): decode=0.1ms, inference=19.0ms, second_pass=0.0ms, contention=0.0ms, TOTAL=19.3ms | audio=600ms, RTF=0.03x | model=enhanced_mel, neural_total=18.7ms, model_inference=11.1ms
[TIMING] EnhancedMel.transcribe: audio_to_gpu=0.1ms, features=0.4ms, model=12.5ms, decode=5.5ms | TOTAL=18.6ms for 3000ms audio (RTF=0.01x)
[TIMING] stream_chunk[experiment-c6b0098b6064473ca35e102d75a0b359](live_neural): decode=0.1ms, inference=21.0ms, second_pass=0.0ms, contention=0.0ms, TOTAL=21.3ms | audio=600ms, RTF=0.04x | model=enhanced_mel, neural_total=20.6ms, model_inference=12.5ms
[TIMING] EnhancedMel.transcribe: audio_to_gpu=0.2ms, features=0.5ms, model=13.8ms, decode=5.5ms | TOTAL=20.0ms for 3000ms audio (RTF=0.01x)
[TIMING] stream_chunk[experiment-c6b0098b6064473ca35e102d75a0b359](live_neural): decode=0.1ms, inference=23.5ms, second_pass=0.0ms, contention=0.0ms, TOTAL=23.9ms | audio=600ms, RTF=0.04x | model=enhanced_mel, neural_total=23.1ms, model_inference=13.8ms
[TIMING] EnhancedMel.transcribe: audio_to_gpu=0.3ms, features=0.6ms, model=11.9ms, decode=5.6ms | TOTAL=18.3ms for 3000ms audio (RTF=0.01x)
[TIMING] stream_chunk[experiment-c6b0098b6064473ca35e102d75a0b359](live_neural): decode=0.1ms, inference=20.7ms, second_pass=0.0ms, contention=0.0ms, TOTAL=21.1ms | audio=600ms, RTF=0.04x | model=enhanced_mel, neural_total=20.3ms, model_inference=11.9ms
[TIMING] EnhancedMel.transcribe: audio_to_gpu=0.3ms, features=0.6ms, model=12.3ms, decode=5.7ms | TOTAL=18.9ms for 3000ms audio (RTF=0.01x)
[TIMING] stream_chunk[experiment-c6b0098b6064473ca35e102d75a0b359](live_neural): decode=0.1ms, inference=21.9ms, second_pass=0.0ms, contention=0.0ms, TOTAL=22.3ms | audio=600ms, RTF=0.04x | model=enhanced_mel, neural_total=21.4ms, model_inference=12.3ms
[TIMING] EnhancedMel.transcribe: audio_to_gpu=0.3ms, features=0.5ms, model=12.0ms, decode=5.4ms | TOTAL=18.2ms for 3000ms audio (RTF=0.01x)
[TIMING] stream_chunk[experiment-c6b0098b6064473ca35e102d75a0b359](live_neural): decode=0.2ms, inference=21.6ms, second_pass=0.0ms, contention=0.0ms, TOTAL=22.0ms | audio=600ms, RTF=0.04x | model=enhanced_mel, neural_total=21.2ms, model_inference=12.0ms
[TIMING] EnhancedMel.transcribe: audio_to_gpu=0.2ms, features=0.6ms, model=11.9ms, decode=5.4ms | TOTAL=18.1ms for 3000ms audio (RTF=0.01x)
[TIMING] stream_chunk[experiment-c6b0098b6064473ca35e102d75a0b359](live_neural): decode=0.1ms, inference=20.4ms, second_pass=0.0ms, contention=0.0ms, TOTAL=20.6ms | audio=600ms, RTF=0.03x | model=enhanced_mel, neural_total=20.0ms, model_inference=11.9ms

[CLIP_037] Jardins sous la pluie from Estampes
  excerpt: start=51.00s end=57.00s duration=6.00s gt_notes=95 rms=0.1381 peak=0.6274 crest=4.544 rms_std=0.0229
    control:
      note metrics: precision=0.958 recall=0.968 f1=0.963 matched=92/95 pred=96
      strict onset f1: 10ms=0.859 20ms=0.963 30ms=0.963
      timing metrics: offset_f1=0.932 rhythm_precision=0.967 note_value_acc=0.435 note_value_n=92 avg_beat_error=0.113
      duplicate metrics: duplicates=0 per_100_notes=0.00
      boundary metrics: gt=28 matched=26 missed=2 miss_rate=0.071
      latency: avg_chunk_ms=19.77 p95_chunk_ms=22.41 avg_rtf=0.033
      notation metrics: first_correct_ms=26.7 visible_p50_ms=338.3 visible_p95_ms=582.5 stabilize_p50_ms=1318.8 stabilize_p95_ms=1899.9 avg_revisions=0.93 matched=69 refined=69 snapshots=21
      algorithmic latency: first_correct_ms=8.3 visible_p50_ms=315.9 visible_p95_ms=560.8 stabilize_p50_ms=872.1 stabilize_p95_ms=1425.4
      final display note metrics: precision=0.957 recall=0.926 f1=0.941 matched=88/95 pred=92
      final display strict onset f1: 10ms=0.845 20ms=0.941 30ms=0.941
      final display timing: offset_f1=0.909 rhythm_precision=0.966 note_value_acc=0.386 note_value_n=88 avg_beat_error=0.088
      final display structure: cluster_f1=0.729 onset_align_recall=0.842 avg_jaccard=0.880 exact=51/76 pred=64 over=9 under=1 pitch_conflicts=3 missed_gt=12
      threshold profiles: hit_rate=0.000 thresholds=[0.7] profiles={'fixed_baseline': 10}
    treatment:
      note metrics: precision=0.958 recall=0.968 f1=0.963 matched=92/95 pred=96
      strict onset f1: 10ms=0.859 20ms=0.963 30ms=0.963
      timing metrics: offset_f1=0.932 rhythm_precision=0.967 note_value_acc=0.435 note_value_n=92 avg_beat_error=0.113
      duplicate metrics: duplicates=0 per_100_notes=0.00
      boundary metrics: gt=28 matched=26 missed=2 miss_rate=0.071
      latency: avg_chunk_ms=20.52 p95_chunk_ms=23.48 avg_rtf=0.034
      notation metrics: first_correct_ms=26.2 visible_p50_ms=337.0 visible_p95_ms=583.0 stabilize_p50_ms=1318.0 stabilize_p95_ms=1900.6 avg_revisions=0.93 matched=69 refined=69 snapshots=21
      algorithmic latency: first_correct_ms=8.3 visible_p50_ms=315.9 visible_p95_ms=560.8 stabilize_p50_ms=872.1 stabilize_p95_ms=1425.4
      final display note metrics: precision=0.957 recall=0.926 f1=0.941 matched=88/95 pred=92
      final display strict onset f1: 10ms=0.845 20ms=0.941 30ms=0.941
      final display timing: offset_f1=0.909 rhythm_precision=0.966 note_value_acc=0.386 note_value_n=88 avg_beat_error=0.088
      final display structure: cluster_f1=0.729 onset_align_recall=0.842 avg_jaccard=0.880 exact=51/76 pred=64 over=9 under=1 pitch_conflicts=3 missed_gt=12
      threshold profiles: hit_rate=1.000 thresholds=[0.72] profiles={'loud_dense_precision': 10}
    delta treatment-control: precision=+0.000 recall=+0.000 f1=+0.000 offset_f1=+0.000 note_value_acc=+0.000 dup_per_100=+0.00 boundary_miss_rate=+0.000 p95_chunk_ms=+1.07 f1_10ms=+0.000 f1_20ms=+0.000 f1_30ms=+0.000 visible_p50_ms=-1.4 stabilize_p50_ms=-0.8 algo_visible_p50_ms=+0.0 algo_stabilize_p50_ms=+0.0 avg_revisions=+0.00 display_note_f1=+0.000 display_offset_f1=+0.000 display_cluster_f1=+0.000 display_cluster_jaccard=+0.000
    failure buckets: ['boundary_miss_failure', 'high_revision_slow_stabilization', 'note_value_offset_failure']
      boundary diagnostics: missed=2 by_arm={'control': 2, 'treatment': 2} tags={'control_boundary_miss': 2, 'no_control_coarse_candidate': 2}
        miss: pitch=79 onset=1.185s boundary_delta_ms=-15.1 control_coarse=False treatment_coarse=False retro=n/a
        miss: pitch=68 onset=4.160s boundary_delta_ms=-39.8 control_coarse=False treatment_coarse=False retro=n/a
[TIMING] EnhancedMel.transcribe: audio_to_gpu=0.4ms, features=0.6ms, model=10.1ms, decode=1.3ms | TOTAL=12.4ms for 600ms audio (RTF=0.02x)
[TIMING] stream_chunk[experiment-9c30ad120f5849638bccf7be854a2c36](live_neural): decode=0.1ms, inference=14.0ms, second_pass=0.0ms, contention=0.0ms, TOTAL=14.2ms | audio=600ms, RTF=0.02x | model=enhanced_mel, neural_total=13.6ms, model_inference=10.1ms
[TIMING] EnhancedMel.transcribe: audio_to_gpu=0.2ms, features=0.3ms, model=10.6ms, decode=2.3ms | TOTAL=13.4ms for 1200ms audio (RTF=0.01x)
[TIMING] stream_chunk[experiment-9c30ad120f5849638bccf7be854a2c36](live_neural): decode=0.1ms, inference=16.0ms, second_pass=0.0ms, contention=0.0ms, TOTAL=16.4ms | audio=600ms, RTF=0.03x | model=enhanced_mel, neural_total=15.7ms, model_inference=10.6ms
[TIMING] EnhancedMel.transcribe: audio_to_gpu=0.2ms, features=0.3ms, model=12.4ms, decode=3.4ms | TOTAL=16.3ms for 1800ms audio (RTF=0.01x)
[TIMING] stream_chunk[experiment-9c30ad120f5849638bccf7be854a2c36](live_neural): decode=0.1ms, inference=18.3ms, second_pass=0.0ms, contention=0.0ms, TOTAL=18.5ms | audio=600ms, RTF=0.03x | model=enhanced_mel, neural_total=17.9ms, model_inference=12.4ms
[TIMING] EnhancedMel.transcribe: audio_to_gpu=0.3ms, features=1.2ms, model=12.1ms, decode=4.3ms | TOTAL=17.9ms for 2400ms audio (RTF=0.01x)
[TIMING] stream_chunk[experiment-9c30ad120f5849638bccf7be854a2c36](live_neural): decode=0.1ms, inference=20.4ms, second_pass=0.0ms, contention=0.0ms, TOTAL=20.7ms | audio=600ms, RTF=0.03x | model=enhanced_mel, neural_total=19.8ms, model_inference=12.1ms
[TIMING] EnhancedMel.transcribe: audio_to_gpu=0.2ms, features=0.5ms, model=11.8ms, decode=5.3ms | TOTAL=17.7ms for 3000ms audio (RTF=0.01x)
[TIMING] stream_chunk[experiment-9c30ad120f5849638bccf7be854a2c36](live_neural): decode=0.1ms, inference=20.1ms, second_pass=0.0ms, contention=0.0ms, TOTAL=20.4ms | audio=600ms, RTF=0.03x | model=enhanced_mel, neural_total=19.8ms, model_inference=11.8ms
[TIMING] EnhancedMel.transcribe: audio_to_gpu=0.4ms, features=0.5ms, model=12.1ms, decode=5.3ms | TOTAL=18.4ms for 3000ms audio (RTF=0.01x)
[TIMING] stream_chunk[experiment-9c30ad120f5849638bccf7be854a2c36](live_neural): decode=0.1ms, inference=21.8ms, second_pass=0.0ms, contention=0.0ms, TOTAL=22.2ms | audio=600ms, RTF=0.04x | model=enhanced_mel, neural_total=21.4ms, model_inference=12.1ms
[TIMING] EnhancedMel.transcribe: audio_to_gpu=0.3ms, features=0.6ms, model=14.5ms, decode=5.4ms | TOTAL=20.8ms for 3000ms audio (RTF=0.01x)
[TIMING] stream_chunk[experiment-9c30ad120f5849638bccf7be854a2c36](live_neural): decode=0.1ms, inference=23.0ms, second_pass=0.0ms, contention=0.0ms, TOTAL=23.3ms | audio=600ms, RTF=0.04x | model=enhanced_mel, neural_total=22.6ms, model_inference=14.5ms
[TIMING] EnhancedMel.transcribe: audio_to_gpu=0.4ms, features=0.5ms, model=12.0ms, decode=5.6ms | TOTAL=18.4ms for 3000ms audio (RTF=0.01x)
[TIMING] stream_chunk[experiment-9c30ad120f5849638bccf7be854a2c36](live_neural): decode=0.1ms, inference=21.2ms, second_pass=0.0ms, contention=0.0ms, TOTAL=21.6ms | audio=600ms, RTF=0.04x | model=enhanced_mel, neural_total=20.5ms, model_inference=12.0ms
[TIMING] EnhancedMel.transcribe: audio_to_gpu=0.2ms, features=0.5ms, model=11.8ms, decode=5.5ms | TOTAL=18.1ms for 3000ms audio (RTF=0.01x)
[TIMING] stream_chunk[experiment-9c30ad120f5849638bccf7be854a2c36](live_neural): decode=0.1ms, inference=20.5ms, second_pass=0.0ms, contention=0.0ms, TOTAL=20.9ms | audio=600ms, RTF=0.03x | model=enhanced_mel, neural_total=20.0ms, model_inference=11.8ms
[TIMING] EnhancedMel.transcribe: audio_to_gpu=0.2ms, features=0.4ms, model=12.3ms, decode=5.4ms | TOTAL=18.4ms for 3000ms audio (RTF=0.01x)
[TIMING] stream_chunk[experiment-9c30ad120f5849638bccf7be854a2c36](live_neural): decode=0.1ms, inference=21.0ms, second_pass=0.0ms, contention=0.0ms, TOTAL=21.4ms | audio=600ms, RTF=0.04x | model=enhanced_mel, neural_total=20.3ms, model_inference=12.3ms
[TIMING] EnhancedMel.transcribe: audio_to_gpu=0.4ms, features=0.5ms, model=11.1ms, decode=1.3ms | TOTAL=13.3ms for 600ms audio (RTF=0.02x)
[TIMING] stream_chunk[experiment-1c4742a9417448be9db0cd2c452b64b7](live_neural): decode=0.1ms, inference=15.5ms, second_pass=0.0ms, contention=0.0ms, TOTAL=15.7ms | audio=600ms, RTF=0.03x | model=enhanced_mel, neural_total=15.1ms, model_inference=11.1ms
[TIMING] EnhancedMel.transcribe: audio_to_gpu=0.2ms, features=0.3ms, model=9.9ms, decode=2.3ms | TOTAL=12.7ms for 1200ms audio (RTF=0.01x)
[TIMING] stream_chunk[experiment-1c4742a9417448be9db0cd2c452b64b7](live_neural): decode=0.2ms, inference=14.3ms, second_pass=0.0ms, contention=0.0ms, TOTAL=14.6ms | audio=600ms, RTF=0.02x | model=enhanced_mel, neural_total=14.0ms, model_inference=9.9ms
[TIMING] EnhancedMel.transcribe: audio_to_gpu=0.1ms, features=0.3ms, model=11.2ms, decode=3.3ms | TOTAL=15.0ms for 1800ms audio (RTF=0.01x)
[TIMING] stream_chunk[experiment-1c4742a9417448be9db0cd2c452b64b7](live_neural): decode=0.1ms, inference=16.8ms, second_pass=0.0ms, contention=0.0ms, TOTAL=17.0ms | audio=600ms, RTF=0.03x | model=enhanced_mel, neural_total=16.5ms, model_inference=11.2ms
[TIMING] EnhancedMel.transcribe: audio_to_gpu=0.1ms, features=4.1ms, model=12.1ms, decode=4.2ms | TOTAL=20.5ms for 2400ms audio (RTF=0.01x)
[TIMING] stream_chunk[experiment-1c4742a9417448be9db0cd2c452b64b7](live_neural): decode=0.1ms, inference=22.5ms, second_pass=0.0ms, contention=0.0ms, TOTAL=22.7ms | audio=600ms, RTF=0.04x | model=enhanced_mel, neural_total=22.1ms, model_inference=12.1ms
[TIMING] EnhancedMel.transcribe: audio_to_gpu=0.2ms, features=0.5ms, model=12.4ms, decode=5.3ms | TOTAL=18.3ms for 3000ms audio (RTF=0.01x)
[TIMING] stream_chunk[experiment-1c4742a9417448be9db0cd2c452b64b7](live_neural): decode=0.1ms, inference=21.9ms, second_pass=0.0ms, contention=0.0ms, TOTAL=22.2ms | audio=600ms, RTF=0.04x | model=enhanced_mel, neural_total=21.5ms, model_inference=12.4ms
[TIMING] EnhancedMel.transcribe: audio_to_gpu=0.4ms, features=0.5ms, model=12.6ms, decode=5.4ms | TOTAL=18.9ms for 3000ms audio (RTF=0.01x)
[TIMING] stream_chunk[experiment-1c4742a9417448be9db0cd2c452b64b7](live_neural): decode=0.1ms, inference=22.3ms, second_pass=0.0ms, contention=0.0ms, TOTAL=22.5ms | audio=600ms, RTF=0.04x | model=enhanced_mel, neural_total=21.9ms, model_inference=12.6ms
[TIMING] EnhancedMel.transcribe: audio_to_gpu=0.2ms, features=0.5ms, model=11.9ms, decode=5.3ms | TOTAL=17.9ms for 3000ms audio (RTF=0.01x)
[TIMING] stream_chunk[experiment-1c4742a9417448be9db0cd2c452b64b7](live_neural): decode=0.1ms, inference=20.2ms, second_pass=0.0ms, contention=0.0ms, TOTAL=20.5ms | audio=600ms, RTF=0.03x | model=enhanced_mel, neural_total=19.8ms, model_inference=11.9ms
[TIMING] EnhancedMel.transcribe: audio_to_gpu=0.4ms, features=0.5ms, model=12.0ms, decode=5.6ms | TOTAL=18.4ms for 3000ms audio (RTF=0.01x)
[TIMING] stream_chunk[experiment-1c4742a9417448be9db0cd2c452b64b7](live_neural): decode=0.1ms, inference=21.8ms, second_pass=0.0ms, contention=0.0ms, TOTAL=22.2ms | audio=600ms, RTF=0.04x | model=enhanced_mel, neural_total=21.3ms, model_inference=12.0ms
[TIMING] EnhancedMel.transcribe: audio_to_gpu=0.2ms, features=0.4ms, model=11.6ms, decode=5.7ms | TOTAL=17.9ms for 3000ms audio (RTF=0.01x)
[TIMING] stream_chunk[experiment-1c4742a9417448be9db0cd2c452b64b7](live_neural): decode=0.1ms, inference=20.4ms, second_pass=0.0ms, contention=0.0ms, TOTAL=20.9ms | audio=600ms, RTF=0.03x | model=enhanced_mel, neural_total=19.9ms, model_inference=11.6ms
[TIMING] EnhancedMel.transcribe: audio_to_gpu=0.2ms, features=0.5ms, model=11.8ms, decode=5.5ms | TOTAL=18.0ms for 3000ms audio (RTF=0.01x)
[TIMING] stream_chunk[experiment-1c4742a9417448be9db0cd2c452b64b7](live_neural): decode=0.1ms, inference=20.5ms, second_pass=0.0ms, contention=0.0ms, TOTAL=20.9ms | audio=600ms, RTF=0.03x | model=enhanced_mel, neural_total=20.2ms, model_inference=11.8ms

[CLIP_038] Sonata in D Major, K. 118
  excerpt: start=42.00s end=48.00s duration=6.00s gt_notes=81 rms=0.0337 peak=0.1839 crest=5.448 rms_std=0.0097
    control:
      note metrics: precision=0.900 recall=1.000 f1=0.947 matched=81/81 pred=90
      strict onset f1: 10ms=0.865 20ms=0.947 30ms=0.947
      timing metrics: offset_f1=0.936 rhythm_precision=0.988 note_value_acc=0.346 note_value_n=81 avg_beat_error=0.081
      duplicate metrics: duplicates=6 per_100_notes=6.67
      boundary metrics: gt=25 matched=25 missed=0 miss_rate=0.000
      latency: avg_chunk_ms=19.95 p95_chunk_ms=22.77 avg_rtf=0.033
      notation metrics: first_correct_ms=33.9 visible_p50_ms=311.9 visible_p95_ms=607.0 stabilize_p50_ms=1459.0 stabilize_p95_ms=1979.2 avg_revisions=1.62 matched=72 refined=72 snapshots=19
      algorithmic latency: first_correct_ms=12.2 visible_p50_ms=290.1 visible_p95_ms=585.1 stabilize_p50_ms=1143.6 stabilize_p95_ms=1721.5
      final display note metrics: precision=0.952 recall=0.975 f1=0.963 matched=79/81 pred=83
      final display strict onset f1: 10ms=0.878 20ms=0.963 30ms=0.963
      final display timing: offset_f1=0.951 rhythm_precision=0.987 note_value_acc=0.127 note_value_n=79 avg_beat_error=0.089
      final display structure: cluster_f1=0.621 onset_align_recall=0.855 avg_jaccard=0.823 exact=32/55 pred=48 over=9 under=4 pitch_conflicts=2 missed_gt=8
      threshold profiles: hit_rate=0.000 thresholds=[0.7] profiles={'fixed_baseline': 10}
    treatment:
      note metrics: precision=0.900 recall=1.000 f1=0.947 matched=81/81 pred=90
      strict onset f1: 10ms=0.865 20ms=0.947 30ms=0.947
      timing metrics: offset_f1=0.936 rhythm_precision=0.988 note_value_acc=0.346 note_value_n=81 avg_beat_error=0.081
      duplicate metrics: duplicates=6 per_100_notes=6.67
      boundary metrics: gt=25 matched=25 missed=0 miss_rate=0.000
      latency: avg_chunk_ms=19.91 p95_chunk_ms=22.61 avg_rtf=0.033
      notation metrics: first_correct_ms=34.4 visible_p50_ms=311.4 visible_p95_ms=607.5 stabilize_p50_ms=1458.0 stabilize_p95_ms=1977.4 avg_revisions=1.62 matched=72 refined=72 snapshots=19
      algorithmic latency: first_correct_ms=12.2 visible_p50_ms=290.1 visible_p95_ms=585.1 stabilize_p50_ms=1143.6 stabilize_p95_ms=1721.5
      final display note metrics: precision=0.952 recall=0.975 f1=0.963 matched=79/81 pred=83
      final display strict onset f1: 10ms=0.878 20ms=0.963 30ms=0.963
      final display timing: offset_f1=0.951 rhythm_precision=0.987 note_value_acc=0.127 note_value_n=79 avg_beat_error=0.089
      final display structure: cluster_f1=0.621 onset_align_recall=0.855 avg_jaccard=0.823 exact=32/55 pred=48 over=9 under=4 pitch_conflicts=2 missed_gt=8
      threshold profiles: hit_rate=0.000 thresholds=[0.7] profiles={'baseline_nominal': 10}
    delta treatment-control: precision=+0.000 recall=+0.000 f1=+0.000 offset_f1=+0.000 note_value_acc=+0.000 dup_per_100=+0.00 boundary_miss_rate=+0.000 p95_chunk_ms=-0.16 f1_10ms=+0.000 f1_20ms=+0.000 f1_30ms=+0.000 visible_p50_ms=-0.5 stabilize_p50_ms=-1.0 algo_visible_p50_ms=+0.0 algo_stabilize_p50_ms=+0.0 avg_revisions=+0.00 display_note_f1=+0.000 display_offset_f1=+0.000 display_cluster_f1=+0.000 display_cluster_jaccard=+0.000
    failure buckets: ['high_revision_slow_stabilization', 'note_value_offset_failure']
[TIMING] EnhancedMel.transcribe: audio_to_gpu=0.4ms, features=0.5ms, model=10.0ms, decode=1.3ms | TOTAL=12.2ms for 600ms audio (RTF=0.02x)
[TIMING] stream_chunk[experiment-7b48eae711e24d3bbac2ac236e2ed759](live_neural): decode=0.1ms, inference=13.8ms, second_pass=0.0ms, contention=0.0ms, TOTAL=14.0ms | audio=600ms, RTF=0.02x | model=enhanced_mel, neural_total=13.4ms, model_inference=10.0ms
[TIMING] EnhancedMel.transcribe: audio_to_gpu=0.2ms, features=0.3ms, model=9.7ms, decode=2.3ms | TOTAL=12.5ms for 1200ms audio (RTF=0.01x)
[TIMING] stream_chunk[experiment-7b48eae711e24d3bbac2ac236e2ed759](live_neural): decode=0.1ms, inference=14.4ms, second_pass=0.0ms, contention=0.0ms, TOTAL=14.6ms | audio=600ms, RTF=0.02x | model=enhanced_mel, neural_total=14.0ms, model_inference=9.7ms
[TIMING] EnhancedMel.transcribe: audio_to_gpu=0.2ms, features=0.4ms, model=10.9ms, decode=3.3ms | TOTAL=14.7ms for 1800ms audio (RTF=0.01x)
[TIMING] stream_chunk[experiment-7b48eae711e24d3bbac2ac236e2ed759](live_neural): decode=0.2ms, inference=17.0ms, second_pass=0.0ms, contention=0.0ms, TOTAL=17.3ms | audio=600ms, RTF=0.03x | model=enhanced_mel, neural_total=16.6ms, model_inference=10.9ms
[TIMING] EnhancedMel.transcribe: audio_to_gpu=0.2ms, features=0.4ms, model=11.4ms, decode=4.3ms | TOTAL=16.3ms for 2400ms audio (RTF=0.01x)
[TIMING] stream_chunk[experiment-7b48eae711e24d3bbac2ac236e2ed759](live_neural): decode=0.1ms, inference=18.7ms, second_pass=0.0ms, contention=0.0ms, TOTAL=19.0ms | audio=600ms, RTF=0.03x | model=enhanced_mel, neural_total=18.1ms, model_inference=11.4ms
[TIMING] EnhancedMel.transcribe: audio_to_gpu=0.3ms, features=0.4ms, model=11.7ms, decode=5.3ms | TOTAL=17.8ms for 3000ms audio (RTF=0.01x)
[TIMING] stream_chunk[experiment-7b48eae711e24d3bbac2ac236e2ed759](live_neural): decode=0.1ms, inference=19.9ms, second_pass=0.0ms, contention=0.0ms, TOTAL=20.2ms | audio=600ms, RTF=0.03x | model=enhanced_mel, neural_total=19.6ms, model_inference=11.7ms
[TIMING] EnhancedMel.transcribe: audio_to_gpu=0.3ms, features=0.6ms, model=11.7ms, decode=5.2ms | TOTAL=17.8ms for 3000ms audio (RTF=0.01x)
[TIMING] stream_chunk[experiment-7b48eae711e24d3bbac2ac236e2ed759](live_neural): decode=0.1ms, inference=21.5ms, second_pass=0.0ms, contention=0.0ms, TOTAL=21.8ms | audio=600ms, RTF=0.04x | model=enhanced_mel, neural_total=21.0ms, model_inference=11.7ms
[TIMING] EnhancedMel.transcribe: audio_to_gpu=0.2ms, features=3.1ms, model=12.3ms, decode=6.0ms | TOTAL=21.6ms for 3000ms audio (RTF=0.01x)
[TIMING] stream_chunk[experiment-7b48eae711e24d3bbac2ac236e2ed759](live_neural): decode=0.1ms, inference=24.9ms, second_pass=0.0ms, contention=0.0ms, TOTAL=25.2ms | audio=600ms, RTF=0.04x | model=enhanced_mel, neural_total=24.5ms, model_inference=12.3ms
[TIMING] EnhancedMel.transcribe: audio_to_gpu=0.2ms, features=5.5ms, model=13.1ms, decode=5.4ms | TOTAL=24.2ms for 3000ms audio (RTF=0.01x)
[TIMING] stream_chunk[experiment-7b48eae711e24d3bbac2ac236e2ed759](live_neural): decode=0.1ms, inference=26.6ms, second_pass=0.0ms, contention=0.0ms, TOTAL=26.9ms | audio=600ms, RTF=0.04x | model=enhanced_mel, neural_total=26.2ms, model_inference=13.1ms
[TIMING] EnhancedMel.transcribe: audio_to_gpu=0.3ms, features=1.9ms, model=13.2ms, decode=5.2ms | TOTAL=20.6ms for 3000ms audio (RTF=0.01x)
[TIMING] stream_chunk[experiment-7b48eae711e24d3bbac2ac236e2ed759](live_neural): decode=0.2ms, inference=22.8ms, second_pass=0.0ms, contention=0.0ms, TOTAL=23.1ms | audio=600ms, RTF=0.04x | model=enhanced_mel, neural_total=22.4ms, model_inference=13.2ms
[TIMING] EnhancedMel.transcribe: audio_to_gpu=0.3ms, features=0.5ms, model=11.8ms, decode=5.2ms | TOTAL=17.8ms for 3000ms audio (RTF=0.01x)
[TIMING] stream_chunk[experiment-7b48eae711e24d3bbac2ac236e2ed759](live_neural): decode=0.1ms, inference=20.2ms, second_pass=0.0ms, contention=0.0ms, TOTAL=20.6ms | audio=600ms, RTF=0.03x | model=enhanced_mel, neural_total=19.8ms, model_inference=11.8ms
[TIMING] EnhancedMel.transcribe: audio_to_gpu=0.3ms, features=0.5ms, model=10.6ms, decode=1.4ms | TOTAL=12.7ms for 600ms audio (RTF=0.02x)
[TIMING] stream_chunk[experiment-908952d1f5d74d9ba841ee8ee8d6a1b9](live_neural): decode=0.1ms, inference=14.7ms, second_pass=0.0ms, contention=0.0ms, TOTAL=14.9ms | audio=600ms, RTF=0.02x | model=enhanced_mel, neural_total=14.3ms, model_inference=10.6ms
[TIMING] EnhancedMel.transcribe: audio_to_gpu=0.1ms, features=0.4ms, model=9.9ms, decode=2.5ms | TOTAL=12.8ms for 1200ms audio (RTF=0.01x)
[TIMING] stream_chunk[experiment-908952d1f5d74d9ba841ee8ee8d6a1b9](live_neural): decode=0.2ms, inference=15.1ms, second_pass=0.0ms, contention=0.0ms, TOTAL=15.3ms | audio=600ms, RTF=0.03x | model=enhanced_mel, neural_total=14.7ms, model_inference=9.9ms
[TIMING] EnhancedMel.transcribe: audio_to_gpu=0.2ms, features=0.3ms, model=11.2ms, decode=3.2ms | TOTAL=15.0ms for 1800ms audio (RTF=0.01x)
[TIMING] stream_chunk[experiment-908952d1f5d74d9ba841ee8ee8d6a1b9](live_neural): decode=0.1ms, inference=17.0ms, second_pass=0.0ms, contention=0.0ms, TOTAL=17.2ms | audio=600ms, RTF=0.03x | model=enhanced_mel, neural_total=16.7ms, model_inference=11.2ms
[TIMING] EnhancedMel.transcribe: audio_to_gpu=0.1ms, features=0.3ms, model=11.0ms, decode=4.3ms | TOTAL=15.7ms for 2400ms audio (RTF=0.01x)
[TIMING] stream_chunk[experiment-908952d1f5d74d9ba841ee8ee8d6a1b9](live_neural): decode=0.1ms, inference=18.1ms, second_pass=0.0ms, contention=0.0ms, TOTAL=18.3ms | audio=600ms, RTF=0.03x | model=enhanced_mel, neural_total=17.8ms, model_inference=11.0ms
[TIMING] EnhancedMel.transcribe: audio_to_gpu=0.2ms, features=2.7ms, model=12.1ms, decode=5.3ms | TOTAL=20.3ms for 3000ms audio (RTF=0.01x)
[TIMING] stream_chunk[experiment-908952d1f5d74d9ba841ee8ee8d6a1b9](live_neural): decode=0.1ms, inference=22.5ms, second_pass=0.0ms, contention=0.0ms, TOTAL=22.9ms | audio=600ms, RTF=0.04x | model=enhanced_mel, neural_total=22.2ms, model_inference=12.1ms
[TIMING] EnhancedMel.transcribe: audio_to_gpu=0.1ms, features=0.4ms, model=13.7ms, decode=6.3ms | TOTAL=20.6ms for 3000ms audio (RTF=0.01x)
[TIMING] stream_chunk[experiment-908952d1f5d74d9ba841ee8ee8d6a1b9](live_neural): decode=0.1ms, inference=23.2ms, second_pass=0.0ms, contention=0.0ms, TOTAL=23.5ms | audio=600ms, RTF=0.04x | model=enhanced_mel, neural_total=22.7ms, model_inference=13.7ms
[TIMING] EnhancedMel.transcribe: audio_to_gpu=0.3ms, features=0.5ms, model=13.6ms, decode=5.4ms | TOTAL=19.7ms for 3000ms audio (RTF=0.01x)
[TIMING] stream_chunk[experiment-908952d1f5d74d9ba841ee8ee8d6a1b9](live_neural): decode=0.1ms, inference=22.0ms, second_pass=0.0ms, contention=0.0ms, TOTAL=22.2ms | audio=600ms, RTF=0.04x | model=enhanced_mel, neural_total=21.7ms, model_inference=13.6ms
[TIMING] EnhancedMel.transcribe: audio_to_gpu=0.2ms, features=0.5ms, model=11.7ms, decode=5.4ms | TOTAL=17.8ms for 3000ms audio (RTF=0.01x)
[TIMING] stream_chunk[experiment-908952d1f5d74d9ba841ee8ee8d6a1b9](live_neural): decode=0.1ms, inference=20.1ms, second_pass=0.0ms, contention=0.0ms, TOTAL=20.4ms | audio=600ms, RTF=0.03x | model=enhanced_mel, neural_total=19.8ms, model_inference=11.7ms
[TIMING] EnhancedMel.transcribe: audio_to_gpu=0.2ms, features=0.5ms, model=22.3ms, decode=5.3ms | TOTAL=28.4ms for 3000ms audio (RTF=0.01x)
[TIMING] stream_chunk[experiment-908952d1f5d74d9ba841ee8ee8d6a1b9](live_neural): decode=0.1ms, inference=30.5ms, second_pass=0.0ms, contention=0.0ms, TOTAL=30.7ms | audio=600ms, RTF=0.05x | model=enhanced_mel, neural_total=30.2ms, model_inference=22.3ms
[TIMING] EnhancedMel.transcribe: audio_to_gpu=0.4ms, features=0.5ms, model=12.8ms, decode=5.2ms | TOTAL=18.9ms for 3000ms audio (RTF=0.01x)
[TIMING] stream_chunk[experiment-908952d1f5d74d9ba841ee8ee8d6a1b9](live_neural): decode=0.1ms, inference=23.5ms, second_pass=0.0ms, contention=0.0ms, TOTAL=23.8ms | audio=600ms, RTF=0.04x | model=enhanced_mel, neural_total=23.0ms, model_inference=12.8ms

[CLIP_039] Sonata, K239
  excerpt: start=81.00s end=87.00s duration=6.00s gt_notes=64 rms=0.1164 peak=0.7610 crest=6.536 rms_std=0.0496
    control:
      note metrics: precision=0.914 recall=1.000 f1=0.955 matched=64/64 pred=70
      strict onset f1: 10ms=0.791 20ms=0.955 30ms=0.955
      timing metrics: offset_f1=0.746 rhythm_precision=0.750 note_value_acc=0.250 note_value_n=64 avg_beat_error=0.216
      duplicate metrics: duplicates=4 per_100_notes=5.71
      boundary metrics: gt=22 matched=22 missed=0 miss_rate=0.000
      latency: avg_chunk_ms=20.26 p95_chunk_ms=26.15 avg_rtf=0.034
      notation metrics: first_correct_ms=72.7 visible_p50_ms=276.6 visible_p95_ms=617.7 stabilize_p50_ms=1392.8 stabilize_p95_ms=2047.3 avg_revisions=0.87 matched=30 refined=30 snapshots=20
      algorithmic latency: first_correct_ms=45.8 visible_p50_ms=253.1 visible_p95_ms=595.1 stabilize_p50_ms=840.1 stabilize_p95_ms=1576.7
      final display note metrics: precision=0.970 recall=1.000 f1=0.985 matched=64/64 pred=66
      final display strict onset f1: 10ms=0.800 20ms=0.985 30ms=0.985
      final display timing: offset_f1=0.769 rhythm_precision=0.781 note_value_acc=0.234 note_value_n=64 avg_beat_error=0.303
      final display structure: cluster_f1=0.955 onset_align_recall=1.000 avg_jaccard=0.994 exact=32/33 pred=34 over=1 under=0 pitch_conflicts=0 missed_gt=0
      threshold profiles: hit_rate=0.000 thresholds=[0.7] profiles={'fixed_baseline': 10}
    treatment:
      note metrics: precision=0.914 recall=1.000 f1=0.955 matched=64/64 pred=70
      strict onset f1: 10ms=0.791 20ms=0.955 30ms=0.955
      timing metrics: offset_f1=0.746 rhythm_precision=0.750 note_value_acc=0.250 note_value_n=64 avg_beat_error=0.216
      duplicate metrics: duplicates=4 per_100_notes=5.71
      boundary metrics: gt=22 matched=22 missed=0 miss_rate=0.000
      latency: avg_chunk_ms=20.91 p95_chunk_ms=27.59 avg_rtf=0.035
      notation metrics: first_correct_ms=66.2 visible_p50_ms=276.0 visible_p95_ms=614.1 stabilize_p50_ms=1392.7 stabilize_p95_ms=2046.6 avg_revisions=0.87 matched=30 refined=30 snapshots=20
      algorithmic latency: first_correct_ms=45.8 visible_p50_ms=253.1 visible_p95_ms=595.1 stabilize_p50_ms=840.1 stabilize_p95_ms=1576.7
      final display note metrics: precision=0.970 recall=1.000 f1=0.985 matched=64/64 pred=66
      final display strict onset f1: 10ms=0.800 20ms=0.985 30ms=0.985
      final display timing: offset_f1=0.769 rhythm_precision=0.781 note_value_acc=0.234 note_value_n=64 avg_beat_error=0.303
      final display structure: cluster_f1=0.955 onset_align_recall=1.000 avg_jaccard=0.994 exact=32/33 pred=34 over=1 under=0 pitch_conflicts=0 missed_gt=0
      threshold profiles: hit_rate=0.400 thresholds=[0.7, 0.72] profiles={'baseline_nominal': 6, 'loud_dense_precision': 4}
    delta treatment-control: precision=+0.000 recall=+0.000 f1=+0.000 offset_f1=+0.000 note_value_acc=+0.000 dup_per_100=+0.00 boundary_miss_rate=+0.000 p95_chunk_ms=+1.43 f1_10ms=+0.000 f1_20ms=+0.000 f1_30ms=+0.000 visible_p50_ms=-0.7 stabilize_p50_ms=-0.1 algo_visible_p50_ms=+0.0 algo_stabilize_p50_ms=+0.0 avg_revisions=+0.00 display_note_f1=+0.000 display_offset_f1=+0.000 display_cluster_f1=+0.000 display_cluster_jaccard=+0.000
    failure buckets: ['high_revision_slow_stabilization', 'note_value_offset_failure']
[TIMING] EnhancedMel.transcribe: audio_to_gpu=0.5ms, features=0.5ms, model=10.2ms, decode=1.3ms | TOTAL=12.6ms for 600ms audio (RTF=0.02x)
[TIMING] stream_chunk[experiment-614ebf3f6bc54d3baaaa20de9d41f00e](live_neural): decode=0.1ms, inference=14.4ms, second_pass=0.0ms, contention=0.0ms, TOTAL=14.6ms | audio=600ms, RTF=0.02x | model=enhanced_mel, neural_total=14.0ms, model_inference=10.2ms
[TIMING] EnhancedMel.transcribe: audio_to_gpu=0.3ms, features=0.4ms, model=9.7ms, decode=2.3ms | TOTAL=12.7ms for 1200ms audio (RTF=0.01x)
[TIMING] stream_chunk[experiment-614ebf3f6bc54d3baaaa20de9d41f00e](live_neural): decode=0.2ms, inference=14.5ms, second_pass=0.0ms, contention=0.0ms, TOTAL=14.8ms | audio=600ms, RTF=0.02x | model=enhanced_mel, neural_total=14.1ms, model_inference=9.7ms
[TIMING] EnhancedMel.transcribe: audio_to_gpu=0.3ms, features=0.6ms, model=18.4ms, decode=3.4ms | TOTAL=22.8ms for 1800ms audio (RTF=0.01x)
[TIMING] stream_chunk[experiment-614ebf3f6bc54d3baaaa20de9d41f00e](live_neural): decode=0.1ms, inference=24.7ms, second_pass=0.0ms, contention=0.0ms, TOTAL=24.9ms | audio=600ms, RTF=0.04x | model=enhanced_mel, neural_total=24.4ms, model_inference=18.4ms
[TIMING] EnhancedMel.transcribe: audio_to_gpu=0.1ms, features=0.4ms, model=11.4ms, decode=4.4ms | TOTAL=16.4ms for 2400ms audio (RTF=0.01x)
[TIMING] stream_chunk[experiment-614ebf3f6bc54d3baaaa20de9d41f00e](live_neural): decode=0.1ms, inference=18.6ms, second_pass=0.0ms, contention=0.0ms, TOTAL=18.9ms | audio=600ms, RTF=0.03x | model=enhanced_mel, neural_total=18.1ms, model_inference=11.4ms
[TIMING] EnhancedMel.transcribe: audio_to_gpu=0.3ms, features=0.5ms, model=12.0ms, decode=5.4ms | TOTAL=18.1ms for 3000ms audio (RTF=0.01x)
[TIMING] stream_chunk[experiment-614ebf3f6bc54d3baaaa20de9d41f00e](live_neural): decode=0.1ms, inference=21.3ms, second_pass=0.0ms, contention=0.0ms, TOTAL=21.6ms | audio=600ms, RTF=0.04x | model=enhanced_mel, neural_total=20.9ms, model_inference=12.0ms
[TIMING] EnhancedMel.transcribe: audio_to_gpu=0.2ms, features=4.5ms, model=11.7ms, decode=5.4ms | TOTAL=21.8ms for 3000ms audio (RTF=0.01x)
[TIMING] stream_chunk[experiment-614ebf3f6bc54d3baaaa20de9d41f00e](live_neural): decode=0.1ms, inference=24.2ms, second_pass=0.0ms, contention=0.0ms, TOTAL=24.5ms | audio=600ms, RTF=0.04x | model=enhanced_mel, neural_total=23.9ms, model_inference=11.7ms
[TIMING] EnhancedMel.transcribe: audio_to_gpu=0.2ms, features=0.6ms, model=11.8ms, decode=6.2ms | TOTAL=18.9ms for 3000ms audio (RTF=0.01x)
[TIMING] stream_chunk[experiment-614ebf3f6bc54d3baaaa20de9d41f00e](live_neural): decode=0.1ms, inference=21.5ms, second_pass=0.0ms, contention=0.0ms, TOTAL=21.7ms | audio=600ms, RTF=0.04x | model=enhanced_mel, neural_total=21.0ms, model_inference=11.8ms
[TIMING] EnhancedMel.transcribe: audio_to_gpu=0.2ms, features=0.5ms, model=12.6ms, decode=5.5ms | TOTAL=18.9ms for 3000ms audio (RTF=0.01x)
[TIMING] stream_chunk[experiment-614ebf3f6bc54d3baaaa20de9d41f00e](live_neural): decode=0.1ms, inference=21.8ms, second_pass=0.0ms, contention=0.0ms, TOTAL=22.0ms | audio=600ms, RTF=0.04x | model=enhanced_mel, neural_total=21.4ms, model_inference=12.7ms
[TIMING] EnhancedMel.transcribe: audio_to_gpu=0.2ms, features=0.5ms, model=13.3ms, decode=5.5ms | TOTAL=19.5ms for 3000ms audio (RTF=0.01x)
[TIMING] stream_chunk[experiment-614ebf3f6bc54d3baaaa20de9d41f00e](live_neural): decode=0.1ms, inference=22.9ms, second_pass=0.0ms, contention=0.0ms, TOTAL=23.2ms | audio=600ms, RTF=0.04x | model=enhanced_mel, neural_total=21.7ms, model_inference=13.3ms
[TIMING] EnhancedMel.transcribe: audio_to_gpu=0.5ms, features=0.5ms, model=12.5ms, decode=5.5ms | TOTAL=19.0ms for 3000ms audio (RTF=0.01x)
[TIMING] stream_chunk[experiment-614ebf3f6bc54d3baaaa20de9d41f00e](live_neural): decode=0.1ms, inference=21.4ms, second_pass=0.0ms, contention=0.0ms, TOTAL=21.7ms | audio=600ms, RTF=0.04x | model=enhanced_mel, neural_total=21.0ms, model_inference=12.5ms
[TIMING] EnhancedMel.transcribe: audio_to_gpu=0.4ms, features=0.5ms, model=12.2ms, decode=1.4ms | TOTAL=14.5ms for 600ms audio (RTF=0.02x)
[TIMING] stream_chunk[experiment-0d96702ad8dd45baa66f10e7f86be20e](live_neural): decode=0.1ms, inference=16.3ms, second_pass=0.0ms, contention=0.0ms, TOTAL=16.5ms | audio=600ms, RTF=0.03x | model=enhanced_mel, neural_total=15.9ms, model_inference=12.2ms
[TIMING] EnhancedMel.transcribe: audio_to_gpu=0.1ms, features=0.3ms, model=10.1ms, decode=2.3ms | TOTAL=12.9ms for 1200ms audio (RTF=0.01x)
[TIMING] stream_chunk[experiment-0d96702ad8dd45baa66f10e7f86be20e](live_neural): decode=0.1ms, inference=14.5ms, second_pass=0.0ms, contention=0.0ms, TOTAL=14.7ms | audio=600ms, RTF=0.02x | model=enhanced_mel, neural_total=14.2ms, model_inference=10.1ms
[TIMING] EnhancedMel.transcribe: audio_to_gpu=0.2ms, features=0.3ms, model=11.1ms, decode=3.4ms | TOTAL=15.0ms for 1800ms audio (RTF=0.01x)
[TIMING] stream_chunk[experiment-0d96702ad8dd45baa66f10e7f86be20e](live_neural): decode=0.1ms, inference=17.1ms, second_pass=0.0ms, contention=0.0ms, TOTAL=17.2ms | audio=600ms, RTF=0.03x | model=enhanced_mel, neural_total=16.7ms, model_inference=11.1ms
[TIMING] EnhancedMel.transcribe: audio_to_gpu=0.3ms, features=0.4ms, model=10.7ms, decode=4.4ms | TOTAL=15.9ms for 2400ms audio (RTF=0.01x)
[TIMING] stream_chunk[experiment-0d96702ad8dd45baa66f10e7f86be20e](live_neural): decode=0.1ms, inference=18.6ms, second_pass=0.0ms, contention=0.0ms, TOTAL=18.8ms | audio=600ms, RTF=0.03x | model=enhanced_mel, neural_total=18.2ms, model_inference=10.7ms
[TIMING] EnhancedMel.transcribe: audio_to_gpu=0.3ms, features=0.4ms, model=12.5ms, decode=5.3ms | TOTAL=18.6ms for 3000ms audio (RTF=0.01x)
[TIMING] stream_chunk[experiment-0d96702ad8dd45baa66f10e7f86be20e](live_neural): decode=0.1ms, inference=21.9ms, second_pass=0.0ms, contention=0.0ms, TOTAL=22.1ms | audio=600ms, RTF=0.04x | model=enhanced_mel, neural_total=21.5ms, model_inference=12.5ms
[TIMING] EnhancedMel.transcribe: audio_to_gpu=0.2ms, features=2.7ms, model=12.5ms, decode=5.3ms | TOTAL=20.7ms for 3000ms audio (RTF=0.01x)
[TIMING] stream_chunk[experiment-0d96702ad8dd45baa66f10e7f86be20e](live_neural): decode=0.1ms, inference=23.1ms, second_pass=0.0ms, contention=0.0ms, TOTAL=23.4ms | audio=600ms, RTF=0.04x | model=enhanced_mel, neural_total=22.6ms, model_inference=12.5ms
[TIMING] EnhancedMel.transcribe: audio_to_gpu=0.3ms, features=0.8ms, model=19.1ms, decode=5.6ms | TOTAL=25.8ms for 3000ms audio (RTF=0.01x)
[TIMING] stream_chunk[experiment-0d96702ad8dd45baa66f10e7f86be20e](live_neural): decode=0.1ms, inference=28.4ms, second_pass=0.0ms, contention=0.0ms, TOTAL=28.7ms | audio=600ms, RTF=0.05x | model=enhanced_mel, neural_total=28.1ms, model_inference=19.1ms
[TIMING] EnhancedMel.transcribe: audio_to_gpu=0.4ms, features=0.5ms, model=11.8ms, decode=5.4ms | TOTAL=18.1ms for 3000ms audio (RTF=0.01x)
[TIMING] stream_chunk[experiment-0d96702ad8dd45baa66f10e7f86be20e](live_neural): decode=0.1ms, inference=21.8ms, second_pass=0.0ms, contention=0.0ms, TOTAL=22.0ms | audio=600ms, RTF=0.04x | model=enhanced_mel, neural_total=21.3ms, model_inference=11.8ms
[TIMING] EnhancedMel.transcribe: audio_to_gpu=0.2ms, features=0.5ms, model=11.7ms, decode=5.4ms | TOTAL=17.7ms for 3000ms audio (RTF=0.01x)
[TIMING] stream_chunk[experiment-0d96702ad8dd45baa66f10e7f86be20e](live_neural): decode=0.1ms, inference=21.1ms, second_pass=0.0ms, contention=0.0ms, TOTAL=21.5ms | audio=600ms, RTF=0.04x | model=enhanced_mel, neural_total=20.6ms, model_inference=11.7ms
[TIMING] EnhancedMel.transcribe: audio_to_gpu=0.5ms, features=0.7ms, model=11.5ms, decode=6.8ms | TOTAL=19.4ms for 3000ms audio (RTF=0.01x)
[TIMING] stream_chunk[experiment-0d96702ad8dd45baa66f10e7f86be20e](live_neural): decode=0.1ms, inference=23.1ms, second_pass=0.0ms, contention=0.0ms, TOTAL=23.5ms | audio=600ms, RTF=0.04x | model=enhanced_mel, neural_total=22.6ms, model_inference=11.5ms

[CLIP_040] Sonata K. 525
  excerpt: start=27.00s end=33.00s duration=6.00s gt_notes=95 rms=0.0558 peak=0.3398 crest=6.085 rms_std=0.0188
    control:
      note metrics: precision=0.887 recall=0.905 f1=0.896 matched=86/95 pred=97
      strict onset f1: 10ms=0.771 20ms=0.896 30ms=0.896
      timing metrics: offset_f1=0.781 rhythm_precision=0.872 note_value_acc=0.349 note_value_n=86 avg_beat_error=0.116
      duplicate metrics: duplicates=1 per_100_notes=1.03
      boundary metrics: gt=23 matched=21 missed=2 miss_rate=0.087
      latency: avg_chunk_ms=20.80 p95_chunk_ms=24.73 avg_rtf=0.035
      notation metrics: first_correct_ms=60.6 visible_p50_ms=366.8 visible_p95_ms=600.5 stabilize_p50_ms=1766.2 stabilize_p95_ms=2320.2 avg_revisions=1.90 matched=39 refined=39 snapshots=20
      algorithmic latency: first_correct_ms=35.7 visible_p50_ms=347.9 visible_p95_ms=581.2 stabilize_p50_ms=1484.4 stabilize_p95_ms=2250.5
      final display note metrics: precision=0.895 recall=0.895 f1=0.895 matched=85/95 pred=95
      final display strict onset f1: 10ms=0.758 20ms=0.895 30ms=0.895
      final display timing: offset_f1=0.779 rhythm_precision=0.871 note_value_acc=0.224 note_value_n=85 avg_beat_error=0.159
      final display structure: cluster_f1=0.640 onset_align_recall=1.000 avg_jaccard=0.866 exact=24/36 pred=39 over=3 under=8 pitch_conflicts=1 missed_gt=0
      threshold profiles: hit_rate=0.000 thresholds=[0.7] profiles={'fixed_baseline': 10}
    treatment:
      note metrics: precision=0.887 recall=0.905 f1=0.896 matched=86/95 pred=97
      strict onset f1: 10ms=0.771 20ms=0.896 30ms=0.896
      timing metrics: offset_f1=0.781 rhythm_precision=0.872 note_value_acc=0.349 note_value_n=86 avg_beat_error=0.116
      duplicate metrics: duplicates=1 per_100_notes=1.03
      boundary metrics: gt=23 matched=21 missed=2 miss_rate=0.087
      latency: avg_chunk_ms=20.85 p95_chunk_ms=26.37 avg_rtf=0.035
      notation metrics: first_correct_ms=52.9 visible_p50_ms=366.7 visible_p95_ms=602.4 stabilize_p50_ms=1765.8 stabilize_p95_ms=2320.8 avg_revisions=1.90 matched=39 refined=39 snapshots=20
      algorithmic latency: first_correct_ms=35.7 visible_p50_ms=347.9 visible_p95_ms=581.2 stabilize_p50_ms=1484.4 stabilize_p95_ms=2250.5
      final display note metrics: precision=0.895 recall=0.895 f1=0.895 matched=85/95 pred=95
      final display strict onset f1: 10ms=0.758 20ms=0.895 30ms=0.895
      final display timing: offset_f1=0.779 rhythm_precision=0.871 note_value_acc=0.224 note_value_n=85 avg_beat_error=0.159
      final display structure: cluster_f1=0.640 onset_align_recall=1.000 avg_jaccard=0.866 exact=24/36 pred=39 over=3 under=8 pitch_conflicts=1 missed_gt=0
      threshold profiles: hit_rate=0.000 thresholds=[0.7] profiles={'baseline_nominal': 10}
    delta treatment-control: precision=+0.000 recall=+0.000 f1=+0.000 offset_f1=+0.000 note_value_acc=+0.000 dup_per_100=+0.00 boundary_miss_rate=+0.000 p95_chunk_ms=+1.64 f1_10ms=+0.000 f1_20ms=+0.000 f1_30ms=+0.000 visible_p50_ms=-0.1 stabilize_p50_ms=-0.4 algo_visible_p50_ms=+0.0 algo_stabilize_p50_ms=+0.0 avg_revisions=+0.00 display_note_f1=+0.000 display_offset_f1=+0.000 display_cluster_f1=+0.000 display_cluster_jaccard=+0.000
    failure buckets: ['boundary_miss_failure', 'high_revision_slow_stabilization', 'note_value_offset_failure']
      boundary diagnostics: missed=2 by_arm={'control': 2, 'treatment': 2} tags={'control_boundary_miss': 2, 'no_control_coarse_candidate': 2}
        miss: pitch=74 onset=3.628s boundary_delta_ms=+27.6 control_coarse=False treatment_coarse=False retro=n/a
        miss: pitch=74 onset=5.440s boundary_delta_ms=+40.1 control_coarse=False treatment_coarse=False retro=n/a
[TIMING] EnhancedMel.transcribe: audio_to_gpu=3.9ms, features=0.5ms, model=10.5ms, decode=1.1ms | TOTAL=16.0ms for 600ms audio (RTF=0.03x)
[TIMING] stream_chunk[experiment-869295a5b2364e288a1b25d0cbb7aa15](live_neural): decode=0.2ms, inference=17.8ms, second_pass=0.0ms, contention=0.0ms, TOTAL=17.9ms | audio=600ms, RTF=0.03x | model=enhanced_mel, neural_total=17.3ms, model_inference=10.5ms
[TIMING] EnhancedMel.transcribe: audio_to_gpu=0.1ms, features=0.4ms, model=11.3ms, decode=2.2ms | TOTAL=14.0ms for 1200ms audio (RTF=0.01x)
[TIMING] stream_chunk[experiment-869295a5b2364e288a1b25d0cbb7aa15](live_neural): decode=0.2ms, inference=15.8ms, second_pass=0.0ms, contention=0.0ms, TOTAL=16.0ms | audio=600ms, RTF=0.03x | model=enhanced_mel, neural_total=15.4ms, model_inference=11.3ms
[TIMING] EnhancedMel.transcribe: audio_to_gpu=0.2ms, features=0.4ms, model=11.1ms, decode=3.1ms | TOTAL=14.7ms for 1800ms audio (RTF=0.01x)
[TIMING] stream_chunk[experiment-869295a5b2364e288a1b25d0cbb7aa15](live_neural): decode=0.1ms, inference=16.8ms, second_pass=0.0ms, contention=0.0ms, TOTAL=17.0ms | audio=600ms, RTF=0.03x | model=enhanced_mel, neural_total=16.3ms, model_inference=11.1ms
[TIMING] EnhancedMel.transcribe: audio_to_gpu=0.2ms, features=0.4ms, model=12.1ms, decode=4.2ms | TOTAL=16.9ms for 2400ms audio (RTF=0.01x)
[TIMING] stream_chunk[experiment-869295a5b2364e288a1b25d0cbb7aa15](live_neural): decode=0.1ms, inference=19.1ms, second_pass=0.0ms, contention=0.0ms, TOTAL=19.5ms | audio=600ms, RTF=0.03x | model=enhanced_mel, neural_total=18.8ms, model_inference=12.1ms
[TIMING] EnhancedMel.transcribe: audio_to_gpu=0.1ms, features=3.8ms, model=12.0ms, decode=5.8ms | TOTAL=21.8ms for 3000ms audio (RTF=0.01x)
[TIMING] stream_chunk[experiment-869295a5b2364e288a1b25d0cbb7aa15](live_neural): decode=0.1ms, inference=24.3ms, second_pass=0.0ms, contention=0.0ms, TOTAL=24.7ms | audio=600ms, RTF=0.04x | model=enhanced_mel, neural_total=23.7ms, model_inference=12.0ms
[TIMING] EnhancedMel.transcribe: audio_to_gpu=0.3ms, features=2.2ms, model=12.4ms, decode=5.5ms | TOTAL=20.4ms for 3000ms audio (RTF=0.01x)
[TIMING] stream_chunk[experiment-869295a5b2364e288a1b25d0cbb7aa15](live_neural): decode=0.1ms, inference=23.2ms, second_pass=0.0ms, contention=0.0ms, TOTAL=23.7ms | audio=600ms, RTF=0.04x | model=enhanced_mel, neural_total=22.8ms, model_inference=12.4ms
[TIMING] EnhancedMel.transcribe: audio_to_gpu=0.3ms, features=0.5ms, model=12.6ms, decode=5.2ms | TOTAL=18.5ms for 3000ms audio (RTF=0.01x)
[TIMING] stream_chunk[experiment-869295a5b2364e288a1b25d0cbb7aa15](live_neural): decode=0.2ms, inference=20.8ms, second_pass=0.0ms, contention=0.0ms, TOTAL=21.1ms | audio=600ms, RTF=0.04x | model=enhanced_mel, neural_total=20.4ms, model_inference=12.6ms
[TIMING] EnhancedMel.transcribe: audio_to_gpu=0.4ms, features=0.5ms, model=18.9ms, decode=5.4ms | TOTAL=25.1ms for 3000ms audio (RTF=0.01x)
[TIMING] stream_chunk[experiment-869295a5b2364e288a1b25d0cbb7aa15](live_neural): decode=0.2ms, inference=27.6ms, second_pass=0.0ms, contention=0.0ms, TOTAL=27.9ms | audio=600ms, RTF=0.05x | model=enhanced_mel, neural_total=27.1ms, model_inference=18.9ms
[TIMING] EnhancedMel.transcribe: audio_to_gpu=0.4ms, features=0.6ms, model=13.3ms, decode=5.2ms | TOTAL=19.5ms for 3000ms audio (RTF=0.01x)
[TIMING] stream_chunk[experiment-869295a5b2364e288a1b25d0cbb7aa15](live_neural): decode=0.1ms, inference=22.9ms, second_pass=0.0ms, contention=0.0ms, TOTAL=23.3ms | audio=600ms, RTF=0.04x | model=enhanced_mel, neural_total=22.5ms, model_inference=13.3ms
[TIMING] EnhancedMel.transcribe: audio_to_gpu=0.3ms, features=0.4ms, model=12.1ms, decode=5.2ms | TOTAL=18.0ms for 3000ms audio (RTF=0.01x)
[TIMING] stream_chunk[experiment-869295a5b2364e288a1b25d0cbb7aa15](live_neural): decode=0.1ms, inference=20.1ms, second_pass=0.0ms, contention=0.0ms, TOTAL=20.4ms | audio=600ms, RTF=0.03x | model=enhanced_mel, neural_total=19.7ms, model_inference=12.1ms
[TIMING] EnhancedMel.transcribe: audio_to_gpu=0.3ms, features=0.5ms, model=10.4ms, decode=1.1ms | TOTAL=12.3ms for 600ms audio (RTF=0.02x)
[TIMING] stream_chunk[experiment-03a5f8b5558244f398116696b52b6047](live_neural): decode=0.1ms, inference=13.6ms, second_pass=0.0ms, contention=0.0ms, TOTAL=13.8ms | audio=600ms, RTF=0.02x | model=enhanced_mel, neural_total=13.3ms, model_inference=10.4ms
[TIMING] EnhancedMel.transcribe: audio_to_gpu=0.2ms, features=0.3ms, model=15.0ms, decode=2.2ms | TOTAL=17.8ms for 1200ms audio (RTF=0.01x)
[TIMING] stream_chunk[experiment-03a5f8b5558244f398116696b52b6047](live_neural): decode=0.1ms, inference=19.5ms, second_pass=0.0ms, contention=0.0ms, TOTAL=19.7ms | audio=600ms, RTF=0.03x | model=enhanced_mel, neural_total=19.2ms, model_inference=15.0ms
[TIMING] EnhancedMel.transcribe: audio_to_gpu=0.2ms, features=0.3ms, model=10.5ms, decode=3.1ms | TOTAL=14.2ms for 1800ms audio (RTF=0.01x)
[TIMING] stream_chunk[experiment-03a5f8b5558244f398116696b52b6047](live_neural): decode=0.1ms, inference=16.1ms, second_pass=0.0ms, contention=0.0ms, TOTAL=16.3ms | audio=600ms, RTF=0.03x | model=enhanced_mel, neural_total=15.7ms, model_inference=10.5ms
[TIMING] EnhancedMel.transcribe: audio_to_gpu=0.2ms, features=0.5ms, model=11.2ms, decode=4.1ms | TOTAL=15.9ms for 2400ms audio (RTF=0.01x)
[TIMING] stream_chunk[experiment-03a5f8b5558244f398116696b52b6047](live_neural): decode=0.1ms, inference=19.0ms, second_pass=0.0ms, contention=0.0ms, TOTAL=19.2ms | audio=600ms, RTF=0.03x | model=enhanced_mel, neural_total=18.6ms, model_inference=11.2ms
[TIMING] EnhancedMel.transcribe: audio_to_gpu=0.2ms, features=0.4ms, model=11.9ms, decode=5.2ms | TOTAL=17.7ms for 3000ms audio (RTF=0.01x)
[TIMING] stream_chunk[experiment-03a5f8b5558244f398116696b52b6047](live_neural): decode=0.1ms, inference=20.2ms, second_pass=0.0ms, contention=0.0ms, TOTAL=20.6ms | audio=600ms, RTF=0.03x | model=enhanced_mel, neural_total=19.8ms, model_inference=11.9ms
[TIMING] EnhancedMel.transcribe: audio_to_gpu=0.4ms, features=0.5ms, model=11.6ms, decode=5.4ms | TOTAL=17.9ms for 3000ms audio (RTF=0.01x)
[TIMING] stream_chunk[experiment-03a5f8b5558244f398116696b52b6047](live_neural): decode=0.1ms, inference=20.2ms, second_pass=0.0ms, contention=0.0ms, TOTAL=20.5ms | audio=600ms, RTF=0.03x | model=enhanced_mel, neural_total=19.8ms, model_inference=11.6ms
[TIMING] EnhancedMel.transcribe: audio_to_gpu=0.3ms, features=0.4ms, model=11.9ms, decode=5.2ms | TOTAL=17.8ms for 3000ms audio (RTF=0.01x)
[TIMING] stream_chunk[experiment-03a5f8b5558244f398116696b52b6047](live_neural): decode=0.1ms, inference=20.2ms, second_pass=0.0ms, contention=0.0ms, TOTAL=20.4ms | audio=600ms, RTF=0.03x | model=enhanced_mel, neural_total=19.7ms, model_inference=11.9ms
[TIMING] EnhancedMel.transcribe: audio_to_gpu=0.3ms, features=0.5ms, model=11.9ms, decode=5.3ms | TOTAL=18.0ms for 3000ms audio (RTF=0.01x)
[TIMING] stream_chunk[experiment-03a5f8b5558244f398116696b52b6047](live_neural): decode=0.1ms, inference=21.2ms, second_pass=0.0ms, contention=0.0ms, TOTAL=21.5ms | audio=600ms, RTF=0.04x | model=enhanced_mel, neural_total=20.8ms, model_inference=11.9ms
[TIMING] EnhancedMel.transcribe: audio_to_gpu=0.2ms, features=0.5ms, model=12.1ms, decode=5.2ms | TOTAL=18.1ms for 3000ms audio (RTF=0.01x)
[TIMING] stream_chunk[experiment-03a5f8b5558244f398116696b52b6047](live_neural): decode=0.1ms, inference=21.1ms, second_pass=0.0ms, contention=0.0ms, TOTAL=21.5ms | audio=600ms, RTF=0.04x | model=enhanced_mel, neural_total=20.6ms, model_inference=12.1ms
[TIMING] EnhancedMel.transcribe: audio_to_gpu=0.3ms, features=2.8ms, model=11.6ms, decode=5.3ms | TOTAL=20.0ms for 3000ms audio (RTF=0.01x)
[TIMING] stream_chunk[experiment-03a5f8b5558244f398116696b52b6047](live_neural): decode=0.1ms, inference=22.7ms, second_pass=0.0ms, contention=0.0ms, TOTAL=22.9ms | audio=600ms, RTF=0.04x | model=enhanced_mel, neural_total=22.3ms, model_inference=11.6ms

[CLIP_041] Sonata No. 9, Op. 68
  excerpt: start=72.00s end=78.00s duration=6.00s gt_notes=66 rms=0.0617 peak=0.3605 crest=5.841 rms_std=0.0284
    control:
      note metrics: precision=0.951 recall=0.879 f1=0.913 matched=58/66 pred=61
      strict onset f1: 10ms=0.709 20ms=0.850 30ms=0.913
      timing metrics: offset_f1=0.835 rhythm_precision=0.914 note_value_acc=0.500 note_value_n=58 avg_beat_error=0.125
      duplicate metrics: duplicates=1 per_100_notes=1.64
      boundary metrics: gt=20 matched=19 missed=1 miss_rate=0.050
      latency: avg_chunk_ms=21.16 p95_chunk_ms=26.46 avg_rtf=0.035
      notation metrics: first_correct_ms=0.0 visible_p50_ms=337.2 visible_p95_ms=607.5 stabilize_p50_ms=1608.4 stabilize_p95_ms=2049.8 avg_revisions=1.90 matched=58 refined=58 snapshots=20
      algorithmic latency: first_correct_ms=0.0 visible_p50_ms=311.7 visible_p95_ms=588.6 stabilize_p50_ms=1156.9 stabilize_p95_ms=1603.8
      final display note metrics: precision=0.965 recall=0.833 f1=0.894 matched=55/66 pred=57
      final display strict onset f1: 10ms=0.699 20ms=0.846 30ms=0.894
      final display timing: offset_f1=0.813 rhythm_precision=0.909 note_value_acc=0.200 note_value_n=55 avg_beat_error=0.163
      final display structure: cluster_f1=0.800 onset_align_recall=0.857 avg_jaccard=0.934 exact=42/56 pred=49 over=2 under=4 pitch_conflicts=0 missed_gt=8
      threshold profiles: hit_rate=0.000 thresholds=[0.7] profiles={'fixed_baseline': 10}
    treatment:
      note metrics: precision=0.951 recall=0.879 f1=0.913 matched=58/66 pred=61
      strict onset f1: 10ms=0.709 20ms=0.850 30ms=0.913
      timing metrics: offset_f1=0.835 rhythm_precision=0.914 note_value_acc=0.500 note_value_n=58 avg_beat_error=0.125
      duplicate metrics: duplicates=1 per_100_notes=1.64
      boundary metrics: gt=20 matched=19 missed=1 miss_rate=0.050
      latency: avg_chunk_ms=19.64 p95_chunk_ms=22.27 avg_rtf=0.033
      notation metrics: first_correct_ms=0.0 visible_p50_ms=333.0 visible_p95_ms=607.8 stabilize_p50_ms=1602.9 stabilize_p95_ms=2049.4 avg_revisions=1.90 matched=58 refined=58 snapshots=20
      algorithmic latency: first_correct_ms=0.0 visible_p50_ms=311.7 visible_p95_ms=588.6 stabilize_p50_ms=1156.9 stabilize_p95_ms=1603.8
      final display note metrics: precision=0.965 recall=0.833 f1=0.894 matched=55/66 pred=57
      final display strict onset f1: 10ms=0.699 20ms=0.846 30ms=0.894
      final display timing: offset_f1=0.813 rhythm_precision=0.909 note_value_acc=0.200 note_value_n=55 avg_beat_error=0.163
      final display structure: cluster_f1=0.800 onset_align_recall=0.857 avg_jaccard=0.934 exact=42/56 pred=49 over=2 under=4 pitch_conflicts=0 missed_gt=8
      threshold profiles: hit_rate=0.100 thresholds=[0.66, 0.7] profiles={'baseline_nominal': 9, 'soft_sparse_recall': 1}
    delta treatment-control: precision=+0.000 recall=+0.000 f1=+0.000 offset_f1=+0.000 note_value_acc=+0.000 dup_per_100=+0.00 boundary_miss_rate=+0.000 p95_chunk_ms=-4.19 f1_10ms=+0.000 f1_20ms=+0.000 f1_30ms=+0.000 visible_p50_ms=-4.2 stabilize_p50_ms=-5.5 algo_visible_p50_ms=+0.0 algo_stabilize_p50_ms=+0.0 avg_revisions=+0.00 display_note_f1=+0.000 display_offset_f1=+0.000 display_cluster_f1=+0.000 display_cluster_jaccard=+0.000
    failure buckets: ['runtime_only_win', 'boundary_miss_failure', 'high_revision_slow_stabilization']
      boundary diagnostics: missed=1 by_arm={'control': 1, 'treatment': 1} tags={'control_boundary_miss': 1, 'no_control_coarse_candidate': 1}
        miss: pitch=67 onset=3.034s boundary_delta_ms=+33.9 control_coarse=False treatment_coarse=False retro=n/a
[TIMING] EnhancedMel.transcribe: audio_to_gpu=0.5ms, features=1.0ms, model=15.7ms, decode=1.3ms | TOTAL=18.5ms for 600ms audio (RTF=0.03x)
[TIMING] stream_chunk[experiment-9aac1ce8ab9542c6b0e32b059b1216ee](live_neural): decode=0.2ms, inference=20.2ms, second_pass=0.0ms, contention=0.0ms, TOTAL=20.4ms | audio=600ms, RTF=0.03x | model=enhanced_mel, neural_total=19.8ms, model_inference=15.7ms
[TIMING] EnhancedMel.transcribe: audio_to_gpu=0.1ms, features=0.3ms, model=9.8ms, decode=2.4ms | TOTAL=12.7ms for 1200ms audio (RTF=0.01x)
[TIMING] stream_chunk[experiment-9aac1ce8ab9542c6b0e32b059b1216ee](live_neural): decode=0.1ms, inference=14.3ms, second_pass=0.0ms, contention=0.0ms, TOTAL=14.5ms | audio=600ms, RTF=0.02x | model=enhanced_mel, neural_total=13.9ms, model_inference=9.8ms
[TIMING] EnhancedMel.transcribe: audio_to_gpu=0.1ms, features=0.4ms, model=11.0ms, decode=3.5ms | TOTAL=15.0ms for 1800ms audio (RTF=0.01x)
[TIMING] stream_chunk[experiment-9aac1ce8ab9542c6b0e32b059b1216ee](live_neural): decode=0.1ms, inference=17.0ms, second_pass=0.0ms, contention=0.0ms, TOTAL=17.2ms | audio=600ms, RTF=0.03x | model=enhanced_mel, neural_total=16.7ms, model_inference=11.0ms
[TIMING] EnhancedMel.transcribe: audio_to_gpu=0.1ms, features=0.5ms, model=11.9ms, decode=4.5ms | TOTAL=16.9ms for 2400ms audio (RTF=0.01x)
[TIMING] stream_chunk[experiment-9aac1ce8ab9542c6b0e32b059b1216ee](live_neural): decode=0.1ms, inference=19.1ms, second_pass=0.0ms, contention=0.0ms, TOTAL=19.4ms | audio=600ms, RTF=0.03x | model=enhanced_mel, neural_total=18.8ms, model_inference=11.9ms
[TIMING] EnhancedMel.transcribe: audio_to_gpu=0.2ms, features=0.4ms, model=12.9ms, decode=5.4ms | TOTAL=18.9ms for 3000ms audio (RTF=0.01x)
[TIMING] stream_chunk[experiment-9aac1ce8ab9542c6b0e32b059b1216ee](live_neural): decode=0.1ms, inference=22.1ms, second_pass=0.0ms, contention=0.0ms, TOTAL=22.4ms | audio=600ms, RTF=0.04x | model=enhanced_mel, neural_total=21.7ms, model_inference=12.9ms
[TIMING] EnhancedMel.transcribe: audio_to_gpu=0.2ms, features=0.4ms, model=11.6ms, decode=6.8ms | TOTAL=19.1ms for 3000ms audio (RTF=0.01x)
[TIMING] stream_chunk[experiment-9aac1ce8ab9542c6b0e32b059b1216ee](live_neural): decode=0.1ms, inference=22.5ms, second_pass=0.0ms, contention=0.0ms, TOTAL=22.8ms | audio=600ms, RTF=0.04x | model=enhanced_mel, neural_total=22.1ms, model_inference=11.6ms
[TIMING] EnhancedMel.transcribe: audio_to_gpu=0.2ms, features=0.4ms, model=12.6ms, decode=5.6ms | TOTAL=18.8ms for 3000ms audio (RTF=0.01x)
[TIMING] stream_chunk[experiment-9aac1ce8ab9542c6b0e32b059b1216ee](live_neural): decode=0.1ms, inference=21.0ms, second_pass=0.0ms, contention=0.0ms, TOTAL=21.3ms | audio=600ms, RTF=0.04x | model=enhanced_mel, neural_total=20.7ms, model_inference=12.6ms
[TIMING] EnhancedMel.transcribe: audio_to_gpu=0.2ms, features=3.9ms, model=11.8ms, decode=5.4ms | TOTAL=21.3ms for 3000ms audio (RTF=0.01x)
[TIMING] stream_chunk[experiment-9aac1ce8ab9542c6b0e32b059b1216ee](live_neural): decode=0.1ms, inference=23.7ms, second_pass=0.0ms, contention=0.0ms, TOTAL=24.0ms | audio=600ms, RTF=0.04x | model=enhanced_mel, neural_total=23.3ms, model_inference=11.8ms
[TIMING] EnhancedMel.transcribe: audio_to_gpu=0.3ms, features=0.4ms, model=11.7ms, decode=5.4ms | TOTAL=17.9ms for 3000ms audio (RTF=0.01x)
[TIMING] stream_chunk[experiment-9aac1ce8ab9542c6b0e32b059b1216ee](live_neural): decode=0.2ms, inference=21.3ms, second_pass=0.0ms, contention=0.0ms, TOTAL=21.7ms | audio=600ms, RTF=0.04x | model=enhanced_mel, neural_total=20.9ms, model_inference=11.7ms
[TIMING] EnhancedMel.transcribe: audio_to_gpu=0.2ms, features=0.4ms, model=11.7ms, decode=7.0ms | TOTAL=19.4ms for 3000ms audio (RTF=0.01x)
[TIMING] stream_chunk[experiment-9aac1ce8ab9542c6b0e32b059b1216ee](live_neural): decode=0.1ms, inference=21.7ms, second_pass=0.0ms, contention=0.0ms, TOTAL=21.9ms | audio=600ms, RTF=0.04x | model=enhanced_mel, neural_total=21.3ms, model_inference=11.7ms
[TIMING] EnhancedMel.transcribe: audio_to_gpu=0.6ms, features=0.5ms, model=10.5ms, decode=1.3ms | TOTAL=12.8ms for 600ms audio (RTF=0.02x)
[TIMING] stream_chunk[experiment-e0861e8074b64b048184592349539672](live_neural): decode=0.1ms, inference=14.9ms, second_pass=0.0ms, contention=0.0ms, TOTAL=15.1ms | audio=600ms, RTF=0.03x | model=enhanced_mel, neural_total=14.5ms, model_inference=10.5ms
[TIMING] EnhancedMel.transcribe: audio_to_gpu=0.2ms, features=0.3ms, model=9.6ms, decode=2.3ms | TOTAL=12.3ms for 1200ms audio (RTF=0.01x)
[TIMING] stream_chunk[experiment-e0861e8074b64b048184592349539672](live_neural): decode=0.1ms, inference=14.0ms, second_pass=0.0ms, contention=0.0ms, TOTAL=14.2ms | audio=600ms, RTF=0.02x | model=enhanced_mel, neural_total=13.6ms, model_inference=9.6ms
[TIMING] EnhancedMel.transcribe: audio_to_gpu=0.1ms, features=0.3ms, model=10.7ms, decode=3.4ms | TOTAL=14.5ms for 1800ms audio (RTF=0.01x)
[TIMING] stream_chunk[experiment-e0861e8074b64b048184592349539672](live_neural): decode=0.2ms, inference=16.4ms, second_pass=0.0ms, contention=0.0ms, TOTAL=16.6ms | audio=600ms, RTF=0.03x | model=enhanced_mel, neural_total=16.0ms, model_inference=10.7ms
[TIMING] EnhancedMel.transcribe: audio_to_gpu=0.2ms, features=4.1ms, model=11.4ms, decode=4.4ms | TOTAL=20.0ms for 2400ms audio (RTF=0.01x)
[TIMING] stream_chunk[experiment-e0861e8074b64b048184592349539672](live_neural): decode=0.1ms, inference=23.9ms, second_pass=0.0ms, contention=0.0ms, TOTAL=24.1ms | audio=600ms, RTF=0.04x | model=enhanced_mel, neural_total=23.6ms, model_inference=11.4ms
[TIMING] EnhancedMel.transcribe: audio_to_gpu=0.2ms, features=0.4ms, model=11.8ms, decode=5.4ms | TOTAL=17.8ms for 3000ms audio (RTF=0.01x)
[TIMING] stream_chunk[experiment-e0861e8074b64b048184592349539672](live_neural): decode=0.1ms, inference=21.2ms, second_pass=0.0ms, contention=0.0ms, TOTAL=21.6ms | audio=600ms, RTF=0.04x | model=enhanced_mel, neural_total=20.8ms, model_inference=11.8ms
[TIMING] EnhancedMel.transcribe: audio_to_gpu=0.4ms, features=0.5ms, model=11.6ms, decode=5.5ms | TOTAL=18.0ms for 3000ms audio (RTF=0.01x)
[TIMING] stream_chunk[experiment-e0861e8074b64b048184592349539672](live_neural): decode=0.1ms, inference=20.3ms, second_pass=0.0ms, contention=0.0ms, TOTAL=20.6ms | audio=600ms, RTF=0.03x | model=enhanced_mel, neural_total=19.9ms, model_inference=11.6ms
[TIMING] EnhancedMel.transcribe: audio_to_gpu=0.4ms, features=0.5ms, model=11.8ms, decode=5.5ms | TOTAL=18.3ms for 3000ms audio (RTF=0.01x)
[TIMING] stream_chunk[experiment-e0861e8074b64b048184592349539672](live_neural): decode=0.1ms, inference=20.8ms, second_pass=0.0ms, contention=0.0ms, TOTAL=21.1ms | audio=600ms, RTF=0.04x | model=enhanced_mel, neural_total=20.3ms, model_inference=11.8ms
[TIMING] EnhancedMel.transcribe: audio_to_gpu=0.2ms, features=0.4ms, model=12.4ms, decode=5.4ms | TOTAL=18.5ms for 3000ms audio (RTF=0.01x)
[TIMING] stream_chunk[experiment-e0861e8074b64b048184592349539672](live_neural): decode=0.1ms, inference=20.7ms, second_pass=0.0ms, contention=0.0ms, TOTAL=20.9ms | audio=600ms, RTF=0.03x | model=enhanced_mel, neural_total=20.4ms, model_inference=12.4ms
[TIMING] EnhancedMel.transcribe: audio_to_gpu=0.3ms, features=0.5ms, model=12.3ms, decode=5.7ms | TOTAL=18.8ms for 3000ms audio (RTF=0.01x)
[TIMING] stream_chunk[experiment-e0861e8074b64b048184592349539672](live_neural): decode=0.1ms, inference=22.1ms, second_pass=0.0ms, contention=0.0ms, TOTAL=22.4ms | audio=600ms, RTF=0.04x | model=enhanced_mel, neural_total=21.7ms, model_inference=12.3ms
[TIMING] EnhancedMel.transcribe: audio_to_gpu=0.3ms, features=0.5ms, model=11.9ms, decode=5.5ms | TOTAL=18.4ms for 3000ms audio (RTF=0.01x)
[TIMING] stream_chunk[experiment-e0861e8074b64b048184592349539672](live_neural): decode=0.1ms, inference=21.5ms, second_pass=0.0ms, contention=0.0ms, TOTAL=21.9ms | audio=600ms, RTF=0.04x | model=enhanced_mel, neural_total=21.1ms, model_inference=11.9ms

[CLIP_042] Sonata in D Major, K. 96 L. 465
  excerpt: start=63.00s end=69.00s duration=6.00s gt_notes=91 rms=0.0446 peak=0.2839 crest=6.358 rms_std=0.0114
    control:
      note metrics: precision=0.947 recall=0.989 f1=0.968 matched=90/91 pred=95
      strict onset f1: 10ms=0.892 20ms=0.968 30ms=0.968
      timing metrics: offset_f1=0.925 rhythm_precision=0.956 note_value_acc=0.533 note_value_n=90 avg_beat_error=0.121
      duplicate metrics: duplicates=0 per_100_notes=0.00
      boundary metrics: gt=25 matched=25 missed=0 miss_rate=0.000
      latency: avg_chunk_ms=20.55 p95_chunk_ms=23.47 avg_rtf=0.034
      notation metrics: first_correct_ms=125.5 visible_p50_ms=362.4 visible_p95_ms=555.1 stabilize_p50_ms=2100.3 stabilize_p95_ms=2574.5 avg_revisions=2.33 matched=21 refined=21 snapshots=20
      algorithmic latency: first_correct_ms=102.6 visible_p50_ms=339.6 visible_p95_ms=535.4 stabilize_p50_ms=1732.3 stabilize_p95_ms=2124.5
      final display note metrics: precision=0.947 recall=0.989 f1=0.968 matched=90/91 pred=95
      final display strict onset f1: 10ms=0.892 20ms=0.968 30ms=0.968
      final display timing: offset_f1=0.925 rhythm_precision=0.956 note_value_acc=0.278 note_value_n=90 avg_beat_error=0.282
      final display structure: cluster_f1=0.825 onset_align_recall=1.000 avg_jaccard=0.956 exact=26/30 pred=33 over=2 under=1 pitch_conflicts=1 missed_gt=0
      threshold profiles: hit_rate=0.000 thresholds=[0.7] profiles={'fixed_baseline': 10}
    treatment:
      note metrics: precision=0.947 recall=0.989 f1=0.968 matched=90/91 pred=95
      strict onset f1: 10ms=0.892 20ms=0.968 30ms=0.968
      timing metrics: offset_f1=0.925 rhythm_precision=0.956 note_value_acc=0.533 note_value_n=90 avg_beat_error=0.121
      duplicate metrics: duplicates=0 per_100_notes=0.00
      boundary metrics: gt=25 matched=25 missed=0 miss_rate=0.000
      latency: avg_chunk_ms=19.84 p95_chunk_ms=23.33 avg_rtf=0.033
      notation metrics: first_correct_ms=120.3 visible_p50_ms=360.1 visible_p95_ms=559.5 stabilize_p50_ms=2098.0 stabilize_p95_ms=2574.5 avg_revisions=2.33 matched=21 refined=21 snapshots=20
      algorithmic latency: first_correct_ms=102.6 visible_p50_ms=339.6 visible_p95_ms=535.4 stabilize_p50_ms=1732.3 stabilize_p95_ms=2124.5
      final display note metrics: precision=0.947 recall=0.989 f1=0.968 matched=90/91 pred=95
      final display strict onset f1: 10ms=0.892 20ms=0.968 30ms=0.968
      final display timing: offset_f1=0.925 rhythm_precision=0.956 note_value_acc=0.278 note_value_n=90 avg_beat_error=0.282
      final display structure: cluster_f1=0.825 onset_align_recall=1.000 avg_jaccard=0.956 exact=26/30 pred=33 over=2 under=1 pitch_conflicts=1 missed_gt=0
      threshold profiles: hit_rate=0.000 thresholds=[0.7] profiles={'baseline_nominal': 10}
    delta treatment-control: precision=+0.000 recall=+0.000 f1=+0.000 offset_f1=+0.000 note_value_acc=+0.000 dup_per_100=+0.00 boundary_miss_rate=+0.000 p95_chunk_ms=-0.13 f1_10ms=+0.000 f1_20ms=+0.000 f1_30ms=+0.000 visible_p50_ms=-2.3 stabilize_p50_ms=-2.2 algo_visible_p50_ms=+0.0 algo_stabilize_p50_ms=+0.0 avg_revisions=+0.00 display_note_f1=+0.000 display_offset_f1=+0.000 display_cluster_f1=+0.000 display_cluster_jaccard=+0.000
    failure buckets: ['high_revision_slow_stabilization']
[TIMING] EnhancedMel.transcribe: audio_to_gpu=0.5ms, features=0.6ms, model=10.0ms, decode=1.3ms | TOTAL=12.3ms for 600ms audio (RTF=0.02x)
[TIMING] stream_chunk[experiment-adb8908daf504bbd9e04dd1664e5e241](live_neural): decode=0.2ms, inference=14.1ms, second_pass=0.0ms, contention=0.0ms, TOTAL=14.4ms | audio=600ms, RTF=0.02x | model=enhanced_mel, neural_total=13.6ms, model_inference=10.0ms
[TIMING] EnhancedMel.transcribe: audio_to_gpu=0.1ms, features=0.3ms, model=10.2ms, decode=2.3ms | TOTAL=12.9ms for 1200ms audio (RTF=0.01x)
[TIMING] stream_chunk[experiment-adb8908daf504bbd9e04dd1664e5e241](live_neural): decode=0.1ms, inference=14.8ms, second_pass=0.0ms, contention=0.0ms, TOTAL=15.1ms | audio=600ms, RTF=0.03x | model=enhanced_mel, neural_total=14.5ms, model_inference=10.2ms
[TIMING] EnhancedMel.transcribe: audio_to_gpu=0.1ms, features=0.4ms, model=11.6ms, decode=3.3ms | TOTAL=15.4ms for 1800ms audio (RTF=0.01x)
[TIMING] stream_chunk[experiment-adb8908daf504bbd9e04dd1664e5e241](live_neural): decode=0.1ms, inference=17.4ms, second_pass=0.0ms, contention=0.0ms, TOTAL=17.6ms | audio=600ms, RTF=0.03x | model=enhanced_mel, neural_total=17.1ms, model_inference=11.6ms
[TIMING] EnhancedMel.transcribe: audio_to_gpu=0.2ms, features=0.4ms, model=11.1ms, decode=4.3ms | TOTAL=16.0ms for 2400ms audio (RTF=0.01x)
[TIMING] stream_chunk[experiment-adb8908daf504bbd9e04dd1664e5e241](live_neural): decode=0.1ms, inference=18.4ms, second_pass=0.0ms, contention=0.0ms, TOTAL=18.7ms | audio=600ms, RTF=0.03x | model=enhanced_mel, neural_total=18.0ms, model_inference=11.1ms
[TIMING] EnhancedMel.transcribe: audio_to_gpu=0.3ms, features=0.4ms, model=11.7ms, decode=5.1ms | TOTAL=17.5ms for 3000ms audio (RTF=0.01x)
[TIMING] stream_chunk[experiment-adb8908daf504bbd9e04dd1664e5e241](live_neural): decode=0.1ms, inference=19.8ms, second_pass=0.0ms, contention=0.0ms, TOTAL=20.2ms | audio=600ms, RTF=0.03x | model=enhanced_mel, neural_total=19.5ms, model_inference=11.7ms
[TIMING] EnhancedMel.transcribe: audio_to_gpu=0.2ms, features=0.4ms, model=12.4ms, decode=5.3ms | TOTAL=18.3ms for 3000ms audio (RTF=0.01x)
[TIMING] stream_chunk[experiment-adb8908daf504bbd9e04dd1664e5e241](live_neural): decode=0.1ms, inference=20.5ms, second_pass=0.0ms, contention=0.0ms, TOTAL=20.8ms | audio=600ms, RTF=0.03x | model=enhanced_mel, neural_total=20.1ms, model_inference=12.4ms
[TIMING] EnhancedMel.transcribe: audio_to_gpu=0.3ms, features=0.5ms, model=12.6ms, decode=5.4ms | TOTAL=18.9ms for 3000ms audio (RTF=0.01x)
[TIMING] stream_chunk[experiment-adb8908daf504bbd9e04dd1664e5e241](live_neural): decode=0.1ms, inference=22.1ms, second_pass=0.0ms, contention=0.0ms, TOTAL=22.4ms | audio=600ms, RTF=0.04x | model=enhanced_mel, neural_total=21.7ms, model_inference=12.6ms
[TIMING] EnhancedMel.transcribe: audio_to_gpu=0.3ms, features=0.5ms, model=11.6ms, decode=6.3ms | TOTAL=18.6ms for 3000ms audio (RTF=0.01x)
[TIMING] stream_chunk[experiment-adb8908daf504bbd9e04dd1664e5e241](live_neural): decode=0.1ms, inference=21.3ms, second_pass=0.0ms, contention=0.0ms, TOTAL=21.6ms | audio=600ms, RTF=0.04x | model=enhanced_mel, neural_total=21.0ms, model_inference=11.6ms
[TIMING] EnhancedMel.transcribe: audio_to_gpu=0.2ms, features=0.4ms, model=11.9ms, decode=5.2ms | TOTAL=17.7ms for 3000ms audio (RTF=0.01x)
[TIMING] stream_chunk[experiment-adb8908daf504bbd9e04dd1664e5e241](live_neural): decode=0.1ms, inference=20.0ms, second_pass=0.0ms, contention=0.0ms, TOTAL=20.2ms | audio=600ms, RTF=0.03x | model=enhanced_mel, neural_total=19.6ms, model_inference=11.9ms
[TIMING] EnhancedMel.transcribe: audio_to_gpu=0.2ms, features=0.5ms, model=13.3ms, decode=5.4ms | TOTAL=19.5ms for 3000ms audio (RTF=0.01x)
[TIMING] stream_chunk[experiment-adb8908daf504bbd9e04dd1664e5e241](live_neural): decode=0.1ms, inference=21.8ms, second_pass=0.0ms, contention=0.0ms, TOTAL=22.1ms | audio=600ms, RTF=0.04x | model=enhanced_mel, neural_total=21.4ms, model_inference=13.3ms
[TIMING] EnhancedMel.transcribe: audio_to_gpu=0.5ms, features=0.6ms, model=10.1ms, decode=1.4ms | TOTAL=12.5ms for 600ms audio (RTF=0.02x)
[TIMING] stream_chunk[experiment-da2e95b197144de481f739d2899ae539](live_neural): decode=0.1ms, inference=14.7ms, second_pass=0.0ms, contention=0.0ms, TOTAL=14.9ms | audio=600ms, RTF=0.02x | model=enhanced_mel, neural_total=14.3ms, model_inference=10.1ms
[TIMING] EnhancedMel.transcribe: audio_to_gpu=0.1ms, features=0.4ms, model=9.8ms, decode=2.4ms | TOTAL=12.7ms for 1200ms audio (RTF=0.01x)
[TIMING] stream_chunk[experiment-da2e95b197144de481f739d2899ae539](live_neural): decode=0.1ms, inference=14.3ms, second_pass=0.0ms, contention=0.0ms, TOTAL=14.5ms | audio=600ms, RTF=0.02x | model=enhanced_mel, neural_total=14.0ms, model_inference=9.8ms
[TIMING] EnhancedMel.transcribe: audio_to_gpu=0.1ms, features=0.5ms, model=11.2ms, decode=3.4ms | TOTAL=15.2ms for 1800ms audio (RTF=0.01x)
[TIMING] stream_chunk[experiment-da2e95b197144de481f739d2899ae539](live_neural): decode=0.1ms, inference=17.1ms, second_pass=0.0ms, contention=0.0ms, TOTAL=17.3ms | audio=600ms, RTF=0.03x | model=enhanced_mel, neural_total=16.8ms, model_inference=11.2ms
[TIMING] EnhancedMel.transcribe: audio_to_gpu=0.2ms, features=0.5ms, model=11.3ms, decode=4.3ms | TOTAL=16.3ms for 2400ms audio (RTF=0.01x)
[TIMING] stream_chunk[experiment-da2e95b197144de481f739d2899ae539](live_neural): decode=0.1ms, inference=18.5ms, second_pass=0.0ms, contention=0.0ms, TOTAL=18.8ms | audio=600ms, RTF=0.03x | model=enhanced_mel, neural_total=18.1ms, model_inference=11.3ms
[TIMING] EnhancedMel.transcribe: audio_to_gpu=0.2ms, features=0.5ms, model=11.9ms, decode=5.8ms | TOTAL=18.4ms for 3000ms audio (RTF=0.01x)
[TIMING] stream_chunk[experiment-da2e95b197144de481f739d2899ae539](live_neural): decode=0.1ms, inference=20.7ms, second_pass=0.0ms, contention=0.0ms, TOTAL=21.1ms | audio=600ms, RTF=0.04x | model=enhanced_mel, neural_total=20.4ms, model_inference=11.9ms
[TIMING] EnhancedMel.transcribe: audio_to_gpu=0.1ms, features=0.4ms, model=11.9ms, decode=5.4ms | TOTAL=17.8ms for 3000ms audio (RTF=0.01x)
[TIMING] stream_chunk[experiment-da2e95b197144de481f739d2899ae539](live_neural): decode=0.1ms, inference=20.0ms, second_pass=0.0ms, contention=0.0ms, TOTAL=20.2ms | audio=600ms, RTF=0.03x | model=enhanced_mel, neural_total=19.6ms, model_inference=11.9ms
[TIMING] EnhancedMel.transcribe: audio_to_gpu=0.2ms, features=0.4ms, model=11.8ms, decode=5.7ms | TOTAL=18.1ms for 3000ms audio (RTF=0.01x)
[TIMING] stream_chunk[experiment-da2e95b197144de481f739d2899ae539](live_neural): decode=0.1ms, inference=20.4ms, second_pass=0.0ms, contention=0.0ms, TOTAL=20.6ms | audio=600ms, RTF=0.03x | model=enhanced_mel, neural_total=20.0ms, model_inference=11.8ms
[TIMING] EnhancedMel.transcribe: audio_to_gpu=0.2ms, features=3.1ms, model=12.0ms, decode=5.4ms | TOTAL=20.8ms for 3000ms audio (RTF=0.01x)
[TIMING] stream_chunk[experiment-da2e95b197144de481f739d2899ae539](live_neural): decode=0.1ms, inference=24.9ms, second_pass=0.0ms, contention=0.0ms, TOTAL=25.1ms | audio=600ms, RTF=0.04x | model=enhanced_mel, neural_total=23.6ms, model_inference=12.0ms
[TIMING] EnhancedMel.transcribe: audio_to_gpu=0.3ms, features=1.4ms, model=11.9ms, decode=5.2ms | TOTAL=18.8ms for 3000ms audio (RTF=0.01x)
[TIMING] stream_chunk[experiment-da2e95b197144de481f739d2899ae539](live_neural): decode=0.1ms, inference=21.8ms, second_pass=0.0ms, contention=0.0ms, TOTAL=22.1ms | audio=600ms, RTF=0.04x | model=enhanced_mel, neural_total=21.5ms, model_inference=11.9ms
[TIMING] EnhancedMel.transcribe: audio_to_gpu=0.3ms, features=3.2ms, model=12.0ms, decode=6.5ms | TOTAL=22.0ms for 3000ms audio (RTF=0.01x)
[TIMING] stream_chunk[experiment-da2e95b197144de481f739d2899ae539](live_neural): decode=0.1ms, inference=25.6ms, second_pass=0.0ms, contention=0.0ms, TOTAL=25.8ms | audio=600ms, RTF=0.04x | model=enhanced_mel, neural_total=25.2ms, model_inference=12.0ms

[CLIP_043] Sonata in D Minor, K. 9 L. 413
  excerpt: start=12.00s end=18.00s duration=6.00s gt_notes=72 rms=0.0332 peak=0.1817 crest=5.471 rms_std=0.0120
    control:
      note metrics: precision=0.922 recall=0.986 f1=0.953 matched=71/72 pred=77
      strict onset f1: 10ms=0.899 20ms=0.953 30ms=0.953
      timing metrics: offset_f1=0.953 rhythm_precision=0.986 note_value_acc=0.493 note_value_n=71 avg_beat_error=0.052
      duplicate metrics: duplicates=4 per_100_notes=5.19
      boundary metrics: gt=20 matched=20 missed=0 miss_rate=0.000
      latency: avg_chunk_ms=19.31 p95_chunk_ms=22.23 avg_rtf=0.032
      notation metrics: first_correct_ms=17.6 visible_p50_ms=283.3 visible_p95_ms=594.5 stabilize_p50_ms=1151.6 stabilize_p95_ms=2106.8 avg_revisions=1.51 matched=39 refined=39 snapshots=20
      algorithmic latency: first_correct_ms=0.0 visible_p50_ms=263.3 visible_p95_ms=573.0 stabilize_p50_ms=620.1 stabilize_p95_ms=1673.2
      final display note metrics: precision=0.973 recall=0.986 f1=0.979 matched=71/72 pred=73
      final display strict onset f1: 10ms=0.910 20ms=0.979 30ms=0.979
      final display timing: offset_f1=0.966 rhythm_precision=0.986 note_value_acc=0.183 note_value_n=71 avg_beat_error=0.142
      final display structure: cluster_f1=0.946 onset_align_recall=1.000 avg_jaccard=0.986 exact=35/36 pred=38 over=0 under=1 pitch_conflicts=0 missed_gt=0
      threshold profiles: hit_rate=0.000 thresholds=[0.7] profiles={'fixed_baseline': 10}
    treatment:
      note metrics: precision=0.910 recall=0.986 f1=0.947 matched=71/72 pred=78
      strict onset f1: 10ms=0.893 20ms=0.947 30ms=0.947
      timing metrics: offset_f1=0.947 rhythm_precision=0.986 note_value_acc=0.493 note_value_n=71 avg_beat_error=0.052
      duplicate metrics: duplicates=4 per_100_notes=5.13
      boundary metrics: gt=20 matched=20 missed=0 miss_rate=0.000
      latency: avg_chunk_ms=20.05 p95_chunk_ms=25.50 avg_rtf=0.033
      notation metrics: first_correct_ms=18.5 visible_p50_ms=283.4 visible_p95_ms=597.9 stabilize_p50_ms=1133.3 stabilize_p95_ms=2114.2 avg_revisions=1.49 matched=39 refined=39 snapshots=20
      algorithmic latency: first_correct_ms=0.0 visible_p50_ms=263.3 visible_p95_ms=573.0 stabilize_p50_ms=620.1 stabilize_p95_ms=1697.9
      final display note metrics: precision=0.959 recall=0.986 f1=0.973 matched=71/72 pred=74
      final display strict onset f1: 10ms=0.904 20ms=0.973 30ms=0.973
      final display timing: offset_f1=0.959 rhythm_precision=0.986 note_value_acc=0.197 note_value_n=71 avg_beat_error=0.141
      final display structure: cluster_f1=0.853 onset_align_recall=1.000 avg_jaccard=0.949 exact=32/36 pred=39 over=1 under=3 pitch_conflicts=0 missed_gt=0
      threshold profiles: hit_rate=0.300 thresholds=[0.66, 0.7] profiles={'baseline_nominal': 7, 'soft_sparse_recall': 3}
    delta treatment-control: precision=-0.012 recall=+0.000 f1=-0.006 offset_f1=-0.006 note_value_acc=+0.000 dup_per_100=-0.07 boundary_miss_rate=+0.000 p95_chunk_ms=+3.27 f1_10ms=-0.006 f1_20ms=-0.006 f1_30ms=-0.006 visible_p50_ms=+0.1 stabilize_p50_ms=-18.3 algo_visible_p50_ms=+0.0 algo_stabilize_p50_ms=+0.0 avg_revisions=-0.03 display_note_f1=-0.007 display_offset_f1=-0.007 display_cluster_f1=-0.093 display_cluster_jaccard=-0.037
    failure buckets: ['high_revision_slow_stabilization', 'note_value_offset_failure']
[TIMING] EnhancedMel.transcribe: audio_to_gpu=0.5ms, features=0.7ms, model=11.1ms, decode=1.4ms | TOTAL=13.7ms for 600ms audio (RTF=0.02x)
[TIMING] stream_chunk[experiment-f3090993b37f42f4ba02bf8c124d470d](live_neural): decode=0.1ms, inference=16.2ms, second_pass=0.0ms, contention=0.0ms, TOTAL=16.5ms | audio=600ms, RTF=0.03x | model=enhanced_mel, neural_total=15.7ms, model_inference=11.1ms
[TIMING] EnhancedMel.transcribe: audio_to_gpu=0.1ms, features=0.3ms, model=10.0ms, decode=2.3ms | TOTAL=12.8ms for 1200ms audio (RTF=0.01x)
[TIMING] stream_chunk[experiment-f3090993b37f42f4ba02bf8c124d470d](live_neural): decode=0.2ms, inference=14.4ms, second_pass=0.0ms, contention=0.0ms, TOTAL=14.8ms | audio=600ms, RTF=0.02x | model=enhanced_mel, neural_total=14.1ms, model_inference=10.0ms
[TIMING] EnhancedMel.transcribe: audio_to_gpu=0.1ms, features=2.2ms, model=10.4ms, decode=3.2ms | TOTAL=15.9ms for 1800ms audio (RTF=0.01x)
[TIMING] stream_chunk[experiment-f3090993b37f42f4ba02bf8c124d470d](live_neural): decode=0.1ms, inference=17.6ms, second_pass=0.0ms, contention=0.0ms, TOTAL=17.8ms | audio=600ms, RTF=0.03x | model=enhanced_mel, neural_total=17.3ms, model_inference=10.4ms
[TIMING] EnhancedMel.transcribe: audio_to_gpu=0.1ms, features=1.2ms, model=11.1ms, decode=4.1ms | TOTAL=16.5ms for 2400ms audio (RTF=0.01x)
[TIMING] stream_chunk[experiment-f3090993b37f42f4ba02bf8c124d470d](live_neural): decode=0.2ms, inference=18.4ms, second_pass=0.0ms, contention=0.0ms, TOTAL=18.7ms | audio=600ms, RTF=0.03x | model=enhanced_mel, neural_total=18.1ms, model_inference=11.1ms
[TIMING] EnhancedMel.transcribe: audio_to_gpu=0.1ms, features=0.3ms, model=12.3ms, decode=4.9ms | TOTAL=17.6ms for 3000ms audio (RTF=0.01x)
[TIMING] stream_chunk[experiment-f3090993b37f42f4ba02bf8c124d470d](live_neural): decode=0.1ms, inference=20.9ms, second_pass=0.0ms, contention=0.0ms, TOTAL=21.2ms | audio=600ms, RTF=0.04x | model=enhanced_mel, neural_total=20.5ms, model_inference=12.3ms
[TIMING] EnhancedMel.transcribe: audio_to_gpu=0.3ms, features=0.6ms, model=16.0ms, decode=5.0ms | TOTAL=22.0ms for 3000ms audio (RTF=0.01x)
[TIMING] stream_chunk[experiment-f3090993b37f42f4ba02bf8c124d470d](live_neural): decode=0.1ms, inference=24.0ms, second_pass=0.0ms, contention=0.0ms, TOTAL=24.3ms | audio=600ms, RTF=0.04x | model=enhanced_mel, neural_total=23.7ms, model_inference=16.0ms
[TIMING] EnhancedMel.transcribe: audio_to_gpu=0.3ms, features=0.5ms, model=11.6ms, decode=4.9ms | TOTAL=17.4ms for 3000ms audio (RTF=0.01x)
[TIMING] stream_chunk[experiment-f3090993b37f42f4ba02bf8c124d470d](live_neural): decode=0.1ms, inference=20.4ms, second_pass=0.0ms, contention=0.0ms, TOTAL=20.6ms | audio=600ms, RTF=0.03x | model=enhanced_mel, neural_total=20.1ms, model_inference=11.6ms
[TIMING] EnhancedMel.transcribe: audio_to_gpu=0.2ms, features=0.4ms, model=12.0ms, decode=5.2ms | TOTAL=17.8ms for 3000ms audio (RTF=0.01x)
[TIMING] stream_chunk[experiment-f3090993b37f42f4ba02bf8c124d470d](live_neural): decode=0.1ms, inference=20.7ms, second_pass=0.0ms, contention=0.0ms, TOTAL=20.9ms | audio=600ms, RTF=0.03x | model=enhanced_mel, neural_total=20.4ms, model_inference=12.0ms
[TIMING] EnhancedMel.transcribe: audio_to_gpu=0.2ms, features=0.4ms, model=11.7ms, decode=5.1ms | TOTAL=17.5ms for 3000ms audio (RTF=0.01x)
[TIMING] stream_chunk[experiment-f3090993b37f42f4ba02bf8c124d470d](live_neural): decode=0.1ms, inference=19.7ms, second_pass=0.0ms, contention=0.0ms, TOTAL=20.0ms | audio=600ms, RTF=0.03x | model=enhanced_mel, neural_total=19.4ms, model_inference=11.7ms
[TIMING] EnhancedMel.transcribe: audio_to_gpu=0.2ms, features=2.2ms, model=12.1ms, decode=5.1ms | TOTAL=19.6ms for 3000ms audio (RTF=0.01x)
[TIMING] stream_chunk[experiment-f3090993b37f42f4ba02bf8c124d470d](live_neural): decode=0.1ms, inference=21.9ms, second_pass=0.0ms, contention=0.0ms, TOTAL=22.1ms | audio=600ms, RTF=0.04x | model=enhanced_mel, neural_total=21.4ms, model_inference=12.1ms
[TIMING] EnhancedMel.transcribe: audio_to_gpu=0.4ms, features=0.5ms, model=10.1ms, decode=1.3ms | TOTAL=12.2ms for 600ms audio (RTF=0.02x)
[TIMING] stream_chunk[experiment-ee02039b838c4d61bb1b3240acc83125](live_neural): decode=0.1ms, inference=14.5ms, second_pass=0.0ms, contention=0.0ms, TOTAL=14.7ms | audio=600ms, RTF=0.02x | model=enhanced_mel, neural_total=14.1ms, model_inference=10.1ms
[TIMING] EnhancedMel.transcribe: audio_to_gpu=0.1ms, features=0.3ms, model=10.1ms, decode=3.1ms | TOTAL=13.7ms for 1200ms audio (RTF=0.01x)
[TIMING] stream_chunk[experiment-ee02039b838c4d61bb1b3240acc83125](live_neural): decode=0.1ms, inference=15.6ms, second_pass=0.0ms, contention=0.0ms, TOTAL=15.8ms | audio=600ms, RTF=0.03x | model=enhanced_mel, neural_total=15.2ms, model_inference=10.1ms
[TIMING] EnhancedMel.transcribe: audio_to_gpu=0.1ms, features=0.5ms, model=11.0ms, decode=3.2ms | TOTAL=14.9ms for 1800ms audio (RTF=0.01x)
[TIMING] stream_chunk[experiment-ee02039b838c4d61bb1b3240acc83125](live_neural): decode=0.1ms, inference=16.8ms, second_pass=0.0ms, contention=0.0ms, TOTAL=17.0ms | audio=600ms, RTF=0.03x | model=enhanced_mel, neural_total=16.4ms, model_inference=11.0ms
[TIMING] EnhancedMel.transcribe: audio_to_gpu=0.1ms, features=0.4ms, model=11.4ms, decode=4.1ms | TOTAL=16.0ms for 2400ms audio (RTF=0.01x)
[TIMING] stream_chunk[experiment-ee02039b838c4d61bb1b3240acc83125](live_neural): decode=0.2ms, inference=19.1ms, second_pass=0.0ms, contention=0.0ms, TOTAL=19.4ms | audio=600ms, RTF=0.03x | model=enhanced_mel, neural_total=18.8ms, model_inference=11.4ms
[TIMING] EnhancedMel.transcribe: audio_to_gpu=0.1ms, features=0.4ms, model=11.7ms, decode=5.0ms | TOTAL=17.3ms for 3000ms audio (RTF=0.01x)
[TIMING] stream_chunk[experiment-ee02039b838c4d61bb1b3240acc83125](live_neural): decode=0.1ms, inference=20.3ms, second_pass=0.0ms, contention=0.0ms, TOTAL=20.5ms | audio=600ms, RTF=0.03x | model=enhanced_mel, neural_total=20.0ms, model_inference=11.7ms
[TIMING] EnhancedMel.transcribe: audio_to_gpu=0.3ms, features=0.5ms, model=11.6ms, decode=5.1ms | TOTAL=17.4ms for 3000ms audio (RTF=0.01x)
[TIMING] stream_chunk[experiment-ee02039b838c4d61bb1b3240acc83125](live_neural): decode=0.1ms, inference=20.6ms, second_pass=0.0ms, contention=0.0ms, TOTAL=20.9ms | audio=600ms, RTF=0.03x | model=enhanced_mel, neural_total=20.1ms, model_inference=11.6ms
[TIMING] EnhancedMel.transcribe: audio_to_gpu=0.2ms, features=0.5ms, model=12.1ms, decode=5.1ms | TOTAL=17.8ms for 3000ms audio (RTF=0.01x)
[TIMING] stream_chunk[experiment-ee02039b838c4d61bb1b3240acc83125](live_neural): decode=0.1ms, inference=21.1ms, second_pass=0.0ms, contention=0.0ms, TOTAL=21.3ms | audio=600ms, RTF=0.04x | model=enhanced_mel, neural_total=20.7ms, model_inference=12.1ms
[TIMING] EnhancedMel.transcribe: audio_to_gpu=0.3ms, features=0.6ms, model=18.6ms, decode=5.1ms | TOTAL=24.6ms for 3000ms audio (RTF=0.01x)
[TIMING] stream_chunk[experiment-ee02039b838c4d61bb1b3240acc83125](live_neural): decode=0.1ms, inference=26.8ms, second_pass=0.0ms, contention=0.0ms, TOTAL=27.1ms | audio=600ms, RTF=0.05x | model=enhanced_mel, neural_total=26.5ms, model_inference=18.6ms
[TIMING] EnhancedMel.transcribe: audio_to_gpu=0.4ms, features=0.4ms, model=12.5ms, decode=5.1ms | TOTAL=18.4ms for 3000ms audio (RTF=0.01x)
[TIMING] stream_chunk[experiment-ee02039b838c4d61bb1b3240acc83125](live_neural): decode=0.1ms, inference=21.2ms, second_pass=0.0ms, contention=0.0ms, TOTAL=21.5ms | audio=600ms, RTF=0.04x | model=enhanced_mel, neural_total=20.9ms, model_inference=12.5ms
[TIMING] EnhancedMel.transcribe: audio_to_gpu=0.2ms, features=0.5ms, model=12.5ms, decode=5.2ms | TOTAL=18.4ms for 3000ms audio (RTF=0.01x)
[TIMING] stream_chunk[experiment-ee02039b838c4d61bb1b3240acc83125](live_neural): decode=0.1ms, inference=20.7ms, second_pass=0.0ms, contention=0.0ms, TOTAL=20.9ms | audio=600ms, RTF=0.03x | model=enhanced_mel, neural_total=20.2ms, model_inference=12.5ms

[CLIP_044] Pagodas from Estampes No. 1
  excerpt: start=18.00s end=24.00s duration=6.00s gt_notes=54 rms=0.0153 peak=0.0634 crest=4.148 rms_std=0.0028
    control:
      note metrics: precision=0.808 recall=0.778 f1=0.792 matched=42/54 pred=52
      strict onset f1: 10ms=0.509 20ms=0.736 30ms=0.774
      timing metrics: offset_f1=0.377 rhythm_precision=0.452 note_value_acc=0.024 note_value_n=42 avg_beat_error=0.685
      duplicate metrics: duplicates=2 per_100_notes=3.85
      boundary metrics: gt=19 matched=12 missed=7 miss_rate=0.368
      latency: avg_chunk_ms=19.71 p95_chunk_ms=23.31 avg_rtf=0.033
      notation metrics: first_correct_ms=50.0 visible_p50_ms=331.3 visible_p95_ms=575.9 stabilize_p50_ms=1955.2 stabilize_p95_ms=3142.1 avg_revisions=2.36 matched=22 refined=22 snapshots=18
      algorithmic latency: first_correct_ms=29.4 visible_p50_ms=314.8 visible_p95_ms=553.8 stabilize_p50_ms=1345.6 stabilize_p95_ms=2710.8
      final display note metrics: precision=0.851 recall=0.741 f1=0.792 matched=40/54 pred=47
      final display strict onset f1: 10ms=0.495 20ms=0.733 30ms=0.772
      final display timing: offset_f1=0.337 rhythm_precision=0.425 note_value_acc=0.100 note_value_n=40 avg_beat_error=0.454
      final display structure: cluster_f1=0.450 onset_align_recall=0.947 avg_jaccard=0.764 exact=9/19 pred=21 over=1 under=6 pitch_conflicts=2 missed_gt=1
      threshold profiles: hit_rate=0.000 thresholds=[0.7] profiles={'fixed_baseline': 10}
    treatment:
      note metrics: precision=0.768 recall=0.796 f1=0.782 matched=43/54 pred=56
      strict onset f1: 10ms=0.509 20ms=0.727 30ms=0.764
      timing metrics: offset_f1=0.364 rhythm_precision=0.465 note_value_acc=0.023 note_value_n=43 avg_beat_error=0.688
      duplicate metrics: duplicates=3 per_100_notes=5.36
      boundary metrics: gt=19 matched=13 missed=6 miss_rate=0.316
      latency: avg_chunk_ms=19.89 p95_chunk_ms=24.55 avg_rtf=0.033
      notation metrics: first_correct_ms=66.1 visible_p50_ms=336.0 visible_p95_ms=579.5 stabilize_p50_ms=1823.6 stabilize_p95_ms=2612.3 avg_revisions=2.10 matched=21 refined=21 snapshots=18
      algorithmic latency: first_correct_ms=45.6 visible_p50_ms=321.4 visible_p95_ms=558.6 stabilize_p50_ms=1062.8 stabilize_p95_ms=2200.8
      final display note metrics: precision=0.812 recall=0.722 f1=0.765 matched=39/54 pred=48
      final display strict onset f1: 10ms=0.471 20ms=0.706 30ms=0.745
      final display timing: offset_f1=0.314 rhythm_precision=0.410 note_value_acc=0.103 note_value_n=39 avg_beat_error=0.482
      final display structure: cluster_f1=0.400 onset_align_recall=0.947 avg_jaccard=0.727 exact=8/19 pred=21 over=2 under=6 pitch_conflicts=2 missed_gt=1
      threshold profiles: hit_rate=1.000 thresholds=[0.66] profiles={'soft_sparse_recall': 10}
    delta treatment-control: precision=-0.040 recall=+0.019 f1=-0.011 offset_f1=-0.014 note_value_acc=-0.001 dup_per_100=+1.51 boundary_miss_rate=-0.053 p95_chunk_ms=+1.24 f1_10ms=-0.000 f1_20ms=-0.009 f1_30ms=-0.010 visible_p50_ms=+4.7 stabilize_p50_ms=-131.6 algo_visible_p50_ms=+6.5 algo_stabilize_p50_ms=-282.8 avg_revisions=-0.27 display_note_f1=-0.027 display_offset_f1=-0.023 display_cluster_f1=-0.050 display_cluster_jaccard=-0.037
    failure buckets: ['boundary_miss_failure', 'high_revision_slow_stabilization', 'note_value_offset_failure']
      boundary diagnostics: missed=7 by_arm={'control': 7, 'treatment': 6} tags={'control_boundary_miss': 7, 'no_control_coarse_candidate': 7, 'treatment_recovers_boundary_note': 1}
        miss: pitch=59 onset=2.352s boundary_delta_ms=-48.4 control_coarse=False treatment_coarse=False retro=n/a
        miss: pitch=68 onset=2.368s boundary_delta_ms=-31.5 control_coarse=False treatment_coarse=False retro=n/a
        miss: pitch=63 onset=2.372s boundary_delta_ms=-27.6 control_coarse=False treatment_coarse=True retro=n/a
        ... 4 more missed boundary notes in diagnostics JSON
[TIMING] EnhancedMel.transcribe: audio_to_gpu=0.3ms, features=0.7ms, model=10.3ms, decode=1.2ms | TOTAL=12.5ms for 600ms audio (RTF=0.02x)
[TIMING] stream_chunk[experiment-c5c5d7a14e59476f8e8eda23a8df3aea](live_neural): decode=0.2ms, inference=15.6ms, second_pass=0.0ms, contention=0.0ms, TOTAL=15.9ms | audio=600ms, RTF=0.03x | model=enhanced_mel, neural_total=15.0ms, model_inference=10.3ms
[TIMING] EnhancedMel.transcribe: audio_to_gpu=0.5ms, features=0.6ms, model=10.9ms, decode=2.2ms | TOTAL=14.1ms for 1200ms audio (RTF=0.01x)
[TIMING] stream_chunk[experiment-c5c5d7a14e59476f8e8eda23a8df3aea](live_neural): decode=0.1ms, inference=16.9ms, second_pass=0.0ms, contention=0.0ms, TOTAL=17.1ms | audio=600ms, RTF=0.03x | model=enhanced_mel, neural_total=16.5ms, model_inference=10.9ms
[TIMING] EnhancedMel.transcribe: audio_to_gpu=0.3ms, features=0.5ms, model=11.1ms, decode=3.3ms | TOTAL=15.2ms for 1800ms audio (RTF=0.01x)
[TIMING] stream_chunk[experiment-c5c5d7a14e59476f8e8eda23a8df3aea](live_neural): decode=0.1ms, inference=17.3ms, second_pass=0.0ms, contention=0.0ms, TOTAL=17.5ms | audio=600ms, RTF=0.03x | model=enhanced_mel, neural_total=16.8ms, model_inference=11.1ms
[TIMING] EnhancedMel.transcribe: audio_to_gpu=0.1ms, features=0.5ms, model=11.7ms, decode=4.2ms | TOTAL=16.4ms for 2400ms audio (RTF=0.01x)
[TIMING] stream_chunk[experiment-c5c5d7a14e59476f8e8eda23a8df3aea](live_neural): decode=0.1ms, inference=18.9ms, second_pass=0.0ms, contention=0.0ms, TOTAL=19.1ms | audio=600ms, RTF=0.03x | model=enhanced_mel, neural_total=18.4ms, model_inference=11.7ms
[TIMING] EnhancedMel.transcribe: audio_to_gpu=0.3ms, features=0.5ms, model=12.7ms, decode=6.3ms | TOTAL=19.9ms for 3000ms audio (RTF=0.01x)
[TIMING] stream_chunk[experiment-c5c5d7a14e59476f8e8eda23a8df3aea](live_neural): decode=0.1ms, inference=23.3ms, second_pass=0.0ms, contention=0.0ms, TOTAL=23.7ms | audio=600ms, RTF=0.04x | model=enhanced_mel, neural_total=22.9ms, model_inference=12.7ms
[TIMING] EnhancedMel.transcribe: audio_to_gpu=1.1ms, features=0.5ms, model=12.3ms, decode=6.2ms | TOTAL=20.1ms for 3000ms audio (RTF=0.01x)
[TIMING] stream_chunk[experiment-c5c5d7a14e59476f8e8eda23a8df3aea](live_neural): decode=0.1ms, inference=22.5ms, second_pass=0.0ms, contention=0.0ms, TOTAL=22.8ms | audio=600ms, RTF=0.04x | model=enhanced_mel, neural_total=22.1ms, model_inference=12.3ms
[TIMING] EnhancedMel.transcribe: audio_to_gpu=0.2ms, features=0.5ms, model=12.8ms, decode=5.3ms | TOTAL=18.8ms for 3000ms audio (RTF=0.01x)
[TIMING] stream_chunk[experiment-c5c5d7a14e59476f8e8eda23a8df3aea](live_neural): decode=0.1ms, inference=21.0ms, second_pass=0.0ms, contention=0.0ms, TOTAL=21.2ms | audio=600ms, RTF=0.04x | model=enhanced_mel, neural_total=20.6ms, model_inference=12.8ms
[TIMING] EnhancedMel.transcribe: audio_to_gpu=0.2ms, features=0.5ms, model=13.0ms, decode=5.4ms | TOTAL=19.2ms for 3000ms audio (RTF=0.01x)
[TIMING] stream_chunk[experiment-c5c5d7a14e59476f8e8eda23a8df3aea](live_neural): decode=0.1ms, inference=22.3ms, second_pass=0.0ms, contention=0.0ms, TOTAL=22.6ms | audio=600ms, RTF=0.04x | model=enhanced_mel, neural_total=21.1ms, model_inference=13.0ms
[TIMING] EnhancedMel.transcribe: audio_to_gpu=0.3ms, features=0.6ms, model=14.8ms, decode=6.6ms | TOTAL=22.3ms for 3000ms audio (RTF=0.01x)
[TIMING] stream_chunk[experiment-c5c5d7a14e59476f8e8eda23a8df3aea](live_neural): decode=0.1ms, inference=24.8ms, second_pass=0.0ms, contention=0.0ms, TOTAL=25.0ms | audio=600ms, RTF=0.04x | model=enhanced_mel, neural_total=24.3ms, model_inference=14.8ms
[TIMING] EnhancedMel.transcribe: audio_to_gpu=0.2ms, features=0.5ms, model=13.2ms, decode=5.3ms | TOTAL=19.2ms for 3000ms audio (RTF=0.01x)
[TIMING] stream_chunk[experiment-c5c5d7a14e59476f8e8eda23a8df3aea](live_neural): decode=0.1ms, inference=21.5ms, second_pass=0.0ms, contention=0.0ms, TOTAL=21.9ms | audio=600ms, RTF=0.04x | model=enhanced_mel, neural_total=21.1ms, model_inference=13.2ms
[TIMING] EnhancedMel.transcribe: audio_to_gpu=0.4ms, features=0.9ms, model=22.6ms, decode=1.3ms | TOTAL=25.1ms for 600ms audio (RTF=0.04x)
[TIMING] stream_chunk[experiment-8594d0687d234d35abdf15ca30c3ca3b](live_neural): decode=0.1ms, inference=26.7ms, second_pass=0.0ms, contention=0.0ms, TOTAL=26.9ms | audio=600ms, RTF=0.04x | model=enhanced_mel, neural_total=26.3ms, model_inference=22.6ms
[TIMING] EnhancedMel.transcribe: audio_to_gpu=0.1ms, features=0.4ms, model=10.1ms, decode=2.2ms | TOTAL=12.8ms for 1200ms audio (RTF=0.01x)
[TIMING] stream_chunk[experiment-8594d0687d234d35abdf15ca30c3ca3b](live_neural): decode=0.2ms, inference=14.4ms, second_pass=0.0ms, contention=0.0ms, TOTAL=14.7ms | audio=600ms, RTF=0.02x | model=enhanced_mel, neural_total=14.1ms, model_inference=10.1ms
[TIMING] EnhancedMel.transcribe: audio_to_gpu=0.1ms, features=0.4ms, model=11.7ms, decode=3.1ms | TOTAL=15.4ms for 1800ms audio (RTF=0.01x)
[TIMING] stream_chunk[experiment-8594d0687d234d35abdf15ca30c3ca3b](live_neural): decode=0.1ms, inference=17.0ms, second_pass=0.0ms, contention=0.0ms, TOTAL=17.2ms | audio=600ms, RTF=0.03x | model=enhanced_mel, neural_total=16.7ms, model_inference=11.7ms
[TIMING] EnhancedMel.transcribe: audio_to_gpu=0.1ms, features=0.3ms, model=11.2ms, decode=4.1ms | TOTAL=15.8ms for 2400ms audio (RTF=0.01x)
[TIMING] stream_chunk[experiment-8594d0687d234d35abdf15ca30c3ca3b](live_neural): decode=0.1ms, inference=18.7ms, second_pass=0.0ms, contention=0.0ms, TOTAL=19.0ms | audio=600ms, RTF=0.03x | model=enhanced_mel, neural_total=18.4ms, model_inference=11.2ms
[TIMING] EnhancedMel.transcribe: audio_to_gpu=0.2ms, features=0.5ms, model=12.2ms, decode=5.2ms | TOTAL=18.1ms for 3000ms audio (RTF=0.01x)
[TIMING] stream_chunk[experiment-8594d0687d234d35abdf15ca30c3ca3b](live_neural): decode=0.1ms, inference=20.4ms, second_pass=0.0ms, contention=0.0ms, TOTAL=20.6ms | audio=600ms, RTF=0.03x | model=enhanced_mel, neural_total=20.0ms, model_inference=12.2ms
[TIMING] EnhancedMel.transcribe: audio_to_gpu=0.2ms, features=0.5ms, model=12.4ms, decode=5.2ms | TOTAL=18.3ms for 3000ms audio (RTF=0.01x)
[TIMING] stream_chunk[experiment-8594d0687d234d35abdf15ca30c3ca3b](live_neural): decode=0.1ms, inference=21.1ms, second_pass=0.0ms, contention=0.0ms, TOTAL=21.4ms | audio=600ms, RTF=0.04x | model=enhanced_mel, neural_total=20.7ms, model_inference=12.4ms
[TIMING] EnhancedMel.transcribe: audio_to_gpu=0.2ms, features=0.5ms, model=12.9ms, decode=5.3ms | TOTAL=18.8ms for 3000ms audio (RTF=0.01x)
[TIMING] stream_chunk[experiment-8594d0687d234d35abdf15ca30c3ca3b](live_neural): decode=0.1ms, inference=21.3ms, second_pass=0.0ms, contention=0.0ms, TOTAL=21.7ms | audio=600ms, RTF=0.04x | model=enhanced_mel, neural_total=20.8ms, model_inference=12.9ms
[TIMING] EnhancedMel.transcribe: audio_to_gpu=0.2ms, features=0.5ms, model=12.5ms, decode=5.4ms | TOTAL=18.6ms for 3000ms audio (RTF=0.01x)
[TIMING] stream_chunk[experiment-8594d0687d234d35abdf15ca30c3ca3b](live_neural): decode=0.1ms, inference=20.8ms, second_pass=0.0ms, contention=0.0ms, TOTAL=21.1ms | audio=600ms, RTF=0.04x | model=enhanced_mel, neural_total=20.5ms, model_inference=12.5ms
[TIMING] EnhancedMel.transcribe: audio_to_gpu=0.4ms, features=0.7ms, model=13.7ms, decode=5.3ms | TOTAL=20.1ms for 3000ms audio (RTF=0.01x)
[TIMING] stream_chunk[experiment-8594d0687d234d35abdf15ca30c3ca3b](live_neural): decode=0.2ms, inference=22.7ms, second_pass=0.0ms, contention=0.0ms, TOTAL=23.2ms | audio=600ms, RTF=0.04x | model=enhanced_mel, neural_total=22.3ms, model_inference=13.7ms
[TIMING] EnhancedMel.transcribe: audio_to_gpu=0.5ms, features=0.7ms, model=13.5ms, decode=5.5ms | TOTAL=20.2ms for 3000ms audio (RTF=0.01x)
[TIMING] stream_chunk[experiment-8594d0687d234d35abdf15ca30c3ca3b](live_neural): decode=0.1ms, inference=22.6ms, second_pass=0.0ms, contention=0.0ms, TOTAL=22.9ms | audio=600ms, RTF=0.04x | model=enhanced_mel, neural_total=22.1ms, model_inference=13.5ms

[CLIP_045] Sonata in C Major, K. 132
  excerpt: start=84.00s end=90.00s duration=6.00s gt_notes=69 rms=0.0391 peak=0.2202 crest=5.629 rms_std=0.0212
    control:
      note metrics: precision=0.923 recall=0.870 f1=0.896 matched=60/69 pred=65
      strict onset f1: 10ms=0.627 20ms=0.836 30ms=0.881
      timing metrics: offset_f1=0.776 rhythm_precision=0.867 note_value_acc=0.617 note_value_n=60 avg_beat_error=0.168
      duplicate metrics: duplicates=0 per_100_notes=0.00
      boundary metrics: gt=18 matched=16 missed=2 miss_rate=0.111
      latency: avg_chunk_ms=20.68 p95_chunk_ms=24.46 avg_rtf=0.034
      notation metrics: first_correct_ms=28.5 visible_p50_ms=365.7 visible_p95_ms=614.2 stabilize_p50_ms=1454.6 stabilize_p95_ms=2102.6 avg_revisions=1.80 matched=56 refined=56 snapshots=19
      algorithmic latency: first_correct_ms=7.3 visible_p50_ms=341.3 visible_p95_ms=591.8 stabilize_p50_ms=1005.1 stabilize_p95_ms=1738.0
      final display note metrics: precision=0.922 recall=0.855 f1=0.887 matched=59/69 pred=64
      final display strict onset f1: 10ms=0.617 20ms=0.827 30ms=0.872
      final display timing: offset_f1=0.767 rhythm_precision=0.864 note_value_acc=0.254 note_value_n=59 avg_beat_error=0.210
      final display structure: cluster_f1=0.566 onset_align_recall=0.843 avg_jaccard=0.806 exact=28/51 pred=48 over=6 under=7 pitch_conflicts=2 missed_gt=8
      threshold profiles: hit_rate=0.000 thresholds=[0.7] profiles={'fixed_baseline': 10}
    treatment:
      note metrics: precision=0.924 recall=0.884 f1=0.904 matched=61/69 pred=66
      strict onset f1: 10ms=0.637 20ms=0.844 30ms=0.889
      timing metrics: offset_f1=0.785 rhythm_precision=0.869 note_value_acc=0.607 note_value_n=61 avg_beat_error=0.166
      duplicate metrics: duplicates=0 per_100_notes=0.00
      boundary metrics: gt=18 matched=17 missed=1 miss_rate=0.056
      latency: avg_chunk_ms=20.88 p95_chunk_ms=25.24 avg_rtf=0.035
      notation metrics: first_correct_ms=29.0 visible_p50_ms=377.4 visible_p95_ms=620.9 stabilize_p50_ms=1523.8 stabilize_p95_ms=1931.8 avg_revisions=1.65 matched=57 refined=57 snapshots=20
      algorithmic latency: first_correct_ms=7.3 visible_p50_ms=356.8 visible_p95_ms=598.9 stabilize_p50_ms=1103.1 stabilize_p95_ms=1510.6
      final display note metrics: precision=0.923 recall=0.870 f1=0.896 matched=60/69 pred=65
      final display strict onset f1: 10ms=0.627 20ms=0.836 30ms=0.881
      final display timing: offset_f1=0.776 rhythm_precision=0.867 note_value_acc=0.350 note_value_n=60 avg_beat_error=0.203
      final display structure: cluster_f1=0.580 onset_align_recall=0.863 avg_jaccard=0.811 exact=29/51 pred=49 over=6 under=7 pitch_conflicts=2 missed_gt=7
      threshold profiles: hit_rate=0.400 thresholds=[0.66, 0.7] profiles={'baseline_nominal': 6, 'soft_sparse_recall': 4}
    delta treatment-control: precision=+0.001 recall=+0.014 f1=+0.008 offset_f1=+0.009 note_value_acc=-0.010 dup_per_100=+0.00 boundary_miss_rate=-0.056 p95_chunk_ms=+0.78 f1_10ms=+0.010 f1_20ms=+0.009 f1_30ms=+0.008 visible_p50_ms=+11.7 stabilize_p50_ms=+69.2 algo_visible_p50_ms=+15.5 algo_stabilize_p50_ms=+98.0 avg_revisions=-0.15 display_note_f1=+0.008 display_offset_f1=+0.009 display_cluster_f1=+0.014 display_cluster_jaccard=+0.004
    failure buckets: ['boundary_miss_failure', 'high_revision_slow_stabilization']
      boundary diagnostics: missed=2 by_arm={'control': 2, 'treatment': 1} tags={'control_boundary_miss': 2, 'no_control_coarse_candidate': 2, 'treatment_recovers_boundary_note': 1}
        miss: pitch=70 onset=0.513s boundary_delta_ms=-87.0 control_coarse=False treatment_coarse=True retro=n/a
        miss: pitch=69 onset=0.611s boundary_delta_ms=+10.7 control_coarse=False treatment_coarse=False retro=n/a
[TIMING] EnhancedMel.transcribe: audio_to_gpu=0.2ms, features=0.6ms, model=10.9ms, decode=1.4ms | TOTAL=13.2ms for 600ms audio (RTF=0.02x)
[TIMING] stream_chunk[experiment-cde7b4a128dd47debfb6a729567914e5](live_neural): decode=0.1ms, inference=14.8ms, second_pass=0.0ms, contention=0.0ms, TOTAL=15.0ms | audio=600ms, RTF=0.02x | model=enhanced_mel, neural_total=14.3ms, model_inference=10.9ms
[TIMING] EnhancedMel.transcribe: audio_to_gpu=0.2ms, features=0.4ms, model=9.9ms, decode=2.4ms | TOTAL=13.0ms for 1200ms audio (RTF=0.01x)
[TIMING] stream_chunk[experiment-cde7b4a128dd47debfb6a729567914e5](live_neural): decode=0.1ms, inference=14.6ms, second_pass=0.0ms, contention=0.0ms, TOTAL=14.9ms | audio=600ms, RTF=0.02x | model=enhanced_mel, neural_total=14.3ms, model_inference=9.9ms
[TIMING] EnhancedMel.transcribe: audio_to_gpu=0.2ms, features=0.5ms, model=11.6ms, decode=3.6ms | TOTAL=16.0ms for 1800ms audio (RTF=0.01x)
[TIMING] stream_chunk[experiment-cde7b4a128dd47debfb6a729567914e5](live_neural): decode=0.1ms, inference=17.9ms, second_pass=0.0ms, contention=0.0ms, TOTAL=18.2ms | audio=600ms, RTF=0.03x | model=enhanced_mel, neural_total=17.6ms, model_inference=11.6ms
[TIMING] EnhancedMel.transcribe: audio_to_gpu=0.1ms, features=0.4ms, model=11.4ms, decode=4.4ms | TOTAL=16.4ms for 2400ms audio (RTF=0.01x)
[TIMING] stream_chunk[experiment-cde7b4a128dd47debfb6a729567914e5](live_neural): decode=0.1ms, inference=18.7ms, second_pass=0.0ms, contention=0.0ms, TOTAL=19.0ms | audio=600ms, RTF=0.03x | model=enhanced_mel, neural_total=18.4ms, model_inference=11.4ms
[TIMING] EnhancedMel.transcribe: audio_to_gpu=0.3ms, features=0.6ms, model=12.2ms, decode=5.5ms | TOTAL=18.6ms for 3000ms audio (RTF=0.01x)
[TIMING] stream_chunk[experiment-cde7b4a128dd47debfb6a729567914e5](live_neural): decode=0.1ms, inference=22.1ms, second_pass=0.0ms, contention=0.0ms, TOTAL=22.4ms | audio=600ms, RTF=0.04x | model=enhanced_mel, neural_total=21.8ms, model_inference=12.2ms
[TIMING] EnhancedMel.transcribe: audio_to_gpu=0.3ms, features=0.6ms, model=12.3ms, decode=5.6ms | TOTAL=18.8ms for 3000ms audio (RTF=0.01x)
[TIMING] stream_chunk[experiment-cde7b4a128dd47debfb6a729567914e5](live_neural): decode=0.1ms, inference=22.1ms, second_pass=0.0ms, contention=0.0ms, TOTAL=22.4ms | audio=600ms, RTF=0.04x | model=enhanced_mel, neural_total=21.6ms, model_inference=12.3ms
[TIMING] EnhancedMel.transcribe: audio_to_gpu=0.2ms, features=0.5ms, model=12.6ms, decode=5.4ms | TOTAL=18.7ms for 3000ms audio (RTF=0.01x)
[TIMING] stream_chunk[experiment-cde7b4a128dd47debfb6a729567914e5](live_neural): decode=0.1ms, inference=21.9ms, second_pass=0.0ms, contention=0.0ms, TOTAL=22.3ms | audio=600ms, RTF=0.04x | model=enhanced_mel, neural_total=21.6ms, model_inference=12.6ms
[TIMING] EnhancedMel.transcribe: audio_to_gpu=0.3ms, features=0.5ms, model=12.2ms, decode=5.4ms | TOTAL=18.4ms for 3000ms audio (RTF=0.01x)
[TIMING] stream_chunk[experiment-cde7b4a128dd47debfb6a729567914e5](live_neural): decode=0.2ms, inference=20.7ms, second_pass=0.0ms, contention=0.0ms, TOTAL=21.0ms | audio=600ms, RTF=0.04x | model=enhanced_mel, neural_total=20.3ms, model_inference=12.2ms
[TIMING] EnhancedMel.transcribe: audio_to_gpu=0.3ms, features=0.5ms, model=12.8ms, decode=5.3ms | TOTAL=18.9ms for 3000ms audio (RTF=0.01x)
[TIMING] stream_chunk[experiment-cde7b4a128dd47debfb6a729567914e5](live_neural): decode=0.1ms, inference=21.7ms, second_pass=0.0ms, contention=0.0ms, TOTAL=22.0ms | audio=600ms, RTF=0.04x | model=enhanced_mel, neural_total=21.4ms, model_inference=12.8ms
[TIMING] EnhancedMel.transcribe: audio_to_gpu=0.3ms, features=0.5ms, model=12.1ms, decode=5.4ms | TOTAL=18.2ms for 3000ms audio (RTF=0.01x)
[TIMING] stream_chunk[experiment-cde7b4a128dd47debfb6a729567914e5](live_neural): decode=0.1ms, inference=20.7ms, second_pass=0.0ms, contention=0.0ms, TOTAL=21.0ms | audio=600ms, RTF=0.04x | model=enhanced_mel, neural_total=20.2ms, model_inference=12.1ms
[TIMING] EnhancedMel.transcribe: audio_to_gpu=0.3ms, features=0.5ms, model=10.4ms, decode=1.3ms | TOTAL=12.6ms for 600ms audio (RTF=0.02x)
[TIMING] stream_chunk[experiment-b789f3a69def479094bc49431c2d04fc](live_neural): decode=0.1ms, inference=14.5ms, second_pass=0.0ms, contention=0.0ms, TOTAL=14.7ms | audio=600ms, RTF=0.02x | model=enhanced_mel, neural_total=14.0ms, model_inference=10.4ms
[TIMING] EnhancedMel.transcribe: audio_to_gpu=0.1ms, features=0.4ms, model=10.6ms, decode=2.4ms | TOTAL=13.5ms for 1200ms audio (RTF=0.01x)
[TIMING] stream_chunk[experiment-b789f3a69def479094bc49431c2d04fc](live_neural): decode=0.1ms, inference=15.2ms, second_pass=0.0ms, contention=0.0ms, TOTAL=15.4ms | audio=600ms, RTF=0.03x | model=enhanced_mel, neural_total=14.9ms, model_inference=10.6ms
[TIMING] EnhancedMel.transcribe: audio_to_gpu=0.1ms, features=0.4ms, model=11.2ms, decode=3.4ms | TOTAL=15.2ms for 1800ms audio (RTF=0.01x)
[TIMING] stream_chunk[experiment-b789f3a69def479094bc49431c2d04fc](live_neural): decode=0.1ms, inference=18.1ms, second_pass=0.0ms, contention=0.0ms, TOTAL=18.3ms | audio=600ms, RTF=0.03x | model=enhanced_mel, neural_total=17.7ms, model_inference=11.2ms
[TIMING] EnhancedMel.transcribe: audio_to_gpu=0.2ms, features=0.4ms, model=11.1ms, decode=4.5ms | TOTAL=16.2ms for 2400ms audio (RTF=0.01x)
[TIMING] stream_chunk[experiment-b789f3a69def479094bc49431c2d04fc](live_neural): decode=0.1ms, inference=19.5ms, second_pass=0.0ms, contention=0.0ms, TOTAL=19.8ms | audio=600ms, RTF=0.03x | model=enhanced_mel, neural_total=19.1ms, model_inference=11.1ms
[TIMING] EnhancedMel.transcribe: audio_to_gpu=0.2ms, features=0.4ms, model=12.6ms, decode=5.6ms | TOTAL=18.9ms for 3000ms audio (RTF=0.01x)
[TIMING] stream_chunk[experiment-b789f3a69def479094bc49431c2d04fc](live_neural): decode=0.1ms, inference=22.0ms, second_pass=0.0ms, contention=0.0ms, TOTAL=22.3ms | audio=600ms, RTF=0.04x | model=enhanced_mel, neural_total=21.6ms, model_inference=12.6ms
[TIMING] EnhancedMel.transcribe: audio_to_gpu=0.3ms, features=0.7ms, model=16.4ms, decode=5.5ms | TOTAL=22.9ms for 3000ms audio (RTF=0.01x)
[TIMING] stream_chunk[experiment-b789f3a69def479094bc49431c2d04fc](live_neural): decode=0.2ms, inference=25.8ms, second_pass=0.0ms, contention=0.0ms, TOTAL=26.3ms | audio=600ms, RTF=0.04x | model=enhanced_mel, neural_total=25.3ms, model_inference=16.4ms
[TIMING] EnhancedMel.transcribe: audio_to_gpu=0.3ms, features=0.5ms, model=14.1ms, decode=5.4ms | TOTAL=20.3ms for 3000ms audio (RTF=0.01x)
[TIMING] stream_chunk[experiment-b789f3a69def479094bc49431c2d04fc](live_neural): decode=0.1ms, inference=23.6ms, second_pass=0.0ms, contention=0.0ms, TOTAL=23.9ms | audio=600ms, RTF=0.04x | model=enhanced_mel, neural_total=23.3ms, model_inference=14.1ms
[TIMING] EnhancedMel.transcribe: audio_to_gpu=0.2ms, features=0.5ms, model=12.9ms, decode=5.6ms | TOTAL=19.2ms for 3000ms audio (RTF=0.01x)
[TIMING] stream_chunk[experiment-b789f3a69def479094bc49431c2d04fc](live_neural): decode=0.1ms, inference=21.6ms, second_pass=0.0ms, contention=0.0ms, TOTAL=21.8ms | audio=600ms, RTF=0.04x | model=enhanced_mel, neural_total=21.2ms, model_inference=12.9ms
[TIMING] EnhancedMel.transcribe: audio_to_gpu=0.4ms, features=0.5ms, model=15.1ms, decode=5.4ms | TOTAL=21.5ms for 3000ms audio (RTF=0.01x)
[TIMING] stream_chunk[experiment-b789f3a69def479094bc49431c2d04fc](live_neural): decode=0.1ms, inference=24.9ms, second_pass=0.0ms, contention=0.0ms, TOTAL=25.2ms | audio=600ms, RTF=0.04x | model=enhanced_mel, neural_total=24.5ms, model_inference=15.1ms
[TIMING] EnhancedMel.transcribe: audio_to_gpu=0.4ms, features=0.6ms, model=12.4ms, decode=5.4ms | TOTAL=18.7ms for 3000ms audio (RTF=0.01x)
[TIMING] stream_chunk[experiment-b789f3a69def479094bc49431c2d04fc](live_neural): decode=0.1ms, inference=21.5ms, second_pass=0.0ms, contention=0.0ms, TOTAL=21.8ms | audio=600ms, RTF=0.04x | model=enhanced_mel, neural_total=21.0ms, model_inference=12.4ms

[CLIP_046] Sonata in D Major, K. 118
  excerpt: start=9.00s end=15.00s duration=6.00s gt_notes=86 rms=0.0403 peak=0.2391 crest=5.927 rms_std=0.0103
    control:
      note metrics: precision=0.944 recall=0.988 f1=0.966 matched=85/86 pred=90
      strict onset f1: 10ms=0.898 20ms=0.966 30ms=0.966
      timing metrics: offset_f1=0.932 rhythm_precision=0.965 note_value_acc=0.412 note_value_n=85 avg_beat_error=0.072
      duplicate metrics: duplicates=3 per_100_notes=3.33
      boundary metrics: gt=29 matched=29 missed=0 miss_rate=0.000
      latency: avg_chunk_ms=19.82 p95_chunk_ms=22.40 avg_rtf=0.033
      notation metrics: first_correct_ms=0.3 visible_p50_ms=331.6 visible_p95_ms=602.9 stabilize_p50_ms=1635.0 stabilize_p95_ms=2033.4 avg_revisions=1.95 matched=76 refined=76 snapshots=18
      algorithmic latency: first_correct_ms=0.0 visible_p50_ms=313.0 visible_p95_ms=580.8 stabilize_p50_ms=1489.3 stabilize_p95_ms=2005.3
      final display note metrics: precision=0.976 recall=0.965 f1=0.971 matched=83/86 pred=85
      final display strict onset f1: 10ms=0.901 20ms=0.971 30ms=0.971
      final display timing: offset_f1=0.936 rhythm_precision=0.964 note_value_acc=0.181 note_value_n=83 avg_beat_error=0.083
      final display structure: cluster_f1=0.929 onset_align_recall=0.984 avg_jaccard=0.971 exact=59/64 pred=63 over=2 under=2 pitch_conflicts=0 missed_gt=1
      threshold profiles: hit_rate=0.000 thresholds=[0.7] profiles={'fixed_baseline': 10}
    treatment:
      note metrics: precision=0.944 recall=0.988 f1=0.966 matched=85/86 pred=90
      strict onset f1: 10ms=0.898 20ms=0.966 30ms=0.966
      timing metrics: offset_f1=0.932 rhythm_precision=0.965 note_value_acc=0.412 note_value_n=85 avg_beat_error=0.072
      duplicate metrics: duplicates=3 per_100_notes=3.33
      boundary metrics: gt=29 matched=29 missed=0 miss_rate=0.000
      latency: avg_chunk_ms=20.95 p95_chunk_ms=25.82 avg_rtf=0.035
      notation metrics: first_correct_ms=0.1 visible_p50_ms=332.4 visible_p95_ms=606.3 stabilize_p50_ms=1637.2 stabilize_p95_ms=2036.8 avg_revisions=1.95 matched=76 refined=76 snapshots=18
      algorithmic latency: first_correct_ms=0.0 visible_p50_ms=313.0 visible_p95_ms=580.8 stabilize_p50_ms=1489.3 stabilize_p95_ms=2005.3
      final display note metrics: precision=0.976 recall=0.965 f1=0.971 matched=83/86 pred=85
      final display strict onset f1: 10ms=0.901 20ms=0.971 30ms=0.971
      final display timing: offset_f1=0.936 rhythm_precision=0.964 note_value_acc=0.181 note_value_n=83 avg_beat_error=0.083
      final display structure: cluster_f1=0.929 onset_align_recall=0.984 avg_jaccard=0.971 exact=59/64 pred=63 over=2 under=2 pitch_conflicts=0 missed_gt=1
      threshold profiles: hit_rate=0.000 thresholds=[0.7] profiles={'baseline_nominal': 10}
    delta treatment-control: precision=+0.000 recall=+0.000 f1=+0.000 offset_f1=+0.000 note_value_acc=+0.000 dup_per_100=+0.00 boundary_miss_rate=+0.000 p95_chunk_ms=+3.42 f1_10ms=+0.000 f1_20ms=+0.000 f1_30ms=+0.000 visible_p50_ms=+0.8 stabilize_p50_ms=+2.2 algo_visible_p50_ms=+0.0 algo_stabilize_p50_ms=+0.0 avg_revisions=+0.00 display_note_f1=+0.000 display_offset_f1=+0.000 display_cluster_f1=+0.000 display_cluster_jaccard=+0.000
    failure buckets: ['high_revision_slow_stabilization', 'note_value_offset_failure']
[TIMING] EnhancedMel.transcribe: audio_to_gpu=0.5ms, features=1.2ms, model=14.4ms, decode=1.3ms | TOTAL=17.5ms for 600ms audio (RTF=0.03x)
[TIMING] stream_chunk[experiment-179177b66ac544fa91692258c219a635](live_neural): decode=0.1ms, inference=19.9ms, second_pass=0.0ms, contention=0.0ms, TOTAL=20.1ms | audio=600ms, RTF=0.03x | model=enhanced_mel, neural_total=19.4ms, model_inference=14.4ms
[TIMING] EnhancedMel.transcribe: audio_to_gpu=0.1ms, features=5.7ms, model=10.6ms, decode=2.2ms | TOTAL=18.7ms for 1200ms audio (RTF=0.02x)
[TIMING] stream_chunk[experiment-179177b66ac544fa91692258c219a635](live_neural): decode=0.1ms, inference=20.4ms, second_pass=0.0ms, contention=0.0ms, TOTAL=20.7ms | audio=600ms, RTF=0.03x | model=enhanced_mel, neural_total=20.1ms, model_inference=10.6ms
[TIMING] EnhancedMel.transcribe: audio_to_gpu=0.3ms, features=0.4ms, model=11.4ms, decode=3.1ms | TOTAL=15.3ms for 1800ms audio (RTF=0.01x)
[TIMING] stream_chunk[experiment-179177b66ac544fa91692258c219a635](live_neural): decode=0.1ms, inference=18.0ms, second_pass=0.0ms, contention=0.0ms, TOTAL=18.2ms | audio=600ms, RTF=0.03x | model=enhanced_mel, neural_total=17.5ms, model_inference=11.4ms
[TIMING] EnhancedMel.transcribe: audio_to_gpu=0.2ms, features=0.4ms, model=11.9ms, decode=4.2ms | TOTAL=16.7ms for 2400ms audio (RTF=0.01x)
[TIMING] stream_chunk[experiment-179177b66ac544fa91692258c219a635](live_neural): decode=0.1ms, inference=18.7ms, second_pass=0.0ms, contention=0.0ms, TOTAL=18.9ms | audio=600ms, RTF=0.03x | model=enhanced_mel, neural_total=18.4ms, model_inference=11.9ms
[TIMING] EnhancedMel.transcribe: audio_to_gpu=0.2ms, features=0.3ms, model=13.0ms, decode=5.9ms | TOTAL=19.4ms for 3000ms audio (RTF=0.01x)
[TIMING] stream_chunk[experiment-179177b66ac544fa91692258c219a635](live_neural): decode=0.1ms, inference=21.8ms, second_pass=0.0ms, contention=0.0ms, TOTAL=22.1ms | audio=600ms, RTF=0.04x | model=enhanced_mel, neural_total=21.4ms, model_inference=13.0ms
[TIMING] EnhancedMel.transcribe: audio_to_gpu=0.4ms, features=0.5ms, model=12.4ms, decode=5.1ms | TOTAL=18.4ms for 3000ms audio (RTF=0.01x)
[TIMING] stream_chunk[experiment-179177b66ac544fa91692258c219a635](live_neural): decode=0.1ms, inference=20.8ms, second_pass=0.0ms, contention=0.0ms, TOTAL=21.1ms | audio=600ms, RTF=0.04x | model=enhanced_mel, neural_total=20.3ms, model_inference=12.4ms
[TIMING] EnhancedMel.transcribe: audio_to_gpu=0.2ms, features=0.4ms, model=13.0ms, decode=5.2ms | TOTAL=18.8ms for 3000ms audio (RTF=0.01x)
[TIMING] stream_chunk[experiment-179177b66ac544fa91692258c219a635](live_neural): decode=0.1ms, inference=21.1ms, second_pass=0.0ms, contention=0.0ms, TOTAL=21.4ms | audio=600ms, RTF=0.04x | model=enhanced_mel, neural_total=20.7ms, model_inference=13.0ms
[TIMING] EnhancedMel.transcribe: audio_to_gpu=0.3ms, features=0.4ms, model=12.1ms, decode=5.2ms | TOTAL=18.0ms for 3000ms audio (RTF=0.01x)
[TIMING] stream_chunk[experiment-179177b66ac544fa91692258c219a635](live_neural): decode=0.1ms, inference=20.3ms, second_pass=0.0ms, contention=0.0ms, TOTAL=20.5ms | audio=600ms, RTF=0.03x | model=enhanced_mel, neural_total=19.8ms, model_inference=12.1ms
[TIMING] EnhancedMel.transcribe: audio_to_gpu=0.2ms, features=0.5ms, model=11.9ms, decode=5.1ms | TOTAL=17.7ms for 3000ms audio (RTF=0.01x)
[TIMING] stream_chunk[experiment-179177b66ac544fa91692258c219a635](live_neural): decode=0.1ms, inference=21.1ms, second_pass=0.0ms, contention=0.0ms, TOTAL=21.4ms | audio=600ms, RTF=0.04x | model=enhanced_mel, neural_total=20.7ms, model_inference=11.9ms
[TIMING] EnhancedMel.transcribe: audio_to_gpu=0.3ms, features=0.5ms, model=11.7ms, decode=6.0ms | TOTAL=18.6ms for 3000ms audio (RTF=0.01x)
[TIMING] stream_chunk[experiment-179177b66ac544fa91692258c219a635](live_neural): decode=0.1ms, inference=22.0ms, second_pass=0.0ms, contention=0.0ms, TOTAL=22.3ms | audio=600ms, RTF=0.04x | model=enhanced_mel, neural_total=21.5ms, model_inference=11.7ms
[TIMING] EnhancedMel.transcribe: audio_to_gpu=0.4ms, features=0.5ms, model=11.3ms, decode=1.3ms | TOTAL=13.5ms for 600ms audio (RTF=0.02x)
[TIMING] stream_chunk[experiment-00061076af9c464495f4821816d01e1e](live_neural): decode=0.1ms, inference=15.0ms, second_pass=0.0ms, contention=0.0ms, TOTAL=15.2ms | audio=600ms, RTF=0.03x | model=enhanced_mel, neural_total=14.6ms, model_inference=11.3ms
[TIMING] EnhancedMel.transcribe: audio_to_gpu=0.2ms, features=0.4ms, model=13.2ms, decode=2.3ms | TOTAL=16.1ms for 1200ms audio (RTF=0.01x)
[TIMING] stream_chunk[experiment-00061076af9c464495f4821816d01e1e](live_neural): decode=0.1ms, inference=17.9ms, second_pass=0.0ms, contention=0.0ms, TOTAL=18.1ms | audio=600ms, RTF=0.03x | model=enhanced_mel, neural_total=17.5ms, model_inference=13.2ms
[TIMING] EnhancedMel.transcribe: audio_to_gpu=0.1ms, features=0.3ms, model=11.4ms, decode=3.1ms | TOTAL=15.0ms for 1800ms audio (RTF=0.01x)
[TIMING] stream_chunk[experiment-00061076af9c464495f4821816d01e1e](live_neural): decode=0.1ms, inference=16.7ms, second_pass=0.0ms, contention=0.0ms, TOTAL=16.9ms | audio=600ms, RTF=0.03x | model=enhanced_mel, neural_total=16.4ms, model_inference=11.4ms
[TIMING] EnhancedMel.transcribe: audio_to_gpu=0.3ms, features=0.7ms, model=17.9ms, decode=4.1ms | TOTAL=23.0ms for 2400ms audio (RTF=0.01x)
[TIMING] stream_chunk[experiment-00061076af9c464495f4821816d01e1e](live_neural): decode=0.1ms, inference=25.0ms, second_pass=0.0ms, contention=0.0ms, TOTAL=25.3ms | audio=600ms, RTF=0.04x | model=enhanced_mel, neural_total=24.7ms, model_inference=17.9ms
[TIMING] EnhancedMel.transcribe: audio_to_gpu=0.2ms, features=0.5ms, model=13.2ms, decode=5.1ms | TOTAL=19.1ms for 3000ms audio (RTF=0.01x)
[TIMING] stream_chunk[experiment-00061076af9c464495f4821816d01e1e](live_neural): decode=0.1ms, inference=21.2ms, second_pass=0.0ms, contention=0.0ms, TOTAL=21.5ms | audio=600ms, RTF=0.04x | model=enhanced_mel, neural_total=20.9ms, model_inference=13.2ms
[TIMING] EnhancedMel.transcribe: audio_to_gpu=0.3ms, features=1.2ms, model=13.9ms, decode=5.2ms | TOTAL=20.6ms for 3000ms audio (RTF=0.01x)
[TIMING] stream_chunk[experiment-00061076af9c464495f4821816d01e1e](live_neural): decode=0.1ms, inference=23.6ms, second_pass=0.0ms, contention=0.0ms, TOTAL=23.9ms | audio=600ms, RTF=0.04x | model=enhanced_mel, neural_total=23.3ms, model_inference=13.9ms
[TIMING] EnhancedMel.transcribe: audio_to_gpu=0.3ms, features=0.5ms, model=12.2ms, decode=5.1ms | TOTAL=18.1ms for 3000ms audio (RTF=0.01x)
[TIMING] stream_chunk[experiment-00061076af9c464495f4821816d01e1e](live_neural): decode=0.1ms, inference=20.4ms, second_pass=0.0ms, contention=0.0ms, TOTAL=20.7ms | audio=600ms, RTF=0.03x | model=enhanced_mel, neural_total=20.1ms, model_inference=12.2ms
[TIMING] EnhancedMel.transcribe: audio_to_gpu=0.4ms, features=0.5ms, model=11.9ms, decode=5.2ms | TOTAL=18.0ms for 3000ms audio (RTF=0.01x)
[TIMING] stream_chunk[experiment-00061076af9c464495f4821816d01e1e](live_neural): decode=0.1ms, inference=20.2ms, second_pass=0.0ms, contention=0.0ms, TOTAL=20.5ms | audio=600ms, RTF=0.03x | model=enhanced_mel, neural_total=19.8ms, model_inference=11.9ms
[TIMING] EnhancedMel.transcribe: audio_to_gpu=0.4ms, features=0.5ms, model=11.9ms, decode=5.3ms | TOTAL=18.0ms for 3000ms audio (RTF=0.01x)
[TIMING] stream_chunk[experiment-00061076af9c464495f4821816d01e1e](live_neural): decode=0.1ms, inference=21.4ms, second_pass=0.0ms, contention=0.0ms, TOTAL=21.7ms | audio=600ms, RTF=0.04x | model=enhanced_mel, neural_total=20.9ms, model_inference=11.9ms
[TIMING] EnhancedMel.transcribe: audio_to_gpu=0.4ms, features=0.7ms, model=13.4ms, decode=5.2ms | TOTAL=19.6ms for 3000ms audio (RTF=0.01x)
[TIMING] stream_chunk[experiment-00061076af9c464495f4821816d01e1e](live_neural): decode=0.1ms, inference=21.9ms, second_pass=0.0ms, contention=0.0ms, TOTAL=22.2ms | audio=600ms, RTF=0.04x | model=enhanced_mel, neural_total=21.4ms, model_inference=13.4ms

[CLIP_047] Etude Op. 42, Nos. 4 & 5
  excerpt: start=57.00s end=63.00s duration=6.00s gt_notes=51 rms=0.0933 peak=0.5488 crest=5.883 rms_std=0.0336
    control:
      note metrics: precision=0.860 recall=0.961 f1=0.907 matched=49/51 pred=57
      strict onset f1: 10ms=0.778 20ms=0.889 30ms=0.889
      timing metrics: offset_f1=0.370 rhythm_precision=0.408 note_value_acc=0.122 note_value_n=49 avg_beat_error=0.389
      duplicate metrics: duplicates=0 per_100_notes=0.00
      boundary metrics: gt=13 matched=13 missed=0 miss_rate=0.000
      latency: avg_chunk_ms=20.67 p95_chunk_ms=22.20 avg_rtf=0.034
      notation metrics: first_correct_ms=31.3 visible_p50_ms=299.1 visible_p95_ms=613.5 stabilize_p50_ms=1568.2 stabilize_p95_ms=2182.6 avg_revisions=1.91 matched=45 refined=45 snapshots=21
      algorithmic latency: first_correct_ms=9.9 visible_p50_ms=280.2 visible_p95_ms=593.8 stabilize_p50_ms=1035.7 stabilize_p95_ms=1674.2
      final display note metrics: precision=0.860 recall=0.961 f1=0.907 matched=49/51 pred=57
      final display strict onset f1: 10ms=0.778 20ms=0.889 30ms=0.889
      final display timing: offset_f1=0.370 rhythm_precision=0.408 note_value_acc=0.041 note_value_n=49 avg_beat_error=0.413
      final display structure: cluster_f1=0.658 onset_align_recall=0.947 avg_jaccard=0.866 exact=26/38 pred=41 over=6 under=4 pitch_conflicts=0 missed_gt=2
      threshold profiles: hit_rate=0.000 thresholds=[0.7] profiles={'fixed_baseline': 10}
    treatment:
      note metrics: precision=0.860 recall=0.961 f1=0.907 matched=49/51 pred=57
      strict onset f1: 10ms=0.778 20ms=0.889 30ms=0.889
      timing metrics: offset_f1=0.370 rhythm_precision=0.408 note_value_acc=0.122 note_value_n=49 avg_beat_error=0.389
      duplicate metrics: duplicates=0 per_100_notes=0.00
      boundary metrics: gt=13 matched=13 missed=0 miss_rate=0.000
      latency: avg_chunk_ms=20.59 p95_chunk_ms=24.64 avg_rtf=0.034
      notation metrics: first_correct_ms=30.6 visible_p50_ms=305.5 visible_p95_ms=617.7 stabilize_p50_ms=1568.2 stabilize_p95_ms=2187.6 avg_revisions=1.91 matched=45 refined=45 snapshots=21
      algorithmic latency: first_correct_ms=9.9 visible_p50_ms=280.2 visible_p95_ms=593.8 stabilize_p50_ms=1035.7 stabilize_p95_ms=1674.2
      final display note metrics: precision=0.860 recall=0.961 f1=0.907 matched=49/51 pred=57
      final display strict onset f1: 10ms=0.778 20ms=0.889 30ms=0.889
      final display timing: offset_f1=0.370 rhythm_precision=0.408 note_value_acc=0.041 note_value_n=49 avg_beat_error=0.413
      final display structure: cluster_f1=0.658 onset_align_recall=0.947 avg_jaccard=0.866 exact=26/38 pred=41 over=6 under=4 pitch_conflicts=0 missed_gt=2
      threshold profiles: hit_rate=0.000 thresholds=[0.7] profiles={'baseline_nominal': 10}
    delta treatment-control: precision=+0.000 recall=+0.000 f1=+0.000 offset_f1=+0.000 note_value_acc=+0.000 dup_per_100=+0.00 boundary_miss_rate=+0.000 p95_chunk_ms=+2.44 f1_10ms=+0.000 f1_20ms=+0.000 f1_30ms=+0.000 visible_p50_ms=+6.3 stabilize_p50_ms=-0.0 algo_visible_p50_ms=+0.0 algo_stabilize_p50_ms=+0.0 avg_revisions=+0.00 display_note_f1=+0.000 display_offset_f1=+0.000 display_cluster_f1=+0.000 display_cluster_jaccard=+0.000
    failure buckets: ['high_revision_slow_stabilization', 'note_value_offset_failure']
[TIMING] EnhancedMel.transcribe: audio_to_gpu=0.5ms, features=0.9ms, model=16.0ms, decode=1.3ms | TOTAL=18.8ms for 600ms audio (RTF=0.03x)
[TIMING] stream_chunk[experiment-3d8aa28d159d47fe87ad1e78124eaec1](live_neural): decode=0.1ms, inference=21.2ms, second_pass=0.0ms, contention=0.0ms, TOTAL=21.4ms | audio=600ms, RTF=0.04x | model=enhanced_mel, neural_total=20.7ms, model_inference=16.0ms
[TIMING] EnhancedMel.transcribe: audio_to_gpu=0.1ms, features=0.4ms, model=10.9ms, decode=2.3ms | TOTAL=13.8ms for 1200ms audio (RTF=0.01x)
[TIMING] stream_chunk[experiment-3d8aa28d159d47fe87ad1e78124eaec1](live_neural): decode=0.2ms, inference=16.3ms, second_pass=0.0ms, contention=0.0ms, TOTAL=16.5ms | audio=600ms, RTF=0.03x | model=enhanced_mel, neural_total=15.9ms, model_inference=10.9ms
[TIMING] EnhancedMel.transcribe: audio_to_gpu=0.3ms, features=0.4ms, model=10.7ms, decode=3.4ms | TOTAL=14.8ms for 1800ms audio (RTF=0.01x)
[TIMING] stream_chunk[experiment-3d8aa28d159d47fe87ad1e78124eaec1](live_neural): decode=0.1ms, inference=17.3ms, second_pass=0.0ms, contention=0.0ms, TOTAL=17.5ms | audio=600ms, RTF=0.03x | model=enhanced_mel, neural_total=16.8ms, model_inference=10.7ms
[TIMING] EnhancedMel.transcribe: audio_to_gpu=0.2ms, features=0.4ms, model=10.8ms, decode=4.3ms | TOTAL=15.8ms for 2400ms audio (RTF=0.01x)
[TIMING] stream_chunk[experiment-3d8aa28d159d47fe87ad1e78124eaec1](live_neural): decode=0.1ms, inference=18.7ms, second_pass=0.0ms, contention=0.0ms, TOTAL=18.9ms | audio=600ms, RTF=0.03x | model=enhanced_mel, neural_total=18.3ms, model_inference=10.8ms
[TIMING] EnhancedMel.transcribe: audio_to_gpu=0.2ms, features=0.5ms, model=13.4ms, decode=5.2ms | TOTAL=19.4ms for 3000ms audio (RTF=0.01x)
[TIMING] stream_chunk[experiment-3d8aa28d159d47fe87ad1e78124eaec1](live_neural): decode=0.1ms, inference=21.7ms, second_pass=0.0ms, contention=0.0ms, TOTAL=21.9ms | audio=600ms, RTF=0.04x | model=enhanced_mel, neural_total=21.3ms, model_inference=13.4ms
[TIMING] EnhancedMel.transcribe: audio_to_gpu=0.3ms, features=1.3ms, model=20.5ms, decode=6.6ms | TOTAL=28.8ms for 3000ms audio (RTF=0.01x)
[TIMING] stream_chunk[experiment-3d8aa28d159d47fe87ad1e78124eaec1](live_neural): decode=0.1ms, inference=31.1ms, second_pass=0.0ms, contention=0.0ms, TOTAL=31.4ms | audio=600ms, RTF=0.05x | model=enhanced_mel, neural_total=30.7ms, model_inference=20.5ms
[TIMING] EnhancedMel.transcribe: audio_to_gpu=0.3ms, features=0.5ms, model=11.8ms, decode=5.4ms | TOTAL=18.0ms for 3000ms audio (RTF=0.01x)
[TIMING] stream_chunk[experiment-3d8aa28d159d47fe87ad1e78124eaec1](live_neural): decode=0.1ms, inference=20.6ms, second_pass=0.0ms, contention=0.0ms, TOTAL=20.9ms | audio=600ms, RTF=0.03x | model=enhanced_mel, neural_total=20.2ms, model_inference=11.8ms
[TIMING] EnhancedMel.transcribe: audio_to_gpu=0.3ms, features=0.4ms, model=11.6ms, decode=5.3ms | TOTAL=17.7ms for 3000ms audio (RTF=0.01x)
[TIMING] stream_chunk[experiment-3d8aa28d159d47fe87ad1e78124eaec1](live_neural): decode=0.1ms, inference=19.8ms, second_pass=0.0ms, contention=0.0ms, TOTAL=20.1ms | audio=600ms, RTF=0.03x | model=enhanced_mel, neural_total=19.4ms, model_inference=11.6ms
[TIMING] EnhancedMel.transcribe: audio_to_gpu=0.2ms, features=1.2ms, model=12.7ms, decode=5.5ms | TOTAL=19.6ms for 3000ms audio (RTF=0.01x)
[TIMING] stream_chunk[experiment-3d8aa28d159d47fe87ad1e78124eaec1](live_neural): decode=0.1ms, inference=21.9ms, second_pass=0.0ms, contention=0.0ms, TOTAL=22.2ms | audio=600ms, RTF=0.04x | model=enhanced_mel, neural_total=21.5ms, model_inference=12.7ms
[TIMING] EnhancedMel.transcribe: audio_to_gpu=0.3ms, features=0.5ms, model=13.1ms, decode=5.4ms | TOTAL=19.4ms for 3000ms audio (RTF=0.01x)
[TIMING] stream_chunk[experiment-3d8aa28d159d47fe87ad1e78124eaec1](live_neural): decode=0.2ms, inference=22.4ms, second_pass=0.0ms, contention=0.0ms, TOTAL=22.9ms | audio=600ms, RTF=0.04x | model=enhanced_mel, neural_total=21.9ms, model_inference=13.1ms
[TIMING] EnhancedMel.transcribe: audio_to_gpu=0.4ms, features=0.9ms, model=21.2ms, decode=1.3ms | TOTAL=23.9ms for 600ms audio (RTF=0.04x)
[TIMING] stream_chunk[experiment-6d041f16d9e34b5bbd73883e4cd3b10d](live_neural): decode=0.1ms, inference=25.4ms, second_pass=0.0ms, contention=0.0ms, TOTAL=25.5ms | audio=600ms, RTF=0.04x | model=enhanced_mel, neural_total=25.0ms, model_inference=21.2ms
[TIMING] EnhancedMel.transcribe: audio_to_gpu=0.2ms, features=0.4ms, model=9.8ms, decode=3.0ms | TOTAL=13.4ms for 1200ms audio (RTF=0.01x)
[TIMING] stream_chunk[experiment-6d041f16d9e34b5bbd73883e4cd3b10d](live_neural): decode=0.2ms, inference=15.2ms, second_pass=0.0ms, contention=0.0ms, TOTAL=15.5ms | audio=600ms, RTF=0.03x | model=enhanced_mel, neural_total=14.8ms, model_inference=9.8ms
[TIMING] EnhancedMel.transcribe: audio_to_gpu=0.2ms, features=0.4ms, model=11.9ms, decode=3.4ms | TOTAL=15.9ms for 1800ms audio (RTF=0.01x)
[TIMING] stream_chunk[experiment-6d041f16d9e34b5bbd73883e4cd3b10d](live_neural): decode=0.1ms, inference=17.8ms, second_pass=0.0ms, contention=0.0ms, TOTAL=18.0ms | audio=600ms, RTF=0.03x | model=enhanced_mel, neural_total=17.5ms, model_inference=11.9ms
[TIMING] EnhancedMel.transcribe: audio_to_gpu=0.2ms, features=0.5ms, model=12.0ms, decode=4.2ms | TOTAL=17.0ms for 2400ms audio (RTF=0.01x)
[TIMING] stream_chunk[experiment-6d041f16d9e34b5bbd73883e4cd3b10d](live_neural): decode=0.1ms, inference=19.2ms, second_pass=0.0ms, contention=0.0ms, TOTAL=19.4ms | audio=600ms, RTF=0.03x | model=enhanced_mel, neural_total=18.8ms, model_inference=12.0ms
[TIMING] EnhancedMel.transcribe: audio_to_gpu=0.3ms, features=0.6ms, model=14.8ms, decode=5.3ms | TOTAL=21.0ms for 3000ms audio (RTF=0.01x)
[TIMING] stream_chunk[experiment-6d041f16d9e34b5bbd73883e4cd3b10d](live_neural): decode=0.1ms, inference=23.4ms, second_pass=0.0ms, contention=0.0ms, TOTAL=23.6ms | audio=600ms, RTF=0.04x | model=enhanced_mel, neural_total=23.0ms, model_inference=14.8ms
[TIMING] EnhancedMel.transcribe: audio_to_gpu=0.2ms, features=0.5ms, model=11.8ms, decode=5.2ms | TOTAL=17.7ms for 3000ms audio (RTF=0.01x)
[TIMING] stream_chunk[experiment-6d041f16d9e34b5bbd73883e4cd3b10d](live_neural): decode=0.2ms, inference=20.2ms, second_pass=0.0ms, contention=0.0ms, TOTAL=20.6ms | audio=600ms, RTF=0.03x | model=enhanced_mel, neural_total=19.9ms, model_inference=11.8ms
[TIMING] EnhancedMel.transcribe: audio_to_gpu=0.2ms, features=0.5ms, model=12.0ms, decode=5.3ms | TOTAL=18.1ms for 3000ms audio (RTF=0.01x)
[TIMING] stream_chunk[experiment-6d041f16d9e34b5bbd73883e4cd3b10d](live_neural): decode=0.1ms, inference=20.6ms, second_pass=0.0ms, contention=0.0ms, TOTAL=20.9ms | audio=600ms, RTF=0.03x | model=enhanced_mel, neural_total=20.0ms, model_inference=12.0ms
[TIMING] EnhancedMel.transcribe: audio_to_gpu=0.2ms, features=0.5ms, model=12.3ms, decode=5.3ms | TOTAL=18.4ms for 3000ms audio (RTF=0.01x)
[TIMING] stream_chunk[experiment-6d041f16d9e34b5bbd73883e4cd3b10d](live_neural): decode=0.1ms, inference=20.9ms, second_pass=0.0ms, contention=0.0ms, TOTAL=21.1ms | audio=600ms, RTF=0.04x | model=enhanced_mel, neural_total=20.4ms, model_inference=12.3ms
[TIMING] EnhancedMel.transcribe: audio_to_gpu=0.3ms, features=0.8ms, model=22.1ms, decode=5.5ms | TOTAL=28.7ms for 3000ms audio (RTF=0.01x)
[TIMING] stream_chunk[experiment-6d041f16d9e34b5bbd73883e4cd3b10d](live_neural): decode=0.1ms, inference=31.0ms, second_pass=0.0ms, contention=0.0ms, TOTAL=31.3ms | audio=600ms, RTF=0.05x | model=enhanced_mel, neural_total=30.6ms, model_inference=22.1ms
[TIMING] EnhancedMel.transcribe: audio_to_gpu=0.4ms, features=0.7ms, model=17.7ms, decode=5.4ms | TOTAL=24.2ms for 3000ms audio (RTF=0.01x)
[TIMING] stream_chunk[experiment-6d041f16d9e34b5bbd73883e4cd3b10d](live_neural): decode=0.2ms, inference=26.6ms, second_pass=0.0ms, contention=0.0ms, TOTAL=27.0ms | audio=600ms, RTF=0.05x | model=enhanced_mel, neural_total=26.1ms, model_inference=17.7ms

[CLIP_048] Sonata, K239
  excerpt: start=39.00s end=45.00s duration=6.00s gt_notes=65 rms=0.1394 peak=0.6552 crest=4.699 rms_std=0.0445
    control:
      note metrics: precision=1.000 recall=1.000 f1=1.000 matched=65/65 pred=65
      strict onset f1: 10ms=0.785 20ms=0.985 30ms=1.000
      timing metrics: offset_f1=0.831 rhythm_precision=0.831 note_value_acc=0.215 note_value_n=65 avg_beat_error=0.143
      duplicate metrics: duplicates=0 per_100_notes=0.00
      boundary metrics: gt=19 matched=19 missed=0 miss_rate=0.000
      latency: avg_chunk_ms=21.37 p95_chunk_ms=27.54 avg_rtf=0.036
      notation metrics: first_correct_ms=39.1 visible_p50_ms=305.5 visible_p95_ms=602.0 stabilize_p50_ms=425.9 stabilize_p95_ms=1112.4 avg_revisions=0.26 matched=57 refined=57 snapshots=21
      algorithmic latency: first_correct_ms=17.7 visible_p50_ms=281.2 visible_p95_ms=582.7 stabilize_p50_ms=385.4 stabilize_p95_ms=678.8
      final display note metrics: precision=1.000 recall=1.000 f1=1.000 matched=65/65 pred=65
      final display strict onset f1: 10ms=0.785 20ms=0.985 30ms=1.000
      final display timing: offset_f1=0.831 rhythm_precision=0.831 note_value_acc=0.277 note_value_n=65 avg_beat_error=0.182
      final display structure: cluster_f1=1.000 onset_align_recall=1.000 avg_jaccard=1.000 exact=55/55 pred=55 over=0 under=0 pitch_conflicts=0 missed_gt=0
      threshold profiles: hit_rate=0.000 thresholds=[0.7] profiles={'fixed_baseline': 10}
    treatment:
      note metrics: precision=1.000 recall=1.000 f1=1.000 matched=65/65 pred=65
      strict onset f1: 10ms=0.785 20ms=0.985 30ms=1.000
      timing metrics: offset_f1=0.831 rhythm_precision=0.831 note_value_acc=0.215 note_value_n=65 avg_beat_error=0.143
      duplicate metrics: duplicates=0 per_100_notes=0.00
      boundary metrics: gt=19 matched=19 missed=0 miss_rate=0.000
      latency: avg_chunk_ms=22.31 p95_chunk_ms=29.39 avg_rtf=0.037
      notation metrics: first_correct_ms=43.3 visible_p50_ms=304.9 visible_p95_ms=602.4 stabilize_p50_ms=424.8 stabilize_p95_ms=1110.4 avg_revisions=0.26 matched=57 refined=57 snapshots=21
      algorithmic latency: first_correct_ms=17.7 visible_p50_ms=281.2 visible_p95_ms=582.7 stabilize_p50_ms=385.4 stabilize_p95_ms=678.8
      final display note metrics: precision=1.000 recall=1.000 f1=1.000 matched=65/65 pred=65
      final display strict onset f1: 10ms=0.785 20ms=0.985 30ms=1.000
      final display timing: offset_f1=0.831 rhythm_precision=0.831 note_value_acc=0.277 note_value_n=65 avg_beat_error=0.182
      final display structure: cluster_f1=1.000 onset_align_recall=1.000 avg_jaccard=1.000 exact=55/55 pred=55 over=0 under=0 pitch_conflicts=0 missed_gt=0
      threshold profiles: hit_rate=1.000 thresholds=[0.72] profiles={'loud_dense_precision': 10}
    delta treatment-control: precision=+0.000 recall=+0.000 f1=+0.000 offset_f1=+0.000 note_value_acc=+0.000 dup_per_100=+0.00 boundary_miss_rate=+0.000 p95_chunk_ms=+1.85 f1_10ms=+0.000 f1_20ms=+0.000 f1_30ms=+0.000 visible_p50_ms=-0.6 stabilize_p50_ms=-1.1 algo_visible_p50_ms=+0.0 algo_stabilize_p50_ms=+0.0 avg_revisions=+0.00 display_note_f1=+0.000 display_offset_f1=+0.000 display_cluster_f1=+0.000 display_cluster_jaccard=+0.000
    failure buckets: ['note_value_offset_failure']
    paired_stats treatment-control:
      display_cluster_f1: ref=0.6821 cand=0.6768 diff=-0.0053 95%CI=[-0.0118, -0.0000] p=0.0855 signs=5/7/36 best=clip_035 +0.0278 worst=clip_043 -0.0926
      display_note_f1: ref=0.9169 cand=0.9137 diff=-0.0032 95%CI=[-0.0064, -0.0005] p=0.0371 signs=5/8/35 best=clip_004 +0.0090 worst=clip_013 -0.0450
      display_offset_f1: ref=0.7432 cand=0.7424 diff=-0.0008 95%CI=[-0.0024, +0.0006] p=0.3106 signs=5/8/35 best=clip_035 +0.0092 worst=clip_044 -0.0229

Failure buckets:
  runtime_only_win: 9 clips -> clip_002, clip_004, clip_015, clip_016, clip_025, clip_027, clip_030, clip_031, clip_041
  boundary_miss_failure: 33 clips -> clip_001, clip_002, clip_004, clip_006, clip_008, clip_010, clip_012, clip_015, clip_016, clip_017, clip_018, clip_019, clip_020, clip_021, clip_022, clip_023, clip_024, clip_025, clip_026, clip_027, clip_028, clip_029, clip_030, clip_031, clip_032, clip_033, clip_034, clip_035, clip_037, clip_040, clip_041, clip_044, clip_045
  high_revision_slow_stabilization: 45 clips -> clip_001, clip_002, clip_003, clip_004, clip_005, clip_006, clip_008, clip_009, clip_010, clip_011, clip_012, clip_013, clip_014, clip_015, clip_017, clip_018, clip_019, clip_020, clip_021, clip_022, clip_023, clip_024, clip_025, clip_026, clip_027, clip_028, clip_029, clip_030, clip_031, clip_032, clip_033, clip_034, clip_035, clip_036, clip_037, clip_038, clip_039, clip_040, clip_041, clip_042, clip_043, clip_044, clip_045, clip_046, clip_047
  note_value_offset_failure: 25 clips -> clip_001, clip_002, clip_003, clip_004, clip_005, clip_007, clip_009, clip_011, clip_013, clip_014, clip_025, clip_026, clip_029, clip_030, clip_033, clip_035, clip_037, clip_038, clip_039, clip_040, clip_043, clip_044, clip_046, clip_047, clip_048

Boundary failure tags:
  control_boundary_miss: 107
  no_control_coarse_candidate: 106
  treatment_recovers_boundary_note: 3
  control_timing_or_quantization_drift: 1
  treatment_candidate_not_retained: 1

Saved full results to C:\Users\ToniH\Documents\GitHub\LiveScore\backend\benchmark_artifacts\decoder_tuning_20260604_114431\enhanced_onset_070.json
# Candidate: enhanced_onset_070
# Env: {"LIVE_ENHANCED_ONSET_BASE": "0.70"}
# Command: C:\Users\ToniH\Documents\GitHub\LiveScore\backend\env\Scripts\python.exe C:\Users\ToniH\Documents\GitHub\LiveScore\backend\test_experiment.py --benchmark-manifest C:\Users\ToniH\Documents\GitHub\LiveScore\backend\live_benchmark_replay_auto_v2.json --chunk-seconds 0.6 --noise-profile balanced --run-retro-correction false --output-json C:\Users\ToniH\Documents\GitHub\LiveScore\backend\benchmark_artifacts\decoder_tuning_20260604_114431\enhanced_onset_070.json --cluster-metric-slot-consensus

