C:\Users\ToniH\Documents\GitHub\LiveScore\backend\env\Lib\site-packages\pretty_midi\instrument.py:11: UserWarning: pkg_resources is deprecated as an API. See https://setuptools.pypa.io/en/latest/pkg_resources.html. The pkg_resources package is slated for removal as early as 2025-11-30. Refrain from using this package or pin to Setuptools<81.
  import pkg_resources
[GPU] Using NVIDIA GeForce RTX 5070 Ti Laptop GPU
[GPU] VRAM: 12.8 GB
Warming live neural path...
[GPU EnhancedMel] Loaded from C:\Users\ToniH\Documents\GitHub\LiveScore\backend\rhythm_training\enhanced_mel_transcription.pt (43,225,009 params)
[TIMING] EnhancedMel.transcribe: audio_to_gpu=0.4ms, features=122.9ms, model=198.4ms, decode=2.0ms | TOTAL=323.7ms for 600ms audio (RTF=0.54x)
[TIMING] stream_chunk[experiment-6b66f79b233b44839c81dde829466ee1](live_neural): decode=0.3ms, inference=1430.4ms, second_pass=0.0ms, contention=0.0ms, TOTAL=1430.8ms | audio=600ms, RTF=2.38x | model=enhanced_mel, neural_total=1423.0ms, model_inference=198.4ms
[TIMING] EnhancedMel.transcribe: audio_to_gpu=0.4ms, features=0.6ms, model=11.0ms, decode=1.3ms | TOTAL=13.3ms for 600ms audio (RTF=0.02x)
[TIMING] stream_chunk[experiment-e2a3a715c17641f08ca1b8aef6d49075](live_neural): decode=0.3ms, inference=16.1ms, second_pass=0.0ms, contention=0.0ms, TOTAL=16.4ms | audio=600ms, RTF=0.03x | model=enhanced_mel, neural_total=14.7ms, model_inference=11.0ms
[TIMING] EnhancedMel.transcribe: audio_to_gpu=0.3ms, features=2.3ms, model=29.5ms, decode=3.0ms | TOTAL=35.0ms for 1200ms audio (RTF=0.03x)
[TIMING] stream_chunk[experiment-e2a3a715c17641f08ca1b8aef6d49075](live_neural): decode=0.2ms, inference=37.8ms, second_pass=0.0ms, contention=0.0ms, TOTAL=38.1ms | audio=600ms, RTF=0.06x | model=enhanced_mel, neural_total=37.4ms, model_inference=29.5ms
[TIMING] EnhancedMel.transcribe: audio_to_gpu=0.3ms, features=1.9ms, model=25.4ms, decode=5.2ms | TOTAL=32.8ms for 1800ms audio (RTF=0.02x)
[TIMING] stream_chunk[experiment-e2a3a715c17641f08ca1b8aef6d49075](live_neural): decode=0.2ms, inference=35.1ms, second_pass=0.0ms, contention=0.0ms, TOTAL=35.5ms | audio=600ms, RTF=0.06x | model=enhanced_mel, neural_total=34.7ms, model_inference=25.4ms
[TIMING] EnhancedMel.transcribe: audio_to_gpu=0.4ms, features=2.0ms, model=27.4ms, decode=6.1ms | TOTAL=36.0ms for 2400ms audio (RTF=0.01x)
[TIMING] stream_chunk[experiment-e2a3a715c17641f08ca1b8aef6d49075](live_neural): decode=0.2ms, inference=39.7ms, second_pass=0.0ms, contention=0.0ms, TOTAL=40.0ms | audio=600ms, RTF=0.07x | model=enhanced_mel, neural_total=39.2ms, model_inference=27.4ms
[TIMING] EnhancedMel.transcribe: audio_to_gpu=0.3ms, features=1.9ms, model=23.0ms, decode=6.8ms | TOTAL=32.1ms for 3000ms audio (RTF=0.01x)
[TIMING] stream_chunk[experiment-e2a3a715c17641f08ca1b8aef6d49075](live_neural): decode=0.2ms, inference=35.5ms, second_pass=0.0ms, contention=0.0ms, TOTAL=36.0ms | audio=600ms, RTF=0.06x | model=enhanced_mel, neural_total=35.0ms, model_inference=23.0ms
[TIMING] EnhancedMel.transcribe: audio_to_gpu=0.3ms, features=2.0ms, model=26.0ms, decode=8.8ms | TOTAL=37.2ms for 3600ms audio (RTF=0.01x)
[TIMING] stream_chunk[experiment-e2a3a715c17641f08ca1b8aef6d49075](live_neural): decode=0.2ms, inference=41.3ms, second_pass=0.0ms, contention=0.0ms, TOTAL=41.7ms | audio=600ms, RTF=0.07x | model=enhanced_mel, neural_total=40.8ms, model_inference=26.0ms
[TIMING] EnhancedMel.transcribe: audio_to_gpu=0.5ms, features=1.8ms, model=23.9ms, decode=10.3ms | TOTAL=36.5ms for 4200ms audio (RTF=0.01x)
[TIMING] stream_chunk[experiment-e2a3a715c17641f08ca1b8aef6d49075](live_neural): decode=0.3ms, inference=43.0ms, second_pass=0.0ms, contention=0.0ms, TOTAL=43.5ms | audio=600ms, RTF=0.07x | model=enhanced_mel, neural_total=42.4ms, model_inference=23.9ms
[TIMING] EnhancedMel.transcribe: audio_to_gpu=0.5ms, features=0.9ms, model=22.2ms, decode=11.2ms | TOTAL=34.8ms for 4200ms audio (RTF=0.01x)
[TIMING] stream_chunk[experiment-e2a3a715c17641f08ca1b8aef6d49075](live_neural): decode=0.2ms, inference=39.0ms, second_pass=0.0ms, contention=0.0ms, TOTAL=39.4ms | audio=600ms, RTF=0.07x | model=enhanced_mel, neural_total=38.5ms, model_inference=22.2ms
[TIMING] EnhancedMel.transcribe: audio_to_gpu=0.3ms, features=0.6ms, model=19.2ms, decode=18.0ms | TOTAL=38.1ms for 4200ms audio (RTF=0.01x)
[TIMING] stream_chunk[experiment-e2a3a715c17641f08ca1b8aef6d49075](live_neural): decode=0.2ms, inference=42.8ms, second_pass=0.0ms, contention=0.0ms, TOTAL=43.2ms | audio=600ms, RTF=0.07x | model=enhanced_mel, neural_total=42.4ms, model_inference=19.2ms
[TIMING] EnhancedMel.transcribe: audio_to_gpu=0.3ms, features=0.8ms, model=21.3ms, decode=11.4ms | TOTAL=33.8ms for 4200ms audio (RTF=0.01x)
[TIMING] stream_chunk[experiment-e2a3a715c17641f08ca1b8aef6d49075](live_neural): decode=0.2ms, inference=39.8ms, second_pass=0.0ms, contention=0.0ms, TOTAL=40.2ms | audio=600ms, RTF=0.07x | model=enhanced_mel, neural_total=39.3ms, model_inference=21.3ms
[TIMING] EnhancedMel.transcribe: audio_to_gpu=0.4ms, features=0.7ms, model=16.1ms, decode=1.8ms | TOTAL=18.9ms for 600ms audio (RTF=0.03x)
[TIMING] stream_chunk[experiment-f96d91d512364028ba1b55b5f8bace8b](live_neural): decode=0.2ms, inference=21.5ms, second_pass=0.0ms, contention=0.0ms, TOTAL=21.8ms | audio=600ms, RTF=0.04x | model=enhanced_mel, neural_total=21.0ms, model_inference=16.1ms
[TIMING] EnhancedMel.transcribe: audio_to_gpu=0.2ms, features=0.9ms, model=16.1ms, decode=4.0ms | TOTAL=21.3ms for 1200ms audio (RTF=0.02x)
[TIMING] stream_chunk[experiment-f96d91d512364028ba1b55b5f8bace8b](live_neural): decode=0.2ms, inference=24.8ms, second_pass=0.0ms, contention=0.0ms, TOTAL=25.2ms | audio=600ms, RTF=0.04x | model=enhanced_mel, neural_total=24.3ms, model_inference=16.1ms
[TIMING] EnhancedMel.transcribe: audio_to_gpu=0.2ms, features=0.6ms, model=17.1ms, decode=4.8ms | TOTAL=22.7ms for 1800ms audio (RTF=0.01x)
[TIMING] stream_chunk[experiment-f96d91d512364028ba1b55b5f8bace8b](live_neural): decode=0.2ms, inference=26.0ms, second_pass=0.0ms, contention=0.0ms, TOTAL=26.3ms | audio=600ms, RTF=0.04x | model=enhanced_mel, neural_total=25.5ms, model_inference=17.1ms
[TIMING] EnhancedMel.transcribe: audio_to_gpu=0.3ms, features=0.7ms, model=17.8ms, decode=9.1ms | TOTAL=27.9ms for 2400ms audio (RTF=0.01x)
[TIMING] stream_chunk[experiment-f96d91d512364028ba1b55b5f8bace8b](live_neural): decode=0.2ms, inference=31.7ms, second_pass=0.0ms, contention=0.0ms, TOTAL=32.1ms | audio=600ms, RTF=0.05x | model=enhanced_mel, neural_total=31.2ms, model_inference=17.8ms
[TIMING] EnhancedMel.transcribe: audio_to_gpu=0.3ms, features=0.7ms, model=23.9ms, decode=8.9ms | TOTAL=33.8ms for 3000ms audio (RTF=0.01x)
[TIMING] stream_chunk[experiment-f96d91d512364028ba1b55b5f8bace8b](live_neural): decode=0.2ms, inference=37.7ms, second_pass=0.0ms, contention=0.0ms, TOTAL=38.1ms | audio=600ms, RTF=0.06x | model=enhanced_mel, neural_total=37.2ms, model_inference=23.9ms
[TIMING] EnhancedMel.transcribe: audio_to_gpu=0.3ms, features=0.7ms, model=20.5ms, decode=9.0ms | TOTAL=30.4ms for 3600ms audio (RTF=0.01x)
[TIMING] stream_chunk[experiment-f96d91d512364028ba1b55b5f8bace8b](live_neural): decode=0.2ms, inference=35.5ms, second_pass=0.0ms, contention=0.0ms, TOTAL=35.8ms | audio=600ms, RTF=0.06x | model=enhanced_mel, neural_total=34.6ms, model_inference=20.5ms
[TIMING] EnhancedMel.transcribe: audio_to_gpu=0.3ms, features=0.9ms, model=22.1ms, decode=8.4ms | TOTAL=31.8ms for 4200ms audio (RTF=0.01x)
[TIMING] stream_chunk[experiment-f96d91d512364028ba1b55b5f8bace8b](live_neural): decode=0.2ms, inference=38.3ms, second_pass=0.0ms, contention=0.0ms, TOTAL=38.6ms | audio=600ms, RTF=0.06x | model=enhanced_mel, neural_total=37.8ms, model_inference=22.1ms
[TIMING] EnhancedMel.transcribe: audio_to_gpu=0.5ms, features=1.2ms, model=24.4ms, decode=10.2ms | TOTAL=36.3ms for 4200ms audio (RTF=0.01x)
[TIMING] stream_chunk[experiment-f96d91d512364028ba1b55b5f8bace8b](live_neural): decode=0.1ms, inference=41.5ms, second_pass=0.0ms, contention=0.0ms, TOTAL=41.8ms | audio=600ms, RTF=0.07x | model=enhanced_mel, neural_total=41.1ms, model_inference=24.4ms
[TIMING] EnhancedMel.transcribe: audio_to_gpu=0.3ms, features=0.5ms, model=16.3ms, decode=8.1ms | TOTAL=25.2ms for 4200ms audio (RTF=0.01x)
[TIMING] stream_chunk[experiment-f96d91d512364028ba1b55b5f8bace8b](live_neural): decode=0.2ms, inference=28.1ms, second_pass=0.0ms, contention=0.0ms, TOTAL=28.5ms | audio=600ms, RTF=0.05x | model=enhanced_mel, neural_total=27.7ms, model_inference=16.3ms
[TIMING] EnhancedMel.transcribe: audio_to_gpu=0.5ms, features=0.9ms, model=20.9ms, decode=8.9ms | TOTAL=31.2ms for 4200ms audio (RTF=0.01x)
[TIMING] stream_chunk[experiment-f96d91d512364028ba1b55b5f8bace8b](live_neural): decode=0.2ms, inference=35.8ms, second_pass=0.0ms, contention=0.0ms, TOTAL=36.3ms | audio=600ms, RTF=0.06x | model=enhanced_mel, neural_total=35.2ms, model_inference=20.9ms

[CLIP_001] Sonata in D Minor, K. 9
  excerpt: start=42.00s end=48.00s duration=6.00s gt_notes=26 rms=0.0058 peak=0.0376 crest=6.423 rms_std=0.0029
    control:
      note metrics: precision=1.000 recall=0.923 f1=0.960 matched=24/26 pred=24
      strict onset f1: 10ms=0.840 20ms=0.960 30ms=0.960
      timing metrics: offset_f1=0.640 rhythm_precision=0.667 note_value_acc=0.250 note_value_n=24 avg_beat_error=0.508
      duplicate metrics: duplicates=0 per_100_notes=0.00
      boundary metrics: gt=8 matched=7 missed=1 miss_rate=0.125
      latency: avg_chunk_ms=37.40 p95_chunk_ms=43.34 avg_rtf=0.062
      notation metrics: first_correct_ms=77.3 visible_p50_ms=375.6 visible_p95_ms=576.2 stabilize_p50_ms=1157.3 stabilize_p95_ms=4092.3 avg_revisions=0.82 matched=22 refined=22 snapshots=17
      algorithmic latency: first_correct_ms=34.1 visible_p50_ms=335.5 visible_p95_ms=540.6 stabilize_p50_ms=725.3 stabilize_p95_ms=3587.1
      final display note metrics: precision=1.000 recall=0.923 f1=0.960 matched=24/26 pred=24
      final display strict onset f1: 10ms=0.840 20ms=0.960 30ms=0.960
      final display timing: offset_f1=0.640 rhythm_precision=0.667 note_value_acc=0.208 note_value_n=24 avg_beat_error=0.721
      final display structure: cluster_f1=0.923 onset_align_recall=0.950 avg_jaccard=0.987 exact=18/20 pred=19 over=0 under=1 pitch_conflicts=0 missed_gt=1
      threshold profiles: hit_rate=0.000 thresholds=[0.7] profiles={'fixed_baseline': 10}
    treatment:
      note metrics: precision=1.000 recall=0.923 f1=0.960 matched=24/26 pred=24
      strict onset f1: 10ms=0.840 20ms=0.960 30ms=0.960
      timing metrics: offset_f1=0.640 rhythm_precision=0.667 note_value_acc=0.250 note_value_n=24 avg_beat_error=0.508
      duplicate metrics: duplicates=0 per_100_notes=0.00
      boundary metrics: gt=8 matched=7 missed=1 miss_rate=0.125
      latency: avg_chunk_ms=32.44 p95_chunk_ms=40.37 avg_rtf=0.054
      notation metrics: first_correct_ms=62.6 visible_p50_ms=367.7 visible_p95_ms=566.8 stabilize_p50_ms=1145.7 stabilize_p95_ms=4078.4 avg_revisions=0.82 matched=22 refined=22 snapshots=17
      algorithmic latency: first_correct_ms=34.1 visible_p50_ms=335.5 visible_p95_ms=540.6 stabilize_p50_ms=725.3 stabilize_p95_ms=3587.1
      final display note metrics: precision=1.000 recall=0.923 f1=0.960 matched=24/26 pred=24
      final display strict onset f1: 10ms=0.840 20ms=0.960 30ms=0.960
      final display timing: offset_f1=0.640 rhythm_precision=0.667 note_value_acc=0.208 note_value_n=24 avg_beat_error=0.721
      final display structure: cluster_f1=0.923 onset_align_recall=0.950 avg_jaccard=0.987 exact=18/20 pred=19 over=0 under=1 pitch_conflicts=0 missed_gt=1
      threshold profiles: hit_rate=1.000 thresholds=[0.66] profiles={'soft_sparse_recall': 10}
    delta treatment-control: precision=+0.000 recall=+0.000 f1=+0.000 offset_f1=+0.000 note_value_acc=+0.000 dup_per_100=+0.00 boundary_miss_rate=+0.000 p95_chunk_ms=-2.98 f1_10ms=+0.000 f1_20ms=+0.000 f1_30ms=+0.000 visible_p50_ms=-7.9 stabilize_p50_ms=-11.6 algo_visible_p50_ms=+0.0 algo_stabilize_p50_ms=+0.0 avg_revisions=+0.00 display_note_f1=+0.000 display_offset_f1=+0.000 display_cluster_f1=+0.000 display_cluster_jaccard=+0.000
    failure buckets: ['runtime_only_win', 'boundary_miss_failure', 'high_revision_slow_stabilization', 'note_value_offset_failure']
      boundary diagnostics: missed=1 by_arm={'control': 1, 'treatment': 1} tags={'control_boundary_miss': 1, 'no_control_coarse_candidate': 1}
        miss: pitch=53 onset=1.719s boundary_delta_ms=-81.3 control_coarse=False treatment_coarse=False retro=n/a
[TIMING] EnhancedMel.transcribe: audio_to_gpu=0.3ms, features=0.7ms, model=18.4ms, decode=2.1ms | TOTAL=21.4ms for 600ms audio (RTF=0.04x)
[TIMING] stream_chunk[experiment-1ce940ac5a144c4fb2111b3c27cc5e63](live_neural): decode=0.2ms, inference=24.0ms, second_pass=0.0ms, contention=0.0ms, TOTAL=24.3ms | audio=600ms, RTF=0.04x | model=enhanced_mel, neural_total=23.5ms, model_inference=18.4ms
[TIMING] EnhancedMel.transcribe: audio_to_gpu=0.3ms, features=0.8ms, model=16.5ms, decode=3.6ms | TOTAL=21.2ms for 1200ms audio (RTF=0.02x)
[TIMING] stream_chunk[experiment-1ce940ac5a144c4fb2111b3c27cc5e63](live_neural): decode=0.5ms, inference=25.7ms, second_pass=0.0ms, contention=0.0ms, TOTAL=26.4ms | audio=600ms, RTF=0.04x | model=enhanced_mel, neural_total=25.1ms, model_inference=16.5ms
[TIMING] EnhancedMel.transcribe: audio_to_gpu=0.3ms, features=0.9ms, model=24.2ms, decode=6.3ms | TOTAL=31.7ms for 1800ms audio (RTF=0.02x)
[TIMING] stream_chunk[experiment-1ce940ac5a144c4fb2111b3c27cc5e63](live_neural): decode=0.3ms, inference=36.8ms, second_pass=0.0ms, contention=0.0ms, TOTAL=37.4ms | audio=600ms, RTF=0.06x | model=enhanced_mel, neural_total=36.2ms, model_inference=24.2ms
[TIMING] EnhancedMel.transcribe: audio_to_gpu=0.3ms, features=0.8ms, model=20.2ms, decode=10.5ms | TOTAL=31.9ms for 2400ms audio (RTF=0.01x)
[TIMING] stream_chunk[experiment-1ce940ac5a144c4fb2111b3c27cc5e63](live_neural): decode=0.2ms, inference=36.0ms, second_pass=0.0ms, contention=0.0ms, TOTAL=36.7ms | audio=600ms, RTF=0.06x | model=enhanced_mel, neural_total=35.5ms, model_inference=20.2ms
[TIMING] EnhancedMel.transcribe: audio_to_gpu=0.4ms, features=0.6ms, model=16.3ms, decode=7.5ms | TOTAL=24.8ms for 3000ms audio (RTF=0.01x)
[TIMING] stream_chunk[experiment-1ce940ac5a144c4fb2111b3c27cc5e63](live_neural): decode=0.2ms, inference=27.9ms, second_pass=0.0ms, contention=0.0ms, TOTAL=28.4ms | audio=600ms, RTF=0.05x | model=enhanced_mel, neural_total=27.3ms, model_inference=16.3ms
[TIMING] EnhancedMel.transcribe: audio_to_gpu=0.3ms, features=0.6ms, model=13.5ms, decode=7.5ms | TOTAL=21.9ms for 3600ms audio (RTF=0.01x)
[TIMING] stream_chunk[experiment-1ce940ac5a144c4fb2111b3c27cc5e63](live_neural): decode=0.2ms, inference=24.7ms, second_pass=0.0ms, contention=0.0ms, TOTAL=25.3ms | audio=600ms, RTF=0.04x | model=enhanced_mel, neural_total=24.2ms, model_inference=13.5ms
[TIMING] EnhancedMel.transcribe: audio_to_gpu=0.4ms, features=0.7ms, model=17.6ms, decode=8.6ms | TOTAL=27.3ms for 4200ms audio (RTF=0.01x)
[TIMING] stream_chunk[experiment-1ce940ac5a144c4fb2111b3c27cc5e63](live_neural): decode=0.2ms, inference=32.6ms, second_pass=0.0ms, contention=0.0ms, TOTAL=33.3ms | audio=600ms, RTF=0.06x | model=enhanced_mel, neural_total=31.9ms, model_inference=17.6ms
[TIMING] EnhancedMel.transcribe: audio_to_gpu=0.5ms, features=0.8ms, model=19.1ms, decode=12.1ms | TOTAL=32.4ms for 4200ms audio (RTF=0.01x)
[TIMING] stream_chunk[experiment-1ce940ac5a144c4fb2111b3c27cc5e63](live_neural): decode=0.2ms, inference=38.4ms, second_pass=0.0ms, contention=0.0ms, TOTAL=38.9ms | audio=600ms, RTF=0.06x | model=enhanced_mel, neural_total=37.9ms, model_inference=19.1ms
[TIMING] EnhancedMel.transcribe: audio_to_gpu=0.4ms, features=0.7ms, model=24.1ms, decode=8.5ms | TOTAL=33.7ms for 4200ms audio (RTF=0.01x)
[TIMING] stream_chunk[experiment-1ce940ac5a144c4fb2111b3c27cc5e63](live_neural): decode=0.2ms, inference=37.0ms, second_pass=0.0ms, contention=0.0ms, TOTAL=37.6ms | audio=600ms, RTF=0.06x | model=enhanced_mel, neural_total=36.4ms, model_inference=24.1ms
[TIMING] EnhancedMel.transcribe: audio_to_gpu=0.4ms, features=0.8ms, model=19.5ms, decode=15.8ms | TOTAL=36.5ms for 4200ms audio (RTF=0.01x)
[TIMING] stream_chunk[experiment-1ce940ac5a144c4fb2111b3c27cc5e63](live_neural): decode=0.2ms, inference=42.9ms, second_pass=0.0ms, contention=0.0ms, TOTAL=43.4ms | audio=600ms, RTF=0.07x | model=enhanced_mel, neural_total=42.4ms, model_inference=19.5ms
[TIMING] EnhancedMel.transcribe: audio_to_gpu=0.4ms, features=1.0ms, model=18.8ms, decode=2.9ms | TOTAL=23.1ms for 600ms audio (RTF=0.04x)
[TIMING] stream_chunk[experiment-cfb45b2b376d4aa28c98717fe74bb79a](live_neural): decode=0.2ms, inference=26.5ms, second_pass=0.0ms, contention=0.0ms, TOTAL=26.8ms | audio=600ms, RTF=0.04x | model=enhanced_mel, neural_total=25.8ms, model_inference=18.8ms
[TIMING] EnhancedMel.transcribe: audio_to_gpu=0.3ms, features=0.9ms, model=19.8ms, decode=3.8ms | TOTAL=24.7ms for 1200ms audio (RTF=0.02x)
[TIMING] stream_chunk[experiment-cfb45b2b376d4aa28c98717fe74bb79a](live_neural): decode=0.2ms, inference=26.9ms, second_pass=0.0ms, contention=0.0ms, TOTAL=27.3ms | audio=600ms, RTF=0.05x | model=enhanced_mel, neural_total=26.3ms, model_inference=19.8ms
[TIMING] EnhancedMel.transcribe: audio_to_gpu=0.3ms, features=0.6ms, model=19.1ms, decode=9.6ms | TOTAL=29.7ms for 1800ms audio (RTF=0.02x)
[TIMING] stream_chunk[experiment-cfb45b2b376d4aa28c98717fe74bb79a](live_neural): decode=0.2ms, inference=34.2ms, second_pass=0.0ms, contention=0.0ms, TOTAL=34.7ms | audio=600ms, RTF=0.06x | model=enhanced_mel, neural_total=33.5ms, model_inference=19.1ms
[TIMING] EnhancedMel.transcribe: audio_to_gpu=0.5ms, features=0.7ms, model=17.9ms, decode=6.9ms | TOTAL=25.9ms for 2400ms audio (RTF=0.01x)
[TIMING] stream_chunk[experiment-cfb45b2b376d4aa28c98717fe74bb79a](live_neural): decode=0.3ms, inference=30.1ms, second_pass=0.0ms, contention=0.0ms, TOTAL=30.5ms | audio=600ms, RTF=0.05x | model=enhanced_mel, neural_total=29.4ms, model_inference=17.9ms
[TIMING] EnhancedMel.transcribe: audio_to_gpu=0.3ms, features=0.8ms, model=17.0ms, decode=9.4ms | TOTAL=27.5ms for 3000ms audio (RTF=0.01x)
[TIMING] stream_chunk[experiment-cfb45b2b376d4aa28c98717fe74bb79a](live_neural): decode=0.2ms, inference=30.7ms, second_pass=0.0ms, contention=0.0ms, TOTAL=31.1ms | audio=600ms, RTF=0.05x | model=enhanced_mel, neural_total=30.1ms, model_inference=17.0ms
[TIMING] EnhancedMel.transcribe: audio_to_gpu=0.3ms, features=0.6ms, model=18.0ms, decode=15.4ms | TOTAL=34.4ms for 3600ms audio (RTF=0.01x)
[TIMING] stream_chunk[experiment-cfb45b2b376d4aa28c98717fe74bb79a](live_neural): decode=0.2ms, inference=38.2ms, second_pass=0.0ms, contention=0.0ms, TOTAL=38.7ms | audio=600ms, RTF=0.06x | model=enhanced_mel, neural_total=37.6ms, model_inference=18.0ms
[TIMING] EnhancedMel.transcribe: audio_to_gpu=0.4ms, features=0.9ms, model=21.8ms, decode=15.4ms | TOTAL=38.4ms for 4200ms audio (RTF=0.01x)
[TIMING] stream_chunk[experiment-cfb45b2b376d4aa28c98717fe74bb79a](live_neural): decode=0.3ms, inference=45.8ms, second_pass=0.0ms, contention=0.0ms, TOTAL=46.5ms | audio=600ms, RTF=0.08x | model=enhanced_mel, neural_total=45.0ms, model_inference=21.8ms
[TIMING] EnhancedMel.transcribe: audio_to_gpu=0.3ms, features=0.7ms, model=20.1ms, decode=13.6ms | TOTAL=34.7ms for 4200ms audio (RTF=0.01x)
[TIMING] stream_chunk[experiment-cfb45b2b376d4aa28c98717fe74bb79a](live_neural): decode=0.3ms, inference=38.9ms, second_pass=0.0ms, contention=0.0ms, TOTAL=39.4ms | audio=600ms, RTF=0.07x | model=enhanced_mel, neural_total=38.2ms, model_inference=20.1ms
[TIMING] EnhancedMel.transcribe: audio_to_gpu=0.3ms, features=0.7ms, model=19.7ms, decode=10.7ms | TOTAL=31.4ms for 4200ms audio (RTF=0.01x)
[TIMING] stream_chunk[experiment-cfb45b2b376d4aa28c98717fe74bb79a](live_neural): decode=0.2ms, inference=35.7ms, second_pass=0.0ms, contention=0.0ms, TOTAL=36.2ms | audio=600ms, RTF=0.06x | model=enhanced_mel, neural_total=35.1ms, model_inference=19.7ms
[TIMING] EnhancedMel.transcribe: audio_to_gpu=0.3ms, features=0.6ms, model=26.0ms, decode=11.6ms | TOTAL=38.5ms for 4200ms audio (RTF=0.01x)
[TIMING] stream_chunk[experiment-cfb45b2b376d4aa28c98717fe74bb79a](live_neural): decode=0.2ms, inference=44.4ms, second_pass=0.0ms, contention=0.0ms, TOTAL=44.9ms | audio=600ms, RTF=0.07x | model=enhanced_mel, neural_total=43.9ms, model_inference=26.0ms

[CLIP_002] Two Sonatas
  excerpt: start=21.00s end=27.00s duration=6.00s gt_notes=95 rms=0.1706 peak=0.8416 crest=4.933 rms_std=0.0350
    control:
      note metrics: precision=0.947 recall=0.937 f1=0.942 matched=89/95 pred=94
      strict onset f1: 10ms=0.878 20ms=0.942 30ms=0.942
      timing metrics: offset_f1=0.836 rhythm_precision=0.888 note_value_acc=0.360 note_value_n=89 avg_beat_error=0.132
      duplicate metrics: duplicates=3 per_100_notes=3.19
      boundary metrics: gt=30 matched=29 missed=1 miss_rate=0.033
      latency: avg_chunk_ms=33.16 p95_chunk_ms=41.36 avg_rtf=0.055
      notation metrics: first_correct_ms=46.6 visible_p50_ms=336.3 visible_p95_ms=579.4 stabilize_p50_ms=1029.9 stabilize_p95_ms=1861.5 avg_revisions=0.97 matched=30 refined=30 snapshots=20
      algorithmic latency: first_correct_ms=18.2 visible_p50_ms=297.0 visible_p95_ms=546.9 stabilize_p50_ms=661.8 stabilize_p95_ms=1452.5
      final display note metrics: precision=0.967 recall=0.937 f1=0.952 matched=89/95 pred=92
      final display strict onset f1: 10ms=0.888 20ms=0.952 30ms=0.952
      final display timing: offset_f1=0.845 rhythm_precision=0.888 note_value_acc=0.225 note_value_n=89 avg_beat_error=0.234
      final display structure: cluster_f1=0.827 onset_align_recall=1.000 avg_jaccard=0.934 exact=43/52 pred=52 over=3 under=6 pitch_conflicts=0 missed_gt=0
      threshold profiles: hit_rate=0.000 thresholds=[0.7] profiles={'fixed_baseline': 10}
    treatment:
      note metrics: precision=0.947 recall=0.937 f1=0.942 matched=89/95 pred=94
      strict onset f1: 10ms=0.878 20ms=0.942 30ms=0.942
      timing metrics: offset_f1=0.836 rhythm_precision=0.888 note_value_acc=0.360 note_value_n=89 avg_beat_error=0.132
      duplicate metrics: duplicates=3 per_100_notes=3.19
      boundary metrics: gt=30 matched=29 missed=1 miss_rate=0.033
      latency: avg_chunk_ms=35.61 p95_chunk_ms=45.82 avg_rtf=0.059
      notation metrics: first_correct_ms=49.3 visible_p50_ms=337.6 visible_p95_ms=584.5 stabilize_p50_ms=1028.8 stabilize_p95_ms=1875.7 avg_revisions=0.97 matched=30 refined=30 snapshots=20
      algorithmic latency: first_correct_ms=18.2 visible_p50_ms=297.0 visible_p95_ms=546.9 stabilize_p50_ms=661.8 stabilize_p95_ms=1452.5
      final display note metrics: precision=0.967 recall=0.937 f1=0.952 matched=89/95 pred=92
      final display strict onset f1: 10ms=0.888 20ms=0.952 30ms=0.952
      final display timing: offset_f1=0.845 rhythm_precision=0.888 note_value_acc=0.225 note_value_n=89 avg_beat_error=0.234
      final display structure: cluster_f1=0.827 onset_align_recall=1.000 avg_jaccard=0.934 exact=43/52 pred=52 over=3 under=6 pitch_conflicts=0 missed_gt=0
      threshold profiles: hit_rate=1.000 thresholds=[0.72] profiles={'loud_dense_precision': 10}
    delta treatment-control: precision=+0.000 recall=+0.000 f1=+0.000 offset_f1=+0.000 note_value_acc=+0.000 dup_per_100=+0.00 boundary_miss_rate=+0.000 p95_chunk_ms=+4.46 f1_10ms=+0.000 f1_20ms=+0.000 f1_30ms=+0.000 visible_p50_ms=+1.3 stabilize_p50_ms=-1.1 algo_visible_p50_ms=+0.0 algo_stabilize_p50_ms=+0.0 avg_revisions=+0.00 display_note_f1=+0.000 display_offset_f1=+0.000 display_cluster_f1=+0.000 display_cluster_jaccard=+0.000
    failure buckets: ['boundary_miss_failure', 'high_revision_slow_stabilization', 'note_value_offset_failure']
      boundary diagnostics: missed=1 by_arm={'control': 1, 'treatment': 1} tags={'control_boundary_miss': 1, 'no_control_coarse_candidate': 1}
        miss: pitch=34 onset=5.949s boundary_delta_ms=-50.8 control_coarse=False treatment_coarse=False retro=n/a
[TIMING] EnhancedMel.transcribe: audio_to_gpu=0.3ms, features=0.7ms, model=15.2ms, decode=1.7ms | TOTAL=17.8ms for 600ms audio (RTF=0.03x)
[TIMING] stream_chunk[experiment-38d7c858717b46f8839653b54c71808f](live_neural): decode=0.2ms, inference=20.3ms, second_pass=0.0ms, contention=0.0ms, TOTAL=20.5ms | audio=600ms, RTF=0.03x | model=enhanced_mel, neural_total=19.8ms, model_inference=15.2ms
[TIMING] EnhancedMel.transcribe: audio_to_gpu=0.3ms, features=0.6ms, model=15.3ms, decode=3.1ms | TOTAL=19.4ms for 1200ms audio (RTF=0.02x)
[TIMING] stream_chunk[experiment-38d7c858717b46f8839653b54c71808f](live_neural): decode=0.2ms, inference=22.4ms, second_pass=0.0ms, contention=0.0ms, TOTAL=22.6ms | audio=600ms, RTF=0.04x | model=enhanced_mel, neural_total=21.7ms, model_inference=15.3ms
[TIMING] EnhancedMel.transcribe: audio_to_gpu=0.2ms, features=0.6ms, model=17.3ms, decode=4.9ms | TOTAL=23.0ms for 1800ms audio (RTF=0.01x)
[TIMING] stream_chunk[experiment-38d7c858717b46f8839653b54c71808f](live_neural): decode=0.2ms, inference=26.0ms, second_pass=0.0ms, contention=0.0ms, TOTAL=26.3ms | audio=600ms, RTF=0.04x | model=enhanced_mel, neural_total=25.4ms, model_inference=17.3ms
[TIMING] EnhancedMel.transcribe: audio_to_gpu=0.3ms, features=0.7ms, model=17.2ms, decode=7.3ms | TOTAL=25.4ms for 2400ms audio (RTF=0.01x)
[TIMING] stream_chunk[experiment-38d7c858717b46f8839653b54c71808f](live_neural): decode=0.3ms, inference=29.7ms, second_pass=0.0ms, contention=0.0ms, TOTAL=30.1ms | audio=600ms, RTF=0.05x | model=enhanced_mel, neural_total=29.3ms, model_inference=17.2ms
[TIMING] EnhancedMel.transcribe: audio_to_gpu=0.3ms, features=0.6ms, model=20.9ms, decode=7.6ms | TOTAL=29.3ms for 3000ms audio (RTF=0.01x)
[TIMING] stream_chunk[experiment-38d7c858717b46f8839653b54c71808f](live_neural): decode=0.2ms, inference=32.9ms, second_pass=0.0ms, contention=0.0ms, TOTAL=33.2ms | audio=600ms, RTF=0.06x | model=enhanced_mel, neural_total=32.4ms, model_inference=20.9ms
[TIMING] EnhancedMel.transcribe: audio_to_gpu=0.4ms, features=0.7ms, model=17.0ms, decode=8.3ms | TOTAL=26.4ms for 3600ms audio (RTF=0.01x)
[TIMING] stream_chunk[experiment-38d7c858717b46f8839653b54c71808f](live_neural): decode=0.2ms, inference=30.2ms, second_pass=0.0ms, contention=0.0ms, TOTAL=30.6ms | audio=600ms, RTF=0.05x | model=enhanced_mel, neural_total=29.7ms, model_inference=17.0ms
[TIMING] EnhancedMel.transcribe: audio_to_gpu=0.3ms, features=0.7ms, model=17.3ms, decode=11.2ms | TOTAL=29.4ms for 4200ms audio (RTF=0.01x)
[TIMING] stream_chunk[experiment-38d7c858717b46f8839653b54c71808f](live_neural): decode=0.2ms, inference=33.7ms, second_pass=0.0ms, contention=0.0ms, TOTAL=34.0ms | audio=600ms, RTF=0.06x | model=enhanced_mel, neural_total=33.3ms, model_inference=17.3ms
[TIMING] EnhancedMel.transcribe: audio_to_gpu=0.3ms, features=0.6ms, model=18.3ms, decode=10.6ms | TOTAL=29.8ms for 4200ms audio (RTF=0.01x)
[TIMING] stream_chunk[experiment-38d7c858717b46f8839653b54c71808f](live_neural): decode=0.2ms, inference=33.6ms, second_pass=0.0ms, contention=0.0ms, TOTAL=33.9ms | audio=600ms, RTF=0.06x | model=enhanced_mel, neural_total=33.2ms, model_inference=18.3ms
[TIMING] EnhancedMel.transcribe: audio_to_gpu=0.3ms, features=0.6ms, model=18.0ms, decode=9.5ms | TOTAL=28.4ms for 4200ms audio (RTF=0.01x)
[TIMING] stream_chunk[experiment-38d7c858717b46f8839653b54c71808f](live_neural): decode=0.2ms, inference=33.2ms, second_pass=0.0ms, contention=0.0ms, TOTAL=33.5ms | audio=600ms, RTF=0.06x | model=enhanced_mel, neural_total=32.7ms, model_inference=18.0ms
[TIMING] EnhancedMel.transcribe: audio_to_gpu=0.3ms, features=0.7ms, model=17.3ms, decode=9.8ms | TOTAL=28.1ms for 4200ms audio (RTF=0.01x)
[TIMING] stream_chunk[experiment-38d7c858717b46f8839653b54c71808f](live_neural): decode=0.2ms, inference=33.8ms, second_pass=0.0ms, contention=0.0ms, TOTAL=34.1ms | audio=600ms, RTF=0.06x | model=enhanced_mel, neural_total=33.3ms, model_inference=17.3ms
[TIMING] EnhancedMel.transcribe: audio_to_gpu=0.3ms, features=0.6ms, model=16.4ms, decode=1.8ms | TOTAL=19.1ms for 600ms audio (RTF=0.03x)
[TIMING] stream_chunk[experiment-9b5c90b9d6a74591b99644633ac9174b](live_neural): decode=0.2ms, inference=21.9ms, second_pass=0.0ms, contention=0.0ms, TOTAL=22.1ms | audio=600ms, RTF=0.04x | model=enhanced_mel, neural_total=21.1ms, model_inference=16.4ms
[TIMING] EnhancedMel.transcribe: audio_to_gpu=0.5ms, features=0.6ms, model=13.5ms, decode=4.2ms | TOTAL=18.8ms for 1200ms audio (RTF=0.02x)
[TIMING] stream_chunk[experiment-9b5c90b9d6a74591b99644633ac9174b](live_neural): decode=0.2ms, inference=21.8ms, second_pass=0.0ms, contention=0.0ms, TOTAL=22.2ms | audio=600ms, RTF=0.04x | model=enhanced_mel, neural_total=21.3ms, model_inference=13.5ms
[TIMING] EnhancedMel.transcribe: audio_to_gpu=0.2ms, features=0.7ms, model=17.6ms, decode=5.4ms | TOTAL=24.0ms for 1800ms audio (RTF=0.01x)
[TIMING] stream_chunk[experiment-9b5c90b9d6a74591b99644633ac9174b](live_neural): decode=0.2ms, inference=28.1ms, second_pass=0.0ms, contention=0.0ms, TOTAL=28.4ms | audio=600ms, RTF=0.05x | model=enhanced_mel, neural_total=27.7ms, model_inference=17.6ms
[TIMING] EnhancedMel.transcribe: audio_to_gpu=0.3ms, features=0.7ms, model=19.7ms, decode=6.0ms | TOTAL=26.7ms for 2400ms audio (RTF=0.01x)
[TIMING] stream_chunk[experiment-9b5c90b9d6a74591b99644633ac9174b](live_neural): decode=0.3ms, inference=30.0ms, second_pass=0.0ms, contention=0.0ms, TOTAL=30.4ms | audio=600ms, RTF=0.05x | model=enhanced_mel, neural_total=29.5ms, model_inference=19.7ms
[TIMING] EnhancedMel.transcribe: audio_to_gpu=0.3ms, features=0.6ms, model=17.7ms, decode=8.2ms | TOTAL=26.8ms for 3000ms audio (RTF=0.01x)
[TIMING] stream_chunk[experiment-9b5c90b9d6a74591b99644633ac9174b](live_neural): decode=0.2ms, inference=30.7ms, second_pass=0.0ms, contention=0.0ms, TOTAL=31.0ms | audio=600ms, RTF=0.05x | model=enhanced_mel, neural_total=30.2ms, model_inference=17.7ms
[TIMING] EnhancedMel.transcribe: audio_to_gpu=0.3ms, features=0.6ms, model=15.7ms, decode=9.0ms | TOTAL=25.7ms for 3600ms audio (RTF=0.01x)
[TIMING] stream_chunk[experiment-9b5c90b9d6a74591b99644633ac9174b](live_neural): decode=0.2ms, inference=29.5ms, second_pass=0.0ms, contention=0.0ms, TOTAL=29.8ms | audio=600ms, RTF=0.05x | model=enhanced_mel, neural_total=29.0ms, model_inference=15.7ms
[TIMING] EnhancedMel.transcribe: audio_to_gpu=0.3ms, features=0.6ms, model=18.8ms, decode=9.8ms | TOTAL=29.6ms for 4200ms audio (RTF=0.01x)
[TIMING] stream_chunk[experiment-9b5c90b9d6a74591b99644633ac9174b](live_neural): decode=0.2ms, inference=33.2ms, second_pass=0.0ms, contention=0.0ms, TOTAL=33.5ms | audio=600ms, RTF=0.06x | model=enhanced_mel, neural_total=32.8ms, model_inference=18.8ms
[TIMING] EnhancedMel.transcribe: audio_to_gpu=0.3ms, features=0.6ms, model=16.1ms, decode=9.8ms | TOTAL=26.8ms for 4200ms audio (RTF=0.01x)
[TIMING] stream_chunk[experiment-9b5c90b9d6a74591b99644633ac9174b](live_neural): decode=0.2ms, inference=32.8ms, second_pass=0.0ms, contention=0.0ms, TOTAL=33.3ms | audio=600ms, RTF=0.06x | model=enhanced_mel, neural_total=32.3ms, model_inference=16.1ms
[TIMING] EnhancedMel.transcribe: audio_to_gpu=0.3ms, features=0.6ms, model=16.0ms, decode=9.9ms | TOTAL=26.8ms for 4200ms audio (RTF=0.01x)
[TIMING] stream_chunk[experiment-9b5c90b9d6a74591b99644633ac9174b](live_neural): decode=0.3ms, inference=30.4ms, second_pass=0.0ms, contention=0.0ms, TOTAL=30.9ms | audio=600ms, RTF=0.05x | model=enhanced_mel, neural_total=29.5ms, model_inference=16.0ms
[TIMING] EnhancedMel.transcribe: audio_to_gpu=0.3ms, features=0.6ms, model=18.2ms, decode=10.7ms | TOTAL=29.8ms for 4200ms audio (RTF=0.01x)
[TIMING] stream_chunk[experiment-9b5c90b9d6a74591b99644633ac9174b](live_neural): decode=0.1ms, inference=33.7ms, second_pass=0.0ms, contention=0.0ms, TOTAL=34.0ms | audio=600ms, RTF=0.06x | model=enhanced_mel, neural_total=33.2ms, model_inference=18.2ms

[CLIP_003] Sonata in D Minor, K. 213
  excerpt: start=9.00s end=15.00s duration=6.00s gt_notes=18 rms=0.0079 peak=0.0465 crest=5.877 rms_std=0.0026
    control:
      note metrics: precision=0.783 recall=1.000 f1=0.878 matched=18/18 pred=23
      strict onset f1: 10ms=0.829 20ms=0.878 30ms=0.878
      timing metrics: offset_f1=0.439 rhythm_precision=0.500 note_value_acc=0.056 note_value_n=18 avg_beat_error=0.920
      duplicate metrics: duplicates=1 per_100_notes=4.35
      boundary metrics: gt=8 matched=8 missed=0 miss_rate=0.000
      latency: avg_chunk_ms=29.89 p95_chunk_ms=34.06 avg_rtf=0.050
      notation metrics: first_correct_ms=49.8 visible_p50_ms=320.2 visible_p95_ms=575.1 stabilize_p50_ms=1678.0 stabilize_p95_ms=3554.7 avg_revisions=1.88 matched=17 refined=17 snapshots=19
      algorithmic latency: first_correct_ms=15.6 visible_p50_ms=286.7 visible_p95_ms=551.8 stabilize_p50_ms=1395.1 stabilize_p95_ms=2920.6
      final display note metrics: precision=0.818 recall=1.000 f1=0.900 matched=18/18 pred=22
      final display strict onset f1: 10ms=0.850 20ms=0.900 30ms=0.900
      final display timing: offset_f1=0.450 rhythm_precision=0.500 note_value_acc=0.278 note_value_n=18 avg_beat_error=0.670
      final display structure: cluster_f1=0.889 onset_align_recall=1.000 avg_jaccard=0.971 exact=16/17 pred=19 over=1 under=0 pitch_conflicts=0 missed_gt=0
      threshold profiles: hit_rate=0.000 thresholds=[0.7] profiles={'fixed_baseline': 10}
    treatment:
      note metrics: precision=0.783 recall=1.000 f1=0.878 matched=18/18 pred=23
      strict onset f1: 10ms=0.829 20ms=0.878 30ms=0.878
      timing metrics: offset_f1=0.439 rhythm_precision=0.500 note_value_acc=0.056 note_value_n=18 avg_beat_error=0.920
      duplicate metrics: duplicates=1 per_100_notes=4.35
      boundary metrics: gt=8 matched=8 missed=0 miss_rate=0.000
      latency: avg_chunk_ms=29.55 p95_chunk_ms=33.77 avg_rtf=0.049
      notation metrics: first_correct_ms=49.6 visible_p50_ms=317.6 visible_p95_ms=575.2 stabilize_p50_ms=1679.2 stabilize_p95_ms=3551.6 avg_revisions=1.88 matched=17 refined=17 snapshots=19
      algorithmic latency: first_correct_ms=15.6 visible_p50_ms=286.7 visible_p95_ms=551.8 stabilize_p50_ms=1395.1 stabilize_p95_ms=2920.6
      final display note metrics: precision=0.818 recall=1.000 f1=0.900 matched=18/18 pred=22
      final display strict onset f1: 10ms=0.850 20ms=0.900 30ms=0.900
      final display timing: offset_f1=0.450 rhythm_precision=0.500 note_value_acc=0.278 note_value_n=18 avg_beat_error=0.670
      final display structure: cluster_f1=0.889 onset_align_recall=1.000 avg_jaccard=0.971 exact=16/17 pred=19 over=1 under=0 pitch_conflicts=0 missed_gt=0
      threshold profiles: hit_rate=1.000 thresholds=[0.66] profiles={'soft_sparse_recall': 10}
    delta treatment-control: precision=+0.000 recall=+0.000 f1=+0.000 offset_f1=+0.000 note_value_acc=+0.000 dup_per_100=+0.00 boundary_miss_rate=+0.000 p95_chunk_ms=-0.29 f1_10ms=+0.000 f1_20ms=+0.000 f1_30ms=+0.000 visible_p50_ms=-2.7 stabilize_p50_ms=+1.3 algo_visible_p50_ms=+0.0 algo_stabilize_p50_ms=+0.0 avg_revisions=+0.00 display_note_f1=+0.000 display_offset_f1=+0.000 display_cluster_f1=+0.000 display_cluster_jaccard=+0.000
    failure buckets: ['high_revision_slow_stabilization', 'note_value_offset_failure']
[TIMING] EnhancedMel.transcribe: audio_to_gpu=0.3ms, features=0.6ms, model=17.1ms, decode=2.1ms | TOTAL=20.1ms for 600ms audio (RTF=0.03x)
[TIMING] stream_chunk[experiment-9efb19db79a7452f9eb833d31bd18c51](live_neural): decode=0.2ms, inference=22.8ms, second_pass=0.0ms, contention=0.0ms, TOTAL=23.0ms | audio=600ms, RTF=0.04x | model=enhanced_mel, neural_total=22.2ms, model_inference=17.1ms
[TIMING] EnhancedMel.transcribe: audio_to_gpu=0.2ms, features=0.7ms, model=15.1ms, decode=3.5ms | TOTAL=19.5ms for 1200ms audio (RTF=0.02x)
[TIMING] stream_chunk[experiment-9efb19db79a7452f9eb833d31bd18c51](live_neural): decode=0.2ms, inference=22.4ms, second_pass=0.0ms, contention=0.0ms, TOTAL=22.7ms | audio=600ms, RTF=0.04x | model=enhanced_mel, neural_total=22.0ms, model_inference=15.1ms
[TIMING] EnhancedMel.transcribe: audio_to_gpu=0.3ms, features=0.8ms, model=16.8ms, decode=5.8ms | TOTAL=23.7ms for 1800ms audio (RTF=0.01x)
[TIMING] stream_chunk[experiment-9efb19db79a7452f9eb833d31bd18c51](live_neural): decode=1.9ms, inference=28.2ms, second_pass=0.0ms, contention=0.0ms, TOTAL=30.2ms | audio=600ms, RTF=0.05x | model=enhanced_mel, neural_total=27.7ms, model_inference=16.8ms
[TIMING] EnhancedMel.transcribe: audio_to_gpu=0.3ms, features=0.7ms, model=17.6ms, decode=6.1ms | TOTAL=24.7ms for 2400ms audio (RTF=0.01x)
[TIMING] stream_chunk[experiment-9efb19db79a7452f9eb833d31bd18c51](live_neural): decode=0.2ms, inference=28.8ms, second_pass=0.0ms, contention=0.0ms, TOTAL=29.1ms | audio=600ms, RTF=0.05x | model=enhanced_mel, neural_total=28.4ms, model_inference=17.6ms
[TIMING] EnhancedMel.transcribe: audio_to_gpu=0.3ms, features=0.7ms, model=15.9ms, decode=13.2ms | TOTAL=30.1ms for 3000ms audio (RTF=0.01x)
[TIMING] stream_chunk[experiment-9efb19db79a7452f9eb833d31bd18c51](live_neural): decode=0.2ms, inference=34.0ms, second_pass=0.0ms, contention=0.0ms, TOTAL=34.5ms | audio=600ms, RTF=0.06x | model=enhanced_mel, neural_total=33.5ms, model_inference=15.9ms
[TIMING] EnhancedMel.transcribe: audio_to_gpu=0.5ms, features=0.9ms, model=17.4ms, decode=9.0ms | TOTAL=27.8ms for 3600ms audio (RTF=0.01x)
[TIMING] stream_chunk[experiment-9efb19db79a7452f9eb833d31bd18c51](live_neural): decode=0.2ms, inference=32.8ms, second_pass=0.0ms, contention=0.0ms, TOTAL=33.3ms | audio=600ms, RTF=0.06x | model=enhanced_mel, neural_total=32.4ms, model_inference=17.4ms
[TIMING] EnhancedMel.transcribe: audio_to_gpu=0.3ms, features=0.6ms, model=18.0ms, decode=12.9ms | TOTAL=31.8ms for 4200ms audio (RTF=0.01x)
[TIMING] stream_chunk[experiment-9efb19db79a7452f9eb833d31bd18c51](live_neural): decode=0.2ms, inference=36.0ms, second_pass=0.0ms, contention=0.0ms, TOTAL=36.3ms | audio=600ms, RTF=0.06x | model=enhanced_mel, neural_total=35.5ms, model_inference=18.0ms
[TIMING] EnhancedMel.transcribe: audio_to_gpu=0.3ms, features=0.7ms, model=19.0ms, decode=11.9ms | TOTAL=31.8ms for 4200ms audio (RTF=0.01x)
[TIMING] stream_chunk[experiment-9efb19db79a7452f9eb833d31bd18c51](live_neural): decode=0.1ms, inference=35.3ms, second_pass=0.0ms, contention=0.0ms, TOTAL=35.7ms | audio=600ms, RTF=0.06x | model=enhanced_mel, neural_total=34.7ms, model_inference=19.0ms
[TIMING] EnhancedMel.transcribe: audio_to_gpu=0.3ms, features=0.9ms, model=18.0ms, decode=13.5ms | TOTAL=32.7ms for 4200ms audio (RTF=0.01x)
[TIMING] stream_chunk[experiment-9efb19db79a7452f9eb833d31bd18c51](live_neural): decode=0.2ms, inference=38.3ms, second_pass=0.0ms, contention=0.0ms, TOTAL=38.8ms | audio=600ms, RTF=0.06x | model=enhanced_mel, neural_total=37.7ms, model_inference=18.0ms
[TIMING] EnhancedMel.transcribe: audio_to_gpu=0.3ms, features=0.7ms, model=16.4ms, decode=10.0ms | TOTAL=27.5ms for 4200ms audio (RTF=0.01x)
[TIMING] stream_chunk[experiment-9efb19db79a7452f9eb833d31bd18c51](live_neural): decode=0.2ms, inference=33.5ms, second_pass=0.0ms, contention=0.0ms, TOTAL=33.8ms | audio=600ms, RTF=0.06x | model=enhanced_mel, neural_total=32.8ms, model_inference=16.4ms
[TIMING] EnhancedMel.transcribe: audio_to_gpu=0.3ms, features=0.7ms, model=16.1ms, decode=1.8ms | TOTAL=18.8ms for 600ms audio (RTF=0.03x)
[TIMING] stream_chunk[experiment-a6f25bf1f70546198f94a644afc62167](live_neural): decode=0.2ms, inference=21.3ms, second_pass=0.0ms, contention=0.0ms, TOTAL=21.6ms | audio=600ms, RTF=0.04x | model=enhanced_mel, neural_total=20.8ms, model_inference=16.1ms
[TIMING] EnhancedMel.transcribe: audio_to_gpu=0.2ms, features=0.6ms, model=12.6ms, decode=5.3ms | TOTAL=18.8ms for 1200ms audio (RTF=0.02x)
[TIMING] stream_chunk[experiment-a6f25bf1f70546198f94a644afc62167](live_neural): decode=0.2ms, inference=21.5ms, second_pass=0.0ms, contention=0.0ms, TOTAL=21.8ms | audio=600ms, RTF=0.04x | model=enhanced_mel, neural_total=20.9ms, model_inference=12.6ms
[TIMING] EnhancedMel.transcribe: audio_to_gpu=0.2ms, features=0.6ms, model=22.0ms, decode=7.4ms | TOTAL=30.3ms for 1800ms audio (RTF=0.02x)
[TIMING] stream_chunk[experiment-a6f25bf1f70546198f94a644afc62167](live_neural): decode=0.2ms, inference=33.6ms, second_pass=0.0ms, contention=0.0ms, TOTAL=34.0ms | audio=600ms, RTF=0.06x | model=enhanced_mel, neural_total=33.1ms, model_inference=22.0ms
[TIMING] EnhancedMel.transcribe: audio_to_gpu=0.3ms, features=0.6ms, model=16.6ms, decode=10.3ms | TOTAL=27.8ms for 2400ms audio (RTF=0.01x)
[TIMING] stream_chunk[experiment-a6f25bf1f70546198f94a644afc62167](live_neural): decode=0.3ms, inference=31.4ms, second_pass=0.0ms, contention=0.0ms, TOTAL=31.9ms | audio=600ms, RTF=0.05x | model=enhanced_mel, neural_total=30.9ms, model_inference=16.6ms
[TIMING] EnhancedMel.transcribe: audio_to_gpu=0.3ms, features=0.7ms, model=16.6ms, decode=7.7ms | TOTAL=25.3ms for 3000ms audio (RTF=0.01x)
[TIMING] stream_chunk[experiment-a6f25bf1f70546198f94a644afc62167](live_neural): decode=0.3ms, inference=29.4ms, second_pass=0.0ms, contention=0.0ms, TOTAL=30.0ms | audio=600ms, RTF=0.05x | model=enhanced_mel, neural_total=28.8ms, model_inference=16.6ms
[TIMING] EnhancedMel.transcribe: audio_to_gpu=0.3ms, features=0.7ms, model=17.3ms, decode=10.1ms | TOTAL=28.3ms for 3600ms audio (RTF=0.01x)
[TIMING] stream_chunk[experiment-a6f25bf1f70546198f94a644afc62167](live_neural): decode=0.2ms, inference=32.4ms, second_pass=0.0ms, contention=0.0ms, TOTAL=32.8ms | audio=600ms, RTF=0.05x | model=enhanced_mel, neural_total=31.9ms, model_inference=17.3ms
[TIMING] EnhancedMel.transcribe: audio_to_gpu=0.4ms, features=0.7ms, model=22.5ms, decode=14.5ms | TOTAL=38.1ms for 4200ms audio (RTF=0.01x)
[TIMING] stream_chunk[experiment-a6f25bf1f70546198f94a644afc62167](live_neural): decode=0.2ms, inference=44.5ms, second_pass=0.0ms, contention=0.0ms, TOTAL=44.9ms | audio=600ms, RTF=0.07x | model=enhanced_mel, neural_total=44.1ms, model_inference=22.5ms
[TIMING] EnhancedMel.transcribe: audio_to_gpu=0.4ms, features=0.8ms, model=23.9ms, decode=13.3ms | TOTAL=38.4ms for 4200ms audio (RTF=0.01x)
[TIMING] stream_chunk[experiment-a6f25bf1f70546198f94a644afc62167](live_neural): decode=0.2ms, inference=43.0ms, second_pass=0.0ms, contention=0.0ms, TOTAL=43.5ms | audio=600ms, RTF=0.07x | model=enhanced_mel, neural_total=42.4ms, model_inference=23.9ms
[TIMING] EnhancedMel.transcribe: audio_to_gpu=0.3ms, features=0.8ms, model=37.9ms, decode=12.0ms | TOTAL=51.0ms for 4200ms audio (RTF=0.01x)
[TIMING] stream_chunk[experiment-a6f25bf1f70546198f94a644afc62167](live_neural): decode=0.1ms, inference=57.4ms, second_pass=0.0ms, contention=0.0ms, TOTAL=57.8ms | audio=600ms, RTF=0.10x | model=enhanced_mel, neural_total=56.8ms, model_inference=37.9ms
[TIMING] EnhancedMel.transcribe: audio_to_gpu=0.3ms, features=0.6ms, model=22.2ms, decode=13.7ms | TOTAL=36.8ms for 4200ms audio (RTF=0.01x)
[TIMING] stream_chunk[experiment-a6f25bf1f70546198f94a644afc62167](live_neural): decode=0.2ms, inference=41.9ms, second_pass=0.0ms, contention=0.0ms, TOTAL=42.3ms | audio=600ms, RTF=0.07x | model=enhanced_mel, neural_total=40.4ms, model_inference=22.2ms

[CLIP_004] Two Sonatas
  excerpt: start=51.00s end=57.00s duration=6.00s gt_notes=50 rms=0.1572 peak=0.7955 crest=5.060 rms_std=0.0687
    control:
      note metrics: precision=0.875 recall=0.980 f1=0.925 matched=49/50 pred=56
      strict onset f1: 10ms=0.792 20ms=0.925 30ms=0.925
      timing metrics: offset_f1=0.887 rhythm_precision=0.959 note_value_acc=0.286 note_value_n=49 avg_beat_error=0.097
      duplicate metrics: duplicates=1 per_100_notes=1.79
      boundary metrics: gt=16 matched=15 missed=1 miss_rate=0.062
      latency: avg_chunk_ms=31.75 p95_chunk_ms=37.69 avg_rtf=0.053
      notation metrics: first_correct_ms=39.5 visible_p50_ms=342.2 visible_p95_ms=616.4 stabilize_p50_ms=404.9 stabilize_p95_ms=1269.7 avg_revisions=0.14 matched=29 refined=29 snapshots=21
      algorithmic latency: first_correct_ms=6.3 visible_p50_ms=306.5 visible_p95_ms=586.2 stabilize_p50_ms=371.1 stabilize_p95_ms=835.1
      final display note metrics: precision=0.891 recall=0.980 f1=0.933 matched=49/50 pred=55
      final display strict onset f1: 10ms=0.800 20ms=0.933 30ms=0.933
      final display timing: offset_f1=0.895 rhythm_precision=0.959 note_value_acc=0.245 note_value_n=49 avg_beat_error=0.190
      final display structure: cluster_f1=0.895 onset_align_recall=1.000 avg_jaccard=0.972 exact=34/36 pred=40 over=1 under=1 pitch_conflicts=0 missed_gt=0
      threshold profiles: hit_rate=0.000 thresholds=[0.7] profiles={'fixed_baseline': 10}
    treatment:
      note metrics: precision=0.891 recall=0.980 f1=0.933 matched=49/50 pred=55
      strict onset f1: 10ms=0.800 20ms=0.933 30ms=0.933
      timing metrics: offset_f1=0.895 rhythm_precision=0.959 note_value_acc=0.286 note_value_n=49 avg_beat_error=0.097
      duplicate metrics: duplicates=1 per_100_notes=1.82
      boundary metrics: gt=16 matched=15 missed=1 miss_rate=0.062
      latency: avg_chunk_ms=36.05 p95_chunk_ms=51.97 avg_rtf=0.060
      notation metrics: first_correct_ms=39.0 visible_p50_ms=341.6 visible_p95_ms=614.1 stabilize_p50_ms=422.8 stabilize_p95_ms=1280.8 avg_revisions=0.17 matched=29 refined=29 snapshots=21
      algorithmic latency: first_correct_ms=6.3 visible_p50_ms=306.5 visible_p95_ms=586.2 stabilize_p50_ms=390.9 stabilize_p95_ms=835.1
      final display note metrics: precision=0.907 recall=0.980 f1=0.942 matched=49/50 pred=54
      final display strict onset f1: 10ms=0.808 20ms=0.942 30ms=0.942
      final display timing: offset_f1=0.904 rhythm_precision=0.959 note_value_acc=0.245 note_value_n=49 avg_beat_error=0.190
      final display structure: cluster_f1=0.921 onset_align_recall=1.000 avg_jaccard=0.986 exact=35/36 pred=40 over=0 under=1 pitch_conflicts=0 missed_gt=0
      threshold profiles: hit_rate=1.000 thresholds=[0.72] profiles={'loud_dense_precision': 10}
    delta treatment-control: precision=+0.016 recall=+0.000 f1=+0.009 offset_f1=+0.008 note_value_acc=+0.000 dup_per_100=+0.03 boundary_miss_rate=+0.000 p95_chunk_ms=+14.28 f1_10ms=+0.008 f1_20ms=+0.009 f1_30ms=+0.009 visible_p50_ms=-0.6 stabilize_p50_ms=+17.9 algo_visible_p50_ms=+0.0 algo_stabilize_p50_ms=+19.8 avg_revisions=+0.03 display_note_f1=+0.009 display_offset_f1=+0.009 display_cluster_f1=+0.026 display_cluster_jaccard=+0.014
    failure buckets: ['boundary_miss_failure', 'note_value_offset_failure']
      boundary diagnostics: missed=1 by_arm={'control': 1, 'treatment': 1} tags={'control_boundary_miss': 1, 'control_timing_or_quantization_drift': 1, 'treatment_candidate_not_retained': 1}
        miss: pitch=67 onset=1.895s boundary_delta_ms=+94.5 control_coarse=True treatment_coarse=True retro=n/a
[TIMING] EnhancedMel.transcribe: audio_to_gpu=0.3ms, features=0.7ms, model=15.4ms, decode=1.6ms | TOTAL=18.1ms for 600ms audio (RTF=0.03x)
[TIMING] stream_chunk[experiment-b765bc203ed44ef19691587dd889f13c](live_neural): decode=0.2ms, inference=20.6ms, second_pass=0.0ms, contention=0.0ms, TOTAL=20.9ms | audio=600ms, RTF=0.03x | model=enhanced_mel, neural_total=20.0ms, model_inference=15.4ms
[TIMING] EnhancedMel.transcribe: audio_to_gpu=0.1ms, features=0.5ms, model=15.3ms, decode=3.0ms | TOTAL=19.0ms for 1200ms audio (RTF=0.02x)
[TIMING] stream_chunk[experiment-b765bc203ed44ef19691587dd889f13c](live_neural): decode=0.2ms, inference=21.5ms, second_pass=0.0ms, contention=0.0ms, TOTAL=21.8ms | audio=600ms, RTF=0.04x | model=enhanced_mel, neural_total=21.2ms, model_inference=15.3ms
[TIMING] EnhancedMel.transcribe: audio_to_gpu=0.3ms, features=0.6ms, model=14.4ms, decode=3.9ms | TOTAL=19.2ms for 1800ms audio (RTF=0.01x)
[TIMING] stream_chunk[experiment-b765bc203ed44ef19691587dd889f13c](live_neural): decode=0.3ms, inference=21.6ms, second_pass=0.0ms, contention=0.0ms, TOTAL=22.1ms | audio=600ms, RTF=0.04x | model=enhanced_mel, neural_total=21.1ms, model_inference=14.4ms
[TIMING] EnhancedMel.transcribe: audio_to_gpu=0.2ms, features=0.6ms, model=19.4ms, decode=6.0ms | TOTAL=26.2ms for 2400ms audio (RTF=0.01x)
[TIMING] stream_chunk[experiment-b765bc203ed44ef19691587dd889f13c](live_neural): decode=0.2ms, inference=29.6ms, second_pass=0.0ms, contention=0.0ms, TOTAL=29.9ms | audio=600ms, RTF=0.05x | model=enhanced_mel, neural_total=29.2ms, model_inference=19.4ms
[TIMING] EnhancedMel.transcribe: audio_to_gpu=0.3ms, features=0.7ms, model=16.5ms, decode=10.0ms | TOTAL=27.4ms for 3000ms audio (RTF=0.01x)
[TIMING] stream_chunk[experiment-b765bc203ed44ef19691587dd889f13c](live_neural): decode=0.2ms, inference=31.3ms, second_pass=0.0ms, contention=0.0ms, TOTAL=31.6ms | audio=600ms, RTF=0.05x | model=enhanced_mel, neural_total=30.8ms, model_inference=16.5ms
[TIMING] EnhancedMel.transcribe: audio_to_gpu=0.3ms, features=0.8ms, model=21.5ms, decode=12.8ms | TOTAL=35.4ms for 3600ms audio (RTF=0.01x)
[TIMING] stream_chunk[experiment-b765bc203ed44ef19691587dd889f13c](live_neural): decode=0.2ms, inference=42.5ms, second_pass=0.0ms, contention=0.0ms, TOTAL=42.9ms | audio=600ms, RTF=0.07x | model=enhanced_mel, neural_total=42.0ms, model_inference=21.5ms
[TIMING] EnhancedMel.transcribe: audio_to_gpu=0.2ms, features=0.6ms, model=18.3ms, decode=9.7ms | TOTAL=28.8ms for 4200ms audio (RTF=0.01x)
[TIMING] stream_chunk[experiment-b765bc203ed44ef19691587dd889f13c](live_neural): decode=0.2ms, inference=33.6ms, second_pass=0.0ms, contention=0.0ms, TOTAL=33.9ms | audio=600ms, RTF=0.06x | model=enhanced_mel, neural_total=33.2ms, model_inference=18.3ms
[TIMING] EnhancedMel.transcribe: audio_to_gpu=0.4ms, features=0.6ms, model=18.4ms, decode=9.5ms | TOTAL=28.9ms for 4200ms audio (RTF=0.01x)
[TIMING] stream_chunk[experiment-b765bc203ed44ef19691587dd889f13c](live_neural): decode=0.2ms, inference=34.1ms, second_pass=0.0ms, contention=0.0ms, TOTAL=34.4ms | audio=600ms, RTF=0.06x | model=enhanced_mel, neural_total=33.6ms, model_inference=18.4ms
[TIMING] EnhancedMel.transcribe: audio_to_gpu=0.3ms, features=0.5ms, model=16.7ms, decode=15.5ms | TOTAL=33.0ms for 4200ms audio (RTF=0.01x)
[TIMING] stream_chunk[experiment-b765bc203ed44ef19691587dd889f13c](live_neural): decode=0.2ms, inference=35.8ms, second_pass=0.0ms, contention=0.0ms, TOTAL=36.1ms | audio=600ms, RTF=0.06x | model=enhanced_mel, neural_total=35.4ms, model_inference=16.7ms
[TIMING] EnhancedMel.transcribe: audio_to_gpu=0.3ms, features=0.6ms, model=19.1ms, decode=13.4ms | TOTAL=33.5ms for 4200ms audio (RTF=0.01x)
[TIMING] stream_chunk[experiment-b765bc203ed44ef19691587dd889f13c](live_neural): decode=0.2ms, inference=37.7ms, second_pass=0.0ms, contention=0.0ms, TOTAL=38.0ms | audio=600ms, RTF=0.06x | model=enhanced_mel, neural_total=37.2ms, model_inference=19.1ms
[TIMING] EnhancedMel.transcribe: audio_to_gpu=0.2ms, features=1.0ms, model=15.5ms, decode=2.8ms | TOTAL=19.5ms for 600ms audio (RTF=0.03x)
[TIMING] stream_chunk[experiment-b337ef2417a14ebeaa664494ea03537a](live_neural): decode=0.2ms, inference=22.9ms, second_pass=0.0ms, contention=0.0ms, TOTAL=23.1ms | audio=600ms, RTF=0.04x | model=enhanced_mel, neural_total=22.5ms, model_inference=15.5ms
[TIMING] EnhancedMel.transcribe: audio_to_gpu=0.2ms, features=0.5ms, model=17.7ms, decode=5.0ms | TOTAL=23.4ms for 1200ms audio (RTF=0.02x)
[TIMING] stream_chunk[experiment-b337ef2417a14ebeaa664494ea03537a](live_neural): decode=0.2ms, inference=26.7ms, second_pass=0.0ms, contention=0.0ms, TOTAL=27.0ms | audio=600ms, RTF=0.05x | model=enhanced_mel, neural_total=26.2ms, model_inference=17.7ms
[TIMING] EnhancedMel.transcribe: audio_to_gpu=0.3ms, features=0.7ms, model=15.4ms, decode=5.2ms | TOTAL=21.5ms for 1800ms audio (RTF=0.01x)
[TIMING] stream_chunk[experiment-b337ef2417a14ebeaa664494ea03537a](live_neural): decode=0.2ms, inference=24.9ms, second_pass=0.0ms, contention=0.0ms, TOTAL=25.1ms | audio=600ms, RTF=0.04x | model=enhanced_mel, neural_total=24.4ms, model_inference=15.4ms
[TIMING] EnhancedMel.transcribe: audio_to_gpu=0.3ms, features=0.8ms, model=20.1ms, decode=5.6ms | TOTAL=26.8ms for 2400ms audio (RTF=0.01x)
[TIMING] stream_chunk[experiment-b337ef2417a14ebeaa664494ea03537a](live_neural): decode=0.2ms, inference=31.0ms, second_pass=0.0ms, contention=0.0ms, TOTAL=31.3ms | audio=600ms, RTF=0.05x | model=enhanced_mel, neural_total=30.5ms, model_inference=20.1ms
[TIMING] EnhancedMel.transcribe: audio_to_gpu=0.4ms, features=0.9ms, model=22.2ms, decode=8.4ms | TOTAL=31.9ms for 3000ms audio (RTF=0.01x)
[TIMING] stream_chunk[experiment-b337ef2417a14ebeaa664494ea03537a](live_neural): decode=0.3ms, inference=38.6ms, second_pass=0.0ms, contention=0.0ms, TOTAL=39.0ms | audio=600ms, RTF=0.07x | model=enhanced_mel, neural_total=38.1ms, model_inference=22.2ms
[TIMING] EnhancedMel.transcribe: audio_to_gpu=0.3ms, features=0.6ms, model=17.6ms, decode=8.9ms | TOTAL=27.3ms for 3600ms audio (RTF=0.01x)
[TIMING] stream_chunk[experiment-b337ef2417a14ebeaa664494ea03537a](live_neural): decode=0.2ms, inference=31.0ms, second_pass=0.0ms, contention=0.0ms, TOTAL=31.3ms | audio=600ms, RTF=0.05x | model=enhanced_mel, neural_total=30.5ms, model_inference=17.6ms
[TIMING] EnhancedMel.transcribe: audio_to_gpu=0.3ms, features=0.6ms, model=19.8ms, decode=12.2ms | TOTAL=32.9ms for 4200ms audio (RTF=0.01x)
[TIMING] stream_chunk[experiment-b337ef2417a14ebeaa664494ea03537a](live_neural): decode=0.2ms, inference=36.8ms, second_pass=0.0ms, contention=0.0ms, TOTAL=37.1ms | audio=600ms, RTF=0.06x | model=enhanced_mel, neural_total=36.3ms, model_inference=19.8ms
[TIMING] EnhancedMel.transcribe: audio_to_gpu=0.3ms, features=0.6ms, model=18.6ms, decode=15.1ms | TOTAL=34.7ms for 4200ms audio (RTF=0.01x)
[TIMING] stream_chunk[experiment-b337ef2417a14ebeaa664494ea03537a](live_neural): decode=0.2ms, inference=37.8ms, second_pass=0.0ms, contention=0.0ms, TOTAL=38.1ms | audio=600ms, RTF=0.06x | model=enhanced_mel, neural_total=37.2ms, model_inference=18.6ms
[TIMING] EnhancedMel.transcribe: audio_to_gpu=0.3ms, features=0.6ms, model=20.1ms, decode=11.3ms | TOTAL=32.2ms for 4200ms audio (RTF=0.01x)
[TIMING] stream_chunk[experiment-b337ef2417a14ebeaa664494ea03537a](live_neural): decode=0.2ms, inference=36.2ms, second_pass=0.0ms, contention=0.0ms, TOTAL=36.5ms | audio=600ms, RTF=0.06x | model=enhanced_mel, neural_total=35.7ms, model_inference=20.1ms
[TIMING] EnhancedMel.transcribe: audio_to_gpu=0.3ms, features=0.6ms, model=19.5ms, decode=9.7ms | TOTAL=30.2ms for 4200ms audio (RTF=0.01x)
[TIMING] stream_chunk[experiment-b337ef2417a14ebeaa664494ea03537a](live_neural): decode=0.2ms, inference=34.9ms, second_pass=0.0ms, contention=0.0ms, TOTAL=35.2ms | audio=600ms, RTF=0.06x | model=enhanced_mel, neural_total=34.3ms, model_inference=19.5ms

[CLIP_005] Hungarian Rhapsody No. 9
  excerpt: start=48.00s end=54.00s duration=6.00s gt_notes=8 rms=0.0260 peak=0.1356 crest=5.209 rms_std=0.0157
    control:
      note metrics: precision=0.800 recall=1.000 f1=0.889 matched=8/8 pred=10
      strict onset f1: 10ms=0.889 20ms=0.889 30ms=0.889
      timing metrics: offset_f1=0.333 rhythm_precision=0.375 note_value_acc=0.000 note_value_n=8 avg_beat_error=1.734
      duplicate metrics: duplicates=0 per_100_notes=0.00
      boundary metrics: gt=3 matched=3 missed=0 miss_rate=0.000
      latency: avg_chunk_ms=31.17 p95_chunk_ms=40.66 avg_rtf=0.052
      notation metrics: first_correct_ms=202.3 visible_p50_ms=451.0 visible_p95_ms=601.0 stabilize_p50_ms=1631.6 stabilize_p95_ms=2260.3 avg_revisions=1.25 matched=8 refined=8 snapshots=15
      algorithmic latency: first_correct_ms=180.5 visible_p50_ms=429.0 visible_p95_ms=576.1 stabilize_p50_ms=1271.5 stabilize_p95_ms=1730.7
      final display note metrics: precision=0.800 recall=1.000 f1=0.889 matched=8/8 pred=10
      final display strict onset f1: 10ms=0.889 20ms=0.889 30ms=0.889
      final display timing: offset_f1=0.333 rhythm_precision=0.375 note_value_acc=0.250 note_value_n=8 avg_beat_error=1.406
      final display structure: cluster_f1=0.824 onset_align_recall=1.000 avg_jaccard=0.938 exact=7/8 pred=9 over=1 under=0 pitch_conflicts=0 missed_gt=0
      threshold profiles: hit_rate=0.000 thresholds=[0.7] profiles={'fixed_baseline': 10}
    treatment:
      note metrics: precision=0.800 recall=1.000 f1=0.889 matched=8/8 pred=10
      strict onset f1: 10ms=0.889 20ms=0.889 30ms=0.889
      timing metrics: offset_f1=0.333 rhythm_precision=0.375 note_value_acc=0.000 note_value_n=8 avg_beat_error=1.734
      duplicate metrics: duplicates=0 per_100_notes=0.00
      boundary metrics: gt=3 matched=3 missed=0 miss_rate=0.000
      latency: avg_chunk_ms=32.38 p95_chunk_ms=38.59 avg_rtf=0.054
      notation metrics: first_correct_ms=207.5 visible_p50_ms=455.1 visible_p95_ms=603.4 stabilize_p50_ms=1633.8 stabilize_p95_ms=2261.7 avg_revisions=1.25 matched=8 refined=8 snapshots=15
      algorithmic latency: first_correct_ms=180.5 visible_p50_ms=429.0 visible_p95_ms=576.1 stabilize_p50_ms=1271.5 stabilize_p95_ms=1730.7
      final display note metrics: precision=0.800 recall=1.000 f1=0.889 matched=8/8 pred=10
      final display strict onset f1: 10ms=0.889 20ms=0.889 30ms=0.889
      final display timing: offset_f1=0.333 rhythm_precision=0.375 note_value_acc=0.250 note_value_n=8 avg_beat_error=1.406
      final display structure: cluster_f1=0.824 onset_align_recall=1.000 avg_jaccard=0.938 exact=7/8 pred=9 over=1 under=0 pitch_conflicts=0 missed_gt=0
      threshold profiles: hit_rate=0.200 thresholds=[0.66, 0.7] profiles={'baseline_nominal': 8, 'soft_sparse_recall': 2}
    delta treatment-control: precision=+0.000 recall=+0.000 f1=+0.000 offset_f1=+0.000 note_value_acc=+0.000 dup_per_100=+0.00 boundary_miss_rate=+0.000 p95_chunk_ms=-2.07 f1_10ms=+0.000 f1_20ms=+0.000 f1_30ms=+0.000 visible_p50_ms=+4.1 stabilize_p50_ms=+2.2 algo_visible_p50_ms=+0.0 algo_stabilize_p50_ms=+0.0 avg_revisions=+0.00 display_note_f1=+0.000 display_offset_f1=+0.000 display_cluster_f1=+0.000 display_cluster_jaccard=+0.000
    failure buckets: ['runtime_only_win', 'high_revision_slow_stabilization', 'note_value_offset_failure']
[TIMING] EnhancedMel.transcribe: audio_to_gpu=0.4ms, features=0.7ms, model=16.2ms, decode=2.2ms | TOTAL=19.4ms for 600ms audio (RTF=0.03x)
[TIMING] stream_chunk[experiment-227a1b56968742d9a06ec6c7608f18fe](live_neural): decode=0.2ms, inference=22.9ms, second_pass=0.0ms, contention=0.0ms, TOTAL=23.2ms | audio=600ms, RTF=0.04x | model=enhanced_mel, neural_total=22.0ms, model_inference=16.2ms
[TIMING] EnhancedMel.transcribe: audio_to_gpu=0.2ms, features=1.6ms, model=14.3ms, decode=4.8ms | TOTAL=20.9ms for 1200ms audio (RTF=0.02x)
[TIMING] stream_chunk[experiment-227a1b56968742d9a06ec6c7608f18fe](live_neural): decode=0.3ms, inference=23.8ms, second_pass=0.0ms, contention=0.0ms, TOTAL=24.3ms | audio=600ms, RTF=0.04x | model=enhanced_mel, neural_total=23.3ms, model_inference=14.3ms
[TIMING] EnhancedMel.transcribe: audio_to_gpu=0.2ms, features=0.5ms, model=22.0ms, decode=7.3ms | TOTAL=30.0ms for 1800ms audio (RTF=0.02x)
[TIMING] stream_chunk[experiment-227a1b56968742d9a06ec6c7608f18fe](live_neural): decode=0.2ms, inference=33.3ms, second_pass=0.0ms, contention=0.0ms, TOTAL=33.8ms | audio=600ms, RTF=0.06x | model=enhanced_mel, neural_total=32.6ms, model_inference=22.0ms
[TIMING] EnhancedMel.transcribe: audio_to_gpu=0.3ms, features=2.0ms, model=21.1ms, decode=6.9ms | TOTAL=30.2ms for 2400ms audio (RTF=0.01x)
[TIMING] stream_chunk[experiment-227a1b56968742d9a06ec6c7608f18fe](live_neural): decode=0.2ms, inference=33.9ms, second_pass=0.0ms, contention=0.0ms, TOTAL=34.4ms | audio=600ms, RTF=0.06x | model=enhanced_mel, neural_total=33.6ms, model_inference=21.1ms
[TIMING] EnhancedMel.transcribe: audio_to_gpu=0.3ms, features=0.6ms, model=16.3ms, decode=9.7ms | TOTAL=27.0ms for 3000ms audio (RTF=0.01x)
[TIMING] stream_chunk[experiment-227a1b56968742d9a06ec6c7608f18fe](live_neural): decode=0.2ms, inference=31.0ms, second_pass=0.0ms, contention=0.0ms, TOTAL=31.6ms | audio=600ms, RTF=0.05x | model=enhanced_mel, neural_total=30.4ms, model_inference=16.3ms
[TIMING] EnhancedMel.transcribe: audio_to_gpu=0.3ms, features=0.6ms, model=19.7ms, decode=10.3ms | TOTAL=30.9ms for 3600ms audio (RTF=0.01x)
[TIMING] stream_chunk[experiment-227a1b56968742d9a06ec6c7608f18fe](live_neural): decode=0.3ms, inference=35.1ms, second_pass=0.0ms, contention=0.0ms, TOTAL=35.6ms | audio=600ms, RTF=0.06x | model=enhanced_mel, neural_total=34.5ms, model_inference=19.7ms
[TIMING] EnhancedMel.transcribe: audio_to_gpu=0.3ms, features=0.7ms, model=20.5ms, decode=14.6ms | TOTAL=36.1ms for 4200ms audio (RTF=0.01x)
[TIMING] stream_chunk[experiment-227a1b56968742d9a06ec6c7608f18fe](live_neural): decode=0.2ms, inference=41.6ms, second_pass=0.0ms, contention=0.0ms, TOTAL=42.2ms | audio=600ms, RTF=0.07x | model=enhanced_mel, neural_total=41.1ms, model_inference=20.5ms
[TIMING] EnhancedMel.transcribe: audio_to_gpu=0.4ms, features=0.7ms, model=18.8ms, decode=13.7ms | TOTAL=33.6ms for 4200ms audio (RTF=0.01x)
[TIMING] stream_chunk[experiment-227a1b56968742d9a06ec6c7608f18fe](live_neural): decode=0.2ms, inference=39.0ms, second_pass=0.0ms, contention=0.0ms, TOTAL=39.7ms | audio=600ms, RTF=0.07x | model=enhanced_mel, neural_total=38.2ms, model_inference=18.8ms
[TIMING] EnhancedMel.transcribe: audio_to_gpu=0.3ms, features=0.9ms, model=23.8ms, decode=14.4ms | TOTAL=39.4ms for 4200ms audio (RTF=0.01x)
[TIMING] stream_chunk[experiment-227a1b56968742d9a06ec6c7608f18fe](live_neural): decode=0.2ms, inference=43.7ms, second_pass=0.0ms, contention=0.0ms, TOTAL=44.7ms | audio=600ms, RTF=0.07x | model=enhanced_mel, neural_total=43.2ms, model_inference=23.8ms
[TIMING] EnhancedMel.transcribe: audio_to_gpu=0.3ms, features=0.9ms, model=22.1ms, decode=12.4ms | TOTAL=35.7ms for 4200ms audio (RTF=0.01x)
[TIMING] stream_chunk[experiment-227a1b56968742d9a06ec6c7608f18fe](live_neural): decode=0.2ms, inference=43.2ms, second_pass=0.0ms, contention=0.0ms, TOTAL=44.0ms | audio=600ms, RTF=0.07x | model=enhanced_mel, neural_total=42.4ms, model_inference=22.1ms
[TIMING] EnhancedMel.transcribe: audio_to_gpu=0.4ms, features=0.6ms, model=22.2ms, decode=3.6ms | TOTAL=26.8ms for 600ms audio (RTF=0.04x)
[TIMING] stream_chunk[experiment-dfb6ffe3f95847e586c8f801e46dc17a](live_neural): decode=0.2ms, inference=30.3ms, second_pass=0.0ms, contention=0.0ms, TOTAL=30.7ms | audio=600ms, RTF=0.05x | model=enhanced_mel, neural_total=29.7ms, model_inference=22.2ms
[TIMING] EnhancedMel.transcribe: audio_to_gpu=0.2ms, features=0.6ms, model=16.8ms, decode=6.8ms | TOTAL=24.4ms for 1200ms audio (RTF=0.02x)
[TIMING] stream_chunk[experiment-dfb6ffe3f95847e586c8f801e46dc17a](live_neural): decode=0.2ms, inference=28.7ms, second_pass=0.0ms, contention=0.0ms, TOTAL=29.1ms | audio=600ms, RTF=0.05x | model=enhanced_mel, neural_total=28.2ms, model_inference=16.8ms
[TIMING] EnhancedMel.transcribe: audio_to_gpu=0.2ms, features=0.6ms, model=15.7ms, decode=7.9ms | TOTAL=24.4ms for 1800ms audio (RTF=0.01x)
[TIMING] stream_chunk[experiment-dfb6ffe3f95847e586c8f801e46dc17a](live_neural): decode=0.2ms, inference=27.8ms, second_pass=0.0ms, contention=0.0ms, TOTAL=28.2ms | audio=600ms, RTF=0.05x | model=enhanced_mel, neural_total=27.3ms, model_inference=15.7ms
[TIMING] EnhancedMel.transcribe: audio_to_gpu=0.3ms, features=0.6ms, model=21.1ms, decode=10.7ms | TOTAL=32.7ms for 2400ms audio (RTF=0.01x)
[TIMING] stream_chunk[experiment-dfb6ffe3f95847e586c8f801e46dc17a](live_neural): decode=0.4ms, inference=36.4ms, second_pass=0.0ms, contention=0.0ms, TOTAL=37.0ms | audio=600ms, RTF=0.06x | model=enhanced_mel, neural_total=35.9ms, model_inference=21.1ms
[TIMING] EnhancedMel.transcribe: audio_to_gpu=0.4ms, features=0.8ms, model=18.6ms, decode=10.3ms | TOTAL=30.1ms for 3000ms audio (RTF=0.01x)
[TIMING] stream_chunk[experiment-dfb6ffe3f95847e586c8f801e46dc17a](live_neural): decode=0.2ms, inference=35.7ms, second_pass=0.0ms, contention=0.0ms, TOTAL=36.1ms | audio=600ms, RTF=0.06x | model=enhanced_mel, neural_total=35.2ms, model_inference=18.6ms
[TIMING] EnhancedMel.transcribe: audio_to_gpu=0.3ms, features=0.6ms, model=18.2ms, decode=11.7ms | TOTAL=30.9ms for 3600ms audio (RTF=0.01x)
[TIMING] stream_chunk[experiment-dfb6ffe3f95847e586c8f801e46dc17a](live_neural): decode=0.2ms, inference=36.7ms, second_pass=0.0ms, contention=0.0ms, TOTAL=37.2ms | audio=600ms, RTF=0.06x | model=enhanced_mel, neural_total=36.2ms, model_inference=18.2ms
[TIMING] EnhancedMel.transcribe: audio_to_gpu=0.3ms, features=0.8ms, model=19.1ms, decode=14.1ms | TOTAL=34.3ms for 4200ms audio (RTF=0.01x)
[TIMING] stream_chunk[experiment-dfb6ffe3f95847e586c8f801e46dc17a](live_neural): decode=0.2ms, inference=40.2ms, second_pass=0.0ms, contention=0.0ms, TOTAL=40.9ms | audio=600ms, RTF=0.07x | model=enhanced_mel, neural_total=39.7ms, model_inference=19.1ms
[TIMING] EnhancedMel.transcribe: audio_to_gpu=1.2ms, features=0.7ms, model=17.1ms, decode=12.4ms | TOTAL=31.5ms for 4200ms audio (RTF=0.01x)
[TIMING] stream_chunk[experiment-dfb6ffe3f95847e586c8f801e46dc17a](live_neural): decode=0.2ms, inference=36.9ms, second_pass=0.0ms, contention=0.0ms, TOTAL=37.5ms | audio=600ms, RTF=0.06x | model=enhanced_mel, neural_total=35.3ms, model_inference=17.1ms
[TIMING] EnhancedMel.transcribe: audio_to_gpu=0.3ms, features=0.6ms, model=20.7ms, decode=13.7ms | TOTAL=35.4ms for 4200ms audio (RTF=0.01x)
[TIMING] stream_chunk[experiment-dfb6ffe3f95847e586c8f801e46dc17a](live_neural): decode=0.2ms, inference=40.6ms, second_pass=0.0ms, contention=0.0ms, TOTAL=41.2ms | audio=600ms, RTF=0.07x | model=enhanced_mel, neural_total=40.0ms, model_inference=20.7ms
[TIMING] EnhancedMel.transcribe: audio_to_gpu=0.3ms, features=0.7ms, model=18.3ms, decode=15.7ms | TOTAL=34.9ms for 4200ms audio (RTF=0.01x)
[TIMING] stream_chunk[experiment-dfb6ffe3f95847e586c8f801e46dc17a](live_neural): decode=0.2ms, inference=39.1ms, second_pass=0.0ms, contention=0.0ms, TOTAL=39.8ms | audio=600ms, RTF=0.07x | model=enhanced_mel, neural_total=38.6ms, model_inference=18.3ms

[CLIP_006] Pour le piano (Complete)
  excerpt: start=57.00s end=63.00s duration=6.00s gt_notes=204 rms=0.0936 peak=0.4392 crest=4.692 rms_std=0.0147
    control:
      note metrics: precision=0.908 recall=0.868 f1=0.887 matched=177/204 pred=195
      strict onset f1: 10ms=0.627 20ms=0.862 30ms=0.887
      timing metrics: offset_f1=0.832 rhythm_precision=0.938 note_value_acc=0.593 note_value_n=177 avg_beat_error=0.084
      duplicate metrics: duplicates=7 per_100_notes=3.59
      boundary metrics: gt=63 matched=54 missed=9 miss_rate=0.143
      latency: avg_chunk_ms=35.34 p95_chunk_ms=44.35 avg_rtf=0.059
      notation metrics: first_correct_ms=7.4 visible_p50_ms=405.7 visible_p95_ms=628.6 stabilize_p50_ms=1029.0 stabilize_p95_ms=3719.2 avg_revisions=1.52 matched=27 refined=27 snapshots=19
      algorithmic latency: first_correct_ms=0.0 visible_p50_ms=367.7 visible_p95_ms=594.8 stabilize_p50_ms=604.2 stabilize_p95_ms=3466.2
      final display note metrics: precision=0.943 recall=0.814 f1=0.874 matched=166/204 pred=176
      final display strict onset f1: 10ms=0.605 20ms=0.842 30ms=0.868
      final display timing: offset_f1=0.821 rhythm_precision=0.940 note_value_acc=0.289 note_value_n=166 avg_beat_error=0.220
      final display structure: cluster_f1=0.244 onset_align_recall=0.841 avg_jaccard=0.743 exact=10/44 pred=38 over=7 under=15 pitch_conflicts=5 missed_gt=7
      threshold profiles: hit_rate=0.000 thresholds=[0.7] profiles={'fixed_baseline': 10}
    treatment:
      note metrics: precision=0.908 recall=0.868 f1=0.887 matched=177/204 pred=195
      strict onset f1: 10ms=0.627 20ms=0.862 30ms=0.887
      timing metrics: offset_f1=0.832 rhythm_precision=0.938 note_value_acc=0.593 note_value_n=177 avg_beat_error=0.084
      duplicate metrics: duplicates=7 per_100_notes=3.59
      boundary metrics: gt=63 matched=54 missed=9 miss_rate=0.143
      latency: avg_chunk_ms=35.75 p95_chunk_ms=41.05 avg_rtf=0.059
      notation metrics: first_correct_ms=5.2 visible_p50_ms=400.1 visible_p95_ms=624.1 stabilize_p50_ms=1033.4 stabilize_p95_ms=3716.1 avg_revisions=1.52 matched=27 refined=27 snapshots=19
      algorithmic latency: first_correct_ms=0.0 visible_p50_ms=367.7 visible_p95_ms=594.8 stabilize_p50_ms=604.2 stabilize_p95_ms=3466.2
      final display note metrics: precision=0.943 recall=0.814 f1=0.874 matched=166/204 pred=176
      final display strict onset f1: 10ms=0.605 20ms=0.842 30ms=0.868
      final display timing: offset_f1=0.821 rhythm_precision=0.940 note_value_acc=0.289 note_value_n=166 avg_beat_error=0.220
      final display structure: cluster_f1=0.244 onset_align_recall=0.841 avg_jaccard=0.743 exact=10/44 pred=38 over=7 under=15 pitch_conflicts=5 missed_gt=7
      threshold profiles: hit_rate=0.000 thresholds=[0.7] profiles={'baseline_nominal': 10}
    delta treatment-control: precision=+0.000 recall=+0.000 f1=+0.000 offset_f1=+0.000 note_value_acc=+0.000 dup_per_100=+0.00 boundary_miss_rate=+0.000 p95_chunk_ms=-3.30 f1_10ms=+0.000 f1_20ms=+0.000 f1_30ms=+0.000 visible_p50_ms=-5.6 stabilize_p50_ms=+4.4 algo_visible_p50_ms=+0.0 algo_stabilize_p50_ms=+0.0 avg_revisions=+0.00 display_note_f1=+0.000 display_offset_f1=+0.000 display_cluster_f1=+0.000 display_cluster_jaccard=+0.000
    failure buckets: ['runtime_only_win', 'boundary_miss_failure', 'high_revision_slow_stabilization']
      boundary diagnostics: missed=9 by_arm={'control': 9, 'treatment': 9} tags={'control_boundary_miss': 9, 'no_control_coarse_candidate': 9}
        miss: pitch=75 onset=0.662s boundary_delta_ms=+62.5 control_coarse=False treatment_coarse=False retro=n/a
        miss: pitch=56 onset=0.683s boundary_delta_ms=+83.3 control_coarse=False treatment_coarse=False retro=n/a
        miss: pitch=73 onset=0.689s boundary_delta_ms=+88.5 control_coarse=False treatment_coarse=False retro=n/a
        ... 6 more missed boundary notes in diagnostics JSON
[TIMING] EnhancedMel.transcribe: audio_to_gpu=0.3ms, features=0.6ms, model=10.9ms, decode=1.1ms | TOTAL=12.8ms for 600ms audio (RTF=0.02x)
[TIMING] stream_chunk[experiment-37fa999cfac44de0977bf5dd01a0a8f4](live_neural): decode=0.2ms, inference=14.6ms, second_pass=0.0ms, contention=0.0ms, TOTAL=14.8ms | audio=600ms, RTF=0.02x | model=enhanced_mel, neural_total=14.1ms, model_inference=10.9ms
[TIMING] EnhancedMel.transcribe: audio_to_gpu=0.1ms, features=0.5ms, model=20.7ms, decode=2.8ms | TOTAL=24.1ms for 1200ms audio (RTF=0.02x)
[TIMING] stream_chunk[experiment-37fa999cfac44de0977bf5dd01a0a8f4](live_neural): decode=0.1ms, inference=26.2ms, second_pass=0.0ms, contention=0.0ms, TOTAL=26.3ms | audio=600ms, RTF=0.04x | model=enhanced_mel, neural_total=25.6ms, model_inference=20.7ms
[TIMING] EnhancedMel.transcribe: audio_to_gpu=0.2ms, features=0.6ms, model=22.2ms, decode=5.6ms | TOTAL=28.7ms for 1800ms audio (RTF=0.02x)
[TIMING] stream_chunk[experiment-37fa999cfac44de0977bf5dd01a0a8f4](live_neural): decode=0.1ms, inference=31.7ms, second_pass=0.0ms, contention=0.0ms, TOTAL=31.9ms | audio=600ms, RTF=0.05x | model=enhanced_mel, neural_total=31.2ms, model_inference=22.2ms
[TIMING] EnhancedMel.transcribe: audio_to_gpu=0.2ms, features=0.6ms, model=18.5ms, decode=7.5ms | TOTAL=26.9ms for 2400ms audio (RTF=0.01x)
[TIMING] stream_chunk[experiment-37fa999cfac44de0977bf5dd01a0a8f4](live_neural): decode=0.2ms, inference=30.5ms, second_pass=0.0ms, contention=0.0ms, TOTAL=30.9ms | audio=600ms, RTF=0.05x | model=enhanced_mel, neural_total=30.0ms, model_inference=18.5ms
[TIMING] EnhancedMel.transcribe: audio_to_gpu=0.2ms, features=0.8ms, model=23.5ms, decode=6.5ms | TOTAL=31.1ms for 3000ms audio (RTF=0.01x)
[TIMING] stream_chunk[experiment-37fa999cfac44de0977bf5dd01a0a8f4](live_neural): decode=0.2ms, inference=35.7ms, second_pass=0.0ms, contention=0.0ms, TOTAL=36.0ms | audio=600ms, RTF=0.06x | model=enhanced_mel, neural_total=35.3ms, model_inference=23.5ms
[TIMING] EnhancedMel.transcribe: audio_to_gpu=0.2ms, features=1.0ms, model=17.6ms, decode=7.0ms | TOTAL=25.9ms for 3600ms audio (RTF=0.01x)
[TIMING] stream_chunk[experiment-37fa999cfac44de0977bf5dd01a0a8f4](live_neural): decode=0.1ms, inference=29.5ms, second_pass=0.0ms, contention=0.0ms, TOTAL=29.8ms | audio=600ms, RTF=0.05x | model=enhanced_mel, neural_total=29.1ms, model_inference=17.6ms
[TIMING] EnhancedMel.transcribe: audio_to_gpu=0.3ms, features=1.0ms, model=20.7ms, decode=9.5ms | TOTAL=31.5ms for 4200ms audio (RTF=0.01x)
[TIMING] stream_chunk[experiment-37fa999cfac44de0977bf5dd01a0a8f4](live_neural): decode=0.3ms, inference=36.1ms, second_pass=0.0ms, contention=0.0ms, TOTAL=36.6ms | audio=600ms, RTF=0.06x | model=enhanced_mel, neural_total=35.6ms, model_inference=20.7ms
[TIMING] EnhancedMel.transcribe: audio_to_gpu=0.3ms, features=0.8ms, model=21.7ms, decode=8.9ms | TOTAL=31.8ms for 4200ms audio (RTF=0.01x)
[TIMING] stream_chunk[experiment-37fa999cfac44de0977bf5dd01a0a8f4](live_neural): decode=0.2ms, inference=35.9ms, second_pass=0.0ms, contention=0.0ms, TOTAL=36.2ms | audio=600ms, RTF=0.06x | model=enhanced_mel, neural_total=35.4ms, model_inference=21.7ms
[TIMING] EnhancedMel.transcribe: audio_to_gpu=0.3ms, features=0.6ms, model=16.9ms, decode=13.2ms | TOTAL=30.9ms for 4200ms audio (RTF=0.01x)
[TIMING] stream_chunk[experiment-37fa999cfac44de0977bf5dd01a0a8f4](live_neural): decode=0.3ms, inference=35.5ms, second_pass=0.0ms, contention=0.0ms, TOTAL=36.0ms | audio=600ms, RTF=0.06x | model=enhanced_mel, neural_total=35.0ms, model_inference=16.9ms
[TIMING] EnhancedMel.transcribe: audio_to_gpu=0.3ms, features=1.0ms, model=23.8ms, decode=12.0ms | TOTAL=37.1ms for 4200ms audio (RTF=0.01x)
[TIMING] stream_chunk[experiment-37fa999cfac44de0977bf5dd01a0a8f4](live_neural): decode=0.3ms, inference=42.5ms, second_pass=0.0ms, contention=0.0ms, TOTAL=43.0ms | audio=600ms, RTF=0.07x | model=enhanced_mel, neural_total=42.1ms, model_inference=23.8ms
[TIMING] EnhancedMel.transcribe: audio_to_gpu=0.4ms, features=0.9ms, model=14.3ms, decode=1.4ms | TOTAL=17.1ms for 600ms audio (RTF=0.03x)
[TIMING] stream_chunk[experiment-da2312fc51b3436487768515b515ba5a](live_neural): decode=0.2ms, inference=19.7ms, second_pass=0.0ms, contention=0.0ms, TOTAL=19.9ms | audio=600ms, RTF=0.03x | model=enhanced_mel, neural_total=19.1ms, model_inference=14.3ms
[TIMING] EnhancedMel.transcribe: audio_to_gpu=0.2ms, features=0.8ms, model=16.4ms, decode=3.9ms | TOTAL=21.4ms for 1200ms audio (RTF=0.02x)
[TIMING] stream_chunk[experiment-da2312fc51b3436487768515b515ba5a](live_neural): decode=0.2ms, inference=23.2ms, second_pass=0.0ms, contention=0.0ms, TOTAL=23.5ms | audio=600ms, RTF=0.04x | model=enhanced_mel, neural_total=22.8ms, model_inference=16.4ms
[TIMING] EnhancedMel.transcribe: audio_to_gpu=0.2ms, features=0.5ms, model=15.7ms, decode=4.0ms | TOTAL=20.4ms for 1800ms audio (RTF=0.01x)
[TIMING] stream_chunk[experiment-da2312fc51b3436487768515b515ba5a](live_neural): decode=0.2ms, inference=23.0ms, second_pass=0.0ms, contention=0.0ms, TOTAL=23.2ms | audio=600ms, RTF=0.04x | model=enhanced_mel, neural_total=22.6ms, model_inference=15.7ms
[TIMING] EnhancedMel.transcribe: audio_to_gpu=0.2ms, features=0.6ms, model=15.5ms, decode=6.3ms | TOTAL=22.6ms for 2400ms audio (RTF=0.01x)
[TIMING] stream_chunk[experiment-da2312fc51b3436487768515b515ba5a](live_neural): decode=0.2ms, inference=26.0ms, second_pass=0.0ms, contention=0.0ms, TOTAL=26.4ms | audio=600ms, RTF=0.04x | model=enhanced_mel, neural_total=25.5ms, model_inference=15.5ms
[TIMING] EnhancedMel.transcribe: audio_to_gpu=0.2ms, features=0.6ms, model=17.0ms, decode=7.8ms | TOTAL=25.6ms for 3000ms audio (RTF=0.01x)
[TIMING] stream_chunk[experiment-da2312fc51b3436487768515b515ba5a](live_neural): decode=0.2ms, inference=29.0ms, second_pass=0.0ms, contention=0.0ms, TOTAL=29.2ms | audio=600ms, RTF=0.05x | model=enhanced_mel, neural_total=28.6ms, model_inference=17.0ms
[TIMING] EnhancedMel.transcribe: audio_to_gpu=0.3ms, features=0.8ms, model=18.5ms, decode=8.7ms | TOTAL=28.4ms for 3600ms audio (RTF=0.01x)
[TIMING] stream_chunk[experiment-da2312fc51b3436487768515b515ba5a](live_neural): decode=0.2ms, inference=33.6ms, second_pass=0.0ms, contention=0.0ms, TOTAL=33.9ms | audio=600ms, RTF=0.06x | model=enhanced_mel, neural_total=33.0ms, model_inference=18.5ms
[TIMING] EnhancedMel.transcribe: audio_to_gpu=0.3ms, features=0.6ms, model=19.0ms, decode=9.8ms | TOTAL=29.6ms for 4200ms audio (RTF=0.01x)
[TIMING] stream_chunk[experiment-da2312fc51b3436487768515b515ba5a](live_neural): decode=0.2ms, inference=33.2ms, second_pass=0.0ms, contention=0.0ms, TOTAL=33.5ms | audio=600ms, RTF=0.06x | model=enhanced_mel, neural_total=32.8ms, model_inference=19.0ms
[TIMING] EnhancedMel.transcribe: audio_to_gpu=0.2ms, features=0.6ms, model=17.7ms, decode=10.4ms | TOTAL=28.9ms for 4200ms audio (RTF=0.01x)
[TIMING] stream_chunk[experiment-da2312fc51b3436487768515b515ba5a](live_neural): decode=0.2ms, inference=31.9ms, second_pass=0.0ms, contention=0.0ms, TOTAL=32.2ms | audio=600ms, RTF=0.05x | model=enhanced_mel, neural_total=31.5ms, model_inference=17.7ms
[TIMING] EnhancedMel.transcribe: audio_to_gpu=0.2ms, features=0.6ms, model=18.6ms, decode=9.5ms | TOTAL=28.9ms for 4200ms audio (RTF=0.01x)
[TIMING] stream_chunk[experiment-da2312fc51b3436487768515b515ba5a](live_neural): decode=0.2ms, inference=32.7ms, second_pass=0.0ms, contention=0.0ms, TOTAL=33.0ms | audio=600ms, RTF=0.06x | model=enhanced_mel, neural_total=32.3ms, model_inference=18.6ms
[TIMING] EnhancedMel.transcribe: audio_to_gpu=0.3ms, features=0.8ms, model=15.8ms, decode=7.9ms | TOTAL=24.8ms for 4200ms audio (RTF=0.01x)
[TIMING] stream_chunk[experiment-da2312fc51b3436487768515b515ba5a](live_neural): decode=0.2ms, inference=30.2ms, second_pass=0.0ms, contention=0.0ms, TOTAL=30.6ms | audio=600ms, RTF=0.05x | model=enhanced_mel, neural_total=29.9ms, model_inference=15.8ms

[CLIP_007] Etude "Pour les accords"
  excerpt: start=66.00s end=72.00s duration=6.00s gt_notes=10 rms=0.0115 peak=0.0641 crest=5.566 rms_std=0.0051
    control:
      note metrics: precision=0.692 recall=0.900 f1=0.783 matched=9/10 pred=13
      strict onset f1: 10ms=0.696 20ms=0.783 30ms=0.783
      timing metrics: offset_f1=0.348 rhythm_precision=0.444 note_value_acc=0.000 note_value_n=9 avg_beat_error=0.799
      duplicate metrics: duplicates=3 per_100_notes=23.08
      boundary metrics: gt=4 matched=4 missed=0 miss_rate=0.000
      latency: avg_chunk_ms=32.16 p95_chunk_ms=40.10 avg_rtf=0.054
      notation metrics: first_correct_ms=68.8 visible_p50_ms=394.4 visible_p95_ms=687.5 stabilize_p50_ms=697.9 stabilize_p95_ms=717.8 avg_revisions=1.00 matched=2 refined=2 snapshots=11
      algorithmic latency: first_correct_ms=32.8 visible_p50_ms=354.9 visible_p95_ms=644.9 stabilize_p50_ms=654.9 stabilize_p95_ms=674.9
      final display note metrics: precision=0.900 recall=0.900 f1=0.900 matched=9/10 pred=10
      final display strict onset f1: 10ms=0.700 20ms=0.800 30ms=0.900
      final display timing: offset_f1=0.400 rhythm_precision=0.444 note_value_acc=0.333 note_value_n=9 avg_beat_error=0.579
      final display structure: cluster_f1=0.250 onset_align_recall=1.000 avg_jaccard=0.806 exact=1/3 pred=5 over=0 under=2 pitch_conflicts=0 missed_gt=0
      threshold profiles: hit_rate=0.000 thresholds=[0.7] profiles={'fixed_baseline': 10}
    treatment:
      note metrics: precision=0.643 recall=0.900 f1=0.750 matched=9/10 pred=14
      strict onset f1: 10ms=0.667 20ms=0.750 30ms=0.750
      timing metrics: offset_f1=0.333 rhythm_precision=0.444 note_value_acc=0.000 note_value_n=9 avg_beat_error=0.799
      duplicate metrics: duplicates=4 per_100_notes=28.57
      boundary metrics: gt=4 matched=4 missed=0 miss_rate=0.000
      latency: avg_chunk_ms=28.55 p95_chunk_ms=33.71 avg_rtf=0.048
      notation metrics: first_correct_ms=707.6 visible_p50_ms=707.6 visible_p95_ms=707.6 stabilize_p50_ms=707.6 stabilize_p95_ms=707.6 avg_revisions=1.00 matched=1 refined=1 snapshots=11
      algorithmic latency: first_correct_ms=677.1 visible_p50_ms=677.1 visible_p95_ms=677.1 stabilize_p50_ms=677.1 stabilize_p95_ms=677.1
      final display note metrics: precision=0.900 recall=0.900 f1=0.900 matched=9/10 pred=10
      final display strict onset f1: 10ms=0.700 20ms=0.800 30ms=0.900
      final display timing: offset_f1=0.400 rhythm_precision=0.444 note_value_acc=0.333 note_value_n=9 avg_beat_error=0.477
      final display structure: cluster_f1=0.571 onset_align_recall=1.000 avg_jaccard=0.889 exact=2/3 pred=4 over=0 under=1 pitch_conflicts=0 missed_gt=0
      threshold profiles: hit_rate=1.000 thresholds=[0.66] profiles={'soft_sparse_recall': 10}
    delta treatment-control: precision=-0.049 recall=+0.000 f1=-0.033 offset_f1=-0.014 note_value_acc=+0.000 dup_per_100=+5.49 boundary_miss_rate=+0.000 p95_chunk_ms=-6.39 f1_10ms=-0.029 f1_20ms=-0.033 f1_30ms=-0.033 visible_p50_ms=+313.2 stabilize_p50_ms=+9.7 algo_visible_p50_ms=+322.1 algo_stabilize_p50_ms=+22.1 avg_revisions=+0.00 display_note_f1=+0.000 display_offset_f1=+0.000 display_cluster_f1=+0.321 display_cluster_jaccard=+0.083
    failure buckets: ['note_value_offset_failure']
[TIMING] EnhancedMel.transcribe: audio_to_gpu=0.2ms, features=0.6ms, model=14.0ms, decode=2.0ms | TOTAL=16.8ms for 600ms audio (RTF=0.03x)
[TIMING] stream_chunk[experiment-4fb09576a12a4266b70844aa0e24e5bd](live_neural): decode=0.3ms, inference=19.4ms, second_pass=0.0ms, contention=0.0ms, TOTAL=19.8ms | audio=600ms, RTF=0.03x | model=enhanced_mel, neural_total=18.8ms, model_inference=14.0ms
[TIMING] EnhancedMel.transcribe: audio_to_gpu=0.1ms, features=0.4ms, model=14.3ms, decode=3.8ms | TOTAL=18.6ms for 1200ms audio (RTF=0.02x)
[TIMING] stream_chunk[experiment-4fb09576a12a4266b70844aa0e24e5bd](live_neural): decode=0.2ms, inference=22.2ms, second_pass=0.0ms, contention=0.0ms, TOTAL=22.7ms | audio=600ms, RTF=0.04x | model=enhanced_mel, neural_total=20.8ms, model_inference=14.3ms
[TIMING] EnhancedMel.transcribe: audio_to_gpu=0.3ms, features=0.7ms, model=18.3ms, decode=7.1ms | TOTAL=26.4ms for 1800ms audio (RTF=0.01x)
[TIMING] stream_chunk[experiment-4fb09576a12a4266b70844aa0e24e5bd](live_neural): decode=0.2ms, inference=31.1ms, second_pass=0.0ms, contention=0.0ms, TOTAL=31.5ms | audio=600ms, RTF=0.05x | model=enhanced_mel, neural_total=30.6ms, model_inference=18.3ms
[TIMING] EnhancedMel.transcribe: audio_to_gpu=0.3ms, features=0.8ms, model=22.9ms, decode=9.8ms | TOTAL=33.8ms for 2400ms audio (RTF=0.01x)
[TIMING] stream_chunk[experiment-4fb09576a12a4266b70844aa0e24e5bd](live_neural): decode=0.2ms, inference=39.0ms, second_pass=0.0ms, contention=0.0ms, TOTAL=39.4ms | audio=600ms, RTF=0.07x | model=enhanced_mel, neural_total=38.5ms, model_inference=22.9ms
[TIMING] EnhancedMel.transcribe: audio_to_gpu=0.3ms, features=0.6ms, model=15.5ms, decode=10.7ms | TOTAL=27.0ms for 3000ms audio (RTF=0.01x)
[TIMING] stream_chunk[experiment-4fb09576a12a4266b70844aa0e24e5bd](live_neural): decode=0.2ms, inference=31.5ms, second_pass=0.0ms, contention=0.0ms, TOTAL=32.0ms | audio=600ms, RTF=0.05x | model=enhanced_mel, neural_total=31.0ms, model_inference=15.5ms
[TIMING] EnhancedMel.transcribe: audio_to_gpu=0.3ms, features=0.6ms, model=22.1ms, decode=10.7ms | TOTAL=33.7ms for 3600ms audio (RTF=0.01x)
[TIMING] stream_chunk[experiment-4fb09576a12a4266b70844aa0e24e5bd](live_neural): decode=0.2ms, inference=38.2ms, second_pass=0.0ms, contention=0.0ms, TOTAL=38.7ms | audio=600ms, RTF=0.06x | model=enhanced_mel, neural_total=37.7ms, model_inference=22.1ms
[TIMING] EnhancedMel.transcribe: audio_to_gpu=0.5ms, features=0.7ms, model=16.2ms, decode=18.1ms | TOTAL=35.5ms for 4200ms audio (RTF=0.01x)
[TIMING] stream_chunk[experiment-4fb09576a12a4266b70844aa0e24e5bd](live_neural): decode=0.2ms, inference=40.5ms, second_pass=0.0ms, contention=0.0ms, TOTAL=41.1ms | audio=600ms, RTF=0.07x | model=enhanced_mel, neural_total=39.9ms, model_inference=16.2ms
[TIMING] EnhancedMel.transcribe: audio_to_gpu=0.3ms, features=2.0ms, model=21.7ms, decode=13.5ms | TOTAL=37.5ms for 4200ms audio (RTF=0.01x)
[TIMING] stream_chunk[experiment-4fb09576a12a4266b70844aa0e24e5bd](live_neural): decode=0.3ms, inference=42.9ms, second_pass=0.0ms, contention=0.0ms, TOTAL=43.5ms | audio=600ms, RTF=0.07x | model=enhanced_mel, neural_total=42.4ms, model_inference=21.7ms
[TIMING] EnhancedMel.transcribe: audio_to_gpu=0.4ms, features=0.6ms, model=19.6ms, decode=13.6ms | TOTAL=34.3ms for 4200ms audio (RTF=0.01x)
[TIMING] stream_chunk[experiment-4fb09576a12a4266b70844aa0e24e5bd](live_neural): decode=0.2ms, inference=39.3ms, second_pass=0.0ms, contention=0.0ms, TOTAL=39.9ms | audio=600ms, RTF=0.07x | model=enhanced_mel, neural_total=38.8ms, model_inference=19.6ms
[TIMING] EnhancedMel.transcribe: audio_to_gpu=0.4ms, features=0.9ms, model=21.1ms, decode=13.2ms | TOTAL=35.5ms for 4200ms audio (RTF=0.01x)
[TIMING] stream_chunk[experiment-4fb09576a12a4266b70844aa0e24e5bd](live_neural): decode=0.2ms, inference=40.3ms, second_pass=0.0ms, contention=0.0ms, TOTAL=40.8ms | audio=600ms, RTF=0.07x | model=enhanced_mel, neural_total=39.9ms, model_inference=21.1ms
[TIMING] EnhancedMel.transcribe: audio_to_gpu=0.3ms, features=2.6ms, model=17.4ms, decode=2.0ms | TOTAL=22.3ms for 600ms audio (RTF=0.04x)
[TIMING] stream_chunk[experiment-73c3ded0a1be4e2f83717c83cdab3f8c](live_neural): decode=0.2ms, inference=26.2ms, second_pass=0.0ms, contention=0.0ms, TOTAL=26.6ms | audio=600ms, RTF=0.04x | model=enhanced_mel, neural_total=25.7ms, model_inference=17.4ms
[TIMING] EnhancedMel.transcribe: audio_to_gpu=0.2ms, features=0.5ms, model=15.7ms, decode=3.8ms | TOTAL=20.2ms for 1200ms audio (RTF=0.02x)
[TIMING] stream_chunk[experiment-73c3ded0a1be4e2f83717c83cdab3f8c](live_neural): decode=0.2ms, inference=24.0ms, second_pass=0.0ms, contention=0.0ms, TOTAL=24.4ms | audio=600ms, RTF=0.04x | model=enhanced_mel, neural_total=22.5ms, model_inference=15.7ms
[TIMING] EnhancedMel.transcribe: audio_to_gpu=0.2ms, features=0.5ms, model=15.1ms, decode=6.1ms | TOTAL=21.9ms for 1800ms audio (RTF=0.01x)
[TIMING] stream_chunk[experiment-73c3ded0a1be4e2f83717c83cdab3f8c](live_neural): decode=0.2ms, inference=24.5ms, second_pass=0.0ms, contention=0.0ms, TOTAL=24.8ms | audio=600ms, RTF=0.04x | model=enhanced_mel, neural_total=24.1ms, model_inference=15.1ms
[TIMING] EnhancedMel.transcribe: audio_to_gpu=0.2ms, features=0.5ms, model=17.9ms, decode=6.9ms | TOTAL=25.6ms for 2400ms audio (RTF=0.01x)
[TIMING] stream_chunk[experiment-73c3ded0a1be4e2f83717c83cdab3f8c](live_neural): decode=0.2ms, inference=28.4ms, second_pass=0.0ms, contention=0.0ms, TOTAL=28.9ms | audio=600ms, RTF=0.05x | model=enhanced_mel, neural_total=28.0ms, model_inference=17.9ms
[TIMING] EnhancedMel.transcribe: audio_to_gpu=0.3ms, features=0.6ms, model=16.4ms, decode=10.9ms | TOTAL=28.2ms for 3000ms audio (RTF=0.01x)
[TIMING] stream_chunk[experiment-73c3ded0a1be4e2f83717c83cdab3f8c](live_neural): decode=0.2ms, inference=32.4ms, second_pass=0.0ms, contention=0.0ms, TOTAL=32.9ms | audio=600ms, RTF=0.05x | model=enhanced_mel, neural_total=31.8ms, model_inference=16.4ms
[TIMING] EnhancedMel.transcribe: audio_to_gpu=0.3ms, features=0.6ms, model=17.6ms, decode=11.0ms | TOTAL=29.6ms for 3600ms audio (RTF=0.01x)
[TIMING] stream_chunk[experiment-73c3ded0a1be4e2f83717c83cdab3f8c](live_neural): decode=0.2ms, inference=34.0ms, second_pass=0.0ms, contention=0.0ms, TOTAL=34.5ms | audio=600ms, RTF=0.06x | model=enhanced_mel, neural_total=33.4ms, model_inference=17.6ms
[TIMING] EnhancedMel.transcribe: audio_to_gpu=0.3ms, features=0.6ms, model=16.7ms, decode=12.8ms | TOTAL=30.5ms for 4200ms audio (RTF=0.01x)
[TIMING] stream_chunk[experiment-73c3ded0a1be4e2f83717c83cdab3f8c](live_neural): decode=0.2ms, inference=35.1ms, second_pass=0.0ms, contention=0.0ms, TOTAL=35.8ms | audio=600ms, RTF=0.06x | model=enhanced_mel, neural_total=34.6ms, model_inference=16.7ms
[TIMING] EnhancedMel.transcribe: audio_to_gpu=0.4ms, features=0.8ms, model=26.0ms, decode=18.5ms | TOTAL=45.7ms for 4200ms audio (RTF=0.01x)
[TIMING] stream_chunk[experiment-73c3ded0a1be4e2f83717c83cdab3f8c](live_neural): decode=0.2ms, inference=52.1ms, second_pass=0.0ms, contention=0.0ms, TOTAL=52.8ms | audio=600ms, RTF=0.09x | model=enhanced_mel, neural_total=51.5ms, model_inference=26.0ms
[TIMING] EnhancedMel.transcribe: audio_to_gpu=0.3ms, features=0.6ms, model=17.6ms, decode=12.9ms | TOTAL=31.4ms for 4200ms audio (RTF=0.01x)
[TIMING] stream_chunk[experiment-73c3ded0a1be4e2f83717c83cdab3f8c](live_neural): decode=0.2ms, inference=36.7ms, second_pass=0.0ms, contention=0.0ms, TOTAL=37.3ms | audio=600ms, RTF=0.06x | model=enhanced_mel, neural_total=36.2ms, model_inference=17.6ms
[TIMING] EnhancedMel.transcribe: audio_to_gpu=0.3ms, features=0.6ms, model=17.1ms, decode=13.5ms | TOTAL=31.6ms for 4200ms audio (RTF=0.01x)
[TIMING] stream_chunk[experiment-73c3ded0a1be4e2f83717c83cdab3f8c](live_neural): decode=0.2ms, inference=35.2ms, second_pass=0.0ms, contention=0.0ms, TOTAL=35.8ms | audio=600ms, RTF=0.06x | model=enhanced_mel, neural_total=34.7ms, model_inference=17.1ms

[CLIP_008] Concert Etude No. 2, "Gnomenreigen", S. 145/2
  excerpt: start=57.00s end=63.00s duration=6.00s gt_notes=168 rms=0.1152 peak=0.5883 crest=5.105 rms_std=0.0373
    control:
      note metrics: precision=0.910 recall=0.905 f1=0.907 matched=152/168 pred=167
      strict onset f1: 10ms=0.716 20ms=0.896 30ms=0.907
      timing metrics: offset_f1=0.907 rhythm_precision=1.000 note_value_acc=0.816 note_value_n=152 avg_beat_error=0.020
      duplicate metrics: duplicates=9 per_100_notes=5.39
      boundary metrics: gt=57 matched=53 missed=4 miss_rate=0.070
      latency: avg_chunk_ms=34.96 p95_chunk_ms=42.45 avg_rtf=0.058
      notation metrics: first_correct_ms=54.7 visible_p50_ms=399.8 visible_p95_ms=639.2 stabilize_p50_ms=851.1 stabilize_p95_ms=2003.9 avg_revisions=0.83 matched=59 refined=59 snapshots=21
      algorithmic latency: first_correct_ms=21.4 visible_p50_ms=364.8 visible_p95_ms=596.4 stabilize_p50_ms=561.7 stabilize_p95_ms=1554.4
      final display note metrics: precision=0.962 recall=0.905 f1=0.933 matched=152/168 pred=158
      final display strict onset f1: 10ms=0.718 20ms=0.914 30ms=0.933
      final display timing: offset_f1=0.933 rhythm_precision=1.000 note_value_acc=0.336 note_value_n=152 avg_beat_error=0.093
      final display structure: cluster_f1=0.679 onset_align_recall=0.949 avg_jaccard=0.878 exact=53/79 pred=77 over=5 under=11 pitch_conflicts=6 missed_gt=4
      threshold profiles: hit_rate=0.000 thresholds=[0.7] profiles={'fixed_baseline': 10}
    treatment:
      note metrics: precision=0.910 recall=0.905 f1=0.907 matched=152/168 pred=167
      strict onset f1: 10ms=0.716 20ms=0.896 30ms=0.907
      timing metrics: offset_f1=0.907 rhythm_precision=1.000 note_value_acc=0.816 note_value_n=152 avg_beat_error=0.020
      duplicate metrics: duplicates=9 per_100_notes=5.39
      boundary metrics: gt=57 matched=53 missed=4 miss_rate=0.070
      latency: avg_chunk_ms=33.38 p95_chunk_ms=45.83 avg_rtf=0.056
      notation metrics: first_correct_ms=61.5 visible_p50_ms=402.1 visible_p95_ms=636.3 stabilize_p50_ms=852.4 stabilize_p95_ms=2003.5 avg_revisions=0.83 matched=59 refined=59 snapshots=21
      algorithmic latency: first_correct_ms=21.4 visible_p50_ms=364.8 visible_p95_ms=596.4 stabilize_p50_ms=561.7 stabilize_p95_ms=1554.4
      final display note metrics: precision=0.962 recall=0.905 f1=0.933 matched=152/168 pred=158
      final display strict onset f1: 10ms=0.718 20ms=0.914 30ms=0.933
      final display timing: offset_f1=0.933 rhythm_precision=1.000 note_value_acc=0.336 note_value_n=152 avg_beat_error=0.093
      final display structure: cluster_f1=0.679 onset_align_recall=0.949 avg_jaccard=0.878 exact=53/79 pred=77 over=5 under=11 pitch_conflicts=6 missed_gt=4
      threshold profiles: hit_rate=0.700 thresholds=[0.7, 0.72] profiles={'baseline_nominal': 3, 'loud_dense_precision': 7}
    delta treatment-control: precision=+0.000 recall=+0.000 f1=+0.000 offset_f1=+0.000 note_value_acc=+0.000 dup_per_100=+0.00 boundary_miss_rate=+0.000 p95_chunk_ms=+3.38 f1_10ms=+0.000 f1_20ms=+0.000 f1_30ms=+0.000 visible_p50_ms=+2.4 stabilize_p50_ms=+1.3 algo_visible_p50_ms=+0.0 algo_stabilize_p50_ms=+0.0 avg_revisions=+0.00 display_note_f1=+0.000 display_offset_f1=+0.000 display_cluster_f1=+0.000 display_cluster_jaccard=+0.000
    failure buckets: ['boundary_miss_failure', 'high_revision_slow_stabilization']
      boundary diagnostics: missed=4 by_arm={'control': 4, 'treatment': 4} tags={'control_boundary_miss': 4, 'no_control_coarse_candidate': 4}
        miss: pitch=76 onset=1.727s boundary_delta_ms=-73.4 control_coarse=False treatment_coarse=False retro=n/a
        miss: pitch=76 onset=1.835s boundary_delta_ms=+34.6 control_coarse=False treatment_coarse=False retro=n/a
        miss: pitch=78 onset=4.191s boundary_delta_ms=-8.6 control_coarse=False treatment_coarse=False retro=n/a
        ... 1 more missed boundary notes in diagnostics JSON
[TIMING] EnhancedMel.transcribe: audio_to_gpu=0.2ms, features=0.6ms, model=15.3ms, decode=1.6ms | TOTAL=17.8ms for 600ms audio (RTF=0.03x)
[TIMING] stream_chunk[experiment-bbf3e040556d485291d9c2cc5cb4e2ec](live_neural): decode=0.2ms, inference=20.2ms, second_pass=0.0ms, contention=0.0ms, TOTAL=20.4ms | audio=600ms, RTF=0.03x | model=enhanced_mel, neural_total=19.7ms, model_inference=15.3ms
[TIMING] EnhancedMel.transcribe: audio_to_gpu=0.1ms, features=0.4ms, model=14.8ms, decode=3.0ms | TOTAL=18.2ms for 1200ms audio (RTF=0.02x)
[TIMING] stream_chunk[experiment-bbf3e040556d485291d9c2cc5cb4e2ec](live_neural): decode=0.1ms, inference=20.8ms, second_pass=0.0ms, contention=0.0ms, TOTAL=21.0ms | audio=600ms, RTF=0.03x | model=enhanced_mel, neural_total=20.4ms, model_inference=14.8ms
[TIMING] EnhancedMel.transcribe: audio_to_gpu=0.3ms, features=0.8ms, model=13.7ms, decode=6.2ms | TOTAL=21.0ms for 1800ms audio (RTF=0.01x)
[TIMING] stream_chunk[experiment-bbf3e040556d485291d9c2cc5cb4e2ec](live_neural): decode=0.1ms, inference=25.6ms, second_pass=0.0ms, contention=0.0ms, TOTAL=25.8ms | audio=600ms, RTF=0.04x | model=enhanced_mel, neural_total=25.1ms, model_inference=13.7ms
[TIMING] EnhancedMel.transcribe: audio_to_gpu=0.8ms, features=0.9ms, model=16.2ms, decode=9.4ms | TOTAL=27.3ms for 2400ms audio (RTF=0.01x)
[TIMING] stream_chunk[experiment-bbf3e040556d485291d9c2cc5cb4e2ec](live_neural): decode=0.2ms, inference=32.3ms, second_pass=0.0ms, contention=0.0ms, TOTAL=32.6ms | audio=600ms, RTF=0.05x | model=enhanced_mel, neural_total=31.7ms, model_inference=16.2ms
[TIMING] EnhancedMel.transcribe: audio_to_gpu=0.4ms, features=0.6ms, model=17.5ms, decode=12.1ms | TOTAL=30.5ms for 3000ms audio (RTF=0.01x)
[TIMING] stream_chunk[experiment-bbf3e040556d485291d9c2cc5cb4e2ec](live_neural): decode=0.2ms, inference=35.5ms, second_pass=0.0ms, contention=0.0ms, TOTAL=35.7ms | audio=600ms, RTF=0.06x | model=enhanced_mel, neural_total=34.8ms, model_inference=17.5ms
[TIMING] EnhancedMel.transcribe: audio_to_gpu=0.4ms, features=0.7ms, model=19.2ms, decode=12.1ms | TOTAL=32.5ms for 3600ms audio (RTF=0.01x)
[TIMING] stream_chunk[experiment-bbf3e040556d485291d9c2cc5cb4e2ec](live_neural): decode=0.4ms, inference=35.0ms, second_pass=0.0ms, contention=0.0ms, TOTAL=35.5ms | audio=600ms, RTF=0.06x | model=enhanced_mel, neural_total=34.5ms, model_inference=19.2ms
[TIMING] EnhancedMel.transcribe: audio_to_gpu=1.8ms, features=1.0ms, model=17.2ms, decode=9.6ms | TOTAL=29.6ms for 4200ms audio (RTF=0.01x)
[TIMING] stream_chunk[experiment-bbf3e040556d485291d9c2cc5cb4e2ec](live_neural): decode=0.2ms, inference=35.6ms, second_pass=0.0ms, contention=0.0ms, TOTAL=35.9ms | audio=600ms, RTF=0.06x | model=enhanced_mel, neural_total=35.2ms, model_inference=17.2ms
[TIMING] EnhancedMel.transcribe: audio_to_gpu=0.3ms, features=0.6ms, model=19.5ms, decode=11.4ms | TOTAL=31.8ms for 4200ms audio (RTF=0.01x)
[TIMING] stream_chunk[experiment-bbf3e040556d485291d9c2cc5cb4e2ec](live_neural): decode=0.2ms, inference=36.6ms, second_pass=0.0ms, contention=0.0ms, TOTAL=37.0ms | audio=600ms, RTF=0.06x | model=enhanced_mel, neural_total=36.1ms, model_inference=19.5ms
[TIMING] EnhancedMel.transcribe: audio_to_gpu=0.3ms, features=0.5ms, model=20.1ms, decode=9.8ms | TOTAL=30.8ms for 4200ms audio (RTF=0.01x)
[TIMING] stream_chunk[experiment-bbf3e040556d485291d9c2cc5cb4e2ec](live_neural): decode=0.2ms, inference=33.3ms, second_pass=0.0ms, contention=0.0ms, TOTAL=33.6ms | audio=600ms, RTF=0.06x | model=enhanced_mel, neural_total=32.9ms, model_inference=20.1ms
[TIMING] EnhancedMel.transcribe: audio_to_gpu=0.4ms, features=0.6ms, model=16.7ms, decode=15.5ms | TOTAL=33.2ms for 4200ms audio (RTF=0.01x)
[TIMING] stream_chunk[experiment-bbf3e040556d485291d9c2cc5cb4e2ec](live_neural): decode=0.2ms, inference=38.5ms, second_pass=0.0ms, contention=0.0ms, TOTAL=38.8ms | audio=600ms, RTF=0.06x | model=enhanced_mel, neural_total=38.0ms, model_inference=16.7ms
[TIMING] EnhancedMel.transcribe: audio_to_gpu=0.2ms, features=0.7ms, model=15.4ms, decode=1.6ms | TOTAL=17.9ms for 600ms audio (RTF=0.03x)
[TIMING] stream_chunk[experiment-90333bc057f4460ca80419b3f0868d16](live_neural): decode=0.2ms, inference=20.6ms, second_pass=0.0ms, contention=0.0ms, TOTAL=20.8ms | audio=600ms, RTF=0.03x | model=enhanced_mel, neural_total=20.1ms, model_inference=15.4ms
[TIMING] EnhancedMel.transcribe: audio_to_gpu=0.2ms, features=0.6ms, model=18.6ms, decode=4.4ms | TOTAL=23.8ms for 1200ms audio (RTF=0.02x)
[TIMING] stream_chunk[experiment-90333bc057f4460ca80419b3f0868d16](live_neural): decode=0.2ms, inference=26.6ms, second_pass=0.0ms, contention=0.0ms, TOTAL=26.8ms | audio=600ms, RTF=0.04x | model=enhanced_mel, neural_total=26.1ms, model_inference=18.6ms
[TIMING] EnhancedMel.transcribe: audio_to_gpu=0.2ms, features=0.5ms, model=21.1ms, decode=3.0ms | TOTAL=24.9ms for 1800ms audio (RTF=0.01x)
[TIMING] stream_chunk[experiment-90333bc057f4460ca80419b3f0868d16](live_neural): decode=0.2ms, inference=27.7ms, second_pass=0.0ms, contention=0.0ms, TOTAL=28.0ms | audio=600ms, RTF=0.05x | model=enhanced_mel, neural_total=27.2ms, model_inference=21.1ms
[TIMING] EnhancedMel.transcribe: audio_to_gpu=0.3ms, features=0.7ms, model=17.2ms, decode=7.3ms | TOTAL=25.5ms for 2400ms audio (RTF=0.01x)
[TIMING] stream_chunk[experiment-90333bc057f4460ca80419b3f0868d16](live_neural): decode=0.1ms, inference=27.7ms, second_pass=0.0ms, contention=0.0ms, TOTAL=28.0ms | audio=600ms, RTF=0.05x | model=enhanced_mel, neural_total=27.3ms, model_inference=17.2ms
[TIMING] EnhancedMel.transcribe: audio_to_gpu=0.3ms, features=0.5ms, model=16.9ms, decode=9.2ms | TOTAL=26.9ms for 3000ms audio (RTF=0.01x)
[TIMING] stream_chunk[experiment-90333bc057f4460ca80419b3f0868d16](live_neural): decode=0.3ms, inference=31.1ms, second_pass=0.0ms, contention=0.0ms, TOTAL=31.5ms | audio=600ms, RTF=0.05x | model=enhanced_mel, neural_total=30.7ms, model_inference=16.9ms
[TIMING] EnhancedMel.transcribe: audio_to_gpu=0.2ms, features=0.5ms, model=22.0ms, decode=10.2ms | TOTAL=33.0ms for 3600ms audio (RTF=0.01x)
[TIMING] stream_chunk[experiment-90333bc057f4460ca80419b3f0868d16](live_neural): decode=0.2ms, inference=36.6ms, second_pass=0.0ms, contention=0.0ms, TOTAL=36.9ms | audio=600ms, RTF=0.06x | model=enhanced_mel, neural_total=36.1ms, model_inference=22.0ms
[TIMING] EnhancedMel.transcribe: audio_to_gpu=0.3ms, features=0.8ms, model=20.4ms, decode=10.8ms | TOTAL=32.3ms for 4200ms audio (RTF=0.01x)
[TIMING] stream_chunk[experiment-90333bc057f4460ca80419b3f0868d16](live_neural): decode=0.2ms, inference=37.8ms, second_pass=0.0ms, contention=0.0ms, TOTAL=38.1ms | audio=600ms, RTF=0.06x | model=enhanced_mel, neural_total=37.4ms, model_inference=20.4ms
[TIMING] EnhancedMel.transcribe: audio_to_gpu=0.4ms, features=0.7ms, model=21.3ms, decode=10.3ms | TOTAL=32.7ms for 4200ms audio (RTF=0.01x)
[TIMING] stream_chunk[experiment-90333bc057f4460ca80419b3f0868d16](live_neural): decode=0.1ms, inference=35.5ms, second_pass=0.0ms, contention=0.0ms, TOTAL=35.8ms | audio=600ms, RTF=0.06x | model=enhanced_mel, neural_total=35.0ms, model_inference=21.3ms
[TIMING] EnhancedMel.transcribe: audio_to_gpu=0.4ms, features=0.7ms, model=16.7ms, decode=9.5ms | TOTAL=27.2ms for 4200ms audio (RTF=0.01x)
[TIMING] stream_chunk[experiment-90333bc057f4460ca80419b3f0868d16](live_neural): decode=0.2ms, inference=31.2ms, second_pass=0.0ms, contention=0.0ms, TOTAL=31.5ms | audio=600ms, RTF=0.05x | model=enhanced_mel, neural_total=30.7ms, model_inference=16.7ms
[TIMING] EnhancedMel.transcribe: audio_to_gpu=0.3ms, features=0.6ms, model=18.5ms, decode=11.4ms | TOTAL=30.8ms for 4200ms audio (RTF=0.01x)
[TIMING] stream_chunk[experiment-90333bc057f4460ca80419b3f0868d16](live_neural): decode=0.4ms, inference=34.7ms, second_pass=0.0ms, contention=0.0ms, TOTAL=35.2ms | audio=600ms, RTF=0.06x | model=enhanced_mel, neural_total=34.3ms, model_inference=18.5ms

[CLIP_009] Sonata in A Major, K. 208
  excerpt: start=3.00s end=9.00s duration=6.00s gt_notes=10 rms=0.0080 peak=0.0538 crest=6.725 rms_std=0.0041
    control:
      note metrics: precision=0.667 recall=1.000 f1=0.800 matched=10/10 pred=15
      strict onset f1: 10ms=0.720 20ms=0.800 30ms=0.800
      timing metrics: offset_f1=0.160 rhythm_precision=0.200 note_value_acc=0.000 note_value_n=10 avg_beat_error=1.462
      duplicate metrics: duplicates=0 per_100_notes=0.00
      boundary metrics: gt=2 matched=2 missed=0 miss_rate=0.000
      latency: avg_chunk_ms=31.63 p95_chunk_ms=37.95 avg_rtf=0.053
      notation metrics: first_correct_ms=151.4 visible_p50_ms=370.1 visible_p95_ms=627.1 stabilize_p50_ms=2353.3 stabilize_p95_ms=3259.2 avg_revisions=2.20 matched=10 refined=10 snapshots=18
      algorithmic latency: first_correct_ms=118.7 visible_p50_ms=341.9 visible_p95_ms=590.1 stabilize_p50_ms=1696.4 stabilize_p95_ms=2594.8
      final display note metrics: precision=0.667 recall=1.000 f1=0.800 matched=10/10 pred=15
      final display strict onset f1: 10ms=0.720 20ms=0.800 30ms=0.800
      final display timing: offset_f1=0.160 rhythm_precision=0.200 note_value_acc=0.100 note_value_n=10 avg_beat_error=1.125
      final display structure: cluster_f1=0.800 onset_align_recall=1.000 avg_jaccard=1.000 exact=10/10 pred=15 over=0 under=0 pitch_conflicts=0 missed_gt=0
      threshold profiles: hit_rate=0.000 thresholds=[0.7] profiles={'fixed_baseline': 10}
    treatment:
      note metrics: precision=0.625 recall=1.000 f1=0.769 matched=10/10 pred=16
      strict onset f1: 10ms=0.692 20ms=0.769 30ms=0.769
      timing metrics: offset_f1=0.154 rhythm_precision=0.200 note_value_acc=0.000 note_value_n=10 avg_beat_error=1.462
      duplicate metrics: duplicates=0 per_100_notes=0.00
      boundary metrics: gt=2 matched=2 missed=0 miss_rate=0.000
      latency: avg_chunk_ms=31.27 p95_chunk_ms=37.55 avg_rtf=0.052
      notation metrics: first_correct_ms=146.7 visible_p50_ms=374.4 visible_p95_ms=626.2 stabilize_p50_ms=1947.1 stabilize_p95_ms=3041.6 avg_revisions=1.90 matched=10 refined=10 snapshots=18
      algorithmic latency: first_correct_ms=118.7 visible_p50_ms=341.9 visible_p95_ms=590.1 stabilize_p50_ms=1493.2 stabilize_p95_ms=2594.8
      final display note metrics: precision=0.625 recall=1.000 f1=0.769 matched=10/10 pred=16
      final display strict onset f1: 10ms=0.692 20ms=0.769 30ms=0.769
      final display timing: offset_f1=0.154 rhythm_precision=0.200 note_value_acc=0.200 note_value_n=10 avg_beat_error=1.212
      final display structure: cluster_f1=0.769 onset_align_recall=1.000 avg_jaccard=1.000 exact=10/10 pred=16 over=0 under=0 pitch_conflicts=0 missed_gt=0
      threshold profiles: hit_rate=1.000 thresholds=[0.66] profiles={'soft_sparse_recall': 10}
    delta treatment-control: precision=-0.042 recall=+0.000 f1=-0.031 offset_f1=-0.006 note_value_acc=+0.000 dup_per_100=+0.00 boundary_miss_rate=+0.000 p95_chunk_ms=-0.40 f1_10ms=-0.028 f1_20ms=-0.031 f1_30ms=-0.031 visible_p50_ms=+4.3 stabilize_p50_ms=-406.2 algo_visible_p50_ms=+0.0 algo_stabilize_p50_ms=-203.1 avg_revisions=-0.30 display_note_f1=-0.031 display_offset_f1=-0.006 display_cluster_f1=-0.031 display_cluster_jaccard=+0.000
    failure buckets: ['high_revision_slow_stabilization', 'note_value_offset_failure']
[TIMING] EnhancedMel.transcribe: audio_to_gpu=0.2ms, features=0.6ms, model=15.0ms, decode=1.5ms | TOTAL=17.4ms for 600ms audio (RTF=0.03x)
[TIMING] stream_chunk[experiment-81e6744217e64721a9094cd1646ad39c](live_neural): decode=0.2ms, inference=19.6ms, second_pass=0.0ms, contention=0.0ms, TOTAL=19.9ms | audio=600ms, RTF=0.03x | model=enhanced_mel, neural_total=19.2ms, model_inference=15.0ms
[TIMING] EnhancedMel.transcribe: audio_to_gpu=0.3ms, features=0.8ms, model=14.4ms, decode=5.3ms | TOTAL=20.8ms for 1200ms audio (RTF=0.02x)
[TIMING] stream_chunk[experiment-81e6744217e64721a9094cd1646ad39c](live_neural): decode=0.3ms, inference=25.4ms, second_pass=0.0ms, contention=0.0ms, TOTAL=25.8ms | audio=600ms, RTF=0.04x | model=enhanced_mel, neural_total=24.9ms, model_inference=14.4ms
[TIMING] EnhancedMel.transcribe: audio_to_gpu=0.1ms, features=0.5ms, model=15.6ms, decode=4.7ms | TOTAL=20.9ms for 1800ms audio (RTF=0.01x)
[TIMING] stream_chunk[experiment-81e6744217e64721a9094cd1646ad39c](live_neural): decode=0.2ms, inference=23.9ms, second_pass=0.0ms, contention=0.0ms, TOTAL=24.2ms | audio=600ms, RTF=0.04x | model=enhanced_mel, neural_total=23.4ms, model_inference=15.6ms
[TIMING] EnhancedMel.transcribe: audio_to_gpu=0.3ms, features=0.6ms, model=16.0ms, decode=6.2ms | TOTAL=23.1ms for 2400ms audio (RTF=0.01x)
[TIMING] stream_chunk[experiment-81e6744217e64721a9094cd1646ad39c](live_neural): decode=0.2ms, inference=26.4ms, second_pass=0.0ms, contention=0.0ms, TOTAL=26.8ms | audio=600ms, RTF=0.04x | model=enhanced_mel, neural_total=25.9ms, model_inference=16.0ms
[TIMING] EnhancedMel.transcribe: audio_to_gpu=0.3ms, features=0.5ms, model=16.1ms, decode=5.4ms | TOTAL=22.3ms for 3000ms audio (RTF=0.01x)
[TIMING] stream_chunk[experiment-81e6744217e64721a9094cd1646ad39c](live_neural): decode=0.2ms, inference=25.7ms, second_pass=0.0ms, contention=0.0ms, TOTAL=26.0ms | audio=600ms, RTF=0.04x | model=enhanced_mel, neural_total=25.3ms, model_inference=16.1ms
[TIMING] EnhancedMel.transcribe: audio_to_gpu=0.2ms, features=0.5ms, model=13.2ms, decode=11.5ms | TOTAL=25.4ms for 3600ms audio (RTF=0.01x)
[TIMING] stream_chunk[experiment-81e6744217e64721a9094cd1646ad39c](live_neural): decode=0.1ms, inference=28.1ms, second_pass=0.0ms, contention=0.0ms, TOTAL=28.4ms | audio=600ms, RTF=0.05x | model=enhanced_mel, neural_total=27.7ms, model_inference=13.2ms
[TIMING] EnhancedMel.transcribe: audio_to_gpu=0.3ms, features=0.6ms, model=20.6ms, decode=12.8ms | TOTAL=34.4ms for 4200ms audio (RTF=0.01x)
[TIMING] stream_chunk[experiment-81e6744217e64721a9094cd1646ad39c](live_neural): decode=0.2ms, inference=38.7ms, second_pass=0.0ms, contention=0.0ms, TOTAL=39.2ms | audio=600ms, RTF=0.07x | model=enhanced_mel, neural_total=38.2ms, model_inference=20.6ms
[TIMING] EnhancedMel.transcribe: audio_to_gpu=0.3ms, features=0.6ms, model=18.0ms, decode=11.9ms | TOTAL=30.7ms for 4200ms audio (RTF=0.01x)
[TIMING] stream_chunk[experiment-81e6744217e64721a9094cd1646ad39c](live_neural): decode=0.2ms, inference=34.9ms, second_pass=0.0ms, contention=0.0ms, TOTAL=35.3ms | audio=600ms, RTF=0.06x | model=enhanced_mel, neural_total=34.5ms, model_inference=18.0ms
[TIMING] EnhancedMel.transcribe: audio_to_gpu=0.3ms, features=0.6ms, model=19.0ms, decode=12.3ms | TOTAL=32.3ms for 4200ms audio (RTF=0.01x)
[TIMING] stream_chunk[experiment-81e6744217e64721a9094cd1646ad39c](live_neural): decode=0.2ms, inference=36.3ms, second_pass=0.0ms, contention=0.0ms, TOTAL=36.8ms | audio=600ms, RTF=0.06x | model=enhanced_mel, neural_total=36.0ms, model_inference=19.0ms
[TIMING] EnhancedMel.transcribe: audio_to_gpu=0.3ms, features=0.6ms, model=21.6ms, decode=13.1ms | TOTAL=35.6ms for 4200ms audio (RTF=0.01x)
[TIMING] stream_chunk[experiment-81e6744217e64721a9094cd1646ad39c](live_neural): decode=0.2ms, inference=39.7ms, second_pass=0.0ms, contention=0.0ms, TOTAL=40.1ms | audio=600ms, RTF=0.07x | model=enhanced_mel, neural_total=39.3ms, model_inference=21.6ms
[TIMING] EnhancedMel.transcribe: audio_to_gpu=0.2ms, features=0.6ms, model=17.8ms, decode=1.5ms | TOTAL=20.1ms for 600ms audio (RTF=0.03x)
[TIMING] stream_chunk[experiment-a7cb9453001a413f92cbeec43c328da1](live_neural): decode=0.2ms, inference=23.4ms, second_pass=0.0ms, contention=0.0ms, TOTAL=23.6ms | audio=600ms, RTF=0.04x | model=enhanced_mel, neural_total=22.8ms, model_inference=17.8ms
[TIMING] EnhancedMel.transcribe: audio_to_gpu=0.3ms, features=0.7ms, model=14.6ms, decode=2.9ms | TOTAL=18.6ms for 1200ms audio (RTF=0.02x)
[TIMING] stream_chunk[experiment-a7cb9453001a413f92cbeec43c328da1](live_neural): decode=0.3ms, inference=22.8ms, second_pass=0.0ms, contention=0.0ms, TOTAL=23.1ms | audio=600ms, RTF=0.04x | model=enhanced_mel, neural_total=22.3ms, model_inference=14.6ms
[TIMING] EnhancedMel.transcribe: audio_to_gpu=0.2ms, features=0.7ms, model=19.4ms, decode=5.8ms | TOTAL=26.2ms for 1800ms audio (RTF=0.01x)
[TIMING] stream_chunk[experiment-a7cb9453001a413f92cbeec43c328da1](live_neural): decode=0.2ms, inference=29.5ms, second_pass=0.0ms, contention=0.0ms, TOTAL=29.8ms | audio=600ms, RTF=0.05x | model=enhanced_mel, neural_total=29.2ms, model_inference=19.4ms
[TIMING] EnhancedMel.transcribe: audio_to_gpu=0.3ms, features=0.6ms, model=16.8ms, decode=4.9ms | TOTAL=22.6ms for 2400ms audio (RTF=0.01x)
[TIMING] stream_chunk[experiment-a7cb9453001a413f92cbeec43c328da1](live_neural): decode=0.2ms, inference=25.1ms, second_pass=0.0ms, contention=0.0ms, TOTAL=27.2ms | audio=600ms, RTF=0.05x | model=enhanced_mel, neural_total=24.7ms, model_inference=16.8ms
[TIMING] EnhancedMel.transcribe: audio_to_gpu=0.3ms, features=0.8ms, model=23.5ms, decode=7.7ms | TOTAL=32.3ms for 3000ms audio (RTF=0.01x)
[TIMING] stream_chunk[experiment-a7cb9453001a413f92cbeec43c328da1](live_neural): decode=0.3ms, inference=37.8ms, second_pass=0.0ms, contention=0.0ms, TOTAL=38.2ms | audio=600ms, RTF=0.06x | model=enhanced_mel, neural_total=37.3ms, model_inference=23.5ms
[TIMING] EnhancedMel.transcribe: audio_to_gpu=0.3ms, features=0.6ms, model=16.2ms, decode=14.5ms | TOTAL=31.5ms for 3600ms audio (RTF=0.01x)
[TIMING] stream_chunk[experiment-a7cb9453001a413f92cbeec43c328da1](live_neural): decode=0.2ms, inference=36.5ms, second_pass=0.0ms, contention=0.0ms, TOTAL=36.9ms | audio=600ms, RTF=0.06x | model=enhanced_mel, neural_total=35.8ms, model_inference=16.2ms
[TIMING] EnhancedMel.transcribe: audio_to_gpu=0.3ms, features=0.9ms, model=17.6ms, decode=11.2ms | TOTAL=30.1ms for 4200ms audio (RTF=0.01x)
[TIMING] stream_chunk[experiment-a7cb9453001a413f92cbeec43c328da1](live_neural): decode=0.3ms, inference=35.8ms, second_pass=0.0ms, contention=0.0ms, TOTAL=36.5ms | audio=600ms, RTF=0.06x | model=enhanced_mel, neural_total=35.2ms, model_inference=17.6ms
[TIMING] EnhancedMel.transcribe: audio_to_gpu=0.3ms, features=0.7ms, model=21.6ms, decode=12.2ms | TOTAL=34.8ms for 4200ms audio (RTF=0.01x)
[TIMING] stream_chunk[experiment-a7cb9453001a413f92cbeec43c328da1](live_neural): decode=0.2ms, inference=39.9ms, second_pass=0.0ms, contention=0.0ms, TOTAL=40.3ms | audio=600ms, RTF=0.07x | model=enhanced_mel, neural_total=39.5ms, model_inference=21.6ms
[TIMING] EnhancedMel.transcribe: audio_to_gpu=0.3ms, features=0.8ms, model=24.6ms, decode=15.3ms | TOTAL=41.1ms for 4200ms audio (RTF=0.01x)
[TIMING] stream_chunk[experiment-a7cb9453001a413f92cbeec43c328da1](live_neural): decode=0.2ms, inference=46.8ms, second_pass=0.0ms, contention=0.0ms, TOTAL=47.4ms | audio=600ms, RTF=0.08x | model=enhanced_mel, neural_total=46.4ms, model_inference=24.6ms
[TIMING] EnhancedMel.transcribe: audio_to_gpu=0.3ms, features=0.7ms, model=24.1ms, decode=13.3ms | TOTAL=38.4ms for 4200ms audio (RTF=0.01x)
[TIMING] stream_chunk[experiment-a7cb9453001a413f92cbeec43c328da1](live_neural): decode=0.3ms, inference=43.2ms, second_pass=0.0ms, contention=0.0ms, TOTAL=43.9ms | audio=600ms, RTF=0.07x | model=enhanced_mel, neural_total=42.6ms, model_inference=24.1ms

[CLIP_010] Etude "Pour les accords"
  excerpt: start=0.00s end=6.00s duration=6.00s gt_notes=108 rms=0.0820 peak=0.5182 crest=6.319 rms_std=0.0389
    control:
      note metrics: precision=0.864 recall=0.944 f1=0.903 matched=102/108 pred=118
      strict onset f1: 10ms=0.646 20ms=0.876 30ms=0.903
      timing metrics: offset_f1=0.903 rhythm_precision=1.000 note_value_acc=0.922 note_value_n=102 avg_beat_error=0.009
      duplicate metrics: duplicates=12 per_100_notes=10.17
      boundary metrics: gt=34 matched=31 missed=3 miss_rate=0.088
      latency: avg_chunk_ms=30.23 p95_chunk_ms=39.70 avg_rtf=0.050
      notation metrics: first_correct_ms=146.5 visible_p50_ms=299.4 visible_p95_ms=322.9 stabilize_p50_ms=2108.7 stabilize_p95_ms=2132.2 avg_revisions=0.67 matched=3 refined=3 snapshots=12
      algorithmic latency: first_correct_ms=111.2 visible_p50_ms=273.4 visible_p95_ms=296.9 stabilize_p50_ms=2073.4 stabilize_p95_ms=2096.9
      final display note metrics: precision=0.957 recall=0.824 f1=0.886 matched=89/108 pred=93
      final display strict onset f1: 10ms=0.617 20ms=0.866 30ms=0.886
      final display timing: offset_f1=0.886 rhythm_precision=1.000 note_value_acc=0.955 note_value_n=89 avg_beat_error=0.046
      final display structure: cluster_f1=0.600 onset_align_recall=0.950 avg_jaccard=0.821 exact=12/20 pred=20 over=2 under=5 pitch_conflicts=0 missed_gt=1
      threshold profiles: hit_rate=0.000 thresholds=[0.7] profiles={'fixed_baseline': 10}
    treatment:
      note metrics: precision=0.864 recall=0.944 f1=0.903 matched=102/108 pred=118
      strict onset f1: 10ms=0.646 20ms=0.876 30ms=0.903
      timing metrics: offset_f1=0.903 rhythm_precision=1.000 note_value_acc=0.922 note_value_n=102 avg_beat_error=0.009
      duplicate metrics: duplicates=12 per_100_notes=10.17
      boundary metrics: gt=34 matched=31 missed=3 miss_rate=0.088
      latency: avg_chunk_ms=34.70 p95_chunk_ms=45.82 avg_rtf=0.058
      notation metrics: first_correct_ms=151.5 visible_p50_ms=311.7 visible_p95_ms=335.1 stabilize_p50_ms=2113.7 stabilize_p95_ms=2137.2 avg_revisions=0.67 matched=3 refined=3 snapshots=12
      algorithmic latency: first_correct_ms=111.2 visible_p50_ms=273.4 visible_p95_ms=296.9 stabilize_p50_ms=2073.4 stabilize_p95_ms=2096.9
      final display note metrics: precision=0.957 recall=0.824 f1=0.886 matched=89/108 pred=93
      final display strict onset f1: 10ms=0.617 20ms=0.866 30ms=0.886
      final display timing: offset_f1=0.886 rhythm_precision=1.000 note_value_acc=0.955 note_value_n=89 avg_beat_error=0.046
      final display structure: cluster_f1=0.600 onset_align_recall=0.950 avg_jaccard=0.821 exact=12/20 pred=20 over=2 under=5 pitch_conflicts=0 missed_gt=1
      threshold profiles: hit_rate=0.100 thresholds=[0.66, 0.7] profiles={'baseline_nominal': 9, 'soft_sparse_recall': 1}
    delta treatment-control: precision=+0.000 recall=+0.000 f1=+0.000 offset_f1=+0.000 note_value_acc=+0.000 dup_per_100=+0.00 boundary_miss_rate=+0.000 p95_chunk_ms=+6.12 f1_10ms=+0.000 f1_20ms=+0.000 f1_30ms=+0.000 visible_p50_ms=+12.2 stabilize_p50_ms=+5.0 algo_visible_p50_ms=+0.0 algo_stabilize_p50_ms=+0.0 avg_revisions=+0.00 display_note_f1=+0.000 display_offset_f1=+0.000 display_cluster_f1=+0.000 display_cluster_jaccard=+0.000
    failure buckets: ['boundary_miss_failure', 'high_revision_slow_stabilization']
      boundary diagnostics: missed=3 by_arm={'control': 3, 'treatment': 3} tags={'control_boundary_miss': 3, 'no_control_coarse_candidate': 3}
        miss: pitch=56 onset=1.172s boundary_delta_ms=-28.1 control_coarse=False treatment_coarse=False retro=n/a
        miss: pitch=59 onset=2.974s boundary_delta_ms=-26.0 control_coarse=False treatment_coarse=False retro=n/a
        miss: pitch=52 onset=2.986s boundary_delta_ms=-14.3 control_coarse=False treatment_coarse=False retro=n/a
[TIMING] EnhancedMel.transcribe: audio_to_gpu=0.2ms, features=0.8ms, model=14.1ms, decode=1.7ms | TOTAL=16.9ms for 600ms audio (RTF=0.03x)
[TIMING] stream_chunk[experiment-00466596fce446cca522c2968c05119c](live_neural): decode=0.2ms, inference=20.0ms, second_pass=0.0ms, contention=0.0ms, TOTAL=20.3ms | audio=600ms, RTF=0.03x | model=enhanced_mel, neural_total=19.4ms, model_inference=14.1ms
[TIMING] EnhancedMel.transcribe: audio_to_gpu=0.2ms, features=0.5ms, model=14.2ms, decode=4.6ms | TOTAL=19.5ms for 1200ms audio (RTF=0.02x)
[TIMING] stream_chunk[experiment-00466596fce446cca522c2968c05119c](live_neural): decode=0.3ms, inference=22.2ms, second_pass=0.0ms, contention=0.0ms, TOTAL=22.6ms | audio=600ms, RTF=0.04x | model=enhanced_mel, neural_total=21.7ms, model_inference=14.2ms
[TIMING] EnhancedMel.transcribe: audio_to_gpu=0.2ms, features=0.7ms, model=21.0ms, decode=6.7ms | TOTAL=28.6ms for 1800ms audio (RTF=0.02x)
[TIMING] stream_chunk[experiment-00466596fce446cca522c2968c05119c](live_neural): decode=0.3ms, inference=33.2ms, second_pass=0.0ms, contention=0.0ms, TOTAL=33.6ms | audio=600ms, RTF=0.06x | model=enhanced_mel, neural_total=32.5ms, model_inference=21.0ms
[TIMING] EnhancedMel.transcribe: audio_to_gpu=0.3ms, features=0.7ms, model=14.4ms, decode=5.6ms | TOTAL=21.1ms for 2400ms audio (RTF=0.01x)
[TIMING] stream_chunk[experiment-00466596fce446cca522c2968c05119c](live_neural): decode=0.3ms, inference=26.0ms, second_pass=0.0ms, contention=0.0ms, TOTAL=26.5ms | audio=600ms, RTF=0.04x | model=enhanced_mel, neural_total=25.4ms, model_inference=14.4ms
[TIMING] EnhancedMel.transcribe: audio_to_gpu=0.2ms, features=0.6ms, model=21.1ms, decode=11.3ms | TOTAL=33.2ms for 3000ms audio (RTF=0.01x)
[TIMING] stream_chunk[experiment-00466596fce446cca522c2968c05119c](live_neural): decode=0.2ms, inference=37.3ms, second_pass=0.0ms, contention=0.0ms, TOTAL=37.7ms | audio=600ms, RTF=0.06x | model=enhanced_mel, neural_total=36.7ms, model_inference=21.1ms
[TIMING] EnhancedMel.transcribe: audio_to_gpu=0.3ms, features=0.7ms, model=20.7ms, decode=11.0ms | TOTAL=32.7ms for 3600ms audio (RTF=0.01x)
[TIMING] stream_chunk[experiment-00466596fce446cca522c2968c05119c](live_neural): decode=0.3ms, inference=38.5ms, second_pass=0.0ms, contention=0.0ms, TOTAL=39.0ms | audio=600ms, RTF=0.06x | model=enhanced_mel, neural_total=37.9ms, model_inference=20.7ms
[TIMING] EnhancedMel.transcribe: audio_to_gpu=0.3ms, features=0.6ms, model=17.4ms, decode=12.6ms | TOTAL=30.9ms for 4200ms audio (RTF=0.01x)
[TIMING] stream_chunk[experiment-00466596fce446cca522c2968c05119c](live_neural): decode=0.2ms, inference=37.8ms, second_pass=0.0ms, contention=0.0ms, TOTAL=38.2ms | audio=600ms, RTF=0.06x | model=enhanced_mel, neural_total=37.0ms, model_inference=17.4ms
[TIMING] EnhancedMel.transcribe: audio_to_gpu=0.2ms, features=0.7ms, model=21.9ms, decode=11.4ms | TOTAL=34.3ms for 4200ms audio (RTF=0.01x)
[TIMING] stream_chunk[experiment-00466596fce446cca522c2968c05119c](live_neural): decode=0.3ms, inference=38.4ms, second_pass=0.0ms, contention=0.0ms, TOTAL=38.8ms | audio=600ms, RTF=0.06x | model=enhanced_mel, neural_total=37.8ms, model_inference=21.9ms
[TIMING] EnhancedMel.transcribe: audio_to_gpu=0.4ms, features=0.8ms, model=18.7ms, decode=13.5ms | TOTAL=33.4ms for 4200ms audio (RTF=0.01x)
[TIMING] stream_chunk[experiment-00466596fce446cca522c2968c05119c](live_neural): decode=0.2ms, inference=41.1ms, second_pass=0.0ms, contention=0.0ms, TOTAL=41.5ms | audio=600ms, RTF=0.07x | model=enhanced_mel, neural_total=40.5ms, model_inference=18.7ms
[TIMING] EnhancedMel.transcribe: audio_to_gpu=0.3ms, features=0.7ms, model=26.3ms, decode=7.8ms | TOTAL=35.2ms for 4200ms audio (RTF=0.01x)
[TIMING] stream_chunk[experiment-00466596fce446cca522c2968c05119c](live_neural): decode=0.2ms, inference=40.2ms, second_pass=0.0ms, contention=0.0ms, TOTAL=40.5ms | audio=600ms, RTF=0.07x | model=enhanced_mel, neural_total=39.7ms, model_inference=26.3ms
[TIMING] EnhancedMel.transcribe: audio_to_gpu=0.2ms, features=0.6ms, model=21.4ms, decode=2.8ms | TOTAL=25.1ms for 600ms audio (RTF=0.04x)
[TIMING] stream_chunk[experiment-0863c17ed7cb451dbcf0047d3c837479](live_neural): decode=0.2ms, inference=27.6ms, second_pass=0.0ms, contention=0.0ms, TOTAL=27.8ms | audio=600ms, RTF=0.05x | model=enhanced_mel, neural_total=27.1ms, model_inference=21.4ms
[TIMING] EnhancedMel.transcribe: audio_to_gpu=0.2ms, features=0.6ms, model=20.6ms, decode=3.1ms | TOTAL=24.5ms for 1200ms audio (RTF=0.02x)
[TIMING] stream_chunk[experiment-0863c17ed7cb451dbcf0047d3c837479](live_neural): decode=0.2ms, inference=27.9ms, second_pass=0.0ms, contention=0.0ms, TOTAL=28.3ms | audio=600ms, RTF=0.05x | model=enhanced_mel, neural_total=27.3ms, model_inference=20.6ms
[TIMING] EnhancedMel.transcribe: audio_to_gpu=0.2ms, features=0.5ms, model=15.2ms, decode=5.2ms | TOTAL=21.0ms for 1800ms audio (RTF=0.01x)
[TIMING] stream_chunk[experiment-0863c17ed7cb451dbcf0047d3c837479](live_neural): decode=0.2ms, inference=23.6ms, second_pass=0.0ms, contention=0.0ms, TOTAL=23.9ms | audio=600ms, RTF=0.04x | model=enhanced_mel, neural_total=23.1ms, model_inference=15.2ms
[TIMING] EnhancedMel.transcribe: audio_to_gpu=0.2ms, features=0.5ms, model=14.7ms, decode=5.6ms | TOTAL=21.1ms for 2400ms audio (RTF=0.01x)
[TIMING] stream_chunk[experiment-0863c17ed7cb451dbcf0047d3c837479](live_neural): decode=0.2ms, inference=25.1ms, second_pass=0.0ms, contention=0.0ms, TOTAL=25.4ms | audio=600ms, RTF=0.04x | model=enhanced_mel, neural_total=24.5ms, model_inference=14.7ms
[TIMING] EnhancedMel.transcribe: audio_to_gpu=0.3ms, features=0.6ms, model=15.7ms, decode=11.2ms | TOTAL=27.7ms for 3000ms audio (RTF=0.01x)
[TIMING] stream_chunk[experiment-0863c17ed7cb451dbcf0047d3c837479](live_neural): decode=0.3ms, inference=31.9ms, second_pass=0.0ms, contention=0.0ms, TOTAL=32.4ms | audio=600ms, RTF=0.05x | model=enhanced_mel, neural_total=31.5ms, model_inference=15.7ms
[TIMING] EnhancedMel.transcribe: audio_to_gpu=0.3ms, features=0.5ms, model=14.3ms, decode=5.8ms | TOTAL=21.0ms for 3600ms audio (RTF=0.01x)
[TIMING] stream_chunk[experiment-0863c17ed7cb451dbcf0047d3c837479](live_neural): decode=0.3ms, inference=24.1ms, second_pass=0.0ms, contention=0.0ms, TOTAL=24.6ms | audio=600ms, RTF=0.04x | model=enhanced_mel, neural_total=23.6ms, model_inference=14.3ms
[TIMING] EnhancedMel.transcribe: audio_to_gpu=0.2ms, features=0.5ms, model=21.9ms, decode=17.4ms | TOTAL=40.1ms for 4200ms audio (RTF=0.01x)
[TIMING] stream_chunk[experiment-0863c17ed7cb451dbcf0047d3c837479](live_neural): decode=0.2ms, inference=43.8ms, second_pass=0.0ms, contention=0.0ms, TOTAL=44.2ms | audio=600ms, RTF=0.07x | model=enhanced_mel, neural_total=43.2ms, model_inference=21.9ms
[TIMING] EnhancedMel.transcribe: audio_to_gpu=0.5ms, features=0.9ms, model=23.2ms, decode=9.8ms | TOTAL=34.5ms for 4200ms audio (RTF=0.01x)
[TIMING] stream_chunk[experiment-0863c17ed7cb451dbcf0047d3c837479](live_neural): decode=0.2ms, inference=40.3ms, second_pass=0.0ms, contention=0.0ms, TOTAL=40.7ms | audio=600ms, RTF=0.07x | model=enhanced_mel, neural_total=39.7ms, model_inference=23.2ms
[TIMING] EnhancedMel.transcribe: audio_to_gpu=0.3ms, features=0.5ms, model=18.8ms, decode=12.5ms | TOTAL=32.1ms for 4200ms audio (RTF=0.01x)
[TIMING] stream_chunk[experiment-0863c17ed7cb451dbcf0047d3c837479](live_neural): decode=0.2ms, inference=37.0ms, second_pass=0.0ms, contention=0.0ms, TOTAL=37.3ms | audio=600ms, RTF=0.06x | model=enhanced_mel, neural_total=36.3ms, model_inference=18.8ms
[TIMING] EnhancedMel.transcribe: audio_to_gpu=0.3ms, features=0.9ms, model=17.4ms, decode=15.8ms | TOTAL=34.4ms for 4200ms audio (RTF=0.01x)
[TIMING] stream_chunk[experiment-0863c17ed7cb451dbcf0047d3c837479](live_neural): decode=0.2ms, inference=38.6ms, second_pass=0.0ms, contention=0.0ms, TOTAL=39.0ms | audio=600ms, RTF=0.07x | model=enhanced_mel, neural_total=38.0ms, model_inference=17.4ms

[CLIP_011] Sonata No. 9, Op. 68, "Black Mass"
  excerpt: start=9.00s end=15.00s duration=6.00s gt_notes=16 rms=0.0125 peak=0.0693 crest=5.524 rms_std=0.0040
    control:
      note metrics: precision=0.889 recall=1.000 f1=0.941 matched=16/16 pred=18
      strict onset f1: 10ms=0.765 20ms=0.941 30ms=0.941
      timing metrics: offset_f1=0.118 rhythm_precision=0.125 note_value_acc=0.000 note_value_n=16 avg_beat_error=1.992
      duplicate metrics: duplicates=0 per_100_notes=0.00
      boundary metrics: gt=3 matched=3 missed=0 miss_rate=0.000
      latency: avg_chunk_ms=33.86 p95_chunk_ms=41.01 avg_rtf=0.057
      notation metrics: first_correct_ms=149.1 visible_p50_ms=299.3 visible_p95_ms=448.6 stabilize_p50_ms=1652.9 stabilize_p95_ms=2098.6 avg_revisions=1.50 matched=4 refined=4 snapshots=14
      algorithmic latency: first_correct_ms=122.7 visible_p50_ms=269.3 visible_p95_ms=415.0 stabilize_p50_ms=1169.3 stabilize_p95_ms=1615.0
      final display note metrics: precision=0.889 recall=1.000 f1=0.941 matched=16/16 pred=18
      final display strict onset f1: 10ms=0.765 20ms=0.941 30ms=0.941
      final display timing: offset_f1=0.118 rhythm_precision=0.125 note_value_acc=0.000 note_value_n=16 avg_beat_error=1.745
      final display structure: cluster_f1=0.875 onset_align_recall=1.000 avg_jaccard=1.000 exact=7/7 pred=9 over=0 under=0 pitch_conflicts=0 missed_gt=0
      threshold profiles: hit_rate=0.000 thresholds=[0.7] profiles={'fixed_baseline': 10}
    treatment:
      note metrics: precision=0.842 recall=1.000 f1=0.914 matched=16/16 pred=19
      strict onset f1: 10ms=0.743 20ms=0.914 30ms=0.914
      timing metrics: offset_f1=0.114 rhythm_precision=0.125 note_value_acc=0.000 note_value_n=16 avg_beat_error=1.992
      duplicate metrics: duplicates=0 per_100_notes=0.00
      boundary metrics: gt=3 matched=3 missed=0 miss_rate=0.000
      latency: avg_chunk_ms=32.35 p95_chunk_ms=42.63 avg_rtf=0.054
      notation metrics: first_correct_ms=148.0 visible_p50_ms=293.9 visible_p95_ms=438.8 stabilize_p50_ms=1674.6 stabilize_p95_ms=2408.9 avg_revisions=1.25 matched=4 refined=4 snapshots=14
      algorithmic latency: first_correct_ms=122.7 visible_p50_ms=269.3 visible_p95_ms=415.0 stabilize_p50_ms=1333.1 stabilize_p95_ms=2067.3
      final display note metrics: precision=0.842 recall=1.000 f1=0.914 matched=16/16 pred=19
      final display strict onset f1: 10ms=0.743 20ms=0.914 30ms=0.914
      final display timing: offset_f1=0.114 rhythm_precision=0.125 note_value_acc=0.062 note_value_n=16 avg_beat_error=1.708
      final display structure: cluster_f1=0.824 onset_align_recall=1.000 avg_jaccard=1.000 exact=7/7 pred=10 over=0 under=0 pitch_conflicts=0 missed_gt=0
      threshold profiles: hit_rate=1.000 thresholds=[0.66] profiles={'soft_sparse_recall': 10}
    delta treatment-control: precision=-0.047 recall=+0.000 f1=-0.027 offset_f1=-0.003 note_value_acc=+0.000 dup_per_100=+0.00 boundary_miss_rate=+0.000 p95_chunk_ms=+1.62 f1_10ms=-0.022 f1_20ms=-0.027 f1_30ms=-0.027 visible_p50_ms=-5.4 stabilize_p50_ms=+21.7 algo_visible_p50_ms=+0.0 algo_stabilize_p50_ms=+163.8 avg_revisions=-0.25 display_note_f1=-0.027 display_offset_f1=-0.003 display_cluster_f1=-0.051 display_cluster_jaccard=+0.000
    failure buckets: ['high_revision_slow_stabilization', 'note_value_offset_failure']
[TIMING] EnhancedMel.transcribe: audio_to_gpu=0.3ms, features=0.8ms, model=16.7ms, decode=2.0ms | TOTAL=19.7ms for 600ms audio (RTF=0.03x)
[TIMING] stream_chunk[experiment-882292af7da14e06a9120ed7f42e332e](live_neural): decode=0.5ms, inference=23.6ms, second_pass=0.0ms, contention=0.0ms, TOTAL=24.1ms | audio=600ms, RTF=0.04x | model=enhanced_mel, neural_total=23.0ms, model_inference=16.7ms
[TIMING] EnhancedMel.transcribe: audio_to_gpu=0.2ms, features=0.5ms, model=21.3ms, decode=3.5ms | TOTAL=25.5ms for 1200ms audio (RTF=0.02x)
[TIMING] stream_chunk[experiment-882292af7da14e06a9120ed7f42e332e](live_neural): decode=0.3ms, inference=28.5ms, second_pass=0.0ms, contention=0.0ms, TOTAL=28.9ms | audio=600ms, RTF=0.05x | model=enhanced_mel, neural_total=28.0ms, model_inference=21.3ms
[TIMING] EnhancedMel.transcribe: audio_to_gpu=0.1ms, features=1.5ms, model=14.1ms, decode=7.2ms | TOTAL=22.9ms for 1800ms audio (RTF=0.01x)
[TIMING] stream_chunk[experiment-882292af7da14e06a9120ed7f42e332e](live_neural): decode=0.2ms, inference=26.4ms, second_pass=0.0ms, contention=0.0ms, TOTAL=26.9ms | audio=600ms, RTF=0.04x | model=enhanced_mel, neural_total=25.9ms, model_inference=14.1ms
[TIMING] EnhancedMel.transcribe: audio_to_gpu=0.3ms, features=0.6ms, model=19.4ms, decode=5.9ms | TOTAL=26.2ms for 2400ms audio (RTF=0.01x)
[TIMING] stream_chunk[experiment-882292af7da14e06a9120ed7f42e332e](live_neural): decode=0.2ms, inference=31.0ms, second_pass=0.0ms, contention=0.0ms, TOTAL=31.4ms | audio=600ms, RTF=0.05x | model=enhanced_mel, neural_total=30.5ms, model_inference=19.4ms
[TIMING] EnhancedMel.transcribe: audio_to_gpu=0.3ms, features=0.5ms, model=14.7ms, decode=7.2ms | TOTAL=22.7ms for 3000ms audio (RTF=0.01x)
[TIMING] stream_chunk[experiment-882292af7da14e06a9120ed7f42e332e](live_neural): decode=0.3ms, inference=27.0ms, second_pass=0.0ms, contention=0.0ms, TOTAL=27.5ms | audio=600ms, RTF=0.05x | model=enhanced_mel, neural_total=26.4ms, model_inference=14.7ms
[TIMING] EnhancedMel.transcribe: audio_to_gpu=0.3ms, features=0.6ms, model=16.1ms, decode=8.5ms | TOTAL=25.5ms for 3600ms audio (RTF=0.01x)
[TIMING] stream_chunk[experiment-882292af7da14e06a9120ed7f42e332e](live_neural): decode=0.2ms, inference=29.2ms, second_pass=0.0ms, contention=0.0ms, TOTAL=29.6ms | audio=600ms, RTF=0.05x | model=enhanced_mel, neural_total=28.8ms, model_inference=16.1ms
[TIMING] EnhancedMel.transcribe: audio_to_gpu=0.5ms, features=0.8ms, model=21.9ms, decode=10.3ms | TOTAL=33.5ms for 4200ms audio (RTF=0.01x)
[TIMING] stream_chunk[experiment-882292af7da14e06a9120ed7f42e332e](live_neural): decode=0.2ms, inference=40.5ms, second_pass=0.0ms, contention=0.0ms, TOTAL=40.8ms | audio=600ms, RTF=0.07x | model=enhanced_mel, neural_total=40.0ms, model_inference=21.9ms
[TIMING] EnhancedMel.transcribe: audio_to_gpu=0.3ms, features=0.6ms, model=22.4ms, decode=15.1ms | TOTAL=38.4ms for 4200ms audio (RTF=0.01x)
[TIMING] stream_chunk[experiment-882292af7da14e06a9120ed7f42e332e](live_neural): decode=0.2ms, inference=42.3ms, second_pass=0.0ms, contention=0.0ms, TOTAL=42.6ms | audio=600ms, RTF=0.07x | model=enhanced_mel, neural_total=41.9ms, model_inference=22.4ms
[TIMING] EnhancedMel.transcribe: audio_to_gpu=0.2ms, features=0.6ms, model=16.4ms, decode=10.0ms | TOTAL=27.2ms for 4200ms audio (RTF=0.01x)
[TIMING] stream_chunk[experiment-882292af7da14e06a9120ed7f42e332e](live_neural): decode=0.2ms, inference=32.4ms, second_pass=0.0ms, contention=0.0ms, TOTAL=32.8ms | audio=600ms, RTF=0.05x | model=enhanced_mel, neural_total=30.9ms, model_inference=16.4ms
[TIMING] EnhancedMel.transcribe: audio_to_gpu=0.3ms, features=0.7ms, model=23.6ms, decode=8.2ms | TOTAL=32.7ms for 4200ms audio (RTF=0.01x)
[TIMING] stream_chunk[experiment-882292af7da14e06a9120ed7f42e332e](live_neural): decode=0.2ms, inference=38.4ms, second_pass=0.0ms, contention=0.0ms, TOTAL=38.8ms | audio=600ms, RTF=0.06x | model=enhanced_mel, neural_total=38.0ms, model_inference=23.6ms
[TIMING] EnhancedMel.transcribe: audio_to_gpu=0.3ms, features=0.7ms, model=20.6ms, decode=3.0ms | TOTAL=24.6ms for 600ms audio (RTF=0.04x)
[TIMING] stream_chunk[experiment-2740465ac21f40649af42ca70db53c63](live_neural): decode=0.2ms, inference=26.4ms, second_pass=0.0ms, contention=0.0ms, TOTAL=26.6ms | audio=600ms, RTF=0.04x | model=enhanced_mel, neural_total=25.9ms, model_inference=20.6ms
[TIMING] EnhancedMel.transcribe: audio_to_gpu=0.2ms, features=0.7ms, model=15.1ms, decode=3.2ms | TOTAL=19.1ms for 1200ms audio (RTF=0.02x)
[TIMING] stream_chunk[experiment-2740465ac21f40649af42ca70db53c63](live_neural): decode=0.3ms, inference=23.1ms, second_pass=0.0ms, contention=0.0ms, TOTAL=23.6ms | audio=600ms, RTF=0.04x | model=enhanced_mel, neural_total=22.6ms, model_inference=15.1ms
[TIMING] EnhancedMel.transcribe: audio_to_gpu=0.2ms, features=0.4ms, model=14.5ms, decode=5.1ms | TOTAL=20.2ms for 1800ms audio (RTF=0.01x)
[TIMING] stream_chunk[experiment-2740465ac21f40649af42ca70db53c63](live_neural): decode=0.2ms, inference=23.5ms, second_pass=0.0ms, contention=0.0ms, TOTAL=23.9ms | audio=600ms, RTF=0.04x | model=enhanced_mel, neural_total=22.9ms, model_inference=14.5ms
[TIMING] EnhancedMel.transcribe: audio_to_gpu=0.3ms, features=0.7ms, model=18.2ms, decode=7.8ms | TOTAL=27.0ms for 2400ms audio (RTF=0.01x)
[TIMING] stream_chunk[experiment-2740465ac21f40649af42ca70db53c63](live_neural): decode=0.2ms, inference=30.6ms, second_pass=0.0ms, contention=0.0ms, TOTAL=31.0ms | audio=600ms, RTF=0.05x | model=enhanced_mel, neural_total=30.2ms, model_inference=18.2ms
[TIMING] EnhancedMel.transcribe: audio_to_gpu=0.3ms, features=0.6ms, model=16.0ms, decode=6.4ms | TOTAL=23.4ms for 3000ms audio (RTF=0.01x)
[TIMING] stream_chunk[experiment-2740465ac21f40649af42ca70db53c63](live_neural): decode=0.2ms, inference=27.2ms, second_pass=0.0ms, contention=0.0ms, TOTAL=27.6ms | audio=600ms, RTF=0.05x | model=enhanced_mel, neural_total=26.6ms, model_inference=16.0ms
[TIMING] EnhancedMel.transcribe: audio_to_gpu=0.3ms, features=0.7ms, model=23.1ms, decode=10.9ms | TOTAL=35.0ms for 3600ms audio (RTF=0.01x)
[TIMING] stream_chunk[experiment-2740465ac21f40649af42ca70db53c63](live_neural): decode=0.2ms, inference=38.8ms, second_pass=0.0ms, contention=0.0ms, TOTAL=39.1ms | audio=600ms, RTF=0.07x | model=enhanced_mel, neural_total=38.4ms, model_inference=23.1ms
[TIMING] EnhancedMel.transcribe: audio_to_gpu=0.3ms, features=0.6ms, model=15.8ms, decode=8.0ms | TOTAL=24.7ms for 4200ms audio (RTF=0.01x)
[TIMING] stream_chunk[experiment-2740465ac21f40649af42ca70db53c63](live_neural): decode=0.2ms, inference=28.6ms, second_pass=0.0ms, contention=0.0ms, TOTAL=29.0ms | audio=600ms, RTF=0.05x | model=enhanced_mel, neural_total=28.2ms, model_inference=15.8ms
[TIMING] EnhancedMel.transcribe: audio_to_gpu=0.4ms, features=0.7ms, model=18.8ms, decode=10.2ms | TOTAL=29.9ms for 4200ms audio (RTF=0.01x)
[TIMING] stream_chunk[experiment-2740465ac21f40649af42ca70db53c63](live_neural): decode=0.2ms, inference=34.4ms, second_pass=0.0ms, contention=0.0ms, TOTAL=34.8ms | audio=600ms, RTF=0.06x | model=enhanced_mel, neural_total=33.9ms, model_inference=18.8ms
[TIMING] EnhancedMel.transcribe: audio_to_gpu=0.3ms, features=0.8ms, model=20.1ms, decode=14.7ms | TOTAL=35.9ms for 4200ms audio (RTF=0.01x)
[TIMING] stream_chunk[experiment-2740465ac21f40649af42ca70db53c63](live_neural): decode=0.2ms, inference=41.9ms, second_pass=0.0ms, contention=0.0ms, TOTAL=42.3ms | audio=600ms, RTF=0.07x | model=enhanced_mel, neural_total=41.3ms, model_inference=20.1ms
[TIMING] EnhancedMel.transcribe: audio_to_gpu=0.4ms, features=0.7ms, model=25.3ms, decode=16.9ms | TOTAL=43.3ms for 4200ms audio (RTF=0.01x)
[TIMING] stream_chunk[experiment-2740465ac21f40649af42ca70db53c63](live_neural): decode=0.1ms, inference=46.6ms, second_pass=0.0ms, contention=0.0ms, TOTAL=47.0ms | audio=600ms, RTF=0.08x | model=enhanced_mel, neural_total=46.1ms, model_inference=25.3ms

[CLIP_012] Entragete, Op.63
  excerpt: start=75.00s end=81.00s duration=6.00s gt_notes=50 rms=0.0549 peak=0.8432 crest=15.372 rms_std=0.0369
    control:
      note metrics: precision=0.909 recall=0.800 f1=0.851 matched=40/50 pred=44
      strict onset f1: 10ms=0.532 20ms=0.830 30ms=0.851
      timing metrics: offset_f1=0.787 rhythm_precision=0.925 note_value_acc=0.700 note_value_n=40 avg_beat_error=0.136
      duplicate metrics: duplicates=0 per_100_notes=0.00
      boundary metrics: gt=11 matched=9 missed=2 miss_rate=0.182
      latency: avg_chunk_ms=32.34 p95_chunk_ms=41.81 avg_rtf=0.054
      notation metrics: first_correct_ms=47.9 visible_p50_ms=326.7 visible_p95_ms=575.1 stabilize_p50_ms=1024.0 stabilize_p95_ms=1601.3 avg_revisions=0.80 matched=20 refined=20 snapshots=18
      algorithmic latency: first_correct_ms=19.0 visible_p50_ms=293.9 visible_p95_ms=550.8 stabilize_p50_ms=587.8 stabilize_p95_ms=1169.9
      final display note metrics: precision=0.907 recall=0.780 f1=0.839 matched=39/50 pred=43
      final display strict onset f1: 10ms=0.516 20ms=0.817 30ms=0.839
      final display timing: offset_f1=0.774 rhythm_precision=0.923 note_value_acc=0.462 note_value_n=39 avg_beat_error=0.184
      final display structure: cluster_f1=0.542 onset_align_recall=0.917 avg_jaccard=0.809 exact=13/24 pred=24 over=3 under=6 pitch_conflicts=0 missed_gt=2
      threshold profiles: hit_rate=0.000 thresholds=[0.7] profiles={'fixed_baseline': 10}
    treatment:
      note metrics: precision=0.907 recall=0.780 f1=0.839 matched=39/50 pred=43
      strict onset f1: 10ms=0.516 20ms=0.817 30ms=0.839
      timing metrics: offset_f1=0.774 rhythm_precision=0.923 note_value_acc=0.692 note_value_n=39 avg_beat_error=0.139
      duplicate metrics: duplicates=0 per_100_notes=0.00
      boundary metrics: gt=11 matched=9 missed=2 miss_rate=0.182
      latency: avg_chunk_ms=32.48 p95_chunk_ms=44.88 avg_rtf=0.054
      notation metrics: first_correct_ms=42.6 visible_p50_ms=329.3 visible_p95_ms=577.3 stabilize_p50_ms=1025.6 stabilize_p95_ms=1601.1 avg_revisions=0.80 matched=20 refined=20 snapshots=18
      algorithmic latency: first_correct_ms=19.0 visible_p50_ms=293.9 visible_p95_ms=550.8 stabilize_p50_ms=587.8 stabilize_p95_ms=1169.9
      final display note metrics: precision=0.905 recall=0.760 f1=0.826 matched=38/50 pred=42
      final display strict onset f1: 10ms=0.500 20ms=0.804 30ms=0.826
      final display timing: offset_f1=0.761 rhythm_precision=0.921 note_value_acc=0.447 note_value_n=38 avg_beat_error=0.189
      final display structure: cluster_f1=0.542 onset_align_recall=0.917 avg_jaccard=0.804 exact=13/24 pred=24 over=3 under=6 pitch_conflicts=0 missed_gt=2
      threshold profiles: hit_rate=0.100 thresholds=[0.7, 0.72] profiles={'baseline_nominal': 9, 'loud_dense_precision': 1}
    delta treatment-control: precision=-0.002 recall=-0.020 f1=-0.012 offset_f1=-0.013 note_value_acc=-0.008 dup_per_100=+0.00 boundary_miss_rate=+0.000 p95_chunk_ms=+3.07 f1_10ms=-0.016 f1_20ms=-0.013 f1_30ms=-0.012 visible_p50_ms=+2.6 stabilize_p50_ms=+1.6 algo_visible_p50_ms=+0.0 algo_stabilize_p50_ms=+0.0 avg_revisions=+0.00 display_note_f1=-0.013 display_offset_f1=-0.013 display_cluster_f1=+0.000 display_cluster_jaccard=-0.004
    failure buckets: ['boundary_miss_failure', 'high_revision_slow_stabilization']
      boundary diagnostics: missed=2 by_arm={'control': 2, 'treatment': 2} tags={'control_boundary_miss': 2, 'no_control_coarse_candidate': 2}
        miss: pitch=81 onset=1.704s boundary_delta_ms=-95.6 control_coarse=False treatment_coarse=False retro=n/a
        miss: pitch=98 onset=5.426s boundary_delta_ms=+25.8 control_coarse=False treatment_coarse=False retro=n/a
[TIMING] EnhancedMel.transcribe: audio_to_gpu=0.5ms, features=0.8ms, model=21.2ms, decode=2.6ms | TOTAL=25.2ms for 600ms audio (RTF=0.04x)
[TIMING] stream_chunk[experiment-79ac4a2cbf5d40ccb17782d9d657a9bc](live_neural): decode=0.3ms, inference=29.0ms, second_pass=0.0ms, contention=0.0ms, TOTAL=29.3ms | audio=600ms, RTF=0.05x | model=enhanced_mel, neural_total=28.4ms, model_inference=21.2ms
[TIMING] EnhancedMel.transcribe: audio_to_gpu=0.2ms, features=0.6ms, model=15.9ms, decode=3.2ms | TOTAL=19.9ms for 1200ms audio (RTF=0.02x)
[TIMING] stream_chunk[experiment-79ac4a2cbf5d40ccb17782d9d657a9bc](live_neural): decode=0.2ms, inference=24.1ms, second_pass=0.0ms, contention=0.0ms, TOTAL=24.4ms | audio=600ms, RTF=0.04x | model=enhanced_mel, neural_total=23.6ms, model_inference=15.9ms
[TIMING] EnhancedMel.transcribe: audio_to_gpu=0.3ms, features=0.7ms, model=20.6ms, decode=5.6ms | TOTAL=27.2ms for 1800ms audio (RTF=0.02x)
[TIMING] stream_chunk[experiment-79ac4a2cbf5d40ccb17782d9d657a9bc](live_neural): decode=0.5ms, inference=30.7ms, second_pass=0.0ms, contention=0.0ms, TOTAL=31.3ms | audio=600ms, RTF=0.05x | model=enhanced_mel, neural_total=30.2ms, model_inference=20.6ms
[TIMING] EnhancedMel.transcribe: audio_to_gpu=0.3ms, features=3.3ms, model=20.1ms, decode=6.9ms | TOTAL=30.5ms for 2400ms audio (RTF=0.01x)
[TIMING] stream_chunk[experiment-79ac4a2cbf5d40ccb17782d9d657a9bc](live_neural): decode=0.2ms, inference=34.8ms, second_pass=0.0ms, contention=0.0ms, TOTAL=35.2ms | audio=600ms, RTF=0.06x | model=enhanced_mel, neural_total=33.5ms, model_inference=20.1ms
[TIMING] EnhancedMel.transcribe: audio_to_gpu=0.3ms, features=0.7ms, model=25.4ms, decode=11.9ms | TOTAL=38.3ms for 3000ms audio (RTF=0.01x)
[TIMING] stream_chunk[experiment-79ac4a2cbf5d40ccb17782d9d657a9bc](live_neural): decode=0.3ms, inference=43.4ms, second_pass=0.0ms, contention=0.0ms, TOTAL=43.9ms | audio=600ms, RTF=0.07x | model=enhanced_mel, neural_total=42.9ms, model_inference=25.4ms
[TIMING] EnhancedMel.transcribe: audio_to_gpu=0.3ms, features=0.8ms, model=16.4ms, decode=10.0ms | TOTAL=27.4ms for 3600ms audio (RTF=0.01x)
[TIMING] stream_chunk[experiment-79ac4a2cbf5d40ccb17782d9d657a9bc](live_neural): decode=0.2ms, inference=31.3ms, second_pass=0.0ms, contention=0.0ms, TOTAL=31.6ms | audio=600ms, RTF=0.05x | model=enhanced_mel, neural_total=30.8ms, model_inference=16.4ms
[TIMING] EnhancedMel.transcribe: audio_to_gpu=0.3ms, features=0.6ms, model=17.9ms, decode=11.0ms | TOTAL=29.8ms for 4200ms audio (RTF=0.01x)
[TIMING] stream_chunk[experiment-79ac4a2cbf5d40ccb17782d9d657a9bc](live_neural): decode=0.1ms, inference=33.8ms, second_pass=0.0ms, contention=0.0ms, TOTAL=34.1ms | audio=600ms, RTF=0.06x | model=enhanced_mel, neural_total=33.3ms, model_inference=17.9ms
[TIMING] EnhancedMel.transcribe: audio_to_gpu=0.3ms, features=0.5ms, model=20.4ms, decode=11.8ms | TOTAL=33.1ms for 4200ms audio (RTF=0.01x)
[TIMING] stream_chunk[experiment-79ac4a2cbf5d40ccb17782d9d657a9bc](live_neural): decode=0.2ms, inference=36.9ms, second_pass=0.0ms, contention=0.0ms, TOTAL=37.3ms | audio=600ms, RTF=0.06x | model=enhanced_mel, neural_total=36.5ms, model_inference=20.4ms
[TIMING] EnhancedMel.transcribe: audio_to_gpu=0.3ms, features=0.6ms, model=19.4ms, decode=11.6ms | TOTAL=32.0ms for 4200ms audio (RTF=0.01x)
[TIMING] stream_chunk[experiment-79ac4a2cbf5d40ccb17782d9d657a9bc](live_neural): decode=0.2ms, inference=37.1ms, second_pass=0.0ms, contention=0.0ms, TOTAL=37.5ms | audio=600ms, RTF=0.06x | model=enhanced_mel, neural_total=36.7ms, model_inference=19.4ms
[TIMING] EnhancedMel.transcribe: audio_to_gpu=0.3ms, features=0.6ms, model=18.2ms, decode=16.9ms | TOTAL=36.0ms for 4200ms audio (RTF=0.01x)
[TIMING] stream_chunk[experiment-79ac4a2cbf5d40ccb17782d9d657a9bc](live_neural): decode=0.1ms, inference=40.1ms, second_pass=0.0ms, contention=0.0ms, TOTAL=40.4ms | audio=600ms, RTF=0.07x | model=enhanced_mel, neural_total=39.6ms, model_inference=18.2ms
[TIMING] EnhancedMel.transcribe: audio_to_gpu=2.7ms, features=0.8ms, model=17.0ms, decode=1.5ms | TOTAL=22.0ms for 600ms audio (RTF=0.04x)
[TIMING] stream_chunk[experiment-e701990c3c7541ff825414dd3d47ffea](live_neural): decode=0.2ms, inference=25.6ms, second_pass=0.0ms, contention=0.0ms, TOTAL=25.8ms | audio=600ms, RTF=0.04x | model=enhanced_mel, neural_total=25.1ms, model_inference=17.0ms
[TIMING] EnhancedMel.transcribe: audio_to_gpu=0.2ms, features=0.6ms, model=19.9ms, decode=3.8ms | TOTAL=24.5ms for 1200ms audio (RTF=0.02x)
[TIMING] stream_chunk[experiment-e701990c3c7541ff825414dd3d47ffea](live_neural): decode=0.2ms, inference=27.8ms, second_pass=0.0ms, contention=0.0ms, TOTAL=28.1ms | audio=600ms, RTF=0.05x | model=enhanced_mel, neural_total=27.4ms, model_inference=19.9ms
[TIMING] EnhancedMel.transcribe: audio_to_gpu=0.3ms, features=0.5ms, model=19.1ms, decode=4.5ms | TOTAL=24.4ms for 1800ms audio (RTF=0.01x)
[TIMING] stream_chunk[experiment-e701990c3c7541ff825414dd3d47ffea](live_neural): decode=0.2ms, inference=28.7ms, second_pass=0.0ms, contention=0.0ms, TOTAL=29.0ms | audio=600ms, RTF=0.05x | model=enhanced_mel, neural_total=28.3ms, model_inference=19.1ms
[TIMING] EnhancedMel.transcribe: audio_to_gpu=0.2ms, features=0.7ms, model=18.0ms, decode=9.3ms | TOTAL=28.2ms for 2400ms audio (RTF=0.01x)
[TIMING] stream_chunk[experiment-e701990c3c7541ff825414dd3d47ffea](live_neural): decode=0.2ms, inference=33.2ms, second_pass=0.0ms, contention=0.0ms, TOTAL=33.5ms | audio=600ms, RTF=0.06x | model=enhanced_mel, neural_total=32.6ms, model_inference=18.0ms
[TIMING] EnhancedMel.transcribe: audio_to_gpu=0.3ms, features=0.7ms, model=20.6ms, decode=6.8ms | TOTAL=28.5ms for 3000ms audio (RTF=0.01x)
[TIMING] stream_chunk[experiment-e701990c3c7541ff825414dd3d47ffea](live_neural): decode=0.3ms, inference=33.5ms, second_pass=0.0ms, contention=0.0ms, TOTAL=34.0ms | audio=600ms, RTF=0.06x | model=enhanced_mel, neural_total=33.1ms, model_inference=20.6ms
[TIMING] EnhancedMel.transcribe: audio_to_gpu=0.3ms, features=0.7ms, model=21.1ms, decode=15.2ms | TOTAL=37.3ms for 3600ms audio (RTF=0.01x)
[TIMING] stream_chunk[experiment-e701990c3c7541ff825414dd3d47ffea](live_neural): decode=0.3ms, inference=43.2ms, second_pass=0.0ms, contention=0.0ms, TOTAL=43.6ms | audio=600ms, RTF=0.07x | model=enhanced_mel, neural_total=42.6ms, model_inference=21.1ms
[TIMING] EnhancedMel.transcribe: audio_to_gpu=0.3ms, features=0.6ms, model=16.6ms, decode=10.0ms | TOTAL=27.5ms for 4200ms audio (RTF=0.01x)
[TIMING] stream_chunk[experiment-e701990c3c7541ff825414dd3d47ffea](live_neural): decode=0.2ms, inference=32.1ms, second_pass=0.0ms, contention=0.0ms, TOTAL=32.5ms | audio=600ms, RTF=0.05x | model=enhanced_mel, neural_total=31.7ms, model_inference=16.6ms
[TIMING] EnhancedMel.transcribe: audio_to_gpu=0.2ms, features=1.3ms, model=15.5ms, decode=10.9ms | TOTAL=28.0ms for 4200ms audio (RTF=0.01x)
[TIMING] stream_chunk[experiment-e701990c3c7541ff825414dd3d47ffea](live_neural): decode=0.2ms, inference=31.9ms, second_pass=0.0ms, contention=0.0ms, TOTAL=32.3ms | audio=600ms, RTF=0.05x | model=enhanced_mel, neural_total=31.4ms, model_inference=15.5ms
[TIMING] EnhancedMel.transcribe: audio_to_gpu=0.3ms, features=0.7ms, model=15.8ms, decode=9.1ms | TOTAL=25.9ms for 4200ms audio (RTF=0.01x)
[TIMING] stream_chunk[experiment-e701990c3c7541ff825414dd3d47ffea](live_neural): decode=0.1ms, inference=28.5ms, second_pass=0.0ms, contention=0.0ms, TOTAL=28.7ms | audio=600ms, RTF=0.05x | model=enhanced_mel, neural_total=28.1ms, model_inference=15.8ms
[TIMING] EnhancedMel.transcribe: audio_to_gpu=0.3ms, features=0.5ms, model=14.2ms, decode=7.0ms | TOTAL=22.0ms for 4200ms audio (RTF=0.01x)
[TIMING] stream_chunk[experiment-e701990c3c7541ff825414dd3d47ffea](live_neural): decode=0.1ms, inference=24.6ms, second_pass=0.0ms, contention=0.0ms, TOTAL=24.9ms | audio=600ms, RTF=0.04x | model=enhanced_mel, neural_total=24.1ms, model_inference=14.2ms

[CLIP_013] Sonata No. 9
  excerpt: start=0.00s end=6.00s duration=6.00s gt_notes=18 rms=0.0169 peak=0.0999 crest=5.898 rms_std=0.0093
    control:
      note metrics: precision=0.857 recall=1.000 f1=0.923 matched=18/18 pred=21
      strict onset f1: 10ms=0.718 20ms=0.923 30ms=0.923
      timing metrics: offset_f1=0.103 rhythm_precision=0.111 note_value_acc=0.056 note_value_n=18 avg_beat_error=1.580
      duplicate metrics: duplicates=0 per_100_notes=0.00
      boundary metrics: gt=1 matched=1 missed=0 miss_rate=0.000
      latency: avg_chunk_ms=34.51 p95_chunk_ms=42.30 avg_rtf=0.058
      notation metrics: first_correct_ms=155.4 visible_p50_ms=279.7 visible_p95_ms=414.9 stabilize_p50_ms=1483.1 stabilize_p95_ms=3417.2 avg_revisions=1.60 matched=5 refined=5 snapshots=14
      algorithmic latency: first_correct_ms=131.0 visible_p50_ms=245.6 visible_p95_ms=379.7 stabilize_p50_ms=1445.6 stabilize_p95_ms=3379.7
      final display note metrics: precision=0.857 recall=1.000 f1=0.923 matched=18/18 pred=21
      final display strict onset f1: 10ms=0.718 20ms=0.923 30ms=0.923
      final display timing: offset_f1=0.103 rhythm_precision=0.111 note_value_acc=0.000 note_value_n=18 avg_beat_error=1.463
      final display structure: cluster_f1=0.667 onset_align_recall=1.000 avg_jaccard=0.852 exact=7/9 pred=12 over=1 under=1 pitch_conflicts=0 missed_gt=0
      threshold profiles: hit_rate=0.000 thresholds=[0.7] profiles={'fixed_baseline': 10}
    treatment:
      note metrics: precision=0.818 recall=1.000 f1=0.900 matched=18/18 pred=22
      strict onset f1: 10ms=0.700 20ms=0.900 30ms=0.900
      timing metrics: offset_f1=0.100 rhythm_precision=0.111 note_value_acc=0.056 note_value_n=18 avg_beat_error=1.580
      duplicate metrics: duplicates=0 per_100_notes=0.00
      boundary metrics: gt=1 matched=1 missed=0 miss_rate=0.000
      latency: avg_chunk_ms=31.25 p95_chunk_ms=39.27 avg_rtf=0.052
      notation metrics: first_correct_ms=159.1 visible_p50_ms=278.1 visible_p95_ms=413.2 stabilize_p50_ms=1474.3 stabilize_p95_ms=2723.2 avg_revisions=1.20 matched=5 refined=5 snapshots=15
      algorithmic latency: first_correct_ms=131.0 visible_p50_ms=245.6 visible_p95_ms=379.7 stabilize_p50_ms=1445.6 stabilize_p95_ms=2179.7
      final display note metrics: precision=0.818 recall=1.000 f1=0.900 matched=18/18 pred=22
      final display strict onset f1: 10ms=0.700 20ms=0.900 30ms=0.900
      final display timing: offset_f1=0.100 rhythm_precision=0.111 note_value_acc=0.000 note_value_n=18 avg_beat_error=1.387
      final display structure: cluster_f1=0.636 onset_align_recall=1.000 avg_jaccard=0.852 exact=7/9 pred=13 over=1 under=1 pitch_conflicts=0 missed_gt=0
      threshold profiles: hit_rate=1.000 thresholds=[0.66] profiles={'soft_sparse_recall': 10}
    delta treatment-control: precision=-0.039 recall=+0.000 f1=-0.023 offset_f1=-0.003 note_value_acc=+0.000 dup_per_100=+0.00 boundary_miss_rate=+0.000 p95_chunk_ms=-3.03 f1_10ms=-0.018 f1_20ms=-0.023 f1_30ms=-0.023 visible_p50_ms=-1.6 stabilize_p50_ms=-8.8 algo_visible_p50_ms=+0.0 algo_stabilize_p50_ms=+0.0 avg_revisions=-0.40 display_note_f1=-0.023 display_offset_f1=-0.003 display_cluster_f1=-0.030 display_cluster_jaccard=+0.000
    failure buckets: ['high_revision_slow_stabilization', 'note_value_offset_failure']
[TIMING] EnhancedMel.transcribe: audio_to_gpu=0.6ms, features=1.1ms, model=16.4ms, decode=1.3ms | TOTAL=19.4ms for 600ms audio (RTF=0.03x)
[TIMING] stream_chunk[experiment-ab78978596d04ba3aee0a6a285c4cc19](live_neural): decode=0.2ms, inference=22.9ms, second_pass=0.0ms, contention=0.0ms, TOTAL=23.2ms | audio=600ms, RTF=0.04x | model=enhanced_mel, neural_total=22.2ms, model_inference=16.4ms
[TIMING] EnhancedMel.transcribe: audio_to_gpu=0.1ms, features=3.5ms, model=16.4ms, decode=3.6ms | TOTAL=23.6ms for 1200ms audio (RTF=0.02x)
[TIMING] stream_chunk[experiment-ab78978596d04ba3aee0a6a285c4cc19](live_neural): decode=0.2ms, inference=27.3ms, second_pass=0.0ms, contention=0.0ms, TOTAL=27.7ms | audio=600ms, RTF=0.05x | model=enhanced_mel, neural_total=26.8ms, model_inference=16.4ms
[TIMING] EnhancedMel.transcribe: audio_to_gpu=0.2ms, features=0.5ms, model=15.1ms, decode=7.1ms | TOTAL=22.9ms for 1800ms audio (RTF=0.01x)
[TIMING] stream_chunk[experiment-ab78978596d04ba3aee0a6a285c4cc19](live_neural): decode=0.3ms, inference=27.0ms, second_pass=0.0ms, contention=0.0ms, TOTAL=27.3ms | audio=600ms, RTF=0.05x | model=enhanced_mel, neural_total=26.4ms, model_inference=15.1ms
[TIMING] EnhancedMel.transcribe: audio_to_gpu=0.2ms, features=0.6ms, model=16.6ms, decode=5.9ms | TOTAL=23.3ms for 2400ms audio (RTF=0.01x)
[TIMING] stream_chunk[experiment-ab78978596d04ba3aee0a6a285c4cc19](live_neural): decode=0.2ms, inference=28.8ms, second_pass=0.0ms, contention=0.0ms, TOTAL=29.1ms | audio=600ms, RTF=0.05x | model=enhanced_mel, neural_total=28.3ms, model_inference=16.6ms
[TIMING] EnhancedMel.transcribe: audio_to_gpu=0.3ms, features=0.6ms, model=22.0ms, decode=11.9ms | TOTAL=34.9ms for 3000ms audio (RTF=0.01x)
[TIMING] stream_chunk[experiment-ab78978596d04ba3aee0a6a285c4cc19](live_neural): decode=0.3ms, inference=40.3ms, second_pass=0.0ms, contention=0.0ms, TOTAL=40.8ms | audio=600ms, RTF=0.07x | model=enhanced_mel, neural_total=39.7ms, model_inference=22.0ms
[TIMING] EnhancedMel.transcribe: audio_to_gpu=0.3ms, features=0.7ms, model=24.2ms, decode=8.2ms | TOTAL=33.3ms for 3600ms audio (RTF=0.01x)
[TIMING] stream_chunk[experiment-ab78978596d04ba3aee0a6a285c4cc19](live_neural): decode=0.3ms, inference=38.2ms, second_pass=0.0ms, contention=0.0ms, TOTAL=38.6ms | audio=600ms, RTF=0.06x | model=enhanced_mel, neural_total=37.7ms, model_inference=24.2ms
[TIMING] EnhancedMel.transcribe: audio_to_gpu=0.2ms, features=0.6ms, model=15.6ms, decode=9.6ms | TOTAL=26.1ms for 4200ms audio (RTF=0.01x)
[TIMING] stream_chunk[experiment-ab78978596d04ba3aee0a6a285c4cc19](live_neural): decode=0.2ms, inference=31.4ms, second_pass=0.0ms, contention=0.0ms, TOTAL=31.7ms | audio=600ms, RTF=0.05x | model=enhanced_mel, neural_total=30.9ms, model_inference=15.6ms
[TIMING] EnhancedMel.transcribe: audio_to_gpu=0.3ms, features=1.0ms, model=15.5ms, decode=15.6ms | TOTAL=32.4ms for 4200ms audio (RTF=0.01x)
[TIMING] stream_chunk[experiment-ab78978596d04ba3aee0a6a285c4cc19](live_neural): decode=0.2ms, inference=37.9ms, second_pass=0.0ms, contention=0.0ms, TOTAL=38.2ms | audio=600ms, RTF=0.06x | model=enhanced_mel, neural_total=37.3ms, model_inference=15.5ms
[TIMING] EnhancedMel.transcribe: audio_to_gpu=0.3ms, features=2.0ms, model=20.0ms, decode=9.8ms | TOTAL=32.1ms for 4200ms audio (RTF=0.01x)
[TIMING] stream_chunk[experiment-ab78978596d04ba3aee0a6a285c4cc19](live_neural): decode=0.1ms, inference=38.1ms, second_pass=0.0ms, contention=0.0ms, TOTAL=38.3ms | audio=600ms, RTF=0.06x | model=enhanced_mel, neural_total=37.4ms, model_inference=20.0ms
[TIMING] EnhancedMel.transcribe: audio_to_gpu=0.4ms, features=4.1ms, model=23.0ms, decode=12.1ms | TOTAL=39.5ms for 4200ms audio (RTF=0.01x)
[TIMING] stream_chunk[experiment-ab78978596d04ba3aee0a6a285c4cc19](live_neural): decode=0.2ms, inference=45.2ms, second_pass=0.0ms, contention=0.0ms, TOTAL=45.5ms | audio=600ms, RTF=0.08x | model=enhanced_mel, neural_total=44.7ms, model_inference=23.0ms
[TIMING] EnhancedMel.transcribe: audio_to_gpu=0.6ms, features=0.6ms, model=14.1ms, decode=1.5ms | TOTAL=16.8ms for 600ms audio (RTF=0.03x)
[TIMING] stream_chunk[experiment-ad790dfc94484093b5342bf9c9e8e38c](live_neural): decode=0.2ms, inference=19.0ms, second_pass=0.0ms, contention=0.0ms, TOTAL=19.2ms | audio=600ms, RTF=0.03x | model=enhanced_mel, neural_total=18.6ms, model_inference=14.1ms
[TIMING] EnhancedMel.transcribe: audio_to_gpu=0.1ms, features=5.7ms, model=18.6ms, decode=4.8ms | TOTAL=29.2ms for 1200ms audio (RTF=0.02x)
[TIMING] stream_chunk[experiment-ad790dfc94484093b5342bf9c9e8e38c](live_neural): decode=0.2ms, inference=31.8ms, second_pass=0.0ms, contention=0.0ms, TOTAL=32.1ms | audio=600ms, RTF=0.05x | model=enhanced_mel, neural_total=31.4ms, model_inference=18.6ms
[TIMING] EnhancedMel.transcribe: audio_to_gpu=0.2ms, features=2.0ms, model=14.3ms, decode=3.0ms | TOTAL=19.6ms for 1800ms audio (RTF=0.01x)
[TIMING] stream_chunk[experiment-ad790dfc94484093b5342bf9c9e8e38c](live_neural): decode=0.2ms, inference=22.6ms, second_pass=0.0ms, contention=0.0ms, TOTAL=22.8ms | audio=600ms, RTF=0.04x | model=enhanced_mel, neural_total=22.2ms, model_inference=14.3ms
[TIMING] EnhancedMel.transcribe: audio_to_gpu=0.2ms, features=1.4ms, model=21.3ms, decode=5.2ms | TOTAL=28.1ms for 2400ms audio (RTF=0.01x)
[TIMING] stream_chunk[experiment-ad790dfc94484093b5342bf9c9e8e38c](live_neural): decode=0.1ms, inference=30.1ms, second_pass=0.0ms, contention=0.0ms, TOTAL=30.4ms | audio=600ms, RTF=0.05x | model=enhanced_mel, neural_total=29.8ms, model_inference=21.3ms
[TIMING] EnhancedMel.transcribe: audio_to_gpu=0.4ms, features=0.6ms, model=11.8ms, decode=5.9ms | TOTAL=18.7ms for 3000ms audio (RTF=0.01x)
[TIMING] stream_chunk[experiment-ad790dfc94484093b5342bf9c9e8e38c](live_neural): decode=0.2ms, inference=22.2ms, second_pass=0.0ms, contention=0.0ms, TOTAL=22.5ms | audio=600ms, RTF=0.04x | model=enhanced_mel, neural_total=21.7ms, model_inference=11.8ms
[TIMING] EnhancedMel.transcribe: audio_to_gpu=0.2ms, features=4.7ms, model=14.7ms, decode=6.7ms | TOTAL=26.4ms for 3600ms audio (RTF=0.01x)
[TIMING] stream_chunk[experiment-ad790dfc94484093b5342bf9c9e8e38c](live_neural): decode=0.1ms, inference=28.7ms, second_pass=0.0ms, contention=0.0ms, TOTAL=28.9ms | audio=600ms, RTF=0.05x | model=enhanced_mel, neural_total=28.3ms, model_inference=14.7ms
[TIMING] EnhancedMel.transcribe: audio_to_gpu=0.3ms, features=0.5ms, model=15.0ms, decode=8.5ms | TOTAL=24.3ms for 4200ms audio (RTF=0.01x)
[TIMING] stream_chunk[experiment-ad790dfc94484093b5342bf9c9e8e38c](live_neural): decode=0.2ms, inference=26.7ms, second_pass=0.0ms, contention=0.0ms, TOTAL=27.0ms | audio=600ms, RTF=0.05x | model=enhanced_mel, neural_total=26.4ms, model_inference=15.0ms
[TIMING] EnhancedMel.transcribe: audio_to_gpu=0.4ms, features=0.8ms, model=15.9ms, decode=9.8ms | TOTAL=26.9ms for 4200ms audio (RTF=0.01x)
[TIMING] stream_chunk[experiment-ad790dfc94484093b5342bf9c9e8e38c](live_neural): decode=0.1ms, inference=33.1ms, second_pass=0.0ms, contention=0.0ms, TOTAL=33.4ms | audio=600ms, RTF=0.06x | model=enhanced_mel, neural_total=32.6ms, model_inference=15.9ms
[TIMING] EnhancedMel.transcribe: audio_to_gpu=0.3ms, features=2.1ms, model=16.7ms, decode=10.0ms | TOTAL=29.1ms for 4200ms audio (RTF=0.01x)
[TIMING] stream_chunk[experiment-ad790dfc94484093b5342bf9c9e8e38c](live_neural): decode=0.1ms, inference=33.1ms, second_pass=0.0ms, contention=0.0ms, TOTAL=33.4ms | audio=600ms, RTF=0.06x | model=enhanced_mel, neural_total=32.6ms, model_inference=16.7ms
[TIMING] EnhancedMel.transcribe: audio_to_gpu=0.3ms, features=0.7ms, model=20.0ms, decode=16.8ms | TOTAL=37.8ms for 4200ms audio (RTF=0.01x)
[TIMING] stream_chunk[experiment-ad790dfc94484093b5342bf9c9e8e38c](live_neural): decode=0.1ms, inference=40.8ms, second_pass=0.0ms, contention=0.0ms, TOTAL=41.1ms | audio=600ms, RTF=0.07x | model=enhanced_mel, neural_total=40.3ms, model_inference=20.0ms

[CLIP_014] Sonata No. 9
  excerpt: start=6.00s end=12.00s duration=6.00s gt_notes=18 rms=0.0208 peak=0.1336 crest=6.421 rms_std=0.0097
    control:
      note metrics: precision=0.750 recall=1.000 f1=0.857 matched=18/18 pred=24
      strict onset f1: 10ms=0.619 20ms=0.857 30ms=0.857
      timing metrics: offset_f1=0.238 rhythm_precision=0.278 note_value_acc=0.000 note_value_n=18 avg_beat_error=1.306
      duplicate metrics: duplicates=0 per_100_notes=0.00
      boundary metrics: gt=14 matched=14 missed=0 miss_rate=0.000
      latency: avg_chunk_ms=34.05 p95_chunk_ms=43.41 avg_rtf=0.057
      notation metrics: first_correct_ms=516.9 visible_p50_ms=557.2 visible_p95_ms=597.1 stabilize_p50_ms=2975.6 stabilize_p95_ms=3432.5 avg_revisions=3.29 matched=7 refined=7 snapshots=15
      algorithmic latency: first_correct_ms=471.4 visible_p50_ms=525.5 visible_p95_ms=561.6 stabilize_p50_ms=1761.7 stabilize_p95_ms=3190.7
      final display note metrics: precision=0.739 recall=0.944 f1=0.829 matched=17/18 pred=23
      final display strict onset f1: 10ms=0.634 20ms=0.829 30ms=0.829
      final display timing: offset_f1=0.244 rhythm_precision=0.294 note_value_acc=0.000 note_value_n=17 avg_beat_error=1.176
      final display structure: cluster_f1=0.400 onset_align_recall=1.000 avg_jaccard=0.741 exact=4/9 pred=11 over=3 under=0 pitch_conflicts=2 missed_gt=0
      threshold profiles: hit_rate=0.000 thresholds=[0.7] profiles={'fixed_baseline': 10}
    treatment:
      note metrics: precision=0.720 recall=1.000 f1=0.837 matched=18/18 pred=25
      strict onset f1: 10ms=0.605 20ms=0.837 30ms=0.837
      timing metrics: offset_f1=0.233 rhythm_precision=0.278 note_value_acc=0.000 note_value_n=18 avg_beat_error=1.306
      duplicate metrics: duplicates=0 per_100_notes=0.00
      boundary metrics: gt=14 matched=14 missed=0 miss_rate=0.000
      latency: avg_chunk_ms=29.09 p95_chunk_ms=37.62 avg_rtf=0.049
      notation metrics: first_correct_ms=512.4 visible_p50_ms=552.6 visible_p95_ms=594.1 stabilize_p50_ms=2367.2 stabilize_p95_ms=3330.7 avg_revisions=2.43 matched=7 refined=7 snapshots=18
      algorithmic latency: first_correct_ms=471.4 visible_p50_ms=525.5 visible_p95_ms=561.6 stabilize_p50_ms=1733.1 stabilize_p95_ms=2763.6
      final display note metrics: precision=0.708 recall=0.944 f1=0.810 matched=17/18 pred=24
      final display strict onset f1: 10ms=0.619 20ms=0.810 30ms=0.810
      final display timing: offset_f1=0.238 rhythm_precision=0.294 note_value_acc=0.000 note_value_n=17 avg_beat_error=1.140
      final display structure: cluster_f1=0.381 onset_align_recall=1.000 avg_jaccard=0.741 exact=4/9 pred=12 over=3 under=0 pitch_conflicts=2 missed_gt=0
      threshold profiles: hit_rate=1.000 thresholds=[0.66] profiles={'soft_sparse_recall': 10}
    delta treatment-control: precision=-0.030 recall=+0.000 f1=-0.020 offset_f1=-0.006 note_value_acc=+0.000 dup_per_100=+0.00 boundary_miss_rate=+0.000 p95_chunk_ms=-5.79 f1_10ms=-0.014 f1_20ms=-0.020 f1_30ms=-0.020 visible_p50_ms=-4.6 stabilize_p50_ms=-608.5 algo_visible_p50_ms=+0.0 algo_stabilize_p50_ms=-28.6 avg_revisions=-0.86 display_note_f1=-0.020 display_offset_f1=-0.006 display_cluster_f1=-0.019 display_cluster_jaccard=+0.000
    failure buckets: ['high_revision_slow_stabilization', 'note_value_offset_failure']
[TIMING] EnhancedMel.transcribe: audio_to_gpu=0.4ms, features=0.8ms, model=22.1ms, decode=4.5ms | TOTAL=27.9ms for 600ms audio (RTF=0.05x)
[TIMING] stream_chunk[experiment-80c08b230a8c4331828d7cb447f0b3e3](live_neural): decode=0.3ms, inference=31.6ms, second_pass=0.0ms, contention=0.0ms, TOTAL=32.1ms | audio=600ms, RTF=0.05x | model=enhanced_mel, neural_total=31.1ms, model_inference=22.1ms
[TIMING] EnhancedMel.transcribe: audio_to_gpu=0.3ms, features=0.5ms, model=18.1ms, decode=4.1ms | TOTAL=23.1ms for 1200ms audio (RTF=0.02x)
[TIMING] stream_chunk[experiment-80c08b230a8c4331828d7cb447f0b3e3](live_neural): decode=0.2ms, inference=25.8ms, second_pass=0.0ms, contention=0.0ms, TOTAL=26.1ms | audio=600ms, RTF=0.04x | model=enhanced_mel, neural_total=25.3ms, model_inference=18.1ms
[TIMING] EnhancedMel.transcribe: audio_to_gpu=0.3ms, features=4.7ms, model=17.1ms, decode=6.6ms | TOTAL=28.7ms for 1800ms audio (RTF=0.02x)
[TIMING] stream_chunk[experiment-80c08b230a8c4331828d7cb447f0b3e3](live_neural): decode=0.2ms, inference=31.7ms, second_pass=0.0ms, contention=0.0ms, TOTAL=32.1ms | audio=600ms, RTF=0.05x | model=enhanced_mel, neural_total=31.1ms, model_inference=17.1ms
[TIMING] EnhancedMel.transcribe: audio_to_gpu=0.4ms, features=0.7ms, model=21.9ms, decode=6.9ms | TOTAL=30.0ms for 2400ms audio (RTF=0.01x)
[TIMING] stream_chunk[experiment-80c08b230a8c4331828d7cb447f0b3e3](live_neural): decode=0.2ms, inference=35.1ms, second_pass=0.0ms, contention=0.0ms, TOTAL=35.6ms | audio=600ms, RTF=0.06x | model=enhanced_mel, neural_total=34.7ms, model_inference=21.9ms
[TIMING] EnhancedMel.transcribe: audio_to_gpu=0.3ms, features=2.8ms, model=18.1ms, decode=14.5ms | TOTAL=35.7ms for 3000ms audio (RTF=0.01x)
[TIMING] stream_chunk[experiment-80c08b230a8c4331828d7cb447f0b3e3](live_neural): decode=0.3ms, inference=40.2ms, second_pass=0.0ms, contention=0.0ms, TOTAL=40.9ms | audio=600ms, RTF=0.07x | model=enhanced_mel, neural_total=39.4ms, model_inference=18.1ms
[TIMING] EnhancedMel.transcribe: audio_to_gpu=0.4ms, features=2.6ms, model=21.5ms, decode=13.4ms | TOTAL=37.8ms for 3600ms audio (RTF=0.01x)
[TIMING] stream_chunk[experiment-80c08b230a8c4331828d7cb447f0b3e3](live_neural): decode=0.2ms, inference=43.9ms, second_pass=0.0ms, contention=0.0ms, TOTAL=44.7ms | audio=600ms, RTF=0.07x | model=enhanced_mel, neural_total=43.3ms, model_inference=21.5ms
[TIMING] EnhancedMel.transcribe: audio_to_gpu=0.3ms, features=0.7ms, model=18.7ms, decode=19.5ms | TOTAL=39.2ms for 4200ms audio (RTF=0.01x)
[TIMING] stream_chunk[experiment-80c08b230a8c4331828d7cb447f0b3e3](live_neural): decode=0.2ms, inference=44.8ms, second_pass=0.0ms, contention=0.0ms, TOTAL=45.5ms | audio=600ms, RTF=0.08x | model=enhanced_mel, neural_total=44.1ms, model_inference=18.7ms
[TIMING] EnhancedMel.transcribe: audio_to_gpu=0.3ms, features=0.6ms, model=19.8ms, decode=14.4ms | TOTAL=35.1ms for 4200ms audio (RTF=0.01x)
[TIMING] stream_chunk[experiment-80c08b230a8c4331828d7cb447f0b3e3](live_neural): decode=0.3ms, inference=39.8ms, second_pass=0.0ms, contention=0.0ms, TOTAL=40.5ms | audio=600ms, RTF=0.07x | model=enhanced_mel, neural_total=39.1ms, model_inference=19.8ms
[TIMING] EnhancedMel.transcribe: audio_to_gpu=0.3ms, features=0.7ms, model=19.1ms, decode=15.1ms | TOTAL=35.1ms for 4200ms audio (RTF=0.01x)
[TIMING] stream_chunk[experiment-80c08b230a8c4331828d7cb447f0b3e3](live_neural): decode=0.3ms, inference=39.8ms, second_pass=0.0ms, contention=0.0ms, TOTAL=40.8ms | audio=600ms, RTF=0.07x | model=enhanced_mel, neural_total=39.2ms, model_inference=19.1ms
[TIMING] EnhancedMel.transcribe: audio_to_gpu=0.4ms, features=0.6ms, model=17.8ms, decode=19.2ms | TOTAL=37.9ms for 4200ms audio (RTF=0.01x)
[TIMING] stream_chunk[experiment-80c08b230a8c4331828d7cb447f0b3e3](live_neural): decode=0.2ms, inference=43.5ms, second_pass=0.0ms, contention=0.0ms, TOTAL=44.3ms | audio=600ms, RTF=0.07x | model=enhanced_mel, neural_total=42.8ms, model_inference=17.8ms
[TIMING] EnhancedMel.transcribe: audio_to_gpu=0.4ms, features=0.7ms, model=22.1ms, decode=2.7ms | TOTAL=26.0ms for 600ms audio (RTF=0.04x)
[TIMING] stream_chunk[experiment-ad1bd242ba39433d909947113519ce2c](live_neural): decode=0.3ms, inference=29.1ms, second_pass=0.0ms, contention=0.0ms, TOTAL=29.4ms | audio=600ms, RTF=0.05x | model=enhanced_mel, neural_total=28.5ms, model_inference=22.1ms
[TIMING] EnhancedMel.transcribe: audio_to_gpu=0.3ms, features=0.7ms, model=15.7ms, decode=4.4ms | TOTAL=21.1ms for 1200ms audio (RTF=0.02x)
[TIMING] stream_chunk[experiment-ad1bd242ba39433d909947113519ce2c](live_neural): decode=0.2ms, inference=24.4ms, second_pass=0.0ms, contention=0.0ms, TOTAL=25.0ms | audio=600ms, RTF=0.04x | model=enhanced_mel, neural_total=23.9ms, model_inference=15.7ms
[TIMING] EnhancedMel.transcribe: audio_to_gpu=0.2ms, features=0.6ms, model=16.0ms, decode=6.1ms | TOTAL=23.0ms for 1800ms audio (RTF=0.01x)
[TIMING] stream_chunk[experiment-ad1bd242ba39433d909947113519ce2c](live_neural): decode=0.3ms, inference=26.6ms, second_pass=0.0ms, contention=0.0ms, TOTAL=27.1ms | audio=600ms, RTF=0.05x | model=enhanced_mel, neural_total=26.1ms, model_inference=16.0ms
[TIMING] EnhancedMel.transcribe: audio_to_gpu=0.3ms, features=0.6ms, model=20.1ms, decode=6.6ms | TOTAL=27.6ms for 2400ms audio (RTF=0.01x)
[TIMING] stream_chunk[experiment-ad1bd242ba39433d909947113519ce2c](live_neural): decode=0.3ms, inference=31.2ms, second_pass=0.0ms, contention=0.0ms, TOTAL=31.6ms | audio=600ms, RTF=0.05x | model=enhanced_mel, neural_total=30.7ms, model_inference=20.1ms
[TIMING] EnhancedMel.transcribe: audio_to_gpu=0.3ms, features=0.8ms, model=20.2ms, decode=8.5ms | TOTAL=29.8ms for 3000ms audio (RTF=0.01x)
[TIMING] stream_chunk[experiment-ad1bd242ba39433d909947113519ce2c](live_neural): decode=0.2ms, inference=35.4ms, second_pass=0.0ms, contention=0.0ms, TOTAL=36.1ms | audio=600ms, RTF=0.06x | model=enhanced_mel, neural_total=34.8ms, model_inference=20.2ms
[TIMING] EnhancedMel.transcribe: audio_to_gpu=0.3ms, features=0.5ms, model=18.9ms, decode=18.7ms | TOTAL=38.4ms for 3600ms audio (RTF=0.01x)
[TIMING] stream_chunk[experiment-ad1bd242ba39433d909947113519ce2c](live_neural): decode=0.2ms, inference=45.7ms, second_pass=0.0ms, contention=0.0ms, TOTAL=46.4ms | audio=600ms, RTF=0.08x | model=enhanced_mel, neural_total=45.0ms, model_inference=18.9ms
[TIMING] EnhancedMel.transcribe: audio_to_gpu=0.4ms, features=0.6ms, model=18.2ms, decode=18.2ms | TOTAL=37.4ms for 4200ms audio (RTF=0.01x)
[TIMING] stream_chunk[experiment-ad1bd242ba39433d909947113519ce2c](live_neural): decode=0.2ms, inference=44.0ms, second_pass=0.0ms, contention=0.0ms, TOTAL=44.6ms | audio=600ms, RTF=0.07x | model=enhanced_mel, neural_total=43.4ms, model_inference=18.2ms
[TIMING] EnhancedMel.transcribe: audio_to_gpu=0.3ms, features=3.2ms, model=20.3ms, decode=12.2ms | TOTAL=36.0ms for 4200ms audio (RTF=0.01x)
[TIMING] stream_chunk[experiment-ad1bd242ba39433d909947113519ce2c](live_neural): decode=0.2ms, inference=40.5ms, second_pass=0.0ms, contention=0.0ms, TOTAL=41.3ms | audio=600ms, RTF=0.07x | model=enhanced_mel, neural_total=40.0ms, model_inference=20.3ms
[TIMING] EnhancedMel.transcribe: audio_to_gpu=0.4ms, features=1.1ms, model=24.0ms, decode=21.9ms | TOTAL=47.4ms for 4200ms audio (RTF=0.01x)
[TIMING] stream_chunk[experiment-ad1bd242ba39433d909947113519ce2c](live_neural): decode=0.3ms, inference=52.4ms, second_pass=0.0ms, contention=0.0ms, TOTAL=53.3ms | audio=600ms, RTF=0.09x | model=enhanced_mel, neural_total=51.7ms, model_inference=24.0ms
[TIMING] EnhancedMel.transcribe: audio_to_gpu=0.3ms, features=0.6ms, model=19.9ms, decode=22.1ms | TOTAL=42.9ms for 4200ms audio (RTF=0.01x)
[TIMING] stream_chunk[experiment-ad1bd242ba39433d909947113519ce2c](live_neural): decode=0.2ms, inference=47.4ms, second_pass=0.0ms, contention=0.0ms, TOTAL=48.2ms | audio=600ms, RTF=0.08x | model=enhanced_mel, neural_total=46.7ms, model_inference=19.9ms

[CLIP_015] Concert Etude No. 2 "Gnomenreigen"
  excerpt: start=21.00s end=27.00s duration=6.00s gt_notes=182 rms=0.0327 peak=0.2179 crest=6.658 rms_std=0.0112
    control:
      note metrics: precision=0.944 recall=0.918 f1=0.930 matched=167/182 pred=177
      strict onset f1: 10ms=0.724 20ms=0.919 30ms=0.930
      timing metrics: offset_f1=0.925 rhythm_precision=0.994 note_value_acc=0.946 note_value_n=167 avg_beat_error=0.006
      duplicate metrics: duplicates=6 per_100_notes=3.39
      boundary metrics: gt=54 matched=50 missed=4 miss_rate=0.074
      latency: avg_chunk_ms=38.25 p95_chunk_ms=45.15 avg_rtf=0.064
      notation metrics: first_correct_ms=67.1 visible_p50_ms=342.0 visible_p95_ms=621.6 stabilize_p50_ms=1720.5 stabilize_p95_ms=2105.3 avg_revisions=1.71 matched=63 refined=63 snapshots=19
      algorithmic latency: first_correct_ms=26.6 visible_p50_ms=301.3 visible_p95_ms=581.9 stabilize_p50_ms=1226.6 stabilize_p95_ms=1969.6
      final display note metrics: precision=0.976 recall=0.907 f1=0.940 matched=165/182 pred=169
      final display strict onset f1: 10ms=0.718 20ms=0.929 30ms=0.940
      final display timing: offset_f1=0.934 rhythm_precision=0.994 note_value_acc=0.418 note_value_n=165 avg_beat_error=0.072
      final display structure: cluster_f1=0.406 onset_align_recall=0.833 avg_jaccard=0.775 exact=29/78 pred=65 over=18 under=15 pitch_conflicts=3 missed_gt=13
      threshold profiles: hit_rate=0.000 thresholds=[0.7] profiles={'fixed_baseline': 10}
    treatment:
      note metrics: precision=0.944 recall=0.918 f1=0.930 matched=167/182 pred=177
      strict onset f1: 10ms=0.724 20ms=0.919 30ms=0.930
      timing metrics: offset_f1=0.925 rhythm_precision=0.994 note_value_acc=0.946 note_value_n=167 avg_beat_error=0.006
      duplicate metrics: duplicates=6 per_100_notes=3.39
      boundary metrics: gt=54 matched=50 missed=4 miss_rate=0.074
      latency: avg_chunk_ms=38.29 p95_chunk_ms=50.96 avg_rtf=0.064
      notation metrics: first_correct_ms=67.8 visible_p50_ms=340.9 visible_p95_ms=623.4 stabilize_p50_ms=1715.7 stabilize_p95_ms=2101.3 avg_revisions=1.71 matched=63 refined=63 snapshots=19
      algorithmic latency: first_correct_ms=26.6 visible_p50_ms=301.3 visible_p95_ms=581.9 stabilize_p50_ms=1226.6 stabilize_p95_ms=1969.6
      final display note metrics: precision=0.976 recall=0.907 f1=0.940 matched=165/182 pred=169
      final display strict onset f1: 10ms=0.718 20ms=0.929 30ms=0.940
      final display timing: offset_f1=0.934 rhythm_precision=0.994 note_value_acc=0.418 note_value_n=165 avg_beat_error=0.072
      final display structure: cluster_f1=0.406 onset_align_recall=0.833 avg_jaccard=0.775 exact=29/78 pred=65 over=18 under=15 pitch_conflicts=3 missed_gt=13
      threshold profiles: hit_rate=0.100 thresholds=[0.66, 0.7] profiles={'baseline_nominal': 9, 'soft_sparse_recall': 1}
    delta treatment-control: precision=+0.000 recall=+0.000 f1=+0.000 offset_f1=+0.000 note_value_acc=+0.000 dup_per_100=+0.00 boundary_miss_rate=+0.000 p95_chunk_ms=+5.81 f1_10ms=+0.000 f1_20ms=+0.000 f1_30ms=+0.000 visible_p50_ms=-1.1 stabilize_p50_ms=-4.7 algo_visible_p50_ms=+0.0 algo_stabilize_p50_ms=+0.0 avg_revisions=+0.00 display_note_f1=+0.000 display_offset_f1=+0.000 display_cluster_f1=+0.000 display_cluster_jaccard=+0.000
    failure buckets: ['boundary_miss_failure', 'high_revision_slow_stabilization']
      boundary diagnostics: missed=4 by_arm={'control': 4, 'treatment': 4} tags={'control_boundary_miss': 4, 'no_control_coarse_candidate': 4}
        miss: pitch=64 onset=0.512s boundary_delta_ms=-88.3 control_coarse=False treatment_coarse=False retro=n/a
        miss: pitch=84 onset=1.797s boundary_delta_ms=-3.1 control_coarse=False treatment_coarse=False retro=n/a
        miss: pitch=83 onset=1.801s boundary_delta_ms=+0.8 control_coarse=False treatment_coarse=False retro=n/a
        ... 1 more missed boundary notes in diagnostics JSON
[TIMING] EnhancedMel.transcribe: audio_to_gpu=0.5ms, features=0.8ms, model=16.5ms, decode=2.5ms | TOTAL=20.4ms for 600ms audio (RTF=0.03x)
[TIMING] stream_chunk[experiment-99de4257177b4b5ab62aefc266c2869a](live_neural): decode=0.4ms, inference=24.2ms, second_pass=0.0ms, contention=0.0ms, TOTAL=24.7ms | audio=600ms, RTF=0.04x | model=enhanced_mel, neural_total=22.8ms, model_inference=16.5ms
[TIMING] EnhancedMel.transcribe: audio_to_gpu=0.3ms, features=0.7ms, model=18.4ms, decode=3.8ms | TOTAL=23.3ms for 1200ms audio (RTF=0.02x)
[TIMING] stream_chunk[experiment-99de4257177b4b5ab62aefc266c2869a](live_neural): decode=0.3ms, inference=27.6ms, second_pass=0.0ms, contention=0.0ms, TOTAL=28.0ms | audio=600ms, RTF=0.05x | model=enhanced_mel, neural_total=27.1ms, model_inference=18.4ms
[TIMING] EnhancedMel.transcribe: audio_to_gpu=0.2ms, features=0.5ms, model=18.2ms, decode=5.7ms | TOTAL=24.7ms for 1800ms audio (RTF=0.01x)
[TIMING] stream_chunk[experiment-99de4257177b4b5ab62aefc266c2869a](live_neural): decode=0.3ms, inference=28.1ms, second_pass=0.0ms, contention=0.0ms, TOTAL=28.6ms | audio=600ms, RTF=0.05x | model=enhanced_mel, neural_total=27.6ms, model_inference=18.2ms
[TIMING] EnhancedMel.transcribe: audio_to_gpu=0.8ms, features=0.8ms, model=19.4ms, decode=12.4ms | TOTAL=33.4ms for 2400ms audio (RTF=0.01x)
[TIMING] stream_chunk[experiment-99de4257177b4b5ab62aefc266c2869a](live_neural): decode=0.2ms, inference=39.3ms, second_pass=0.0ms, contention=0.0ms, TOTAL=39.8ms | audio=600ms, RTF=0.07x | model=enhanced_mel, neural_total=38.6ms, model_inference=19.4ms
[TIMING] EnhancedMel.transcribe: audio_to_gpu=0.4ms, features=0.6ms, model=18.7ms, decode=8.9ms | TOTAL=28.6ms for 3000ms audio (RTF=0.01x)
[TIMING] stream_chunk[experiment-99de4257177b4b5ab62aefc266c2869a](live_neural): decode=0.2ms, inference=35.1ms, second_pass=0.0ms, contention=0.0ms, TOTAL=35.8ms | audio=600ms, RTF=0.06x | model=enhanced_mel, neural_total=34.4ms, model_inference=18.7ms
[TIMING] EnhancedMel.transcribe: audio_to_gpu=0.3ms, features=0.7ms, model=19.3ms, decode=10.0ms | TOTAL=30.3ms for 3600ms audio (RTF=0.01x)
[TIMING] stream_chunk[experiment-99de4257177b4b5ab62aefc266c2869a](live_neural): decode=0.2ms, inference=34.3ms, second_pass=0.0ms, contention=0.0ms, TOTAL=34.9ms | audio=600ms, RTF=0.06x | model=enhanced_mel, neural_total=33.8ms, model_inference=19.3ms
[TIMING] EnhancedMel.transcribe: audio_to_gpu=0.4ms, features=0.7ms, model=20.3ms, decode=12.3ms | TOTAL=33.7ms for 4200ms audio (RTF=0.01x)
[TIMING] stream_chunk[experiment-99de4257177b4b5ab62aefc266c2869a](live_neural): decode=0.2ms, inference=38.7ms, second_pass=0.0ms, contention=0.0ms, TOTAL=39.3ms | audio=600ms, RTF=0.07x | model=enhanced_mel, neural_total=38.1ms, model_inference=20.3ms
[TIMING] EnhancedMel.transcribe: audio_to_gpu=0.3ms, features=1.6ms, model=23.6ms, decode=13.7ms | TOTAL=39.2ms for 4200ms audio (RTF=0.01x)
[TIMING] stream_chunk[experiment-99de4257177b4b5ab62aefc266c2869a](live_neural): decode=0.2ms, inference=43.7ms, second_pass=0.0ms, contention=0.0ms, TOTAL=44.3ms | audio=600ms, RTF=0.07x | model=enhanced_mel, neural_total=43.2ms, model_inference=23.6ms
[TIMING] EnhancedMel.transcribe: audio_to_gpu=0.4ms, features=1.0ms, model=26.0ms, decode=10.3ms | TOTAL=37.7ms for 4200ms audio (RTF=0.01x)
[TIMING] stream_chunk[experiment-99de4257177b4b5ab62aefc266c2869a](live_neural): decode=0.2ms, inference=44.2ms, second_pass=0.0ms, contention=0.0ms, TOTAL=44.7ms | audio=600ms, RTF=0.07x | model=enhanced_mel, neural_total=43.6ms, model_inference=26.0ms
[TIMING] EnhancedMel.transcribe: audio_to_gpu=0.3ms, features=0.8ms, model=24.9ms, decode=15.8ms | TOTAL=41.9ms for 4200ms audio (RTF=0.01x)
[TIMING] stream_chunk[experiment-99de4257177b4b5ab62aefc266c2869a](live_neural): decode=0.2ms, inference=46.8ms, second_pass=0.0ms, contention=0.0ms, TOTAL=47.5ms | audio=600ms, RTF=0.08x | model=enhanced_mel, neural_total=46.2ms, model_inference=24.9ms
[TIMING] EnhancedMel.transcribe: audio_to_gpu=0.4ms, features=0.6ms, model=17.9ms, decode=2.8ms | TOTAL=21.7ms for 600ms audio (RTF=0.04x)
[TIMING] stream_chunk[experiment-edadaa03c96a43738a3ab95ff39f90e6](live_neural): decode=0.2ms, inference=24.4ms, second_pass=0.0ms, contention=0.0ms, TOTAL=24.7ms | audio=600ms, RTF=0.04x | model=enhanced_mel, neural_total=23.8ms, model_inference=17.9ms
[TIMING] EnhancedMel.transcribe: audio_to_gpu=0.2ms, features=2.5ms, model=17.2ms, decode=3.9ms | TOTAL=23.9ms for 1200ms audio (RTF=0.02x)
[TIMING] stream_chunk[experiment-edadaa03c96a43738a3ab95ff39f90e6](live_neural): decode=0.2ms, inference=27.1ms, second_pass=0.0ms, contention=0.0ms, TOTAL=27.4ms | audio=600ms, RTF=0.05x | model=enhanced_mel, neural_total=26.5ms, model_inference=17.2ms
[TIMING] EnhancedMel.transcribe: audio_to_gpu=0.3ms, features=2.1ms, model=14.9ms, decode=5.3ms | TOTAL=22.5ms for 1800ms audio (RTF=0.01x)
[TIMING] stream_chunk[experiment-edadaa03c96a43738a3ab95ff39f90e6](live_neural): decode=0.3ms, inference=25.9ms, second_pass=0.0ms, contention=0.0ms, TOTAL=26.5ms | audio=600ms, RTF=0.04x | model=enhanced_mel, neural_total=25.4ms, model_inference=14.9ms
[TIMING] EnhancedMel.transcribe: audio_to_gpu=0.3ms, features=0.6ms, model=16.0ms, decode=8.6ms | TOTAL=25.5ms for 2400ms audio (RTF=0.01x)
[TIMING] stream_chunk[experiment-edadaa03c96a43738a3ab95ff39f90e6](live_neural): decode=0.2ms, inference=28.9ms, second_pass=0.0ms, contention=0.0ms, TOTAL=29.4ms | audio=600ms, RTF=0.05x | model=enhanced_mel, neural_total=28.5ms, model_inference=16.0ms
[TIMING] EnhancedMel.transcribe: audio_to_gpu=0.3ms, features=1.7ms, model=16.1ms, decode=8.7ms | TOTAL=26.8ms for 3000ms audio (RTF=0.01x)
[TIMING] stream_chunk[experiment-edadaa03c96a43738a3ab95ff39f90e6](live_neural): decode=0.2ms, inference=31.0ms, second_pass=0.0ms, contention=0.0ms, TOTAL=31.4ms | audio=600ms, RTF=0.05x | model=enhanced_mel, neural_total=30.5ms, model_inference=16.1ms
[TIMING] EnhancedMel.transcribe: audio_to_gpu=0.3ms, features=2.4ms, model=15.9ms, decode=10.6ms | TOTAL=29.1ms for 3600ms audio (RTF=0.01x)
[TIMING] stream_chunk[experiment-edadaa03c96a43738a3ab95ff39f90e6](live_neural): decode=0.2ms, inference=33.9ms, second_pass=0.0ms, contention=0.0ms, TOTAL=34.6ms | audio=600ms, RTF=0.06x | model=enhanced_mel, neural_total=33.3ms, model_inference=15.9ms
[TIMING] EnhancedMel.transcribe: audio_to_gpu=0.4ms, features=0.6ms, model=18.7ms, decode=12.1ms | TOTAL=31.8ms for 4200ms audio (RTF=0.01x)
[TIMING] stream_chunk[experiment-edadaa03c96a43738a3ab95ff39f90e6](live_neural): decode=0.2ms, inference=35.3ms, second_pass=0.0ms, contention=0.0ms, TOTAL=35.9ms | audio=600ms, RTF=0.06x | model=enhanced_mel, neural_total=34.7ms, model_inference=18.7ms
[TIMING] EnhancedMel.transcribe: audio_to_gpu=0.3ms, features=0.7ms, model=19.3ms, decode=12.8ms | TOTAL=33.2ms for 4200ms audio (RTF=0.01x)
[TIMING] stream_chunk[experiment-edadaa03c96a43738a3ab95ff39f90e6](live_neural): decode=0.2ms, inference=37.6ms, second_pass=0.0ms, contention=0.0ms, TOTAL=38.3ms | audio=600ms, RTF=0.06x | model=enhanced_mel, neural_total=37.0ms, model_inference=19.3ms
[TIMING] EnhancedMel.transcribe: audio_to_gpu=0.4ms, features=0.7ms, model=18.3ms, decode=11.9ms | TOTAL=31.3ms for 4200ms audio (RTF=0.01x)
[TIMING] stream_chunk[experiment-edadaa03c96a43738a3ab95ff39f90e6](live_neural): decode=0.2ms, inference=35.6ms, second_pass=0.0ms, contention=0.0ms, TOTAL=36.3ms | audio=600ms, RTF=0.06x | model=enhanced_mel, neural_total=35.1ms, model_inference=18.3ms
[TIMING] EnhancedMel.transcribe: audio_to_gpu=0.4ms, features=0.8ms, model=18.7ms, decode=11.4ms | TOTAL=31.4ms for 4200ms audio (RTF=0.01x)
[TIMING] stream_chunk[experiment-edadaa03c96a43738a3ab95ff39f90e6](live_neural): decode=0.3ms, inference=37.9ms, second_pass=0.0ms, contention=0.0ms, TOTAL=38.6ms | audio=600ms, RTF=0.06x | model=enhanced_mel, neural_total=37.3ms, model_inference=18.7ms

[CLIP_016] Concert Etude "Gnomenreigen"
  excerpt: start=24.00s end=30.00s duration=6.00s gt_notes=169 rms=0.0769 peak=0.3682 crest=4.787 rms_std=0.0214
    control:
      note metrics: precision=0.924 recall=0.864 f1=0.893 matched=146/169 pred=158
      strict onset f1: 10ms=0.697 20ms=0.887 30ms=0.893
      timing metrics: offset_f1=0.789 rhythm_precision=0.884 note_value_acc=0.740 note_value_n=146 avg_beat_error=0.072
      duplicate metrics: duplicates=0 per_100_notes=0.00
      boundary metrics: gt=46 matched=41 missed=5 miss_rate=0.109
      latency: avg_chunk_ms=36.75 p95_chunk_ms=46.21 avg_rtf=0.061
      notation metrics: first_correct_ms=54.5 visible_p50_ms=340.9 visible_p95_ms=616.1 stabilize_p50_ms=581.3 stabilize_p95_ms=1517.7 avg_revisions=0.41 matched=49 refined=49 snapshots=20
      algorithmic latency: first_correct_ms=15.1 visible_p50_ms=304.4 visible_p95_ms=579.6 stabilize_p50_ms=537.0 stabilize_p95_ms=1208.9
      final display note metrics: precision=0.924 recall=0.858 f1=0.890 matched=145/169 pred=157
      final display strict onset f1: 10ms=0.693 20ms=0.883 30ms=0.890
      final display timing: offset_f1=0.785 rhythm_precision=0.883 note_value_acc=0.297 note_value_n=145 avg_beat_error=0.148
      final display structure: cluster_f1=0.604 onset_align_recall=0.878 avg_jaccard=0.832 exact=42/74 pred=65 over=9 under=10 pitch_conflicts=4 missed_gt=9
      threshold profiles: hit_rate=0.000 thresholds=[0.7] profiles={'fixed_baseline': 10}
    treatment:
      note metrics: precision=0.924 recall=0.864 f1=0.893 matched=146/169 pred=158
      strict onset f1: 10ms=0.697 20ms=0.887 30ms=0.893
      timing metrics: offset_f1=0.789 rhythm_precision=0.884 note_value_acc=0.740 note_value_n=146 avg_beat_error=0.072
      duplicate metrics: duplicates=0 per_100_notes=0.00
      boundary metrics: gt=46 matched=41 missed=5 miss_rate=0.109
      latency: avg_chunk_ms=32.31 p95_chunk_ms=38.46 avg_rtf=0.054
      notation metrics: first_correct_ms=51.0 visible_p50_ms=339.1 visible_p95_ms=613.2 stabilize_p50_ms=575.2 stabilize_p95_ms=1515.8 avg_revisions=0.41 matched=49 refined=49 snapshots=20
      algorithmic latency: first_correct_ms=15.1 visible_p50_ms=304.4 visible_p95_ms=579.6 stabilize_p50_ms=537.0 stabilize_p95_ms=1208.9
      final display note metrics: precision=0.924 recall=0.858 f1=0.890 matched=145/169 pred=157
      final display strict onset f1: 10ms=0.693 20ms=0.883 30ms=0.890
      final display timing: offset_f1=0.785 rhythm_precision=0.883 note_value_acc=0.297 note_value_n=145 avg_beat_error=0.148
      final display structure: cluster_f1=0.604 onset_align_recall=0.878 avg_jaccard=0.832 exact=42/74 pred=65 over=9 under=10 pitch_conflicts=4 missed_gt=9
      threshold profiles: hit_rate=0.000 thresholds=[0.7] profiles={'baseline_nominal': 10}
    delta treatment-control: precision=+0.000 recall=+0.000 f1=+0.000 offset_f1=+0.000 note_value_acc=+0.000 dup_per_100=+0.00 boundary_miss_rate=+0.000 p95_chunk_ms=-7.75 f1_10ms=+0.000 f1_20ms=+0.000 f1_30ms=+0.000 visible_p50_ms=-1.8 stabilize_p50_ms=-6.0 algo_visible_p50_ms=+0.0 algo_stabilize_p50_ms=+0.0 avg_revisions=+0.00 display_note_f1=+0.000 display_offset_f1=+0.000 display_cluster_f1=+0.000 display_cluster_jaccard=+0.000
    failure buckets: ['runtime_only_win', 'boundary_miss_failure', 'high_revision_slow_stabilization']
      boundary diagnostics: missed=5 by_arm={'control': 5, 'treatment': 5} tags={'control_boundary_miss': 5, 'no_control_coarse_candidate': 5}
        miss: pitch=81 onset=3.046s boundary_delta_ms=+45.6 control_coarse=False treatment_coarse=False retro=n/a
        miss: pitch=75 onset=3.557s boundary_delta_ms=-42.7 control_coarse=False treatment_coarse=False retro=n/a
        miss: pitch=69 onset=3.590s boundary_delta_ms=-10.2 control_coarse=False treatment_coarse=False retro=n/a
        ... 2 more missed boundary notes in diagnostics JSON
[TIMING] EnhancedMel.transcribe: audio_to_gpu=0.7ms, features=0.8ms, model=18.8ms, decode=2.1ms | TOTAL=22.4ms for 600ms audio (RTF=0.04x)
[TIMING] stream_chunk[experiment-30b95475f3c0427688a1ad64b89b6f04](live_neural): decode=0.3ms, inference=25.4ms, second_pass=0.0ms, contention=0.0ms, TOTAL=25.9ms | audio=600ms, RTF=0.04x | model=enhanced_mel, neural_total=24.9ms, model_inference=18.8ms
[TIMING] EnhancedMel.transcribe: audio_to_gpu=0.2ms, features=0.4ms, model=15.5ms, decode=5.1ms | TOTAL=21.1ms for 1200ms audio (RTF=0.02x)
[TIMING] stream_chunk[experiment-30b95475f3c0427688a1ad64b89b6f04](live_neural): decode=0.2ms, inference=24.1ms, second_pass=0.0ms, contention=0.0ms, TOTAL=24.4ms | audio=600ms, RTF=0.04x | model=enhanced_mel, neural_total=23.6ms, model_inference=15.5ms
[TIMING] EnhancedMel.transcribe: audio_to_gpu=0.3ms, features=0.6ms, model=15.4ms, decode=5.6ms | TOTAL=21.8ms for 1800ms audio (RTF=0.01x)
[TIMING] stream_chunk[experiment-30b95475f3c0427688a1ad64b89b6f04](live_neural): decode=0.2ms, inference=26.1ms, second_pass=0.0ms, contention=0.0ms, TOTAL=26.6ms | audio=600ms, RTF=0.04x | model=enhanced_mel, neural_total=25.4ms, model_inference=15.4ms
[TIMING] EnhancedMel.transcribe: audio_to_gpu=0.2ms, features=0.5ms, model=16.4ms, decode=9.2ms | TOTAL=26.3ms for 2400ms audio (RTF=0.01x)
[TIMING] stream_chunk[experiment-30b95475f3c0427688a1ad64b89b6f04](live_neural): decode=0.2ms, inference=30.5ms, second_pass=0.0ms, contention=0.0ms, TOTAL=31.0ms | audio=600ms, RTF=0.05x | model=enhanced_mel, neural_total=29.9ms, model_inference=16.4ms
[TIMING] EnhancedMel.transcribe: audio_to_gpu=0.4ms, features=0.7ms, model=21.2ms, decode=8.9ms | TOTAL=31.2ms for 3000ms audio (RTF=0.01x)
[TIMING] stream_chunk[experiment-30b95475f3c0427688a1ad64b89b6f04](live_neural): decode=0.2ms, inference=35.4ms, second_pass=0.0ms, contention=0.0ms, TOTAL=36.0ms | audio=600ms, RTF=0.06x | model=enhanced_mel, neural_total=34.8ms, model_inference=21.2ms
[TIMING] EnhancedMel.transcribe: audio_to_gpu=0.4ms, features=0.6ms, model=20.5ms, decode=9.1ms | TOTAL=30.5ms for 3600ms audio (RTF=0.01x)
[TIMING] stream_chunk[experiment-30b95475f3c0427688a1ad64b89b6f04](live_neural): decode=0.3ms, inference=34.6ms, second_pass=0.0ms, contention=0.0ms, TOTAL=35.1ms | audio=600ms, RTF=0.06x | model=enhanced_mel, neural_total=34.0ms, model_inference=20.5ms
[TIMING] EnhancedMel.transcribe: audio_to_gpu=0.4ms, features=0.7ms, model=16.9ms, decode=15.9ms | TOTAL=33.9ms for 4200ms audio (RTF=0.01x)
[TIMING] stream_chunk[experiment-30b95475f3c0427688a1ad64b89b6f04](live_neural): decode=0.2ms, inference=38.1ms, second_pass=0.0ms, contention=0.0ms, TOTAL=38.7ms | audio=600ms, RTF=0.06x | model=enhanced_mel, neural_total=37.7ms, model_inference=16.9ms
[TIMING] EnhancedMel.transcribe: audio_to_gpu=0.3ms, features=3.1ms, model=16.7ms, decode=15.3ms | TOTAL=35.4ms for 4200ms audio (RTF=0.01x)
[TIMING] stream_chunk[experiment-30b95475f3c0427688a1ad64b89b6f04](live_neural): decode=0.2ms, inference=40.7ms, second_pass=0.0ms, contention=0.0ms, TOTAL=41.3ms | audio=600ms, RTF=0.07x | model=enhanced_mel, neural_total=40.2ms, model_inference=16.7ms
[TIMING] EnhancedMel.transcribe: audio_to_gpu=0.3ms, features=0.7ms, model=17.1ms, decode=11.6ms | TOTAL=29.6ms for 4200ms audio (RTF=0.01x)
[TIMING] stream_chunk[experiment-30b95475f3c0427688a1ad64b89b6f04](live_neural): decode=0.3ms, inference=35.4ms, second_pass=0.0ms, contention=0.0ms, TOTAL=36.0ms | audio=600ms, RTF=0.06x | model=enhanced_mel, neural_total=34.8ms, model_inference=17.1ms
[TIMING] EnhancedMel.transcribe: audio_to_gpu=1.8ms, features=0.8ms, model=18.8ms, decode=14.0ms | TOTAL=35.4ms for 4200ms audio (RTF=0.01x)
[TIMING] stream_chunk[experiment-30b95475f3c0427688a1ad64b89b6f04](live_neural): decode=0.2ms, inference=41.0ms, second_pass=0.0ms, contention=0.0ms, TOTAL=41.7ms | audio=600ms, RTF=0.07x | model=enhanced_mel, neural_total=40.4ms, model_inference=18.8ms
[TIMING] EnhancedMel.transcribe: audio_to_gpu=0.4ms, features=0.7ms, model=16.5ms, decode=2.1ms | TOTAL=19.8ms for 600ms audio (RTF=0.03x)
[TIMING] stream_chunk[experiment-50d9b735b69744c69b54513cd968ca02](live_neural): decode=0.2ms, inference=24.5ms, second_pass=0.0ms, contention=0.0ms, TOTAL=24.8ms | audio=600ms, RTF=0.04x | model=enhanced_mel, neural_total=24.0ms, model_inference=16.5ms
[TIMING] EnhancedMel.transcribe: audio_to_gpu=0.3ms, features=0.5ms, model=14.3ms, decode=3.9ms | TOTAL=19.0ms for 1200ms audio (RTF=0.02x)
[TIMING] stream_chunk[experiment-50d9b735b69744c69b54513cd968ca02](live_neural): decode=0.2ms, inference=22.2ms, second_pass=0.0ms, contention=0.0ms, TOTAL=22.5ms | audio=600ms, RTF=0.04x | model=enhanced_mel, neural_total=21.8ms, model_inference=14.3ms
[TIMING] EnhancedMel.transcribe: audio_to_gpu=0.3ms, features=0.7ms, model=19.6ms, decode=7.0ms | TOTAL=27.5ms for 1800ms audio (RTF=0.02x)
[TIMING] stream_chunk[experiment-50d9b735b69744c69b54513cd968ca02](live_neural): decode=0.1ms, inference=29.7ms, second_pass=0.0ms, contention=0.0ms, TOTAL=30.0ms | audio=600ms, RTF=0.05x | model=enhanced_mel, neural_total=29.3ms, model_inference=19.6ms
[TIMING] EnhancedMel.transcribe: audio_to_gpu=0.2ms, features=0.6ms, model=21.1ms, decode=10.2ms | TOTAL=32.2ms for 2400ms audio (RTF=0.01x)
[TIMING] stream_chunk[experiment-50d9b735b69744c69b54513cd968ca02](live_neural): decode=0.2ms, inference=35.9ms, second_pass=0.0ms, contention=0.0ms, TOTAL=36.3ms | audio=600ms, RTF=0.06x | model=enhanced_mel, neural_total=35.3ms, model_inference=21.1ms
[TIMING] EnhancedMel.transcribe: audio_to_gpu=0.3ms, features=0.8ms, model=19.8ms, decode=11.9ms | TOTAL=32.8ms for 3000ms audio (RTF=0.01x)
[TIMING] stream_chunk[experiment-50d9b735b69744c69b54513cd968ca02](live_neural): decode=0.2ms, inference=36.6ms, second_pass=0.0ms, contention=0.0ms, TOTAL=37.1ms | audio=600ms, RTF=0.06x | model=enhanced_mel, neural_total=36.2ms, model_inference=19.8ms
[TIMING] EnhancedMel.transcribe: audio_to_gpu=0.4ms, features=0.8ms, model=15.6ms, decode=10.2ms | TOTAL=26.9ms for 3600ms audio (RTF=0.01x)
[TIMING] stream_chunk[experiment-50d9b735b69744c69b54513cd968ca02](live_neural): decode=0.2ms, inference=32.8ms, second_pass=0.0ms, contention=0.0ms, TOTAL=33.3ms | audio=600ms, RTF=0.06x | model=enhanced_mel, neural_total=32.2ms, model_inference=15.6ms
[TIMING] EnhancedMel.transcribe: audio_to_gpu=0.3ms, features=0.7ms, model=17.6ms, decode=13.6ms | TOTAL=32.2ms for 4200ms audio (RTF=0.01x)
[TIMING] stream_chunk[experiment-50d9b735b69744c69b54513cd968ca02](live_neural): decode=0.2ms, inference=37.3ms, second_pass=0.0ms, contention=0.0ms, TOTAL=38.1ms | audio=600ms, RTF=0.06x | model=enhanced_mel, neural_total=36.7ms, model_inference=17.6ms
[TIMING] EnhancedMel.transcribe: audio_to_gpu=0.3ms, features=0.6ms, model=21.0ms, decode=12.1ms | TOTAL=34.0ms for 4200ms audio (RTF=0.01x)
[TIMING] stream_chunk[experiment-50d9b735b69744c69b54513cd968ca02](live_neural): decode=0.2ms, inference=38.8ms, second_pass=0.0ms, contention=0.0ms, TOTAL=39.7ms | audio=600ms, RTF=0.07x | model=enhanced_mel, neural_total=38.1ms, model_inference=21.0ms
[TIMING] EnhancedMel.transcribe: audio_to_gpu=0.3ms, features=0.6ms, model=15.7ms, decode=14.1ms | TOTAL=30.7ms for 4200ms audio (RTF=0.01x)
[TIMING] stream_chunk[experiment-50d9b735b69744c69b54513cd968ca02](live_neural): decode=0.2ms, inference=36.6ms, second_pass=0.0ms, contention=0.0ms, TOTAL=37.4ms | audio=600ms, RTF=0.06x | model=enhanced_mel, neural_total=35.9ms, model_inference=15.7ms
[TIMING] EnhancedMel.transcribe: audio_to_gpu=0.3ms, features=0.6ms, model=17.0ms, decode=19.8ms | TOTAL=37.7ms for 4200ms audio (RTF=0.01x)
[TIMING] stream_chunk[experiment-50d9b735b69744c69b54513cd968ca02](live_neural): decode=0.2ms, inference=43.8ms, second_pass=0.0ms, contention=0.0ms, TOTAL=44.5ms | audio=600ms, RTF=0.07x | model=enhanced_mel, neural_total=42.2ms, model_inference=17.0ms

[CLIP_017] Pour le piano (Complete)
  excerpt: start=51.00s end=57.00s duration=6.00s gt_notes=197 rms=0.0898 peak=0.4396 crest=4.895 rms_std=0.0142
    control:
      note metrics: precision=0.872 recall=0.832 f1=0.852 matched=164/197 pred=188
      strict onset f1: 10ms=0.618 20ms=0.842 30ms=0.852
      timing metrics: offset_f1=0.842 rhythm_precision=0.988 note_value_acc=0.543 note_value_n=164 avg_beat_error=0.052
      duplicate metrics: duplicates=16 per_100_notes=8.51
      boundary metrics: gt=67 matched=62 missed=5 miss_rate=0.075
      latency: avg_chunk_ms=33.66 p95_chunk_ms=41.53 avg_rtf=0.056
      notation metrics: first_correct_ms=59.9 visible_p50_ms=382.3 visible_p95_ms=605.2 stabilize_p50_ms=2039.9 stabilize_p95_ms=3151.6 avg_revisions=2.38 matched=24 refined=24 snapshots=19
      algorithmic latency: first_correct_ms=24.0 visible_p50_ms=351.0 visible_p95_ms=569.3 stabilize_p50_ms=1863.0 stabilize_p95_ms=2900.2
      final display note metrics: precision=0.947 recall=0.817 f1=0.877 matched=161/197 pred=170
      final display strict onset f1: 10ms=0.621 20ms=0.866 30ms=0.877
      final display timing: offset_f1=0.866 rhythm_precision=0.988 note_value_acc=0.379 note_value_n=161 avg_beat_error=0.107
      final display structure: cluster_f1=0.208 onset_align_recall=0.829 avg_jaccard=0.765 exact=8/41 pred=36 over=4 under=17 pitch_conflicts=5 missed_gt=7
      threshold profiles: hit_rate=0.000 thresholds=[0.7] profiles={'fixed_baseline': 10}
    treatment:
      note metrics: precision=0.872 recall=0.832 f1=0.852 matched=164/197 pred=188
      strict onset f1: 10ms=0.618 20ms=0.842 30ms=0.852
      timing metrics: offset_f1=0.842 rhythm_precision=0.988 note_value_acc=0.543 note_value_n=164 avg_beat_error=0.052
      duplicate metrics: duplicates=16 per_100_notes=8.51
      boundary metrics: gt=67 matched=62 missed=5 miss_rate=0.075
      latency: avg_chunk_ms=34.35 p95_chunk_ms=42.32 avg_rtf=0.057
      notation metrics: first_correct_ms=61.0 visible_p50_ms=384.6 visible_p95_ms=605.8 stabilize_p50_ms=2041.8 stabilize_p95_ms=3150.7 avg_revisions=2.38 matched=24 refined=24 snapshots=19
      algorithmic latency: first_correct_ms=24.0 visible_p50_ms=351.0 visible_p95_ms=569.3 stabilize_p50_ms=1863.0 stabilize_p95_ms=2900.2
      final display note metrics: precision=0.947 recall=0.817 f1=0.877 matched=161/197 pred=170
      final display strict onset f1: 10ms=0.621 20ms=0.866 30ms=0.877
      final display timing: offset_f1=0.866 rhythm_precision=0.988 note_value_acc=0.379 note_value_n=161 avg_beat_error=0.107
      final display structure: cluster_f1=0.208 onset_align_recall=0.829 avg_jaccard=0.765 exact=8/41 pred=36 over=4 under=17 pitch_conflicts=5 missed_gt=7
      threshold profiles: hit_rate=0.000 thresholds=[0.7] profiles={'baseline_nominal': 10}
    delta treatment-control: precision=+0.000 recall=+0.000 f1=+0.000 offset_f1=+0.000 note_value_acc=+0.000 dup_per_100=+0.00 boundary_miss_rate=+0.000 p95_chunk_ms=+0.79 f1_10ms=+0.000 f1_20ms=+0.000 f1_30ms=+0.000 visible_p50_ms=+2.2 stabilize_p50_ms=+1.8 algo_visible_p50_ms=+0.0 algo_stabilize_p50_ms=+0.0 avg_revisions=+0.00 display_note_f1=+0.000 display_offset_f1=+0.000 display_cluster_f1=+0.000 display_cluster_jaccard=+0.000
    failure buckets: ['boundary_miss_failure', 'high_revision_slow_stabilization']
      boundary diagnostics: missed=5 by_arm={'control': 5, 'treatment': 5} tags={'control_boundary_miss': 5, 'no_control_coarse_candidate': 5}
        miss: pitch=70 onset=0.595s boundary_delta_ms=-5.2 control_coarse=False treatment_coarse=False retro=n/a
        miss: pitch=77 onset=0.614s boundary_delta_ms=+13.5 control_coarse=False treatment_coarse=False retro=n/a
        miss: pitch=79 onset=4.103s boundary_delta_ms=-96.9 control_coarse=False treatment_coarse=False retro=n/a
        ... 2 more missed boundary notes in diagnostics JSON
[TIMING] EnhancedMel.transcribe: audio_to_gpu=0.5ms, features=0.6ms, model=13.4ms, decode=1.4ms | TOTAL=16.0ms for 600ms audio (RTF=0.03x)
[TIMING] stream_chunk[experiment-b0295682e1ec4e9bb47ae128d783c3ef](live_neural): decode=0.2ms, inference=18.7ms, second_pass=0.0ms, contention=0.0ms, TOTAL=18.9ms | audio=600ms, RTF=0.03x | model=enhanced_mel, neural_total=18.1ms, model_inference=13.4ms
[TIMING] EnhancedMel.transcribe: audio_to_gpu=0.2ms, features=0.4ms, model=12.1ms, decode=2.5ms | TOTAL=15.1ms for 1200ms audio (RTF=0.01x)
[TIMING] stream_chunk[experiment-b0295682e1ec4e9bb47ae128d783c3ef](live_neural): decode=0.1ms, inference=17.0ms, second_pass=0.0ms, contention=0.0ms, TOTAL=17.3ms | audio=600ms, RTF=0.03x | model=enhanced_mel, neural_total=16.7ms, model_inference=12.1ms
[TIMING] EnhancedMel.transcribe: audio_to_gpu=0.3ms, features=0.6ms, model=21.8ms, decode=5.4ms | TOTAL=28.1ms for 1800ms audio (RTF=0.02x)
[TIMING] stream_chunk[experiment-b0295682e1ec4e9bb47ae128d783c3ef](live_neural): decode=0.3ms, inference=30.5ms, second_pass=0.0ms, contention=0.0ms, TOTAL=31.0ms | audio=600ms, RTF=0.05x | model=enhanced_mel, neural_total=29.9ms, model_inference=21.8ms
[TIMING] EnhancedMel.transcribe: audio_to_gpu=0.3ms, features=0.6ms, model=20.7ms, decode=8.6ms | TOTAL=30.1ms for 2400ms audio (RTF=0.01x)
[TIMING] stream_chunk[experiment-b0295682e1ec4e9bb47ae128d783c3ef](live_neural): decode=0.2ms, inference=33.8ms, second_pass=0.0ms, contention=0.0ms, TOTAL=34.3ms | audio=600ms, RTF=0.06x | model=enhanced_mel, neural_total=33.2ms, model_inference=20.7ms
[TIMING] EnhancedMel.transcribe: audio_to_gpu=0.3ms, features=0.6ms, model=19.8ms, decode=13.6ms | TOTAL=34.3ms for 3000ms audio (RTF=0.01x)
[TIMING] stream_chunk[experiment-b0295682e1ec4e9bb47ae128d783c3ef](live_neural): decode=0.3ms, inference=39.6ms, second_pass=0.0ms, contention=0.0ms, TOTAL=40.1ms | audio=600ms, RTF=0.07x | model=enhanced_mel, neural_total=38.9ms, model_inference=19.8ms
[TIMING] EnhancedMel.transcribe: audio_to_gpu=0.4ms, features=1.7ms, model=16.2ms, decode=9.7ms | TOTAL=27.9ms for 3600ms audio (RTF=0.01x)
[TIMING] stream_chunk[experiment-b0295682e1ec4e9bb47ae128d783c3ef](live_neural): decode=0.2ms, inference=32.0ms, second_pass=0.0ms, contention=0.0ms, TOTAL=32.6ms | audio=600ms, RTF=0.05x | model=enhanced_mel, neural_total=31.6ms, model_inference=16.2ms
[TIMING] EnhancedMel.transcribe: audio_to_gpu=0.3ms, features=0.6ms, model=17.1ms, decode=12.7ms | TOTAL=30.7ms for 4200ms audio (RTF=0.01x)
[TIMING] stream_chunk[experiment-b0295682e1ec4e9bb47ae128d783c3ef](live_neural): decode=0.4ms, inference=34.9ms, second_pass=0.0ms, contention=0.0ms, TOTAL=35.6ms | audio=600ms, RTF=0.06x | model=enhanced_mel, neural_total=34.5ms, model_inference=17.1ms
[TIMING] EnhancedMel.transcribe: audio_to_gpu=0.3ms, features=0.6ms, model=16.0ms, decode=19.1ms | TOTAL=35.9ms for 4200ms audio (RTF=0.01x)
[TIMING] stream_chunk[experiment-b0295682e1ec4e9bb47ae128d783c3ef](live_neural): decode=0.2ms, inference=41.0ms, second_pass=0.0ms, contention=0.0ms, TOTAL=41.4ms | audio=600ms, RTF=0.07x | model=enhanced_mel, neural_total=40.4ms, model_inference=16.0ms
[TIMING] EnhancedMel.transcribe: audio_to_gpu=0.3ms, features=0.6ms, model=18.9ms, decode=13.8ms | TOTAL=33.7ms for 4200ms audio (RTF=0.01x)
[TIMING] stream_chunk[experiment-b0295682e1ec4e9bb47ae128d783c3ef](live_neural): decode=0.2ms, inference=38.1ms, second_pass=0.0ms, contention=0.0ms, TOTAL=38.7ms | audio=600ms, RTF=0.06x | model=enhanced_mel, neural_total=37.5ms, model_inference=18.9ms
[TIMING] EnhancedMel.transcribe: audio_to_gpu=0.3ms, features=0.6ms, model=18.7ms, decode=14.2ms | TOTAL=33.8ms for 4200ms audio (RTF=0.01x)
[TIMING] stream_chunk[experiment-b0295682e1ec4e9bb47ae128d783c3ef](live_neural): decode=0.2ms, inference=38.9ms, second_pass=0.0ms, contention=0.0ms, TOTAL=39.5ms | audio=600ms, RTF=0.07x | model=enhanced_mel, neural_total=38.3ms, model_inference=18.7ms
[TIMING] EnhancedMel.transcribe: audio_to_gpu=0.5ms, features=0.7ms, model=17.0ms, decode=2.0ms | TOTAL=20.2ms for 600ms audio (RTF=0.03x)
[TIMING] stream_chunk[experiment-7783cd90e88f4a3aadca4bdf73adb068](live_neural): decode=0.2ms, inference=23.8ms, second_pass=0.0ms, contention=0.0ms, TOTAL=24.0ms | audio=600ms, RTF=0.04x | model=enhanced_mel, neural_total=23.2ms, model_inference=17.0ms
[TIMING] EnhancedMel.transcribe: audio_to_gpu=0.2ms, features=0.5ms, model=15.8ms, decode=4.0ms | TOTAL=20.6ms for 1200ms audio (RTF=0.02x)
[TIMING] stream_chunk[experiment-7783cd90e88f4a3aadca4bdf73adb068](live_neural): decode=0.2ms, inference=23.8ms, second_pass=0.0ms, contention=0.0ms, TOTAL=24.2ms | audio=600ms, RTF=0.04x | model=enhanced_mel, neural_total=23.4ms, model_inference=15.8ms
[TIMING] EnhancedMel.transcribe: audio_to_gpu=0.3ms, features=0.7ms, model=16.2ms, decode=4.4ms | TOTAL=21.6ms for 1800ms audio (RTF=0.01x)
[TIMING] stream_chunk[experiment-7783cd90e88f4a3aadca4bdf73adb068](live_neural): decode=0.2ms, inference=24.8ms, second_pass=0.0ms, contention=0.0ms, TOTAL=25.2ms | audio=600ms, RTF=0.04x | model=enhanced_mel, neural_total=24.4ms, model_inference=16.2ms
[TIMING] EnhancedMel.transcribe: audio_to_gpu=0.3ms, features=1.2ms, model=26.1ms, decode=19.8ms | TOTAL=47.4ms for 2400ms audio (RTF=0.02x)
[TIMING] stream_chunk[experiment-7783cd90e88f4a3aadca4bdf73adb068](live_neural): decode=0.3ms, inference=50.9ms, second_pass=0.0ms, contention=0.0ms, TOTAL=51.4ms | audio=600ms, RTF=0.09x | model=enhanced_mel, neural_total=50.4ms, model_inference=26.1ms
[TIMING] EnhancedMel.transcribe: audio_to_gpu=0.3ms, features=0.6ms, model=15.7ms, decode=7.1ms | TOTAL=23.7ms for 3000ms audio (RTF=0.01x)
[TIMING] stream_chunk[experiment-7783cd90e88f4a3aadca4bdf73adb068](live_neural): decode=0.2ms, inference=29.2ms, second_pass=0.0ms, contention=0.0ms, TOTAL=29.6ms | audio=600ms, RTF=0.05x | model=enhanced_mel, neural_total=28.7ms, model_inference=15.7ms
[TIMING] EnhancedMel.transcribe: audio_to_gpu=0.3ms, features=0.6ms, model=16.4ms, decode=7.5ms | TOTAL=24.7ms for 3600ms audio (RTF=0.01x)
[TIMING] stream_chunk[experiment-7783cd90e88f4a3aadca4bdf73adb068](live_neural): decode=0.2ms, inference=29.2ms, second_pass=0.0ms, contention=0.0ms, TOTAL=29.8ms | audio=600ms, RTF=0.05x | model=enhanced_mel, neural_total=28.7ms, model_inference=16.4ms
[TIMING] EnhancedMel.transcribe: audio_to_gpu=0.6ms, features=0.7ms, model=16.8ms, decode=8.4ms | TOTAL=26.6ms for 4200ms audio (RTF=0.01x)
[TIMING] stream_chunk[experiment-7783cd90e88f4a3aadca4bdf73adb068](live_neural): decode=0.1ms, inference=29.8ms, second_pass=0.0ms, contention=0.0ms, TOTAL=30.3ms | audio=600ms, RTF=0.05x | model=enhanced_mel, neural_total=29.3ms, model_inference=16.8ms
[TIMING] EnhancedMel.transcribe: audio_to_gpu=0.3ms, features=2.3ms, model=19.4ms, decode=8.8ms | TOTAL=30.7ms for 4200ms audio (RTF=0.01x)
[TIMING] stream_chunk[experiment-7783cd90e88f4a3aadca4bdf73adb068](live_neural): decode=0.2ms, inference=34.7ms, second_pass=0.0ms, contention=0.0ms, TOTAL=35.3ms | audio=600ms, RTF=0.06x | model=enhanced_mel, neural_total=34.1ms, model_inference=19.4ms
[TIMING] EnhancedMel.transcribe: audio_to_gpu=0.3ms, features=0.6ms, model=39.0ms, decode=12.8ms | TOTAL=52.7ms for 4200ms audio (RTF=0.01x)
[TIMING] stream_chunk[experiment-7783cd90e88f4a3aadca4bdf73adb068](live_neural): decode=0.1ms, inference=56.5ms, second_pass=0.0ms, contention=0.0ms, TOTAL=56.9ms | audio=600ms, RTF=0.09x | model=enhanced_mel, neural_total=55.5ms, model_inference=39.0ms
[TIMING] EnhancedMel.transcribe: audio_to_gpu=0.3ms, features=0.6ms, model=17.5ms, decode=9.3ms | TOTAL=27.7ms for 4200ms audio (RTF=0.01x)
[TIMING] stream_chunk[experiment-7783cd90e88f4a3aadca4bdf73adb068](live_neural): decode=0.2ms, inference=31.3ms, second_pass=0.0ms, contention=0.0ms, TOTAL=31.8ms | audio=600ms, RTF=0.05x | model=enhanced_mel, neural_total=30.8ms, model_inference=17.5ms

[CLIP_018] Sonata in D Major, K96
  excerpt: start=9.00s end=15.00s duration=6.00s gt_notes=135 rms=0.0710 peak=0.4131 crest=5.817 rms_std=0.0138
    control:
      note metrics: precision=0.872 recall=0.956 f1=0.912 matched=129/135 pred=148
      strict onset f1: 10ms=0.848 20ms=0.905 30ms=0.912
      timing metrics: offset_f1=0.855 rhythm_precision=0.938 note_value_acc=0.860 note_value_n=129 avg_beat_error=0.022
      duplicate metrics: duplicates=13 per_100_notes=8.78
      boundary metrics: gt=46 matched=45 missed=1 miss_rate=0.022
      latency: avg_chunk_ms=32.95 p95_chunk_ms=40.85 avg_rtf=0.055
      notation metrics: first_correct_ms=72.1 visible_p50_ms=435.3 visible_p95_ms=614.0 stabilize_p50_ms=1966.4 stabilize_p95_ms=3365.4 avg_revisions=2.13 matched=15 refined=15 snapshots=16
      algorithmic latency: first_correct_ms=53.1 visible_p50_ms=416.4 visible_p95_ms=584.8 stabilize_p50_ms=1893.2 stabilize_p95_ms=2820.8
      final display note metrics: precision=0.962 recall=0.941 f1=0.951 matched=127/135 pred=132
      final display strict onset f1: 10ms=0.869 20ms=0.944 30ms=0.951
      final display timing: offset_f1=0.891 rhythm_precision=0.937 note_value_acc=0.394 note_value_n=127 avg_beat_error=0.135
      final display structure: cluster_f1=0.612 onset_align_recall=0.932 avg_jaccard=0.865 exact=26/44 pred=41 over=7 under=6 pitch_conflicts=2 missed_gt=3
      threshold profiles: hit_rate=0.000 thresholds=[0.7] profiles={'fixed_baseline': 10}
    treatment:
      note metrics: precision=0.872 recall=0.956 f1=0.912 matched=129/135 pred=148
      strict onset f1: 10ms=0.848 20ms=0.905 30ms=0.912
      timing metrics: offset_f1=0.855 rhythm_precision=0.938 note_value_acc=0.860 note_value_n=129 avg_beat_error=0.022
      duplicate metrics: duplicates=13 per_100_notes=8.78
      boundary metrics: gt=46 matched=45 missed=1 miss_rate=0.022
      latency: avg_chunk_ms=33.85 p95_chunk_ms=54.45 avg_rtf=0.056
      notation metrics: first_correct_ms=77.2 visible_p50_ms=440.4 visible_p95_ms=628.0 stabilize_p50_ms=1959.8 stabilize_p95_ms=3362.1 avg_revisions=2.13 matched=15 refined=15 snapshots=16
      algorithmic latency: first_correct_ms=53.1 visible_p50_ms=416.4 visible_p95_ms=584.8 stabilize_p50_ms=1893.2 stabilize_p95_ms=2820.8
      final display note metrics: precision=0.962 recall=0.941 f1=0.951 matched=127/135 pred=132
      final display strict onset f1: 10ms=0.869 20ms=0.944 30ms=0.951
      final display timing: offset_f1=0.891 rhythm_precision=0.937 note_value_acc=0.394 note_value_n=127 avg_beat_error=0.135
      final display structure: cluster_f1=0.612 onset_align_recall=0.932 avg_jaccard=0.865 exact=26/44 pred=41 over=7 under=6 pitch_conflicts=2 missed_gt=3
      threshold profiles: hit_rate=0.000 thresholds=[0.7] profiles={'baseline_nominal': 10}
    delta treatment-control: precision=+0.000 recall=+0.000 f1=+0.000 offset_f1=+0.000 note_value_acc=+0.000 dup_per_100=+0.00 boundary_miss_rate=+0.000 p95_chunk_ms=+13.59 f1_10ms=+0.000 f1_20ms=+0.000 f1_30ms=+0.000 visible_p50_ms=+5.1 stabilize_p50_ms=-6.6 algo_visible_p50_ms=+0.0 algo_stabilize_p50_ms=+0.0 avg_revisions=+0.00 display_note_f1=+0.000 display_offset_f1=+0.000 display_cluster_f1=+0.000 display_cluster_jaccard=+0.000
    failure buckets: ['boundary_miss_failure', 'high_revision_slow_stabilization']
      boundary diagnostics: missed=1 by_arm={'control': 1, 'treatment': 1} tags={'control_boundary_miss': 1, 'no_control_coarse_candidate': 1}
        miss: pitch=81 onset=4.704s boundary_delta_ms=-95.6 control_coarse=False treatment_coarse=False retro=n/a
[TIMING] EnhancedMel.transcribe: audio_to_gpu=0.5ms, features=0.6ms, model=13.5ms, decode=1.5ms | TOTAL=16.1ms for 600ms audio (RTF=0.03x)
[TIMING] stream_chunk[experiment-257d5cb1306c462b91c3d5387a0f27f6](live_neural): decode=0.2ms, inference=17.9ms, second_pass=0.0ms, contention=0.0ms, TOTAL=18.2ms | audio=600ms, RTF=0.03x | model=enhanced_mel, neural_total=17.4ms, model_inference=13.5ms
[TIMING] EnhancedMel.transcribe: audio_to_gpu=0.2ms, features=0.5ms, model=10.9ms, decode=2.6ms | TOTAL=14.2ms for 1200ms audio (RTF=0.01x)
[TIMING] stream_chunk[experiment-257d5cb1306c462b91c3d5387a0f27f6](live_neural): decode=0.1ms, inference=16.2ms, second_pass=0.0ms, contention=0.0ms, TOTAL=16.5ms | audio=600ms, RTF=0.03x | model=enhanced_mel, neural_total=15.7ms, model_inference=10.9ms
[TIMING] EnhancedMel.transcribe: audio_to_gpu=0.3ms, features=0.6ms, model=12.1ms, decode=4.0ms | TOTAL=17.0ms for 1800ms audio (RTF=0.01x)
[TIMING] stream_chunk[experiment-257d5cb1306c462b91c3d5387a0f27f6](live_neural): decode=0.1ms, inference=19.8ms, second_pass=0.0ms, contention=0.0ms, TOTAL=20.0ms | audio=600ms, RTF=0.03x | model=enhanced_mel, neural_total=19.3ms, model_inference=12.1ms
[TIMING] EnhancedMel.transcribe: audio_to_gpu=0.2ms, features=4.0ms, model=12.4ms, decode=5.0ms | TOTAL=21.6ms for 2400ms audio (RTF=0.01x)
[TIMING] stream_chunk[experiment-257d5cb1306c462b91c3d5387a0f27f6](live_neural): decode=0.1ms, inference=24.1ms, second_pass=0.0ms, contention=0.0ms, TOTAL=24.4ms | audio=600ms, RTF=0.04x | model=enhanced_mel, neural_total=23.7ms, model_inference=12.4ms
[TIMING] EnhancedMel.transcribe: audio_to_gpu=0.3ms, features=0.5ms, model=13.9ms, decode=5.9ms | TOTAL=20.6ms for 3000ms audio (RTF=0.01x)
[TIMING] stream_chunk[experiment-257d5cb1306c462b91c3d5387a0f27f6](live_neural): decode=0.1ms, inference=23.2ms, second_pass=0.0ms, contention=0.0ms, TOTAL=23.6ms | audio=600ms, RTF=0.04x | model=enhanced_mel, neural_total=22.8ms, model_inference=13.9ms
[TIMING] EnhancedMel.transcribe: audio_to_gpu=0.3ms, features=3.0ms, model=14.0ms, decode=7.2ms | TOTAL=24.5ms for 3600ms audio (RTF=0.01x)
[TIMING] stream_chunk[experiment-257d5cb1306c462b91c3d5387a0f27f6](live_neural): decode=0.1ms, inference=27.3ms, second_pass=0.0ms, contention=0.0ms, TOTAL=27.7ms | audio=600ms, RTF=0.05x | model=enhanced_mel, neural_total=26.9ms, model_inference=14.0ms
[TIMING] EnhancedMel.transcribe: audio_to_gpu=0.3ms, features=0.6ms, model=16.1ms, decode=8.6ms | TOTAL=25.6ms for 4200ms audio (RTF=0.01x)
[TIMING] stream_chunk[experiment-257d5cb1306c462b91c3d5387a0f27f6](live_neural): decode=0.2ms, inference=28.6ms, second_pass=0.0ms, contention=0.0ms, TOTAL=29.1ms | audio=600ms, RTF=0.05x | model=enhanced_mel, neural_total=28.2ms, model_inference=16.1ms
[TIMING] EnhancedMel.transcribe: audio_to_gpu=0.3ms, features=0.6ms, model=22.6ms, decode=11.2ms | TOTAL=34.6ms for 4200ms audio (RTF=0.01x)
[TIMING] stream_chunk[experiment-257d5cb1306c462b91c3d5387a0f27f6](live_neural): decode=0.2ms, inference=38.2ms, second_pass=0.0ms, contention=0.0ms, TOTAL=38.8ms | audio=600ms, RTF=0.06x | model=enhanced_mel, neural_total=37.8ms, model_inference=22.6ms
[TIMING] EnhancedMel.transcribe: audio_to_gpu=0.4ms, features=0.5ms, model=14.2ms, decode=8.5ms | TOTAL=23.6ms for 4200ms audio (RTF=0.01x)
[TIMING] stream_chunk[experiment-257d5cb1306c462b91c3d5387a0f27f6](live_neural): decode=0.1ms, inference=26.7ms, second_pass=0.0ms, contention=0.0ms, TOTAL=27.3ms | audio=600ms, RTF=0.05x | model=enhanced_mel, neural_total=26.3ms, model_inference=14.2ms
[TIMING] EnhancedMel.transcribe: audio_to_gpu=0.3ms, features=0.6ms, model=13.7ms, decode=9.6ms | TOTAL=24.2ms for 4200ms audio (RTF=0.01x)
[TIMING] stream_chunk[experiment-257d5cb1306c462b91c3d5387a0f27f6](live_neural): decode=0.1ms, inference=27.2ms, second_pass=0.0ms, contention=0.0ms, TOTAL=27.6ms | audio=600ms, RTF=0.05x | model=enhanced_mel, neural_total=26.8ms, model_inference=13.7ms
[TIMING] EnhancedMel.transcribe: audio_to_gpu=0.4ms, features=0.6ms, model=10.3ms, decode=1.5ms | TOTAL=12.7ms for 600ms audio (RTF=0.02x)
[TIMING] stream_chunk[experiment-5df97be2f9914ef8a2bfa876b1b4dea7](live_neural): decode=0.1ms, inference=14.6ms, second_pass=0.0ms, contention=0.0ms, TOTAL=14.9ms | audio=600ms, RTF=0.02x | model=enhanced_mel, neural_total=14.2ms, model_inference=10.3ms
[TIMING] EnhancedMel.transcribe: audio_to_gpu=0.2ms, features=0.4ms, model=10.0ms, decode=2.5ms | TOTAL=13.2ms for 1200ms audio (RTF=0.01x)
[TIMING] stream_chunk[experiment-5df97be2f9914ef8a2bfa876b1b4dea7](live_neural): decode=0.2ms, inference=14.9ms, second_pass=0.0ms, contention=0.0ms, TOTAL=15.2ms | audio=600ms, RTF=0.03x | model=enhanced_mel, neural_total=14.6ms, model_inference=10.0ms
[TIMING] EnhancedMel.transcribe: audio_to_gpu=0.2ms, features=3.5ms, model=12.1ms, decode=3.6ms | TOTAL=19.4ms for 1800ms audio (RTF=0.01x)
[TIMING] stream_chunk[experiment-5df97be2f9914ef8a2bfa876b1b4dea7](live_neural): decode=0.1ms, inference=22.1ms, second_pass=0.0ms, contention=0.0ms, TOTAL=22.3ms | audio=600ms, RTF=0.04x | model=enhanced_mel, neural_total=21.7ms, model_inference=12.1ms
[TIMING] EnhancedMel.transcribe: audio_to_gpu=0.1ms, features=0.4ms, model=12.2ms, decode=4.8ms | TOTAL=17.5ms for 2400ms audio (RTF=0.01x)
[TIMING] stream_chunk[experiment-5df97be2f9914ef8a2bfa876b1b4dea7](live_neural): decode=0.1ms, inference=19.9ms, second_pass=0.0ms, contention=0.0ms, TOTAL=20.2ms | audio=600ms, RTF=0.03x | model=enhanced_mel, neural_total=19.6ms, model_inference=12.2ms
[TIMING] EnhancedMel.transcribe: audio_to_gpu=0.3ms, features=0.7ms, model=23.8ms, decode=6.0ms | TOTAL=30.8ms for 3000ms audio (RTF=0.01x)
[TIMING] stream_chunk[experiment-5df97be2f9914ef8a2bfa876b1b4dea7](live_neural): decode=0.1ms, inference=33.5ms, second_pass=0.0ms, contention=0.0ms, TOTAL=33.9ms | audio=600ms, RTF=0.06x | model=enhanced_mel, neural_total=32.9ms, model_inference=23.8ms
[TIMING] EnhancedMel.transcribe: audio_to_gpu=0.3ms, features=0.6ms, model=12.7ms, decode=7.2ms | TOTAL=20.9ms for 3600ms audio (RTF=0.01x)
[TIMING] stream_chunk[experiment-5df97be2f9914ef8a2bfa876b1b4dea7](live_neural): decode=0.1ms, inference=24.4ms, second_pass=0.0ms, contention=0.0ms, TOTAL=24.8ms | audio=600ms, RTF=0.04x | model=enhanced_mel, neural_total=23.4ms, model_inference=12.7ms
[TIMING] EnhancedMel.transcribe: audio_to_gpu=0.3ms, features=0.7ms, model=14.1ms, decode=10.9ms | TOTAL=26.1ms for 4200ms audio (RTF=0.01x)
[TIMING] stream_chunk[experiment-5df97be2f9914ef8a2bfa876b1b4dea7](live_neural): decode=0.1ms, inference=29.2ms, second_pass=0.0ms, contention=0.0ms, TOTAL=29.9ms | audio=600ms, RTF=0.05x | model=enhanced_mel, neural_total=28.7ms, model_inference=14.1ms
[TIMING] EnhancedMel.transcribe: audio_to_gpu=0.3ms, features=0.5ms, model=14.7ms, decode=10.4ms | TOTAL=25.9ms for 4200ms audio (RTF=0.01x)
[TIMING] stream_chunk[experiment-5df97be2f9914ef8a2bfa876b1b4dea7](live_neural): decode=0.1ms, inference=28.8ms, second_pass=0.0ms, contention=0.0ms, TOTAL=29.3ms | audio=600ms, RTF=0.05x | model=enhanced_mel, neural_total=28.4ms, model_inference=14.7ms
[TIMING] EnhancedMel.transcribe: audio_to_gpu=0.3ms, features=4.5ms, model=15.0ms, decode=9.3ms | TOTAL=29.2ms for 4200ms audio (RTF=0.01x)
[TIMING] stream_chunk[experiment-5df97be2f9914ef8a2bfa876b1b4dea7](live_neural): decode=0.1ms, inference=33.2ms, second_pass=0.0ms, contention=0.0ms, TOTAL=33.7ms | audio=600ms, RTF=0.06x | model=enhanced_mel, neural_total=32.8ms, model_inference=15.0ms
[TIMING] EnhancedMel.transcribe: audio_to_gpu=1.2ms, features=0.8ms, model=13.9ms, decode=8.9ms | TOTAL=24.9ms for 4200ms audio (RTF=0.01x)
[TIMING] stream_chunk[experiment-5df97be2f9914ef8a2bfa876b1b4dea7](live_neural): decode=0.1ms, inference=27.9ms, second_pass=0.0ms, contention=0.0ms, TOTAL=28.4ms | audio=600ms, RTF=0.05x | model=enhanced_mel, neural_total=27.4ms, model_inference=13.9ms

[CLIP_019] Concert Etude No. 2, "Gnomenreigen", S. 145/2
  excerpt: start=63.00s end=69.00s duration=6.00s gt_notes=178 rms=0.1284 peak=0.5428 crest=4.227 rms_std=0.0274
    control:
      note metrics: precision=0.927 recall=0.860 f1=0.892 matched=153/178 pred=165
      strict onset f1: 10ms=0.752 20ms=0.880 30ms=0.892
      timing metrics: offset_f1=0.880 rhythm_precision=0.987 note_value_acc=0.778 note_value_n=153 avg_beat_error=0.025
      duplicate metrics: duplicates=7 per_100_notes=4.24
      boundary metrics: gt=55 matched=48 missed=7 miss_rate=0.127
      latency: avg_chunk_ms=25.32 p95_chunk_ms=34.46 avg_rtf=0.042
      notation metrics: first_correct_ms=57.5 visible_p50_ms=349.6 visible_p95_ms=624.8 stabilize_p50_ms=1225.2 stabilize_p95_ms=1954.7 avg_revisions=1.32 matched=62 refined=62 snapshots=21
      algorithmic latency: first_correct_ms=29.9 visible_p50_ms=325.9 visible_p95_ms=597.0 stabilize_p50_ms=772.5 stabilize_p95_ms=1491.7
      final display note metrics: precision=0.968 recall=0.848 f1=0.904 matched=151/178 pred=156
      final display strict onset f1: 10ms=0.766 20ms=0.892 30ms=0.904
      final display timing: offset_f1=0.892 rhythm_precision=0.987 note_value_acc=0.311 note_value_n=151 avg_beat_error=0.096
      final display structure: cluster_f1=0.517 onset_align_recall=0.923 avg_jaccard=0.790 exact=39/78 pred=73 over=9 under=18 pitch_conflicts=6 missed_gt=6
      threshold profiles: hit_rate=0.000 thresholds=[0.7] profiles={'fixed_baseline': 10}
    treatment:
      note metrics: precision=0.938 recall=0.854 f1=0.894 matched=152/178 pred=162
      strict onset f1: 10ms=0.753 20ms=0.882 30ms=0.894
      timing metrics: offset_f1=0.882 rhythm_precision=0.987 note_value_acc=0.776 note_value_n=152 avg_beat_error=0.025
      duplicate metrics: duplicates=7 per_100_notes=4.32
      boundary metrics: gt=55 matched=48 missed=7 miss_rate=0.127
      latency: avg_chunk_ms=25.24 p95_chunk_ms=33.79 avg_rtf=0.042
      notation metrics: first_correct_ms=58.3 visible_p50_ms=353.9 visible_p95_ms=622.0 stabilize_p50_ms=1434.3 stabilize_p95_ms=2015.2 avg_revisions=1.55 matched=62 refined=62 snapshots=21
      algorithmic latency: first_correct_ms=29.9 visible_p50_ms=325.9 visible_p95_ms=597.0 stabilize_p50_ms=983.2 stabilize_p95_ms=1557.6
      final display note metrics: precision=0.980 recall=0.843 f1=0.906 matched=150/178 pred=153
      final display strict onset f1: 10ms=0.767 20ms=0.894 30ms=0.906
      final display timing: offset_f1=0.894 rhythm_precision=0.987 note_value_acc=0.273 note_value_n=150 avg_beat_error=0.099
      final display structure: cluster_f1=0.530 onset_align_recall=0.923 avg_jaccard=0.790 exact=40/78 pred=73 over=8 under=18 pitch_conflicts=6 missed_gt=6
      threshold profiles: hit_rate=1.000 thresholds=[0.72] profiles={'loud_dense_precision': 10}
    delta treatment-control: precision=+0.011 recall=-0.006 f1=+0.002 offset_f1=+0.002 note_value_acc=-0.001 dup_per_100=+0.08 boundary_miss_rate=+0.000 p95_chunk_ms=-0.66 f1_10ms=+0.001 f1_20ms=+0.002 f1_30ms=+0.002 visible_p50_ms=+4.4 stabilize_p50_ms=+209.1 algo_visible_p50_ms=+0.0 algo_stabilize_p50_ms=+210.7 avg_revisions=+0.23 display_note_f1=+0.002 display_offset_f1=+0.002 display_cluster_f1=+0.013 display_cluster_jaccard=+0.000
    failure buckets: ['boundary_miss_failure', 'high_revision_slow_stabilization']
      boundary diagnostics: missed=7 by_arm={'control': 7, 'treatment': 7} tags={'control_boundary_miss': 7, 'no_control_coarse_candidate': 7}
        miss: pitch=73 onset=0.659s boundary_delta_ms=+58.9 control_coarse=False treatment_coarse=False retro=n/a
        miss: pitch=87 onset=1.128s boundary_delta_ms=-72.4 control_coarse=False treatment_coarse=False retro=n/a
        miss: pitch=88 onset=2.467s boundary_delta_ms=+67.4 control_coarse=False treatment_coarse=False retro=n/a
        ... 4 more missed boundary notes in diagnostics JSON
[TIMING] EnhancedMel.transcribe: audio_to_gpu=0.4ms, features=0.6ms, model=11.3ms, decode=1.4ms | TOTAL=13.7ms for 600ms audio (RTF=0.02x)
[TIMING] stream_chunk[experiment-1a4275559fbc4ccc8746bb2f4d37605e](live_neural): decode=0.2ms, inference=15.7ms, second_pass=0.0ms, contention=0.0ms, TOTAL=16.0ms | audio=600ms, RTF=0.03x | model=enhanced_mel, neural_total=15.2ms, model_inference=11.3ms
[TIMING] EnhancedMel.transcribe: audio_to_gpu=0.2ms, features=0.5ms, model=13.4ms, decode=2.7ms | TOTAL=16.7ms for 1200ms audio (RTF=0.01x)
[TIMING] stream_chunk[experiment-1a4275559fbc4ccc8746bb2f4d37605e](live_neural): decode=0.1ms, inference=18.8ms, second_pass=0.0ms, contention=0.0ms, TOTAL=19.1ms | audio=600ms, RTF=0.03x | model=enhanced_mel, neural_total=18.3ms, model_inference=13.4ms
[TIMING] EnhancedMel.transcribe: audio_to_gpu=0.2ms, features=0.6ms, model=14.9ms, decode=4.0ms | TOTAL=19.7ms for 1800ms audio (RTF=0.01x)
[TIMING] stream_chunk[experiment-1a4275559fbc4ccc8746bb2f4d37605e](live_neural): decode=0.2ms, inference=22.0ms, second_pass=0.0ms, contention=0.0ms, TOTAL=22.3ms | audio=600ms, RTF=0.04x | model=enhanced_mel, neural_total=21.6ms, model_inference=14.9ms
[TIMING] EnhancedMel.transcribe: audio_to_gpu=0.2ms, features=0.6ms, model=14.9ms, decode=5.8ms | TOTAL=21.5ms for 2400ms audio (RTF=0.01x)
[TIMING] stream_chunk[experiment-1a4275559fbc4ccc8746bb2f4d37605e](live_neural): decode=0.2ms, inference=24.3ms, second_pass=0.0ms, contention=0.0ms, TOTAL=24.6ms | audio=600ms, RTF=0.04x | model=enhanced_mel, neural_total=23.7ms, model_inference=14.9ms
[TIMING] EnhancedMel.transcribe: audio_to_gpu=0.3ms, features=0.5ms, model=14.2ms, decode=6.1ms | TOTAL=21.1ms for 3000ms audio (RTF=0.01x)
[TIMING] stream_chunk[experiment-1a4275559fbc4ccc8746bb2f4d37605e](live_neural): decode=0.1ms, inference=23.7ms, second_pass=0.0ms, contention=0.0ms, TOTAL=24.1ms | audio=600ms, RTF=0.04x | model=enhanced_mel, neural_total=23.3ms, model_inference=14.2ms
[TIMING] EnhancedMel.transcribe: audio_to_gpu=0.3ms, features=0.5ms, model=13.2ms, decode=7.1ms | TOTAL=21.1ms for 3600ms audio (RTF=0.01x)
[TIMING] stream_chunk[experiment-1a4275559fbc4ccc8746bb2f4d37605e](live_neural): decode=0.1ms, inference=23.7ms, second_pass=0.0ms, contention=0.0ms, TOTAL=24.1ms | audio=600ms, RTF=0.04x | model=enhanced_mel, neural_total=23.4ms, model_inference=13.2ms
[TIMING] EnhancedMel.transcribe: audio_to_gpu=0.3ms, features=0.6ms, model=15.9ms, decode=8.5ms | TOTAL=25.2ms for 4200ms audio (RTF=0.01x)
[TIMING] stream_chunk[experiment-1a4275559fbc4ccc8746bb2f4d37605e](live_neural): decode=0.2ms, inference=28.4ms, second_pass=0.0ms, contention=0.0ms, TOTAL=28.9ms | audio=600ms, RTF=0.05x | model=enhanced_mel, neural_total=27.9ms, model_inference=15.9ms
[TIMING] EnhancedMel.transcribe: audio_to_gpu=0.6ms, features=0.8ms, model=17.2ms, decode=8.8ms | TOTAL=27.4ms for 4200ms audio (RTF=0.01x)
[TIMING] stream_chunk[experiment-1a4275559fbc4ccc8746bb2f4d37605e](live_neural): decode=0.1ms, inference=30.5ms, second_pass=0.0ms, contention=0.0ms, TOTAL=31.0ms | audio=600ms, RTF=0.05x | model=enhanced_mel, neural_total=30.0ms, model_inference=17.2ms
[TIMING] EnhancedMel.transcribe: audio_to_gpu=0.5ms, features=0.6ms, model=16.9ms, decode=8.5ms | TOTAL=26.4ms for 4200ms audio (RTF=0.01x)
[TIMING] stream_chunk[experiment-1a4275559fbc4ccc8746bb2f4d37605e](live_neural): decode=0.1ms, inference=29.5ms, second_pass=0.0ms, contention=0.0ms, TOTAL=30.0ms | audio=600ms, RTF=0.05x | model=enhanced_mel, neural_total=29.0ms, model_inference=16.9ms
[TIMING] EnhancedMel.transcribe: audio_to_gpu=0.3ms, features=0.5ms, model=16.3ms, decode=9.0ms | TOTAL=26.2ms for 4200ms audio (RTF=0.01x)
[TIMING] stream_chunk[experiment-1a4275559fbc4ccc8746bb2f4d37605e](live_neural): decode=0.1ms, inference=29.5ms, second_pass=0.0ms, contention=0.0ms, TOTAL=30.0ms | audio=600ms, RTF=0.05x | model=enhanced_mel, neural_total=29.0ms, model_inference=16.3ms
[TIMING] EnhancedMel.transcribe: audio_to_gpu=0.4ms, features=0.6ms, model=10.1ms, decode=1.4ms | TOTAL=12.5ms for 600ms audio (RTF=0.02x)
[TIMING] stream_chunk[experiment-77a0ed0307b94634908c76b719761c50](live_neural): decode=0.2ms, inference=14.2ms, second_pass=0.0ms, contention=0.0ms, TOTAL=14.5ms | audio=600ms, RTF=0.02x | model=enhanced_mel, neural_total=13.8ms, model_inference=10.1ms
[TIMING] EnhancedMel.transcribe: audio_to_gpu=0.2ms, features=0.5ms, model=11.0ms, decode=2.8ms | TOTAL=14.4ms for 1200ms audio (RTF=0.01x)
[TIMING] stream_chunk[experiment-77a0ed0307b94634908c76b719761c50](live_neural): decode=0.1ms, inference=16.0ms, second_pass=0.0ms, contention=0.0ms, TOTAL=16.3ms | audio=600ms, RTF=0.03x | model=enhanced_mel, neural_total=15.7ms, model_inference=11.0ms
[TIMING] EnhancedMel.transcribe: audio_to_gpu=0.2ms, features=0.4ms, model=11.1ms, decode=3.7ms | TOTAL=15.3ms for 1800ms audio (RTF=0.01x)
[TIMING] stream_chunk[experiment-77a0ed0307b94634908c76b719761c50](live_neural): decode=0.1ms, inference=17.6ms, second_pass=0.0ms, contention=0.0ms, TOTAL=17.9ms | audio=600ms, RTF=0.03x | model=enhanced_mel, neural_total=17.3ms, model_inference=11.1ms
[TIMING] EnhancedMel.transcribe: audio_to_gpu=0.3ms, features=0.9ms, model=11.2ms, decode=5.3ms | TOTAL=17.7ms for 2400ms audio (RTF=0.01x)
[TIMING] stream_chunk[experiment-77a0ed0307b94634908c76b719761c50](live_neural): decode=0.1ms, inference=20.3ms, second_pass=0.0ms, contention=0.0ms, TOTAL=20.6ms | audio=600ms, RTF=0.03x | model=enhanced_mel, neural_total=19.9ms, model_inference=11.2ms
[TIMING] EnhancedMel.transcribe: audio_to_gpu=0.2ms, features=0.5ms, model=12.4ms, decode=5.8ms | TOTAL=19.0ms for 3000ms audio (RTF=0.01x)
[TIMING] stream_chunk[experiment-77a0ed0307b94634908c76b719761c50](live_neural): decode=0.1ms, inference=21.5ms, second_pass=0.0ms, contention=0.0ms, TOTAL=21.9ms | audio=600ms, RTF=0.04x | model=enhanced_mel, neural_total=21.1ms, model_inference=12.4ms
[TIMING] EnhancedMel.transcribe: audio_to_gpu=0.3ms, features=0.4ms, model=13.3ms, decode=7.0ms | TOTAL=21.0ms for 3600ms audio (RTF=0.01x)
[TIMING] stream_chunk[experiment-77a0ed0307b94634908c76b719761c50](live_neural): decode=0.1ms, inference=23.8ms, second_pass=0.0ms, contention=0.0ms, TOTAL=24.2ms | audio=600ms, RTF=0.04x | model=enhanced_mel, neural_total=23.4ms, model_inference=13.3ms
[TIMING] EnhancedMel.transcribe: audio_to_gpu=0.3ms, features=0.6ms, model=14.8ms, decode=8.4ms | TOTAL=24.1ms for 4200ms audio (RTF=0.01x)
[TIMING] stream_chunk[experiment-77a0ed0307b94634908c76b719761c50](live_neural): decode=0.1ms, inference=27.0ms, second_pass=0.0ms, contention=0.0ms, TOTAL=27.4ms | audio=600ms, RTF=0.05x | model=enhanced_mel, neural_total=26.5ms, model_inference=14.8ms
[TIMING] EnhancedMel.transcribe: audio_to_gpu=0.3ms, features=0.6ms, model=14.7ms, decode=8.4ms | TOTAL=23.9ms for 4200ms audio (RTF=0.01x)
[TIMING] stream_chunk[experiment-77a0ed0307b94634908c76b719761c50](live_neural): decode=0.1ms, inference=27.3ms, second_pass=0.0ms, contention=0.0ms, TOTAL=27.8ms | audio=600ms, RTF=0.05x | model=enhanced_mel, neural_total=26.7ms, model_inference=14.7ms
[TIMING] EnhancedMel.transcribe: audio_to_gpu=0.4ms, features=0.7ms, model=17.0ms, decode=8.4ms | TOTAL=26.4ms for 4200ms audio (RTF=0.01x)
[TIMING] stream_chunk[experiment-77a0ed0307b94634908c76b719761c50](live_neural): decode=0.2ms, inference=29.5ms, second_pass=0.0ms, contention=0.0ms, TOTAL=30.1ms | audio=600ms, RTF=0.05x | model=enhanced_mel, neural_total=28.9ms, model_inference=17.0ms
[TIMING] EnhancedMel.transcribe: audio_to_gpu=0.4ms, features=0.6ms, model=15.2ms, decode=8.7ms | TOTAL=24.9ms for 4200ms audio (RTF=0.01x)
[TIMING] stream_chunk[experiment-77a0ed0307b94634908c76b719761c50](live_neural): decode=0.2ms, inference=28.0ms, second_pass=0.0ms, contention=0.0ms, TOTAL=28.6ms | audio=600ms, RTF=0.05x | model=enhanced_mel, neural_total=27.4ms, model_inference=15.2ms

[CLIP_020] Concert Etude No. 2 "Gnomenreigen"
  excerpt: start=30.00s end=36.00s duration=6.00s gt_notes=177 rms=0.0476 peak=0.3012 crest=6.327 rms_std=0.0147
    control:
      note metrics: precision=0.969 recall=0.893 f1=0.929 matched=158/177 pred=163
      strict onset f1: 10ms=0.788 20ms=0.912 30ms=0.924
      timing metrics: offset_f1=0.929 rhythm_precision=1.000 note_value_acc=0.842 note_value_n=158 avg_beat_error=0.017
      duplicate metrics: duplicates=6 per_100_notes=3.68
      boundary metrics: gt=54 matched=53 missed=1 miss_rate=0.019
      latency: avg_chunk_ms=25.02 p95_chunk_ms=30.55 avg_rtf=0.042
      notation metrics: first_correct_ms=22.8 visible_p50_ms=344.4 visible_p95_ms=601.6 stabilize_p50_ms=615.3 stabilize_p95_ms=1839.2 avg_revisions=0.53 matched=64 refined=64 snapshots=20
      algorithmic latency: first_correct_ms=0.0 visible_p50_ms=314.5 visible_p95_ms=576.6 stabilize_p50_ms=549.5 stabilize_p95_ms=1375.2
      final display note metrics: precision=1.000 recall=0.876 f1=0.934 matched=155/177 pred=155
      final display strict onset f1: 10ms=0.795 20ms=0.922 30ms=0.928
      final display timing: offset_f1=0.934 rhythm_precision=1.000 note_value_acc=0.419 note_value_n=155 avg_beat_error=0.102
      final display structure: cluster_f1=0.628 onset_align_recall=0.949 avg_jaccard=0.844 exact=49/79 pred=77 over=7 under=18 pitch_conflicts=1 missed_gt=4
      threshold profiles: hit_rate=0.000 thresholds=[0.7] profiles={'fixed_baseline': 10}
    treatment:
      note metrics: precision=0.969 recall=0.893 f1=0.929 matched=158/177 pred=163
      strict onset f1: 10ms=0.788 20ms=0.912 30ms=0.924
      timing metrics: offset_f1=0.929 rhythm_precision=1.000 note_value_acc=0.842 note_value_n=158 avg_beat_error=0.017
      duplicate metrics: duplicates=6 per_100_notes=3.68
      boundary metrics: gt=54 matched=53 missed=1 miss_rate=0.019
      latency: avg_chunk_ms=22.92 p95_chunk_ms=29.41 avg_rtf=0.038
      notation metrics: first_correct_ms=20.6 visible_p50_ms=342.1 visible_p95_ms=599.7 stabilize_p50_ms=612.0 stabilize_p95_ms=1835.5 avg_revisions=0.53 matched=64 refined=64 snapshots=20
      algorithmic latency: first_correct_ms=0.0 visible_p50_ms=314.5 visible_p95_ms=576.6 stabilize_p50_ms=549.5 stabilize_p95_ms=1375.2
      final display note metrics: precision=1.000 recall=0.876 f1=0.934 matched=155/177 pred=155
      final display strict onset f1: 10ms=0.795 20ms=0.922 30ms=0.928
      final display timing: offset_f1=0.934 rhythm_precision=1.000 note_value_acc=0.419 note_value_n=155 avg_beat_error=0.102
      final display structure: cluster_f1=0.628 onset_align_recall=0.949 avg_jaccard=0.844 exact=49/79 pred=77 over=7 under=18 pitch_conflicts=1 missed_gt=4
      threshold profiles: hit_rate=0.000 thresholds=[0.7] profiles={'baseline_nominal': 10}
    delta treatment-control: precision=+0.000 recall=+0.000 f1=+0.000 offset_f1=+0.000 note_value_acc=+0.000 dup_per_100=+0.00 boundary_miss_rate=+0.000 p95_chunk_ms=-1.14 f1_10ms=+0.000 f1_20ms=+0.000 f1_30ms=+0.000 visible_p50_ms=-2.3 stabilize_p50_ms=-3.3 algo_visible_p50_ms=+0.0 algo_stabilize_p50_ms=+0.0 avg_revisions=+0.00 display_note_f1=+0.000 display_offset_f1=+0.000 display_cluster_f1=+0.000 display_cluster_jaccard=+0.000
    failure buckets: ['boundary_miss_failure', 'high_revision_slow_stabilization']
      boundary diagnostics: missed=1 by_arm={'control': 1, 'treatment': 1} tags={'control_boundary_miss': 1, 'no_control_coarse_candidate': 1}
        miss: pitch=92 onset=4.234s boundary_delta_ms=+34.4 control_coarse=False treatment_coarse=False retro=n/a
[TIMING] EnhancedMel.transcribe: audio_to_gpu=0.6ms, features=0.5ms, model=10.5ms, decode=1.3ms | TOTAL=12.8ms for 600ms audio (RTF=0.02x)
[TIMING] stream_chunk[experiment-f8981bd1b91648af9ebb54a4dbafaafc](live_neural): decode=0.1ms, inference=15.5ms, second_pass=0.0ms, contention=0.0ms, TOTAL=15.7ms | audio=600ms, RTF=0.03x | model=enhanced_mel, neural_total=15.0ms, model_inference=10.5ms
[TIMING] EnhancedMel.transcribe: audio_to_gpu=0.2ms, features=0.5ms, model=10.3ms, decode=2.2ms | TOTAL=13.2ms for 1200ms audio (RTF=0.01x)
[TIMING] stream_chunk[experiment-f8981bd1b91648af9ebb54a4dbafaafc](live_neural): decode=0.1ms, inference=15.8ms, second_pass=0.0ms, contention=0.0ms, TOTAL=16.0ms | audio=600ms, RTF=0.03x | model=enhanced_mel, neural_total=15.4ms, model_inference=10.3ms
[TIMING] EnhancedMel.transcribe: audio_to_gpu=0.5ms, features=0.6ms, model=11.9ms, decode=3.3ms | TOTAL=16.3ms for 1800ms audio (RTF=0.01x)
[TIMING] stream_chunk[experiment-f8981bd1b91648af9ebb54a4dbafaafc](live_neural): decode=0.1ms, inference=18.3ms, second_pass=0.0ms, contention=0.0ms, TOTAL=18.5ms | audio=600ms, RTF=0.03x | model=enhanced_mel, neural_total=17.9ms, model_inference=11.9ms
[TIMING] EnhancedMel.transcribe: audio_to_gpu=0.2ms, features=0.5ms, model=11.6ms, decode=4.5ms | TOTAL=16.7ms for 2400ms audio (RTF=0.01x)
[TIMING] stream_chunk[experiment-f8981bd1b91648af9ebb54a4dbafaafc](live_neural): decode=0.1ms, inference=18.9ms, second_pass=0.0ms, contention=0.0ms, TOTAL=19.2ms | audio=600ms, RTF=0.03x | model=enhanced_mel, neural_total=18.5ms, model_inference=11.6ms
[TIMING] EnhancedMel.transcribe: audio_to_gpu=0.2ms, features=0.5ms, model=11.7ms, decode=5.6ms | TOTAL=18.1ms for 3000ms audio (RTF=0.01x)
[TIMING] stream_chunk[experiment-f8981bd1b91648af9ebb54a4dbafaafc](live_neural): decode=0.1ms, inference=20.5ms, second_pass=0.0ms, contention=0.0ms, TOTAL=20.9ms | audio=600ms, RTF=0.03x | model=enhanced_mel, neural_total=20.1ms, model_inference=11.7ms
[TIMING] EnhancedMel.transcribe: audio_to_gpu=0.4ms, features=0.7ms, model=14.8ms, decode=7.5ms | TOTAL=23.4ms for 3600ms audio (RTF=0.01x)
[TIMING] stream_chunk[experiment-f8981bd1b91648af9ebb54a4dbafaafc](live_neural): decode=0.1ms, inference=26.1ms, second_pass=0.0ms, contention=0.0ms, TOTAL=26.4ms | audio=600ms, RTF=0.04x | model=enhanced_mel, neural_total=25.7ms, model_inference=14.8ms
[TIMING] EnhancedMel.transcribe: audio_to_gpu=0.4ms, features=0.5ms, model=14.5ms, decode=8.0ms | TOTAL=23.4ms for 4200ms audio (RTF=0.01x)
[TIMING] stream_chunk[experiment-f8981bd1b91648af9ebb54a4dbafaafc](live_neural): decode=0.1ms, inference=26.3ms, second_pass=0.0ms, contention=0.0ms, TOTAL=26.9ms | audio=600ms, RTF=0.04x | model=enhanced_mel, neural_total=25.9ms, model_inference=14.5ms
[TIMING] EnhancedMel.transcribe: audio_to_gpu=0.3ms, features=0.6ms, model=15.8ms, decode=9.2ms | TOTAL=26.0ms for 4200ms audio (RTF=0.01x)
[TIMING] stream_chunk[experiment-f8981bd1b91648af9ebb54a4dbafaafc](live_neural): decode=0.1ms, inference=29.9ms, second_pass=0.0ms, contention=0.0ms, TOTAL=30.3ms | audio=600ms, RTF=0.05x | model=enhanced_mel, neural_total=29.5ms, model_inference=15.8ms
[TIMING] EnhancedMel.transcribe: audio_to_gpu=0.4ms, features=0.6ms, model=14.5ms, decode=8.8ms | TOTAL=24.2ms for 4200ms audio (RTF=0.01x)
[TIMING] stream_chunk[experiment-f8981bd1b91648af9ebb54a4dbafaafc](live_neural): decode=0.1ms, inference=27.9ms, second_pass=0.0ms, contention=0.0ms, TOTAL=28.4ms | audio=600ms, RTF=0.05x | model=enhanced_mel, neural_total=27.1ms, model_inference=14.5ms
[TIMING] EnhancedMel.transcribe: audio_to_gpu=0.4ms, features=0.6ms, model=14.8ms, decode=8.5ms | TOTAL=24.2ms for 4200ms audio (RTF=0.01x)
[TIMING] stream_chunk[experiment-f8981bd1b91648af9ebb54a4dbafaafc](live_neural): decode=0.2ms, inference=27.8ms, second_pass=0.0ms, contention=0.0ms, TOTAL=28.3ms | audio=600ms, RTF=0.05x | model=enhanced_mel, neural_total=27.1ms, model_inference=14.8ms
[TIMING] EnhancedMel.transcribe: audio_to_gpu=0.4ms, features=0.5ms, model=11.6ms, decode=1.3ms | TOTAL=13.9ms for 600ms audio (RTF=0.02x)
[TIMING] stream_chunk[experiment-6cdb560c73ca4342bdc3c0b83cc0365f](live_neural): decode=0.1ms, inference=15.4ms, second_pass=0.0ms, contention=0.0ms, TOTAL=15.6ms | audio=600ms, RTF=0.03x | model=enhanced_mel, neural_total=15.0ms, model_inference=11.6ms
[TIMING] EnhancedMel.transcribe: audio_to_gpu=0.2ms, features=0.5ms, model=10.4ms, decode=2.2ms | TOTAL=13.4ms for 1200ms audio (RTF=0.01x)
[TIMING] stream_chunk[experiment-6cdb560c73ca4342bdc3c0b83cc0365f](live_neural): decode=0.1ms, inference=16.0ms, second_pass=0.0ms, contention=0.0ms, TOTAL=16.3ms | audio=600ms, RTF=0.03x | model=enhanced_mel, neural_total=15.7ms, model_inference=10.4ms
[TIMING] EnhancedMel.transcribe: audio_to_gpu=0.3ms, features=0.5ms, model=18.4ms, decode=3.3ms | TOTAL=22.5ms for 1800ms audio (RTF=0.01x)
[TIMING] stream_chunk[experiment-6cdb560c73ca4342bdc3c0b83cc0365f](live_neural): decode=0.1ms, inference=24.5ms, second_pass=0.0ms, contention=0.0ms, TOTAL=24.7ms | audio=600ms, RTF=0.04x | model=enhanced_mel, neural_total=24.2ms, model_inference=18.4ms
[TIMING] EnhancedMel.transcribe: audio_to_gpu=0.2ms, features=0.5ms, model=11.5ms, decode=4.4ms | TOTAL=16.6ms for 2400ms audio (RTF=0.01x)
[TIMING] stream_chunk[experiment-6cdb560c73ca4342bdc3c0b83cc0365f](live_neural): decode=0.1ms, inference=18.7ms, second_pass=0.0ms, contention=0.0ms, TOTAL=19.1ms | audio=600ms, RTF=0.03x | model=enhanced_mel, neural_total=18.4ms, model_inference=11.5ms
[TIMING] EnhancedMel.transcribe: audio_to_gpu=0.3ms, features=0.6ms, model=20.6ms, decode=6.1ms | TOTAL=27.7ms for 3000ms audio (RTF=0.01x)
[TIMING] stream_chunk[experiment-6cdb560c73ca4342bdc3c0b83cc0365f](live_neural): decode=0.1ms, inference=30.3ms, second_pass=0.0ms, contention=0.0ms, TOTAL=30.7ms | audio=600ms, RTF=0.05x | model=enhanced_mel, neural_total=30.0ms, model_inference=20.6ms
[TIMING] EnhancedMel.transcribe: audio_to_gpu=0.3ms, features=0.7ms, model=15.3ms, decode=6.6ms | TOTAL=23.0ms for 3600ms audio (RTF=0.01x)
[TIMING] stream_chunk[experiment-6cdb560c73ca4342bdc3c0b83cc0365f](live_neural): decode=0.1ms, inference=25.6ms, second_pass=0.0ms, contention=0.0ms, TOTAL=25.9ms | audio=600ms, RTF=0.04x | model=enhanced_mel, neural_total=25.2ms, model_inference=15.3ms
[TIMING] EnhancedMel.transcribe: audio_to_gpu=0.3ms, features=0.5ms, model=13.9ms, decode=8.0ms | TOTAL=22.8ms for 4200ms audio (RTF=0.01x)
[TIMING] stream_chunk[experiment-6cdb560c73ca4342bdc3c0b83cc0365f](live_neural): decode=0.1ms, inference=26.6ms, second_pass=0.0ms, contention=0.0ms, TOTAL=27.0ms | audio=600ms, RTF=0.04x | model=enhanced_mel, neural_total=26.1ms, model_inference=13.9ms
[TIMING] EnhancedMel.transcribe: audio_to_gpu=0.5ms, features=1.1ms, model=19.0ms, decode=8.9ms | TOTAL=29.5ms for 4200ms audio (RTF=0.01x)
[TIMING] stream_chunk[experiment-6cdb560c73ca4342bdc3c0b83cc0365f](live_neural): decode=0.1ms, inference=32.8ms, second_pass=0.0ms, contention=0.0ms, TOTAL=33.3ms | audio=600ms, RTF=0.06x | model=enhanced_mel, neural_total=32.3ms, model_inference=19.0ms
[TIMING] EnhancedMel.transcribe: audio_to_gpu=0.4ms, features=0.9ms, model=21.1ms, decode=8.7ms | TOTAL=31.0ms for 4200ms audio (RTF=0.01x)
[TIMING] stream_chunk[experiment-6cdb560c73ca4342bdc3c0b83cc0365f](live_neural): decode=0.1ms, inference=34.0ms, second_pass=0.0ms, contention=0.0ms, TOTAL=34.6ms | audio=600ms, RTF=0.06x | model=enhanced_mel, neural_total=33.5ms, model_inference=21.1ms
[TIMING] EnhancedMel.transcribe: audio_to_gpu=0.4ms, features=0.7ms, model=15.7ms, decode=8.4ms | TOTAL=25.2ms for 4200ms audio (RTF=0.01x)
[TIMING] stream_chunk[experiment-6cdb560c73ca4342bdc3c0b83cc0365f](live_neural): decode=0.1ms, inference=28.1ms, second_pass=0.0ms, contention=0.0ms, TOTAL=28.6ms | audio=600ms, RTF=0.05x | model=enhanced_mel, neural_total=27.6ms, model_inference=15.7ms

[CLIP_021] Concert Etude "Gnomenreigen"
  excerpt: start=63.00s end=69.00s duration=6.00s gt_notes=141 rms=0.0904 peak=0.6430 crest=7.115 rms_std=0.0461
    control:
      note metrics: precision=0.880 recall=0.887 f1=0.883 matched=125/141 pred=142
      strict onset f1: 10ms=0.671 20ms=0.862 30ms=0.883
      timing metrics: offset_f1=0.799 rhythm_precision=0.904 note_value_acc=0.744 note_value_n=125 avg_beat_error=0.070
      duplicate metrics: duplicates=10 per_100_notes=7.04
      boundary metrics: gt=43 matched=40 missed=3 miss_rate=0.070
      latency: avg_chunk_ms=23.05 p95_chunk_ms=29.42 avg_rtf=0.038
      notation metrics: first_correct_ms=44.4 visible_p50_ms=351.4 visible_p95_ms=607.2 stabilize_p50_ms=1512.5 stabilize_p95_ms=2217.4 avg_revisions=1.04 matched=45 refined=45 snapshots=18
      algorithmic latency: first_correct_ms=18.0 visible_p50_ms=332.3 visible_p95_ms=579.0 stabilize_p50_ms=1129.9 stabilize_p95_ms=1747.3
      final display note metrics: precision=0.947 recall=0.879 f1=0.912 matched=124/141 pred=131
      final display strict onset f1: 10ms=0.669 20ms=0.875 30ms=0.912
      final display timing: offset_f1=0.824 rhythm_precision=0.903 note_value_acc=0.452 note_value_n=124 avg_beat_error=0.130
      final display structure: cluster_f1=0.534 onset_align_recall=0.932 avg_jaccard=0.840 exact=31/59 pred=57 over=7 under=13 pitch_conflicts=4 missed_gt=4
      threshold profiles: hit_rate=0.000 thresholds=[0.7] profiles={'fixed_baseline': 10}
    treatment:
      note metrics: precision=0.880 recall=0.887 f1=0.883 matched=125/141 pred=142
      strict onset f1: 10ms=0.671 20ms=0.862 30ms=0.883
      timing metrics: offset_f1=0.799 rhythm_precision=0.904 note_value_acc=0.744 note_value_n=125 avg_beat_error=0.070
      duplicate metrics: duplicates=10 per_100_notes=7.04
      boundary metrics: gt=43 matched=40 missed=3 miss_rate=0.070
      latency: avg_chunk_ms=25.56 p95_chunk_ms=33.99 avg_rtf=0.043
      notation metrics: first_correct_ms=43.9 visible_p50_ms=351.3 visible_p95_ms=610.9 stabilize_p50_ms=1511.6 stabilize_p95_ms=2224.3 avg_revisions=1.04 matched=45 refined=45 snapshots=18
      algorithmic latency: first_correct_ms=18.0 visible_p50_ms=332.3 visible_p95_ms=579.0 stabilize_p50_ms=1129.9 stabilize_p95_ms=1747.3
      final display note metrics: precision=0.947 recall=0.879 f1=0.912 matched=124/141 pred=131
      final display strict onset f1: 10ms=0.669 20ms=0.875 30ms=0.912
      final display timing: offset_f1=0.824 rhythm_precision=0.903 note_value_acc=0.452 note_value_n=124 avg_beat_error=0.130
      final display structure: cluster_f1=0.534 onset_align_recall=0.932 avg_jaccard=0.840 exact=31/59 pred=57 over=7 under=13 pitch_conflicts=4 missed_gt=4
      threshold profiles: hit_rate=0.000 thresholds=[0.7] profiles={'baseline_nominal': 10}
    delta treatment-control: precision=+0.000 recall=+0.000 f1=+0.000 offset_f1=+0.000 note_value_acc=+0.000 dup_per_100=+0.00 boundary_miss_rate=+0.000 p95_chunk_ms=+4.57 f1_10ms=+0.000 f1_20ms=+0.000 f1_30ms=+0.000 visible_p50_ms=-0.1 stabilize_p50_ms=-0.9 algo_visible_p50_ms=+0.0 algo_stabilize_p50_ms=+0.0 avg_revisions=+0.00 display_note_f1=+0.000 display_offset_f1=+0.000 display_cluster_f1=+0.000 display_cluster_jaccard=+0.000
    failure buckets: ['boundary_miss_failure', 'high_revision_slow_stabilization']
      boundary diagnostics: missed=3 by_arm={'control': 3, 'treatment': 3} tags={'control_boundary_miss': 3, 'no_control_coarse_candidate': 3}
        miss: pitch=91 onset=2.411s boundary_delta_ms=+11.5 control_coarse=False treatment_coarse=False retro=n/a
        miss: pitch=69 onset=3.085s boundary_delta_ms=+84.6 control_coarse=False treatment_coarse=False retro=n/a
        miss: pitch=69 onset=5.466s boundary_delta_ms=+66.1 control_coarse=False treatment_coarse=False retro=n/a
[TIMING] EnhancedMel.transcribe: audio_to_gpu=0.6ms, features=0.6ms, model=10.6ms, decode=1.5ms | TOTAL=13.3ms for 600ms audio (RTF=0.02x)
[TIMING] stream_chunk[experiment-aa840ca88d4147e2a98dace9e0f14ffb](live_neural): decode=0.2ms, inference=15.6ms, second_pass=0.0ms, contention=0.0ms, TOTAL=15.8ms | audio=600ms, RTF=0.03x | model=enhanced_mel, neural_total=15.1ms, model_inference=10.6ms
[TIMING] EnhancedMel.transcribe: audio_to_gpu=0.1ms, features=2.2ms, model=11.2ms, decode=2.6ms | TOTAL=16.1ms for 1200ms audio (RTF=0.01x)
[TIMING] stream_chunk[experiment-aa840ca88d4147e2a98dace9e0f14ffb](live_neural): decode=0.1ms, inference=18.2ms, second_pass=0.0ms, contention=0.0ms, TOTAL=18.5ms | audio=600ms, RTF=0.03x | model=enhanced_mel, neural_total=17.8ms, model_inference=11.2ms
[TIMING] EnhancedMel.transcribe: audio_to_gpu=0.1ms, features=0.7ms, model=11.8ms, decode=3.7ms | TOTAL=16.3ms for 1800ms audio (RTF=0.01x)
[TIMING] stream_chunk[experiment-aa840ca88d4147e2a98dace9e0f14ffb](live_neural): decode=0.1ms, inference=18.6ms, second_pass=0.0ms, contention=0.0ms, TOTAL=18.9ms | audio=600ms, RTF=0.03x | model=enhanced_mel, neural_total=18.0ms, model_inference=11.8ms
[TIMING] EnhancedMel.transcribe: audio_to_gpu=0.3ms, features=6.0ms, model=14.8ms, decode=6.0ms | TOTAL=27.0ms for 2400ms audio (RTF=0.01x)
[TIMING] stream_chunk[experiment-aa840ca88d4147e2a98dace9e0f14ffb](live_neural): decode=0.1ms, inference=30.1ms, second_pass=0.0ms, contention=0.0ms, TOTAL=30.4ms | audio=600ms, RTF=0.05x | model=enhanced_mel, neural_total=29.4ms, model_inference=14.8ms
[TIMING] EnhancedMel.transcribe: audio_to_gpu=0.3ms, features=0.5ms, model=12.3ms, decode=6.1ms | TOTAL=19.2ms for 3000ms audio (RTF=0.01x)
[TIMING] stream_chunk[experiment-aa840ca88d4147e2a98dace9e0f14ffb](live_neural): decode=0.1ms, inference=21.7ms, second_pass=0.0ms, contention=0.0ms, TOTAL=22.1ms | audio=600ms, RTF=0.04x | model=enhanced_mel, neural_total=21.3ms, model_inference=12.3ms
[TIMING] EnhancedMel.transcribe: audio_to_gpu=0.3ms, features=3.8ms, model=16.8ms, decode=6.9ms | TOTAL=27.8ms for 3600ms audio (RTF=0.01x)
[TIMING] stream_chunk[experiment-aa840ca88d4147e2a98dace9e0f14ffb](live_neural): decode=0.1ms, inference=30.8ms, second_pass=0.0ms, contention=0.0ms, TOTAL=31.2ms | audio=600ms, RTF=0.05x | model=enhanced_mel, neural_total=30.3ms, model_inference=16.8ms
[TIMING] EnhancedMel.transcribe: audio_to_gpu=0.4ms, features=3.0ms, model=17.1ms, decode=8.7ms | TOTAL=29.2ms for 4200ms audio (RTF=0.01x)
[TIMING] stream_chunk[experiment-aa840ca88d4147e2a98dace9e0f14ffb](live_neural): decode=0.1ms, inference=32.2ms, second_pass=0.0ms, contention=0.0ms, TOTAL=32.7ms | audio=600ms, RTF=0.05x | model=enhanced_mel, neural_total=31.8ms, model_inference=17.1ms
[TIMING] EnhancedMel.transcribe: audio_to_gpu=0.3ms, features=5.1ms, model=13.9ms, decode=8.1ms | TOTAL=27.3ms for 4200ms audio (RTF=0.01x)
[TIMING] stream_chunk[experiment-aa840ca88d4147e2a98dace9e0f14ffb](live_neural): decode=0.1ms, inference=30.4ms, second_pass=0.0ms, contention=0.0ms, TOTAL=30.9ms | audio=600ms, RTF=0.05x | model=enhanced_mel, neural_total=29.9ms, model_inference=13.9ms
[TIMING] EnhancedMel.transcribe: audio_to_gpu=0.3ms, features=2.1ms, model=14.0ms, decode=7.9ms | TOTAL=24.3ms for 4200ms audio (RTF=0.01x)
[TIMING] stream_chunk[experiment-aa840ca88d4147e2a98dace9e0f14ffb](live_neural): decode=0.1ms, inference=27.7ms, second_pass=0.0ms, contention=0.0ms, TOTAL=28.4ms | audio=600ms, RTF=0.05x | model=enhanced_mel, neural_total=27.2ms, model_inference=14.0ms
[TIMING] EnhancedMel.transcribe: audio_to_gpu=0.4ms, features=4.8ms, model=16.0ms, decode=8.4ms | TOTAL=29.6ms for 4200ms audio (RTF=0.01x)
[TIMING] stream_chunk[experiment-aa840ca88d4147e2a98dace9e0f14ffb](live_neural): decode=0.1ms, inference=32.5ms, second_pass=0.0ms, contention=0.0ms, TOTAL=32.9ms | audio=600ms, RTF=0.05x | model=enhanced_mel, neural_total=32.0ms, model_inference=16.0ms
[TIMING] EnhancedMel.transcribe: audio_to_gpu=0.6ms, features=0.7ms, model=11.8ms, decode=1.5ms | TOTAL=14.7ms for 600ms audio (RTF=0.02x)
[TIMING] stream_chunk[experiment-3060b78d3a074ddbb72d616b4d0706bd](live_neural): decode=0.1ms, inference=16.3ms, second_pass=0.0ms, contention=0.0ms, TOTAL=16.5ms | audio=600ms, RTF=0.03x | model=enhanced_mel, neural_total=15.9ms, model_inference=11.8ms
[TIMING] EnhancedMel.transcribe: audio_to_gpu=0.2ms, features=0.4ms, model=10.0ms, decode=3.4ms | TOTAL=14.1ms for 1200ms audio (RTF=0.01x)
[TIMING] stream_chunk[experiment-3060b78d3a074ddbb72d616b4d0706bd](live_neural): decode=0.1ms, inference=15.8ms, second_pass=0.0ms, contention=0.0ms, TOTAL=16.0ms | audio=600ms, RTF=0.03x | model=enhanced_mel, neural_total=15.4ms, model_inference=10.0ms
[TIMING] EnhancedMel.transcribe: audio_to_gpu=0.3ms, features=0.5ms, model=10.5ms, decode=3.7ms | TOTAL=14.9ms for 1800ms audio (RTF=0.01x)
[TIMING] stream_chunk[experiment-3060b78d3a074ddbb72d616b4d0706bd](live_neural): decode=0.1ms, inference=17.3ms, second_pass=0.0ms, contention=0.0ms, TOTAL=17.6ms | audio=600ms, RTF=0.03x | model=enhanced_mel, neural_total=17.0ms, model_inference=10.5ms
[TIMING] EnhancedMel.transcribe: audio_to_gpu=0.2ms, features=0.4ms, model=13.7ms, decode=4.7ms | TOTAL=19.0ms for 2400ms audio (RTF=0.01x)
[TIMING] stream_chunk[experiment-3060b78d3a074ddbb72d616b4d0706bd](live_neural): decode=0.2ms, inference=21.2ms, second_pass=0.0ms, contention=0.0ms, TOTAL=21.6ms | audio=600ms, RTF=0.04x | model=enhanced_mel, neural_total=20.8ms, model_inference=13.7ms
[TIMING] EnhancedMel.transcribe: audio_to_gpu=0.2ms, features=0.6ms, model=12.4ms, decode=5.8ms | TOTAL=19.0ms for 3000ms audio (RTF=0.01x)
[TIMING] stream_chunk[experiment-3060b78d3a074ddbb72d616b4d0706bd](live_neural): decode=0.1ms, inference=21.5ms, second_pass=0.0ms, contention=0.0ms, TOTAL=21.9ms | audio=600ms, RTF=0.04x | model=enhanced_mel, neural_total=21.1ms, model_inference=12.4ms
[TIMING] EnhancedMel.transcribe: audio_to_gpu=0.3ms, features=0.5ms, model=12.9ms, decode=6.9ms | TOTAL=20.7ms for 3600ms audio (RTF=0.01x)
[TIMING] stream_chunk[experiment-3060b78d3a074ddbb72d616b4d0706bd](live_neural): decode=0.1ms, inference=23.6ms, second_pass=0.0ms, contention=0.0ms, TOTAL=24.1ms | audio=600ms, RTF=0.04x | model=enhanced_mel, neural_total=23.2ms, model_inference=12.9ms
[TIMING] EnhancedMel.transcribe: audio_to_gpu=0.3ms, features=0.5ms, model=14.1ms, decode=8.6ms | TOTAL=23.5ms for 4200ms audio (RTF=0.01x)
[TIMING] stream_chunk[experiment-3060b78d3a074ddbb72d616b4d0706bd](live_neural): decode=0.1ms, inference=26.6ms, second_pass=0.0ms, contention=0.0ms, TOTAL=27.1ms | audio=600ms, RTF=0.05x | model=enhanced_mel, neural_total=26.1ms, model_inference=14.1ms
[TIMING] EnhancedMel.transcribe: audio_to_gpu=0.2ms, features=0.5ms, model=14.7ms, decode=9.0ms | TOTAL=24.4ms for 4200ms audio (RTF=0.01x)
[TIMING] stream_chunk[experiment-3060b78d3a074ddbb72d616b4d0706bd](live_neural): decode=0.2ms, inference=28.1ms, second_pass=0.0ms, contention=0.0ms, TOTAL=28.8ms | audio=600ms, RTF=0.05x | model=enhanced_mel, neural_total=27.6ms, model_inference=14.7ms
[TIMING] EnhancedMel.transcribe: audio_to_gpu=0.3ms, features=0.6ms, model=14.6ms, decode=7.9ms | TOTAL=23.4ms for 4200ms audio (RTF=0.01x)
[TIMING] stream_chunk[experiment-3060b78d3a074ddbb72d616b4d0706bd](live_neural): decode=0.1ms, inference=27.8ms, second_pass=0.0ms, contention=0.0ms, TOTAL=28.5ms | audio=600ms, RTF=0.05x | model=enhanced_mel, neural_total=27.2ms, model_inference=14.6ms
[TIMING] EnhancedMel.transcribe: audio_to_gpu=0.3ms, features=0.7ms, model=21.5ms, decode=8.4ms | TOTAL=31.0ms for 4200ms audio (RTF=0.01x)
[TIMING] stream_chunk[experiment-3060b78d3a074ddbb72d616b4d0706bd](live_neural): decode=0.1ms, inference=34.0ms, second_pass=0.0ms, contention=0.0ms, TOTAL=34.4ms | audio=600ms, RTF=0.06x | model=enhanced_mel, neural_total=33.5ms, model_inference=21.5ms

[CLIP_022] Au bord d'une source
  excerpt: start=30.00s end=36.00s duration=6.00s gt_notes=137 rms=0.0340 peak=0.1971 crest=5.791 rms_std=0.0167
    control:
      note metrics: precision=0.894 recall=0.927 f1=0.910 matched=127/137 pred=142
      strict onset f1: 10ms=0.695 20ms=0.882 30ms=0.910
      timing metrics: offset_f1=0.832 rhythm_precision=0.913 note_value_acc=0.575 note_value_n=127 avg_beat_error=0.072
      duplicate metrics: duplicates=10 per_100_notes=7.04
      boundary metrics: gt=46 matched=43 missed=3 miss_rate=0.065
      latency: avg_chunk_ms=26.20 p95_chunk_ms=32.83 avg_rtf=0.044
      notation metrics: first_correct_ms=34.6 visible_p50_ms=334.4 visible_p95_ms=654.4 stabilize_p50_ms=2117.6 stabilize_p95_ms=3543.5 avg_revisions=1.68 matched=19 refined=19 snapshots=18
      algorithmic latency: first_correct_ms=4.2 visible_p50_ms=303.1 visible_p95_ms=635.4 stabilize_p50_ms=1698.2 stabilize_p95_ms=3035.4
      final display note metrics: precision=0.977 recall=0.912 f1=0.943 matched=125/137 pred=128
      final display strict onset f1: 10ms=0.709 20ms=0.913 30ms=0.943
      final display timing: offset_f1=0.860 rhythm_precision=0.912 note_value_acc=0.392 note_value_n=125 avg_beat_error=0.163
      final display structure: cluster_f1=0.748 onset_align_recall=1.000 avg_jaccard=0.911 exact=43/57 pred=58 over=2 under=12 pitch_conflicts=0 missed_gt=0
      threshold profiles: hit_rate=0.000 thresholds=[0.7] profiles={'fixed_baseline': 10}
    treatment:
      note metrics: precision=0.894 recall=0.927 f1=0.910 matched=127/137 pred=142
      strict onset f1: 10ms=0.695 20ms=0.882 30ms=0.910
      timing metrics: offset_f1=0.832 rhythm_precision=0.913 note_value_acc=0.575 note_value_n=127 avg_beat_error=0.072
      duplicate metrics: duplicates=10 per_100_notes=7.04
      boundary metrics: gt=46 matched=43 missed=3 miss_rate=0.065
      latency: avg_chunk_ms=23.65 p95_chunk_ms=31.87 avg_rtf=0.039
      notation metrics: first_correct_ms=25.8 visible_p50_ms=327.2 visible_p95_ms=653.0 stabilize_p50_ms=2115.8 stabilize_p95_ms=3544.9 avg_revisions=1.68 matched=19 refined=19 snapshots=18
      algorithmic latency: first_correct_ms=4.2 visible_p50_ms=303.1 visible_p95_ms=635.4 stabilize_p50_ms=1698.2 stabilize_p95_ms=3035.4
      final display note metrics: precision=0.977 recall=0.912 f1=0.943 matched=125/137 pred=128
      final display strict onset f1: 10ms=0.709 20ms=0.913 30ms=0.943
      final display timing: offset_f1=0.860 rhythm_precision=0.912 note_value_acc=0.392 note_value_n=125 avg_beat_error=0.163
      final display structure: cluster_f1=0.748 onset_align_recall=1.000 avg_jaccard=0.911 exact=43/57 pred=58 over=2 under=12 pitch_conflicts=0 missed_gt=0
      threshold profiles: hit_rate=0.000 thresholds=[0.7] profiles={'baseline_nominal': 10}
    delta treatment-control: precision=+0.000 recall=+0.000 f1=+0.000 offset_f1=+0.000 note_value_acc=+0.000 dup_per_100=+0.00 boundary_miss_rate=+0.000 p95_chunk_ms=-0.96 f1_10ms=+0.000 f1_20ms=+0.000 f1_30ms=+0.000 visible_p50_ms=-7.2 stabilize_p50_ms=-1.9 algo_visible_p50_ms=+0.0 algo_stabilize_p50_ms=+0.0 avg_revisions=+0.00 display_note_f1=+0.000 display_offset_f1=+0.000 display_cluster_f1=+0.000 display_cluster_jaccard=+0.000
    failure buckets: ['boundary_miss_failure', 'high_revision_slow_stabilization']
      boundary diagnostics: missed=3 by_arm={'control': 3, 'treatment': 3} tags={'control_boundary_miss': 3, 'no_control_coarse_candidate': 3}
        miss: pitch=80 onset=0.663s boundary_delta_ms=+62.8 control_coarse=False treatment_coarse=False retro=n/a
        miss: pitch=95 onset=1.784s boundary_delta_ms=-16.1 control_coarse=False treatment_coarse=False retro=n/a
        miss: pitch=92 onset=5.470s boundary_delta_ms=+70.1 control_coarse=False treatment_coarse=False retro=n/a
[TIMING] EnhancedMel.transcribe: audio_to_gpu=0.4ms, features=0.6ms, model=10.4ms, decode=1.4ms | TOTAL=12.9ms for 600ms audio (RTF=0.02x)
[TIMING] stream_chunk[experiment-77e67e6e7bc1408886b6e819f9e16e92](live_neural): decode=0.2ms, inference=14.7ms, second_pass=0.0ms, contention=0.0ms, TOTAL=15.0ms | audio=600ms, RTF=0.03x | model=enhanced_mel, neural_total=14.3ms, model_inference=10.4ms
[TIMING] EnhancedMel.transcribe: audio_to_gpu=0.2ms, features=0.4ms, model=10.4ms, decode=2.7ms | TOTAL=13.6ms for 1200ms audio (RTF=0.01x)
[TIMING] stream_chunk[experiment-77e67e6e7bc1408886b6e819f9e16e92](live_neural): decode=0.1ms, inference=15.6ms, second_pass=0.0ms, contention=0.0ms, TOTAL=15.9ms | audio=600ms, RTF=0.03x | model=enhanced_mel, neural_total=15.3ms, model_inference=10.4ms
[TIMING] EnhancedMel.transcribe: audio_to_gpu=0.1ms, features=2.7ms, model=11.3ms, decode=3.5ms | TOTAL=17.7ms for 1800ms audio (RTF=0.01x)
[TIMING] stream_chunk[experiment-77e67e6e7bc1408886b6e819f9e16e92](live_neural): decode=0.1ms, inference=19.7ms, second_pass=0.0ms, contention=0.0ms, TOTAL=19.9ms | audio=600ms, RTF=0.03x | model=enhanced_mel, neural_total=19.4ms, model_inference=11.3ms
[TIMING] EnhancedMel.transcribe: audio_to_gpu=0.3ms, features=0.5ms, model=11.0ms, decode=4.8ms | TOTAL=16.6ms for 2400ms audio (RTF=0.01x)
[TIMING] stream_chunk[experiment-77e67e6e7bc1408886b6e819f9e16e92](live_neural): decode=0.1ms, inference=18.9ms, second_pass=0.0ms, contention=0.0ms, TOTAL=19.3ms | audio=600ms, RTF=0.03x | model=enhanced_mel, neural_total=18.5ms, model_inference=11.0ms
[TIMING] EnhancedMel.transcribe: audio_to_gpu=0.2ms, features=0.5ms, model=12.0ms, decode=5.8ms | TOTAL=18.6ms for 3000ms audio (RTF=0.01x)
[TIMING] stream_chunk[experiment-77e67e6e7bc1408886b6e819f9e16e92](live_neural): decode=0.1ms, inference=21.1ms, second_pass=0.0ms, contention=0.0ms, TOTAL=21.6ms | audio=600ms, RTF=0.04x | model=enhanced_mel, neural_total=20.7ms, model_inference=12.0ms
[TIMING] EnhancedMel.transcribe: audio_to_gpu=0.3ms, features=0.5ms, model=12.8ms, decode=7.1ms | TOTAL=20.7ms for 3600ms audio (RTF=0.01x)
[TIMING] stream_chunk[experiment-77e67e6e7bc1408886b6e819f9e16e92](live_neural): decode=0.2ms, inference=23.4ms, second_pass=0.0ms, contention=0.0ms, TOTAL=23.9ms | audio=600ms, RTF=0.04x | model=enhanced_mel, neural_total=23.0ms, model_inference=12.8ms
[TIMING] EnhancedMel.transcribe: audio_to_gpu=0.3ms, features=0.5ms, model=14.3ms, decode=8.2ms | TOTAL=23.2ms for 4200ms audio (RTF=0.01x)
[TIMING] stream_chunk[experiment-77e67e6e7bc1408886b6e819f9e16e92](live_neural): decode=0.1ms, inference=27.2ms, second_pass=0.0ms, contention=0.0ms, TOTAL=27.9ms | audio=600ms, RTF=0.05x | model=enhanced_mel, neural_total=26.6ms, model_inference=14.3ms
[TIMING] EnhancedMel.transcribe: audio_to_gpu=0.3ms, features=1.5ms, model=14.5ms, decode=8.2ms | TOTAL=24.5ms for 4200ms audio (RTF=0.01x)
[TIMING] stream_chunk[experiment-77e67e6e7bc1408886b6e819f9e16e92](live_neural): decode=0.1ms, inference=27.5ms, second_pass=0.0ms, contention=0.0ms, TOTAL=28.0ms | audio=600ms, RTF=0.05x | model=enhanced_mel, neural_total=27.0ms, model_inference=14.5ms
[TIMING] EnhancedMel.transcribe: audio_to_gpu=0.3ms, features=0.5ms, model=14.1ms, decode=8.9ms | TOTAL=23.9ms for 4200ms audio (RTF=0.01x)
[TIMING] stream_chunk[experiment-77e67e6e7bc1408886b6e819f9e16e92](live_neural): decode=0.2ms, inference=26.8ms, second_pass=0.0ms, contention=0.0ms, TOTAL=27.2ms | audio=600ms, RTF=0.05x | model=enhanced_mel, neural_total=26.4ms, model_inference=14.1ms
[TIMING] EnhancedMel.transcribe: audio_to_gpu=0.4ms, features=0.6ms, model=16.1ms, decode=9.4ms | TOTAL=26.5ms for 4200ms audio (RTF=0.01x)
[TIMING] stream_chunk[experiment-77e67e6e7bc1408886b6e819f9e16e92](live_neural): decode=0.1ms, inference=29.7ms, second_pass=0.0ms, contention=0.0ms, TOTAL=30.2ms | audio=600ms, RTF=0.05x | model=enhanced_mel, neural_total=29.3ms, model_inference=16.1ms
[TIMING] EnhancedMel.transcribe: audio_to_gpu=0.4ms, features=0.6ms, model=10.8ms, decode=1.5ms | TOTAL=13.3ms for 600ms audio (RTF=0.02x)
[TIMING] stream_chunk[experiment-d5b42da8b9184cc28192acb881e30873](live_neural): decode=0.2ms, inference=15.0ms, second_pass=0.0ms, contention=0.0ms, TOTAL=15.3ms | audio=600ms, RTF=0.03x | model=enhanced_mel, neural_total=14.6ms, model_inference=10.8ms
[TIMING] EnhancedMel.transcribe: audio_to_gpu=0.2ms, features=0.5ms, model=10.6ms, decode=2.5ms | TOTAL=13.9ms for 1200ms audio (RTF=0.01x)
[TIMING] stream_chunk[experiment-d5b42da8b9184cc28192acb881e30873](live_neural): decode=0.1ms, inference=15.6ms, second_pass=0.0ms, contention=0.0ms, TOTAL=15.9ms | audio=600ms, RTF=0.03x | model=enhanced_mel, neural_total=15.4ms, model_inference=10.6ms
[TIMING] EnhancedMel.transcribe: audio_to_gpu=0.2ms, features=0.4ms, model=10.3ms, decode=3.7ms | TOTAL=14.6ms for 1800ms audio (RTF=0.01x)
[TIMING] stream_chunk[experiment-d5b42da8b9184cc28192acb881e30873](live_neural): decode=0.1ms, inference=16.6ms, second_pass=0.0ms, contention=0.0ms, TOTAL=17.0ms | audio=600ms, RTF=0.03x | model=enhanced_mel, neural_total=16.3ms, model_inference=10.3ms
[TIMING] EnhancedMel.transcribe: audio_to_gpu=0.3ms, features=0.5ms, model=11.2ms, decode=4.8ms | TOTAL=16.7ms for 2400ms audio (RTF=0.01x)
[TIMING] stream_chunk[experiment-d5b42da8b9184cc28192acb881e30873](live_neural): decode=0.1ms, inference=19.4ms, second_pass=0.0ms, contention=0.0ms, TOTAL=19.7ms | audio=600ms, RTF=0.03x | model=enhanced_mel, neural_total=19.0ms, model_inference=11.2ms
[TIMING] EnhancedMel.transcribe: audio_to_gpu=0.2ms, features=0.4ms, model=15.3ms, decode=7.2ms | TOTAL=23.0ms for 3000ms audio (RTF=0.01x)
[TIMING] stream_chunk[experiment-d5b42da8b9184cc28192acb881e30873](live_neural): decode=0.1ms, inference=25.7ms, second_pass=0.0ms, contention=0.0ms, TOTAL=26.0ms | audio=600ms, RTF=0.04x | model=enhanced_mel, neural_total=25.3ms, model_inference=15.3ms
[TIMING] EnhancedMel.transcribe: audio_to_gpu=0.2ms, features=0.5ms, model=13.2ms, decode=8.3ms | TOTAL=22.2ms for 3600ms audio (RTF=0.01x)
[TIMING] stream_chunk[experiment-d5b42da8b9184cc28192acb881e30873](live_neural): decode=0.1ms, inference=25.4ms, second_pass=0.0ms, contention=0.0ms, TOTAL=25.8ms | audio=600ms, RTF=0.04x | model=enhanced_mel, neural_total=25.0ms, model_inference=13.2ms
[TIMING] EnhancedMel.transcribe: audio_to_gpu=0.3ms, features=0.6ms, model=14.8ms, decode=8.8ms | TOTAL=24.4ms for 4200ms audio (RTF=0.01x)
[TIMING] stream_chunk[experiment-d5b42da8b9184cc28192acb881e30873](live_neural): decode=0.1ms, inference=28.6ms, second_pass=0.0ms, contention=0.0ms, TOTAL=29.1ms | audio=600ms, RTF=0.05x | model=enhanced_mel, neural_total=28.3ms, model_inference=14.8ms
[TIMING] EnhancedMel.transcribe: audio_to_gpu=0.4ms, features=0.6ms, model=15.2ms, decode=8.7ms | TOTAL=24.9ms for 4200ms audio (RTF=0.01x)
[TIMING] stream_chunk[experiment-d5b42da8b9184cc28192acb881e30873](live_neural): decode=0.1ms, inference=27.9ms, second_pass=0.0ms, contention=0.0ms, TOTAL=28.4ms | audio=600ms, RTF=0.05x | model=enhanced_mel, neural_total=27.4ms, model_inference=15.2ms
[TIMING] EnhancedMel.transcribe: audio_to_gpu=0.3ms, features=0.5ms, model=17.8ms, decode=10.7ms | TOTAL=29.4ms for 4200ms audio (RTF=0.01x)
[TIMING] stream_chunk[experiment-d5b42da8b9184cc28192acb881e30873](live_neural): decode=0.1ms, inference=32.4ms, second_pass=0.0ms, contention=0.0ms, TOTAL=32.9ms | audio=600ms, RTF=0.05x | model=enhanced_mel, neural_total=32.1ms, model_inference=17.8ms
[TIMING] EnhancedMel.transcribe: audio_to_gpu=0.3ms, features=0.6ms, model=14.9ms, decode=8.2ms | TOTAL=24.1ms for 4200ms audio (RTF=0.01x)
[TIMING] stream_chunk[experiment-d5b42da8b9184cc28192acb881e30873](live_neural): decode=0.2ms, inference=27.1ms, second_pass=0.0ms, contention=0.0ms, TOTAL=27.5ms | audio=600ms, RTF=0.05x | model=enhanced_mel, neural_total=26.6ms, model_inference=14.9ms

[CLIP_023] Etude No. 7 "Study in Chromatic Steps"
  excerpt: start=78.00s end=84.00s duration=6.00s gt_notes=137 rms=0.1020 peak=0.5496 crest=5.387 rms_std=0.0281
    control:
      note metrics: precision=0.924 recall=0.978 f1=0.950 matched=134/137 pred=145
      strict onset f1: 10ms=0.695 20ms=0.943 30ms=0.950
      timing metrics: offset_f1=0.929 rhythm_precision=0.978 note_value_acc=0.597 note_value_n=134 avg_beat_error=0.044
      duplicate metrics: duplicates=5 per_100_notes=3.45
      boundary metrics: gt=36 matched=35 missed=1 miss_rate=0.028
      latency: avg_chunk_ms=22.89 p95_chunk_ms=29.23 avg_rtf=0.038
      notation metrics: first_correct_ms=72.8 visible_p50_ms=323.1 visible_p95_ms=606.4 stabilize_p50_ms=998.6 stabilize_p95_ms=1850.8 avg_revisions=1.25 matched=65 refined=65 snapshots=20
      algorithmic latency: first_correct_ms=44.8 visible_p50_ms=295.8 visible_p95_ms=585.0 stabilize_p50_ms=549.0 stabilize_p95_ms=1375.4
      final display note metrics: precision=0.942 recall=0.956 f1=0.949 matched=131/137 pred=139
      final display strict onset f1: 10ms=0.681 20ms=0.942 30ms=0.949
      final display timing: offset_f1=0.928 rhythm_precision=0.977 note_value_acc=0.252 note_value_n=131 avg_beat_error=0.096
      final display structure: cluster_f1=0.671 onset_align_recall=0.961 avg_jaccard=0.839 exact=51/77 pred=75 over=11 under=8 pitch_conflicts=4 missed_gt=3
      threshold profiles: hit_rate=0.000 thresholds=[0.7] profiles={'fixed_baseline': 10}
    treatment:
      note metrics: precision=0.924 recall=0.978 f1=0.950 matched=134/137 pred=145
      strict onset f1: 10ms=0.695 20ms=0.943 30ms=0.950
      timing metrics: offset_f1=0.929 rhythm_precision=0.978 note_value_acc=0.597 note_value_n=134 avg_beat_error=0.044
      duplicate metrics: duplicates=5 per_100_notes=3.45
      boundary metrics: gt=36 matched=35 missed=1 miss_rate=0.028
      latency: avg_chunk_ms=23.75 p95_chunk_ms=31.20 avg_rtf=0.039
      notation metrics: first_correct_ms=73.2 visible_p50_ms=328.7 visible_p95_ms=605.2 stabilize_p50_ms=1004.9 stabilize_p95_ms=1855.2 avg_revisions=1.25 matched=65 refined=65 snapshots=20
      algorithmic latency: first_correct_ms=44.8 visible_p50_ms=295.8 visible_p95_ms=585.0 stabilize_p50_ms=549.0 stabilize_p95_ms=1375.4
      final display note metrics: precision=0.942 recall=0.956 f1=0.949 matched=131/137 pred=139
      final display strict onset f1: 10ms=0.681 20ms=0.942 30ms=0.949
      final display timing: offset_f1=0.928 rhythm_precision=0.977 note_value_acc=0.252 note_value_n=131 avg_beat_error=0.096
      final display structure: cluster_f1=0.671 onset_align_recall=0.961 avg_jaccard=0.839 exact=51/77 pred=75 over=11 under=8 pitch_conflicts=4 missed_gt=3
      threshold profiles: hit_rate=0.000 thresholds=[0.7] profiles={'baseline_nominal': 10}
    delta treatment-control: precision=+0.000 recall=+0.000 f1=+0.000 offset_f1=+0.000 note_value_acc=+0.000 dup_per_100=+0.00 boundary_miss_rate=+0.000 p95_chunk_ms=+1.96 f1_10ms=+0.000 f1_20ms=+0.000 f1_30ms=+0.000 visible_p50_ms=+5.7 stabilize_p50_ms=+6.3 algo_visible_p50_ms=+0.0 algo_stabilize_p50_ms=+0.0 avg_revisions=+0.00 display_note_f1=+0.000 display_offset_f1=+0.000 display_cluster_f1=+0.000 display_cluster_jaccard=+0.000
    failure buckets: ['boundary_miss_failure', 'high_revision_slow_stabilization']
      boundary diagnostics: missed=1 by_arm={'control': 1, 'treatment': 1} tags={'control_boundary_miss': 1, 'no_control_coarse_candidate': 1}
        miss: pitch=72 onset=4.883s boundary_delta_ms=+83.3 control_coarse=False treatment_coarse=False retro=n/a
[TIMING] EnhancedMel.transcribe: audio_to_gpu=0.5ms, features=0.5ms, model=10.2ms, decode=1.4ms | TOTAL=12.6ms for 600ms audio (RTF=0.02x)
[TIMING] stream_chunk[experiment-063b0ccded2d4eac997e985f97dc370c](live_neural): decode=0.2ms, inference=14.4ms, second_pass=0.0ms, contention=0.0ms, TOTAL=14.7ms | audio=600ms, RTF=0.02x | model=enhanced_mel, neural_total=14.0ms, model_inference=10.2ms
[TIMING] EnhancedMel.transcribe: audio_to_gpu=0.1ms, features=0.4ms, model=11.2ms, decode=2.6ms | TOTAL=14.3ms for 1200ms audio (RTF=0.01x)
[TIMING] stream_chunk[experiment-063b0ccded2d4eac997e985f97dc370c](live_neural): decode=0.2ms, inference=16.1ms, second_pass=0.0ms, contention=0.0ms, TOTAL=16.4ms | audio=600ms, RTF=0.03x | model=enhanced_mel, neural_total=15.7ms, model_inference=11.2ms
[TIMING] EnhancedMel.transcribe: audio_to_gpu=0.2ms, features=0.5ms, model=11.4ms, decode=3.6ms | TOTAL=15.8ms for 1800ms audio (RTF=0.01x)
[TIMING] stream_chunk[experiment-063b0ccded2d4eac997e985f97dc370c](live_neural): decode=0.1ms, inference=17.8ms, second_pass=0.0ms, contention=0.0ms, TOTAL=18.0ms | audio=600ms, RTF=0.03x | model=enhanced_mel, neural_total=17.4ms, model_inference=11.4ms
[TIMING] EnhancedMel.transcribe: audio_to_gpu=0.2ms, features=0.5ms, model=11.8ms, decode=4.9ms | TOTAL=17.4ms for 2400ms audio (RTF=0.01x)
[TIMING] stream_chunk[experiment-063b0ccded2d4eac997e985f97dc370c](live_neural): decode=0.1ms, inference=19.8ms, second_pass=0.0ms, contention=0.0ms, TOTAL=20.1ms | audio=600ms, RTF=0.03x | model=enhanced_mel, neural_total=19.3ms, model_inference=11.8ms
[TIMING] EnhancedMel.transcribe: audio_to_gpu=0.3ms, features=0.5ms, model=12.2ms, decode=6.0ms | TOTAL=19.0ms for 3000ms audio (RTF=0.01x)
[TIMING] stream_chunk[experiment-063b0ccded2d4eac997e985f97dc370c](live_neural): decode=0.1ms, inference=21.5ms, second_pass=0.0ms, contention=0.0ms, TOTAL=21.9ms | audio=600ms, RTF=0.04x | model=enhanced_mel, neural_total=21.2ms, model_inference=12.2ms
[TIMING] EnhancedMel.transcribe: audio_to_gpu=0.4ms, features=0.5ms, model=13.4ms, decode=7.1ms | TOTAL=21.5ms for 3600ms audio (RTF=0.01x)
[TIMING] stream_chunk[experiment-063b0ccded2d4eac997e985f97dc370c](live_neural): decode=0.1ms, inference=24.0ms, second_pass=0.0ms, contention=0.0ms, TOTAL=24.4ms | audio=600ms, RTF=0.04x | model=enhanced_mel, neural_total=23.6ms, model_inference=13.4ms
[TIMING] EnhancedMel.transcribe: audio_to_gpu=0.2ms, features=0.5ms, model=14.8ms, decode=9.1ms | TOTAL=24.6ms for 4200ms audio (RTF=0.01x)
[TIMING] stream_chunk[experiment-063b0ccded2d4eac997e985f97dc370c](live_neural): decode=0.2ms, inference=28.4ms, second_pass=0.0ms, contention=0.0ms, TOTAL=28.7ms | audio=600ms, RTF=0.05x | model=enhanced_mel, neural_total=28.0ms, model_inference=14.8ms
[TIMING] EnhancedMel.transcribe: audio_to_gpu=0.3ms, features=0.5ms, model=14.8ms, decode=7.7ms | TOTAL=23.3ms for 4200ms audio (RTF=0.01x)
[TIMING] stream_chunk[experiment-063b0ccded2d4eac997e985f97dc370c](live_neural): decode=0.1ms, inference=26.0ms, second_pass=0.0ms, contention=0.0ms, TOTAL=26.4ms | audio=600ms, RTF=0.04x | model=enhanced_mel, neural_total=25.6ms, model_inference=14.8ms
[TIMING] EnhancedMel.transcribe: audio_to_gpu=0.3ms, features=0.5ms, model=14.9ms, decode=7.5ms | TOTAL=23.2ms for 4200ms audio (RTF=0.01x)
[TIMING] stream_chunk[experiment-063b0ccded2d4eac997e985f97dc370c](live_neural): decode=0.2ms, inference=25.9ms, second_pass=0.0ms, contention=0.0ms, TOTAL=26.2ms | audio=600ms, RTF=0.04x | model=enhanced_mel, neural_total=25.5ms, model_inference=14.9ms
[TIMING] EnhancedMel.transcribe: audio_to_gpu=0.3ms, features=0.5ms, model=14.3ms, decode=7.7ms | TOTAL=22.8ms for 4200ms audio (RTF=0.01x)
[TIMING] stream_chunk[experiment-063b0ccded2d4eac997e985f97dc370c](live_neural): decode=0.1ms, inference=25.3ms, second_pass=0.0ms, contention=0.0ms, TOTAL=25.5ms | audio=600ms, RTF=0.04x | model=enhanced_mel, neural_total=25.0ms, model_inference=14.3ms
[TIMING] EnhancedMel.transcribe: audio_to_gpu=0.4ms, features=0.5ms, model=11.3ms, decode=1.4ms | TOTAL=13.6ms for 600ms audio (RTF=0.02x)
[TIMING] stream_chunk[experiment-6472d781d89f410eb8e140415a6c09ba](live_neural): decode=0.1ms, inference=15.4ms, second_pass=0.0ms, contention=0.0ms, TOTAL=15.5ms | audio=600ms, RTF=0.03x | model=enhanced_mel, neural_total=14.9ms, model_inference=11.3ms
[TIMING] EnhancedMel.transcribe: audio_to_gpu=0.1ms, features=0.4ms, model=11.0ms, decode=2.6ms | TOTAL=14.2ms for 1200ms audio (RTF=0.01x)
[TIMING] stream_chunk[experiment-6472d781d89f410eb8e140415a6c09ba](live_neural): decode=0.1ms, inference=15.9ms, second_pass=0.0ms, contention=0.0ms, TOTAL=16.2ms | audio=600ms, RTF=0.03x | model=enhanced_mel, neural_total=15.6ms, model_inference=11.0ms
[TIMING] EnhancedMel.transcribe: audio_to_gpu=0.3ms, features=0.6ms, model=13.1ms, decode=3.7ms | TOTAL=17.7ms for 1800ms audio (RTF=0.01x)
[TIMING] stream_chunk[experiment-6472d781d89f410eb8e140415a6c09ba](live_neural): decode=0.1ms, inference=20.2ms, second_pass=0.0ms, contention=0.0ms, TOTAL=20.5ms | audio=600ms, RTF=0.03x | model=enhanced_mel, neural_total=19.9ms, model_inference=13.1ms
[TIMING] EnhancedMel.transcribe: audio_to_gpu=0.3ms, features=0.6ms, model=12.3ms, decode=4.7ms | TOTAL=17.8ms for 2400ms audio (RTF=0.01x)
[TIMING] stream_chunk[experiment-6472d781d89f410eb8e140415a6c09ba](live_neural): decode=0.2ms, inference=20.0ms, second_pass=0.0ms, contention=0.0ms, TOTAL=20.4ms | audio=600ms, RTF=0.03x | model=enhanced_mel, neural_total=19.7ms, model_inference=12.3ms
[TIMING] EnhancedMel.transcribe: audio_to_gpu=0.3ms, features=0.6ms, model=12.5ms, decode=6.1ms | TOTAL=19.5ms for 3000ms audio (RTF=0.01x)
[TIMING] stream_chunk[experiment-6472d781d89f410eb8e140415a6c09ba](live_neural): decode=0.1ms, inference=22.0ms, second_pass=0.0ms, contention=0.0ms, TOTAL=22.4ms | audio=600ms, RTF=0.04x | model=enhanced_mel, neural_total=21.5ms, model_inference=12.5ms
[TIMING] EnhancedMel.transcribe: audio_to_gpu=0.5ms, features=0.8ms, model=17.8ms, decode=6.8ms | TOTAL=25.9ms for 3600ms audio (RTF=0.01x)
[TIMING] stream_chunk[experiment-6472d781d89f410eb8e140415a6c09ba](live_neural): decode=0.1ms, inference=28.5ms, second_pass=0.0ms, contention=0.0ms, TOTAL=28.9ms | audio=600ms, RTF=0.05x | model=enhanced_mel, neural_total=28.1ms, model_inference=17.8ms
[TIMING] EnhancedMel.transcribe: audio_to_gpu=0.3ms, features=0.6ms, model=15.7ms, decode=8.0ms | TOTAL=24.5ms for 4200ms audio (RTF=0.01x)
[TIMING] stream_chunk[experiment-6472d781d89f410eb8e140415a6c09ba](live_neural): decode=0.2ms, inference=28.3ms, second_pass=0.0ms, contention=0.0ms, TOTAL=28.6ms | audio=600ms, RTF=0.05x | model=enhanced_mel, neural_total=26.9ms, model_inference=15.7ms
[TIMING] EnhancedMel.transcribe: audio_to_gpu=0.3ms, features=0.5ms, model=17.0ms, decode=7.9ms | TOTAL=25.7ms for 4200ms audio (RTF=0.01x)
[TIMING] stream_chunk[experiment-6472d781d89f410eb8e140415a6c09ba](live_neural): decode=0.1ms, inference=28.4ms, second_pass=0.0ms, contention=0.0ms, TOTAL=28.7ms | audio=600ms, RTF=0.05x | model=enhanced_mel, neural_total=28.0ms, model_inference=17.0ms
[TIMING] EnhancedMel.transcribe: audio_to_gpu=0.3ms, features=0.5ms, model=15.5ms, decode=8.2ms | TOTAL=24.6ms for 4200ms audio (RTF=0.01x)
[TIMING] stream_chunk[experiment-6472d781d89f410eb8e140415a6c09ba](live_neural): decode=0.2ms, inference=27.4ms, second_pass=0.0ms, contention=0.0ms, TOTAL=27.7ms | audio=600ms, RTF=0.05x | model=enhanced_mel, neural_total=27.0ms, model_inference=15.5ms
[TIMING] EnhancedMel.transcribe: audio_to_gpu=0.2ms, features=1.8ms, model=16.6ms, decode=7.6ms | TOTAL=26.2ms for 4200ms audio (RTF=0.01x)
[TIMING] stream_chunk[experiment-6472d781d89f410eb8e140415a6c09ba](live_neural): decode=0.1ms, inference=28.7ms, second_pass=0.0ms, contention=0.0ms, TOTAL=28.9ms | audio=600ms, RTF=0.05x | model=enhanced_mel, neural_total=28.4ms, model_inference=16.6ms

[CLIP_024] Hungarian Rhapsody No. 9 in E-flat Major, S. 244
  excerpt: start=21.00s end=27.00s duration=6.00s gt_notes=83 rms=0.0266 peak=0.2525 crest=9.478 rms_std=0.0179
    control:
      note metrics: precision=0.926 recall=0.904 f1=0.915 matched=75/83 pred=81
      strict onset f1: 10ms=0.793 20ms=0.915 30ms=0.915
      timing metrics: offset_f1=0.902 rhythm_precision=0.987 note_value_acc=0.933 note_value_n=75 avg_beat_error=0.009
      duplicate metrics: duplicates=1 per_100_notes=1.23
      boundary metrics: gt=26 matched=22 missed=4 miss_rate=0.154
      latency: avg_chunk_ms=22.24 p95_chunk_ms=27.66 avg_rtf=0.037
      notation metrics: first_correct_ms=26.1 visible_p50_ms=343.9 visible_p95_ms=534.1 stabilize_p50_ms=3462.8 stabilize_p95_ms=5603.5 avg_revisions=2.25 matched=4 refined=4 snapshots=16
      algorithmic latency: first_correct_ms=4.2 visible_p50_ms=322.9 visible_p95_ms=516.3 stabilize_p50_ms=2638.5 stabilize_p95_ms=4466.0
      final display note metrics: precision=0.938 recall=0.904 f1=0.920 matched=75/83 pred=80
      final display strict onset f1: 10ms=0.785 20ms=0.920 30ms=0.920
      final display timing: offset_f1=0.908 rhythm_precision=0.987 note_value_acc=0.373 note_value_n=75 avg_beat_error=0.180
      final display structure: cluster_f1=0.571 onset_align_recall=1.000 avg_jaccard=0.896 exact=12/20 pred=22 over=1 under=6 pitch_conflicts=1 missed_gt=0
      threshold profiles: hit_rate=0.000 thresholds=[0.7] profiles={'fixed_baseline': 10}
    treatment:
      note metrics: precision=0.926 recall=0.904 f1=0.915 matched=75/83 pred=81
      strict onset f1: 10ms=0.793 20ms=0.915 30ms=0.915
      timing metrics: offset_f1=0.902 rhythm_precision=0.987 note_value_acc=0.933 note_value_n=75 avg_beat_error=0.009
      duplicate metrics: duplicates=1 per_100_notes=1.23
      boundary metrics: gt=26 matched=22 missed=4 miss_rate=0.154
      latency: avg_chunk_ms=23.78 p95_chunk_ms=28.91 avg_rtf=0.040
      notation metrics: first_correct_ms=26.5 visible_p50_ms=345.5 visible_p95_ms=536.1 stabilize_p50_ms=3464.7 stabilize_p95_ms=5606.9 avg_revisions=2.25 matched=4 refined=4 snapshots=16
      algorithmic latency: first_correct_ms=4.2 visible_p50_ms=322.9 visible_p95_ms=516.3 stabilize_p50_ms=2638.5 stabilize_p95_ms=4466.0
      final display note metrics: precision=0.938 recall=0.904 f1=0.920 matched=75/83 pred=80
      final display strict onset f1: 10ms=0.785 20ms=0.920 30ms=0.920
      final display timing: offset_f1=0.908 rhythm_precision=0.987 note_value_acc=0.373 note_value_n=75 avg_beat_error=0.180
      final display structure: cluster_f1=0.571 onset_align_recall=1.000 avg_jaccard=0.896 exact=12/20 pred=22 over=1 under=6 pitch_conflicts=1 missed_gt=0
      threshold profiles: hit_rate=0.200 thresholds=[0.66, 0.7] profiles={'baseline_nominal': 8, 'soft_sparse_recall': 2}
    delta treatment-control: precision=+0.000 recall=+0.000 f1=+0.000 offset_f1=+0.000 note_value_acc=+0.000 dup_per_100=+0.00 boundary_miss_rate=+0.000 p95_chunk_ms=+1.25 f1_10ms=+0.000 f1_20ms=+0.000 f1_30ms=+0.000 visible_p50_ms=+1.6 stabilize_p50_ms=+1.9 algo_visible_p50_ms=+0.0 algo_stabilize_p50_ms=+0.0 avg_revisions=+0.00 display_note_f1=+0.000 display_offset_f1=+0.000 display_cluster_f1=+0.000 display_cluster_jaccard=+0.000
    failure buckets: ['boundary_miss_failure', 'high_revision_slow_stabilization']
      boundary diagnostics: missed=4 by_arm={'control': 4, 'treatment': 4} tags={'control_boundary_miss': 4, 'no_control_coarse_candidate': 4}
        miss: pitch=76 onset=1.791s boundary_delta_ms=-9.4 control_coarse=False treatment_coarse=False retro=n/a
        miss: pitch=101 onset=2.906s boundary_delta_ms=-93.8 control_coarse=False treatment_coarse=False retro=n/a
        miss: pitch=101 onset=3.001s boundary_delta_ms=+1.0 control_coarse=False treatment_coarse=False retro=n/a
        ... 1 more missed boundary notes in diagnostics JSON
[TIMING] EnhancedMel.transcribe: audio_to_gpu=0.2ms, features=0.6ms, model=10.8ms, decode=1.4ms | TOTAL=13.0ms for 600ms audio (RTF=0.02x)
[TIMING] stream_chunk[experiment-d184b07249054ffbb477524b298eff2e](live_neural): decode=0.1ms, inference=14.6ms, second_pass=0.0ms, contention=0.0ms, TOTAL=14.9ms | audio=600ms, RTF=0.02x | model=enhanced_mel, neural_total=14.2ms, model_inference=10.8ms
[TIMING] EnhancedMel.transcribe: audio_to_gpu=0.1ms, features=0.3ms, model=11.5ms, decode=2.4ms | TOTAL=14.3ms for 1200ms audio (RTF=0.01x)
[TIMING] stream_chunk[experiment-d184b07249054ffbb477524b298eff2e](live_neural): decode=0.1ms, inference=16.1ms, second_pass=0.0ms, contention=0.0ms, TOTAL=16.3ms | audio=600ms, RTF=0.03x | model=enhanced_mel, neural_total=15.7ms, model_inference=11.5ms
[TIMING] EnhancedMel.transcribe: audio_to_gpu=0.2ms, features=0.4ms, model=11.0ms, decode=4.3ms | TOTAL=16.0ms for 1800ms audio (RTF=0.01x)
[TIMING] stream_chunk[experiment-d184b07249054ffbb477524b298eff2e](live_neural): decode=0.1ms, inference=19.0ms, second_pass=0.0ms, contention=0.0ms, TOTAL=19.2ms | audio=600ms, RTF=0.03x | model=enhanced_mel, neural_total=18.4ms, model_inference=11.0ms
[TIMING] EnhancedMel.transcribe: audio_to_gpu=0.3ms, features=0.5ms, model=11.8ms, decode=4.8ms | TOTAL=17.4ms for 2400ms audio (RTF=0.01x)
[TIMING] stream_chunk[experiment-d184b07249054ffbb477524b298eff2e](live_neural): decode=0.1ms, inference=19.8ms, second_pass=0.0ms, contention=0.0ms, TOTAL=20.2ms | audio=600ms, RTF=0.03x | model=enhanced_mel, neural_total=19.2ms, model_inference=11.8ms
[TIMING] EnhancedMel.transcribe: audio_to_gpu=0.3ms, features=0.5ms, model=13.4ms, decode=6.5ms | TOTAL=20.7ms for 3000ms audio (RTF=0.01x)
[TIMING] stream_chunk[experiment-d184b07249054ffbb477524b298eff2e](live_neural): decode=0.1ms, inference=23.2ms, second_pass=0.0ms, contention=0.0ms, TOTAL=23.6ms | audio=600ms, RTF=0.04x | model=enhanced_mel, neural_total=22.9ms, model_inference=13.4ms
[TIMING] EnhancedMel.transcribe: audio_to_gpu=0.2ms, features=0.5ms, model=15.8ms, decode=6.6ms | TOTAL=23.1ms for 3600ms audio (RTF=0.01x)
[TIMING] stream_chunk[experiment-d184b07249054ffbb477524b298eff2e](live_neural): decode=0.1ms, inference=25.7ms, second_pass=0.0ms, contention=0.0ms, TOTAL=26.0ms | audio=600ms, RTF=0.04x | model=enhanced_mel, neural_total=25.3ms, model_inference=15.8ms
[TIMING] EnhancedMel.transcribe: audio_to_gpu=0.3ms, features=0.6ms, model=16.3ms, decode=7.8ms | TOTAL=25.0ms for 4200ms audio (RTF=0.01x)
[TIMING] stream_chunk[experiment-d184b07249054ffbb477524b298eff2e](live_neural): decode=0.1ms, inference=28.9ms, second_pass=0.0ms, contention=0.0ms, TOTAL=29.2ms | audio=600ms, RTF=0.05x | model=enhanced_mel, neural_total=28.6ms, model_inference=16.3ms
[TIMING] EnhancedMel.transcribe: audio_to_gpu=0.4ms, features=0.5ms, model=15.9ms, decode=9.5ms | TOTAL=26.3ms for 4200ms audio (RTF=0.01x)
[TIMING] stream_chunk[experiment-d184b07249054ffbb477524b298eff2e](live_neural): decode=0.1ms, inference=29.2ms, second_pass=0.0ms, contention=0.0ms, TOTAL=29.7ms | audio=600ms, RTF=0.05x | model=enhanced_mel, neural_total=28.7ms, model_inference=15.9ms
[TIMING] EnhancedMel.transcribe: audio_to_gpu=0.4ms, features=0.5ms, model=16.3ms, decode=8.1ms | TOTAL=25.4ms for 4200ms audio (RTF=0.01x)
[TIMING] stream_chunk[experiment-d184b07249054ffbb477524b298eff2e](live_neural): decode=0.1ms, inference=28.3ms, second_pass=0.0ms, contention=0.0ms, TOTAL=28.7ms | audio=600ms, RTF=0.05x | model=enhanced_mel, neural_total=27.9ms, model_inference=16.3ms
[TIMING] EnhancedMel.transcribe: audio_to_gpu=0.3ms, features=0.5ms, model=15.9ms, decode=9.0ms | TOTAL=25.8ms for 4200ms audio (RTF=0.01x)
[TIMING] stream_chunk[experiment-d184b07249054ffbb477524b298eff2e](live_neural): decode=0.1ms, inference=28.8ms, second_pass=0.0ms, contention=0.0ms, TOTAL=29.2ms | audio=600ms, RTF=0.05x | model=enhanced_mel, neural_total=28.2ms, model_inference=15.9ms
[TIMING] EnhancedMel.transcribe: audio_to_gpu=0.2ms, features=0.6ms, model=11.3ms, decode=1.4ms | TOTAL=13.5ms for 600ms audio (RTF=0.02x)
[TIMING] stream_chunk[experiment-826b265365ac48c9b363e0cdce21abb7](live_neural): decode=0.2ms, inference=15.3ms, second_pass=0.0ms, contention=0.0ms, TOTAL=15.6ms | audio=600ms, RTF=0.03x | model=enhanced_mel, neural_total=14.9ms, model_inference=11.3ms
[TIMING] EnhancedMel.transcribe: audio_to_gpu=0.1ms, features=0.5ms, model=10.4ms, decode=2.4ms | TOTAL=13.4ms for 1200ms audio (RTF=0.01x)
[TIMING] stream_chunk[experiment-826b265365ac48c9b363e0cdce21abb7](live_neural): decode=0.1ms, inference=15.2ms, second_pass=0.0ms, contention=0.0ms, TOTAL=15.5ms | audio=600ms, RTF=0.03x | model=enhanced_mel, neural_total=14.9ms, model_inference=10.4ms
[TIMING] EnhancedMel.transcribe: audio_to_gpu=0.2ms, features=0.4ms, model=12.7ms, decode=3.5ms | TOTAL=16.8ms for 1800ms audio (RTF=0.01x)
[TIMING] stream_chunk[experiment-826b265365ac48c9b363e0cdce21abb7](live_neural): decode=0.1ms, inference=18.8ms, second_pass=0.0ms, contention=0.0ms, TOTAL=19.0ms | audio=600ms, RTF=0.03x | model=enhanced_mel, neural_total=18.4ms, model_inference=12.7ms
[TIMING] EnhancedMel.transcribe: audio_to_gpu=0.2ms, features=0.4ms, model=11.8ms, decode=5.3ms | TOTAL=17.7ms for 2400ms audio (RTF=0.01x)
[TIMING] stream_chunk[experiment-826b265365ac48c9b363e0cdce21abb7](live_neural): decode=0.1ms, inference=21.0ms, second_pass=0.0ms, contention=0.0ms, TOTAL=21.3ms | audio=600ms, RTF=0.04x | model=enhanced_mel, neural_total=20.6ms, model_inference=11.8ms
[TIMING] EnhancedMel.transcribe: audio_to_gpu=0.3ms, features=0.5ms, model=13.0ms, decode=5.8ms | TOTAL=19.5ms for 3000ms audio (RTF=0.01x)
[TIMING] stream_chunk[experiment-826b265365ac48c9b363e0cdce21abb7](live_neural): decode=0.1ms, inference=22.8ms, second_pass=0.0ms, contention=0.0ms, TOTAL=23.2ms | audio=600ms, RTF=0.04x | model=enhanced_mel, neural_total=22.4ms, model_inference=13.0ms
[TIMING] EnhancedMel.transcribe: audio_to_gpu=0.3ms, features=0.6ms, model=15.0ms, decode=6.5ms | TOTAL=22.5ms for 3600ms audio (RTF=0.01x)
[TIMING] stream_chunk[experiment-826b265365ac48c9b363e0cdce21abb7](live_neural): decode=0.1ms, inference=25.2ms, second_pass=0.0ms, contention=0.0ms, TOTAL=25.5ms | audio=600ms, RTF=0.04x | model=enhanced_mel, neural_total=24.8ms, model_inference=15.0ms
[TIMING] EnhancedMel.transcribe: audio_to_gpu=0.5ms, features=0.5ms, model=16.3ms, decode=9.0ms | TOTAL=26.3ms for 4200ms audio (RTF=0.01x)
[TIMING] stream_chunk[experiment-826b265365ac48c9b363e0cdce21abb7](live_neural): decode=0.1ms, inference=29.8ms, second_pass=0.0ms, contention=0.0ms, TOTAL=30.2ms | audio=600ms, RTF=0.05x | model=enhanced_mel, neural_total=29.4ms, model_inference=16.3ms
[TIMING] EnhancedMel.transcribe: audio_to_gpu=0.3ms, features=0.5ms, model=16.5ms, decode=7.9ms | TOTAL=25.2ms for 4200ms audio (RTF=0.01x)
[TIMING] stream_chunk[experiment-826b265365ac48c9b363e0cdce21abb7](live_neural): decode=0.1ms, inference=28.1ms, second_pass=0.0ms, contention=0.0ms, TOTAL=28.7ms | audio=600ms, RTF=0.05x | model=enhanced_mel, neural_total=27.6ms, model_inference=16.4ms
[TIMING] EnhancedMel.transcribe: audio_to_gpu=0.4ms, features=0.5ms, model=17.3ms, decode=8.1ms | TOTAL=26.2ms for 4200ms audio (RTF=0.01x)
[TIMING] stream_chunk[experiment-826b265365ac48c9b363e0cdce21abb7](live_neural): decode=0.1ms, inference=29.1ms, second_pass=0.0ms, contention=0.0ms, TOTAL=29.5ms | audio=600ms, RTF=0.05x | model=enhanced_mel, neural_total=28.6ms, model_inference=17.3ms
[TIMING] EnhancedMel.transcribe: audio_to_gpu=0.4ms, features=0.8ms, model=21.6ms, decode=10.0ms | TOTAL=32.7ms for 4200ms audio (RTF=0.01x)
[TIMING] stream_chunk[experiment-826b265365ac48c9b363e0cdce21abb7](live_neural): decode=0.2ms, inference=36.0ms, second_pass=0.0ms, contention=0.0ms, TOTAL=36.5ms | audio=600ms, RTF=0.06x | model=enhanced_mel, neural_total=35.5ms, model_inference=21.6ms

[CLIP_025] Jardins sous la pluie from Estampes
  excerpt: start=78.00s end=84.00s duration=6.00s gt_notes=111 rms=0.1094 peak=0.6345 crest=5.802 rms_std=0.0496
    control:
      note metrics: precision=0.944 recall=0.919 f1=0.932 matched=102/111 pred=108
      strict onset f1: 10ms=0.813 20ms=0.932 30ms=0.932
      timing metrics: offset_f1=0.877 rhythm_precision=0.931 note_value_acc=0.402 note_value_n=102 avg_beat_error=0.077
      duplicate metrics: duplicates=1 per_100_notes=0.93
      boundary metrics: gt=35 matched=30 missed=5 miss_rate=0.143
      latency: avg_chunk_ms=23.70 p95_chunk_ms=29.51 avg_rtf=0.040
      notation metrics: first_correct_ms=43.6 visible_p50_ms=384.4 visible_p95_ms=610.5 stabilize_p50_ms=583.5 stabilize_p95_ms=2094.3 avg_revisions=0.62 matched=47 refined=47 snapshots=21
      algorithmic latency: first_correct_ms=14.3 visible_p50_ms=369.5 visible_p95_ms=589.2 stabilize_p50_ms=559.9 stabilize_p95_ms=1649.7
      final display note metrics: precision=0.953 recall=0.919 f1=0.936 matched=102/111 pred=107
      final display strict onset f1: 10ms=0.817 20ms=0.936 30ms=0.936
      final display timing: offset_f1=0.881 rhythm_precision=0.941 note_value_acc=0.235 note_value_n=102 avg_beat_error=0.152
      final display structure: cluster_f1=0.768 onset_align_recall=0.971 avg_jaccard=0.892 exact=53/70 pred=68 over=6 under=8 pitch_conflicts=1 missed_gt=2
      threshold profiles: hit_rate=0.000 thresholds=[0.7] profiles={'fixed_baseline': 10}
    treatment:
      note metrics: precision=0.944 recall=0.919 f1=0.932 matched=102/111 pred=108
      strict onset f1: 10ms=0.813 20ms=0.932 30ms=0.932
      timing metrics: offset_f1=0.877 rhythm_precision=0.931 note_value_acc=0.402 note_value_n=102 avg_beat_error=0.077
      duplicate metrics: duplicates=1 per_100_notes=0.93
      boundary metrics: gt=35 matched=30 missed=5 miss_rate=0.143
      latency: avg_chunk_ms=24.49 p95_chunk_ms=33.65 avg_rtf=0.041
      notation metrics: first_correct_ms=46.2 visible_p50_ms=389.4 visible_p95_ms=610.1 stabilize_p50_ms=583.1 stabilize_p95_ms=2094.9 avg_revisions=0.62 matched=47 refined=47 snapshots=21
      algorithmic latency: first_correct_ms=14.3 visible_p50_ms=369.5 visible_p95_ms=589.2 stabilize_p50_ms=559.9 stabilize_p95_ms=1649.7
      final display note metrics: precision=0.953 recall=0.919 f1=0.936 matched=102/111 pred=107
      final display strict onset f1: 10ms=0.817 20ms=0.936 30ms=0.936
      final display timing: offset_f1=0.881 rhythm_precision=0.941 note_value_acc=0.235 note_value_n=102 avg_beat_error=0.152
      final display structure: cluster_f1=0.768 onset_align_recall=0.971 avg_jaccard=0.892 exact=53/70 pred=68 over=6 under=8 pitch_conflicts=1 missed_gt=2
      threshold profiles: hit_rate=0.500 thresholds=[0.7, 0.72] profiles={'baseline_nominal': 5, 'loud_dense_precision': 5}
    delta treatment-control: precision=+0.000 recall=+0.000 f1=+0.000 offset_f1=+0.000 note_value_acc=+0.000 dup_per_100=+0.00 boundary_miss_rate=+0.000 p95_chunk_ms=+4.14 f1_10ms=+0.000 f1_20ms=+0.000 f1_30ms=+0.000 visible_p50_ms=+5.0 stabilize_p50_ms=-0.4 algo_visible_p50_ms=+0.0 algo_stabilize_p50_ms=+0.0 avg_revisions=+0.00 display_note_f1=+0.000 display_offset_f1=+0.000 display_cluster_f1=+0.000 display_cluster_jaccard=+0.000
    failure buckets: ['boundary_miss_failure', 'high_revision_slow_stabilization', 'note_value_offset_failure']
      boundary diagnostics: missed=5 by_arm={'control': 5, 'treatment': 5} tags={'control_boundary_miss': 5, 'no_control_coarse_candidate': 5}
        miss: pitch=77 onset=0.669s boundary_delta_ms=+69.3 control_coarse=False treatment_coarse=False retro=n/a
        miss: pitch=84 onset=2.951s boundary_delta_ms=-49.5 control_coarse=False treatment_coarse=False retro=n/a
        miss: pitch=84 onset=4.835s boundary_delta_ms=+34.6 control_coarse=False treatment_coarse=False retro=n/a
        ... 2 more missed boundary notes in diagnostics JSON
[TIMING] EnhancedMel.transcribe: audio_to_gpu=0.3ms, features=0.6ms, model=11.2ms, decode=1.3ms | TOTAL=13.3ms for 600ms audio (RTF=0.02x)
[TIMING] stream_chunk[experiment-f857f513a3a94694b2309b0bf18c02ff](live_neural): decode=0.1ms, inference=15.8ms, second_pass=0.0ms, contention=0.0ms, TOTAL=16.0ms | audio=600ms, RTF=0.03x | model=enhanced_mel, neural_total=15.3ms, model_inference=11.2ms
[TIMING] EnhancedMel.transcribe: audio_to_gpu=0.1ms, features=0.3ms, model=10.6ms, decode=2.3ms | TOTAL=13.3ms for 1200ms audio (RTF=0.01x)
[TIMING] stream_chunk[experiment-f857f513a3a94694b2309b0bf18c02ff](live_neural): decode=0.1ms, inference=15.0ms, second_pass=0.0ms, contention=0.0ms, TOTAL=15.2ms | audio=600ms, RTF=0.03x | model=enhanced_mel, neural_total=14.6ms, model_inference=10.6ms
[TIMING] EnhancedMel.transcribe: audio_to_gpu=0.1ms, features=0.4ms, model=11.5ms, decode=3.5ms | TOTAL=15.4ms for 1800ms audio (RTF=0.01x)
[TIMING] stream_chunk[experiment-f857f513a3a94694b2309b0bf18c02ff](live_neural): decode=0.1ms, inference=18.1ms, second_pass=0.0ms, contention=0.0ms, TOTAL=18.3ms | audio=600ms, RTF=0.03x | model=enhanced_mel, neural_total=17.7ms, model_inference=11.5ms
[TIMING] EnhancedMel.transcribe: audio_to_gpu=0.2ms, features=0.5ms, model=11.5ms, decode=4.5ms | TOTAL=16.6ms for 2400ms audio (RTF=0.01x)
[TIMING] stream_chunk[experiment-f857f513a3a94694b2309b0bf18c02ff](live_neural): decode=0.1ms, inference=19.2ms, second_pass=0.0ms, contention=0.0ms, TOTAL=19.4ms | audio=600ms, RTF=0.03x | model=enhanced_mel, neural_total=18.7ms, model_inference=11.5ms
[TIMING] EnhancedMel.transcribe: audio_to_gpu=0.2ms, features=0.5ms, model=12.2ms, decode=5.6ms | TOTAL=18.5ms for 3000ms audio (RTF=0.01x)
[TIMING] stream_chunk[experiment-f857f513a3a94694b2309b0bf18c02ff](live_neural): decode=0.1ms, inference=22.2ms, second_pass=0.0ms, contention=0.0ms, TOTAL=22.5ms | audio=600ms, RTF=0.04x | model=enhanced_mel, neural_total=21.7ms, model_inference=12.2ms
[TIMING] EnhancedMel.transcribe: audio_to_gpu=1.0ms, features=0.5ms, model=13.4ms, decode=7.2ms | TOTAL=22.1ms for 3600ms audio (RTF=0.01x)
[TIMING] stream_chunk[experiment-f857f513a3a94694b2309b0bf18c02ff](live_neural): decode=0.2ms, inference=24.8ms, second_pass=0.0ms, contention=0.0ms, TOTAL=25.2ms | audio=600ms, RTF=0.04x | model=enhanced_mel, neural_total=24.2ms, model_inference=13.4ms
[TIMING] EnhancedMel.transcribe: audio_to_gpu=0.3ms, features=0.5ms, model=16.3ms, decode=7.8ms | TOTAL=24.9ms for 4200ms audio (RTF=0.01x)
[TIMING] stream_chunk[experiment-f857f513a3a94694b2309b0bf18c02ff](live_neural): decode=0.1ms, inference=29.1ms, second_pass=0.0ms, contention=0.0ms, TOTAL=29.4ms | audio=600ms, RTF=0.05x | model=enhanced_mel, neural_total=28.6ms, model_inference=16.3ms
[TIMING] EnhancedMel.transcribe: audio_to_gpu=0.3ms, features=0.5ms, model=16.1ms, decode=7.9ms | TOTAL=24.7ms for 4200ms audio (RTF=0.01x)
[TIMING] stream_chunk[experiment-f857f513a3a94694b2309b0bf18c02ff](live_neural): decode=0.1ms, inference=27.8ms, second_pass=0.0ms, contention=0.0ms, TOTAL=28.3ms | audio=600ms, RTF=0.05x | model=enhanced_mel, neural_total=27.1ms, model_inference=16.1ms
[TIMING] EnhancedMel.transcribe: audio_to_gpu=0.3ms, features=0.6ms, model=16.9ms, decode=8.8ms | TOTAL=26.6ms for 4200ms audio (RTF=0.01x)
[TIMING] stream_chunk[experiment-f857f513a3a94694b2309b0bf18c02ff](live_neural): decode=0.1ms, inference=30.2ms, second_pass=0.0ms, contention=0.0ms, TOTAL=30.6ms | audio=600ms, RTF=0.05x | model=enhanced_mel, neural_total=29.8ms, model_inference=16.9ms
[TIMING] EnhancedMel.transcribe: audio_to_gpu=0.3ms, features=0.5ms, model=16.8ms, decode=7.8ms | TOTAL=25.4ms for 4200ms audio (RTF=0.01x)
[TIMING] stream_chunk[experiment-f857f513a3a94694b2309b0bf18c02ff](live_neural): decode=0.2ms, inference=28.5ms, second_pass=0.0ms, contention=0.0ms, TOTAL=28.9ms | audio=600ms, RTF=0.05x | model=enhanced_mel, neural_total=27.9ms, model_inference=16.8ms
[TIMING] EnhancedMel.transcribe: audio_to_gpu=0.3ms, features=0.5ms, model=11.9ms, decode=1.3ms | TOTAL=14.1ms for 600ms audio (RTF=0.02x)
[TIMING] stream_chunk[experiment-8d1cdfa213664e82bbcf904c23bc7a52](live_neural): decode=0.1ms, inference=15.6ms, second_pass=0.0ms, contention=0.0ms, TOTAL=15.8ms | audio=600ms, RTF=0.03x | model=enhanced_mel, neural_total=15.2ms, model_inference=11.9ms
[TIMING] EnhancedMel.transcribe: audio_to_gpu=0.1ms, features=0.4ms, model=10.4ms, decode=2.3ms | TOTAL=13.3ms for 1200ms audio (RTF=0.01x)
[TIMING] stream_chunk[experiment-8d1cdfa213664e82bbcf904c23bc7a52](live_neural): decode=0.1ms, inference=15.7ms, second_pass=0.0ms, contention=0.0ms, TOTAL=15.9ms | audio=600ms, RTF=0.03x | model=enhanced_mel, neural_total=15.4ms, model_inference=10.4ms
[TIMING] EnhancedMel.transcribe: audio_to_gpu=0.2ms, features=0.8ms, model=10.8ms, decode=3.5ms | TOTAL=15.2ms for 1800ms audio (RTF=0.01x)
[TIMING] stream_chunk[experiment-8d1cdfa213664e82bbcf904c23bc7a52](live_neural): decode=0.1ms, inference=18.4ms, second_pass=0.0ms, contention=0.0ms, TOTAL=18.6ms | audio=600ms, RTF=0.03x | model=enhanced_mel, neural_total=17.8ms, model_inference=10.8ms
[TIMING] EnhancedMel.transcribe: audio_to_gpu=0.2ms, features=0.5ms, model=11.4ms, decode=4.4ms | TOTAL=16.5ms for 2400ms audio (RTF=0.01x)
[TIMING] stream_chunk[experiment-8d1cdfa213664e82bbcf904c23bc7a52](live_neural): decode=0.2ms, inference=19.1ms, second_pass=0.0ms, contention=0.0ms, TOTAL=19.5ms | audio=600ms, RTF=0.03x | model=enhanced_mel, neural_total=18.7ms, model_inference=11.4ms
[TIMING] EnhancedMel.transcribe: audio_to_gpu=0.3ms, features=0.5ms, model=12.6ms, decode=6.4ms | TOTAL=19.7ms for 3000ms audio (RTF=0.01x)
[TIMING] stream_chunk[experiment-8d1cdfa213664e82bbcf904c23bc7a52](live_neural): decode=0.1ms, inference=23.9ms, second_pass=0.0ms, contention=0.0ms, TOTAL=24.2ms | audio=600ms, RTF=0.04x | model=enhanced_mel, neural_total=23.6ms, model_inference=12.6ms
[TIMING] EnhancedMel.transcribe: audio_to_gpu=0.3ms, features=0.5ms, model=14.1ms, decode=6.7ms | TOTAL=21.6ms for 3600ms audio (RTF=0.01x)
[TIMING] stream_chunk[experiment-8d1cdfa213664e82bbcf904c23bc7a52](live_neural): decode=0.1ms, inference=24.3ms, second_pass=0.0ms, contention=0.0ms, TOTAL=24.6ms | audio=600ms, RTF=0.04x | model=enhanced_mel, neural_total=23.9ms, model_inference=14.1ms
[TIMING] EnhancedMel.transcribe: audio_to_gpu=0.3ms, features=0.5ms, model=14.8ms, decode=7.7ms | TOTAL=23.3ms for 4200ms audio (RTF=0.01x)
[TIMING] stream_chunk[experiment-8d1cdfa213664e82bbcf904c23bc7a52](live_neural): decode=0.1ms, inference=26.7ms, second_pass=0.0ms, contention=0.0ms, TOTAL=27.1ms | audio=600ms, RTF=0.05x | model=enhanced_mel, neural_total=26.3ms, model_inference=14.8ms
[TIMING] EnhancedMel.transcribe: audio_to_gpu=0.3ms, features=0.5ms, model=17.0ms, decode=7.9ms | TOTAL=25.7ms for 4200ms audio (RTF=0.01x)
[TIMING] stream_chunk[experiment-8d1cdfa213664e82bbcf904c23bc7a52](live_neural): decode=0.1ms, inference=28.8ms, second_pass=0.0ms, contention=0.0ms, TOTAL=29.2ms | audio=600ms, RTF=0.05x | model=enhanced_mel, neural_total=28.4ms, model_inference=17.0ms
[TIMING] EnhancedMel.transcribe: audio_to_gpu=0.3ms, features=0.5ms, model=15.6ms, decode=8.0ms | TOTAL=24.4ms for 4200ms audio (RTF=0.01x)
[TIMING] stream_chunk[experiment-8d1cdfa213664e82bbcf904c23bc7a52](live_neural): decode=0.1ms, inference=28.4ms, second_pass=0.0ms, contention=0.0ms, TOTAL=28.8ms | audio=600ms, RTF=0.05x | model=enhanced_mel, neural_total=28.0ms, model_inference=15.6ms
[TIMING] EnhancedMel.transcribe: audio_to_gpu=0.3ms, features=0.5ms, model=15.3ms, decode=8.1ms | TOTAL=24.1ms for 4200ms audio (RTF=0.01x)
[TIMING] stream_chunk[experiment-8d1cdfa213664e82bbcf904c23bc7a52](live_neural): decode=0.1ms, inference=26.9ms, second_pass=0.0ms, contention=0.0ms, TOTAL=27.4ms | audio=600ms, RTF=0.05x | model=enhanced_mel, neural_total=26.5ms, model_inference=15.3ms

[CLIP_026] Concert Etude "Waldesrauschen"
  excerpt: start=12.00s end=18.00s duration=6.00s gt_notes=111 rms=0.0395 peak=0.1975 crest=5.006 rms_std=0.0126
    control:
      note metrics: precision=0.937 recall=0.802 f1=0.864 matched=89/111 pred=95
      strict onset f1: 10ms=0.709 20ms=0.854 30ms=0.864
      timing metrics: offset_f1=0.689 rhythm_precision=0.798 note_value_acc=0.326 note_value_n=89 avg_beat_error=0.164
      duplicate metrics: duplicates=3 per_100_notes=3.16
      boundary metrics: gt=41 matched=34 missed=7 miss_rate=0.171
      latency: avg_chunk_ms=23.39 p95_chunk_ms=30.07 avg_rtf=0.039
      notation metrics: first_correct_ms=52.4 visible_p50_ms=336.9 visible_p95_ms=598.5 stabilize_p50_ms=587.6 stabilize_p95_ms=1844.9 avg_revisions=0.64 matched=67 refined=67 snapshots=21
      algorithmic latency: first_correct_ms=23.4 visible_p50_ms=315.4 visible_p95_ms=576.8 stabilize_p50_ms=492.4 stabilize_p95_ms=1401.8
      final display note metrics: precision=0.967 recall=0.793 f1=0.871 matched=88/111 pred=91
      final display strict onset f1: 10ms=0.703 20ms=0.861 30ms=0.871
      final display timing: offset_f1=0.693 rhythm_precision=0.795 note_value_acc=0.182 note_value_n=88 avg_beat_error=0.200
      final display structure: cluster_f1=0.591 onset_align_recall=0.886 avg_jaccard=0.823 exact=39/70 pred=62 over=6 under=15 pitch_conflicts=2 missed_gt=8
      threshold profiles: hit_rate=0.000 thresholds=[0.7] profiles={'fixed_baseline': 10}
    treatment:
      note metrics: precision=0.928 recall=0.811 f1=0.865 matched=90/111 pred=97
      strict onset f1: 10ms=0.712 20ms=0.856 30ms=0.865
      timing metrics: offset_f1=0.692 rhythm_precision=0.800 note_value_acc=0.322 note_value_n=90 avg_beat_error=0.163
      duplicate metrics: duplicates=4 per_100_notes=4.12
      boundary metrics: gt=41 matched=35 missed=6 miss_rate=0.146
      latency: avg_chunk_ms=23.12 p95_chunk_ms=29.00 avg_rtf=0.038
      notation metrics: first_correct_ms=0.0 visible_p50_ms=331.9 visible_p95_ms=597.2 stabilize_p50_ms=871.2 stabilize_p95_ms=1893.3 avg_revisions=0.94 matched=68 refined=68 snapshots=21
      algorithmic latency: first_correct_ms=0.0 visible_p50_ms=305.3 visible_p95_ms=575.5 stabilize_p50_ms=481.0 stabilize_p95_ms=1454.1
      final display note metrics: precision=0.967 recall=0.793 f1=0.871 matched=88/111 pred=91
      final display strict onset f1: 10ms=0.693 20ms=0.851 30ms=0.861
      final display timing: offset_f1=0.693 rhythm_precision=0.795 note_value_acc=0.148 note_value_n=88 avg_beat_error=0.204
      final display structure: cluster_f1=0.591 onset_align_recall=0.886 avg_jaccard=0.823 exact=39/70 pred=62 over=6 under=15 pitch_conflicts=2 missed_gt=8
      threshold profiles: hit_rate=0.200 thresholds=[0.66, 0.7] profiles={'baseline_nominal': 8, 'soft_sparse_recall': 2}
    delta treatment-control: precision=-0.009 recall=+0.009 f1=+0.001 offset_f1=+0.003 note_value_acc=-0.004 dup_per_100=+0.97 boundary_miss_rate=-0.024 p95_chunk_ms=-1.08 f1_10ms=+0.003 f1_20ms=+0.001 f1_30ms=+0.001 visible_p50_ms=-5.0 stabilize_p50_ms=+283.6 algo_visible_p50_ms=-10.0 algo_stabilize_p50_ms=-11.5 avg_revisions=+0.30 display_note_f1=+0.000 display_offset_f1=+0.000 display_cluster_f1=+0.000 display_cluster_jaccard=+0.000
    failure buckets: ['boundary_miss_failure', 'high_revision_slow_stabilization', 'note_value_offset_failure']
      boundary diagnostics: missed=7 by_arm={'control': 7, 'treatment': 6} tags={'control_boundary_miss': 7, 'no_control_coarse_candidate': 7, 'treatment_recovers_boundary_note': 1}
        miss: pitch=80 onset=0.542s boundary_delta_ms=-58.3 control_coarse=False treatment_coarse=False retro=n/a
        miss: pitch=77 onset=0.562s boundary_delta_ms=-37.5 control_coarse=False treatment_coarse=False retro=n/a
        miss: pitch=77 onset=1.107s boundary_delta_ms=-93.2 control_coarse=False treatment_coarse=True retro=n/a
        ... 4 more missed boundary notes in diagnostics JSON
[TIMING] EnhancedMel.transcribe: audio_to_gpu=0.6ms, features=0.6ms, model=11.0ms, decode=1.4ms | TOTAL=13.5ms for 600ms audio (RTF=0.02x)
[TIMING] stream_chunk[experiment-bebe88047def475f8715ecaaed62e986](live_neural): decode=0.2ms, inference=15.4ms, second_pass=0.0ms, contention=0.0ms, TOTAL=15.7ms | audio=600ms, RTF=0.03x | model=enhanced_mel, neural_total=14.8ms, model_inference=11.0ms
[TIMING] EnhancedMel.transcribe: audio_to_gpu=0.1ms, features=0.4ms, model=10.6ms, decode=2.5ms | TOTAL=13.7ms for 1200ms audio (RTF=0.01x)
[TIMING] stream_chunk[experiment-bebe88047def475f8715ecaaed62e986](live_neural): decode=0.1ms, inference=15.6ms, second_pass=0.0ms, contention=0.0ms, TOTAL=15.8ms | audio=600ms, RTF=0.03x | model=enhanced_mel, neural_total=15.2ms, model_inference=10.6ms
[TIMING] EnhancedMel.transcribe: audio_to_gpu=0.2ms, features=0.7ms, model=13.1ms, decode=3.5ms | TOTAL=17.6ms for 1800ms audio (RTF=0.01x)
[TIMING] stream_chunk[experiment-bebe88047def475f8715ecaaed62e986](live_neural): decode=0.1ms, inference=19.5ms, second_pass=0.0ms, contention=0.0ms, TOTAL=19.8ms | audio=600ms, RTF=0.03x | model=enhanced_mel, neural_total=19.2ms, model_inference=13.1ms
[TIMING] EnhancedMel.transcribe: audio_to_gpu=0.3ms, features=0.6ms, model=11.8ms, decode=4.7ms | TOTAL=17.3ms for 2400ms audio (RTF=0.01x)
[TIMING] stream_chunk[experiment-bebe88047def475f8715ecaaed62e986](live_neural): decode=0.1ms, inference=19.6ms, second_pass=0.0ms, contention=0.0ms, TOTAL=19.9ms | audio=600ms, RTF=0.03x | model=enhanced_mel, neural_total=19.2ms, model_inference=11.8ms
[TIMING] EnhancedMel.transcribe: audio_to_gpu=0.4ms, features=0.5ms, model=13.1ms, decode=5.7ms | TOTAL=19.7ms for 3000ms audio (RTF=0.01x)
[TIMING] stream_chunk[experiment-bebe88047def475f8715ecaaed62e986](live_neural): decode=0.2ms, inference=22.3ms, second_pass=0.0ms, contention=0.0ms, TOTAL=22.8ms | audio=600ms, RTF=0.04x | model=enhanced_mel, neural_total=21.8ms, model_inference=13.1ms
[TIMING] EnhancedMel.transcribe: audio_to_gpu=0.2ms, features=0.5ms, model=13.1ms, decode=7.0ms | TOTAL=20.8ms for 3600ms audio (RTF=0.01x)
[TIMING] stream_chunk[experiment-bebe88047def475f8715ecaaed62e986](live_neural): decode=0.1ms, inference=23.4ms, second_pass=0.0ms, contention=0.0ms, TOTAL=23.8ms | audio=600ms, RTF=0.04x | model=enhanced_mel, neural_total=23.1ms, model_inference=13.1ms
[TIMING] EnhancedMel.transcribe: audio_to_gpu=0.2ms, features=0.5ms, model=14.3ms, decode=8.2ms | TOTAL=23.3ms for 4200ms audio (RTF=0.01x)
[TIMING] stream_chunk[experiment-bebe88047def475f8715ecaaed62e986](live_neural): decode=0.1ms, inference=26.0ms, second_pass=0.0ms, contention=0.0ms, TOTAL=26.4ms | audio=600ms, RTF=0.04x | model=enhanced_mel, neural_total=25.6ms, model_inference=14.3ms
[TIMING] EnhancedMel.transcribe: audio_to_gpu=0.3ms, features=0.5ms, model=15.2ms, decode=7.9ms | TOTAL=24.0ms for 4200ms audio (RTF=0.01x)
[TIMING] stream_chunk[experiment-bebe88047def475f8715ecaaed62e986](live_neural): decode=0.1ms, inference=28.6ms, second_pass=0.0ms, contention=0.0ms, TOTAL=29.0ms | audio=600ms, RTF=0.05x | model=enhanced_mel, neural_total=28.2ms, model_inference=15.2ms
[TIMING] EnhancedMel.transcribe: audio_to_gpu=0.3ms, features=0.5ms, model=15.0ms, decode=8.1ms | TOTAL=23.9ms for 4200ms audio (RTF=0.01x)
[TIMING] stream_chunk[experiment-bebe88047def475f8715ecaaed62e986](live_neural): decode=0.1ms, inference=27.6ms, second_pass=0.0ms, contention=0.0ms, TOTAL=27.9ms | audio=600ms, RTF=0.05x | model=enhanced_mel, neural_total=27.1ms, model_inference=15.0ms
[TIMING] EnhancedMel.transcribe: audio_to_gpu=0.3ms, features=0.5ms, model=15.0ms, decode=8.6ms | TOTAL=24.4ms for 4200ms audio (RTF=0.01x)
[TIMING] stream_chunk[experiment-bebe88047def475f8715ecaaed62e986](live_neural): decode=0.1ms, inference=27.3ms, second_pass=0.0ms, contention=0.0ms, TOTAL=27.7ms | audio=600ms, RTF=0.05x | model=enhanced_mel, neural_total=26.8ms, model_inference=15.0ms
[TIMING] EnhancedMel.transcribe: audio_to_gpu=0.4ms, features=0.6ms, model=10.3ms, decode=1.4ms | TOTAL=12.7ms for 600ms audio (RTF=0.02x)
[TIMING] stream_chunk[experiment-96618b9570c4416c895a6cdd6120bc80](live_neural): decode=0.2ms, inference=14.4ms, second_pass=0.0ms, contention=0.0ms, TOTAL=14.7ms | audio=600ms, RTF=0.02x | model=enhanced_mel, neural_total=14.0ms, model_inference=10.3ms
[TIMING] EnhancedMel.transcribe: audio_to_gpu=0.1ms, features=0.4ms, model=10.8ms, decode=2.4ms | TOTAL=13.8ms for 1200ms audio (RTF=0.01x)
[TIMING] stream_chunk[experiment-96618b9570c4416c895a6cdd6120bc80](live_neural): decode=0.1ms, inference=15.5ms, second_pass=0.0ms, contention=0.0ms, TOTAL=15.8ms | audio=600ms, RTF=0.03x | model=enhanced_mel, neural_total=15.1ms, model_inference=10.8ms
[TIMING] EnhancedMel.transcribe: audio_to_gpu=0.2ms, features=0.4ms, model=11.6ms, decode=3.6ms | TOTAL=15.7ms for 1800ms audio (RTF=0.01x)
[TIMING] stream_chunk[experiment-96618b9570c4416c895a6cdd6120bc80](live_neural): decode=0.1ms, inference=17.6ms, second_pass=0.0ms, contention=0.0ms, TOTAL=17.9ms | audio=600ms, RTF=0.03x | model=enhanced_mel, neural_total=17.3ms, model_inference=11.6ms
[TIMING] EnhancedMel.transcribe: audio_to_gpu=0.2ms, features=0.5ms, model=11.4ms, decode=4.6ms | TOTAL=16.7ms for 2400ms audio (RTF=0.01x)
[TIMING] stream_chunk[experiment-96618b9570c4416c895a6cdd6120bc80](live_neural): decode=0.1ms, inference=19.7ms, second_pass=0.0ms, contention=0.0ms, TOTAL=20.0ms | audio=600ms, RTF=0.03x | model=enhanced_mel, neural_total=19.4ms, model_inference=11.4ms
[TIMING] EnhancedMel.transcribe: audio_to_gpu=0.2ms, features=1.3ms, model=12.5ms, decode=6.3ms | TOTAL=20.3ms for 3000ms audio (RTF=0.01x)
[TIMING] stream_chunk[experiment-96618b9570c4416c895a6cdd6120bc80](live_neural): decode=0.1ms, inference=23.1ms, second_pass=0.0ms, contention=0.0ms, TOTAL=23.5ms | audio=600ms, RTF=0.04x | model=enhanced_mel, neural_total=22.6ms, model_inference=12.5ms
[TIMING] EnhancedMel.transcribe: audio_to_gpu=0.3ms, features=0.5ms, model=13.0ms, decode=7.4ms | TOTAL=21.2ms for 3600ms audio (RTF=0.01x)
[TIMING] stream_chunk[experiment-96618b9570c4416c895a6cdd6120bc80](live_neural): decode=0.1ms, inference=23.7ms, second_pass=0.0ms, contention=0.0ms, TOTAL=24.0ms | audio=600ms, RTF=0.04x | model=enhanced_mel, neural_total=23.3ms, model_inference=13.0ms
[TIMING] EnhancedMel.transcribe: audio_to_gpu=0.2ms, features=0.5ms, model=14.4ms, decode=8.6ms | TOTAL=23.8ms for 4200ms audio (RTF=0.01x)
[TIMING] stream_chunk[experiment-96618b9570c4416c895a6cdd6120bc80](live_neural): decode=0.1ms, inference=26.6ms, second_pass=0.0ms, contention=0.0ms, TOTAL=27.0ms | audio=600ms, RTF=0.05x | model=enhanced_mel, neural_total=26.1ms, model_inference=14.4ms
[TIMING] EnhancedMel.transcribe: audio_to_gpu=0.3ms, features=0.6ms, model=14.9ms, decode=7.9ms | TOTAL=23.7ms for 4200ms audio (RTF=0.01x)
[TIMING] stream_chunk[experiment-96618b9570c4416c895a6cdd6120bc80](live_neural): decode=0.1ms, inference=27.4ms, second_pass=0.0ms, contention=0.0ms, TOTAL=27.8ms | audio=600ms, RTF=0.05x | model=enhanced_mel, neural_total=27.0ms, model_inference=14.9ms
[TIMING] EnhancedMel.transcribe: audio_to_gpu=0.3ms, features=0.5ms, model=14.6ms, decode=8.0ms | TOTAL=23.5ms for 4200ms audio (RTF=0.01x)
[TIMING] stream_chunk[experiment-96618b9570c4416c895a6cdd6120bc80](live_neural): decode=0.1ms, inference=26.3ms, second_pass=0.0ms, contention=0.0ms, TOTAL=26.7ms | audio=600ms, RTF=0.04x | model=enhanced_mel, neural_total=25.9ms, model_inference=14.6ms
[TIMING] EnhancedMel.transcribe: audio_to_gpu=0.4ms, features=0.5ms, model=14.8ms, decode=8.1ms | TOTAL=23.8ms for 4200ms audio (RTF=0.01x)
[TIMING] stream_chunk[experiment-96618b9570c4416c895a6cdd6120bc80](live_neural): decode=0.1ms, inference=26.8ms, second_pass=0.0ms, contention=0.0ms, TOTAL=27.1ms | audio=600ms, RTF=0.05x | model=enhanced_mel, neural_total=26.3ms, model_inference=14.8ms

[CLIP_027] Sonata in D Major, K. 96 L. 465
  excerpt: start=9.00s end=15.00s duration=6.00s gt_notes=124 rms=0.0589 peak=0.3158 crest=5.362 rms_std=0.0197
    control:
      note metrics: precision=0.905 recall=0.919 f1=0.912 matched=114/124 pred=126
      strict onset f1: 10ms=0.784 20ms=0.912 30ms=0.912
      timing metrics: offset_f1=0.840 rhythm_precision=0.921 note_value_acc=0.667 note_value_n=114 avg_beat_error=0.076
      duplicate metrics: duplicates=8 per_100_notes=6.35
      boundary metrics: gt=43 matched=37 missed=6 miss_rate=0.140
      latency: avg_chunk_ms=22.88 p95_chunk_ms=28.51 avg_rtf=0.038
      notation metrics: first_correct_ms=46.6 visible_p50_ms=454.0 visible_p95_ms=630.9 stabilize_p50_ms=1848.9 stabilize_p95_ms=3278.0 avg_revisions=2.44 matched=25 refined=25 snapshots=20
      algorithmic latency: first_correct_ms=29.2 visible_p50_ms=426.0 visible_p95_ms=613.6 stabilize_p50_ms=1318.0 stabilize_p95_ms=2759.7
      final display note metrics: precision=0.974 recall=0.895 f1=0.933 matched=111/124 pred=114
      final display strict onset f1: 10ms=0.807 20ms=0.933 30ms=0.933
      final display timing: offset_f1=0.857 rhythm_precision=0.919 note_value_acc=0.514 note_value_n=111 avg_beat_error=0.136
      final display structure: cluster_f1=0.787 onset_align_recall=0.979 avg_jaccard=0.917 exact=37/47 pred=47 over=0 under=8 pitch_conflicts=1 missed_gt=1
      threshold profiles: hit_rate=0.000 thresholds=[0.7] profiles={'fixed_baseline': 10}
    treatment:
      note metrics: precision=0.905 recall=0.919 f1=0.912 matched=114/124 pred=126
      strict onset f1: 10ms=0.784 20ms=0.912 30ms=0.912
      timing metrics: offset_f1=0.840 rhythm_precision=0.921 note_value_acc=0.667 note_value_n=114 avg_beat_error=0.076
      duplicate metrics: duplicates=8 per_100_notes=6.35
      boundary metrics: gt=43 matched=37 missed=6 miss_rate=0.140
      latency: avg_chunk_ms=22.46 p95_chunk_ms=27.48 avg_rtf=0.037
      notation metrics: first_correct_ms=46.5 visible_p50_ms=452.7 visible_p95_ms=631.0 stabilize_p50_ms=1847.0 stabilize_p95_ms=3277.2 avg_revisions=2.44 matched=25 refined=25 snapshots=20
      algorithmic latency: first_correct_ms=29.2 visible_p50_ms=426.0 visible_p95_ms=613.6 stabilize_p50_ms=1318.0 stabilize_p95_ms=2759.7
      final display note metrics: precision=0.974 recall=0.895 f1=0.933 matched=111/124 pred=114
      final display strict onset f1: 10ms=0.807 20ms=0.933 30ms=0.933
      final display timing: offset_f1=0.857 rhythm_precision=0.919 note_value_acc=0.514 note_value_n=111 avg_beat_error=0.136
      final display structure: cluster_f1=0.787 onset_align_recall=0.979 avg_jaccard=0.917 exact=37/47 pred=47 over=0 under=8 pitch_conflicts=1 missed_gt=1
      threshold profiles: hit_rate=0.000 thresholds=[0.7] profiles={'baseline_nominal': 10}
    delta treatment-control: precision=+0.000 recall=+0.000 f1=+0.000 offset_f1=+0.000 note_value_acc=+0.000 dup_per_100=+0.00 boundary_miss_rate=+0.000 p95_chunk_ms=-1.02 f1_10ms=+0.000 f1_20ms=+0.000 f1_30ms=+0.000 visible_p50_ms=-1.3 stabilize_p50_ms=-1.9 algo_visible_p50_ms=+0.0 algo_stabilize_p50_ms=+0.0 avg_revisions=+0.00 display_note_f1=+0.000 display_offset_f1=+0.000 display_cluster_f1=+0.000 display_cluster_jaccard=+0.000
    failure buckets: ['boundary_miss_failure', 'high_revision_slow_stabilization']
      boundary diagnostics: missed=6 by_arm={'control': 6, 'treatment': 6} tags={'control_boundary_miss': 6, 'no_control_coarse_candidate': 6}
        miss: pitch=55 onset=0.630s boundary_delta_ms=+30.2 control_coarse=False treatment_coarse=False retro=n/a
        miss: pitch=74 onset=1.161s boundary_delta_ms=-38.5 control_coarse=False treatment_coarse=False retro=n/a
        miss: pitch=52 onset=2.367s boundary_delta_ms=-32.8 control_coarse=False treatment_coarse=False retro=n/a
        ... 3 more missed boundary notes in diagnostics JSON
[TIMING] EnhancedMel.transcribe: audio_to_gpu=0.4ms, features=0.6ms, model=10.4ms, decode=1.4ms | TOTAL=12.7ms for 600ms audio (RTF=0.02x)
[TIMING] stream_chunk[experiment-742bb226630340b3aa9f45ad3ea8cfea](live_neural): decode=0.1ms, inference=14.3ms, second_pass=0.0ms, contention=0.0ms, TOTAL=14.5ms | audio=600ms, RTF=0.02x | model=enhanced_mel, neural_total=13.9ms, model_inference=10.4ms
[TIMING] EnhancedMel.transcribe: audio_to_gpu=0.1ms, features=0.3ms, model=10.1ms, decode=2.3ms | TOTAL=12.9ms for 1200ms audio (RTF=0.01x)
[TIMING] stream_chunk[experiment-742bb226630340b3aa9f45ad3ea8cfea](live_neural): decode=0.1ms, inference=14.7ms, second_pass=0.0ms, contention=0.0ms, TOTAL=14.9ms | audio=600ms, RTF=0.02x | model=enhanced_mel, neural_total=14.3ms, model_inference=10.1ms
[TIMING] EnhancedMel.transcribe: audio_to_gpu=0.2ms, features=0.4ms, model=11.0ms, decode=3.5ms | TOTAL=15.0ms for 1800ms audio (RTF=0.01x)
[TIMING] stream_chunk[experiment-742bb226630340b3aa9f45ad3ea8cfea](live_neural): decode=0.1ms, inference=17.0ms, second_pass=0.0ms, contention=0.0ms, TOTAL=17.2ms | audio=600ms, RTF=0.03x | model=enhanced_mel, neural_total=16.6ms, model_inference=11.0ms
[TIMING] EnhancedMel.transcribe: audio_to_gpu=0.5ms, features=0.5ms, model=11.7ms, decode=4.5ms | TOTAL=17.2ms for 2400ms audio (RTF=0.01x)
[TIMING] stream_chunk[experiment-742bb226630340b3aa9f45ad3ea8cfea](live_neural): decode=0.1ms, inference=19.5ms, second_pass=0.0ms, contention=0.0ms, TOTAL=19.8ms | audio=600ms, RTF=0.03x | model=enhanced_mel, neural_total=19.1ms, model_inference=11.7ms
[TIMING] EnhancedMel.transcribe: audio_to_gpu=0.9ms, features=0.5ms, model=11.8ms, decode=5.6ms | TOTAL=18.8ms for 3000ms audio (RTF=0.01x)
[TIMING] stream_chunk[experiment-742bb226630340b3aa9f45ad3ea8cfea](live_neural): decode=0.1ms, inference=21.2ms, second_pass=0.0ms, contention=0.0ms, TOTAL=21.6ms | audio=600ms, RTF=0.04x | model=enhanced_mel, neural_total=20.8ms, model_inference=11.8ms
[TIMING] EnhancedMel.transcribe: audio_to_gpu=0.3ms, features=0.5ms, model=12.8ms, decode=6.6ms | TOTAL=20.3ms for 3600ms audio (RTF=0.01x)
[TIMING] stream_chunk[experiment-742bb226630340b3aa9f45ad3ea8cfea](live_neural): decode=0.1ms, inference=23.1ms, second_pass=0.0ms, contention=0.0ms, TOTAL=23.5ms | audio=600ms, RTF=0.04x | model=enhanced_mel, neural_total=22.5ms, model_inference=12.8ms
[TIMING] EnhancedMel.transcribe: audio_to_gpu=0.3ms, features=0.5ms, model=13.9ms, decode=8.0ms | TOTAL=22.6ms for 4200ms audio (RTF=0.01x)
[TIMING] stream_chunk[experiment-742bb226630340b3aa9f45ad3ea8cfea](live_neural): decode=0.1ms, inference=25.4ms, second_pass=0.0ms, contention=0.0ms, TOTAL=25.8ms | audio=600ms, RTF=0.04x | model=enhanced_mel, neural_total=25.1ms, model_inference=13.9ms
[TIMING] EnhancedMel.transcribe: audio_to_gpu=0.3ms, features=0.6ms, model=21.6ms, decode=8.5ms | TOTAL=31.0ms for 4200ms audio (RTF=0.01x)
[TIMING] stream_chunk[experiment-742bb226630340b3aa9f45ad3ea8cfea](live_neural): decode=0.1ms, inference=34.5ms, second_pass=0.0ms, contention=0.0ms, TOTAL=35.0ms | audio=600ms, RTF=0.06x | model=enhanced_mel, neural_total=34.1ms, model_inference=21.6ms
[TIMING] EnhancedMel.transcribe: audio_to_gpu=0.3ms, features=0.5ms, model=13.9ms, decode=8.4ms | TOTAL=23.2ms for 4200ms audio (RTF=0.01x)
[TIMING] stream_chunk[experiment-742bb226630340b3aa9f45ad3ea8cfea](live_neural): decode=0.3ms, inference=26.6ms, second_pass=0.0ms, contention=0.0ms, TOTAL=27.3ms | audio=600ms, RTF=0.05x | model=enhanced_mel, neural_total=26.1ms, model_inference=13.9ms
[TIMING] EnhancedMel.transcribe: audio_to_gpu=0.3ms, features=1.5ms, model=13.9ms, decode=8.5ms | TOTAL=24.2ms for 4200ms audio (RTF=0.01x)
[TIMING] stream_chunk[experiment-742bb226630340b3aa9f45ad3ea8cfea](live_neural): decode=0.1ms, inference=27.4ms, second_pass=0.0ms, contention=0.0ms, TOTAL=28.2ms | audio=600ms, RTF=0.05x | model=enhanced_mel, neural_total=27.0ms, model_inference=13.9ms
[TIMING] EnhancedMel.transcribe: audio_to_gpu=0.4ms, features=0.5ms, model=10.7ms, decode=1.3ms | TOTAL=12.9ms for 600ms audio (RTF=0.02x)
[TIMING] stream_chunk[experiment-55f58652dc4441eba3eb7ca9d554b5ca](live_neural): decode=0.1ms, inference=14.7ms, second_pass=0.0ms, contention=0.0ms, TOTAL=15.0ms | audio=600ms, RTF=0.02x | model=enhanced_mel, neural_total=14.2ms, model_inference=10.7ms
[TIMING] EnhancedMel.transcribe: audio_to_gpu=0.1ms, features=0.4ms, model=10.9ms, decode=3.2ms | TOTAL=14.5ms for 1200ms audio (RTF=0.01x)
[TIMING] stream_chunk[experiment-55f58652dc4441eba3eb7ca9d554b5ca](live_neural): decode=0.2ms, inference=16.6ms, second_pass=0.0ms, contention=0.0ms, TOTAL=17.0ms | audio=600ms, RTF=0.03x | model=enhanced_mel, neural_total=16.1ms, model_inference=10.9ms
[TIMING] EnhancedMel.transcribe: audio_to_gpu=0.2ms, features=3.0ms, model=12.3ms, decode=3.5ms | TOTAL=18.9ms for 1800ms audio (RTF=0.01x)
[TIMING] stream_chunk[experiment-55f58652dc4441eba3eb7ca9d554b5ca](live_neural): decode=0.1ms, inference=21.1ms, second_pass=0.0ms, contention=0.0ms, TOTAL=21.4ms | audio=600ms, RTF=0.04x | model=enhanced_mel, neural_total=20.7ms, model_inference=12.3ms
[TIMING] EnhancedMel.transcribe: audio_to_gpu=0.2ms, features=0.5ms, model=12.7ms, decode=4.8ms | TOTAL=18.2ms for 2400ms audio (RTF=0.01x)
[TIMING] stream_chunk[experiment-55f58652dc4441eba3eb7ca9d554b5ca](live_neural): decode=0.1ms, inference=20.4ms, second_pass=0.0ms, contention=0.0ms, TOTAL=20.7ms | audio=600ms, RTF=0.03x | model=enhanced_mel, neural_total=20.0ms, model_inference=12.7ms
[TIMING] EnhancedMel.transcribe: audio_to_gpu=0.3ms, features=0.5ms, model=12.9ms, decode=5.6ms | TOTAL=19.4ms for 3000ms audio (RTF=0.01x)
[TIMING] stream_chunk[experiment-55f58652dc4441eba3eb7ca9d554b5ca](live_neural): decode=0.1ms, inference=22.5ms, second_pass=0.0ms, contention=0.0ms, TOTAL=22.9ms | audio=600ms, RTF=0.04x | model=enhanced_mel, neural_total=22.1ms, model_inference=12.9ms
[TIMING] EnhancedMel.transcribe: audio_to_gpu=0.3ms, features=0.5ms, model=12.9ms, decode=6.8ms | TOTAL=20.4ms for 3600ms audio (RTF=0.01x)
[TIMING] stream_chunk[experiment-55f58652dc4441eba3eb7ca9d554b5ca](live_neural): decode=0.1ms, inference=23.4ms, second_pass=0.0ms, contention=0.0ms, TOTAL=23.8ms | audio=600ms, RTF=0.04x | model=enhanced_mel, neural_total=23.0ms, model_inference=12.9ms
[TIMING] EnhancedMel.transcribe: audio_to_gpu=0.3ms, features=0.5ms, model=14.3ms, decode=8.0ms | TOTAL=23.1ms for 4200ms audio (RTF=0.01x)
[TIMING] stream_chunk[experiment-55f58652dc4441eba3eb7ca9d554b5ca](live_neural): decode=0.2ms, inference=26.0ms, second_pass=0.0ms, contention=0.0ms, TOTAL=26.5ms | audio=600ms, RTF=0.04x | model=enhanced_mel, neural_total=25.6ms, model_inference=14.3ms
[TIMING] EnhancedMel.transcribe: audio_to_gpu=0.3ms, features=0.6ms, model=14.0ms, decode=8.1ms | TOTAL=22.9ms for 4200ms audio (RTF=0.01x)
[TIMING] stream_chunk[experiment-55f58652dc4441eba3eb7ca9d554b5ca](live_neural): decode=0.1ms, inference=25.8ms, second_pass=0.0ms, contention=0.0ms, TOTAL=26.4ms | audio=600ms, RTF=0.04x | model=enhanced_mel, neural_total=25.4ms, model_inference=14.0ms
[TIMING] EnhancedMel.transcribe: audio_to_gpu=0.3ms, features=0.5ms, model=22.9ms, decode=8.4ms | TOTAL=32.1ms for 4200ms audio (RTF=0.01x)
[TIMING] stream_chunk[experiment-55f58652dc4441eba3eb7ca9d554b5ca](live_neural): decode=0.1ms, inference=35.0ms, second_pass=0.0ms, contention=0.0ms, TOTAL=35.5ms | audio=600ms, RTF=0.06x | model=enhanced_mel, neural_total=34.5ms, model_inference=22.9ms
[TIMING] EnhancedMel.transcribe: audio_to_gpu=0.3ms, features=0.5ms, model=13.8ms, decode=8.2ms | TOTAL=22.8ms for 4200ms audio (RTF=0.01x)
[TIMING] stream_chunk[experiment-55f58652dc4441eba3eb7ca9d554b5ca](live_neural): decode=0.1ms, inference=26.2ms, second_pass=0.0ms, contention=0.0ms, TOTAL=26.7ms | audio=600ms, RTF=0.04x | model=enhanced_mel, neural_total=25.7ms, model_inference=13.8ms

[CLIP_028] Etude No. 7 "Study in Chromatic Steps"
  excerpt: start=84.00s end=90.00s duration=6.00s gt_notes=131 rms=0.0495 peak=0.4230 crest=8.542 rms_std=0.0249
    control:
      note metrics: precision=0.969 recall=0.947 f1=0.958 matched=124/131 pred=128
      strict onset f1: 10ms=0.672 20ms=0.934 30ms=0.958
      timing metrics: offset_f1=0.950 rhythm_precision=0.992 note_value_acc=0.702 note_value_n=124 avg_beat_error=0.032
      duplicate metrics: duplicates=2 per_100_notes=1.56
      boundary metrics: gt=37 matched=33 missed=4 miss_rate=0.108
      latency: avg_chunk_ms=22.79 p95_chunk_ms=31.91 avg_rtf=0.038
      notation metrics: first_correct_ms=36.8 visible_p50_ms=328.7 visible_p95_ms=601.6 stabilize_p50_ms=726.3 stabilize_p95_ms=2412.7 avg_revisions=1.05 matched=38 refined=38 snapshots=21
      algorithmic latency: first_correct_ms=21.9 visible_p50_ms=307.8 visible_p95_ms=574.3 stabilize_p50_ms=584.9 stabilize_p95_ms=2249.6
      final display note metrics: precision=0.984 recall=0.931 f1=0.957 matched=122/131 pred=124
      final display strict onset f1: 10ms=0.667 20ms=0.933 30ms=0.957
      final display timing: offset_f1=0.949 rhythm_precision=0.992 note_value_acc=0.475 note_value_n=122 avg_beat_error=0.082
      final display structure: cluster_f1=0.776 onset_align_recall=1.000 avg_jaccard=0.903 exact=52/67 pred=67 over=4 under=11 pitch_conflicts=0 missed_gt=0
      threshold profiles: hit_rate=0.000 thresholds=[0.7] profiles={'fixed_baseline': 10}
    treatment:
      note metrics: precision=0.969 recall=0.947 f1=0.958 matched=124/131 pred=128
      strict onset f1: 10ms=0.672 20ms=0.934 30ms=0.958
      timing metrics: offset_f1=0.950 rhythm_precision=0.992 note_value_acc=0.702 note_value_n=124 avg_beat_error=0.032
      duplicate metrics: duplicates=2 per_100_notes=1.56
      boundary metrics: gt=37 matched=33 missed=4 miss_rate=0.108
      latency: avg_chunk_ms=23.58 p95_chunk_ms=31.52 avg_rtf=0.039
      notation metrics: first_correct_ms=38.9 visible_p50_ms=328.4 visible_p95_ms=609.8 stabilize_p50_ms=724.8 stabilize_p95_ms=2414.8 avg_revisions=1.05 matched=38 refined=38 snapshots=21
      algorithmic latency: first_correct_ms=21.9 visible_p50_ms=307.8 visible_p95_ms=574.3 stabilize_p50_ms=584.9 stabilize_p95_ms=2249.6
      final display note metrics: precision=0.984 recall=0.931 f1=0.957 matched=122/131 pred=124
      final display strict onset f1: 10ms=0.667 20ms=0.933 30ms=0.957
      final display timing: offset_f1=0.949 rhythm_precision=0.992 note_value_acc=0.475 note_value_n=122 avg_beat_error=0.082
      final display structure: cluster_f1=0.776 onset_align_recall=1.000 avg_jaccard=0.903 exact=52/67 pred=67 over=4 under=11 pitch_conflicts=0 missed_gt=0
      threshold profiles: hit_rate=0.100 thresholds=[0.7, 0.72] profiles={'baseline_nominal': 9, 'loud_dense_precision': 1}
    delta treatment-control: precision=+0.000 recall=+0.000 f1=+0.000 offset_f1=+0.000 note_value_acc=+0.000 dup_per_100=+0.00 boundary_miss_rate=+0.000 p95_chunk_ms=-0.39 f1_10ms=+0.000 f1_20ms=+0.000 f1_30ms=+0.000 visible_p50_ms=-0.3 stabilize_p50_ms=-1.6 algo_visible_p50_ms=+0.0 algo_stabilize_p50_ms=+0.0 avg_revisions=+0.00 display_note_f1=+0.000 display_offset_f1=+0.000 display_cluster_f1=+0.000 display_cluster_jaccard=+0.000
    failure buckets: ['boundary_miss_failure', 'high_revision_slow_stabilization']
      boundary diagnostics: missed=4 by_arm={'control': 4, 'treatment': 4} tags={'control_boundary_miss': 4, 'no_control_coarse_candidate': 4}
        miss: pitch=76 onset=1.101s boundary_delta_ms=-99.0 control_coarse=False treatment_coarse=False retro=n/a
        miss: pitch=78 onset=2.459s boundary_delta_ms=+59.4 control_coarse=False treatment_coarse=False retro=n/a
        miss: pitch=76 onset=4.205s boundary_delta_ms=+5.2 control_coarse=False treatment_coarse=False retro=n/a
        ... 1 more missed boundary notes in diagnostics JSON
[TIMING] EnhancedMel.transcribe: audio_to_gpu=0.4ms, features=0.5ms, model=10.9ms, decode=1.3ms | TOTAL=13.2ms for 600ms audio (RTF=0.02x)
[TIMING] stream_chunk[experiment-3368eb5181e84e32bf9a1ade1c418086](live_neural): decode=0.2ms, inference=14.8ms, second_pass=0.0ms, contention=0.0ms, TOTAL=15.0ms | audio=600ms, RTF=0.02x | model=enhanced_mel, neural_total=14.3ms, model_inference=10.9ms
[TIMING] EnhancedMel.transcribe: audio_to_gpu=0.1ms, features=0.4ms, model=10.1ms, decode=2.4ms | TOTAL=13.0ms for 1200ms audio (RTF=0.01x)
[TIMING] stream_chunk[experiment-3368eb5181e84e32bf9a1ade1c418086](live_neural): decode=0.1ms, inference=14.6ms, second_pass=0.0ms, contention=0.0ms, TOTAL=14.8ms | audio=600ms, RTF=0.02x | model=enhanced_mel, neural_total=14.3ms, model_inference=10.1ms
[TIMING] EnhancedMel.transcribe: audio_to_gpu=0.2ms, features=2.2ms, model=11.6ms, decode=3.4ms | TOTAL=17.4ms for 1800ms audio (RTF=0.01x)
[TIMING] stream_chunk[experiment-3368eb5181e84e32bf9a1ade1c418086](live_neural): decode=0.1ms, inference=19.3ms, second_pass=0.0ms, contention=0.0ms, TOTAL=19.5ms | audio=600ms, RTF=0.03x | model=enhanced_mel, neural_total=18.9ms, model_inference=11.6ms
[TIMING] EnhancedMel.transcribe: audio_to_gpu=0.2ms, features=0.5ms, model=11.3ms, decode=5.1ms | TOTAL=17.2ms for 2400ms audio (RTF=0.01x)
[TIMING] stream_chunk[experiment-3368eb5181e84e32bf9a1ade1c418086](live_neural): decode=0.1ms, inference=20.7ms, second_pass=0.0ms, contention=0.0ms, TOTAL=20.9ms | audio=600ms, RTF=0.03x | model=enhanced_mel, neural_total=20.2ms, model_inference=11.3ms
[TIMING] EnhancedMel.transcribe: audio_to_gpu=0.2ms, features=0.5ms, model=14.4ms, decode=5.6ms | TOTAL=20.7ms for 3000ms audio (RTF=0.01x)
[TIMING] stream_chunk[experiment-3368eb5181e84e32bf9a1ade1c418086](live_neural): decode=0.1ms, inference=23.4ms, second_pass=0.0ms, contention=0.0ms, TOTAL=23.7ms | audio=600ms, RTF=0.04x | model=enhanced_mel, neural_total=22.9ms, model_inference=14.4ms
[TIMING] EnhancedMel.transcribe: audio_to_gpu=0.3ms, features=0.5ms, model=13.7ms, decode=9.8ms | TOTAL=24.3ms for 3600ms audio (RTF=0.01x)
[TIMING] stream_chunk[experiment-3368eb5181e84e32bf9a1ade1c418086](live_neural): decode=0.1ms, inference=26.9ms, second_pass=0.0ms, contention=0.0ms, TOTAL=27.2ms | audio=600ms, RTF=0.05x | model=enhanced_mel, neural_total=26.5ms, model_inference=13.7ms
[TIMING] EnhancedMel.transcribe: audio_to_gpu=0.4ms, features=0.6ms, model=14.4ms, decode=7.9ms | TOTAL=23.3ms for 4200ms audio (RTF=0.01x)
[TIMING] stream_chunk[experiment-3368eb5181e84e32bf9a1ade1c418086](live_neural): decode=0.1ms, inference=26.2ms, second_pass=0.0ms, contention=0.0ms, TOTAL=26.6ms | audio=600ms, RTF=0.04x | model=enhanced_mel, neural_total=25.7ms, model_inference=14.4ms
[TIMING] EnhancedMel.transcribe: audio_to_gpu=0.3ms, features=0.5ms, model=14.6ms, decode=8.0ms | TOTAL=23.4ms for 4200ms audio (RTF=0.01x)
[TIMING] stream_chunk[experiment-3368eb5181e84e32bf9a1ade1c418086](live_neural): decode=0.1ms, inference=26.3ms, second_pass=0.0ms, contention=0.0ms, TOTAL=26.7ms | audio=600ms, RTF=0.04x | model=enhanced_mel, neural_total=25.8ms, model_inference=14.6ms
[TIMING] EnhancedMel.transcribe: audio_to_gpu=0.3ms, features=0.6ms, model=14.4ms, decode=7.9ms | TOTAL=23.2ms for 4200ms audio (RTF=0.01x)
[TIMING] stream_chunk[experiment-3368eb5181e84e32bf9a1ade1c418086](live_neural): decode=0.1ms, inference=27.8ms, second_pass=0.0ms, contention=0.0ms, TOTAL=28.1ms | audio=600ms, RTF=0.05x | model=enhanced_mel, neural_total=26.3ms, model_inference=14.4ms
[TIMING] EnhancedMel.transcribe: audio_to_gpu=0.3ms, features=0.5ms, model=13.8ms, decode=9.4ms | TOTAL=24.0ms for 4200ms audio (RTF=0.01x)
[TIMING] stream_chunk[experiment-3368eb5181e84e32bf9a1ade1c418086](live_neural): decode=0.1ms, inference=26.9ms, second_pass=0.0ms, contention=0.0ms, TOTAL=27.3ms | audio=600ms, RTF=0.05x | model=enhanced_mel, neural_total=26.5ms, model_inference=13.8ms
[TIMING] EnhancedMel.transcribe: audio_to_gpu=0.4ms, features=0.7ms, model=10.9ms, decode=1.8ms | TOTAL=13.9ms for 600ms audio (RTF=0.02x)
[TIMING] stream_chunk[experiment-467328807fa54da6b0bf3e12638e1892](live_neural): decode=0.2ms, inference=15.7ms, second_pass=0.0ms, contention=0.0ms, TOTAL=15.9ms | audio=600ms, RTF=0.03x | model=enhanced_mel, neural_total=15.2ms, model_inference=10.9ms
[TIMING] EnhancedMel.transcribe: audio_to_gpu=0.2ms, features=0.4ms, model=10.0ms, decode=2.5ms | TOTAL=13.1ms for 1200ms audio (RTF=0.01x)
[TIMING] stream_chunk[experiment-467328807fa54da6b0bf3e12638e1892](live_neural): decode=0.1ms, inference=14.8ms, second_pass=0.0ms, contention=0.0ms, TOTAL=15.0ms | audio=600ms, RTF=0.03x | model=enhanced_mel, neural_total=14.5ms, model_inference=10.0ms
[TIMING] EnhancedMel.transcribe: audio_to_gpu=0.2ms, features=0.4ms, model=12.2ms, decode=3.4ms | TOTAL=16.1ms for 1800ms audio (RTF=0.01x)
[TIMING] stream_chunk[experiment-467328807fa54da6b0bf3e12638e1892](live_neural): decode=0.1ms, inference=18.2ms, second_pass=0.0ms, contention=0.0ms, TOTAL=18.4ms | audio=600ms, RTF=0.03x | model=enhanced_mel, neural_total=17.7ms, model_inference=12.2ms
[TIMING] EnhancedMel.transcribe: audio_to_gpu=0.2ms, features=0.5ms, model=13.3ms, decode=4.6ms | TOTAL=18.6ms for 2400ms audio (RTF=0.01x)
[TIMING] stream_chunk[experiment-467328807fa54da6b0bf3e12638e1892](live_neural): decode=0.1ms, inference=20.9ms, second_pass=0.0ms, contention=0.0ms, TOTAL=21.1ms | audio=600ms, RTF=0.04x | model=enhanced_mel, neural_total=20.4ms, model_inference=13.3ms
[TIMING] EnhancedMel.transcribe: audio_to_gpu=0.3ms, features=0.5ms, model=14.0ms, decode=5.6ms | TOTAL=20.4ms for 3000ms audio (RTF=0.01x)
[TIMING] stream_chunk[experiment-467328807fa54da6b0bf3e12638e1892](live_neural): decode=0.1ms, inference=23.9ms, second_pass=0.0ms, contention=0.0ms, TOTAL=24.2ms | audio=600ms, RTF=0.04x | model=enhanced_mel, neural_total=22.5ms, model_inference=14.0ms
[TIMING] EnhancedMel.transcribe: audio_to_gpu=0.3ms, features=0.6ms, model=13.5ms, decode=7.3ms | TOTAL=21.7ms for 3600ms audio (RTF=0.01x)
[TIMING] stream_chunk[experiment-467328807fa54da6b0bf3e12638e1892](live_neural): decode=0.1ms, inference=24.4ms, second_pass=0.0ms, contention=0.0ms, TOTAL=24.7ms | audio=600ms, RTF=0.04x | model=enhanced_mel, neural_total=23.9ms, model_inference=13.5ms
[TIMING] EnhancedMel.transcribe: audio_to_gpu=0.3ms, features=1.2ms, model=14.8ms, decode=7.9ms | TOTAL=24.1ms for 4200ms audio (RTF=0.01x)
[TIMING] stream_chunk[experiment-467328807fa54da6b0bf3e12638e1892](live_neural): decode=0.1ms, inference=26.8ms, second_pass=0.0ms, contention=0.0ms, TOTAL=27.2ms | audio=600ms, RTF=0.05x | model=enhanced_mel, neural_total=26.4ms, model_inference=14.8ms
[TIMING] EnhancedMel.transcribe: audio_to_gpu=0.4ms, features=0.7ms, model=17.5ms, decode=8.2ms | TOTAL=26.7ms for 4200ms audio (RTF=0.01x)
[TIMING] stream_chunk[experiment-467328807fa54da6b0bf3e12638e1892](live_neural): decode=0.2ms, inference=29.9ms, second_pass=0.0ms, contention=0.0ms, TOTAL=30.4ms | audio=600ms, RTF=0.05x | model=enhanced_mel, neural_total=29.5ms, model_inference=17.5ms
[TIMING] EnhancedMel.transcribe: audio_to_gpu=0.3ms, features=0.6ms, model=13.8ms, decode=8.0ms | TOTAL=22.7ms for 4200ms audio (RTF=0.01x)
[TIMING] stream_chunk[experiment-467328807fa54da6b0bf3e12638e1892](live_neural): decode=0.1ms, inference=25.3ms, second_pass=0.0ms, contention=0.0ms, TOTAL=25.7ms | audio=600ms, RTF=0.04x | model=enhanced_mel, neural_total=25.0ms, model_inference=13.8ms
[TIMING] EnhancedMel.transcribe: audio_to_gpu=0.3ms, features=0.5ms, model=14.1ms, decode=8.0ms | TOTAL=22.9ms for 4200ms audio (RTF=0.01x)
[TIMING] stream_chunk[experiment-467328807fa54da6b0bf3e12638e1892](live_neural): decode=0.1ms, inference=25.9ms, second_pass=0.0ms, contention=0.0ms, TOTAL=26.4ms | audio=600ms, RTF=0.04x | model=enhanced_mel, neural_total=25.4ms, model_inference=14.1ms

[CLIP_029] Concert Etude "Waldesrauschen"
  excerpt: start=42.00s end=48.00s duration=6.00s gt_notes=107 rms=0.0942 peak=0.4380 crest=4.650 rms_std=0.0186
    control:
      note metrics: precision=0.915 recall=0.907 f1=0.911 matched=97/107 pred=106
      strict onset f1: 10ms=0.742 20ms=0.901 30ms=0.911
      timing metrics: offset_f1=0.854 rhythm_precision=0.938 note_value_acc=0.186 note_value_n=97 avg_beat_error=0.113
      duplicate metrics: duplicates=4 per_100_notes=3.77
      boundary metrics: gt=34 matched=31 missed=3 miss_rate=0.088
      latency: avg_chunk_ms=22.98 p95_chunk_ms=27.75 avg_rtf=0.038
      notation metrics: first_correct_ms=44.0 visible_p50_ms=356.0 visible_p95_ms=604.5 stabilize_p50_ms=1190.5 stabilize_p95_ms=1917.0 avg_revisions=1.56 matched=43 refined=43 snapshots=20
      algorithmic latency: first_correct_ms=15.9 visible_p50_ms=336.5 visible_p95_ms=580.5 stabilize_p50_ms=746.4 stabilize_p95_ms=1531.4
      final display note metrics: precision=0.942 recall=0.907 f1=0.924 matched=97/107 pred=103
      final display strict onset f1: 10ms=0.752 20ms=0.914 30ms=0.924
      final display timing: offset_f1=0.867 rhythm_precision=0.938 note_value_acc=0.402 note_value_n=97 avg_beat_error=0.100
      final display structure: cluster_f1=0.730 onset_align_recall=0.915 avg_jaccard=0.904 exact=42/59 pred=56 over=6 under=6 pitch_conflicts=0 missed_gt=5
      threshold profiles: hit_rate=0.000 thresholds=[0.7] profiles={'fixed_baseline': 10}
    treatment:
      note metrics: precision=0.915 recall=0.907 f1=0.911 matched=97/107 pred=106
      strict onset f1: 10ms=0.742 20ms=0.901 30ms=0.911
      timing metrics: offset_f1=0.854 rhythm_precision=0.938 note_value_acc=0.186 note_value_n=97 avg_beat_error=0.113
      duplicate metrics: duplicates=4 per_100_notes=3.77
      boundary metrics: gt=34 matched=31 missed=3 miss_rate=0.088
      latency: avg_chunk_ms=22.91 p95_chunk_ms=28.97 avg_rtf=0.038
      notation metrics: first_correct_ms=41.5 visible_p50_ms=354.9 visible_p95_ms=605.0 stabilize_p50_ms=1189.9 stabilize_p95_ms=1916.5 avg_revisions=1.56 matched=43 refined=43 snapshots=20
      algorithmic latency: first_correct_ms=15.9 visible_p50_ms=336.5 visible_p95_ms=580.5 stabilize_p50_ms=746.4 stabilize_p95_ms=1531.4
      final display note metrics: precision=0.942 recall=0.907 f1=0.924 matched=97/107 pred=103
      final display strict onset f1: 10ms=0.752 20ms=0.914 30ms=0.924
      final display timing: offset_f1=0.867 rhythm_precision=0.938 note_value_acc=0.402 note_value_n=97 avg_beat_error=0.100
      final display structure: cluster_f1=0.730 onset_align_recall=0.915 avg_jaccard=0.904 exact=42/59 pred=56 over=6 under=6 pitch_conflicts=0 missed_gt=5
      threshold profiles: hit_rate=0.000 thresholds=[0.7] profiles={'baseline_nominal': 10}
    delta treatment-control: precision=+0.000 recall=+0.000 f1=+0.000 offset_f1=+0.000 note_value_acc=+0.000 dup_per_100=+0.00 boundary_miss_rate=+0.000 p95_chunk_ms=+1.22 f1_10ms=+0.000 f1_20ms=+0.000 f1_30ms=+0.000 visible_p50_ms=-1.1 stabilize_p50_ms=-0.5 algo_visible_p50_ms=+0.0 algo_stabilize_p50_ms=+0.0 avg_revisions=+0.00 display_note_f1=+0.000 display_offset_f1=+0.000 display_cluster_f1=+0.000 display_cluster_jaccard=+0.000
    failure buckets: ['boundary_miss_failure', 'high_revision_slow_stabilization', 'note_value_offset_failure']
      boundary diagnostics: missed=3 by_arm={'control': 3, 'treatment': 3} tags={'control_boundary_miss': 3, 'no_control_coarse_candidate': 3}
        miss: pitch=87 onset=1.836s boundary_delta_ms=+35.9 control_coarse=False treatment_coarse=False retro=n/a
        miss: pitch=60 onset=2.947s boundary_delta_ms=-53.4 control_coarse=False treatment_coarse=False retro=n/a
        miss: pitch=76 onset=5.988s boundary_delta_ms=-11.7 control_coarse=False treatment_coarse=False retro=n/a
[TIMING] EnhancedMel.transcribe: audio_to_gpu=0.6ms, features=0.6ms, model=11.3ms, decode=1.3ms | TOTAL=13.8ms for 600ms audio (RTF=0.02x)
[TIMING] stream_chunk[experiment-330ff5947caf4a66ad912287991854a8](live_neural): decode=0.1ms, inference=16.4ms, second_pass=0.0ms, contention=0.0ms, TOTAL=16.6ms | audio=600ms, RTF=0.03x | model=enhanced_mel, neural_total=15.8ms, model_inference=11.3ms
[TIMING] EnhancedMel.transcribe: audio_to_gpu=0.2ms, features=0.3ms, model=11.6ms, decode=2.3ms | TOTAL=14.3ms for 1200ms audio (RTF=0.01x)
[TIMING] stream_chunk[experiment-330ff5947caf4a66ad912287991854a8](live_neural): decode=0.2ms, inference=16.0ms, second_pass=0.0ms, contention=0.0ms, TOTAL=16.3ms | audio=600ms, RTF=0.03x | model=enhanced_mel, neural_total=15.6ms, model_inference=11.6ms
[TIMING] EnhancedMel.transcribe: audio_to_gpu=0.3ms, features=0.5ms, model=11.0ms, decode=3.7ms | TOTAL=15.5ms for 1800ms audio (RTF=0.01x)
[TIMING] stream_chunk[experiment-330ff5947caf4a66ad912287991854a8](live_neural): decode=0.2ms, inference=18.7ms, second_pass=0.0ms, contention=0.0ms, TOTAL=19.1ms | audio=600ms, RTF=0.03x | model=enhanced_mel, neural_total=18.2ms, model_inference=11.0ms
[TIMING] EnhancedMel.transcribe: audio_to_gpu=0.3ms, features=0.5ms, model=11.2ms, decode=4.4ms | TOTAL=16.4ms for 2400ms audio (RTF=0.01x)
[TIMING] stream_chunk[experiment-330ff5947caf4a66ad912287991854a8](live_neural): decode=0.1ms, inference=18.8ms, second_pass=0.0ms, contention=0.0ms, TOTAL=19.1ms | audio=600ms, RTF=0.03x | model=enhanced_mel, neural_total=18.5ms, model_inference=11.2ms
[TIMING] EnhancedMel.transcribe: audio_to_gpu=0.2ms, features=0.4ms, model=13.4ms, decode=5.3ms | TOTAL=19.3ms for 3000ms audio (RTF=0.01x)
[TIMING] stream_chunk[experiment-330ff5947caf4a66ad912287991854a8](live_neural): decode=0.1ms, inference=21.5ms, second_pass=0.0ms, contention=0.0ms, TOTAL=21.8ms | audio=600ms, RTF=0.04x | model=enhanced_mel, neural_total=21.2ms, model_inference=13.4ms
[TIMING] EnhancedMel.transcribe: audio_to_gpu=0.3ms, features=0.5ms, model=12.7ms, decode=8.8ms | TOTAL=22.3ms for 3600ms audio (RTF=0.01x)
[TIMING] stream_chunk[experiment-330ff5947caf4a66ad912287991854a8](live_neural): decode=0.2ms, inference=25.0ms, second_pass=0.0ms, contention=0.0ms, TOTAL=25.3ms | audio=600ms, RTF=0.04x | model=enhanced_mel, neural_total=24.6ms, model_inference=12.7ms
[TIMING] EnhancedMel.transcribe: audio_to_gpu=0.3ms, features=0.5ms, model=14.2ms, decode=7.7ms | TOTAL=22.7ms for 4200ms audio (RTF=0.01x)
[TIMING] stream_chunk[experiment-330ff5947caf4a66ad912287991854a8](live_neural): decode=0.2ms, inference=25.5ms, second_pass=0.0ms, contention=0.0ms, TOTAL=25.9ms | audio=600ms, RTF=0.04x | model=enhanced_mel, neural_total=25.1ms, model_inference=14.2ms
[TIMING] EnhancedMel.transcribe: audio_to_gpu=0.3ms, features=0.5ms, model=20.4ms, decode=7.8ms | TOTAL=29.0ms for 4200ms audio (RTF=0.01x)
[TIMING] stream_chunk[experiment-330ff5947caf4a66ad912287991854a8](live_neural): decode=0.1ms, inference=31.9ms, second_pass=0.0ms, contention=0.0ms, TOTAL=32.2ms | audio=600ms, RTF=0.05x | model=enhanced_mel, neural_total=31.5ms, model_inference=20.4ms
[TIMING] EnhancedMel.transcribe: audio_to_gpu=0.4ms, features=0.7ms, model=18.3ms, decode=8.7ms | TOTAL=28.1ms for 4200ms audio (RTF=0.01x)
[TIMING] stream_chunk[experiment-330ff5947caf4a66ad912287991854a8](live_neural): decode=0.1ms, inference=31.0ms, second_pass=0.0ms, contention=0.0ms, TOTAL=31.3ms | audio=600ms, RTF=0.05x | model=enhanced_mel, neural_total=30.5ms, model_inference=18.3ms
[TIMING] EnhancedMel.transcribe: audio_to_gpu=0.3ms, features=0.5ms, model=13.8ms, decode=7.9ms | TOTAL=22.5ms for 4200ms audio (RTF=0.01x)
[TIMING] stream_chunk[experiment-330ff5947caf4a66ad912287991854a8](live_neural): decode=0.1ms, inference=26.5ms, second_pass=0.0ms, contention=0.0ms, TOTAL=26.9ms | audio=600ms, RTF=0.04x | model=enhanced_mel, neural_total=26.1ms, model_inference=13.8ms
[TIMING] EnhancedMel.transcribe: audio_to_gpu=0.6ms, features=0.8ms, model=13.4ms, decode=1.3ms | TOTAL=16.2ms for 600ms audio (RTF=0.03x)
[TIMING] stream_chunk[experiment-d703acae783b47ed96ce0b4cce01f7e5](live_neural): decode=0.1ms, inference=18.0ms, second_pass=0.0ms, contention=0.0ms, TOTAL=18.2ms | audio=600ms, RTF=0.03x | model=enhanced_mel, neural_total=17.5ms, model_inference=13.4ms
[TIMING] EnhancedMel.transcribe: audio_to_gpu=0.1ms, features=0.4ms, model=10.6ms, decode=2.3ms | TOTAL=13.4ms for 1200ms audio (RTF=0.01x)
[TIMING] stream_chunk[experiment-d703acae783b47ed96ce0b4cce01f7e5](live_neural): decode=0.1ms, inference=15.1ms, second_pass=0.0ms, contention=0.0ms, TOTAL=15.3ms | audio=600ms, RTF=0.03x | model=enhanced_mel, neural_total=14.8ms, model_inference=10.6ms
[TIMING] EnhancedMel.transcribe: audio_to_gpu=0.2ms, features=0.5ms, model=12.6ms, decode=3.3ms | TOTAL=16.6ms for 1800ms audio (RTF=0.01x)
[TIMING] stream_chunk[experiment-d703acae783b47ed96ce0b4cce01f7e5](live_neural): decode=0.1ms, inference=18.8ms, second_pass=0.0ms, contention=0.0ms, TOTAL=19.0ms | audio=600ms, RTF=0.03x | model=enhanced_mel, neural_total=18.4ms, model_inference=12.6ms
[TIMING] EnhancedMel.transcribe: audio_to_gpu=0.3ms, features=0.5ms, model=11.1ms, decode=5.2ms | TOTAL=17.2ms for 2400ms audio (RTF=0.01x)
[TIMING] stream_chunk[experiment-d703acae783b47ed96ce0b4cce01f7e5](live_neural): decode=0.2ms, inference=19.3ms, second_pass=0.0ms, contention=0.0ms, TOTAL=19.6ms | audio=600ms, RTF=0.03x | model=enhanced_mel, neural_total=19.0ms, model_inference=11.1ms
[TIMING] EnhancedMel.transcribe: audio_to_gpu=0.2ms, features=0.5ms, model=13.6ms, decode=5.3ms | TOTAL=19.6ms for 3000ms audio (RTF=0.01x)
[TIMING] stream_chunk[experiment-d703acae783b47ed96ce0b4cce01f7e5](live_neural): decode=0.1ms, inference=22.0ms, second_pass=0.0ms, contention=0.0ms, TOTAL=22.3ms | audio=600ms, RTF=0.04x | model=enhanced_mel, neural_total=21.5ms, model_inference=13.6ms
[TIMING] EnhancedMel.transcribe: audio_to_gpu=0.4ms, features=0.9ms, model=12.8ms, decode=6.4ms | TOTAL=20.4ms for 3600ms audio (RTF=0.01x)
[TIMING] stream_chunk[experiment-d703acae783b47ed96ce0b4cce01f7e5](live_neural): decode=0.2ms, inference=23.8ms, second_pass=0.0ms, contention=0.0ms, TOTAL=24.2ms | audio=600ms, RTF=0.04x | model=enhanced_mel, neural_total=23.4ms, model_inference=12.8ms
[TIMING] EnhancedMel.transcribe: audio_to_gpu=0.2ms, features=0.5ms, model=14.6ms, decode=8.3ms | TOTAL=23.6ms for 4200ms audio (RTF=0.01x)
[TIMING] stream_chunk[experiment-d703acae783b47ed96ce0b4cce01f7e5](live_neural): decode=0.2ms, inference=26.3ms, second_pass=0.0ms, contention=0.0ms, TOTAL=26.6ms | audio=600ms, RTF=0.04x | model=enhanced_mel, neural_total=25.9ms, model_inference=14.6ms
[TIMING] EnhancedMel.transcribe: audio_to_gpu=0.3ms, features=0.5ms, model=14.0ms, decode=8.9ms | TOTAL=23.7ms for 4200ms audio (RTF=0.01x)
[TIMING] stream_chunk[experiment-d703acae783b47ed96ce0b4cce01f7e5](live_neural): decode=0.1ms, inference=26.3ms, second_pass=0.0ms, contention=0.0ms, TOTAL=26.6ms | audio=600ms, RTF=0.04x | model=enhanced_mel, neural_total=25.9ms, model_inference=14.0ms
[TIMING] EnhancedMel.transcribe: audio_to_gpu=0.3ms, features=0.5ms, model=14.2ms, decode=7.9ms | TOTAL=22.9ms for 4200ms audio (RTF=0.01x)
[TIMING] stream_chunk[experiment-d703acae783b47ed96ce0b4cce01f7e5](live_neural): decode=0.1ms, inference=25.6ms, second_pass=0.0ms, contention=0.0ms, TOTAL=26.0ms | audio=600ms, RTF=0.04x | model=enhanced_mel, neural_total=25.3ms, model_inference=14.2ms
[TIMING] EnhancedMel.transcribe: audio_to_gpu=0.2ms, features=0.5ms, model=14.1ms, decode=7.9ms | TOTAL=22.8ms for 4200ms audio (RTF=0.01x)
[TIMING] stream_chunk[experiment-d703acae783b47ed96ce0b4cce01f7e5](live_neural): decode=0.1ms, inference=26.2ms, second_pass=0.0ms, contention=0.0ms, TOTAL=26.5ms | audio=600ms, RTF=0.04x | model=enhanced_mel, neural_total=25.7ms, model_inference=14.1ms

[CLIP_030] Fantasy in F-sharp Minor, Op. 28 (Complete)
  excerpt: start=75.00s end=81.00s duration=6.00s gt_notes=93 rms=0.0981 peak=0.6460 crest=6.582 rms_std=0.0429
    control:
      note metrics: precision=0.874 recall=0.968 f1=0.918 matched=90/93 pred=103
      strict onset f1: 10ms=0.816 20ms=0.908 30ms=0.918
      timing metrics: offset_f1=0.806 rhythm_precision=0.878 note_value_acc=0.300 note_value_n=90 avg_beat_error=0.192
      duplicate metrics: duplicates=1 per_100_notes=0.97
      boundary metrics: gt=23 matched=22 missed=1 miss_rate=0.043
      latency: avg_chunk_ms=23.44 p95_chunk_ms=31.80 avg_rtf=0.039
      notation metrics: first_correct_ms=30.1 visible_p50_ms=247.8 visible_p95_ms=495.3 stabilize_p50_ms=1897.2 stabilize_p95_ms=3585.1 avg_revisions=1.43 matched=14 refined=14 snapshots=17
      algorithmic latency: first_correct_ms=0.0 visible_p50_ms=218.2 visible_p95_ms=475.3 stabilize_p50_ms=1440.6 stabilize_p95_ms=3074.6
      final display note metrics: precision=0.896 recall=0.925 f1=0.910 matched=86/93 pred=96
      final display strict onset f1: 10ms=0.804 20ms=0.889 30ms=0.910
      final display timing: offset_f1=0.794 rhythm_precision=0.872 note_value_acc=0.186 note_value_n=86 avg_beat_error=0.270
      final display structure: cluster_f1=0.692 onset_align_recall=1.000 avg_jaccard=0.900 exact=18/25 pred=27 over=2 under=5 pitch_conflicts=0 missed_gt=0
      threshold profiles: hit_rate=0.000 thresholds=[0.7] profiles={'fixed_baseline': 10}
    treatment:
      note metrics: precision=0.874 recall=0.968 f1=0.918 matched=90/93 pred=103
      strict onset f1: 10ms=0.816 20ms=0.908 30ms=0.918
      timing metrics: offset_f1=0.806 rhythm_precision=0.878 note_value_acc=0.300 note_value_n=90 avg_beat_error=0.192
      duplicate metrics: duplicates=1 per_100_notes=0.97
      boundary metrics: gt=23 matched=22 missed=1 miss_rate=0.043
      latency: avg_chunk_ms=22.43 p95_chunk_ms=26.62 avg_rtf=0.037
      notation metrics: first_correct_ms=24.5 visible_p50_ms=244.8 visible_p95_ms=495.4 stabilize_p50_ms=1892.4 stabilize_p95_ms=3585.6 avg_revisions=1.43 matched=14 refined=14 snapshots=17
      algorithmic latency: first_correct_ms=0.0 visible_p50_ms=218.2 visible_p95_ms=475.3 stabilize_p50_ms=1440.6 stabilize_p95_ms=3074.6
      final display note metrics: precision=0.896 recall=0.925 f1=0.910 matched=86/93 pred=96
      final display strict onset f1: 10ms=0.804 20ms=0.889 30ms=0.910
      final display timing: offset_f1=0.794 rhythm_precision=0.872 note_value_acc=0.186 note_value_n=86 avg_beat_error=0.270
      final display structure: cluster_f1=0.692 onset_align_recall=1.000 avg_jaccard=0.900 exact=18/25 pred=27 over=2 under=5 pitch_conflicts=0 missed_gt=0
      threshold profiles: hit_rate=0.100 thresholds=[0.7, 0.72] profiles={'baseline_nominal': 9, 'loud_dense_precision': 1}
    delta treatment-control: precision=+0.000 recall=+0.000 f1=+0.000 offset_f1=+0.000 note_value_acc=+0.000 dup_per_100=+0.00 boundary_miss_rate=+0.000 p95_chunk_ms=-5.18 f1_10ms=+0.000 f1_20ms=+0.000 f1_30ms=+0.000 visible_p50_ms=-3.0 stabilize_p50_ms=-4.9 algo_visible_p50_ms=+0.0 algo_stabilize_p50_ms=+0.0 avg_revisions=+0.00 display_note_f1=+0.000 display_offset_f1=+0.000 display_cluster_f1=+0.000 display_cluster_jaccard=+0.000
    failure buckets: ['runtime_only_win', 'boundary_miss_failure', 'high_revision_slow_stabilization', 'note_value_offset_failure']
      boundary diagnostics: missed=1 by_arm={'control': 1, 'treatment': 1} tags={'control_boundary_miss': 1, 'no_control_coarse_candidate': 1}
        miss: pitch=57 onset=4.793s boundary_delta_ms=-7.3 control_coarse=False treatment_coarse=False retro=n/a
[TIMING] EnhancedMel.transcribe: audio_to_gpu=0.6ms, features=0.6ms, model=10.6ms, decode=1.1ms | TOTAL=12.9ms for 600ms audio (RTF=0.02x)
[TIMING] stream_chunk[experiment-53933f4fca3742b7a390cd7b4fe85376](live_neural): decode=0.1ms, inference=14.7ms, second_pass=0.0ms, contention=0.0ms, TOTAL=14.9ms | audio=600ms, RTF=0.02x | model=enhanced_mel, neural_total=14.1ms, model_inference=10.6ms
[TIMING] EnhancedMel.transcribe: audio_to_gpu=0.2ms, features=0.4ms, model=10.1ms, decode=2.2ms | TOTAL=12.9ms for 1200ms audio (RTF=0.01x)
[TIMING] stream_chunk[experiment-53933f4fca3742b7a390cd7b4fe85376](live_neural): decode=0.1ms, inference=14.9ms, second_pass=0.0ms, contention=0.0ms, TOTAL=15.2ms | audio=600ms, RTF=0.03x | model=enhanced_mel, neural_total=14.4ms, model_inference=10.1ms
[TIMING] EnhancedMel.transcribe: audio_to_gpu=0.1ms, features=0.3ms, model=12.0ms, decode=3.3ms | TOTAL=15.7ms for 1800ms audio (RTF=0.01x)
[TIMING] stream_chunk[experiment-53933f4fca3742b7a390cd7b4fe85376](live_neural): decode=0.3ms, inference=17.7ms, second_pass=0.0ms, contention=0.0ms, TOTAL=18.1ms | audio=600ms, RTF=0.03x | model=enhanced_mel, neural_total=17.3ms, model_inference=12.0ms
[TIMING] EnhancedMel.transcribe: audio_to_gpu=0.1ms, features=0.4ms, model=12.4ms, decode=4.3ms | TOTAL=17.2ms for 2400ms audio (RTF=0.01x)
[TIMING] stream_chunk[experiment-53933f4fca3742b7a390cd7b4fe85376](live_neural): decode=0.2ms, inference=19.7ms, second_pass=0.0ms, contention=0.0ms, TOTAL=20.0ms | audio=600ms, RTF=0.03x | model=enhanced_mel, neural_total=19.1ms, model_inference=12.4ms
[TIMING] EnhancedMel.transcribe: audio_to_gpu=0.3ms, features=0.5ms, model=11.9ms, decode=5.5ms | TOTAL=18.2ms for 3000ms audio (RTF=0.01x)
[TIMING] stream_chunk[experiment-53933f4fca3742b7a390cd7b4fe85376](live_neural): decode=0.1ms, inference=20.7ms, second_pass=0.0ms, contention=0.0ms, TOTAL=21.1ms | audio=600ms, RTF=0.04x | model=enhanced_mel, neural_total=20.3ms, model_inference=11.9ms
[TIMING] EnhancedMel.transcribe: audio_to_gpu=0.2ms, features=1.8ms, model=13.0ms, decode=6.6ms | TOTAL=21.5ms for 3600ms audio (RTF=0.01x)
[TIMING] stream_chunk[experiment-53933f4fca3742b7a390cd7b4fe85376](live_neural): decode=0.1ms, inference=25.3ms, second_pass=0.0ms, contention=0.0ms, TOTAL=25.7ms | audio=600ms, RTF=0.04x | model=enhanced_mel, neural_total=24.9ms, model_inference=13.0ms
[TIMING] EnhancedMel.transcribe: audio_to_gpu=0.9ms, features=0.5ms, model=14.0ms, decode=8.7ms | TOTAL=24.2ms for 4200ms audio (RTF=0.01x)
[TIMING] stream_chunk[experiment-53933f4fca3742b7a390cd7b4fe85376](live_neural): decode=0.1ms, inference=28.1ms, second_pass=0.0ms, contention=0.0ms, TOTAL=28.5ms | audio=600ms, RTF=0.05x | model=enhanced_mel, neural_total=27.6ms, model_inference=14.0ms
[TIMING] EnhancedMel.transcribe: audio_to_gpu=0.3ms, features=0.5ms, model=14.3ms, decode=8.6ms | TOTAL=23.7ms for 4200ms audio (RTF=0.01x)
[TIMING] stream_chunk[experiment-53933f4fca3742b7a390cd7b4fe85376](live_neural): decode=0.1ms, inference=26.7ms, second_pass=0.0ms, contention=0.0ms, TOTAL=27.0ms | audio=600ms, RTF=0.05x | model=enhanced_mel, neural_total=26.3ms, model_inference=14.3ms
[TIMING] EnhancedMel.transcribe: audio_to_gpu=0.3ms, features=2.1ms, model=16.9ms, decode=8.2ms | TOTAL=27.4ms for 4200ms audio (RTF=0.01x)
[TIMING] stream_chunk[experiment-53933f4fca3742b7a390cd7b4fe85376](live_neural): decode=0.1ms, inference=31.0ms, second_pass=0.0ms, contention=0.0ms, TOTAL=31.4ms | audio=600ms, RTF=0.05x | model=enhanced_mel, neural_total=30.5ms, model_inference=16.9ms
[TIMING] EnhancedMel.transcribe: audio_to_gpu=0.2ms, features=0.5ms, model=14.2ms, decode=8.5ms | TOTAL=23.3ms for 4200ms audio (RTF=0.01x)
[TIMING] stream_chunk[experiment-53933f4fca3742b7a390cd7b4fe85376](live_neural): decode=0.1ms, inference=26.2ms, second_pass=0.0ms, contention=0.0ms, TOTAL=26.6ms | audio=600ms, RTF=0.04x | model=enhanced_mel, neural_total=25.7ms, model_inference=14.2ms
[TIMING] EnhancedMel.transcribe: audio_to_gpu=0.4ms, features=0.6ms, model=10.4ms, decode=1.1ms | TOTAL=12.4ms for 600ms audio (RTF=0.02x)
[TIMING] stream_chunk[experiment-f4b8f1d5ce14457e8ff60e6bf832eab1](live_neural): decode=0.2ms, inference=14.7ms, second_pass=0.0ms, contention=0.0ms, TOTAL=14.9ms | audio=600ms, RTF=0.02x | model=enhanced_mel, neural_total=14.3ms, model_inference=10.4ms
[TIMING] EnhancedMel.transcribe: audio_to_gpu=0.1ms, features=0.8ms, model=10.1ms, decode=2.3ms | TOTAL=13.3ms for 1200ms audio (RTF=0.01x)
[TIMING] stream_chunk[experiment-f4b8f1d5ce14457e8ff60e6bf832eab1](live_neural): decode=0.2ms, inference=14.8ms, second_pass=0.0ms, contention=0.0ms, TOTAL=15.0ms | audio=600ms, RTF=0.03x | model=enhanced_mel, neural_total=14.5ms, model_inference=10.1ms
[TIMING] EnhancedMel.transcribe: audio_to_gpu=0.1ms, features=0.5ms, model=10.7ms, decode=3.2ms | TOTAL=14.5ms for 1800ms audio (RTF=0.01x)
[TIMING] stream_chunk[experiment-f4b8f1d5ce14457e8ff60e6bf832eab1](live_neural): decode=0.1ms, inference=17.2ms, second_pass=0.0ms, contention=0.0ms, TOTAL=17.4ms | audio=600ms, RTF=0.03x | model=enhanced_mel, neural_total=16.8ms, model_inference=10.7ms
[TIMING] EnhancedMel.transcribe: audio_to_gpu=0.2ms, features=0.4ms, model=11.1ms, decode=4.3ms | TOTAL=15.9ms for 2400ms audio (RTF=0.01x)
[TIMING] stream_chunk[experiment-f4b8f1d5ce14457e8ff60e6bf832eab1](live_neural): decode=0.1ms, inference=18.0ms, second_pass=0.0ms, contention=0.0ms, TOTAL=18.2ms | audio=600ms, RTF=0.03x | model=enhanced_mel, neural_total=17.6ms, model_inference=11.1ms
[TIMING] EnhancedMel.transcribe: audio_to_gpu=0.3ms, features=0.5ms, model=11.9ms, decode=6.5ms | TOTAL=19.2ms for 3000ms audio (RTF=0.01x)
[TIMING] stream_chunk[experiment-f4b8f1d5ce14457e8ff60e6bf832eab1](live_neural): decode=0.1ms, inference=21.8ms, second_pass=0.0ms, contention=0.0ms, TOTAL=22.1ms | audio=600ms, RTF=0.04x | model=enhanced_mel, neural_total=21.4ms, model_inference=11.9ms
[TIMING] EnhancedMel.transcribe: audio_to_gpu=0.2ms, features=3.0ms, model=13.0ms, decode=7.6ms | TOTAL=23.8ms for 3600ms audio (RTF=0.01x)
[TIMING] stream_chunk[experiment-f4b8f1d5ce14457e8ff60e6bf832eab1](live_neural): decode=0.1ms, inference=26.2ms, second_pass=0.0ms, contention=0.0ms, TOTAL=26.6ms | audio=600ms, RTF=0.04x | model=enhanced_mel, neural_total=25.8ms, model_inference=13.0ms
[TIMING] EnhancedMel.transcribe: audio_to_gpu=0.3ms, features=0.5ms, model=14.2ms, decode=7.8ms | TOTAL=22.8ms for 4200ms audio (RTF=0.01x)
[TIMING] stream_chunk[experiment-f4b8f1d5ce14457e8ff60e6bf832eab1](live_neural): decode=0.1ms, inference=26.1ms, second_pass=0.0ms, contention=0.0ms, TOTAL=26.5ms | audio=600ms, RTF=0.04x | model=enhanced_mel, neural_total=25.6ms, model_inference=14.2ms
[TIMING] EnhancedMel.transcribe: audio_to_gpu=0.2ms, features=0.5ms, model=14.1ms, decode=11.0ms | TOTAL=25.8ms for 4200ms audio (RTF=0.01x)
[TIMING] stream_chunk[experiment-f4b8f1d5ce14457e8ff60e6bf832eab1](live_neural): decode=0.1ms, inference=28.9ms, second_pass=0.0ms, contention=0.0ms, TOTAL=29.3ms | audio=600ms, RTF=0.05x | model=enhanced_mel, neural_total=28.4ms, model_inference=14.1ms
[TIMING] EnhancedMel.transcribe: audio_to_gpu=0.5ms, features=2.8ms, model=15.0ms, decode=8.4ms | TOTAL=26.8ms for 4200ms audio (RTF=0.01x)
[TIMING] stream_chunk[experiment-f4b8f1d5ce14457e8ff60e6bf832eab1](live_neural): decode=0.1ms, inference=30.9ms, second_pass=0.0ms, contention=0.0ms, TOTAL=31.4ms | audio=600ms, RTF=0.05x | model=enhanced_mel, neural_total=30.3ms, model_inference=15.0ms
[TIMING] EnhancedMel.transcribe: audio_to_gpu=0.3ms, features=0.5ms, model=15.1ms, decode=8.2ms | TOTAL=24.1ms for 4200ms audio (RTF=0.01x)
[TIMING] stream_chunk[experiment-f4b8f1d5ce14457e8ff60e6bf832eab1](live_neural): decode=0.1ms, inference=27.8ms, second_pass=0.0ms, contention=0.0ms, TOTAL=28.2ms | audio=600ms, RTF=0.05x | model=enhanced_mel, neural_total=27.3ms, model_inference=15.1ms

[CLIP_031] Hungarian Rhapsody No. 9
  excerpt: start=18.00s end=24.00s duration=6.00s gt_notes=99 rms=0.0312 peak=0.2985 crest=9.571 rms_std=0.0160
    control:
      note metrics: precision=0.912 recall=0.939 f1=0.925 matched=93/99 pred=102
      strict onset f1: 10ms=0.736 20ms=0.925 30ms=0.925
      timing metrics: offset_f1=0.925 rhythm_precision=1.000 note_value_acc=0.935 note_value_n=93 avg_beat_error=0.005
      duplicate metrics: duplicates=3 per_100_notes=2.94
      boundary metrics: gt=32 matched=31 missed=1 miss_rate=0.031
      latency: avg_chunk_ms=22.85 p95_chunk_ms=30.10 avg_rtf=0.038
      notation metrics: first_correct_ms=85.3 visible_p50_ms=311.0 visible_p95_ms=499.1 stabilize_p50_ms=2673.4 stabilize_p95_ms=3619.7 avg_revisions=3.33 matched=6 refined=6 snapshots=16
      algorithmic latency: first_correct_ms=65.4 visible_p50_ms=290.6 visible_p95_ms=476.1 stabilize_p50_ms=2166.7 stabilize_p95_ms=3129.6
      final display note metrics: precision=0.939 recall=0.929 f1=0.934 matched=92/99 pred=98
      final display strict onset f1: 10ms=0.751 20ms=0.934 30ms=0.934
      final display timing: offset_f1=0.934 rhythm_precision=1.000 note_value_acc=0.935 note_value_n=92 avg_beat_error=0.057
      final display structure: cluster_f1=0.627 onset_align_recall=0.962 avg_jaccard=0.899 exact=16/26 pred=25 over=3 under=5 pitch_conflicts=1 missed_gt=1
      threshold profiles: hit_rate=0.000 thresholds=[0.7] profiles={'fixed_baseline': 10}
    treatment:
      note metrics: precision=0.912 recall=0.939 f1=0.925 matched=93/99 pred=102
      strict onset f1: 10ms=0.736 20ms=0.925 30ms=0.925
      timing metrics: offset_f1=0.925 rhythm_precision=1.000 note_value_acc=0.935 note_value_n=93 avg_beat_error=0.005
      duplicate metrics: duplicates=3 per_100_notes=2.94
      boundary metrics: gt=32 matched=31 missed=1 miss_rate=0.031
      latency: avg_chunk_ms=22.97 p95_chunk_ms=30.43 avg_rtf=0.038
      notation metrics: first_correct_ms=83.6 visible_p50_ms=311.5 visible_p95_ms=499.3 stabilize_p50_ms=2673.0 stabilize_p95_ms=3620.1 avg_revisions=3.33 matched=6 refined=6 snapshots=16
      algorithmic latency: first_correct_ms=65.4 visible_p50_ms=290.6 visible_p95_ms=476.1 stabilize_p50_ms=2166.7 stabilize_p95_ms=3129.6
      final display note metrics: precision=0.939 recall=0.929 f1=0.934 matched=92/99 pred=98
      final display strict onset f1: 10ms=0.751 20ms=0.934 30ms=0.934
      final display timing: offset_f1=0.934 rhythm_precision=1.000 note_value_acc=0.935 note_value_n=92 avg_beat_error=0.057
      final display structure: cluster_f1=0.627 onset_align_recall=0.962 avg_jaccard=0.899 exact=16/26 pred=25 over=3 under=5 pitch_conflicts=1 missed_gt=1
      threshold profiles: hit_rate=0.300 thresholds=[0.66, 0.7] profiles={'baseline_nominal': 7, 'soft_sparse_recall': 3}
    delta treatment-control: precision=+0.000 recall=+0.000 f1=+0.000 offset_f1=+0.000 note_value_acc=+0.000 dup_per_100=+0.00 boundary_miss_rate=+0.000 p95_chunk_ms=+0.33 f1_10ms=+0.000 f1_20ms=+0.000 f1_30ms=+0.000 visible_p50_ms=+0.4 stabilize_p50_ms=-0.4 algo_visible_p50_ms=+0.0 algo_stabilize_p50_ms=+0.0 avg_revisions=+0.00 display_note_f1=+0.000 display_offset_f1=+0.000 display_cluster_f1=+0.000 display_cluster_jaccard=+0.000
    failure buckets: ['boundary_miss_failure', 'high_revision_slow_stabilization']
      boundary diagnostics: missed=1 by_arm={'control': 1, 'treatment': 1} tags={'control_boundary_miss': 1, 'no_control_coarse_candidate': 1}
        miss: pitch=82 onset=4.102s boundary_delta_ms=-98.4 control_coarse=False treatment_coarse=False retro=n/a
[TIMING] EnhancedMel.transcribe: audio_to_gpu=0.5ms, features=0.6ms, model=10.1ms, decode=1.3ms | TOTAL=12.5ms for 600ms audio (RTF=0.02x)
[TIMING] stream_chunk[experiment-6da67fc3412f4f7c87d8c60c5c68f59a](live_neural): decode=0.1ms, inference=15.0ms, second_pass=0.0ms, contention=0.0ms, TOTAL=15.2ms | audio=600ms, RTF=0.03x | model=enhanced_mel, neural_total=14.5ms, model_inference=10.1ms
[TIMING] EnhancedMel.transcribe: audio_to_gpu=0.1ms, features=0.4ms, model=10.4ms, decode=2.4ms | TOTAL=13.4ms for 1200ms audio (RTF=0.01x)
[TIMING] stream_chunk[experiment-6da67fc3412f4f7c87d8c60c5c68f59a](live_neural): decode=0.1ms, inference=15.1ms, second_pass=0.0ms, contention=0.0ms, TOTAL=15.4ms | audio=600ms, RTF=0.03x | model=enhanced_mel, neural_total=14.7ms, model_inference=10.4ms
[TIMING] EnhancedMel.transcribe: audio_to_gpu=0.1ms, features=3.8ms, model=11.0ms, decode=3.4ms | TOTAL=18.2ms for 1800ms audio (RTF=0.01x)
[TIMING] stream_chunk[experiment-6da67fc3412f4f7c87d8c60c5c68f59a](live_neural): decode=0.1ms, inference=20.4ms, second_pass=0.0ms, contention=0.0ms, TOTAL=20.7ms | audio=600ms, RTF=0.03x | model=enhanced_mel, neural_total=19.9ms, model_inference=11.0ms
[TIMING] EnhancedMel.transcribe: audio_to_gpu=0.2ms, features=0.5ms, model=11.1ms, decode=4.7ms | TOTAL=16.4ms for 2400ms audio (RTF=0.01x)
[TIMING] stream_chunk[experiment-6da67fc3412f4f7c87d8c60c5c68f59a](live_neural): decode=0.1ms, inference=18.9ms, second_pass=0.0ms, contention=0.0ms, TOTAL=19.3ms | audio=600ms, RTF=0.03x | model=enhanced_mel, neural_total=18.5ms, model_inference=11.1ms
[TIMING] EnhancedMel.transcribe: audio_to_gpu=0.4ms, features=0.5ms, model=12.4ms, decode=5.6ms | TOTAL=18.8ms for 3000ms audio (RTF=0.01x)
[TIMING] stream_chunk[experiment-6da67fc3412f4f7c87d8c60c5c68f59a](live_neural): decode=0.1ms, inference=21.4ms, second_pass=0.0ms, contention=0.0ms, TOTAL=21.8ms | audio=600ms, RTF=0.04x | model=enhanced_mel, neural_total=20.7ms, model_inference=12.4ms
[TIMING] EnhancedMel.transcribe: audio_to_gpu=0.4ms, features=0.8ms, model=12.5ms, decode=6.5ms | TOTAL=20.3ms for 3600ms audio (RTF=0.01x)
[TIMING] stream_chunk[experiment-6da67fc3412f4f7c87d8c60c5c68f59a](live_neural): decode=0.1ms, inference=22.8ms, second_pass=0.0ms, contention=0.0ms, TOTAL=23.2ms | audio=600ms, RTF=0.04x | model=enhanced_mel, neural_total=22.5ms, model_inference=12.5ms
[TIMING] EnhancedMel.transcribe: audio_to_gpu=0.4ms, features=0.6ms, model=15.0ms, decode=9.6ms | TOTAL=25.5ms for 4200ms audio (RTF=0.01x)
[TIMING] stream_chunk[experiment-6da67fc3412f4f7c87d8c60c5c68f59a](live_neural): decode=0.1ms, inference=29.4ms, second_pass=0.0ms, contention=0.0ms, TOTAL=29.8ms | audio=600ms, RTF=0.05x | model=enhanced_mel, neural_total=28.9ms, model_inference=15.0ms
[TIMING] EnhancedMel.transcribe: audio_to_gpu=0.3ms, features=0.6ms, model=14.6ms, decode=8.0ms | TOTAL=23.5ms for 4200ms audio (RTF=0.01x)
[TIMING] stream_chunk[experiment-6da67fc3412f4f7c87d8c60c5c68f59a](live_neural): decode=0.1ms, inference=27.6ms, second_pass=0.0ms, contention=0.0ms, TOTAL=28.2ms | audio=600ms, RTF=0.05x | model=enhanced_mel, neural_total=27.1ms, model_inference=14.6ms
[TIMING] EnhancedMel.transcribe: audio_to_gpu=0.3ms, features=3.4ms, model=13.9ms, decode=8.0ms | TOTAL=25.7ms for 4200ms audio (RTF=0.01x)
[TIMING] stream_chunk[experiment-6da67fc3412f4f7c87d8c60c5c68f59a](live_neural): decode=0.1ms, inference=28.6ms, second_pass=0.0ms, contention=0.0ms, TOTAL=29.1ms | audio=600ms, RTF=0.05x | model=enhanced_mel, neural_total=28.1ms, model_inference=13.9ms
[TIMING] EnhancedMel.transcribe: audio_to_gpu=0.2ms, features=0.5ms, model=13.9ms, decode=8.2ms | TOTAL=22.8ms for 4200ms audio (RTF=0.01x)
[TIMING] stream_chunk[experiment-6da67fc3412f4f7c87d8c60c5c68f59a](live_neural): decode=0.1ms, inference=25.7ms, second_pass=0.0ms, contention=0.0ms, TOTAL=26.2ms | audio=600ms, RTF=0.04x | model=enhanced_mel, neural_total=25.3ms, model_inference=13.9ms
[TIMING] EnhancedMel.transcribe: audio_to_gpu=1.1ms, features=0.6ms, model=11.3ms, decode=1.3ms | TOTAL=14.3ms for 600ms audio (RTF=0.02x)
[TIMING] stream_chunk[experiment-4284235c651e470b96f525d9b35ef070](live_neural): decode=0.2ms, inference=16.3ms, second_pass=0.0ms, contention=0.0ms, TOTAL=16.6ms | audio=600ms, RTF=0.03x | model=enhanced_mel, neural_total=15.9ms, model_inference=11.3ms
[TIMING] EnhancedMel.transcribe: audio_to_gpu=0.2ms, features=0.3ms, model=10.2ms, decode=2.4ms | TOTAL=13.1ms for 1200ms audio (RTF=0.01x)
[TIMING] stream_chunk[experiment-4284235c651e470b96f525d9b35ef070](live_neural): decode=0.2ms, inference=15.8ms, second_pass=0.0ms, contention=0.0ms, TOTAL=16.2ms | audio=600ms, RTF=0.03x | model=enhanced_mel, neural_total=15.5ms, model_inference=10.2ms
[TIMING] EnhancedMel.transcribe: audio_to_gpu=0.1ms, features=3.3ms, model=12.7ms, decode=3.6ms | TOTAL=19.6ms for 1800ms audio (RTF=0.01x)
[TIMING] stream_chunk[experiment-4284235c651e470b96f525d9b35ef070](live_neural): decode=0.1ms, inference=21.8ms, second_pass=0.0ms, contention=0.0ms, TOTAL=22.1ms | audio=600ms, RTF=0.04x | model=enhanced_mel, neural_total=21.4ms, model_inference=12.7ms
[TIMING] EnhancedMel.transcribe: audio_to_gpu=0.4ms, features=0.6ms, model=12.1ms, decode=4.5ms | TOTAL=17.6ms for 2400ms audio (RTF=0.01x)
[TIMING] stream_chunk[experiment-4284235c651e470b96f525d9b35ef070](live_neural): decode=0.1ms, inference=20.2ms, second_pass=0.0ms, contention=0.0ms, TOTAL=20.5ms | audio=600ms, RTF=0.03x | model=enhanced_mel, neural_total=19.8ms, model_inference=12.1ms
[TIMING] EnhancedMel.transcribe: audio_to_gpu=0.3ms, features=0.6ms, model=11.7ms, decode=5.8ms | TOTAL=18.4ms for 3000ms audio (RTF=0.01x)
[TIMING] stream_chunk[experiment-4284235c651e470b96f525d9b35ef070](live_neural): decode=0.1ms, inference=21.4ms, second_pass=0.0ms, contention=0.0ms, TOTAL=21.8ms | audio=600ms, RTF=0.04x | model=enhanced_mel, neural_total=21.0ms, model_inference=11.7ms
[TIMING] EnhancedMel.transcribe: audio_to_gpu=0.3ms, features=0.5ms, model=14.0ms, decode=7.1ms | TOTAL=21.9ms for 3600ms audio (RTF=0.01x)
[TIMING] stream_chunk[experiment-4284235c651e470b96f525d9b35ef070](live_neural): decode=0.1ms, inference=25.6ms, second_pass=0.0ms, contention=0.0ms, TOTAL=26.1ms | audio=600ms, RTF=0.04x | model=enhanced_mel, neural_total=25.2ms, model_inference=14.0ms
[TIMING] EnhancedMel.transcribe: audio_to_gpu=0.3ms, features=1.3ms, model=14.3ms, decode=8.0ms | TOTAL=23.9ms for 4200ms audio (RTF=0.01x)
[TIMING] stream_chunk[experiment-4284235c651e470b96f525d9b35ef070](live_neural): decode=0.1ms, inference=26.8ms, second_pass=0.0ms, contention=0.0ms, TOTAL=27.2ms | audio=600ms, RTF=0.05x | model=enhanced_mel, neural_total=26.4ms, model_inference=14.3ms
[TIMING] EnhancedMel.transcribe: audio_to_gpu=0.3ms, features=0.5ms, model=13.9ms, decode=8.0ms | TOTAL=22.7ms for 4200ms audio (RTF=0.01x)
[TIMING] stream_chunk[experiment-4284235c651e470b96f525d9b35ef070](live_neural): decode=0.1ms, inference=25.8ms, second_pass=0.0ms, contention=0.0ms, TOTAL=26.5ms | audio=600ms, RTF=0.04x | model=enhanced_mel, neural_total=25.3ms, model_inference=13.9ms
[TIMING] EnhancedMel.transcribe: audio_to_gpu=0.3ms, features=2.6ms, model=13.7ms, decode=8.0ms | TOTAL=24.5ms for 4200ms audio (RTF=0.01x)
[TIMING] stream_chunk[experiment-4284235c651e470b96f525d9b35ef070](live_neural): decode=0.1ms, inference=28.3ms, second_pass=0.0ms, contention=0.0ms, TOTAL=28.8ms | audio=600ms, RTF=0.05x | model=enhanced_mel, neural_total=28.0ms, model_inference=13.7ms
[TIMING] EnhancedMel.transcribe: audio_to_gpu=0.2ms, features=0.5ms, model=13.6ms, decode=8.1ms | TOTAL=22.4ms for 4200ms audio (RTF=0.01x)
[TIMING] stream_chunk[experiment-4284235c651e470b96f525d9b35ef070](live_neural): decode=0.1ms, inference=26.7ms, second_pass=0.0ms, contention=0.0ms, TOTAL=27.4ms | audio=600ms, RTF=0.05x | model=enhanced_mel, neural_total=26.2ms, model_inference=13.6ms

[CLIP_032] Au bord d'une source
  excerpt: start=75.00s end=81.00s duration=6.00s gt_notes=122 rms=0.0265 peak=0.1431 crest=5.398 rms_std=0.0113
    control:
      note metrics: precision=0.983 recall=0.967 f1=0.975 matched=118/122 pred=120
      strict onset f1: 10ms=0.802 20ms=0.975 30ms=0.975
      timing metrics: offset_f1=0.876 rhythm_precision=0.898 note_value_acc=0.661 note_value_n=118 avg_beat_error=0.079
      duplicate metrics: duplicates=0 per_100_notes=0.00
      boundary metrics: gt=39 matched=36 missed=3 miss_rate=0.077
      latency: avg_chunk_ms=22.88 p95_chunk_ms=29.49 avg_rtf=0.038
      notation metrics: first_correct_ms=48.8 visible_p50_ms=238.1 visible_p95_ms=615.5 stabilize_p50_ms=607.0 stabilize_p95_ms=1876.3 avg_revisions=0.55 matched=22 refined=22 snapshots=19
      algorithmic latency: first_correct_ms=19.0 visible_p50_ms=220.2 visible_p95_ms=599.9 stabilize_p50_ms=589.7 stabilize_p95_ms=1515.5
      final display note metrics: precision=0.983 recall=0.967 f1=0.975 matched=118/122 pred=120
      final display strict onset f1: 10ms=0.802 20ms=0.975 30ms=0.975
      final display timing: offset_f1=0.876 rhythm_precision=0.898 note_value_acc=0.466 note_value_n=118 avg_beat_error=0.151
      final display structure: cluster_f1=0.897 onset_align_recall=1.000 avg_jaccard=0.963 exact=52/58 pred=58 over=2 under=4 pitch_conflicts=0 missed_gt=0
      threshold profiles: hit_rate=0.000 thresholds=[0.7] profiles={'fixed_baseline': 10}
    treatment:
      note metrics: precision=0.983 recall=0.967 f1=0.975 matched=118/122 pred=120
      strict onset f1: 10ms=0.802 20ms=0.975 30ms=0.975
      timing metrics: offset_f1=0.876 rhythm_precision=0.898 note_value_acc=0.661 note_value_n=118 avg_beat_error=0.079
      duplicate metrics: duplicates=0 per_100_notes=0.00
      boundary metrics: gt=39 matched=36 missed=3 miss_rate=0.077
      latency: avg_chunk_ms=23.32 p95_chunk_ms=28.18 avg_rtf=0.039
      notation metrics: first_correct_ms=46.2 visible_p50_ms=239.5 visible_p95_ms=616.3 stabilize_p50_ms=608.0 stabilize_p95_ms=1877.7 avg_revisions=0.55 matched=22 refined=22 snapshots=19
      algorithmic latency: first_correct_ms=19.0 visible_p50_ms=220.2 visible_p95_ms=599.9 stabilize_p50_ms=589.7 stabilize_p95_ms=1515.5
      final display note metrics: precision=0.983 recall=0.967 f1=0.975 matched=118/122 pred=120
      final display strict onset f1: 10ms=0.802 20ms=0.975 30ms=0.975
      final display timing: offset_f1=0.876 rhythm_precision=0.898 note_value_acc=0.466 note_value_n=118 avg_beat_error=0.151
      final display structure: cluster_f1=0.897 onset_align_recall=1.000 avg_jaccard=0.963 exact=52/58 pred=58 over=2 under=4 pitch_conflicts=0 missed_gt=0
      threshold profiles: hit_rate=0.700 thresholds=[0.66, 0.7] profiles={'baseline_nominal': 3, 'soft_sparse_recall': 7}
    delta treatment-control: precision=+0.000 recall=+0.000 f1=+0.000 offset_f1=+0.000 note_value_acc=+0.000 dup_per_100=+0.00 boundary_miss_rate=+0.000 p95_chunk_ms=-1.30 f1_10ms=+0.000 f1_20ms=+0.000 f1_30ms=+0.000 visible_p50_ms=+1.4 stabilize_p50_ms=+1.0 algo_visible_p50_ms=+0.0 algo_stabilize_p50_ms=+0.0 avg_revisions=+0.00 display_note_f1=+0.000 display_offset_f1=+0.000 display_cluster_f1=+0.000 display_cluster_jaccard=+0.000
    failure buckets: ['boundary_miss_failure', 'high_revision_slow_stabilization']
      boundary diagnostics: missed=3 by_arm={'control': 3, 'treatment': 3} tags={'control_boundary_miss': 3, 'no_control_coarse_candidate': 3}
        miss: pitch=82 onset=4.197s boundary_delta_ms=-3.4 control_coarse=False treatment_coarse=False retro=n/a
        miss: pitch=83 onset=4.276s boundary_delta_ms=+76.0 control_coarse=False treatment_coarse=False retro=n/a
        miss: pitch=76 onset=5.990s boundary_delta_ms=-10.4 control_coarse=False treatment_coarse=False retro=n/a
[TIMING] EnhancedMel.transcribe: audio_to_gpu=0.6ms, features=0.5ms, model=10.6ms, decode=1.5ms | TOTAL=13.2ms for 600ms audio (RTF=0.02x)
[TIMING] stream_chunk[experiment-56d6253415364ea081a13dca5fbb58f7](live_neural): decode=0.2ms, inference=16.2ms, second_pass=0.0ms, contention=0.0ms, TOTAL=16.4ms | audio=600ms, RTF=0.03x | model=enhanced_mel, neural_total=15.7ms, model_inference=10.6ms
[TIMING] EnhancedMel.transcribe: audio_to_gpu=0.2ms, features=2.8ms, model=10.6ms, decode=3.0ms | TOTAL=16.7ms for 1200ms audio (RTF=0.01x)
[TIMING] stream_chunk[experiment-56d6253415364ea081a13dca5fbb58f7](live_neural): decode=0.2ms, inference=19.7ms, second_pass=0.0ms, contention=0.0ms, TOTAL=20.0ms | audio=600ms, RTF=0.03x | model=enhanced_mel, neural_total=19.3ms, model_inference=10.6ms
[TIMING] EnhancedMel.transcribe: audio_to_gpu=0.2ms, features=0.5ms, model=11.0ms, decode=3.5ms | TOTAL=15.2ms for 1800ms audio (RTF=0.01x)
[TIMING] stream_chunk[experiment-56d6253415364ea081a13dca5fbb58f7](live_neural): decode=0.1ms, inference=17.2ms, second_pass=0.0ms, contention=0.0ms, TOTAL=17.4ms | audio=600ms, RTF=0.03x | model=enhanced_mel, neural_total=16.8ms, model_inference=11.0ms
[TIMING] EnhancedMel.transcribe: audio_to_gpu=0.2ms, features=0.4ms, model=12.2ms, decode=4.5ms | TOTAL=17.3ms for 2400ms audio (RTF=0.01x)
[TIMING] stream_chunk[experiment-56d6253415364ea081a13dca5fbb58f7](live_neural): decode=0.1ms, inference=19.6ms, second_pass=0.0ms, contention=0.0ms, TOTAL=19.9ms | audio=600ms, RTF=0.03x | model=enhanced_mel, neural_total=19.2ms, model_inference=12.2ms
[TIMING] EnhancedMel.transcribe: audio_to_gpu=0.3ms, features=0.5ms, model=12.7ms, decode=5.3ms | TOTAL=18.8ms for 3000ms audio (RTF=0.01x)
[TIMING] stream_chunk[experiment-56d6253415364ea081a13dca5fbb58f7](live_neural): decode=0.2ms, inference=21.4ms, second_pass=0.0ms, contention=0.0ms, TOTAL=21.6ms | audio=600ms, RTF=0.04x | model=enhanced_mel, neural_total=20.8ms, model_inference=12.7ms
[TIMING] EnhancedMel.transcribe: audio_to_gpu=0.2ms, features=0.4ms, model=21.6ms, decode=6.3ms | TOTAL=28.5ms for 3600ms audio (RTF=0.01x)
[TIMING] stream_chunk[experiment-56d6253415364ea081a13dca5fbb58f7](live_neural): decode=0.1ms, inference=31.2ms, second_pass=0.0ms, contention=0.0ms, TOTAL=31.5ms | audio=600ms, RTF=0.05x | model=enhanced_mel, neural_total=30.8ms, model_inference=21.6ms
[TIMING] EnhancedMel.transcribe: audio_to_gpu=0.2ms, features=0.5ms, model=16.0ms, decode=8.1ms | TOTAL=24.8ms for 4200ms audio (RTF=0.01x)
[TIMING] stream_chunk[experiment-56d6253415364ea081a13dca5fbb58f7](live_neural): decode=0.1ms, inference=27.9ms, second_pass=0.0ms, contention=0.0ms, TOTAL=28.3ms | audio=600ms, RTF=0.05x | model=enhanced_mel, neural_total=27.5ms, model_inference=16.0ms
[TIMING] EnhancedMel.transcribe: audio_to_gpu=0.3ms, features=0.6ms, model=16.3ms, decode=7.5ms | TOTAL=24.7ms for 4200ms audio (RTF=0.01x)
[TIMING] stream_chunk[experiment-56d6253415364ea081a13dca5fbb58f7](live_neural): decode=0.1ms, inference=28.3ms, second_pass=0.0ms, contention=0.0ms, TOTAL=28.6ms | audio=600ms, RTF=0.05x | model=enhanced_mel, neural_total=27.7ms, model_inference=16.3ms
[TIMING] EnhancedMel.transcribe: audio_to_gpu=0.3ms, features=0.6ms, model=16.2ms, decode=7.4ms | TOTAL=24.4ms for 4200ms audio (RTF=0.01x)
[TIMING] stream_chunk[experiment-56d6253415364ea081a13dca5fbb58f7](live_neural): decode=0.1ms, inference=27.0ms, second_pass=0.0ms, contention=0.0ms, TOTAL=27.3ms | audio=600ms, RTF=0.05x | model=enhanced_mel, neural_total=26.6ms, model_inference=16.2ms
[TIMING] EnhancedMel.transcribe: audio_to_gpu=0.3ms, features=0.5ms, model=16.1ms, decode=7.5ms | TOTAL=24.4ms for 4200ms audio (RTF=0.01x)
[TIMING] stream_chunk[experiment-56d6253415364ea081a13dca5fbb58f7](live_neural): decode=0.1ms, inference=27.1ms, second_pass=0.0ms, contention=0.0ms, TOTAL=27.5ms | audio=600ms, RTF=0.05x | model=enhanced_mel, neural_total=26.7ms, model_inference=16.1ms
[TIMING] EnhancedMel.transcribe: audio_to_gpu=0.5ms, features=0.7ms, model=11.3ms, decode=1.4ms | TOTAL=13.9ms for 600ms audio (RTF=0.02x)
[TIMING] stream_chunk[experiment-47f48c0ced6a4ac4b860d242a71b993e](live_neural): decode=0.1ms, inference=15.4ms, second_pass=0.0ms, contention=0.0ms, TOTAL=15.7ms | audio=600ms, RTF=0.03x | model=enhanced_mel, neural_total=15.1ms, model_inference=11.3ms
[TIMING] EnhancedMel.transcribe: audio_to_gpu=0.2ms, features=0.4ms, model=10.2ms, decode=2.5ms | TOTAL=13.3ms for 1200ms audio (RTF=0.01x)
[TIMING] stream_chunk[experiment-47f48c0ced6a4ac4b860d242a71b993e](live_neural): decode=0.2ms, inference=15.0ms, second_pass=0.0ms, contention=0.0ms, TOTAL=15.3ms | audio=600ms, RTF=0.03x | model=enhanced_mel, neural_total=14.6ms, model_inference=10.2ms
[TIMING] EnhancedMel.transcribe: audio_to_gpu=0.3ms, features=0.5ms, model=12.5ms, decode=3.6ms | TOTAL=16.9ms for 1800ms audio (RTF=0.01x)
[TIMING] stream_chunk[experiment-47f48c0ced6a4ac4b860d242a71b993e](live_neural): decode=0.1ms, inference=19.0ms, second_pass=0.0ms, contention=0.0ms, TOTAL=19.2ms | audio=600ms, RTF=0.03x | model=enhanced_mel, neural_total=18.4ms, model_inference=12.5ms
[TIMING] EnhancedMel.transcribe: audio_to_gpu=0.2ms, features=0.6ms, model=12.4ms, decode=4.6ms | TOTAL=17.8ms for 2400ms audio (RTF=0.01x)
[TIMING] stream_chunk[experiment-47f48c0ced6a4ac4b860d242a71b993e](live_neural): decode=0.1ms, inference=20.0ms, second_pass=0.0ms, contention=0.0ms, TOTAL=20.3ms | audio=600ms, RTF=0.03x | model=enhanced_mel, neural_total=19.6ms, model_inference=12.4ms
[TIMING] EnhancedMel.transcribe: audio_to_gpu=0.4ms, features=0.6ms, model=12.6ms, decode=5.5ms | TOTAL=19.2ms for 3000ms audio (RTF=0.01x)
[TIMING] stream_chunk[experiment-47f48c0ced6a4ac4b860d242a71b993e](live_neural): decode=0.2ms, inference=22.4ms, second_pass=0.0ms, contention=0.0ms, TOTAL=22.8ms | audio=600ms, RTF=0.04x | model=enhanced_mel, neural_total=21.9ms, model_inference=12.6ms
[TIMING] EnhancedMel.transcribe: audio_to_gpu=0.3ms, features=0.7ms, model=14.5ms, decode=6.8ms | TOTAL=22.3ms for 3600ms audio (RTF=0.01x)
[TIMING] stream_chunk[experiment-47f48c0ced6a4ac4b860d242a71b993e](live_neural): decode=0.1ms, inference=25.1ms, second_pass=0.0ms, contention=0.0ms, TOTAL=25.4ms | audio=600ms, RTF=0.04x | model=enhanced_mel, neural_total=24.7ms, model_inference=14.5ms
[TIMING] EnhancedMel.transcribe: audio_to_gpu=0.4ms, features=0.6ms, model=16.8ms, decode=8.3ms | TOTAL=26.0ms for 4200ms audio (RTF=0.01x)
[TIMING] stream_chunk[experiment-47f48c0ced6a4ac4b860d242a71b993e](live_neural): decode=0.1ms, inference=28.9ms, second_pass=0.0ms, contention=0.0ms, TOTAL=29.2ms | audio=600ms, RTF=0.05x | model=enhanced_mel, neural_total=28.5ms, model_inference=16.8ms
[TIMING] EnhancedMel.transcribe: audio_to_gpu=0.4ms, features=0.9ms, model=15.8ms, decode=7.6ms | TOTAL=24.7ms for 4200ms audio (RTF=0.01x)
[TIMING] stream_chunk[experiment-47f48c0ced6a4ac4b860d242a71b993e](live_neural): decode=0.1ms, inference=27.5ms, second_pass=0.0ms, contention=0.0ms, TOTAL=27.8ms | audio=600ms, RTF=0.05x | model=enhanced_mel, neural_total=27.0ms, model_inference=15.8ms
[TIMING] EnhancedMel.transcribe: audio_to_gpu=0.3ms, features=0.5ms, model=16.1ms, decode=7.6ms | TOTAL=24.5ms for 4200ms audio (RTF=0.01x)
[TIMING] stream_chunk[experiment-47f48c0ced6a4ac4b860d242a71b993e](live_neural): decode=0.1ms, inference=27.5ms, second_pass=0.0ms, contention=0.0ms, TOTAL=27.8ms | audio=600ms, RTF=0.05x | model=enhanced_mel, neural_total=27.1ms, model_inference=16.1ms
[TIMING] EnhancedMel.transcribe: audio_to_gpu=0.6ms, features=0.7ms, model=17.1ms, decode=7.6ms | TOTAL=26.0ms for 4200ms audio (RTF=0.01x)
[TIMING] stream_chunk[experiment-47f48c0ced6a4ac4b860d242a71b993e](live_neural): decode=0.1ms, inference=29.8ms, second_pass=0.0ms, contention=0.0ms, TOTAL=30.1ms | audio=600ms, RTF=0.05x | model=enhanced_mel, neural_total=29.4ms, model_inference=17.1ms

[CLIP_033] SuiteBergamasque
  excerpt: start=30.00s end=36.00s duration=6.00s gt_notes=90 rms=0.0930 peak=0.4669 crest=5.021 rms_std=0.0382
    control:
      note metrics: precision=0.777 recall=0.967 f1=0.861 matched=87/90 pred=112
      strict onset f1: 10ms=0.703 20ms=0.861 30ms=0.861
      timing metrics: offset_f1=0.653 rhythm_precision=0.759 note_value_acc=0.299 note_value_n=87 avg_beat_error=0.195
      duplicate metrics: duplicates=16 per_100_notes=14.29
      boundary metrics: gt=33 matched=32 missed=1 miss_rate=0.030
      latency: avg_chunk_ms=23.84 p95_chunk_ms=30.19 avg_rtf=0.040
      notation metrics: first_correct_ms=32.5 visible_p50_ms=333.5 visible_p95_ms=636.9 stabilize_p50_ms=1852.4 stabilize_p95_ms=3395.1 avg_revisions=2.69 matched=13 refined=13 snapshots=19
      algorithmic latency: first_correct_ms=1.0 visible_p50_ms=306.3 visible_p95_ms=619.5 stabilize_p50_ms=1350.8 stabilize_p95_ms=2858.8
      final display note metrics: precision=0.920 recall=0.900 f1=0.910 matched=81/90 pred=88
      final display strict onset f1: 10ms=0.719 20ms=0.888 30ms=0.888
      final display timing: offset_f1=0.685 rhythm_precision=0.753 note_value_acc=0.235 note_value_n=81 avg_beat_error=0.280
      final display structure: cluster_f1=0.723 onset_align_recall=0.955 avg_jaccard=0.937 exact=17/22 pred=25 over=0 under=4 pitch_conflicts=0 missed_gt=1
      threshold profiles: hit_rate=0.000 thresholds=[0.7] profiles={'fixed_baseline': 10}
    treatment:
      note metrics: precision=0.777 recall=0.967 f1=0.861 matched=87/90 pred=112
      strict onset f1: 10ms=0.703 20ms=0.861 30ms=0.861
      timing metrics: offset_f1=0.653 rhythm_precision=0.759 note_value_acc=0.299 note_value_n=87 avg_beat_error=0.195
      duplicate metrics: duplicates=16 per_100_notes=14.29
      boundary metrics: gt=33 matched=32 missed=1 miss_rate=0.030
      latency: avg_chunk_ms=23.36 p95_chunk_ms=29.65 avg_rtf=0.039
      notation metrics: first_correct_ms=26.5 visible_p50_ms=334.1 visible_p95_ms=638.7 stabilize_p50_ms=1853.6 stabilize_p95_ms=3393.3 avg_revisions=2.69 matched=13 refined=13 snapshots=19
      algorithmic latency: first_correct_ms=1.0 visible_p50_ms=306.3 visible_p95_ms=619.5 stabilize_p50_ms=1350.8 stabilize_p95_ms=2858.8
      final display note metrics: precision=0.920 recall=0.900 f1=0.910 matched=81/90 pred=88
      final display strict onset f1: 10ms=0.719 20ms=0.888 30ms=0.888
      final display timing: offset_f1=0.685 rhythm_precision=0.753 note_value_acc=0.235 note_value_n=81 avg_beat_error=0.280
      final display structure: cluster_f1=0.723 onset_align_recall=0.955 avg_jaccard=0.937 exact=17/22 pred=25 over=0 under=4 pitch_conflicts=0 missed_gt=1
      threshold profiles: hit_rate=0.200 thresholds=[0.7, 0.72] profiles={'baseline_nominal': 8, 'loud_dense_precision': 2}
    delta treatment-control: precision=+0.000 recall=+0.000 f1=+0.000 offset_f1=+0.000 note_value_acc=+0.000 dup_per_100=+0.00 boundary_miss_rate=+0.000 p95_chunk_ms=-0.54 f1_10ms=+0.000 f1_20ms=+0.000 f1_30ms=+0.000 visible_p50_ms=+0.5 stabilize_p50_ms=+1.2 algo_visible_p50_ms=+0.0 algo_stabilize_p50_ms=+0.0 avg_revisions=+0.00 display_note_f1=+0.000 display_offset_f1=+0.000 display_cluster_f1=+0.000 display_cluster_jaccard=+0.000
    failure buckets: ['boundary_miss_failure', 'high_revision_slow_stabilization', 'note_value_offset_failure']
      boundary diagnostics: missed=1 by_arm={'control': 1, 'treatment': 1} tags={'control_boundary_miss': 1, 'no_control_coarse_candidate': 1}
        miss: pitch=76 onset=4.204s boundary_delta_ms=+4.4 control_coarse=False treatment_coarse=False retro=n/a
[TIMING] EnhancedMel.transcribe: audio_to_gpu=0.4ms, features=0.6ms, model=11.9ms, decode=1.3ms | TOTAL=14.3ms for 600ms audio (RTF=0.02x)
[TIMING] stream_chunk[experiment-4ef545a272884491bbf67c015a1be2bc](live_neural): decode=0.1ms, inference=16.5ms, second_pass=0.0ms, contention=0.0ms, TOTAL=16.7ms | audio=600ms, RTF=0.03x | model=enhanced_mel, neural_total=16.1ms, model_inference=11.9ms
[TIMING] EnhancedMel.transcribe: audio_to_gpu=0.1ms, features=0.3ms, model=12.1ms, decode=2.4ms | TOTAL=14.9ms for 1200ms audio (RTF=0.01x)
[TIMING] stream_chunk[experiment-4ef545a272884491bbf67c015a1be2bc](live_neural): decode=0.1ms, inference=17.6ms, second_pass=0.0ms, contention=0.0ms, TOTAL=17.9ms | audio=600ms, RTF=0.03x | model=enhanced_mel, neural_total=16.5ms, model_inference=12.1ms
[TIMING] EnhancedMel.transcribe: audio_to_gpu=0.4ms, features=0.8ms, model=12.6ms, decode=3.3ms | TOTAL=17.2ms for 1800ms audio (RTF=0.01x)
[TIMING] stream_chunk[experiment-4ef545a272884491bbf67c015a1be2bc](live_neural): decode=0.1ms, inference=19.2ms, second_pass=0.0ms, contention=0.0ms, TOTAL=19.5ms | audio=600ms, RTF=0.03x | model=enhanced_mel, neural_total=18.8ms, model_inference=12.6ms
[TIMING] EnhancedMel.transcribe: audio_to_gpu=0.2ms, features=0.5ms, model=12.8ms, decode=4.6ms | TOTAL=18.1ms for 2400ms audio (RTF=0.01x)
[TIMING] stream_chunk[experiment-4ef545a272884491bbf67c015a1be2bc](live_neural): decode=0.1ms, inference=20.3ms, second_pass=0.0ms, contention=0.0ms, TOTAL=20.5ms | audio=600ms, RTF=0.03x | model=enhanced_mel, neural_total=19.8ms, model_inference=12.8ms
[TIMING] EnhancedMel.transcribe: audio_to_gpu=0.6ms, features=0.7ms, model=20.6ms, decode=5.5ms | TOTAL=27.4ms for 3000ms audio (RTF=0.01x)
[TIMING] stream_chunk[experiment-4ef545a272884491bbf67c015a1be2bc](live_neural): decode=0.1ms, inference=30.1ms, second_pass=0.0ms, contention=0.0ms, TOTAL=30.5ms | audio=600ms, RTF=0.05x | model=enhanced_mel, neural_total=29.7ms, model_inference=20.6ms
[TIMING] EnhancedMel.transcribe: audio_to_gpu=0.3ms, features=0.7ms, model=16.5ms, decode=6.3ms | TOTAL=23.8ms for 3600ms audio (RTF=0.01x)
[TIMING] stream_chunk[experiment-4ef545a272884491bbf67c015a1be2bc](live_neural): decode=0.1ms, inference=26.3ms, second_pass=0.0ms, contention=0.0ms, TOTAL=26.7ms | audio=600ms, RTF=0.04x | model=enhanced_mel, neural_total=25.9ms, model_inference=16.5ms
[TIMING] EnhancedMel.transcribe: audio_to_gpu=0.3ms, features=0.7ms, model=21.6ms, decode=7.4ms | TOTAL=30.1ms for 4200ms audio (RTF=0.01x)
[TIMING] stream_chunk[experiment-4ef545a272884491bbf67c015a1be2bc](live_neural): decode=0.1ms, inference=32.8ms, second_pass=0.0ms, contention=0.0ms, TOTAL=33.1ms | audio=600ms, RTF=0.06x | model=enhanced_mel, neural_total=32.4ms, model_inference=21.6ms
[TIMING] EnhancedMel.transcribe: audio_to_gpu=0.3ms, features=0.6ms, model=15.1ms, decode=7.6ms | TOTAL=23.5ms for 4200ms audio (RTF=0.01x)
[TIMING] stream_chunk[experiment-4ef545a272884491bbf67c015a1be2bc](live_neural): decode=0.1ms, inference=26.3ms, second_pass=0.0ms, contention=0.0ms, TOTAL=26.7ms | audio=600ms, RTF=0.04x | model=enhanced_mel, neural_total=25.9ms, model_inference=15.1ms
[TIMING] EnhancedMel.transcribe: audio_to_gpu=0.3ms, features=0.5ms, model=16.2ms, decode=8.1ms | TOTAL=25.1ms for 4200ms audio (RTF=0.01x)
[TIMING] stream_chunk[experiment-4ef545a272884491bbf67c015a1be2bc](live_neural): decode=0.2ms, inference=27.8ms, second_pass=0.0ms, contention=0.0ms, TOTAL=28.1ms | audio=600ms, RTF=0.05x | model=enhanced_mel, neural_total=27.4ms, model_inference=16.2ms
[TIMING] EnhancedMel.transcribe: audio_to_gpu=0.3ms, features=0.6ms, model=16.1ms, decode=7.6ms | TOTAL=24.6ms for 4200ms audio (RTF=0.01x)
[TIMING] stream_chunk[experiment-4ef545a272884491bbf67c015a1be2bc](live_neural): decode=0.1ms, inference=28.3ms, second_pass=0.0ms, contention=0.0ms, TOTAL=28.7ms | audio=600ms, RTF=0.05x | model=enhanced_mel, neural_total=27.9ms, model_inference=16.1ms
[TIMING] EnhancedMel.transcribe: audio_to_gpu=0.2ms, features=0.5ms, model=10.5ms, decode=1.3ms | TOTAL=12.6ms for 600ms audio (RTF=0.02x)
[TIMING] stream_chunk[experiment-595a760d853f4edf9adae856e80fe425](live_neural): decode=0.1ms, inference=14.2ms, second_pass=0.0ms, contention=0.0ms, TOTAL=14.4ms | audio=600ms, RTF=0.02x | model=enhanced_mel, neural_total=13.7ms, model_inference=10.5ms
[TIMING] EnhancedMel.transcribe: audio_to_gpu=0.2ms, features=0.7ms, model=14.6ms, decode=2.3ms | TOTAL=17.8ms for 1200ms audio (RTF=0.01x)
[TIMING] stream_chunk[experiment-595a760d853f4edf9adae856e80fe425](live_neural): decode=0.2ms, inference=19.8ms, second_pass=0.0ms, contention=0.0ms, TOTAL=20.1ms | audio=600ms, RTF=0.03x | model=enhanced_mel, neural_total=19.5ms, model_inference=14.6ms
[TIMING] EnhancedMel.transcribe: audio_to_gpu=0.2ms, features=0.4ms, model=12.6ms, decode=3.3ms | TOTAL=16.4ms for 1800ms audio (RTF=0.01x)
[TIMING] stream_chunk[experiment-595a760d853f4edf9adae856e80fe425](live_neural): decode=0.1ms, inference=19.1ms, second_pass=0.0ms, contention=0.0ms, TOTAL=19.3ms | audio=600ms, RTF=0.03x | model=enhanced_mel, neural_total=18.7ms, model_inference=12.6ms
[TIMING] EnhancedMel.transcribe: audio_to_gpu=0.3ms, features=0.7ms, model=15.4ms, decode=4.4ms | TOTAL=20.8ms for 2400ms audio (RTF=0.01x)
[TIMING] stream_chunk[experiment-595a760d853f4edf9adae856e80fe425](live_neural): decode=0.1ms, inference=22.8ms, second_pass=0.0ms, contention=0.0ms, TOTAL=23.1ms | audio=600ms, RTF=0.04x | model=enhanced_mel, neural_total=22.5ms, model_inference=15.4ms
[TIMING] EnhancedMel.transcribe: audio_to_gpu=0.2ms, features=0.5ms, model=12.6ms, decode=5.5ms | TOTAL=18.8ms for 3000ms audio (RTF=0.01x)
[TIMING] stream_chunk[experiment-595a760d853f4edf9adae856e80fe425](live_neural): decode=0.1ms, inference=21.2ms, second_pass=0.0ms, contention=0.0ms, TOTAL=21.5ms | audio=600ms, RTF=0.04x | model=enhanced_mel, neural_total=20.7ms, model_inference=12.6ms
[TIMING] EnhancedMel.transcribe: audio_to_gpu=0.3ms, features=0.5ms, model=14.3ms, decode=6.4ms | TOTAL=21.6ms for 3600ms audio (RTF=0.01x)
[TIMING] stream_chunk[experiment-595a760d853f4edf9adae856e80fe425](live_neural): decode=0.1ms, inference=24.9ms, second_pass=0.0ms, contention=0.0ms, TOTAL=25.2ms | audio=600ms, RTF=0.04x | model=enhanced_mel, neural_total=24.5ms, model_inference=14.3ms
[TIMING] EnhancedMel.transcribe: audio_to_gpu=0.4ms, features=0.7ms, model=16.6ms, decode=7.5ms | TOTAL=25.2ms for 4200ms audio (RTF=0.01x)
[TIMING] stream_chunk[experiment-595a760d853f4edf9adae856e80fe425](live_neural): decode=0.1ms, inference=27.9ms, second_pass=0.0ms, contention=0.0ms, TOTAL=28.2ms | audio=600ms, RTF=0.05x | model=enhanced_mel, neural_total=27.5ms, model_inference=16.6ms
[TIMING] EnhancedMel.transcribe: audio_to_gpu=0.3ms, features=0.5ms, model=20.5ms, decode=7.7ms | TOTAL=29.0ms for 4200ms audio (RTF=0.01x)
[TIMING] stream_chunk[experiment-595a760d853f4edf9adae856e80fe425](live_neural): decode=0.1ms, inference=31.8ms, second_pass=0.0ms, contention=0.0ms, TOTAL=32.1ms | audio=600ms, RTF=0.05x | model=enhanced_mel, neural_total=31.3ms, model_inference=20.5ms
[TIMING] EnhancedMel.transcribe: audio_to_gpu=0.2ms, features=0.5ms, model=15.1ms, decode=8.8ms | TOTAL=24.7ms for 4200ms audio (RTF=0.01x)
[TIMING] stream_chunk[experiment-595a760d853f4edf9adae856e80fe425](live_neural): decode=0.1ms, inference=27.5ms, second_pass=0.0ms, contention=0.0ms, TOTAL=27.9ms | audio=600ms, RTF=0.05x | model=enhanced_mel, neural_total=27.1ms, model_inference=15.1ms
[TIMING] EnhancedMel.transcribe: audio_to_gpu=0.4ms, features=0.8ms, model=16.1ms, decode=7.6ms | TOTAL=24.9ms for 4200ms audio (RTF=0.01x)
[TIMING] stream_chunk[experiment-595a760d853f4edf9adae856e80fe425](live_neural): decode=0.1ms, inference=27.9ms, second_pass=0.0ms, contention=0.0ms, TOTAL=28.3ms | audio=600ms, RTF=0.05x | model=enhanced_mel, neural_total=27.4ms, model_inference=16.1ms

[CLIP_034] Sonata K. 525
  excerpt: start=15.00s end=21.00s duration=6.00s gt_notes=84 rms=0.0631 peak=0.5078 crest=8.050 rms_std=0.0358
    control:
      note metrics: precision=0.905 recall=0.905 f1=0.905 matched=76/84 pred=84
      strict onset f1: 10ms=0.786 20ms=0.905 30ms=0.905
      timing metrics: offset_f1=0.833 rhythm_precision=0.921 note_value_acc=0.645 note_value_n=76 avg_beat_error=0.124
      duplicate metrics: duplicates=1 per_100_notes=1.19
      boundary metrics: gt=28 matched=25 missed=3 miss_rate=0.107
      latency: avg_chunk_ms=24.84 p95_chunk_ms=31.90 avg_rtf=0.041
      notation metrics: first_correct_ms=49.5 visible_p50_ms=307.1 visible_p95_ms=563.9 stabilize_p50_ms=764.9 stabilize_p95_ms=3264.2 avg_revisions=0.75 matched=8 refined=8 snapshots=12
      algorithmic latency: first_correct_ms=16.4 visible_p50_ms=284.0 visible_p95_ms=541.6 stabilize_p50_ms=735.0 stabilize_p95_ms=3236.1
      final display note metrics: precision=0.916 recall=0.905 f1=0.910 matched=76/84 pred=83
      final display strict onset f1: 10ms=0.790 20ms=0.910 30ms=0.910
      final display timing: offset_f1=0.838 rhythm_precision=0.921 note_value_acc=0.776 note_value_n=76 avg_beat_error=0.175
      final display structure: cluster_f1=0.784 onset_align_recall=1.000 avg_jaccard=0.922 exact=29/36 pred=38 over=4 under=3 pitch_conflicts=0 missed_gt=0
      threshold profiles: hit_rate=0.000 thresholds=[0.7] profiles={'fixed_baseline': 10}
    treatment:
      note metrics: precision=0.905 recall=0.905 f1=0.905 matched=76/84 pred=84
      strict onset f1: 10ms=0.786 20ms=0.905 30ms=0.905
      timing metrics: offset_f1=0.833 rhythm_precision=0.921 note_value_acc=0.645 note_value_n=76 avg_beat_error=0.124
      duplicate metrics: duplicates=1 per_100_notes=1.19
      boundary metrics: gt=28 matched=25 missed=3 miss_rate=0.107
      latency: avg_chunk_ms=24.00 p95_chunk_ms=30.40 avg_rtf=0.040
      notation metrics: first_correct_ms=44.6 visible_p50_ms=306.2 visible_p95_ms=562.2 stabilize_p50_ms=765.2 stabilize_p95_ms=3264.6 avg_revisions=0.75 matched=8 refined=8 snapshots=13
      algorithmic latency: first_correct_ms=16.4 visible_p50_ms=284.0 visible_p95_ms=541.6 stabilize_p50_ms=735.0 stabilize_p95_ms=3236.1
      final display note metrics: precision=0.916 recall=0.905 f1=0.910 matched=76/84 pred=83
      final display strict onset f1: 10ms=0.790 20ms=0.910 30ms=0.910
      final display timing: offset_f1=0.838 rhythm_precision=0.921 note_value_acc=0.776 note_value_n=76 avg_beat_error=0.175
      final display structure: cluster_f1=0.784 onset_align_recall=1.000 avg_jaccard=0.922 exact=29/36 pred=38 over=4 under=3 pitch_conflicts=0 missed_gt=0
      threshold profiles: hit_rate=0.000 thresholds=[0.7] profiles={'baseline_nominal': 10}
    delta treatment-control: precision=+0.000 recall=+0.000 f1=+0.000 offset_f1=+0.000 note_value_acc=+0.000 dup_per_100=+0.00 boundary_miss_rate=+0.000 p95_chunk_ms=-1.50 f1_10ms=+0.000 f1_20ms=+0.000 f1_30ms=+0.000 visible_p50_ms=-0.8 stabilize_p50_ms=+0.3 algo_visible_p50_ms=+0.0 algo_stabilize_p50_ms=+0.0 avg_revisions=+0.00 display_note_f1=+0.000 display_offset_f1=+0.000 display_cluster_f1=+0.000 display_cluster_jaccard=+0.000
    failure buckets: ['boundary_miss_failure', 'high_revision_slow_stabilization']
      boundary diagnostics: missed=3 by_arm={'control': 3, 'treatment': 3} tags={'control_boundary_miss': 3, 'no_control_coarse_candidate': 3}
        miss: pitch=74 onset=1.875s boundary_delta_ms=+75.0 control_coarse=False treatment_coarse=False retro=n/a
        miss: pitch=38 onset=1.882s boundary_delta_ms=+81.5 control_coarse=False treatment_coarse=False retro=n/a
        miss: pitch=35 onset=1.897s boundary_delta_ms=+97.1 control_coarse=False treatment_coarse=False retro=n/a
[TIMING] EnhancedMel.transcribe: audio_to_gpu=0.3ms, features=0.5ms, model=10.5ms, decode=1.3ms | TOTAL=12.7ms for 600ms audio (RTF=0.02x)
[TIMING] stream_chunk[experiment-dfc2dda71e6f463aaaa5ccffd8a5f32b](live_neural): decode=0.2ms, inference=14.4ms, second_pass=0.0ms, contention=0.0ms, TOTAL=14.6ms | audio=600ms, RTF=0.02x | model=enhanced_mel, neural_total=13.8ms, model_inference=10.5ms
[TIMING] EnhancedMel.transcribe: audio_to_gpu=0.1ms, features=0.3ms, model=11.2ms, decode=2.3ms | TOTAL=13.9ms for 1200ms audio (RTF=0.01x)
[TIMING] stream_chunk[experiment-dfc2dda71e6f463aaaa5ccffd8a5f32b](live_neural): decode=0.1ms, inference=15.8ms, second_pass=0.0ms, contention=0.0ms, TOTAL=16.0ms | audio=600ms, RTF=0.03x | model=enhanced_mel, neural_total=15.3ms, model_inference=11.2ms
[TIMING] EnhancedMel.transcribe: audio_to_gpu=0.2ms, features=0.6ms, model=20.4ms, decode=3.3ms | TOTAL=24.5ms for 1800ms audio (RTF=0.01x)
[TIMING] stream_chunk[experiment-dfc2dda71e6f463aaaa5ccffd8a5f32b](live_neural): decode=0.1ms, inference=26.5ms, second_pass=0.0ms, contention=0.0ms, TOTAL=26.7ms | audio=600ms, RTF=0.04x | model=enhanced_mel, neural_total=26.1ms, model_inference=20.4ms
[TIMING] EnhancedMel.transcribe: audio_to_gpu=0.2ms, features=0.5ms, model=11.6ms, decode=4.4ms | TOTAL=16.7ms for 2400ms audio (RTF=0.01x)
[TIMING] stream_chunk[experiment-dfc2dda71e6f463aaaa5ccffd8a5f32b](live_neural): decode=0.1ms, inference=19.1ms, second_pass=0.0ms, contention=0.0ms, TOTAL=19.3ms | audio=600ms, RTF=0.03x | model=enhanced_mel, neural_total=18.7ms, model_inference=11.6ms
[TIMING] EnhancedMel.transcribe: audio_to_gpu=0.3ms, features=0.7ms, model=21.3ms, decode=5.6ms | TOTAL=27.9ms for 3000ms audio (RTF=0.01x)
[TIMING] stream_chunk[experiment-dfc2dda71e6f463aaaa5ccffd8a5f32b](live_neural): decode=0.1ms, inference=30.6ms, second_pass=0.0ms, contention=0.0ms, TOTAL=31.0ms | audio=600ms, RTF=0.05x | model=enhanced_mel, neural_total=30.2ms, model_inference=21.3ms
[TIMING] EnhancedMel.transcribe: audio_to_gpu=0.3ms, features=0.5ms, model=14.2ms, decode=8.9ms | TOTAL=23.9ms for 3600ms audio (RTF=0.01x)
[TIMING] stream_chunk[experiment-dfc2dda71e6f463aaaa5ccffd8a5f32b](live_neural): decode=0.1ms, inference=26.6ms, second_pass=0.0ms, contention=0.0ms, TOTAL=27.0ms | audio=600ms, RTF=0.05x | model=enhanced_mel, neural_total=26.2ms, model_inference=14.2ms
[TIMING] EnhancedMel.transcribe: audio_to_gpu=0.3ms, features=0.5ms, model=14.9ms, decode=7.6ms | TOTAL=23.4ms for 4200ms audio (RTF=0.01x)
[TIMING] stream_chunk[experiment-dfc2dda71e6f463aaaa5ccffd8a5f32b](live_neural): decode=0.1ms, inference=27.2ms, second_pass=0.0ms, contention=0.0ms, TOTAL=27.5ms | audio=600ms, RTF=0.05x | model=enhanced_mel, neural_total=26.8ms, model_inference=14.9ms
[TIMING] EnhancedMel.transcribe: audio_to_gpu=0.4ms, features=0.8ms, model=16.6ms, decode=7.8ms | TOTAL=25.6ms for 4200ms audio (RTF=0.01x)
[TIMING] stream_chunk[experiment-dfc2dda71e6f463aaaa5ccffd8a5f32b](live_neural): decode=0.1ms, inference=28.3ms, second_pass=0.0ms, contention=0.0ms, TOTAL=28.7ms | audio=600ms, RTF=0.05x | model=enhanced_mel, neural_total=27.9ms, model_inference=16.6ms
[TIMING] EnhancedMel.transcribe: audio_to_gpu=0.3ms, features=0.5ms, model=15.6ms, decode=7.6ms | TOTAL=24.0ms for 4200ms audio (RTF=0.01x)
[TIMING] stream_chunk[experiment-dfc2dda71e6f463aaaa5ccffd8a5f32b](live_neural): decode=0.1ms, inference=27.4ms, second_pass=0.0ms, contention=0.0ms, TOTAL=27.8ms | audio=600ms, RTF=0.05x | model=enhanced_mel, neural_total=27.0ms, model_inference=15.6ms
[TIMING] EnhancedMel.transcribe: audio_to_gpu=0.3ms, features=0.6ms, model=14.6ms, decode=7.4ms | TOTAL=22.9ms for 4200ms audio (RTF=0.01x)
[TIMING] stream_chunk[experiment-dfc2dda71e6f463aaaa5ccffd8a5f32b](live_neural): decode=0.1ms, inference=26.2ms, second_pass=0.0ms, contention=0.0ms, TOTAL=26.5ms | audio=600ms, RTF=0.04x | model=enhanced_mel, neural_total=25.7ms, model_inference=14.6ms
[TIMING] EnhancedMel.transcribe: audio_to_gpu=1.3ms, features=0.5ms, model=10.4ms, decode=2.2ms | TOTAL=14.4ms for 600ms audio (RTF=0.02x)
[TIMING] stream_chunk[experiment-6d67c1bf96f04040b3fb810fc4068298](live_neural): decode=0.1ms, inference=16.0ms, second_pass=0.0ms, contention=0.0ms, TOTAL=16.2ms | audio=600ms, RTF=0.03x | model=enhanced_mel, neural_total=15.5ms, model_inference=10.4ms
[TIMING] EnhancedMel.transcribe: audio_to_gpu=0.2ms, features=0.4ms, model=10.1ms, decode=2.5ms | TOTAL=13.1ms for 1200ms audio (RTF=0.01x)
[TIMING] stream_chunk[experiment-6d67c1bf96f04040b3fb810fc4068298](live_neural): decode=0.1ms, inference=14.9ms, second_pass=0.0ms, contention=0.0ms, TOTAL=15.1ms | audio=600ms, RTF=0.03x | model=enhanced_mel, neural_total=14.4ms, model_inference=10.1ms
[TIMING] EnhancedMel.transcribe: audio_to_gpu=0.4ms, features=0.5ms, model=10.6ms, decode=3.4ms | TOTAL=14.8ms for 1800ms audio (RTF=0.01x)
[TIMING] stream_chunk[experiment-6d67c1bf96f04040b3fb810fc4068298](live_neural): decode=0.1ms, inference=16.7ms, second_pass=0.0ms, contention=0.0ms, TOTAL=17.0ms | audio=600ms, RTF=0.03x | model=enhanced_mel, neural_total=16.4ms, model_inference=10.6ms
[TIMING] EnhancedMel.transcribe: audio_to_gpu=0.3ms, features=0.6ms, model=12.0ms, decode=4.4ms | TOTAL=17.3ms for 2400ms audio (RTF=0.01x)
[TIMING] stream_chunk[experiment-6d67c1bf96f04040b3fb810fc4068298](live_neural): decode=0.1ms, inference=20.0ms, second_pass=0.0ms, contention=0.0ms, TOTAL=20.3ms | audio=600ms, RTF=0.03x | model=enhanced_mel, neural_total=19.6ms, model_inference=12.0ms
[TIMING] EnhancedMel.transcribe: audio_to_gpu=0.3ms, features=0.6ms, model=12.5ms, decode=5.5ms | TOTAL=18.9ms for 3000ms audio (RTF=0.01x)
[TIMING] stream_chunk[experiment-6d67c1bf96f04040b3fb810fc4068298](live_neural): decode=0.1ms, inference=21.2ms, second_pass=0.0ms, contention=0.0ms, TOTAL=21.5ms | audio=600ms, RTF=0.04x | model=enhanced_mel, neural_total=20.8ms, model_inference=12.5ms
[TIMING] EnhancedMel.transcribe: audio_to_gpu=0.3ms, features=1.4ms, model=13.6ms, decode=6.3ms | TOTAL=21.6ms for 3600ms audio (RTF=0.01x)
[TIMING] stream_chunk[experiment-6d67c1bf96f04040b3fb810fc4068298](live_neural): decode=0.2ms, inference=24.2ms, second_pass=0.0ms, contention=0.0ms, TOTAL=24.6ms | audio=600ms, RTF=0.04x | model=enhanced_mel, neural_total=23.9ms, model_inference=13.6ms
[TIMING] EnhancedMel.transcribe: audio_to_gpu=0.3ms, features=4.5ms, model=21.5ms, decode=8.2ms | TOTAL=34.5ms for 4200ms audio (RTF=0.01x)
[TIMING] stream_chunk[experiment-6d67c1bf96f04040b3fb810fc4068298](live_neural): decode=0.1ms, inference=37.2ms, second_pass=0.0ms, contention=0.0ms, TOTAL=37.5ms | audio=600ms, RTF=0.06x | model=enhanced_mel, neural_total=36.8ms, model_inference=21.5ms
[TIMING] EnhancedMel.transcribe: audio_to_gpu=0.5ms, features=0.7ms, model=20.5ms, decode=7.6ms | TOTAL=29.3ms for 4200ms audio (RTF=0.01x)
[TIMING] stream_chunk[experiment-6d67c1bf96f04040b3fb810fc4068298](live_neural): decode=0.1ms, inference=32.1ms, second_pass=0.0ms, contention=0.0ms, TOTAL=32.4ms | audio=600ms, RTF=0.05x | model=enhanced_mel, neural_total=31.7ms, model_inference=20.4ms
[TIMING] EnhancedMel.transcribe: audio_to_gpu=0.3ms, features=1.3ms, model=13.9ms, decode=7.9ms | TOTAL=23.4ms for 4200ms audio (RTF=0.01x)
[TIMING] stream_chunk[experiment-6d67c1bf96f04040b3fb810fc4068298](live_neural): decode=0.1ms, inference=26.8ms, second_pass=0.0ms, contention=0.0ms, TOTAL=27.2ms | audio=600ms, RTF=0.05x | model=enhanced_mel, neural_total=26.4ms, model_inference=13.9ms
[TIMING] EnhancedMel.transcribe: audio_to_gpu=0.3ms, features=0.5ms, model=13.7ms, decode=7.4ms | TOTAL=21.9ms for 4200ms audio (RTF=0.01x)
[TIMING] stream_chunk[experiment-6d67c1bf96f04040b3fb810fc4068298](live_neural): decode=0.1ms, inference=25.5ms, second_pass=0.0ms, contention=0.0ms, TOTAL=25.8ms | audio=600ms, RTF=0.04x | model=enhanced_mel, neural_total=25.1ms, model_inference=13.7ms

[CLIP_035] Estampes (Complete)
  excerpt: start=81.00s end=87.00s duration=6.00s gt_notes=79 rms=0.0222 peak=0.1165 crest=5.245 rms_std=0.0068
    control:
      note metrics: precision=0.831 recall=0.810 f1=0.821 matched=64/79 pred=77
      strict onset f1: 10ms=0.603 20ms=0.808 30ms=0.821
      timing metrics: offset_f1=0.615 rhythm_precision=0.750 note_value_acc=0.234 note_value_n=64 avg_beat_error=0.136
      duplicate metrics: duplicates=5 per_100_notes=6.49
      boundary metrics: gt=30 matched=26 missed=4 miss_rate=0.133
      latency: avg_chunk_ms=24.52 p95_chunk_ms=29.95 avg_rtf=0.041
      notation metrics: first_correct_ms=32.4 visible_p50_ms=279.4 visible_p95_ms=584.1 stabilize_p50_ms=1717.0 stabilize_p95_ms=2564.4 avg_revisions=1.62 matched=13 refined=13 snapshots=20
      algorithmic latency: first_correct_ms=5.7 visible_p50_ms=251.6 visible_p95_ms=556.9 stabilize_p50_ms=1316.7 stabilize_p95_ms=2251.4
      final display note metrics: precision=0.899 recall=0.785 f1=0.838 matched=62/79 pred=69
      final display strict onset f1: 10ms=0.635 20ms=0.838 30ms=0.838
      final display timing: offset_f1=0.635 rhythm_precision=0.758 note_value_acc=0.194 note_value_n=62 avg_beat_error=0.325
      final display structure: cluster_f1=0.479 onset_align_recall=1.000 avg_jaccard=0.753 exact=17/34 pred=37 over=1 under=13 pitch_conflicts=3 missed_gt=0
      threshold profiles: hit_rate=0.000 thresholds=[0.7] profiles={'fixed_baseline': 10}
    treatment:
      note metrics: precision=0.833 recall=0.823 f1=0.828 matched=65/79 pred=78
      strict onset f1: 10ms=0.611 20ms=0.815 30ms=0.828
      timing metrics: offset_f1=0.624 rhythm_precision=0.754 note_value_acc=0.231 note_value_n=65 avg_beat_error=0.136
      duplicate metrics: duplicates=5 per_100_notes=6.41
      boundary metrics: gt=30 matched=26 missed=4 miss_rate=0.133
      latency: avg_chunk_ms=23.77 p95_chunk_ms=35.24 avg_rtf=0.040
      notation metrics: first_correct_ms=22.8 visible_p50_ms=283.5 visible_p95_ms=587.3 stabilize_p50_ms=1697.9 stabilize_p95_ms=2574.2 avg_revisions=1.58 matched=12 refined=12 snapshots=20
      algorithmic latency: first_correct_ms=5.7 visible_p50_ms=253.6 visible_p95_ms=556.9 stabilize_p50_ms=1330.7 stabilize_p95_ms=2260.2
      final display note metrics: precision=0.900 recall=0.797 f1=0.846 matched=63/79 pred=70
      final display strict onset f1: 10ms=0.644 20ms=0.846 30ms=0.846
      final display timing: offset_f1=0.644 rhythm_precision=0.762 note_value_acc=0.238 note_value_n=63 avg_beat_error=0.313
      final display structure: cluster_f1=0.507 onset_align_recall=1.000 avg_jaccard=0.768 exact=18/34 pred=37 over=1 under=12 pitch_conflicts=3 missed_gt=0
      threshold profiles: hit_rate=0.600 thresholds=[0.66, 0.7] profiles={'baseline_nominal': 4, 'soft_sparse_recall': 6}
    delta treatment-control: precision=+0.002 recall=+0.013 f1=+0.008 offset_f1=+0.009 note_value_acc=-0.004 dup_per_100=-0.08 boundary_miss_rate=+0.000 p95_chunk_ms=+5.29 f1_10ms=+0.009 f1_20ms=+0.008 f1_30ms=+0.008 visible_p50_ms=+4.1 stabilize_p50_ms=-19.1 algo_visible_p50_ms=+2.1 algo_stabilize_p50_ms=+14.1 avg_revisions=-0.03 display_note_f1=+0.008 display_offset_f1=+0.009 display_cluster_f1=+0.028 display_cluster_jaccard=+0.015
    failure buckets: ['boundary_miss_failure', 'high_revision_slow_stabilization', 'note_value_offset_failure']
      boundary diagnostics: missed=4 by_arm={'control': 4, 'treatment': 4} tags={'control_boundary_miss': 4, 'no_control_coarse_candidate': 4}
        miss: pitch=78 onset=2.499s boundary_delta_ms=+98.7 control_coarse=False treatment_coarse=False retro=n/a
        miss: pitch=68 onset=4.201s boundary_delta_ms=+0.5 control_coarse=False treatment_coarse=False retro=n/a
        miss: pitch=61 onset=5.991s boundary_delta_ms=-9.1 control_coarse=False treatment_coarse=False retro=n/a
        ... 1 more missed boundary notes in diagnostics JSON
[TIMING] EnhancedMel.transcribe: audio_to_gpu=0.5ms, features=0.8ms, model=13.4ms, decode=1.4ms | TOTAL=16.0ms for 600ms audio (RTF=0.03x)
[TIMING] stream_chunk[experiment-7738c232177c4acbb42d75eb2412e221](live_neural): decode=0.1ms, inference=17.8ms, second_pass=0.0ms, contention=0.0ms, TOTAL=18.0ms | audio=600ms, RTF=0.03x | model=enhanced_mel, neural_total=17.3ms, model_inference=13.4ms
[TIMING] EnhancedMel.transcribe: audio_to_gpu=0.2ms, features=3.1ms, model=22.1ms, decode=2.4ms | TOTAL=27.8ms for 1200ms audio (RTF=0.02x)
[TIMING] stream_chunk[experiment-7738c232177c4acbb42d75eb2412e221](live_neural): decode=0.1ms, inference=29.6ms, second_pass=0.0ms, contention=0.0ms, TOTAL=29.9ms | audio=600ms, RTF=0.05x | model=enhanced_mel, neural_total=29.3ms, model_inference=22.1ms
[TIMING] EnhancedMel.transcribe: audio_to_gpu=0.2ms, features=0.4ms, model=11.1ms, decode=3.4ms | TOTAL=15.1ms for 1800ms audio (RTF=0.01x)
[TIMING] stream_chunk[experiment-7738c232177c4acbb42d75eb2412e221](live_neural): decode=0.1ms, inference=16.9ms, second_pass=0.0ms, contention=0.0ms, TOTAL=17.1ms | audio=600ms, RTF=0.03x | model=enhanced_mel, neural_total=16.6ms, model_inference=11.1ms
[TIMING] EnhancedMel.transcribe: audio_to_gpu=0.3ms, features=0.5ms, model=11.2ms, decode=4.3ms | TOTAL=16.3ms for 2400ms audio (RTF=0.01x)
[TIMING] stream_chunk[experiment-7738c232177c4acbb42d75eb2412e221](live_neural): decode=0.1ms, inference=19.3ms, second_pass=0.0ms, contention=0.0ms, TOTAL=19.6ms | audio=600ms, RTF=0.03x | model=enhanced_mel, neural_total=18.9ms, model_inference=11.2ms
[TIMING] EnhancedMel.transcribe: audio_to_gpu=0.2ms, features=0.4ms, model=12.2ms, decode=5.2ms | TOTAL=18.0ms for 3000ms audio (RTF=0.01x)
[TIMING] stream_chunk[experiment-7738c232177c4acbb42d75eb2412e221](live_neural): decode=0.2ms, inference=20.3ms, second_pass=0.0ms, contention=0.0ms, TOTAL=20.5ms | audio=600ms, RTF=0.03x | model=enhanced_mel, neural_total=19.9ms, model_inference=12.2ms
[TIMING] EnhancedMel.transcribe: audio_to_gpu=0.1ms, features=0.3ms, model=13.7ms, decode=7.6ms | TOTAL=21.8ms for 3600ms audio (RTF=0.01x)
[TIMING] stream_chunk[experiment-7738c232177c4acbb42d75eb2412e221](live_neural): decode=0.1ms, inference=24.3ms, second_pass=0.0ms, contention=0.0ms, TOTAL=24.6ms | audio=600ms, RTF=0.04x | model=enhanced_mel, neural_total=24.0ms, model_inference=13.7ms
[TIMING] EnhancedMel.transcribe: audio_to_gpu=0.3ms, features=0.5ms, model=14.2ms, decode=7.6ms | TOTAL=22.7ms for 4200ms audio (RTF=0.01x)
[TIMING] stream_chunk[experiment-7738c232177c4acbb42d75eb2412e221](live_neural): decode=0.1ms, inference=25.2ms, second_pass=0.0ms, contention=0.0ms, TOTAL=25.6ms | audio=600ms, RTF=0.04x | model=enhanced_mel, neural_total=24.9ms, model_inference=14.2ms
[TIMING] EnhancedMel.transcribe: audio_to_gpu=0.2ms, features=0.5ms, model=15.1ms, decode=7.4ms | TOTAL=23.3ms for 4200ms audio (RTF=0.01x)
[TIMING] stream_chunk[experiment-7738c232177c4acbb42d75eb2412e221](live_neural): decode=0.1ms, inference=26.0ms, second_pass=0.0ms, contention=0.0ms, TOTAL=26.3ms | audio=600ms, RTF=0.04x | model=enhanced_mel, neural_total=25.6ms, model_inference=15.1ms
[TIMING] EnhancedMel.transcribe: audio_to_gpu=0.3ms, features=0.6ms, model=13.9ms, decode=7.5ms | TOTAL=22.3ms for 4200ms audio (RTF=0.01x)
[TIMING] stream_chunk[experiment-7738c232177c4acbb42d75eb2412e221](live_neural): decode=0.1ms, inference=25.9ms, second_pass=0.0ms, contention=0.0ms, TOTAL=26.2ms | audio=600ms, RTF=0.04x | model=enhanced_mel, neural_total=25.5ms, model_inference=13.9ms
[TIMING] EnhancedMel.transcribe: audio_to_gpu=0.3ms, features=0.5ms, model=15.1ms, decode=9.4ms | TOTAL=25.3ms for 4200ms audio (RTF=0.01x)
[TIMING] stream_chunk[experiment-7738c232177c4acbb42d75eb2412e221](live_neural): decode=0.1ms, inference=28.9ms, second_pass=0.0ms, contention=0.0ms, TOTAL=29.3ms | audio=600ms, RTF=0.05x | model=enhanced_mel, neural_total=28.5ms, model_inference=15.1ms
[TIMING] EnhancedMel.transcribe: audio_to_gpu=2.1ms, features=0.7ms, model=17.9ms, decode=1.4ms | TOTAL=22.1ms for 600ms audio (RTF=0.04x)
[TIMING] stream_chunk[experiment-d18f614496e143dfac578ebdea74a5bf](live_neural): decode=0.2ms, inference=23.8ms, second_pass=0.0ms, contention=0.0ms, TOTAL=24.1ms | audio=600ms, RTF=0.04x | model=enhanced_mel, neural_total=23.4ms, model_inference=17.9ms
[TIMING] EnhancedMel.transcribe: audio_to_gpu=0.2ms, features=0.6ms, model=11.3ms, decode=2.4ms | TOTAL=14.5ms for 1200ms audio (RTF=0.01x)
[TIMING] stream_chunk[experiment-d18f614496e143dfac578ebdea74a5bf](live_neural): decode=0.2ms, inference=16.5ms, second_pass=0.0ms, contention=0.0ms, TOTAL=16.8ms | audio=600ms, RTF=0.03x | model=enhanced_mel, neural_total=16.1ms, model_inference=11.3ms
[TIMING] EnhancedMel.transcribe: audio_to_gpu=0.3ms, features=0.5ms, model=11.1ms, decode=4.3ms | TOTAL=16.1ms for 1800ms audio (RTF=0.01x)
[TIMING] stream_chunk[experiment-d18f614496e143dfac578ebdea74a5bf](live_neural): decode=0.1ms, inference=19.5ms, second_pass=0.0ms, contention=0.0ms, TOTAL=19.8ms | audio=600ms, RTF=0.03x | model=enhanced_mel, neural_total=19.1ms, model_inference=11.1ms
[TIMING] EnhancedMel.transcribe: audio_to_gpu=0.4ms, features=0.6ms, model=20.8ms, decode=4.5ms | TOTAL=26.2ms for 2400ms audio (RTF=0.01x)
[TIMING] stream_chunk[experiment-d18f614496e143dfac578ebdea74a5bf](live_neural): decode=0.1ms, inference=28.3ms, second_pass=0.0ms, contention=0.0ms, TOTAL=28.6ms | audio=600ms, RTF=0.05x | model=enhanced_mel, neural_total=28.0ms, model_inference=20.8ms
[TIMING] EnhancedMel.transcribe: audio_to_gpu=0.2ms, features=0.7ms, model=13.1ms, decode=5.2ms | TOTAL=19.3ms for 3000ms audio (RTF=0.01x)
[TIMING] stream_chunk[experiment-d18f614496e143dfac578ebdea74a5bf](live_neural): decode=0.2ms, inference=21.4ms, second_pass=0.0ms, contention=0.0ms, TOTAL=21.8ms | audio=600ms, RTF=0.04x | model=enhanced_mel, neural_total=21.1ms, model_inference=13.1ms
[TIMING] EnhancedMel.transcribe: audio_to_gpu=0.1ms, features=0.4ms, model=13.2ms, decode=6.5ms | TOTAL=20.2ms for 3600ms audio (RTF=0.01x)
[TIMING] stream_chunk[experiment-d18f614496e143dfac578ebdea74a5bf](live_neural): decode=0.1ms, inference=22.7ms, second_pass=0.0ms, contention=0.0ms, TOTAL=22.9ms | audio=600ms, RTF=0.04x | model=enhanced_mel, neural_total=22.3ms, model_inference=13.2ms
[TIMING] EnhancedMel.transcribe: audio_to_gpu=0.3ms, features=4.6ms, model=14.9ms, decode=8.1ms | TOTAL=28.0ms for 4200ms audio (RTF=0.01x)
[TIMING] stream_chunk[experiment-d18f614496e143dfac578ebdea74a5bf](live_neural): decode=0.1ms, inference=32.0ms, second_pass=0.0ms, contention=0.0ms, TOTAL=32.2ms | audio=600ms, RTF=0.05x | model=enhanced_mel, neural_total=31.6ms, model_inference=14.9ms
[TIMING] EnhancedMel.transcribe: audio_to_gpu=0.4ms, features=0.7ms, model=14.6ms, decode=7.4ms | TOTAL=23.2ms for 4200ms audio (RTF=0.01x)
[TIMING] stream_chunk[experiment-d18f614496e143dfac578ebdea74a5bf](live_neural): decode=0.1ms, inference=25.9ms, second_pass=0.0ms, contention=0.0ms, TOTAL=26.4ms | audio=600ms, RTF=0.04x | model=enhanced_mel, neural_total=25.5ms, model_inference=14.6ms
[TIMING] EnhancedMel.transcribe: audio_to_gpu=0.3ms, features=0.5ms, model=20.9ms, decode=7.5ms | TOTAL=29.2ms for 4200ms audio (RTF=0.01x)
[TIMING] stream_chunk[experiment-d18f614496e143dfac578ebdea74a5bf](live_neural): decode=0.1ms, inference=31.8ms, second_pass=0.0ms, contention=0.0ms, TOTAL=32.1ms | audio=600ms, RTF=0.05x | model=enhanced_mel, neural_total=31.4ms, model_inference=20.9ms
[TIMING] EnhancedMel.transcribe: audio_to_gpu=0.3ms, features=0.6ms, model=14.2ms, decode=7.7ms | TOTAL=22.8ms for 4200ms audio (RTF=0.01x)
[TIMING] stream_chunk[experiment-d18f614496e143dfac578ebdea74a5bf](live_neural): decode=0.1ms, inference=26.5ms, second_pass=0.0ms, contention=0.0ms, TOTAL=26.8ms | audio=600ms, RTF=0.04x | model=enhanced_mel, neural_total=26.0ms, model_inference=14.2ms

[CLIP_036] Sonata in D Major, K96
  excerpt: start=15.00s end=21.00s duration=6.00s gt_notes=81 rms=0.0569 peak=0.4561 crest=8.016 rms_std=0.0258
    control:
      note metrics: precision=0.917 recall=0.951 f1=0.933 matched=77/81 pred=84
      strict onset f1: 10ms=0.727 20ms=0.933 30ms=0.933
      timing metrics: offset_f1=0.848 rhythm_precision=0.909 note_value_acc=0.662 note_value_n=77 avg_beat_error=0.117
      duplicate metrics: duplicates=1 per_100_notes=1.19
      boundary metrics: gt=17 matched=17 missed=0 miss_rate=0.000
      latency: avg_chunk_ms=23.70 p95_chunk_ms=29.61 avg_rtf=0.040
      notation metrics: first_correct_ms=80.4 visible_p50_ms=366.5 visible_p95_ms=625.3 stabilize_p50_ms=944.5 stabilize_p95_ms=2406.0 avg_revisions=0.91 matched=33 refined=33 snapshots=20
      algorithmic latency: first_correct_ms=59.9 visible_p50_ms=337.2 visible_p95_ms=600.1 stabilize_p50_ms=609.9 stabilize_p95_ms=1985.4
      final display note metrics: precision=0.928 recall=0.951 f1=0.939 matched=77/81 pred=83
      final display strict onset f1: 10ms=0.732 20ms=0.939 30ms=0.939
      final display timing: offset_f1=0.854 rhythm_precision=0.909 note_value_acc=0.468 note_value_n=77 avg_beat_error=0.192
      final display structure: cluster_f1=0.659 onset_align_recall=0.889 avg_jaccard=0.889 exact=29/45 pred=43 over=7 under=4 pitch_conflicts=0 missed_gt=5
      threshold profiles: hit_rate=0.000 thresholds=[0.7] profiles={'fixed_baseline': 10}
    treatment:
      note metrics: precision=0.917 recall=0.951 f1=0.933 matched=77/81 pred=84
      strict onset f1: 10ms=0.727 20ms=0.933 30ms=0.933
      timing metrics: offset_f1=0.848 rhythm_precision=0.909 note_value_acc=0.662 note_value_n=77 avg_beat_error=0.117
      duplicate metrics: duplicates=1 per_100_notes=1.19
      boundary metrics: gt=17 matched=17 missed=0 miss_rate=0.000
      latency: avg_chunk_ms=25.14 p95_chunk_ms=32.17 avg_rtf=0.042
      notation metrics: first_correct_ms=81.7 visible_p50_ms=368.9 visible_p95_ms=624.3 stabilize_p50_ms=931.1 stabilize_p95_ms=2407.3 avg_revisions=0.91 matched=33 refined=33 snapshots=20
      algorithmic latency: first_correct_ms=59.9 visible_p50_ms=337.2 visible_p95_ms=600.1 stabilize_p50_ms=609.9 stabilize_p95_ms=1985.4
      final display note metrics: precision=0.928 recall=0.951 f1=0.939 matched=77/81 pred=83
      final display strict onset f1: 10ms=0.732 20ms=0.939 30ms=0.939
      final display timing: offset_f1=0.854 rhythm_precision=0.909 note_value_acc=0.468 note_value_n=77 avg_beat_error=0.192
      final display structure: cluster_f1=0.659 onset_align_recall=0.889 avg_jaccard=0.889 exact=29/45 pred=43 over=7 under=4 pitch_conflicts=0 missed_gt=5
      threshold profiles: hit_rate=0.000 thresholds=[0.7] profiles={'baseline_nominal': 10}
    delta treatment-control: precision=+0.000 recall=+0.000 f1=+0.000 offset_f1=+0.000 note_value_acc=+0.000 dup_per_100=+0.00 boundary_miss_rate=+0.000 p95_chunk_ms=+2.56 f1_10ms=+0.000 f1_20ms=+0.000 f1_30ms=+0.000 visible_p50_ms=+2.4 stabilize_p50_ms=-13.4 algo_visible_p50_ms=+0.0 algo_stabilize_p50_ms=+0.0 avg_revisions=+0.00 display_note_f1=+0.000 display_offset_f1=+0.000 display_cluster_f1=+0.000 display_cluster_jaccard=+0.000
    failure buckets: ['high_revision_slow_stabilization']
[TIMING] EnhancedMel.transcribe: audio_to_gpu=0.5ms, features=0.9ms, model=21.5ms, decode=1.4ms | TOTAL=24.3ms for 600ms audio (RTF=0.04x)
[TIMING] stream_chunk[experiment-06539eead64c4788b7aca8fb50926012](live_neural): decode=0.2ms, inference=26.4ms, second_pass=0.0ms, contention=0.0ms, TOTAL=26.6ms | audio=600ms, RTF=0.04x | model=enhanced_mel, neural_total=25.9ms, model_inference=21.5ms
[TIMING] EnhancedMel.transcribe: audio_to_gpu=0.2ms, features=0.3ms, model=12.6ms, decode=2.4ms | TOTAL=15.5ms for 1200ms audio (RTF=0.01x)
[TIMING] stream_chunk[experiment-06539eead64c4788b7aca8fb50926012](live_neural): decode=0.2ms, inference=17.5ms, second_pass=0.0ms, contention=0.0ms, TOTAL=17.8ms | audio=600ms, RTF=0.03x | model=enhanced_mel, neural_total=17.2ms, model_inference=12.6ms
[TIMING] EnhancedMel.transcribe: audio_to_gpu=0.2ms, features=0.5ms, model=11.5ms, decode=3.5ms | TOTAL=15.7ms for 1800ms audio (RTF=0.01x)
[TIMING] stream_chunk[experiment-06539eead64c4788b7aca8fb50926012](live_neural): decode=0.1ms, inference=17.6ms, second_pass=0.0ms, contention=0.0ms, TOTAL=17.8ms | audio=600ms, RTF=0.03x | model=enhanced_mel, neural_total=17.3ms, model_inference=11.5ms
[TIMING] EnhancedMel.transcribe: audio_to_gpu=0.3ms, features=2.7ms, model=15.6ms, decode=4.5ms | TOTAL=23.2ms for 2400ms audio (RTF=0.01x)
[TIMING] stream_chunk[experiment-06539eead64c4788b7aca8fb50926012](live_neural): decode=0.1ms, inference=25.6ms, second_pass=0.0ms, contention=0.0ms, TOTAL=25.9ms | audio=600ms, RTF=0.04x | model=enhanced_mel, neural_total=25.3ms, model_inference=15.6ms
[TIMING] EnhancedMel.transcribe: audio_to_gpu=0.2ms, features=0.4ms, model=11.9ms, decode=5.4ms | TOTAL=18.0ms for 3000ms audio (RTF=0.01x)
[TIMING] stream_chunk[experiment-06539eead64c4788b7aca8fb50926012](live_neural): decode=0.1ms, inference=20.4ms, second_pass=0.0ms, contention=0.0ms, TOTAL=20.7ms | audio=600ms, RTF=0.03x | model=enhanced_mel, neural_total=20.0ms, model_inference=11.9ms
[TIMING] EnhancedMel.transcribe: audio_to_gpu=0.4ms, features=0.7ms, model=13.2ms, decode=6.6ms | TOTAL=20.8ms for 3600ms audio (RTF=0.01x)
[TIMING] stream_chunk[experiment-06539eead64c4788b7aca8fb50926012](live_neural): decode=0.1ms, inference=25.2ms, second_pass=0.0ms, contention=0.0ms, TOTAL=25.5ms | audio=600ms, RTF=0.04x | model=enhanced_mel, neural_total=24.7ms, model_inference=13.2ms
[TIMING] EnhancedMel.transcribe: audio_to_gpu=0.5ms, features=0.5ms, model=14.3ms, decode=8.0ms | TOTAL=23.3ms for 4200ms audio (RTF=0.01x)
[TIMING] stream_chunk[experiment-06539eead64c4788b7aca8fb50926012](live_neural): decode=0.1ms, inference=26.4ms, second_pass=0.0ms, contention=0.0ms, TOTAL=26.9ms | audio=600ms, RTF=0.04x | model=enhanced_mel, neural_total=26.0ms, model_inference=14.2ms
[TIMING] EnhancedMel.transcribe: audio_to_gpu=0.3ms, features=0.7ms, model=17.5ms, decode=7.9ms | TOTAL=26.5ms for 4200ms audio (RTF=0.01x)
[TIMING] stream_chunk[experiment-06539eead64c4788b7aca8fb50926012](live_neural): decode=0.1ms, inference=29.4ms, second_pass=0.0ms, contention=0.0ms, TOTAL=29.8ms | audio=600ms, RTF=0.05x | model=enhanced_mel, neural_total=28.9ms, model_inference=17.5ms
[TIMING] EnhancedMel.transcribe: audio_to_gpu=0.3ms, features=0.5ms, model=14.3ms, decode=7.8ms | TOTAL=23.0ms for 4200ms audio (RTF=0.01x)
[TIMING] stream_chunk[experiment-06539eead64c4788b7aca8fb50926012](live_neural): decode=0.1ms, inference=27.2ms, second_pass=0.0ms, contention=0.0ms, TOTAL=27.6ms | audio=600ms, RTF=0.05x | model=enhanced_mel, neural_total=26.6ms, model_inference=14.3ms
[TIMING] EnhancedMel.transcribe: audio_to_gpu=0.3ms, features=0.5ms, model=14.2ms, decode=7.7ms | TOTAL=22.7ms for 4200ms audio (RTF=0.01x)
[TIMING] stream_chunk[experiment-06539eead64c4788b7aca8fb50926012](live_neural): decode=0.1ms, inference=25.5ms, second_pass=0.0ms, contention=0.0ms, TOTAL=25.9ms | audio=600ms, RTF=0.04x | model=enhanced_mel, neural_total=24.9ms, model_inference=14.2ms
[TIMING] EnhancedMel.transcribe: audio_to_gpu=0.5ms, features=0.5ms, model=10.7ms, decode=1.3ms | TOTAL=13.0ms for 600ms audio (RTF=0.02x)
[TIMING] stream_chunk[experiment-7b48254c731747e39e0bc0a42d8ac5ba](live_neural): decode=0.1ms, inference=15.7ms, second_pass=0.0ms, contention=0.0ms, TOTAL=15.9ms | audio=600ms, RTF=0.03x | model=enhanced_mel, neural_total=15.2ms, model_inference=10.7ms
[TIMING] EnhancedMel.transcribe: audio_to_gpu=0.1ms, features=0.4ms, model=9.7ms, decode=2.4ms | TOTAL=12.6ms for 1200ms audio (RTF=0.01x)
[TIMING] stream_chunk[experiment-7b48254c731747e39e0bc0a42d8ac5ba](live_neural): decode=0.1ms, inference=15.1ms, second_pass=0.0ms, contention=0.0ms, TOTAL=15.3ms | audio=600ms, RTF=0.03x | model=enhanced_mel, neural_total=14.8ms, model_inference=9.7ms
[TIMING] EnhancedMel.transcribe: audio_to_gpu=0.2ms, features=0.4ms, model=10.3ms, decode=3.6ms | TOTAL=14.6ms for 1800ms audio (RTF=0.01x)
[TIMING] stream_chunk[experiment-7b48254c731747e39e0bc0a42d8ac5ba](live_neural): decode=0.1ms, inference=16.4ms, second_pass=0.0ms, contention=0.0ms, TOTAL=16.6ms | audio=600ms, RTF=0.03x | model=enhanced_mel, neural_total=16.1ms, model_inference=10.3ms
[TIMING] EnhancedMel.transcribe: audio_to_gpu=0.2ms, features=0.4ms, model=11.5ms, decode=4.5ms | TOTAL=16.6ms for 2400ms audio (RTF=0.01x)
[TIMING] stream_chunk[experiment-7b48254c731747e39e0bc0a42d8ac5ba](live_neural): decode=0.1ms, inference=18.8ms, second_pass=0.0ms, contention=0.0ms, TOTAL=19.1ms | audio=600ms, RTF=0.03x | model=enhanced_mel, neural_total=18.5ms, model_inference=11.5ms
[TIMING] EnhancedMel.transcribe: audio_to_gpu=0.4ms, features=0.4ms, model=19.1ms, decode=5.8ms | TOTAL=25.7ms for 3000ms audio (RTF=0.01x)
[TIMING] stream_chunk[experiment-7b48254c731747e39e0bc0a42d8ac5ba](live_neural): decode=0.1ms, inference=28.3ms, second_pass=0.0ms, contention=0.0ms, TOTAL=28.6ms | audio=600ms, RTF=0.05x | model=enhanced_mel, neural_total=27.8ms, model_inference=19.1ms
[TIMING] EnhancedMel.transcribe: audio_to_gpu=0.3ms, features=0.5ms, model=12.6ms, decode=6.6ms | TOTAL=20.0ms for 3600ms audio (RTF=0.01x)
[TIMING] stream_chunk[experiment-7b48254c731747e39e0bc0a42d8ac5ba](live_neural): decode=0.1ms, inference=22.9ms, second_pass=0.0ms, contention=0.0ms, TOTAL=23.2ms | audio=600ms, RTF=0.04x | model=enhanced_mel, neural_total=22.3ms, model_inference=12.6ms
[TIMING] EnhancedMel.transcribe: audio_to_gpu=0.3ms, features=0.6ms, model=16.9ms, decode=9.1ms | TOTAL=27.0ms for 4200ms audio (RTF=0.01x)
[TIMING] stream_chunk[experiment-7b48254c731747e39e0bc0a42d8ac5ba](live_neural): decode=0.1ms, inference=29.8ms, second_pass=0.0ms, contention=0.0ms, TOTAL=30.2ms | audio=600ms, RTF=0.05x | model=enhanced_mel, neural_total=29.4ms, model_inference=16.9ms
[TIMING] EnhancedMel.transcribe: audio_to_gpu=0.4ms, features=4.8ms, model=16.1ms, decode=8.3ms | TOTAL=29.6ms for 4200ms audio (RTF=0.01x)
[TIMING] stream_chunk[experiment-7b48254c731747e39e0bc0a42d8ac5ba](live_neural): decode=0.1ms, inference=32.6ms, second_pass=0.0ms, contention=0.0ms, TOTAL=32.9ms | audio=600ms, RTF=0.05x | model=enhanced_mel, neural_total=32.1ms, model_inference=16.1ms
[TIMING] EnhancedMel.transcribe: audio_to_gpu=0.3ms, features=0.8ms, model=14.4ms, decode=7.9ms | TOTAL=23.4ms for 4200ms audio (RTF=0.01x)
[TIMING] stream_chunk[experiment-7b48254c731747e39e0bc0a42d8ac5ba](live_neural): decode=0.1ms, inference=26.2ms, second_pass=0.0ms, contention=0.0ms, TOTAL=26.6ms | audio=600ms, RTF=0.04x | model=enhanced_mel, neural_total=25.8ms, model_inference=14.4ms
[TIMING] EnhancedMel.transcribe: audio_to_gpu=0.3ms, features=0.5ms, model=13.7ms, decode=8.1ms | TOTAL=22.6ms for 4200ms audio (RTF=0.01x)
[TIMING] stream_chunk[experiment-7b48254c731747e39e0bc0a42d8ac5ba](live_neural): decode=0.1ms, inference=26.0ms, second_pass=0.0ms, contention=0.0ms, TOTAL=26.4ms | audio=600ms, RTF=0.04x | model=enhanced_mel, neural_total=25.4ms, model_inference=13.7ms

[CLIP_037] Jardins sous la pluie from Estampes
  excerpt: start=51.00s end=57.00s duration=6.00s gt_notes=95 rms=0.1381 peak=0.6274 crest=4.544 rms_std=0.0229
    control:
      note metrics: precision=0.949 recall=0.979 f1=0.964 matched=93/95 pred=98
      strict onset f1: 10ms=0.850 20ms=0.964 30ms=0.964
      timing metrics: offset_f1=0.943 rhythm_precision=0.978 note_value_acc=0.441 note_value_n=93 avg_beat_error=0.101
      duplicate metrics: duplicates=0 per_100_notes=0.00
      boundary metrics: gt=28 matched=26 missed=2 miss_rate=0.071
      latency: avg_chunk_ms=24.46 p95_chunk_ms=28.82 avg_rtf=0.041
      notation metrics: first_correct_ms=37.6 visible_p50_ms=318.0 visible_p95_ms=588.7 stabilize_p50_ms=455.5 stabilize_p95_ms=1819.2 avg_revisions=0.48 matched=65 refined=65 snapshots=21
      algorithmic latency: first_correct_ms=8.3 visible_p50_ms=300.3 visible_p95_ms=562.0 stabilize_p50_ms=389.8 stabilize_p95_ms=1369.8
      final display note metrics: precision=0.947 recall=0.947 f1=0.947 matched=90/95 pred=95
      final display strict onset f1: 10ms=0.842 20ms=0.947 30ms=0.947
      final display timing: offset_f1=0.926 rhythm_precision=0.978 note_value_acc=0.378 note_value_n=90 avg_beat_error=0.101
      final display structure: cluster_f1=0.822 onset_align_recall=0.921 avg_jaccard=0.919 exact=60/76 pred=70 over=7 under=1 pitch_conflicts=2 missed_gt=6
      threshold profiles: hit_rate=0.000 thresholds=[0.7] profiles={'fixed_baseline': 10}
    treatment:
      note metrics: precision=0.949 recall=0.979 f1=0.964 matched=93/95 pred=98
      strict onset f1: 10ms=0.850 20ms=0.964 30ms=0.964
      timing metrics: offset_f1=0.943 rhythm_precision=0.978 note_value_acc=0.441 note_value_n=93 avg_beat_error=0.101
      duplicate metrics: duplicates=0 per_100_notes=0.00
      boundary metrics: gt=28 matched=26 missed=2 miss_rate=0.071
      latency: avg_chunk_ms=23.49 p95_chunk_ms=31.70 avg_rtf=0.039
      notation metrics: first_correct_ms=27.4 visible_p50_ms=315.6 visible_p95_ms=590.8 stabilize_p50_ms=456.1 stabilize_p95_ms=1822.6 avg_revisions=0.48 matched=65 refined=65 snapshots=21
      algorithmic latency: first_correct_ms=8.3 visible_p50_ms=300.3 visible_p95_ms=562.0 stabilize_p50_ms=389.8 stabilize_p95_ms=1369.8
      final display note metrics: precision=0.947 recall=0.947 f1=0.947 matched=90/95 pred=95
      final display strict onset f1: 10ms=0.842 20ms=0.947 30ms=0.947
      final display timing: offset_f1=0.926 rhythm_precision=0.978 note_value_acc=0.378 note_value_n=90 avg_beat_error=0.101
      final display structure: cluster_f1=0.822 onset_align_recall=0.921 avg_jaccard=0.919 exact=60/76 pred=70 over=7 under=1 pitch_conflicts=2 missed_gt=6
      threshold profiles: hit_rate=1.000 thresholds=[0.72] profiles={'loud_dense_precision': 10}
    delta treatment-control: precision=+0.000 recall=+0.000 f1=+0.000 offset_f1=+0.000 note_value_acc=+0.000 dup_per_100=+0.00 boundary_miss_rate=+0.000 p95_chunk_ms=+2.88 f1_10ms=+0.000 f1_20ms=+0.000 f1_30ms=+0.000 visible_p50_ms=-2.5 stabilize_p50_ms=+0.6 algo_visible_p50_ms=+0.0 algo_stabilize_p50_ms=+0.0 avg_revisions=+0.00 display_note_f1=+0.000 display_offset_f1=+0.000 display_cluster_f1=+0.000 display_cluster_jaccard=+0.000
    failure buckets: ['boundary_miss_failure', 'high_revision_slow_stabilization', 'note_value_offset_failure']
      boundary diagnostics: missed=2 by_arm={'control': 2, 'treatment': 2} tags={'control_boundary_miss': 2, 'no_control_coarse_candidate': 2}
        miss: pitch=79 onset=1.185s boundary_delta_ms=-15.1 control_coarse=False treatment_coarse=False retro=n/a
        miss: pitch=68 onset=4.160s boundary_delta_ms=-39.8 control_coarse=False treatment_coarse=False retro=n/a
[TIMING] EnhancedMel.transcribe: audio_to_gpu=0.4ms, features=0.6ms, model=11.1ms, decode=1.3ms | TOTAL=13.4ms for 600ms audio (RTF=0.02x)
[TIMING] stream_chunk[experiment-c31fad790f2e4795a0d40e0ab2a57740](live_neural): decode=0.2ms, inference=15.8ms, second_pass=0.0ms, contention=0.0ms, TOTAL=16.0ms | audio=600ms, RTF=0.03x | model=enhanced_mel, neural_total=15.3ms, model_inference=11.1ms
[TIMING] EnhancedMel.transcribe: audio_to_gpu=0.1ms, features=0.3ms, model=10.1ms, decode=2.3ms | TOTAL=12.8ms for 1200ms audio (RTF=0.01x)
[TIMING] stream_chunk[experiment-c31fad790f2e4795a0d40e0ab2a57740](live_neural): decode=0.1ms, inference=14.5ms, second_pass=0.0ms, contention=0.0ms, TOTAL=14.8ms | audio=600ms, RTF=0.02x | model=enhanced_mel, neural_total=14.2ms, model_inference=10.1ms
[TIMING] EnhancedMel.transcribe: audio_to_gpu=0.1ms, features=0.3ms, model=11.8ms, decode=3.2ms | TOTAL=15.5ms for 1800ms audio (RTF=0.01x)
[TIMING] stream_chunk[experiment-c31fad790f2e4795a0d40e0ab2a57740](live_neural): decode=0.1ms, inference=17.4ms, second_pass=0.0ms, contention=0.0ms, TOTAL=17.6ms | audio=600ms, RTF=0.03x | model=enhanced_mel, neural_total=17.0ms, model_inference=11.8ms
[TIMING] EnhancedMel.transcribe: audio_to_gpu=0.3ms, features=2.8ms, model=16.7ms, decode=4.2ms | TOTAL=24.1ms for 2400ms audio (RTF=0.01x)
[TIMING] stream_chunk[experiment-c31fad790f2e4795a0d40e0ab2a57740](live_neural): decode=0.1ms, inference=26.3ms, second_pass=0.0ms, contention=0.0ms, TOTAL=26.5ms | audio=600ms, RTF=0.04x | model=enhanced_mel, neural_total=26.0ms, model_inference=16.7ms
[TIMING] EnhancedMel.transcribe: audio_to_gpu=0.4ms, features=0.7ms, model=17.1ms, decode=5.3ms | TOTAL=23.5ms for 3000ms audio (RTF=0.01x)
[TIMING] stream_chunk[experiment-c31fad790f2e4795a0d40e0ab2a57740](live_neural): decode=0.1ms, inference=25.8ms, second_pass=0.0ms, contention=0.0ms, TOTAL=26.2ms | audio=600ms, RTF=0.04x | model=enhanced_mel, neural_total=25.4ms, model_inference=17.1ms
[TIMING] EnhancedMel.transcribe: audio_to_gpu=0.6ms, features=0.8ms, model=15.6ms, decode=6.4ms | TOTAL=23.4ms for 3600ms audio (RTF=0.01x)
[TIMING] stream_chunk[experiment-c31fad790f2e4795a0d40e0ab2a57740](live_neural): decode=0.1ms, inference=26.0ms, second_pass=0.0ms, contention=0.0ms, TOTAL=26.4ms | audio=600ms, RTF=0.04x | model=enhanced_mel, neural_total=25.6ms, model_inference=15.6ms
[TIMING] EnhancedMel.transcribe: audio_to_gpu=0.4ms, features=0.6ms, model=14.5ms, decode=8.9ms | TOTAL=24.3ms for 4200ms audio (RTF=0.01x)
[TIMING] stream_chunk[experiment-c31fad790f2e4795a0d40e0ab2a57740](live_neural): decode=0.3ms, inference=27.7ms, second_pass=0.0ms, contention=0.0ms, TOTAL=28.2ms | audio=600ms, RTF=0.05x | model=enhanced_mel, neural_total=27.3ms, model_inference=14.5ms
[TIMING] EnhancedMel.transcribe: audio_to_gpu=0.5ms, features=0.7ms, model=16.2ms, decode=8.9ms | TOTAL=26.2ms for 4200ms audio (RTF=0.01x)
[TIMING] stream_chunk[experiment-c31fad790f2e4795a0d40e0ab2a57740](live_neural): decode=0.1ms, inference=29.3ms, second_pass=0.0ms, contention=0.0ms, TOTAL=29.7ms | audio=600ms, RTF=0.05x | model=enhanced_mel, neural_total=28.9ms, model_inference=16.2ms
[TIMING] EnhancedMel.transcribe: audio_to_gpu=0.3ms, features=0.6ms, model=14.7ms, decode=7.7ms | TOTAL=23.4ms for 4200ms audio (RTF=0.01x)
[TIMING] stream_chunk[experiment-c31fad790f2e4795a0d40e0ab2a57740](live_neural): decode=0.1ms, inference=28.5ms, second_pass=0.0ms, contention=0.0ms, TOTAL=28.8ms | audio=600ms, RTF=0.05x | model=enhanced_mel, neural_total=27.9ms, model_inference=14.7ms
[TIMING] EnhancedMel.transcribe: audio_to_gpu=0.5ms, features=1.7ms, model=18.3ms, decode=8.4ms | TOTAL=28.9ms for 4200ms audio (RTF=0.01x)
[TIMING] stream_chunk[experiment-c31fad790f2e4795a0d40e0ab2a57740](live_neural): decode=0.1ms, inference=31.9ms, second_pass=0.0ms, contention=0.0ms, TOTAL=32.3ms | audio=600ms, RTF=0.05x | model=enhanced_mel, neural_total=31.4ms, model_inference=18.3ms
[TIMING] EnhancedMel.transcribe: audio_to_gpu=0.4ms, features=0.5ms, model=10.2ms, decode=1.2ms | TOTAL=12.4ms for 600ms audio (RTF=0.02x)
[TIMING] stream_chunk[experiment-3ff79733fdf54e3b8441508dde18bd9b](live_neural): decode=0.1ms, inference=14.1ms, second_pass=0.0ms, contention=0.0ms, TOTAL=14.3ms | audio=600ms, RTF=0.02x | model=enhanced_mel, neural_total=13.7ms, model_inference=10.2ms
[TIMING] EnhancedMel.transcribe: audio_to_gpu=0.1ms, features=0.3ms, model=10.8ms, decode=2.5ms | TOTAL=13.7ms for 1200ms audio (RTF=0.01x)
[TIMING] stream_chunk[experiment-3ff79733fdf54e3b8441508dde18bd9b](live_neural): decode=0.1ms, inference=15.3ms, second_pass=0.0ms, contention=0.0ms, TOTAL=15.6ms | audio=600ms, RTF=0.03x | model=enhanced_mel, neural_total=15.0ms, model_inference=10.8ms
[TIMING] EnhancedMel.transcribe: audio_to_gpu=0.2ms, features=0.4ms, model=12.3ms, decode=3.3ms | TOTAL=16.1ms for 1800ms audio (RTF=0.01x)
[TIMING] stream_chunk[experiment-3ff79733fdf54e3b8441508dde18bd9b](live_neural): decode=0.1ms, inference=18.0ms, second_pass=0.0ms, contention=0.0ms, TOTAL=18.2ms | audio=600ms, RTF=0.03x | model=enhanced_mel, neural_total=17.7ms, model_inference=12.3ms
[TIMING] EnhancedMel.transcribe: audio_to_gpu=0.4ms, features=0.5ms, model=11.8ms, decode=4.2ms | TOTAL=16.9ms for 2400ms audio (RTF=0.01x)
[TIMING] stream_chunk[experiment-3ff79733fdf54e3b8441508dde18bd9b](live_neural): decode=0.1ms, inference=19.6ms, second_pass=0.0ms, contention=0.0ms, TOTAL=19.8ms | audio=600ms, RTF=0.03x | model=enhanced_mel, neural_total=19.2ms, model_inference=11.8ms
[TIMING] EnhancedMel.transcribe: audio_to_gpu=0.2ms, features=0.5ms, model=13.1ms, decode=5.8ms | TOTAL=19.5ms for 3000ms audio (RTF=0.01x)
[TIMING] stream_chunk[experiment-3ff79733fdf54e3b8441508dde18bd9b](live_neural): decode=0.1ms, inference=21.9ms, second_pass=0.0ms, contention=0.0ms, TOTAL=22.1ms | audio=600ms, RTF=0.04x | model=enhanced_mel, neural_total=21.5ms, model_inference=13.1ms
[TIMING] EnhancedMel.transcribe: audio_to_gpu=0.3ms, features=0.5ms, model=14.6ms, decode=7.5ms | TOTAL=22.9ms for 3600ms audio (RTF=0.01x)
[TIMING] stream_chunk[experiment-3ff79733fdf54e3b8441508dde18bd9b](live_neural): decode=0.1ms, inference=25.8ms, second_pass=0.0ms, contention=0.0ms, TOTAL=26.1ms | audio=600ms, RTF=0.04x | model=enhanced_mel, neural_total=25.2ms, model_inference=14.6ms
[TIMING] EnhancedMel.transcribe: audio_to_gpu=0.3ms, features=0.5ms, model=14.0ms, decode=7.6ms | TOTAL=22.4ms for 4200ms audio (RTF=0.01x)
[TIMING] stream_chunk[experiment-3ff79733fdf54e3b8441508dde18bd9b](live_neural): decode=0.2ms, inference=25.2ms, second_pass=0.0ms, contention=0.0ms, TOTAL=25.6ms | audio=600ms, RTF=0.04x | model=enhanced_mel, neural_total=24.7ms, model_inference=14.0ms
[TIMING] EnhancedMel.transcribe: audio_to_gpu=0.3ms, features=0.5ms, model=14.5ms, decode=7.7ms | TOTAL=23.0ms for 4200ms audio (RTF=0.01x)
[TIMING] stream_chunk[experiment-3ff79733fdf54e3b8441508dde18bd9b](live_neural): decode=0.1ms, inference=26.4ms, second_pass=0.0ms, contention=0.0ms, TOTAL=26.7ms | audio=600ms, RTF=0.04x | model=enhanced_mel, neural_total=25.9ms, model_inference=14.5ms
[TIMING] EnhancedMel.transcribe: audio_to_gpu=0.4ms, features=1.1ms, model=14.4ms, decode=9.4ms | TOTAL=25.4ms for 4200ms audio (RTF=0.01x)C:\Users\ToniH\Documents\GitHub\LiveScore\backend\rhythm_training\train_enhanced_mel_transcriber.py:645: RuntimeWarning: Mean of empty slice.
  pooled = note_value_probs[onset_f:offset_f, key, :].mean(axis=0)
C:\Users\ToniH\Documents\GitHub\LiveScore\backend\env\Lib\site-packages\numpy\_core\_methods.py:137: RuntimeWarning: invalid value encountered in divide
  ret = um.true_divide(

[TIMING] stream_chunk[experiment-3ff79733fdf54e3b8441508dde18bd9b](live_neural): decode=0.1ms, inference=29.3ms, second_pass=0.0ms, contention=0.0ms, TOTAL=29.7ms | audio=600ms, RTF=0.05x | model=enhanced_mel, neural_total=28.8ms, model_inference=14.4ms
[TIMING] EnhancedMel.transcribe: audio_to_gpu=0.3ms, features=0.5ms, model=13.7ms, decode=7.7ms | TOTAL=22.3ms for 4200ms audio (RTF=0.01x)
[TIMING] stream_chunk[experiment-3ff79733fdf54e3b8441508dde18bd9b](live_neural): decode=0.1ms, inference=25.4ms, second_pass=0.0ms, contention=0.0ms, TOTAL=25.8ms | audio=600ms, RTF=0.04x | model=enhanced_mel, neural_total=24.9ms, model_inference=13.7ms

[CLIP_038] Sonata in D Major, K. 118
  excerpt: start=42.00s end=48.00s duration=6.00s gt_notes=81 rms=0.0337 peak=0.1839 crest=5.448 rms_std=0.0097
    control:
      note metrics: precision=0.953 recall=1.000 f1=0.976 matched=81/81 pred=85
      strict onset f1: 10ms=0.843 20ms=0.964 30ms=0.976
      timing metrics: offset_f1=0.976 rhythm_precision=0.988 note_value_acc=0.370 note_value_n=81 avg_beat_error=0.086
      duplicate metrics: duplicates=1 per_100_notes=1.18
      boundary metrics: gt=25 matched=25 missed=0 miss_rate=0.000
      latency: avg_chunk_ms=24.66 p95_chunk_ms=31.13 avg_rtf=0.041
      notation metrics: first_correct_ms=41.9 visible_p50_ms=349.1 visible_p95_ms=615.2 stabilize_p50_ms=1851.3 stabilize_p95_ms=2404.7 avg_revisions=2.24 matched=50 refined=50 snapshots=18
      algorithmic latency: first_correct_ms=12.2 visible_p50_ms=326.8 visible_p95_ms=587.0 stabilize_p50_ms=1416.7 stabilize_p95_ms=2308.7
      final display note metrics: precision=0.976 recall=0.988 f1=0.982 matched=80/81 pred=82
      final display strict onset f1: 10ms=0.859 20ms=0.982 30ms=0.982
      final display timing: offset_f1=0.982 rhythm_precision=1.000 note_value_acc=0.500 note_value_n=80 avg_beat_error=0.076
      final display structure: cluster_f1=0.955 onset_align_recall=1.000 avg_jaccard=0.988 exact=53/55 pred=56 over=1 under=1 pitch_conflicts=0 missed_gt=0
      threshold profiles: hit_rate=0.000 thresholds=[0.7] profiles={'fixed_baseline': 10}
    treatment:
      note metrics: precision=0.953 recall=1.000 f1=0.976 matched=81/81 pred=85
      strict onset f1: 10ms=0.843 20ms=0.964 30ms=0.976
      timing metrics: offset_f1=0.976 rhythm_precision=0.988 note_value_acc=0.370 note_value_n=81 avg_beat_error=0.086
      duplicate metrics: duplicates=1 per_100_notes=1.18
      boundary metrics: gt=25 matched=25 missed=0 miss_rate=0.000
      latency: avg_chunk_ms=22.40 p95_chunk_ms=28.34 avg_rtf=0.037
      notation metrics: first_correct_ms=39.0 visible_p50_ms=348.0 visible_p95_ms=613.5 stabilize_p50_ms=1847.9 stabilize_p95_ms=2403.2 avg_revisions=2.24 matched=50 refined=50 snapshots=18
      algorithmic latency: first_correct_ms=12.2 visible_p50_ms=326.8 visible_p95_ms=587.0 stabilize_p50_ms=1416.7 stabilize_p95_ms=2308.7
      final display note metrics: precision=0.976 recall=0.988 f1=0.982 matched=80/81 pred=82
      final display strict onset f1: 10ms=0.859 20ms=0.982 30ms=0.982
      final display timing: offset_f1=0.982 rhythm_precision=1.000 note_value_acc=0.500 note_value_n=80 avg_beat_error=0.076
      final display structure: cluster_f1=0.955 onset_align_recall=1.000 avg_jaccard=0.988 exact=53/55 pred=56 over=1 under=1 pitch_conflicts=0 missed_gt=0
      threshold profiles: hit_rate=0.000 thresholds=[0.7] profiles={'baseline_nominal': 10}
    delta treatment-control: precision=+0.000 recall=+0.000 f1=+0.000 offset_f1=+0.000 note_value_acc=+0.000 dup_per_100=+0.00 boundary_miss_rate=+0.000 p95_chunk_ms=-2.79 f1_10ms=+0.000 f1_20ms=+0.000 f1_30ms=+0.000 visible_p50_ms=-1.1 stabilize_p50_ms=-3.4 algo_visible_p50_ms=+0.0 algo_stabilize_p50_ms=+0.0 avg_revisions=+0.00 display_note_f1=+0.000 display_offset_f1=+0.000 display_cluster_f1=+0.000 display_cluster_jaccard=+0.000
    failure buckets: ['runtime_only_win', 'high_revision_slow_stabilization', 'note_value_offset_failure']
[TIMING] EnhancedMel.transcribe: audio_to_gpu=0.4ms, features=0.6ms, model=10.8ms, decode=2.0ms | TOTAL=13.8ms for 600ms audio (RTF=0.02x)
[TIMING] stream_chunk[experiment-099172faa21f48f2a3adf3e084f3f59e](live_neural): decode=0.1ms, inference=15.6ms, second_pass=0.0ms, contention=0.0ms, TOTAL=15.8ms | audio=600ms, RTF=0.03x | model=enhanced_mel, neural_total=15.0ms, model_inference=10.8ms
[TIMING] EnhancedMel.transcribe: audio_to_gpu=0.1ms, features=5.0ms, model=11.4ms, decode=2.9ms | TOTAL=19.4ms for 1200ms audio (RTF=0.02x)
[TIMING] stream_chunk[experiment-099172faa21f48f2a3adf3e084f3f59e](live_neural): decode=0.2ms, inference=21.2ms, second_pass=0.0ms, contention=0.0ms, TOTAL=21.5ms | audio=600ms, RTF=0.04x | model=enhanced_mel, neural_total=20.8ms, model_inference=11.4ms
[TIMING] EnhancedMel.transcribe: audio_to_gpu=0.1ms, features=0.4ms, model=11.2ms, decode=3.3ms | TOTAL=15.1ms for 1800ms audio (RTF=0.01x)
[TIMING] stream_chunk[experiment-099172faa21f48f2a3adf3e084f3f59e](live_neural): decode=0.1ms, inference=17.0ms, second_pass=0.0ms, contention=0.0ms, TOTAL=17.2ms | audio=600ms, RTF=0.03x | model=enhanced_mel, neural_total=16.6ms, model_inference=11.2ms
[TIMING] EnhancedMel.transcribe: audio_to_gpu=0.2ms, features=0.5ms, model=12.0ms, decode=4.5ms | TOTAL=17.2ms for 2400ms audio (RTF=0.01x)
[TIMING] stream_chunk[experiment-099172faa21f48f2a3adf3e084f3f59e](live_neural): decode=0.1ms, inference=19.4ms, second_pass=0.0ms, contention=0.0ms, TOTAL=19.6ms | audio=600ms, RTF=0.03x | model=enhanced_mel, neural_total=19.0ms, model_inference=12.0ms
[TIMING] EnhancedMel.transcribe: audio_to_gpu=0.3ms, features=0.5ms, model=11.9ms, decode=5.3ms | TOTAL=18.0ms for 3000ms audio (RTF=0.01x)
[TIMING] stream_chunk[experiment-099172faa21f48f2a3adf3e084f3f59e](live_neural): decode=0.1ms, inference=20.3ms, second_pass=0.0ms, contention=0.0ms, TOTAL=20.6ms | audio=600ms, RTF=0.03x | model=enhanced_mel, neural_total=19.9ms, model_inference=11.9ms
[TIMING] EnhancedMel.transcribe: audio_to_gpu=0.2ms, features=0.5ms, model=13.0ms, decode=6.5ms | TOTAL=20.3ms for 3600ms audio (RTF=0.01x)
[TIMING] stream_chunk[experiment-099172faa21f48f2a3adf3e084f3f59e](live_neural): decode=0.1ms, inference=22.8ms, second_pass=0.0ms, contention=0.0ms, TOTAL=23.0ms | audio=600ms, RTF=0.04x | model=enhanced_mel, neural_total=22.4ms, model_inference=13.0ms
[TIMING] EnhancedMel.transcribe: audio_to_gpu=0.4ms, features=0.7ms, model=23.2ms, decode=7.4ms | TOTAL=31.6ms for 4200ms audio (RTF=0.01x)
[TIMING] stream_chunk[experiment-099172faa21f48f2a3adf3e084f3f59e](live_neural): decode=0.1ms, inference=34.4ms, second_pass=0.0ms, contention=0.0ms, TOTAL=34.7ms | audio=600ms, RTF=0.06x | model=enhanced_mel, neural_total=33.9ms, model_inference=23.2ms
[TIMING] EnhancedMel.transcribe: audio_to_gpu=0.4ms, features=0.6ms, model=13.9ms, decode=7.5ms | TOTAL=22.3ms for 4200ms audio (RTF=0.01x)
[TIMING] stream_chunk[experiment-099172faa21f48f2a3adf3e084f3f59e](live_neural): decode=0.1ms, inference=25.1ms, second_pass=0.0ms, contention=0.0ms, TOTAL=25.4ms | audio=600ms, RTF=0.04x | model=enhanced_mel, neural_total=24.7ms, model_inference=13.9ms
[TIMING] EnhancedMel.transcribe: audio_to_gpu=0.3ms, features=0.6ms, model=14.2ms, decode=8.2ms | TOTAL=23.2ms for 4200ms audio (RTF=0.01x)
[TIMING] stream_chunk[experiment-099172faa21f48f2a3adf3e084f3f59e](live_neural): decode=0.1ms, inference=26.7ms, second_pass=0.0ms, contention=0.0ms, TOTAL=27.0ms | audio=600ms, RTF=0.05x | model=enhanced_mel, neural_total=26.3ms, model_inference=14.2ms
[TIMING] EnhancedMel.transcribe: audio_to_gpu=0.5ms, features=0.7ms, model=22.1ms, decode=7.5ms | TOTAL=30.8ms for 4200ms audio (RTF=0.01x)
[TIMING] stream_chunk[experiment-099172faa21f48f2a3adf3e084f3f59e](live_neural): decode=0.3ms, inference=33.9ms, second_pass=0.0ms, contention=0.0ms, TOTAL=34.4ms | audio=600ms, RTF=0.06x | model=enhanced_mel, neural_total=33.5ms, model_inference=22.1ms
[TIMING] EnhancedMel.transcribe: audio_to_gpu=0.4ms, features=0.8ms, model=14.5ms, decode=1.3ms | TOTAL=17.1ms for 600ms audio (RTF=0.03x)
[TIMING] stream_chunk[experiment-805674da4c2146729cae3dc4e28a4a45](live_neural): decode=0.1ms, inference=18.7ms, second_pass=0.0ms, contention=0.0ms, TOTAL=18.9ms | audio=600ms, RTF=0.03x | model=enhanced_mel, neural_total=18.3ms, model_inference=14.5ms
[TIMING] EnhancedMel.transcribe: audio_to_gpu=0.1ms, features=0.3ms, model=10.2ms, decode=2.4ms | TOTAL=13.0ms for 1200ms audio (RTF=0.01x)
[TIMING] stream_chunk[experiment-805674da4c2146729cae3dc4e28a4a45](live_neural): decode=0.2ms, inference=14.9ms, second_pass=0.0ms, contention=0.0ms, TOTAL=15.3ms | audio=600ms, RTF=0.03x | model=enhanced_mel, neural_total=14.4ms, model_inference=10.2ms
[TIMING] EnhancedMel.transcribe: audio_to_gpu=0.2ms, features=0.4ms, model=11.9ms, decode=3.3ms | TOTAL=15.7ms for 1800ms audio (RTF=0.01x)
[TIMING] stream_chunk[experiment-805674da4c2146729cae3dc4e28a4a45](live_neural): decode=0.1ms, inference=17.7ms, second_pass=0.0ms, contention=0.0ms, TOTAL=17.9ms | audio=600ms, RTF=0.03x | model=enhanced_mel, neural_total=17.4ms, model_inference=11.9ms
[TIMING] EnhancedMel.transcribe: audio_to_gpu=0.4ms, features=0.7ms, model=19.2ms, decode=4.4ms | TOTAL=24.6ms for 2400ms audio (RTF=0.01x)
[TIMING] stream_chunk[experiment-805674da4c2146729cae3dc4e28a4a45](live_neural): decode=0.1ms, inference=27.1ms, second_pass=0.0ms, contention=0.0ms, TOTAL=27.3ms | audio=600ms, RTF=0.05x | model=enhanced_mel, neural_total=26.7ms, model_inference=19.2ms
[TIMING] EnhancedMel.transcribe: audio_to_gpu=0.3ms, features=0.6ms, model=18.1ms, decode=5.3ms | TOTAL=24.2ms for 3000ms audio (RTF=0.01x)
[TIMING] stream_chunk[experiment-805674da4c2146729cae3dc4e28a4a45](live_neural): decode=0.1ms, inference=26.6ms, second_pass=0.0ms, contention=0.0ms, TOTAL=26.9ms | audio=600ms, RTF=0.04x | model=enhanced_mel, neural_total=26.3ms, model_inference=18.1ms
[TIMING] EnhancedMel.transcribe: audio_to_gpu=0.4ms, features=0.8ms, model=18.3ms, decode=6.3ms | TOTAL=25.8ms for 3600ms audio (RTF=0.01x)
[TIMING] stream_chunk[experiment-805674da4c2146729cae3dc4e28a4a45](live_neural): decode=0.1ms, inference=28.4ms, second_pass=0.0ms, contention=0.0ms, TOTAL=28.7ms | audio=600ms, RTF=0.05x | model=enhanced_mel, neural_total=28.0ms, model_inference=18.3ms
[TIMING] EnhancedMel.transcribe: audio_to_gpu=0.3ms, features=0.5ms, model=14.0ms, decode=7.4ms | TOTAL=22.2ms for 4200ms audio (RTF=0.01x)
[TIMING] stream_chunk[experiment-805674da4c2146729cae3dc4e28a4a45](live_neural): decode=0.1ms, inference=26.1ms, second_pass=0.0ms, contention=0.0ms, TOTAL=26.4ms | audio=600ms, RTF=0.04x | model=enhanced_mel, neural_total=25.7ms, model_inference=14.0ms
[TIMING] EnhancedMel.transcribe: audio_to_gpu=0.3ms, features=0.5ms, model=14.9ms, decode=8.6ms | TOTAL=24.3ms for 4200ms audio (RTF=0.01x)
[TIMING] stream_chunk[experiment-805674da4c2146729cae3dc4e28a4a45](live_neural): decode=0.2ms, inference=26.9ms, second_pass=0.0ms, contention=0.0ms, TOTAL=27.2ms | audio=600ms, RTF=0.05x | model=enhanced_mel, neural_total=26.5ms, model_inference=14.9ms
[TIMING] EnhancedMel.transcribe: audio_to_gpu=0.3ms, features=0.5ms, model=14.8ms, decode=7.4ms | TOTAL=22.9ms for 4200ms audio (RTF=0.01x)
[TIMING] stream_chunk[experiment-805674da4c2146729cae3dc4e28a4a45](live_neural): decode=0.2ms, inference=25.5ms, second_pass=0.0ms, contention=0.0ms, TOTAL=25.9ms | audio=600ms, RTF=0.04x | model=enhanced_mel, neural_total=25.1ms, model_inference=14.8ms
[TIMING] EnhancedMel.transcribe: audio_to_gpu=0.4ms, features=0.5ms, model=14.5ms, decode=9.1ms | TOTAL=24.4ms for 4200ms audio (RTF=0.01x)
[TIMING] stream_chunk[experiment-805674da4c2146729cae3dc4e28a4a45](live_neural): decode=0.1ms, inference=27.2ms, second_pass=0.0ms, contention=0.0ms, TOTAL=27.5ms | audio=600ms, RTF=0.05x | model=enhanced_mel, neural_total=26.8ms, model_inference=14.5ms

[CLIP_039] Sonata, K239
  excerpt: start=81.00s end=87.00s duration=6.00s gt_notes=64 rms=0.1164 peak=0.7610 crest=6.536 rms_std=0.0496
    control:
      note metrics: precision=0.970 recall=1.000 f1=0.985 matched=64/64 pred=66
      strict onset f1: 10ms=0.785 20ms=0.985 30ms=0.985
      timing metrics: offset_f1=0.738 rhythm_precision=0.750 note_value_acc=0.375 note_value_n=64 avg_beat_error=0.203
      duplicate metrics: duplicates=0 per_100_notes=0.00
      boundary metrics: gt=22 matched=22 missed=0 miss_rate=0.000
      latency: avg_chunk_ms=23.93 p95_chunk_ms=34.56 avg_rtf=0.040
      notation metrics: first_correct_ms=71.2 visible_p50_ms=233.7 visible_p95_ms=527.6 stabilize_p50_ms=2342.2 stabilize_p95_ms=2695.3 avg_revisions=2.15 matched=20 refined=20 snapshots=20
      algorithmic latency: first_correct_ms=45.8 visible_p50_ms=210.4 visible_p95_ms=507.2 stabilize_p50_ms=1952.1 stabilize_p95_ms=2307.2
      final display note metrics: precision=0.970 recall=1.000 f1=0.985 matched=64/64 pred=66
      final display strict onset f1: 10ms=0.785 20ms=0.985 30ms=0.985
      final display timing: offset_f1=0.738 rhythm_precision=0.750 note_value_acc=0.266 note_value_n=64 avg_beat_error=0.363
      final display structure: cluster_f1=0.955 onset_align_recall=1.000 avg_jaccard=0.994 exact=32/33 pred=34 over=1 under=0 pitch_conflicts=0 missed_gt=0
      threshold profiles: hit_rate=0.000 thresholds=[0.7] profiles={'fixed_baseline': 10}
    treatment:
      note metrics: precision=0.970 recall=1.000 f1=0.985 matched=64/64 pred=66
      strict onset f1: 10ms=0.785 20ms=0.985 30ms=0.985
      timing metrics: offset_f1=0.738 rhythm_precision=0.750 note_value_acc=0.375 note_value_n=64 avg_beat_error=0.203
      duplicate metrics: duplicates=0 per_100_notes=0.00
      boundary metrics: gt=22 matched=22 missed=0 miss_rate=0.000
      latency: avg_chunk_ms=24.19 p95_chunk_ms=28.15 avg_rtf=0.040
      notation metrics: first_correct_ms=73.0 visible_p50_ms=237.0 visible_p95_ms=533.7 stabilize_p50_ms=2345.4 stabilize_p95_ms=2686.9 avg_revisions=2.15 matched=20 refined=20 snapshots=20
      algorithmic latency: first_correct_ms=45.8 visible_p50_ms=210.4 visible_p95_ms=507.2 stabilize_p50_ms=1952.1 stabilize_p95_ms=2307.2
      final display note metrics: precision=0.970 recall=1.000 f1=0.985 matched=64/64 pred=66
      final display strict onset f1: 10ms=0.785 20ms=0.985 30ms=0.985
      final display timing: offset_f1=0.738 rhythm_precision=0.750 note_value_acc=0.266 note_value_n=64 avg_beat_error=0.363
      final display structure: cluster_f1=0.955 onset_align_recall=1.000 avg_jaccard=0.994 exact=32/33 pred=34 over=1 under=0 pitch_conflicts=0 missed_gt=0
      threshold profiles: hit_rate=0.300 thresholds=[0.7, 0.72] profiles={'baseline_nominal': 7, 'loud_dense_precision': 3}
    delta treatment-control: precision=+0.000 recall=+0.000 f1=+0.000 offset_f1=+0.000 note_value_acc=+0.000 dup_per_100=+0.00 boundary_miss_rate=+0.000 p95_chunk_ms=-6.41 f1_10ms=+0.000 f1_20ms=+0.000 f1_30ms=+0.000 visible_p50_ms=+3.3 stabilize_p50_ms=+3.2 algo_visible_p50_ms=+0.0 algo_stabilize_p50_ms=+0.0 avg_revisions=+0.00 display_note_f1=+0.000 display_offset_f1=+0.000 display_cluster_f1=+0.000 display_cluster_jaccard=+0.000
    failure buckets: ['runtime_only_win', 'high_revision_slow_stabilization', 'note_value_offset_failure']
[TIMING] EnhancedMel.transcribe: audio_to_gpu=5.2ms, features=0.5ms, model=11.5ms, decode=1.4ms | TOTAL=18.7ms for 600ms audio (RTF=0.03x)
[TIMING] stream_chunk[experiment-42f0fd25aac544729168ab9bec414fab](live_neural): decode=0.1ms, inference=20.7ms, second_pass=0.0ms, contention=0.0ms, TOTAL=20.9ms | audio=600ms, RTF=0.03x | model=enhanced_mel, neural_total=20.3ms, model_inference=11.5ms
[TIMING] EnhancedMel.transcribe: audio_to_gpu=0.2ms, features=0.4ms, model=10.1ms, decode=2.4ms | TOTAL=13.1ms for 1200ms audio (RTF=0.01x)
[TIMING] stream_chunk[experiment-42f0fd25aac544729168ab9bec414fab](live_neural): decode=0.2ms, inference=14.9ms, second_pass=0.0ms, contention=0.0ms, TOTAL=15.1ms | audio=600ms, RTF=0.03x | model=enhanced_mel, neural_total=14.5ms, model_inference=10.1ms
[TIMING] EnhancedMel.transcribe: audio_to_gpu=0.2ms, features=0.3ms, model=11.3ms, decode=3.3ms | TOTAL=15.2ms for 1800ms audio (RTF=0.01x)
[TIMING] stream_chunk[experiment-42f0fd25aac544729168ab9bec414fab](live_neural): decode=0.1ms, inference=17.0ms, second_pass=0.0ms, contention=0.0ms, TOTAL=17.2ms | audio=600ms, RTF=0.03x | model=enhanced_mel, neural_total=16.7ms, model_inference=11.3ms
[TIMING] EnhancedMel.transcribe: audio_to_gpu=0.2ms, features=0.4ms, model=11.6ms, decode=4.4ms | TOTAL=16.5ms for 2400ms audio (RTF=0.01x)
[TIMING] stream_chunk[experiment-42f0fd25aac544729168ab9bec414fab](live_neural): decode=0.1ms, inference=18.5ms, second_pass=0.0ms, contention=0.0ms, TOTAL=18.8ms | audio=600ms, RTF=0.03x | model=enhanced_mel, neural_total=18.2ms, model_inference=11.6ms
[TIMING] EnhancedMel.transcribe: audio_to_gpu=0.2ms, features=4.6ms, model=12.2ms, decode=5.5ms | TOTAL=22.5ms for 3000ms audio (RTF=0.01x)
[TIMING] stream_chunk[experiment-42f0fd25aac544729168ab9bec414fab](live_neural): decode=0.1ms, inference=25.1ms, second_pass=0.0ms, contention=0.0ms, TOTAL=25.4ms | audio=600ms, RTF=0.04x | model=enhanced_mel, neural_total=24.8ms, model_inference=12.2ms
[TIMING] EnhancedMel.transcribe: audio_to_gpu=0.3ms, features=1.7ms, model=12.8ms, decode=6.8ms | TOTAL=21.6ms for 3600ms audio (RTF=0.01x)
[TIMING] stream_chunk[experiment-42f0fd25aac544729168ab9bec414fab](live_neural): decode=0.1ms, inference=24.8ms, second_pass=0.0ms, contention=0.0ms, TOTAL=25.1ms | audio=600ms, RTF=0.04x | model=enhanced_mel, neural_total=24.4ms, model_inference=12.8ms
[TIMING] EnhancedMel.transcribe: audio_to_gpu=0.4ms, features=2.8ms, model=20.6ms, decode=7.8ms | TOTAL=31.6ms for 4200ms audio (RTF=0.01x)
[TIMING] stream_chunk[experiment-42f0fd25aac544729168ab9bec414fab](live_neural): decode=0.1ms, inference=36.0ms, second_pass=0.0ms, contention=0.0ms, TOTAL=36.3ms | audio=600ms, RTF=0.06x | model=enhanced_mel, neural_total=34.9ms, model_inference=20.6ms
[TIMING] EnhancedMel.transcribe: audio_to_gpu=0.3ms, features=0.7ms, model=14.4ms, decode=8.0ms | TOTAL=23.4ms for 4200ms audio (RTF=0.01x)
[TIMING] stream_chunk[experiment-42f0fd25aac544729168ab9bec414fab](live_neural): decode=0.1ms, inference=27.3ms, second_pass=0.0ms, contention=0.0ms, TOTAL=27.6ms | audio=600ms, RTF=0.05x | model=enhanced_mel, neural_total=26.9ms, model_inference=14.4ms
[TIMING] EnhancedMel.transcribe: audio_to_gpu=0.4ms, features=0.6ms, model=15.1ms, decode=8.2ms | TOTAL=24.4ms for 4200ms audio (RTF=0.01x)
[TIMING] stream_chunk[experiment-42f0fd25aac544729168ab9bec414fab](live_neural): decode=0.1ms, inference=27.2ms, second_pass=0.0ms, contention=0.0ms, TOTAL=27.5ms | audio=600ms, RTF=0.05x | model=enhanced_mel, neural_total=26.8ms, model_inference=15.1ms
[TIMING] EnhancedMel.transcribe: audio_to_gpu=0.3ms, features=0.5ms, model=15.4ms, decode=7.9ms | TOTAL=24.2ms for 4200ms audio (RTF=0.01x)
[TIMING] stream_chunk[experiment-42f0fd25aac544729168ab9bec414fab](live_neural): decode=0.2ms, inference=28.0ms, second_pass=0.0ms, contention=0.0ms, TOTAL=28.4ms | audio=600ms, RTF=0.05x | model=enhanced_mel, neural_total=27.5ms, model_inference=15.4ms
[TIMING] EnhancedMel.transcribe: audio_to_gpu=4.7ms, features=0.5ms, model=10.1ms, decode=1.4ms | TOTAL=16.8ms for 600ms audio (RTF=0.03x)
[TIMING] stream_chunk[experiment-260cc19128534c0fbbaaa9db4f0f76fc](live_neural): decode=0.1ms, inference=18.3ms, second_pass=0.0ms, contention=0.0ms, TOTAL=18.5ms | audio=600ms, RTF=0.03x | model=enhanced_mel, neural_total=17.9ms, model_inference=10.1ms
[TIMING] EnhancedMel.transcribe: audio_to_gpu=0.2ms, features=0.3ms, model=11.6ms, decode=2.3ms | TOTAL=14.5ms for 1200ms audio (RTF=0.01x)
[TIMING] stream_chunk[experiment-260cc19128534c0fbbaaa9db4f0f76fc](live_neural): decode=0.1ms, inference=16.2ms, second_pass=0.0ms, contention=0.0ms, TOTAL=16.4ms | audio=600ms, RTF=0.03x | model=enhanced_mel, neural_total=15.8ms, model_inference=11.6ms
[TIMING] EnhancedMel.transcribe: audio_to_gpu=0.1ms, features=0.4ms, model=13.2ms, decode=3.4ms | TOTAL=17.1ms for 1800ms audio (RTF=0.01x)
[TIMING] stream_chunk[experiment-260cc19128534c0fbbaaa9db4f0f76fc](live_neural): decode=0.1ms, inference=19.0ms, second_pass=0.0ms, contention=0.0ms, TOTAL=19.3ms | audio=600ms, RTF=0.03x | model=enhanced_mel, neural_total=18.7ms, model_inference=13.2ms
[TIMING] EnhancedMel.transcribe: audio_to_gpu=0.2ms, features=0.4ms, model=11.5ms, decode=4.4ms | TOTAL=16.5ms for 2400ms audio (RTF=0.01x)
[TIMING] stream_chunk[experiment-260cc19128534c0fbbaaa9db4f0f76fc](live_neural): decode=0.1ms, inference=18.6ms, second_pass=0.0ms, contention=0.0ms, TOTAL=18.8ms | audio=600ms, RTF=0.03x | model=enhanced_mel, neural_total=18.2ms, model_inference=11.5ms
[TIMING] EnhancedMel.transcribe: audio_to_gpu=0.2ms, features=0.4ms, model=13.3ms, decode=5.3ms | TOTAL=19.1ms for 3000ms audio (RTF=0.01x)
[TIMING] stream_chunk[experiment-260cc19128534c0fbbaaa9db4f0f76fc](live_neural): decode=0.1ms, inference=21.7ms, second_pass=0.0ms, contention=0.0ms, TOTAL=22.0ms | audio=600ms, RTF=0.04x | model=enhanced_mel, neural_total=21.1ms, model_inference=13.3ms
[TIMING] EnhancedMel.transcribe: audio_to_gpu=0.3ms, features=0.5ms, model=12.5ms, decode=6.5ms | TOTAL=19.8ms for 3600ms audio (RTF=0.01x)
[TIMING] stream_chunk[experiment-260cc19128534c0fbbaaa9db4f0f76fc](live_neural): decode=0.1ms, inference=22.3ms, second_pass=0.0ms, contention=0.0ms, TOTAL=22.6ms | audio=600ms, RTF=0.04x | model=enhanced_mel, neural_total=21.8ms, model_inference=12.5ms
[TIMING] EnhancedMel.transcribe: audio_to_gpu=0.5ms, features=0.7ms, model=18.2ms, decode=7.7ms | TOTAL=27.0ms for 4200ms audio (RTF=0.01x)
[TIMING] stream_chunk[experiment-260cc19128534c0fbbaaa9db4f0f76fc](live_neural): decode=0.1ms, inference=29.8ms, second_pass=0.0ms, contention=0.0ms, TOTAL=30.2ms | audio=600ms, RTF=0.05x | model=enhanced_mel, neural_total=29.3ms, model_inference=18.2ms
[TIMING] EnhancedMel.transcribe: audio_to_gpu=0.3ms, features=0.6ms, model=14.2ms, decode=7.9ms | TOTAL=23.0ms for 4200ms audio (RTF=0.01x)
[TIMING] stream_chunk[experiment-260cc19128534c0fbbaaa9db4f0f76fc](live_neural): decode=0.1ms, inference=26.6ms, second_pass=0.0ms, contention=0.0ms, TOTAL=26.9ms | audio=600ms, RTF=0.04x | model=enhanced_mel, neural_total=26.2ms, model_inference=14.2ms
[TIMING] EnhancedMel.transcribe: audio_to_gpu=0.3ms, features=2.8ms, model=14.8ms, decode=7.8ms | TOTAL=25.7ms for 4200ms audio (RTF=0.01x)
[TIMING] stream_chunk[experiment-260cc19128534c0fbbaaa9db4f0f76fc](live_neural): decode=0.2ms, inference=28.6ms, second_pass=0.0ms, contention=0.0ms, TOTAL=29.0ms | audio=600ms, RTF=0.05x | model=enhanced_mel, neural_total=28.2ms, model_inference=14.8ms
[TIMING] EnhancedMel.transcribe: audio_to_gpu=0.4ms, features=3.5ms, model=14.7ms, decode=8.0ms | TOTAL=26.5ms for 4200ms audio (RTF=0.01x)
[TIMING] stream_chunk[experiment-260cc19128534c0fbbaaa9db4f0f76fc](live_neural): decode=0.2ms, inference=29.3ms, second_pass=0.0ms, contention=0.0ms, TOTAL=29.7ms | audio=600ms, RTF=0.05x | model=enhanced_mel, neural_total=28.9ms, model_inference=14.7ms

[CLIP_040] Sonata K. 525
  excerpt: start=27.00s end=33.00s duration=6.00s gt_notes=95 rms=0.0558 peak=0.3398 crest=6.085 rms_std=0.0188
    control:
      note metrics: precision=0.887 recall=0.905 f1=0.896 matched=86/95 pred=97
      strict onset f1: 10ms=0.729 20ms=0.875 30ms=0.896
      timing metrics: offset_f1=0.750 rhythm_precision=0.837 note_value_acc=0.395 note_value_n=86 avg_beat_error=0.118
      duplicate metrics: duplicates=1 per_100_notes=1.03
      boundary metrics: gt=23 matched=21 missed=2 miss_rate=0.087
      latency: avg_chunk_ms=24.24 p95_chunk_ms=32.76 avg_rtf=0.040
      notation metrics: first_correct_ms=147.3 visible_p50_ms=314.5 visible_p95_ms=626.1 stabilize_p50_ms=1918.2 stabilize_p95_ms=3344.1 avg_revisions=1.18 matched=11 refined=11 snapshots=17
      algorithmic latency: first_correct_ms=122.1 visible_p50_ms=289.1 visible_p95_ms=604.2 stabilize_p50_ms=1330.7 stabilize_p95_ms=2764.6
      final display note metrics: precision=0.896 recall=0.905 f1=0.901 matched=86/95 pred=96
      final display strict onset f1: 10ms=0.733 20ms=0.880 30ms=0.901
      final display timing: offset_f1=0.754 rhythm_precision=0.837 note_value_acc=0.244 note_value_n=86 avg_beat_error=0.180
      final display structure: cluster_f1=0.640 onset_align_recall=1.000 avg_jaccard=0.875 exact=24/36 pred=39 over=3 under=8 pitch_conflicts=1 missed_gt=0
      threshold profiles: hit_rate=0.000 thresholds=[0.7] profiles={'fixed_baseline': 10}
    treatment:
      note metrics: precision=0.887 recall=0.905 f1=0.896 matched=86/95 pred=97
      strict onset f1: 10ms=0.729 20ms=0.875 30ms=0.896
      timing metrics: offset_f1=0.750 rhythm_precision=0.837 note_value_acc=0.395 note_value_n=86 avg_beat_error=0.118
      duplicate metrics: duplicates=1 per_100_notes=1.03
      boundary metrics: gt=23 matched=21 missed=2 miss_rate=0.087
      latency: avg_chunk_ms=23.34 p95_chunk_ms=29.97 avg_rtf=0.039
      notation metrics: first_correct_ms=144.7 visible_p50_ms=311.1 visible_p95_ms=624.8 stabilize_p50_ms=1919.4 stabilize_p95_ms=3343.6 avg_revisions=1.18 matched=11 refined=11 snapshots=17
      algorithmic latency: first_correct_ms=122.1 visible_p50_ms=289.1 visible_p95_ms=604.2 stabilize_p50_ms=1330.7 stabilize_p95_ms=2764.6
      final display note metrics: precision=0.896 recall=0.905 f1=0.901 matched=86/95 pred=96
      final display strict onset f1: 10ms=0.733 20ms=0.880 30ms=0.901
      final display timing: offset_f1=0.754 rhythm_precision=0.837 note_value_acc=0.244 note_value_n=86 avg_beat_error=0.180
      final display structure: cluster_f1=0.640 onset_align_recall=1.000 avg_jaccard=0.875 exact=24/36 pred=39 over=3 under=8 pitch_conflicts=1 missed_gt=0
      threshold profiles: hit_rate=0.000 thresholds=[0.7] profiles={'baseline_nominal': 10}
    delta treatment-control: precision=+0.000 recall=+0.000 f1=+0.000 offset_f1=+0.000 note_value_acc=+0.000 dup_per_100=+0.00 boundary_miss_rate=+0.000 p95_chunk_ms=-2.79 f1_10ms=+0.000 f1_20ms=+0.000 f1_30ms=+0.000 visible_p50_ms=-3.4 stabilize_p50_ms=+1.3 algo_visible_p50_ms=+0.0 algo_stabilize_p50_ms=+0.0 avg_revisions=+0.00 display_note_f1=+0.000 display_offset_f1=+0.000 display_cluster_f1=+0.000 display_cluster_jaccard=+0.000
    failure buckets: ['runtime_only_win', 'boundary_miss_failure', 'high_revision_slow_stabilization', 'note_value_offset_failure']
      boundary diagnostics: missed=2 by_arm={'control': 2, 'treatment': 2} tags={'control_boundary_miss': 2, 'no_control_coarse_candidate': 2}
        miss: pitch=74 onset=3.628s boundary_delta_ms=+27.6 control_coarse=False treatment_coarse=False retro=n/a
        miss: pitch=74 onset=5.440s boundary_delta_ms=+40.1 control_coarse=False treatment_coarse=False retro=n/a
[TIMING] EnhancedMel.transcribe: audio_to_gpu=0.6ms, features=0.5ms, model=10.1ms, decode=1.1ms | TOTAL=12.3ms for 600ms audio (RTF=0.02x)
[TIMING] stream_chunk[experiment-d45185017f1a4900b33669d3089f8e17](live_neural): decode=0.2ms, inference=14.9ms, second_pass=0.0ms, contention=0.0ms, TOTAL=15.1ms | audio=600ms, RTF=0.03x | model=enhanced_mel, neural_total=14.3ms, model_inference=10.1ms
[TIMING] EnhancedMel.transcribe: audio_to_gpu=0.2ms, features=0.5ms, model=11.2ms, decode=2.2ms | TOTAL=14.0ms for 1200ms audio (RTF=0.01x)
[TIMING] stream_chunk[experiment-d45185017f1a4900b33669d3089f8e17](live_neural): decode=0.2ms, inference=15.9ms, second_pass=0.0ms, contention=0.0ms, TOTAL=16.2ms | audio=600ms, RTF=0.03x | model=enhanced_mel, neural_total=15.4ms, model_inference=11.2ms
[TIMING] EnhancedMel.transcribe: audio_to_gpu=0.3ms, features=0.5ms, model=10.9ms, decode=3.1ms | TOTAL=14.7ms for 1800ms audio (RTF=0.01x)
[TIMING] stream_chunk[experiment-d45185017f1a4900b33669d3089f8e17](live_neural): decode=0.1ms, inference=17.4ms, second_pass=0.0ms, contention=0.0ms, TOTAL=17.7ms | audio=600ms, RTF=0.03x | model=enhanced_mel, neural_total=17.1ms, model_inference=10.9ms
[TIMING] EnhancedMel.transcribe: audio_to_gpu=0.2ms, features=0.5ms, model=11.6ms, decode=4.2ms | TOTAL=16.5ms for 2400ms audio (RTF=0.01x)
[TIMING] stream_chunk[experiment-d45185017f1a4900b33669d3089f8e17](live_neural): decode=0.3ms, inference=19.7ms, second_pass=0.0ms, contention=0.0ms, TOTAL=20.1ms | audio=600ms, RTF=0.03x | model=enhanced_mel, neural_total=19.3ms, model_inference=11.6ms
[TIMING] EnhancedMel.transcribe: audio_to_gpu=0.2ms, features=4.6ms, model=12.6ms, decode=5.2ms | TOTAL=22.6ms for 3000ms audio (RTF=0.01x)
[TIMING] stream_chunk[experiment-d45185017f1a4900b33669d3089f8e17](live_neural): decode=0.1ms, inference=24.9ms, second_pass=0.0ms, contention=0.0ms, TOTAL=25.3ms | audio=600ms, RTF=0.04x | model=enhanced_mel, neural_total=24.5ms, model_inference=12.6ms
[TIMING] EnhancedMel.transcribe: audio_to_gpu=0.3ms, features=0.6ms, model=13.0ms, decode=6.2ms | TOTAL=20.1ms for 3600ms audio (RTF=0.01x)
[TIMING] stream_chunk[experiment-d45185017f1a4900b33669d3089f8e17](live_neural): decode=0.1ms, inference=22.6ms, second_pass=0.0ms, contention=0.0ms, TOTAL=22.9ms | audio=600ms, RTF=0.04x | model=enhanced_mel, neural_total=22.1ms, model_inference=13.0ms
[TIMING] EnhancedMel.transcribe: audio_to_gpu=0.3ms, features=5.1ms, model=13.7ms, decode=7.2ms | TOTAL=26.3ms for 4200ms audio (RTF=0.01x)
[TIMING] stream_chunk[experiment-d45185017f1a4900b33669d3089f8e17](live_neural): decode=0.2ms, inference=29.6ms, second_pass=0.0ms, contention=0.0ms, TOTAL=29.9ms | audio=600ms, RTF=0.05x | model=enhanced_mel, neural_total=29.3ms, model_inference=13.7ms
[TIMING] EnhancedMel.transcribe: audio_to_gpu=0.3ms, features=0.5ms, model=14.7ms, decode=7.3ms | TOTAL=22.8ms for 4200ms audio (RTF=0.01x)
[TIMING] stream_chunk[experiment-d45185017f1a4900b33669d3089f8e17](live_neural): decode=0.1ms, inference=26.4ms, second_pass=0.0ms, contention=0.0ms, TOTAL=26.8ms | audio=600ms, RTF=0.04x | model=enhanced_mel, neural_total=26.0ms, model_inference=14.7ms
[TIMING] EnhancedMel.transcribe: audio_to_gpu=0.4ms, features=0.7ms, model=16.7ms, decode=8.3ms | TOTAL=26.1ms for 4200ms audio (RTF=0.01x)
[TIMING] stream_chunk[experiment-d45185017f1a4900b33669d3089f8e17](live_neural): decode=0.1ms, inference=28.9ms, second_pass=0.0ms, contention=0.0ms, TOTAL=29.3ms | audio=600ms, RTF=0.05x | model=enhanced_mel, neural_total=28.4ms, model_inference=16.7ms
[TIMING] EnhancedMel.transcribe: audio_to_gpu=0.3ms, features=0.6ms, model=15.0ms, decode=8.6ms | TOTAL=24.5ms for 4200ms audio (RTF=0.01x)
[TIMING] stream_chunk[experiment-d45185017f1a4900b33669d3089f8e17](live_neural): decode=0.1ms, inference=27.2ms, second_pass=0.0ms, contention=0.0ms, TOTAL=27.6ms | audio=600ms, RTF=0.05x | model=enhanced_mel, neural_total=26.7ms, model_inference=15.0ms
[TIMING] EnhancedMel.transcribe: audio_to_gpu=0.4ms, features=0.5ms, model=10.4ms, decode=1.0ms | TOTAL=12.3ms for 600ms audio (RTF=0.02x)
[TIMING] stream_chunk[experiment-29adef89627d4498bac6f411fd8bcc67](live_neural): decode=0.2ms, inference=13.8ms, second_pass=0.0ms, contention=0.0ms, TOTAL=13.9ms | audio=600ms, RTF=0.02x | model=enhanced_mel, neural_total=13.3ms, model_inference=10.4ms
[TIMING] EnhancedMel.transcribe: audio_to_gpu=0.1ms, features=0.6ms, model=10.8ms, decode=2.2ms | TOTAL=13.8ms for 1200ms audio (RTF=0.01x)
[TIMING] stream_chunk[experiment-29adef89627d4498bac6f411fd8bcc67](live_neural): decode=0.2ms, inference=15.4ms, second_pass=0.0ms, contention=0.0ms, TOTAL=15.6ms | audio=600ms, RTF=0.03x | model=enhanced_mel, neural_total=15.0ms, model_inference=10.8ms
[TIMING] EnhancedMel.transcribe: audio_to_gpu=0.2ms, features=0.5ms, model=10.7ms, decode=3.1ms | TOTAL=14.5ms for 1800ms audio (RTF=0.01x)
[TIMING] stream_chunk[experiment-29adef89627d4498bac6f411fd8bcc67](live_neural): decode=0.1ms, inference=16.8ms, second_pass=0.0ms, contention=0.0ms, TOTAL=17.0ms | audio=600ms, RTF=0.03x | model=enhanced_mel, neural_total=16.3ms, model_inference=10.7ms
[TIMING] EnhancedMel.transcribe: audio_to_gpu=0.3ms, features=0.6ms, model=12.4ms, decode=4.3ms | TOTAL=17.5ms for 2400ms audio (RTF=0.01x)
[TIMING] stream_chunk[experiment-29adef89627d4498bac6f411fd8bcc67](live_neural): decode=0.2ms, inference=19.7ms, second_pass=0.0ms, contention=0.0ms, TOTAL=20.0ms | audio=600ms, RTF=0.03x | model=enhanced_mel, neural_total=19.3ms, model_inference=12.4ms
[TIMING] EnhancedMel.transcribe: audio_to_gpu=0.2ms, features=1.4ms, model=12.4ms, decode=6.4ms | TOTAL=20.6ms for 3000ms audio (RTF=0.01x)
[TIMING] stream_chunk[experiment-29adef89627d4498bac6f411fd8bcc67](live_neural): decode=0.1ms, inference=22.8ms, second_pass=0.0ms, contention=0.0ms, TOTAL=23.1ms | audio=600ms, RTF=0.04x | model=enhanced_mel, neural_total=22.4ms, model_inference=12.4ms
[TIMING] EnhancedMel.transcribe: audio_to_gpu=0.3ms, features=0.5ms, model=14.3ms, decode=6.3ms | TOTAL=21.4ms for 3600ms audio (RTF=0.01x)
[TIMING] stream_chunk[experiment-29adef89627d4498bac6f411fd8bcc67](live_neural): decode=0.1ms, inference=24.8ms, second_pass=0.0ms, contention=0.0ms, TOTAL=25.1ms | audio=600ms, RTF=0.04x | model=enhanced_mel, neural_total=24.5ms, model_inference=14.3ms
[TIMING] EnhancedMel.transcribe: audio_to_gpu=0.3ms, features=0.5ms, model=14.0ms, decode=7.9ms | TOTAL=22.7ms for 4200ms audio (RTF=0.01x)
[TIMING] stream_chunk[experiment-29adef89627d4498bac6f411fd8bcc67](live_neural): decode=0.1ms, inference=25.4ms, second_pass=0.0ms, contention=0.0ms, TOTAL=25.7ms | audio=600ms, RTF=0.04x | model=enhanced_mel, neural_total=25.0ms, model_inference=14.0ms
[TIMING] EnhancedMel.transcribe: audio_to_gpu=0.2ms, features=0.5ms, model=13.9ms, decode=7.4ms | TOTAL=22.0ms for 4200ms audio (RTF=0.01x)
[TIMING] stream_chunk[experiment-29adef89627d4498bac6f411fd8bcc67](live_neural): decode=0.1ms, inference=24.8ms, second_pass=0.0ms, contention=0.0ms, TOTAL=25.2ms | audio=600ms, RTF=0.04x | model=enhanced_mel, neural_total=24.4ms, model_inference=13.9ms
[TIMING] EnhancedMel.transcribe: audio_to_gpu=0.3ms, features=0.5ms, model=14.0ms, decode=7.5ms | TOTAL=22.3ms for 4200ms audio (RTF=0.01x)
[TIMING] stream_chunk[experiment-29adef89627d4498bac6f411fd8bcc67](live_neural): decode=0.1ms, inference=25.7ms, second_pass=0.0ms, contention=0.0ms, TOTAL=26.2ms | audio=600ms, RTF=0.04x | model=enhanced_mel, neural_total=25.2ms, model_inference=14.0ms
[TIMING] EnhancedMel.transcribe: audio_to_gpu=0.3ms, features=0.5ms, model=14.2ms, decode=7.5ms | TOTAL=22.6ms for 4200ms audio (RTF=0.01x)
[TIMING] stream_chunk[experiment-29adef89627d4498bac6f411fd8bcc67](live_neural): decode=0.1ms, inference=25.3ms, second_pass=0.0ms, contention=0.0ms, TOTAL=25.7ms | audio=600ms, RTF=0.04x | model=enhanced_mel, neural_total=24.8ms, model_inference=14.2ms

[CLIP_041] Sonata No. 9, Op. 68
  excerpt: start=72.00s end=78.00s duration=6.00s gt_notes=66 rms=0.0617 peak=0.3605 crest=5.841 rms_std=0.0284
    control:
      note metrics: precision=0.906 recall=0.879 f1=0.892 matched=58/66 pred=64
      strict onset f1: 10ms=0.738 20ms=0.846 30ms=0.892
      timing metrics: offset_f1=0.815 rhythm_precision=0.914 note_value_acc=0.483 note_value_n=58 avg_beat_error=0.127
      duplicate metrics: duplicates=3 per_100_notes=4.69
      boundary metrics: gt=20 matched=19 missed=1 miss_rate=0.050
      latency: avg_chunk_ms=23.08 p95_chunk_ms=29.64 avg_rtf=0.038
      notation metrics: first_correct_ms=0.0 visible_p50_ms=348.5 visible_p95_ms=608.3 stabilize_p50_ms=1454.2 stabilize_p95_ms=2015.7 avg_revisions=1.35 matched=57 refined=57 snapshots=20
      algorithmic latency: first_correct_ms=0.0 visible_p50_ms=319.3 visible_p95_ms=588.9 stabilize_p50_ms=972.7 stabilize_p95_ms=1525.5
      final display note metrics: precision=0.950 recall=0.864 f1=0.905 matched=57/66 pred=60
      final display strict onset f1: 10ms=0.762 20ms=0.873 30ms=0.905
      final display timing: offset_f1=0.825 rhythm_precision=0.912 note_value_acc=0.228 note_value_n=57 avg_beat_error=0.164
      final display structure: cluster_f1=0.755 onset_align_recall=0.857 avg_jaccard=0.913 exact=40/56 pred=50 over=4 under=4 pitch_conflicts=0 missed_gt=8
      threshold profiles: hit_rate=0.000 thresholds=[0.7] profiles={'fixed_baseline': 10}
    treatment:
      note metrics: precision=0.906 recall=0.879 f1=0.892 matched=58/66 pred=64
      strict onset f1: 10ms=0.738 20ms=0.846 30ms=0.892
      timing metrics: offset_f1=0.815 rhythm_precision=0.914 note_value_acc=0.483 note_value_n=58 avg_beat_error=0.127
      duplicate metrics: duplicates=3 per_100_notes=4.69
      boundary metrics: gt=20 matched=19 missed=1 miss_rate=0.050
      latency: avg_chunk_ms=21.77 p95_chunk_ms=26.01 avg_rtf=0.036
      notation metrics: first_correct_ms=0.0 visible_p50_ms=345.5 visible_p95_ms=608.0 stabilize_p50_ms=1451.4 stabilize_p95_ms=2014.5 avg_revisions=1.35 matched=57 refined=57 snapshots=20
      algorithmic latency: first_correct_ms=0.0 visible_p50_ms=319.3 visible_p95_ms=588.9 stabilize_p50_ms=972.7 stabilize_p95_ms=1525.5
      final display note metrics: precision=0.950 recall=0.864 f1=0.905 matched=57/66 pred=60
      final display strict onset f1: 10ms=0.762 20ms=0.873 30ms=0.905
      final display timing: offset_f1=0.825 rhythm_precision=0.912 note_value_acc=0.228 note_value_n=57 avg_beat_error=0.164
      final display structure: cluster_f1=0.755 onset_align_recall=0.857 avg_jaccard=0.913 exact=40/56 pred=50 over=4 under=4 pitch_conflicts=0 missed_gt=8
      threshold profiles: hit_rate=0.100 thresholds=[0.66, 0.7] profiles={'baseline_nominal': 9, 'soft_sparse_recall': 1}
    delta treatment-control: precision=+0.000 recall=+0.000 f1=+0.000 offset_f1=+0.000 note_value_acc=+0.000 dup_per_100=+0.00 boundary_miss_rate=+0.000 p95_chunk_ms=-3.63 f1_10ms=+0.000 f1_20ms=+0.000 f1_30ms=+0.000 visible_p50_ms=-3.0 stabilize_p50_ms=-2.8 algo_visible_p50_ms=+0.0 algo_stabilize_p50_ms=+0.0 avg_revisions=+0.00 display_note_f1=+0.000 display_offset_f1=+0.000 display_cluster_f1=+0.000 display_cluster_jaccard=+0.000
    failure buckets: ['runtime_only_win', 'boundary_miss_failure', 'high_revision_slow_stabilization', 'note_value_offset_failure']
      boundary diagnostics: missed=1 by_arm={'control': 1, 'treatment': 1} tags={'control_boundary_miss': 1, 'no_control_coarse_candidate': 1}
        miss: pitch=67 onset=3.034s boundary_delta_ms=+33.9 control_coarse=False treatment_coarse=False retro=n/a
[TIMING] EnhancedMel.transcribe: audio_to_gpu=0.5ms, features=0.5ms, model=12.0ms, decode=1.3ms | TOTAL=14.3ms for 600ms audio (RTF=0.02x)
[TIMING] stream_chunk[experiment-2d53141b73d54a00a730d9402a9046f9](live_neural): decode=0.1ms, inference=16.1ms, second_pass=0.0ms, contention=0.0ms, TOTAL=16.3ms | audio=600ms, RTF=0.03x | model=enhanced_mel, neural_total=15.6ms, model_inference=12.0ms
[TIMING] EnhancedMel.transcribe: audio_to_gpu=0.2ms, features=0.3ms, model=10.5ms, decode=2.4ms | TOTAL=13.4ms for 1200ms audio (RTF=0.01x)
[TIMING] stream_chunk[experiment-2d53141b73d54a00a730d9402a9046f9](live_neural): decode=0.2ms, inference=15.2ms, second_pass=0.0ms, contention=0.0ms, TOTAL=15.5ms | audio=600ms, RTF=0.03x | model=enhanced_mel, neural_total=14.8ms, model_inference=10.5ms
[TIMING] EnhancedMel.transcribe: audio_to_gpu=0.2ms, features=0.4ms, model=13.1ms, decode=3.4ms | TOTAL=17.1ms for 1800ms audio (RTF=0.01x)
[TIMING] stream_chunk[experiment-2d53141b73d54a00a730d9402a9046f9](live_neural): decode=0.1ms, inference=18.9ms, second_pass=0.0ms, contention=0.0ms, TOTAL=19.2ms | audio=600ms, RTF=0.03x | model=enhanced_mel, neural_total=18.6ms, model_inference=13.1ms
[TIMING] EnhancedMel.transcribe: audio_to_gpu=0.3ms, features=0.5ms, model=11.0ms, decode=4.5ms | TOTAL=16.2ms for 2400ms audio (RTF=0.01x)
[TIMING] stream_chunk[experiment-2d53141b73d54a00a730d9402a9046f9](live_neural): decode=0.1ms, inference=19.0ms, second_pass=0.0ms, contention=0.0ms, TOTAL=19.3ms | audio=600ms, RTF=0.03x | model=enhanced_mel, neural_total=18.7ms, model_inference=11.0ms
[TIMING] EnhancedMel.transcribe: audio_to_gpu=0.2ms, features=0.4ms, model=11.8ms, decode=5.4ms | TOTAL=18.0ms for 3000ms audio (RTF=0.01x)
[TIMING] stream_chunk[experiment-2d53141b73d54a00a730d9402a9046f9](live_neural): decode=0.1ms, inference=20.3ms, second_pass=0.0ms, contention=0.0ms, TOTAL=20.5ms | audio=600ms, RTF=0.03x | model=enhanced_mel, neural_total=19.9ms, model_inference=11.8ms
[TIMING] EnhancedMel.transcribe: audio_to_gpu=0.2ms, features=0.4ms, model=12.4ms, decode=6.7ms | TOTAL=19.8ms for 3600ms audio (RTF=0.01x)
[TIMING] stream_chunk[experiment-2d53141b73d54a00a730d9402a9046f9](live_neural): decode=0.1ms, inference=22.3ms, second_pass=0.0ms, contention=0.0ms, TOTAL=22.6ms | audio=600ms, RTF=0.04x | model=enhanced_mel, neural_total=21.9ms, model_inference=12.4ms
[TIMING] EnhancedMel.transcribe: audio_to_gpu=0.3ms, features=0.5ms, model=14.5ms, decode=7.6ms | TOTAL=22.9ms for 4200ms audio (RTF=0.01x)
[TIMING] stream_chunk[experiment-2d53141b73d54a00a730d9402a9046f9](live_neural): decode=0.2ms, inference=25.5ms, second_pass=0.0ms, contention=0.0ms, TOTAL=25.9ms | audio=600ms, RTF=0.04x | model=enhanced_mel, neural_total=25.2ms, model_inference=14.5ms
[TIMING] EnhancedMel.transcribe: audio_to_gpu=0.2ms, features=0.8ms, model=14.6ms, decode=9.4ms | TOTAL=25.0ms for 4200ms audio (RTF=0.01x)
[TIMING] stream_chunk[experiment-2d53141b73d54a00a730d9402a9046f9](live_neural): decode=0.1ms, inference=28.0ms, second_pass=0.0ms, contention=0.0ms, TOTAL=28.3ms | audio=600ms, RTF=0.05x | model=enhanced_mel, neural_total=27.4ms, model_inference=14.6ms
[TIMING] EnhancedMel.transcribe: audio_to_gpu=0.2ms, features=0.5ms, model=14.6ms, decode=8.4ms | TOTAL=23.7ms for 4200ms audio (RTF=0.01x)
[TIMING] stream_chunk[experiment-2d53141b73d54a00a730d9402a9046f9](live_neural): decode=0.1ms, inference=26.3ms, second_pass=0.0ms, contention=0.0ms, TOTAL=26.7ms | audio=600ms, RTF=0.04x | model=enhanced_mel, neural_total=26.0ms, model_inference=14.6ms
[TIMING] EnhancedMel.transcribe: audio_to_gpu=0.4ms, features=0.5ms, model=15.0ms, decode=8.3ms | TOTAL=24.1ms for 4200ms audio (RTF=0.01x)
[TIMING] stream_chunk[experiment-2d53141b73d54a00a730d9402a9046f9](live_neural): decode=0.1ms, inference=26.9ms, second_pass=0.0ms, contention=0.0ms, TOTAL=27.3ms | audio=600ms, RTF=0.05x | model=enhanced_mel, neural_total=26.4ms, model_inference=15.0ms
[TIMING] EnhancedMel.transcribe: audio_to_gpu=0.6ms, features=0.6ms, model=10.4ms, decode=1.4ms | TOTAL=12.9ms for 600ms audio (RTF=0.02x)
[TIMING] stream_chunk[experiment-ad4d9dc6fda5451fbd897485272aaf55](live_neural): decode=0.2ms, inference=14.5ms, second_pass=0.0ms, contention=0.0ms, TOTAL=14.8ms | audio=600ms, RTF=0.02x | model=enhanced_mel, neural_total=14.1ms, model_inference=10.4ms
[TIMING] EnhancedMel.transcribe: audio_to_gpu=0.2ms, features=0.5ms, model=11.0ms, decode=2.4ms | TOTAL=14.2ms for 1200ms audio (RTF=0.01x)
[TIMING] stream_chunk[experiment-ad4d9dc6fda5451fbd897485272aaf55](live_neural): decode=0.2ms, inference=16.1ms, second_pass=0.0ms, contention=0.0ms, TOTAL=16.4ms | audio=600ms, RTF=0.03x | model=enhanced_mel, neural_total=15.6ms, model_inference=11.0ms
[TIMING] EnhancedMel.transcribe: audio_to_gpu=0.3ms, features=0.6ms, model=15.5ms, decode=3.5ms | TOTAL=20.0ms for 1800ms audio (RTF=0.01x)
[TIMING] stream_chunk[experiment-ad4d9dc6fda5451fbd897485272aaf55](live_neural): decode=0.1ms, inference=22.0ms, second_pass=0.0ms, contention=0.0ms, TOTAL=22.3ms | audio=600ms, RTF=0.04x | model=enhanced_mel, neural_total=21.6ms, model_inference=15.5ms
[TIMING] EnhancedMel.transcribe: audio_to_gpu=0.3ms, features=0.5ms, model=12.1ms, decode=4.9ms | TOTAL=17.8ms for 2400ms audio (RTF=0.01x)
[TIMING] stream_chunk[experiment-ad4d9dc6fda5451fbd897485272aaf55](live_neural): decode=0.1ms, inference=21.2ms, second_pass=0.0ms, contention=0.0ms, TOTAL=21.5ms | audio=600ms, RTF=0.04x | model=enhanced_mel, neural_total=20.0ms, model_inference=12.1ms
[TIMING] EnhancedMel.transcribe: audio_to_gpu=0.2ms, features=4.1ms, model=13.9ms, decode=7.3ms | TOTAL=25.6ms for 3000ms audio (RTF=0.01x)
[TIMING] stream_chunk[experiment-ad4d9dc6fda5451fbd897485272aaf55](live_neural): decode=0.1ms, inference=28.1ms, second_pass=0.0ms, contention=0.0ms, TOTAL=28.5ms | audio=600ms, RTF=0.05x | model=enhanced_mel, neural_total=27.7ms, model_inference=13.9ms
[TIMING] EnhancedMel.transcribe: audio_to_gpu=0.3ms, features=0.5ms, model=13.3ms, decode=7.4ms | TOTAL=21.4ms for 3600ms audio (RTF=0.01x)
[TIMING] stream_chunk[experiment-ad4d9dc6fda5451fbd897485272aaf55](live_neural): decode=0.1ms, inference=24.0ms, second_pass=0.0ms, contention=0.0ms, TOTAL=24.3ms | audio=600ms, RTF=0.04x | model=enhanced_mel, neural_total=23.6ms, model_inference=13.3ms
[TIMING] EnhancedMel.transcribe: audio_to_gpu=0.3ms, features=2.8ms, model=14.3ms, decode=9.4ms | TOTAL=26.8ms for 4200ms audio (RTF=0.01x)
[TIMING] stream_chunk[experiment-ad4d9dc6fda5451fbd897485272aaf55](live_neural): decode=0.1ms, inference=30.7ms, second_pass=0.0ms, contention=0.0ms, TOTAL=31.0ms | audio=600ms, RTF=0.05x | model=enhanced_mel, neural_total=30.3ms, model_inference=14.3ms
[TIMING] EnhancedMel.transcribe: audio_to_gpu=0.3ms, features=0.5ms, model=14.6ms, decode=7.9ms | TOTAL=23.3ms for 4200ms audio (RTF=0.01x)
[TIMING] stream_chunk[experiment-ad4d9dc6fda5451fbd897485272aaf55](live_neural): decode=0.2ms, inference=26.1ms, second_pass=0.0ms, contention=0.0ms, TOTAL=26.6ms | audio=600ms, RTF=0.04x | model=enhanced_mel, neural_total=25.7ms, model_inference=14.6ms
[TIMING] EnhancedMel.transcribe: audio_to_gpu=0.3ms, features=0.5ms, model=14.3ms, decode=8.9ms | TOTAL=24.0ms for 4200ms audio (RTF=0.01x)
[TIMING] stream_chunk[experiment-ad4d9dc6fda5451fbd897485272aaf55](live_neural): decode=0.1ms, inference=26.7ms, second_pass=0.0ms, contention=0.0ms, TOTAL=27.1ms | audio=600ms, RTF=0.05x | model=enhanced_mel, neural_total=26.4ms, model_inference=14.3ms
[TIMING] EnhancedMel.transcribe: audio_to_gpu=0.3ms, features=1.5ms, model=14.4ms, decode=8.0ms | TOTAL=24.2ms for 4200ms audio (RTF=0.01x)
[TIMING] stream_chunk[experiment-ad4d9dc6fda5451fbd897485272aaf55](live_neural): decode=0.1ms, inference=27.0ms, second_pass=0.0ms, contention=0.0ms, TOTAL=27.4ms | audio=600ms, RTF=0.05x | model=enhanced_mel, neural_total=26.5ms, model_inference=14.4ms

[CLIP_042] Sonata in D Major, K. 96 L. 465
  excerpt: start=63.00s end=69.00s duration=6.00s gt_notes=91 rms=0.0446 peak=0.2839 crest=6.358 rms_std=0.0114
    control:
      note metrics: precision=0.968 recall=0.989 f1=0.978 matched=90/91 pred=93
      strict onset f1: 10ms=0.891 20ms=0.978 30ms=0.978
      timing metrics: offset_f1=0.946 rhythm_precision=0.967 note_value_acc=0.589 note_value_n=90 avg_beat_error=0.112
      duplicate metrics: duplicates=0 per_100_notes=0.00
      boundary metrics: gt=25 matched=25 missed=0 miss_rate=0.000
      latency: avg_chunk_ms=22.15 p95_chunk_ms=27.83 avg_rtf=0.037
      notation metrics: first_correct_ms=131.2 visible_p50_ms=137.3 visible_p95_ms=494.3 stabilize_p50_ms=3332.9 stabilize_p95_ms=4776.7 avg_revisions=1.67 matched=3 refined=3 snapshots=15
      algorithmic latency: first_correct_ms=110.7 visible_p50_ms=111.5 visible_p95_ms=474.5 stabilize_p50_ms=3110.7 stabilize_p95_ms=4554.4
      final display note metrics: precision=0.968 recall=0.989 f1=0.978 matched=90/91 pred=93
      final display strict onset f1: 10ms=0.891 20ms=0.978 30ms=0.978
      final display timing: offset_f1=0.946 rhythm_precision=0.967 note_value_acc=0.300 note_value_n=90 avg_beat_error=0.388
      final display structure: cluster_f1=0.921 onset_align_recall=1.000 avg_jaccard=0.989 exact=29/30 pred=33 over=0 under=1 pitch_conflicts=0 missed_gt=0
      threshold profiles: hit_rate=0.000 thresholds=[0.7] profiles={'fixed_baseline': 10}
    treatment:
      note metrics: precision=0.968 recall=0.989 f1=0.978 matched=90/91 pred=93
      strict onset f1: 10ms=0.891 20ms=0.978 30ms=0.978
      timing metrics: offset_f1=0.946 rhythm_precision=0.967 note_value_acc=0.589 note_value_n=90 avg_beat_error=0.112
      duplicate metrics: duplicates=0 per_100_notes=0.00
      boundary metrics: gt=25 matched=25 missed=0 miss_rate=0.000
      latency: avg_chunk_ms=23.99 p95_chunk_ms=29.90 avg_rtf=0.040
      notation metrics: first_correct_ms=139.2 visible_p50_ms=142.5 visible_p95_ms=497.6 stabilize_p50_ms=3333.1 stabilize_p95_ms=4776.8 avg_revisions=1.67 matched=3 refined=3 snapshots=15
      algorithmic latency: first_correct_ms=110.7 visible_p50_ms=111.5 visible_p95_ms=474.5 stabilize_p50_ms=3110.7 stabilize_p95_ms=4554.4
      final display note metrics: precision=0.968 recall=0.989 f1=0.978 matched=90/91 pred=93
      final display strict onset f1: 10ms=0.891 20ms=0.978 30ms=0.978
      final display timing: offset_f1=0.946 rhythm_precision=0.967 note_value_acc=0.300 note_value_n=90 avg_beat_error=0.388
      final display structure: cluster_f1=0.921 onset_align_recall=1.000 avg_jaccard=0.989 exact=29/30 pred=33 over=0 under=1 pitch_conflicts=0 missed_gt=0
      threshold profiles: hit_rate=0.000 thresholds=[0.7] profiles={'baseline_nominal': 10}
    delta treatment-control: precision=+0.000 recall=+0.000 f1=+0.000 offset_f1=+0.000 note_value_acc=+0.000 dup_per_100=+0.00 boundary_miss_rate=+0.000 p95_chunk_ms=+2.07 f1_10ms=+0.000 f1_20ms=+0.000 f1_30ms=+0.000 visible_p50_ms=+5.2 stabilize_p50_ms=+0.2 algo_visible_p50_ms=+0.0 algo_stabilize_p50_ms=+0.0 avg_revisions=+0.00 display_note_f1=+0.000 display_offset_f1=+0.000 display_cluster_f1=+0.000 display_cluster_jaccard=+0.000
    failure buckets: ['high_revision_slow_stabilization']
[TIMING] EnhancedMel.transcribe: audio_to_gpu=0.4ms, features=0.6ms, model=10.8ms, decode=1.3ms | TOTAL=13.1ms for 600ms audio (RTF=0.02x)
[TIMING] stream_chunk[experiment-bdb5b4caab8d4112bc6ec1cf790f307c](live_neural): decode=0.1ms, inference=14.8ms, second_pass=0.0ms, contention=0.0ms, TOTAL=15.0ms | audio=600ms, RTF=0.02x | model=enhanced_mel, neural_total=14.3ms, model_inference=10.8ms
[TIMING] EnhancedMel.transcribe: audio_to_gpu=0.2ms, features=0.4ms, model=10.7ms, decode=3.1ms | TOTAL=14.4ms for 1200ms audio (RTF=0.01x)
[TIMING] stream_chunk[experiment-bdb5b4caab8d4112bc6ec1cf790f307c](live_neural): decode=0.1ms, inference=16.3ms, second_pass=0.0ms, contention=0.0ms, TOTAL=16.6ms | audio=600ms, RTF=0.03x | model=enhanced_mel, neural_total=15.9ms, model_inference=10.7ms
[TIMING] EnhancedMel.transcribe: audio_to_gpu=0.3ms, features=0.6ms, model=16.4ms, decode=3.3ms | TOTAL=20.5ms for 1800ms audio (RTF=0.01x)
[TIMING] stream_chunk[experiment-bdb5b4caab8d4112bc6ec1cf790f307c](live_neural): decode=0.1ms, inference=22.3ms, second_pass=0.0ms, contention=0.0ms, TOTAL=22.6ms | audio=600ms, RTF=0.04x | model=enhanced_mel, neural_total=22.0ms, model_inference=16.4ms
[TIMING] EnhancedMel.transcribe: audio_to_gpu=0.2ms, features=0.4ms, model=11.5ms, decode=4.2ms | TOTAL=16.3ms for 2400ms audio (RTF=0.01x)
[TIMING] stream_chunk[experiment-bdb5b4caab8d4112bc6ec1cf790f307c](live_neural): decode=0.1ms, inference=18.4ms, second_pass=0.0ms, contention=0.0ms, TOTAL=18.6ms | audio=600ms, RTF=0.03x | model=enhanced_mel, neural_total=18.0ms, model_inference=11.5ms
[TIMING] EnhancedMel.transcribe: audio_to_gpu=0.2ms, features=0.5ms, model=11.8ms, decode=5.2ms | TOTAL=17.8ms for 3000ms audio (RTF=0.01x)
[TIMING] stream_chunk[experiment-bdb5b4caab8d4112bc6ec1cf790f307c](live_neural): decode=0.1ms, inference=20.0ms, second_pass=0.0ms, contention=0.0ms, TOTAL=20.3ms | audio=600ms, RTF=0.03x | model=enhanced_mel, neural_total=19.7ms, model_inference=11.8ms
[TIMING] EnhancedMel.transcribe: audio_to_gpu=0.2ms, features=0.4ms, model=13.1ms, decode=7.7ms | TOTAL=21.4ms for 3600ms audio (RTF=0.01x)
[TIMING] stream_chunk[experiment-bdb5b4caab8d4112bc6ec1cf790f307c](live_neural): decode=0.1ms, inference=23.9ms, second_pass=0.0ms, contention=0.0ms, TOTAL=24.3ms | audio=600ms, RTF=0.04x | model=enhanced_mel, neural_total=23.5ms, model_inference=13.1ms
[TIMING] EnhancedMel.transcribe: audio_to_gpu=0.2ms, features=4.8ms, model=13.8ms, decode=7.4ms | TOTAL=26.3ms for 4200ms audio (RTF=0.01x)
[TIMING] stream_chunk[experiment-bdb5b4caab8d4112bc6ec1cf790f307c](live_neural): decode=0.1ms, inference=29.0ms, second_pass=0.0ms, contention=0.0ms, TOTAL=29.5ms | audio=600ms, RTF=0.05x | model=enhanced_mel, neural_total=28.6ms, model_inference=13.8ms
[TIMING] EnhancedMel.transcribe: audio_to_gpu=0.5ms, features=0.5ms, model=14.6ms, decode=7.9ms | TOTAL=23.5ms for 4200ms audio (RTF=0.01x)
[TIMING] stream_chunk[experiment-bdb5b4caab8d4112bc6ec1cf790f307c](live_neural): decode=0.1ms, inference=26.3ms, second_pass=0.0ms, contention=0.0ms, TOTAL=26.7ms | audio=600ms, RTF=0.04x | model=enhanced_mel, neural_total=26.0ms, model_inference=14.6ms
[TIMING] EnhancedMel.transcribe: audio_to_gpu=0.3ms, features=0.5ms, model=14.6ms, decode=7.4ms | TOTAL=22.8ms for 4200ms audio (RTF=0.01x)
[TIMING] stream_chunk[experiment-bdb5b4caab8d4112bc6ec1cf790f307c](live_neural): decode=0.1ms, inference=25.6ms, second_pass=0.0ms, contention=0.0ms, TOTAL=26.1ms | audio=600ms, RTF=0.04x | model=enhanced_mel, neural_total=25.1ms, model_inference=14.6ms
[TIMING] EnhancedMel.transcribe: audio_to_gpu=0.3ms, features=0.5ms, model=14.4ms, decode=8.0ms | TOTAL=23.2ms for 4200ms audio (RTF=0.01x)
[TIMING] stream_chunk[experiment-bdb5b4caab8d4112bc6ec1cf790f307c](live_neural): decode=0.1ms, inference=26.6ms, second_pass=0.0ms, contention=0.0ms, TOTAL=27.1ms | audio=600ms, RTF=0.05x | model=enhanced_mel, neural_total=26.1ms, model_inference=14.4ms
[TIMING] EnhancedMel.transcribe: audio_to_gpu=0.2ms, features=0.5ms, model=10.5ms, decode=1.3ms | TOTAL=12.6ms for 600ms audio (RTF=0.02x)
[TIMING] stream_chunk[experiment-32ab6db9fdcd4693aefeb19133b0ffb4](live_neural): decode=0.1ms, inference=14.0ms, second_pass=0.0ms, contention=0.0ms, TOTAL=14.2ms | audio=600ms, RTF=0.02x | model=enhanced_mel, neural_total=13.7ms, model_inference=10.5ms
[TIMING] EnhancedMel.transcribe: audio_to_gpu=0.2ms, features=0.3ms, model=10.6ms, decode=2.3ms | TOTAL=13.4ms for 1200ms audio (RTF=0.01x)
[TIMING] stream_chunk[experiment-32ab6db9fdcd4693aefeb19133b0ffb4](live_neural): decode=0.1ms, inference=15.1ms, second_pass=0.0ms, contention=0.0ms, TOTAL=15.3ms | audio=600ms, RTF=0.03x | model=enhanced_mel, neural_total=14.8ms, model_inference=10.6ms
[TIMING] EnhancedMel.transcribe: audio_to_gpu=0.2ms, features=0.3ms, model=12.4ms, decode=3.3ms | TOTAL=16.2ms for 1800ms audio (RTF=0.01x)
[TIMING] stream_chunk[experiment-32ab6db9fdcd4693aefeb19133b0ffb4](live_neural): decode=0.1ms, inference=19.2ms, second_pass=0.0ms, contention=0.0ms, TOTAL=19.4ms | audio=600ms, RTF=0.03x | model=enhanced_mel, neural_total=18.8ms, model_inference=12.4ms
[TIMING] EnhancedMel.transcribe: audio_to_gpu=0.2ms, features=0.3ms, model=11.8ms, decode=4.4ms | TOTAL=16.8ms for 2400ms audio (RTF=0.01x)
[TIMING] stream_chunk[experiment-32ab6db9fdcd4693aefeb19133b0ffb4](live_neural): decode=0.1ms, inference=18.8ms, second_pass=0.0ms, contention=0.0ms, TOTAL=19.1ms | audio=600ms, RTF=0.03x | model=enhanced_mel, neural_total=18.5ms, model_inference=11.8ms
[TIMING] EnhancedMel.transcribe: audio_to_gpu=0.3ms, features=0.5ms, model=11.8ms, decode=5.5ms | TOTAL=18.0ms for 3000ms audio (RTF=0.01x)
[TIMING] stream_chunk[experiment-32ab6db9fdcd4693aefeb19133b0ffb4](live_neural): decode=0.2ms, inference=20.2ms, second_pass=0.0ms, contention=0.0ms, TOTAL=20.6ms | audio=600ms, RTF=0.03x | model=enhanced_mel, neural_total=19.9ms, model_inference=11.8ms
[TIMING] EnhancedMel.transcribe: audio_to_gpu=0.2ms, features=0.5ms, model=12.8ms, decode=7.3ms | TOTAL=20.8ms for 3600ms audio (RTF=0.01x)
[TIMING] stream_chunk[experiment-32ab6db9fdcd4693aefeb19133b0ffb4](live_neural): decode=0.1ms, inference=24.0ms, second_pass=0.0ms, contention=0.0ms, TOTAL=24.4ms | audio=600ms, RTF=0.04x | model=enhanced_mel, neural_total=23.7ms, model_inference=12.8ms
[TIMING] EnhancedMel.transcribe: audio_to_gpu=0.4ms, features=0.6ms, model=14.7ms, decode=7.4ms | TOTAL=23.2ms for 4200ms audio (RTF=0.01x)
[TIMING] stream_chunk[experiment-32ab6db9fdcd4693aefeb19133b0ffb4](live_neural): decode=0.1ms, inference=25.7ms, second_pass=0.0ms, contention=0.0ms, TOTAL=26.0ms | audio=600ms, RTF=0.04x | model=enhanced_mel, neural_total=25.4ms, model_inference=14.7ms
[TIMING] EnhancedMel.transcribe: audio_to_gpu=0.5ms, features=0.5ms, model=16.1ms, decode=7.9ms | TOTAL=25.0ms for 4200ms audio (RTF=0.01x)
[TIMING] stream_chunk[experiment-32ab6db9fdcd4693aefeb19133b0ffb4](live_neural): decode=0.1ms, inference=29.3ms, second_pass=0.0ms, contention=0.0ms, TOTAL=29.6ms | audio=600ms, RTF=0.05x | model=enhanced_mel, neural_total=28.8ms, model_inference=16.1ms
[TIMING] EnhancedMel.transcribe: audio_to_gpu=0.4ms, features=3.0ms, model=17.2ms, decode=7.7ms | TOTAL=28.2ms for 4200ms audio (RTF=0.01x)
[TIMING] stream_chunk[experiment-32ab6db9fdcd4693aefeb19133b0ffb4](live_neural): decode=0.1ms, inference=31.1ms, second_pass=0.0ms, contention=0.0ms, TOTAL=31.4ms | audio=600ms, RTF=0.05x | model=enhanced_mel, neural_total=30.6ms, model_inference=17.2ms
[TIMING] EnhancedMel.transcribe: audio_to_gpu=0.3ms, features=0.5ms, model=19.5ms, decode=7.7ms | TOTAL=28.0ms for 4200ms audio (RTF=0.01x)
[TIMING] stream_chunk[experiment-32ab6db9fdcd4693aefeb19133b0ffb4](live_neural): decode=0.1ms, inference=30.9ms, second_pass=0.0ms, contention=0.0ms, TOTAL=31.2ms | audio=600ms, RTF=0.05x | model=enhanced_mel, neural_total=30.4ms, model_inference=19.5ms

[CLIP_043] Sonata in D Minor, K. 9 L. 413
  excerpt: start=12.00s end=18.00s duration=6.00s gt_notes=72 rms=0.0332 peak=0.1817 crest=5.471 rms_std=0.0120
    control:
      note metrics: precision=0.910 recall=0.986 f1=0.947 matched=71/72 pred=78
      strict onset f1: 10ms=0.840 20ms=0.947 30ms=0.947
      timing metrics: offset_f1=0.947 rhythm_precision=0.986 note_value_acc=0.493 note_value_n=71 avg_beat_error=0.054
      duplicate metrics: duplicates=3 per_100_notes=3.85
      boundary metrics: gt=20 matched=20 missed=0 miss_rate=0.000
      latency: avg_chunk_ms=22.68 p95_chunk_ms=28.40 avg_rtf=0.038
      notation metrics: first_correct_ms=17.7 visible_p50_ms=353.4 visible_p95_ms=568.1 stabilize_p50_ms=1543.8 stabilize_p95_ms=3182.3 avg_revisions=1.87 matched=15 refined=15 snapshots=17
      algorithmic latency: first_correct_ms=0.0 visible_p50_ms=329.2 visible_p95_ms=541.7 stabilize_p50_ms=1097.7 stabilize_p95_ms=2736.2
      final display note metrics: precision=0.946 recall=0.972 f1=0.959 matched=70/72 pred=74
      final display strict onset f1: 10ms=0.849 20ms=0.959 30ms=0.959
      final display timing: offset_f1=0.945 rhythm_precision=0.986 note_value_acc=0.429 note_value_n=70 avg_beat_error=0.081
      final display structure: cluster_f1=0.919 onset_align_recall=1.000 avg_jaccard=0.965 exact=34/36 pred=38 over=1 under=1 pitch_conflicts=0 missed_gt=0
      threshold profiles: hit_rate=0.000 thresholds=[0.7] profiles={'fixed_baseline': 10}
    treatment:
      note metrics: precision=0.899 recall=0.986 f1=0.940 matched=71/72 pred=79
      strict onset f1: 10ms=0.834 20ms=0.940 30ms=0.940
      timing metrics: offset_f1=0.940 rhythm_precision=0.986 note_value_acc=0.493 note_value_n=71 avg_beat_error=0.054
      duplicate metrics: duplicates=3 per_100_notes=3.80
      boundary metrics: gt=20 matched=20 missed=0 miss_rate=0.000
      latency: avg_chunk_ms=23.12 p95_chunk_ms=31.33 avg_rtf=0.038
      notation metrics: first_correct_ms=18.0 visible_p50_ms=353.5 visible_p95_ms=573.1 stabilize_p50_ms=1588.1 stabilize_p95_ms=3195.4 avg_revisions=2.20 matched=15 refined=15 snapshots=17
      algorithmic latency: first_correct_ms=0.0 visible_p50_ms=329.2 visible_p95_ms=541.7 stabilize_p50_ms=1128.9 stabilize_p95_ms=2736.2
      final display note metrics: precision=0.933 recall=0.972 f1=0.952 matched=70/72 pred=75
      final display strict onset f1: 10ms=0.844 20ms=0.952 30ms=0.952
      final display timing: offset_f1=0.939 rhythm_precision=0.986 note_value_acc=0.486 note_value_n=70 avg_beat_error=0.056
      final display structure: cluster_f1=0.892 onset_align_recall=1.000 avg_jaccard=0.956 exact=33/36 pred=38 over=2 under=1 pitch_conflicts=0 missed_gt=0
      threshold profiles: hit_rate=0.300 thresholds=[0.66, 0.7] profiles={'baseline_nominal': 7, 'soft_sparse_recall': 3}
    delta treatment-control: precision=-0.012 recall=+0.000 f1=-0.006 offset_f1=-0.006 note_value_acc=+0.000 dup_per_100=-0.05 boundary_miss_rate=+0.000 p95_chunk_ms=+2.93 f1_10ms=-0.006 f1_20ms=-0.006 f1_30ms=-0.006 visible_p50_ms=+0.1 stabilize_p50_ms=+44.4 algo_visible_p50_ms=+0.0 algo_stabilize_p50_ms=+31.2 avg_revisions=+0.33 display_note_f1=-0.007 display_offset_f1=-0.006 display_cluster_f1=-0.027 display_cluster_jaccard=-0.009
    failure buckets: ['high_revision_slow_stabilization', 'note_value_offset_failure']
[TIMING] EnhancedMel.transcribe: audio_to_gpu=0.3ms, features=0.6ms, model=11.5ms, decode=1.4ms | TOTAL=13.8ms for 600ms audio (RTF=0.02x)
[TIMING] stream_chunk[experiment-bcc3789acd8d4047ab7f6f477f523a4b](live_neural): decode=0.1ms, inference=16.2ms, second_pass=0.0ms, contention=0.0ms, TOTAL=16.5ms | audio=600ms, RTF=0.03x | model=enhanced_mel, neural_total=15.7ms, model_inference=11.5ms
[TIMING] EnhancedMel.transcribe: audio_to_gpu=0.2ms, features=0.3ms, model=10.6ms, decode=2.3ms | TOTAL=13.4ms for 1200ms audio (RTF=0.01x)
[TIMING] stream_chunk[experiment-bcc3789acd8d4047ab7f6f477f523a4b](live_neural): decode=0.2ms, inference=15.2ms, second_pass=0.0ms, contention=0.0ms, TOTAL=15.5ms | audio=600ms, RTF=0.03x | model=enhanced_mel, neural_total=14.8ms, model_inference=10.6ms
[TIMING] EnhancedMel.transcribe: audio_to_gpu=0.2ms, features=0.4ms, model=11.5ms, decode=3.2ms | TOTAL=15.3ms for 1800ms audio (RTF=0.01x)
[TIMING] stream_chunk[experiment-bcc3789acd8d4047ab7f6f477f523a4b](live_neural): decode=0.1ms, inference=17.2ms, second_pass=0.0ms, contention=0.0ms, TOTAL=17.4ms | audio=600ms, RTF=0.03x | model=enhanced_mel, neural_total=16.9ms, model_inference=11.5ms
[TIMING] EnhancedMel.transcribe: audio_to_gpu=0.3ms, features=0.6ms, model=17.7ms, decode=4.3ms | TOTAL=22.8ms for 2400ms audio (RTF=0.01x)
[TIMING] stream_chunk[experiment-bcc3789acd8d4047ab7f6f477f523a4b](live_neural): decode=0.1ms, inference=25.0ms, second_pass=0.0ms, contention=0.0ms, TOTAL=25.2ms | audio=600ms, RTF=0.04x | model=enhanced_mel, neural_total=24.6ms, model_inference=17.7ms
[TIMING] EnhancedMel.transcribe: audio_to_gpu=0.2ms, features=0.5ms, model=15.0ms, decode=5.4ms | TOTAL=21.1ms for 3000ms audio (RTF=0.01x)
[TIMING] stream_chunk[experiment-bcc3789acd8d4047ab7f6f477f523a4b](live_neural): decode=0.1ms, inference=23.4ms, second_pass=0.0ms, contention=0.0ms, TOTAL=23.7ms | audio=600ms, RTF=0.04x | model=enhanced_mel, neural_total=23.0ms, model_inference=15.0ms
[TIMING] EnhancedMel.transcribe: audio_to_gpu=0.3ms, features=0.5ms, model=14.4ms, decode=7.8ms | TOTAL=22.9ms for 3600ms audio (RTF=0.01x)
[TIMING] stream_chunk[experiment-bcc3789acd8d4047ab7f6f477f523a4b](live_neural): decode=0.2ms, inference=25.9ms, second_pass=0.0ms, contention=0.0ms, TOTAL=26.4ms | audio=600ms, RTF=0.04x | model=enhanced_mel, neural_total=25.5ms, model_inference=14.4ms
[TIMING] EnhancedMel.transcribe: audio_to_gpu=0.3ms, features=0.5ms, model=16.3ms, decode=7.3ms | TOTAL=24.3ms for 4200ms audio (RTF=0.01x)
[TIMING] stream_chunk[experiment-bcc3789acd8d4047ab7f6f477f523a4b](live_neural): decode=0.1ms, inference=27.5ms, second_pass=0.0ms, contention=0.0ms, TOTAL=27.7ms | audio=600ms, RTF=0.05x | model=enhanced_mel, neural_total=27.1ms, model_inference=16.3ms
[TIMING] EnhancedMel.transcribe: audio_to_gpu=0.3ms, features=2.1ms, model=18.8ms, decode=7.3ms | TOTAL=28.4ms for 4200ms audio (RTF=0.01x)
[TIMING] stream_chunk[experiment-bcc3789acd8d4047ab7f6f477f523a4b](live_neural): decode=0.2ms, inference=31.1ms, second_pass=0.0ms, contention=0.0ms, TOTAL=31.4ms | audio=600ms, RTF=0.05x | model=enhanced_mel, neural_total=30.7ms, model_inference=18.8ms
[TIMING] EnhancedMel.transcribe: audio_to_gpu=0.5ms, features=0.5ms, model=15.6ms, decode=7.2ms | TOTAL=23.8ms for 4200ms audio (RTF=0.01x)
[TIMING] stream_chunk[experiment-bcc3789acd8d4047ab7f6f477f523a4b](live_neural): decode=0.1ms, inference=26.9ms, second_pass=0.0ms, contention=0.0ms, TOTAL=27.2ms | audio=600ms, RTF=0.05x | model=enhanced_mel, neural_total=26.5ms, model_inference=15.6ms
[TIMING] EnhancedMel.transcribe: audio_to_gpu=0.3ms, features=0.5ms, model=16.0ms, decode=7.3ms | TOTAL=24.0ms for 4200ms audio (RTF=0.01x)
[TIMING] stream_chunk[experiment-bcc3789acd8d4047ab7f6f477f523a4b](live_neural): decode=0.1ms, inference=26.7ms, second_pass=0.0ms, contention=0.0ms, TOTAL=27.0ms | audio=600ms, RTF=0.04x | model=enhanced_mel, neural_total=26.2ms, model_inference=16.0ms
[TIMING] EnhancedMel.transcribe: audio_to_gpu=0.3ms, features=0.5ms, model=10.0ms, decode=1.3ms | TOTAL=12.2ms for 600ms audio (RTF=0.02x)
[TIMING] stream_chunk[experiment-0351a46829e3439782f0c1b9f847c01f](live_neural): decode=0.1ms, inference=13.7ms, second_pass=0.0ms, contention=0.0ms, TOTAL=13.9ms | audio=600ms, RTF=0.02x | model=enhanced_mel, neural_total=13.3ms, model_inference=10.0ms
[TIMING] EnhancedMel.transcribe: audio_to_gpu=0.1ms, features=0.4ms, model=10.6ms, decode=2.3ms | TOTAL=13.4ms for 1200ms audio (RTF=0.01x)
[TIMING] stream_chunk[experiment-0351a46829e3439782f0c1b9f847c01f](live_neural): decode=0.1ms, inference=15.1ms, second_pass=0.0ms, contention=0.0ms, TOTAL=15.3ms | audio=600ms, RTF=0.03x | model=enhanced_mel, neural_total=14.7ms, model_inference=10.6ms
[TIMING] EnhancedMel.transcribe: audio_to_gpu=0.1ms, features=0.4ms, model=12.7ms, decode=3.9ms | TOTAL=17.1ms for 1800ms audio (RTF=0.01x)
[TIMING] stream_chunk[experiment-0351a46829e3439782f0c1b9f847c01f](live_neural): decode=0.1ms, inference=19.1ms, second_pass=0.0ms, contention=0.0ms, TOTAL=19.3ms | audio=600ms, RTF=0.03x | model=enhanced_mel, neural_total=18.7ms, model_inference=12.7ms
[TIMING] EnhancedMel.transcribe: audio_to_gpu=0.1ms, features=0.4ms, model=11.9ms, decode=4.2ms | TOTAL=16.6ms for 2400ms audio (RTF=0.01x)
[TIMING] stream_chunk[experiment-0351a46829e3439782f0c1b9f847c01f](live_neural): decode=0.1ms, inference=18.6ms, second_pass=0.0ms, contention=0.0ms, TOTAL=18.8ms | audio=600ms, RTF=0.03x | model=enhanced_mel, neural_total=18.3ms, model_inference=11.9ms
[TIMING] EnhancedMel.transcribe: audio_to_gpu=0.2ms, features=0.4ms, model=12.5ms, decode=5.2ms | TOTAL=18.3ms for 3000ms audio (RTF=0.01x)
[TIMING] stream_chunk[experiment-0351a46829e3439782f0c1b9f847c01f](live_neural): decode=0.2ms, inference=20.5ms, second_pass=0.0ms, contention=0.0ms, TOTAL=20.9ms | audio=600ms, RTF=0.03x | model=enhanced_mel, neural_total=20.2ms, model_inference=12.5ms
[TIMING] EnhancedMel.transcribe: audio_to_gpu=0.2ms, features=0.5ms, model=14.0ms, decode=6.8ms | TOTAL=21.5ms for 3600ms audio (RTF=0.01x)
[TIMING] stream_chunk[experiment-0351a46829e3439782f0c1b9f847c01f](live_neural): decode=0.3ms, inference=24.8ms, second_pass=0.0ms, contention=0.0ms, TOTAL=25.2ms | audio=600ms, RTF=0.04x | model=enhanced_mel, neural_total=24.3ms, model_inference=14.0ms
[TIMING] EnhancedMel.transcribe: audio_to_gpu=0.3ms, features=0.5ms, model=14.9ms, decode=7.2ms | TOTAL=22.9ms for 4200ms audio (RTF=0.01x)
[TIMING] stream_chunk[experiment-0351a46829e3439782f0c1b9f847c01f](live_neural): decode=0.1ms, inference=25.4ms, second_pass=0.0ms, contention=0.0ms, TOTAL=25.6ms | audio=600ms, RTF=0.04x | model=enhanced_mel, neural_total=25.0ms, model_inference=14.9ms
[TIMING] EnhancedMel.transcribe: audio_to_gpu=0.4ms, features=0.5ms, model=14.6ms, decode=7.1ms | TOTAL=22.6ms for 4200ms audio (RTF=0.01x)
[TIMING] stream_chunk[experiment-0351a46829e3439782f0c1b9f847c01f](live_neural): decode=0.1ms, inference=25.6ms, second_pass=0.0ms, contention=0.0ms, TOTAL=25.9ms | audio=600ms, RTF=0.04x | model=enhanced_mel, neural_total=25.2ms, model_inference=14.6ms
[TIMING] EnhancedMel.transcribe: audio_to_gpu=0.3ms, features=0.5ms, model=16.9ms, decode=7.2ms | TOTAL=25.0ms for 4200ms audio (RTF=0.01x)
[TIMING] stream_chunk[experiment-0351a46829e3439782f0c1b9f847c01f](live_neural): decode=0.1ms, inference=27.4ms, second_pass=0.0ms, contention=0.0ms, TOTAL=27.7ms | audio=600ms, RTF=0.05x | model=enhanced_mel, neural_total=27.1ms, model_inference=16.9ms
[TIMING] EnhancedMel.transcribe: audio_to_gpu=0.2ms, features=0.5ms, model=15.0ms, decode=7.4ms | TOTAL=23.0ms for 4200ms audio (RTF=0.01x)
[TIMING] stream_chunk[experiment-0351a46829e3439782f0c1b9f847c01f](live_neural): decode=0.1ms, inference=25.5ms, second_pass=0.0ms, contention=0.0ms, TOTAL=25.8ms | audio=600ms, RTF=0.04x | model=enhanced_mel, neural_total=25.2ms, model_inference=15.0ms

[CLIP_044] Pagodas from Estampes No. 1
  excerpt: start=18.00s end=24.00s duration=6.00s gt_notes=54 rms=0.0153 peak=0.0634 crest=4.148 rms_std=0.0028
    control:
      note metrics: precision=0.804 recall=0.759 f1=0.781 matched=41/54 pred=51
      strict onset f1: 10ms=0.495 20ms=0.705 30ms=0.762
      timing metrics: offset_f1=0.381 rhythm_precision=0.488 note_value_acc=0.000 note_value_n=41 avg_beat_error=0.704
      duplicate metrics: duplicates=3 per_100_notes=5.88
      boundary metrics: gt=19 matched=12 missed=7 miss_rate=0.368
      latency: avg_chunk_ms=23.79 p95_chunk_ms=29.76 avg_rtf=0.040
      notation metrics: first_correct_ms=57.1 visible_p50_ms=243.8 visible_p95_ms=604.5 stabilize_p50_ms=1796.8 stabilize_p95_ms=2993.6 avg_revisions=2.27 matched=15 refined=15 snapshots=18
      algorithmic latency: first_correct_ms=29.4 visible_p50_ms=220.1 visible_p95_ms=578.5 stabilize_p50_ms=1261.5 stabilize_p95_ms=2459.2
      final display note metrics: precision=0.886 recall=0.722 f1=0.796 matched=39/54 pred=44
      final display strict onset f1: 10ms=0.490 20ms=0.714 30ms=0.776
      final display timing: offset_f1=0.327 rhythm_precision=0.410 note_value_acc=0.103 note_value_n=39 avg_beat_error=0.448
      final display structure: cluster_f1=0.526 onset_align_recall=0.895 avg_jaccard=0.836 exact=10/19 pred=19 over=2 under=5 pitch_conflicts=0 missed_gt=2
      threshold profiles: hit_rate=0.000 thresholds=[0.7] profiles={'fixed_baseline': 10}
    treatment:
      note metrics: precision=0.768 recall=0.796 f1=0.782 matched=43/54 pred=56
      strict onset f1: 10ms=0.473 20ms=0.709 30ms=0.764
      timing metrics: offset_f1=0.382 rhythm_precision=0.488 note_value_acc=0.000 note_value_n=43 avg_beat_error=0.693
      duplicate metrics: duplicates=3 per_100_notes=5.36
      boundary metrics: gt=19 matched=13 missed=6 miss_rate=0.316
      latency: avg_chunk_ms=21.85 p95_chunk_ms=26.90 avg_rtf=0.036
      notation metrics: first_correct_ms=55.1 visible_p50_ms=240.9 visible_p95_ms=602.8 stabilize_p50_ms=1872.2 stabilize_p95_ms=3125.5 avg_revisions=2.27 matched=15 refined=15 snapshots=16
      algorithmic latency: first_correct_ms=29.4 visible_p50_ms=220.1 visible_p95_ms=578.5 stabilize_p50_ms=1829.4 stabilize_p95_ms=2758.7
      final display note metrics: precision=0.833 recall=0.741 f1=0.784 matched=40/54 pred=48
      final display strict onset f1: 10ms=0.451 20ms=0.706 30ms=0.765
      final display timing: offset_f1=0.333 rhythm_precision=0.425 note_value_acc=0.050 note_value_n=40 avg_beat_error=0.468
      final display structure: cluster_f1=0.410 onset_align_recall=0.895 avg_jaccard=0.756 exact=8/19 pred=20 over=3 under=5 pitch_conflicts=1 missed_gt=2
      threshold profiles: hit_rate=1.000 thresholds=[0.66] profiles={'soft_sparse_recall': 10}
    delta treatment-control: precision=-0.036 recall=+0.037 f1=+0.001 offset_f1=+0.001 note_value_acc=+0.000 dup_per_100=-0.53 boundary_miss_rate=-0.053 p95_chunk_ms=-2.86 f1_10ms=-0.023 f1_20ms=+0.004 f1_30ms=+0.002 visible_p50_ms=-2.8 stabilize_p50_ms=+75.3 algo_visible_p50_ms=+0.0 algo_stabilize_p50_ms=+568.0 avg_revisions=+0.00 display_note_f1=-0.012 display_offset_f1=+0.007 display_cluster_f1=-0.116 display_cluster_jaccard=-0.080
    failure buckets: ['boundary_miss_failure', 'high_revision_slow_stabilization', 'note_value_offset_failure']
      boundary diagnostics: missed=7 by_arm={'control': 7, 'treatment': 6} tags={'control_boundary_miss': 7, 'no_control_coarse_candidate': 7, 'treatment_recovers_boundary_note': 1}
        miss: pitch=59 onset=2.352s boundary_delta_ms=-48.4 control_coarse=False treatment_coarse=False retro=n/a
        miss: pitch=68 onset=2.368s boundary_delta_ms=-31.5 control_coarse=False treatment_coarse=False retro=n/a
        miss: pitch=63 onset=2.372s boundary_delta_ms=-27.6 control_coarse=False treatment_coarse=True retro=n/a
        ... 4 more missed boundary notes in diagnostics JSON
[TIMING] EnhancedMel.transcribe: audio_to_gpu=0.4ms, features=0.8ms, model=12.8ms, decode=1.3ms | TOTAL=15.3ms for 600ms audio (RTF=0.03x)
[TIMING] stream_chunk[experiment-a500e42d632c4568ad60c8c901460741](live_neural): decode=0.2ms, inference=16.8ms, second_pass=0.0ms, contention=0.0ms, TOTAL=17.1ms | audio=600ms, RTF=0.03x | model=enhanced_mel, neural_total=16.5ms, model_inference=12.8ms
[TIMING] EnhancedMel.transcribe: audio_to_gpu=0.3ms, features=0.4ms, model=10.3ms, decode=2.2ms | TOTAL=13.2ms for 1200ms audio (RTF=0.01x)
[TIMING] stream_chunk[experiment-a500e42d632c4568ad60c8c901460741](live_neural): decode=0.1ms, inference=14.9ms, second_pass=0.0ms, contention=0.0ms, TOTAL=15.1ms | audio=600ms, RTF=0.03x | model=enhanced_mel, neural_total=14.5ms, model_inference=10.3ms
[TIMING] EnhancedMel.transcribe: audio_to_gpu=0.3ms, features=0.6ms, model=11.8ms, decode=3.2ms | TOTAL=16.0ms for 1800ms audio (RTF=0.01x)
[TIMING] stream_chunk[experiment-a500e42d632c4568ad60c8c901460741](live_neural): decode=0.1ms, inference=18.7ms, second_pass=0.0ms, contention=0.0ms, TOTAL=19.0ms | audio=600ms, RTF=0.03x | model=enhanced_mel, neural_total=18.3ms, model_inference=11.8ms
[TIMING] EnhancedMel.transcribe: audio_to_gpu=0.2ms, features=0.8ms, model=18.9ms, decode=4.1ms | TOTAL=24.0ms for 2400ms audio (RTF=0.01x)
[TIMING] stream_chunk[experiment-a500e42d632c4568ad60c8c901460741](live_neural): decode=0.1ms, inference=26.4ms, second_pass=0.0ms, contention=0.0ms, TOTAL=26.6ms | audio=600ms, RTF=0.04x | model=enhanced_mel, neural_total=26.0ms, model_inference=18.9ms
[TIMING] EnhancedMel.transcribe: audio_to_gpu=0.3ms, features=0.7ms, model=13.1ms, decode=5.1ms | TOTAL=19.2ms for 3000ms audio (RTF=0.01x)
[TIMING] stream_chunk[experiment-a500e42d632c4568ad60c8c901460741](live_neural): decode=0.1ms, inference=21.5ms, second_pass=0.0ms, contention=0.0ms, TOTAL=21.7ms | audio=600ms, RTF=0.04x | model=enhanced_mel, neural_total=21.1ms, model_inference=13.1ms
[TIMING] EnhancedMel.transcribe: audio_to_gpu=0.3ms, features=0.5ms, model=13.9ms, decode=6.1ms | TOTAL=20.9ms for 3600ms audio (RTF=0.01x)
[TIMING] stream_chunk[experiment-a500e42d632c4568ad60c8c901460741](live_neural): decode=0.1ms, inference=23.3ms, second_pass=0.0ms, contention=0.0ms, TOTAL=23.6ms | audio=600ms, RTF=0.04x | model=enhanced_mel, neural_total=23.0ms, model_inference=13.9ms
[TIMING] EnhancedMel.transcribe: audio_to_gpu=0.2ms, features=0.5ms, model=15.0ms, decode=7.4ms | TOTAL=23.2ms for 4200ms audio (RTF=0.01x)
[TIMING] stream_chunk[experiment-a500e42d632c4568ad60c8c901460741](live_neural): decode=0.1ms, inference=25.8ms, second_pass=0.0ms, contention=0.0ms, TOTAL=26.3ms | audio=600ms, RTF=0.04x | model=enhanced_mel, neural_total=25.4ms, model_inference=15.0ms
[TIMING] EnhancedMel.transcribe: audio_to_gpu=0.3ms, features=0.5ms, model=15.7ms, decode=7.8ms | TOTAL=24.3ms for 4200ms audio (RTF=0.01x)
[TIMING] stream_chunk[experiment-a500e42d632c4568ad60c8c901460741](live_neural): decode=0.1ms, inference=27.5ms, second_pass=0.0ms, contention=0.0ms, TOTAL=27.8ms | audio=600ms, RTF=0.05x | model=enhanced_mel, neural_total=26.9ms, model_inference=15.7ms
[TIMING] EnhancedMel.transcribe: audio_to_gpu=0.4ms, features=0.5ms, model=17.3ms, decode=7.7ms | TOTAL=25.9ms for 4200ms audio (RTF=0.01x)
[TIMING] stream_chunk[experiment-a500e42d632c4568ad60c8c901460741](live_neural): decode=0.1ms, inference=28.9ms, second_pass=0.0ms, contention=0.0ms, TOTAL=29.3ms | audio=600ms, RTF=0.05x | model=enhanced_mel, neural_total=28.4ms, model_inference=17.3ms
[TIMING] EnhancedMel.transcribe: audio_to_gpu=0.3ms, features=0.5ms, model=15.6ms, decode=7.8ms | TOTAL=24.3ms for 4200ms audio (RTF=0.01x)
[TIMING] stream_chunk[experiment-a500e42d632c4568ad60c8c901460741](live_neural): decode=0.1ms, inference=27.9ms, second_pass=0.0ms, contention=0.0ms, TOTAL=28.3ms | audio=600ms, RTF=0.05x | model=enhanced_mel, neural_total=27.0ms, model_inference=15.6ms
[TIMING] EnhancedMel.transcribe: audio_to_gpu=0.2ms, features=0.5ms, model=10.6ms, decode=1.3ms | TOTAL=12.6ms for 600ms audio (RTF=0.02x)
[TIMING] stream_chunk[experiment-d514ce4e9be8482682fd29cbac9f7182](live_neural): decode=0.1ms, inference=14.1ms, second_pass=0.0ms, contention=0.0ms, TOTAL=14.3ms | audio=600ms, RTF=0.02x | model=enhanced_mel, neural_total=13.7ms, model_inference=10.6ms
[TIMING] EnhancedMel.transcribe: audio_to_gpu=0.1ms, features=0.5ms, model=10.4ms, decode=2.2ms | TOTAL=13.2ms for 1200ms audio (RTF=0.01x)
[TIMING] stream_chunk[experiment-d514ce4e9be8482682fd29cbac9f7182](live_neural): decode=0.1ms, inference=14.8ms, second_pass=0.0ms, contention=0.0ms, TOTAL=15.0ms | audio=600ms, RTF=0.02x | model=enhanced_mel, neural_total=14.5ms, model_inference=10.4ms
[TIMING] EnhancedMel.transcribe: audio_to_gpu=0.1ms, features=0.4ms, model=12.0ms, decode=3.3ms | TOTAL=15.8ms for 1800ms audio (RTF=0.01x)
[TIMING] stream_chunk[experiment-d514ce4e9be8482682fd29cbac9f7182](live_neural): decode=0.2ms, inference=17.7ms, second_pass=0.0ms, contention=0.0ms, TOTAL=18.0ms | audio=600ms, RTF=0.03x | model=enhanced_mel, neural_total=17.4ms, model_inference=12.0ms
[TIMING] EnhancedMel.transcribe: audio_to_gpu=0.1ms, features=0.3ms, model=11.4ms, decode=4.0ms | TOTAL=15.9ms for 2400ms audio (RTF=0.01x)
[TIMING] stream_chunk[experiment-d514ce4e9be8482682fd29cbac9f7182](live_neural): decode=0.1ms, inference=18.0ms, second_pass=0.0ms, contention=0.0ms, TOTAL=18.3ms | audio=600ms, RTF=0.03x | model=enhanced_mel, neural_total=17.6ms, model_inference=11.4ms
[TIMING] EnhancedMel.transcribe: audio_to_gpu=0.3ms, features=0.5ms, model=12.0ms, decode=5.2ms | TOTAL=17.9ms for 3000ms audio (RTF=0.01x)
[TIMING] stream_chunk[experiment-d514ce4e9be8482682fd29cbac9f7182](live_neural): decode=0.1ms, inference=20.2ms, second_pass=0.0ms, contention=0.0ms, TOTAL=20.4ms | audio=600ms, RTF=0.03x | model=enhanced_mel, neural_total=19.8ms, model_inference=12.0ms
[TIMING] EnhancedMel.transcribe: audio_to_gpu=0.3ms, features=0.5ms, model=13.3ms, decode=6.2ms | TOTAL=20.3ms for 3600ms audio (RTF=0.01x)
[TIMING] stream_chunk[experiment-d514ce4e9be8482682fd29cbac9f7182](live_neural): decode=0.1ms, inference=22.7ms, second_pass=0.0ms, contention=0.0ms, TOTAL=23.0ms | audio=600ms, RTF=0.04x | model=enhanced_mel, neural_total=22.4ms, model_inference=13.3ms
[TIMING] EnhancedMel.transcribe: audio_to_gpu=0.2ms, features=0.5ms, model=16.1ms, decode=7.6ms | TOTAL=24.4ms for 4200ms audio (RTF=0.01x)
[TIMING] stream_chunk[experiment-d514ce4e9be8482682fd29cbac9f7182](live_neural): decode=0.2ms, inference=27.7ms, second_pass=0.0ms, contention=0.0ms, TOTAL=28.1ms | audio=600ms, RTF=0.05x | model=enhanced_mel, neural_total=27.2ms, model_inference=16.1ms
[TIMING] EnhancedMel.transcribe: audio_to_gpu=0.4ms, features=0.7ms, model=18.8ms, decode=7.9ms | TOTAL=27.8ms for 4200ms audio (RTF=0.01x)
[TIMING] stream_chunk[experiment-d514ce4e9be8482682fd29cbac9f7182](live_neural): decode=0.1ms, inference=30.6ms, second_pass=0.0ms, contention=0.0ms, TOTAL=30.9ms | audio=600ms, RTF=0.05x | model=enhanced_mel, neural_total=30.2ms, model_inference=18.8ms
[TIMING] EnhancedMel.transcribe: audio_to_gpu=0.3ms, features=0.5ms, model=17.2ms, decode=7.6ms | TOTAL=25.6ms for 4200ms audio (RTF=0.01x)
[TIMING] stream_chunk[experiment-d514ce4e9be8482682fd29cbac9f7182](live_neural): decode=0.1ms, inference=28.3ms, second_pass=0.0ms, contention=0.0ms, TOTAL=28.7ms | audio=600ms, RTF=0.05x | model=enhanced_mel, neural_total=27.8ms, model_inference=17.2ms
[TIMING] EnhancedMel.transcribe: audio_to_gpu=0.3ms, features=0.5ms, model=16.0ms, decode=8.1ms | TOTAL=24.8ms for 4200ms audio (RTF=0.01x)
[TIMING] stream_chunk[experiment-d514ce4e9be8482682fd29cbac9f7182](live_neural): decode=0.2ms, inference=28.2ms, second_pass=0.0ms, contention=0.0ms, TOTAL=28.8ms | audio=600ms, RTF=0.05x | model=enhanced_mel, neural_total=27.8ms, model_inference=16.0ms

[CLIP_045] Sonata in C Major, K. 132
  excerpt: start=84.00s end=90.00s duration=6.00s gt_notes=69 rms=0.0391 peak=0.2202 crest=5.629 rms_std=0.0212
    control:
      note metrics: precision=0.923 recall=0.870 f1=0.896 matched=60/69 pred=65
      strict onset f1: 10ms=0.597 20ms=0.851 30ms=0.866
      timing metrics: offset_f1=0.791 rhythm_precision=0.883 note_value_acc=0.667 note_value_n=60 avg_beat_error=0.160
      duplicate metrics: duplicates=0 per_100_notes=0.00
      boundary metrics: gt=18 matched=16 missed=2 miss_rate=0.111
      latency: avg_chunk_ms=23.48 p95_chunk_ms=28.85 avg_rtf=0.039
      notation metrics: first_correct_ms=33.5 visible_p50_ms=366.8 visible_p95_ms=618.4 stabilize_p50_ms=1394.1 stabilize_p95_ms=2239.8 avg_revisions=1.33 matched=52 refined=52 snapshots=19
      algorithmic latency: first_correct_ms=7.3 visible_p50_ms=341.3 visible_p95_ms=593.6 stabilize_p50_ms=974.2 stabilize_p95_ms=1814.5
      final display note metrics: precision=0.922 recall=0.855 f1=0.887 matched=59/69 pred=64
      final display strict onset f1: 10ms=0.586 20ms=0.842 30ms=0.857
      final display timing: offset_f1=0.782 rhythm_precision=0.881 note_value_acc=0.373 note_value_n=59 avg_beat_error=0.223
      final display structure: cluster_f1=0.580 onset_align_recall=0.863 avg_jaccard=0.811 exact=29/51 pred=49 over=6 under=8 pitch_conflicts=1 missed_gt=7
      threshold profiles: hit_rate=0.000 thresholds=[0.7] profiles={'fixed_baseline': 10}
    treatment:
      note metrics: precision=0.924 recall=0.884 f1=0.904 matched=61/69 pred=66
      strict onset f1: 10ms=0.607 20ms=0.859 30ms=0.874
      timing metrics: offset_f1=0.800 rhythm_precision=0.885 note_value_acc=0.656 note_value_n=61 avg_beat_error=0.159
      duplicate metrics: duplicates=0 per_100_notes=0.00
      boundary metrics: gt=18 matched=17 missed=1 miss_rate=0.056
      latency: avg_chunk_ms=22.54 p95_chunk_ms=29.95 avg_rtf=0.038
      notation metrics: first_correct_ms=35.4 visible_p50_ms=377.2 visible_p95_ms=627.6 stabilize_p50_ms=1169.2 stabilize_p95_ms=1977.8 avg_revisions=1.00 matched=53 refined=53 snapshots=19
      algorithmic latency: first_correct_ms=7.3 visible_p50_ms=356.8 visible_p95_ms=599.3 stabilize_p50_ms=719.3 stabilize_p95_ms=1540.9
      final display note metrics: precision=0.923 recall=0.870 f1=0.896 matched=60/69 pred=65
      final display strict onset f1: 10ms=0.597 20ms=0.851 30ms=0.866
      final display timing: offset_f1=0.791 rhythm_precision=0.883 note_value_acc=0.433 note_value_n=60 avg_beat_error=0.215
      final display structure: cluster_f1=0.594 onset_align_recall=0.882 avg_jaccard=0.815 exact=30/51 pred=50 over=6 under=8 pitch_conflicts=1 missed_gt=6
      threshold profiles: hit_rate=0.400 thresholds=[0.66, 0.7] profiles={'baseline_nominal': 6, 'soft_sparse_recall': 4}
    delta treatment-control: precision=+0.001 recall=+0.014 f1=+0.008 offset_f1=+0.009 note_value_acc=-0.011 dup_per_100=+0.00 boundary_miss_rate=-0.056 p95_chunk_ms=+1.10 f1_10ms=+0.010 f1_20ms=+0.009 f1_30ms=+0.008 visible_p50_ms=+10.4 stabilize_p50_ms=-224.9 algo_visible_p50_ms=+15.5 algo_stabilize_p50_ms=-254.9 avg_revisions=-0.33 display_note_f1=+0.008 display_offset_f1=+0.009 display_cluster_f1=+0.014 display_cluster_jaccard=+0.004
    failure buckets: ['boundary_miss_failure', 'high_revision_slow_stabilization']
      boundary diagnostics: missed=2 by_arm={'control': 2, 'treatment': 1} tags={'control_boundary_miss': 2, 'no_control_coarse_candidate': 2, 'treatment_recovers_boundary_note': 1}
        miss: pitch=70 onset=0.513s boundary_delta_ms=-87.0 control_coarse=False treatment_coarse=True retro=n/a
        miss: pitch=69 onset=0.611s boundary_delta_ms=+10.7 control_coarse=False treatment_coarse=False retro=n/a
[TIMING] EnhancedMel.transcribe: audio_to_gpu=0.3ms, features=0.8ms, model=15.6ms, decode=1.4ms | TOTAL=18.1ms for 600ms audio (RTF=0.03x)
[TIMING] stream_chunk[experiment-3dd2ceb550454039888d79aa43bd19f0](live_neural): decode=0.2ms, inference=20.0ms, second_pass=0.0ms, contention=0.0ms, TOTAL=20.2ms | audio=600ms, RTF=0.03x | model=enhanced_mel, neural_total=19.5ms, model_inference=15.6ms
[TIMING] EnhancedMel.transcribe: audio_to_gpu=0.1ms, features=0.4ms, model=11.3ms, decode=2.4ms | TOTAL=14.2ms for 1200ms audio (RTF=0.01x)
[TIMING] stream_chunk[experiment-3dd2ceb550454039888d79aa43bd19f0](live_neural): decode=0.1ms, inference=16.2ms, second_pass=0.0ms, contention=0.0ms, TOTAL=16.5ms | audio=600ms, RTF=0.03x | model=enhanced_mel, neural_total=15.7ms, model_inference=11.3ms
[TIMING] EnhancedMel.transcribe: audio_to_gpu=0.3ms, features=0.5ms, model=11.2ms, decode=3.4ms | TOTAL=15.4ms for 1800ms audio (RTF=0.01x)
[TIMING] stream_chunk[experiment-3dd2ceb550454039888d79aa43bd19f0](live_neural): decode=0.1ms, inference=17.5ms, second_pass=0.0ms, contention=0.0ms, TOTAL=17.7ms | audio=600ms, RTF=0.03x | model=enhanced_mel, neural_total=17.0ms, model_inference=11.2ms
[TIMING] EnhancedMel.transcribe: audio_to_gpu=0.2ms, features=0.5ms, model=15.1ms, decode=4.6ms | TOTAL=20.3ms for 2400ms audio (RTF=0.01x)
[TIMING] stream_chunk[experiment-3dd2ceb550454039888d79aa43bd19f0](live_neural): decode=0.2ms, inference=22.5ms, second_pass=0.0ms, contention=0.0ms, TOTAL=22.8ms | audio=600ms, RTF=0.04x | model=enhanced_mel, neural_total=22.2ms, model_inference=15.1ms
[TIMING] EnhancedMel.transcribe: audio_to_gpu=0.3ms, features=0.6ms, model=13.5ms, decode=5.6ms | TOTAL=20.0ms for 3000ms audio (RTF=0.01x)
[TIMING] stream_chunk[experiment-3dd2ceb550454039888d79aa43bd19f0](live_neural): decode=0.1ms, inference=22.5ms, second_pass=0.0ms, contention=0.0ms, TOTAL=22.9ms | audio=600ms, RTF=0.04x | model=enhanced_mel, neural_total=22.1ms, model_inference=13.5ms
[TIMING] EnhancedMel.transcribe: audio_to_gpu=0.3ms, features=0.6ms, model=14.0ms, decode=6.6ms | TOTAL=21.6ms for 3600ms audio (RTF=0.01x)
[TIMING] stream_chunk[experiment-3dd2ceb550454039888d79aa43bd19f0](live_neural): decode=0.2ms, inference=24.4ms, second_pass=0.0ms, contention=0.0ms, TOTAL=24.7ms | audio=600ms, RTF=0.04x | model=enhanced_mel, neural_total=24.0ms, model_inference=14.0ms
[TIMING] EnhancedMel.transcribe: audio_to_gpu=0.3ms, features=0.5ms, model=15.1ms, decode=7.6ms | TOTAL=23.6ms for 4200ms audio (RTF=0.01x)
[TIMING] stream_chunk[experiment-3dd2ceb550454039888d79aa43bd19f0](live_neural): decode=0.1ms, inference=26.6ms, second_pass=0.0ms, contention=0.0ms, TOTAL=27.1ms | audio=600ms, RTF=0.05x | model=enhanced_mel, neural_total=25.9ms, model_inference=15.1ms
[TIMING] EnhancedMel.transcribe: audio_to_gpu=0.3ms, features=0.5ms, model=15.8ms, decode=7.6ms | TOTAL=24.2ms for 4200ms audio (RTF=0.01x)
[TIMING] stream_chunk[experiment-3dd2ceb550454039888d79aa43bd19f0](live_neural): decode=0.1ms, inference=27.4ms, second_pass=0.0ms, contention=0.0ms, TOTAL=27.7ms | audio=600ms, RTF=0.05x | model=enhanced_mel, neural_total=26.9ms, model_inference=15.8ms
[TIMING] EnhancedMel.transcribe: audio_to_gpu=0.4ms, features=0.5ms, model=15.4ms, decode=7.5ms | TOTAL=23.9ms for 4200ms audio (RTF=0.01x)
[TIMING] stream_chunk[experiment-3dd2ceb550454039888d79aa43bd19f0](live_neural): decode=0.1ms, inference=27.5ms, second_pass=0.0ms, contention=0.0ms, TOTAL=27.9ms | audio=600ms, RTF=0.05x | model=enhanced_mel, neural_total=26.4ms, model_inference=15.4ms
[TIMING] EnhancedMel.transcribe: audio_to_gpu=0.2ms, features=0.5ms, model=15.2ms, decode=8.7ms | TOTAL=24.6ms for 4200ms audio (RTF=0.01x)
[TIMING] stream_chunk[experiment-3dd2ceb550454039888d79aa43bd19f0](live_neural): decode=0.1ms, inference=27.4ms, second_pass=0.0ms, contention=0.0ms, TOTAL=27.8ms | audio=600ms, RTF=0.05x | model=enhanced_mel, neural_total=27.0ms, model_inference=15.2ms
[TIMING] EnhancedMel.transcribe: audio_to_gpu=0.2ms, features=0.5ms, model=10.2ms, decode=1.3ms | TOTAL=12.2ms for 600ms audio (RTF=0.02x)
[TIMING] stream_chunk[experiment-5b5f32493b234672b681011f0861d592](live_neural): decode=0.2ms, inference=13.7ms, second_pass=0.0ms, contention=0.0ms, TOTAL=13.9ms | audio=600ms, RTF=0.02x | model=enhanced_mel, neural_total=13.3ms, model_inference=10.2ms
[TIMING] EnhancedMel.transcribe: audio_to_gpu=0.1ms, features=0.3ms, model=10.3ms, decode=2.4ms | TOTAL=13.2ms for 1200ms audio (RTF=0.01x)
[TIMING] stream_chunk[experiment-5b5f32493b234672b681011f0861d592](live_neural): decode=0.1ms, inference=14.9ms, second_pass=0.0ms, contention=0.0ms, TOTAL=15.1ms | audio=600ms, RTF=0.03x | model=enhanced_mel, neural_total=14.5ms, model_inference=10.3ms
[TIMING] EnhancedMel.transcribe: audio_to_gpu=0.3ms, features=0.5ms, model=10.8ms, decode=4.7ms | TOTAL=16.2ms for 1800ms audio (RTF=0.01x)
[TIMING] stream_chunk[experiment-5b5f32493b234672b681011f0861d592](live_neural): decode=0.1ms, inference=19.1ms, second_pass=0.0ms, contention=0.0ms, TOTAL=19.4ms | audio=600ms, RTF=0.03x | model=enhanced_mel, neural_total=18.7ms, model_inference=10.8ms
[TIMING] EnhancedMel.transcribe: audio_to_gpu=0.3ms, features=0.4ms, model=12.4ms, decode=4.6ms | TOTAL=17.6ms for 2400ms audio (RTF=0.01x)
[TIMING] stream_chunk[experiment-5b5f32493b234672b681011f0861d592](live_neural): decode=0.1ms, inference=19.9ms, second_pass=0.0ms, contention=0.0ms, TOTAL=20.2ms | audio=600ms, RTF=0.03x | model=enhanced_mel, neural_total=19.6ms, model_inference=12.4ms
[TIMING] EnhancedMel.transcribe: audio_to_gpu=0.3ms, features=0.5ms, model=11.6ms, decode=5.5ms | TOTAL=17.9ms for 3000ms audio (RTF=0.01x)
[TIMING] stream_chunk[experiment-5b5f32493b234672b681011f0861d592](live_neural): decode=0.1ms, inference=20.4ms, second_pass=0.0ms, contention=0.0ms, TOTAL=20.7ms | audio=600ms, RTF=0.03x | model=enhanced_mel, neural_total=20.0ms, model_inference=11.6ms
[TIMING] EnhancedMel.transcribe: audio_to_gpu=0.2ms, features=0.5ms, model=14.1ms, decode=7.2ms | TOTAL=21.9ms for 3600ms audio (RTF=0.01x)
[TIMING] stream_chunk[experiment-5b5f32493b234672b681011f0861d592](live_neural): decode=0.1ms, inference=24.5ms, second_pass=0.0ms, contention=0.0ms, TOTAL=24.8ms | audio=600ms, RTF=0.04x | model=enhanced_mel, neural_total=24.1ms, model_inference=14.1ms
[TIMING] EnhancedMel.transcribe: audio_to_gpu=0.9ms, features=0.5ms, model=16.4ms, decode=7.7ms | TOTAL=25.5ms for 4200ms audio (RTF=0.01x)
[TIMING] stream_chunk[experiment-5b5f32493b234672b681011f0861d592](live_neural): decode=0.1ms, inference=28.3ms, second_pass=0.0ms, contention=0.0ms, TOTAL=28.6ms | audio=600ms, RTF=0.05x | model=enhanced_mel, neural_total=27.8ms, model_inference=16.4ms
[TIMING] EnhancedMel.transcribe: audio_to_gpu=0.3ms, features=0.6ms, model=16.8ms, decode=8.1ms | TOTAL=25.8ms for 4200ms audio (RTF=0.01x)
[TIMING] stream_chunk[experiment-5b5f32493b234672b681011f0861d592](live_neural): decode=0.1ms, inference=29.7ms, second_pass=0.0ms, contention=0.0ms, TOTAL=30.1ms | audio=600ms, RTF=0.05x | model=enhanced_mel, neural_total=29.3ms, model_inference=16.8ms
[TIMING] EnhancedMel.transcribe: audio_to_gpu=0.3ms, features=0.6ms, model=16.1ms, decode=7.7ms | TOTAL=24.7ms for 4200ms audio (RTF=0.01x)
[TIMING] stream_chunk[experiment-5b5f32493b234672b681011f0861d592](live_neural): decode=0.1ms, inference=28.3ms, second_pass=0.0ms, contention=0.0ms, TOTAL=28.6ms | audio=600ms, RTF=0.05x | model=enhanced_mel, neural_total=27.9ms, model_inference=16.1ms
[TIMING] EnhancedMel.transcribe: audio_to_gpu=0.3ms, features=0.5ms, model=16.2ms, decode=7.5ms | TOTAL=24.5ms for 4200ms audio (RTF=0.01x)
[TIMING] stream_chunk[experiment-5b5f32493b234672b681011f0861d592](live_neural): decode=0.1ms, inference=28.5ms, second_pass=0.0ms, contention=0.0ms, TOTAL=28.8ms | audio=600ms, RTF=0.05x | model=enhanced_mel, neural_total=28.1ms, model_inference=16.2ms

[CLIP_046] Sonata in D Major, K. 118
  excerpt: start=9.00s end=15.00s duration=6.00s gt_notes=86 rms=0.0403 peak=0.2391 crest=5.927 rms_std=0.0103
    control:
      note metrics: precision=0.934 recall=0.988 f1=0.960 matched=85/86 pred=91
      strict onset f1: 10ms=0.881 20ms=0.960 30ms=0.960
      timing metrics: offset_f1=0.927 rhythm_precision=0.965 note_value_acc=0.435 note_value_n=85 avg_beat_error=0.068
      duplicate metrics: duplicates=3 per_100_notes=3.30
      boundary metrics: gt=29 matched=29 missed=0 miss_rate=0.000
      latency: avg_chunk_ms=23.53 p95_chunk_ms=27.84 avg_rtf=0.039
      notation metrics: first_correct_ms=0.7 visible_p50_ms=310.6 visible_p95_ms=588.7 stabilize_p50_ms=1278.2 stabilize_p95_ms=2088.6 avg_revisions=1.35 matched=63 refined=63 snapshots=19
      algorithmic latency: first_correct_ms=0.0 visible_p50_ms=290.9 visible_p95_ms=566.5 stabilize_p50_ms=1100.8 stabilize_p95_ms=2010.5
      final display note metrics: precision=0.965 recall=0.965 f1=0.965 matched=83/86 pred=86
      final display strict onset f1: 10ms=0.860 20ms=0.953 30ms=0.953
      final display timing: offset_f1=0.930 rhythm_precision=0.964 note_value_acc=0.241 note_value_n=83 avg_beat_error=0.106
      final display structure: cluster_f1=0.929 onset_align_recall=0.984 avg_jaccard=0.966 exact=59/64 pred=63 over=2 under=1 pitch_conflicts=1 missed_gt=1
      threshold profiles: hit_rate=0.000 thresholds=[0.7] profiles={'fixed_baseline': 10}
    treatment:
      note metrics: precision=0.934 recall=0.988 f1=0.960 matched=85/86 pred=91
      strict onset f1: 10ms=0.881 20ms=0.960 30ms=0.960
      timing metrics: offset_f1=0.927 rhythm_precision=0.965 note_value_acc=0.435 note_value_n=85 avg_beat_error=0.068
      duplicate metrics: duplicates=3 per_100_notes=3.30
      boundary metrics: gt=29 matched=29 missed=0 miss_rate=0.000
      latency: avg_chunk_ms=23.03 p95_chunk_ms=29.54 avg_rtf=0.038
      notation metrics: first_correct_ms=0.0 visible_p50_ms=310.3 visible_p95_ms=586.1 stabilize_p50_ms=1280.7 stabilize_p95_ms=2089.6 avg_revisions=1.35 matched=63 refined=63 snapshots=19
      algorithmic latency: first_correct_ms=0.0 visible_p50_ms=290.9 visible_p95_ms=566.5 stabilize_p50_ms=1100.8 stabilize_p95_ms=2010.5
      final display note metrics: precision=0.965 recall=0.965 f1=0.965 matched=83/86 pred=86
      final display strict onset f1: 10ms=0.860 20ms=0.953 30ms=0.953
      final display timing: offset_f1=0.930 rhythm_precision=0.964 note_value_acc=0.241 note_value_n=83 avg_beat_error=0.106
      final display structure: cluster_f1=0.929 onset_align_recall=0.984 avg_jaccard=0.966 exact=59/64 pred=63 over=2 under=1 pitch_conflicts=1 missed_gt=1
      threshold profiles: hit_rate=0.000 thresholds=[0.7] profiles={'baseline_nominal': 10}
    delta treatment-control: precision=+0.000 recall=+0.000 f1=+0.000 offset_f1=+0.000 note_value_acc=+0.000 dup_per_100=+0.00 boundary_miss_rate=+0.000 p95_chunk_ms=+1.70 f1_10ms=+0.000 f1_20ms=+0.000 f1_30ms=+0.000 visible_p50_ms=-0.3 stabilize_p50_ms=+2.4 algo_visible_p50_ms=+0.0 algo_stabilize_p50_ms=+0.0 avg_revisions=+0.00 display_note_f1=+0.000 display_offset_f1=+0.000 display_cluster_f1=+0.000 display_cluster_jaccard=+0.000
    failure buckets: ['high_revision_slow_stabilization', 'note_value_offset_failure']
[TIMING] EnhancedMel.transcribe: audio_to_gpu=0.4ms, features=0.6ms, model=11.9ms, decode=1.3ms | TOTAL=14.2ms for 600ms audio (RTF=0.02x)
[TIMING] stream_chunk[experiment-48170d0f52484a3d9e130297901c9354](live_neural): decode=0.2ms, inference=16.0ms, second_pass=0.0ms, contention=0.0ms, TOTAL=16.3ms | audio=600ms, RTF=0.03x | model=enhanced_mel, neural_total=15.5ms, model_inference=11.9ms
[TIMING] EnhancedMel.transcribe: audio_to_gpu=0.1ms, features=0.4ms, model=10.4ms, decode=2.2ms | TOTAL=13.1ms for 1200ms audio (RTF=0.01x)
[TIMING] stream_chunk[experiment-48170d0f52484a3d9e130297901c9354](live_neural): decode=0.1ms, inference=14.9ms, second_pass=0.0ms, contention=0.0ms, TOTAL=15.1ms | audio=600ms, RTF=0.03x | model=enhanced_mel, neural_total=14.5ms, model_inference=10.4ms
[TIMING] EnhancedMel.transcribe: audio_to_gpu=0.1ms, features=0.4ms, model=16.1ms, decode=3.3ms | TOTAL=19.9ms for 1800ms audio (RTF=0.01x)
[TIMING] stream_chunk[experiment-48170d0f52484a3d9e130297901c9354](live_neural): decode=0.1ms, inference=21.8ms, second_pass=0.0ms, contention=0.0ms, TOTAL=22.0ms | audio=600ms, RTF=0.04x | model=enhanced_mel, neural_total=21.3ms, model_inference=16.1ms
[TIMING] EnhancedMel.transcribe: audio_to_gpu=0.3ms, features=0.7ms, model=18.7ms, decode=4.3ms | TOTAL=24.1ms for 2400ms audio (RTF=0.01x)
[TIMING] stream_chunk[experiment-48170d0f52484a3d9e130297901c9354](live_neural): decode=0.1ms, inference=26.5ms, second_pass=0.0ms, contention=0.0ms, TOTAL=26.7ms | audio=600ms, RTF=0.04x | model=enhanced_mel, neural_total=26.1ms, model_inference=18.7ms
[TIMING] EnhancedMel.transcribe: audio_to_gpu=0.3ms, features=0.5ms, model=12.0ms, decode=5.3ms | TOTAL=18.0ms for 3000ms audio (RTF=0.01x)
[TIMING] stream_chunk[experiment-48170d0f52484a3d9e130297901c9354](live_neural): decode=0.1ms, inference=21.4ms, second_pass=0.0ms, contention=0.0ms, TOTAL=21.6ms | audio=600ms, RTF=0.04x | model=enhanced_mel, neural_total=20.1ms, model_inference=12.0ms
[TIMING] EnhancedMel.transcribe: audio_to_gpu=0.2ms, features=0.5ms, model=14.1ms, decode=6.2ms | TOTAL=21.0ms for 3600ms audio (RTF=0.01x)
[TIMING] stream_chunk[experiment-48170d0f52484a3d9e130297901c9354](live_neural): decode=0.1ms, inference=23.6ms, second_pass=0.0ms, contention=0.0ms, TOTAL=23.9ms | audio=600ms, RTF=0.04x | model=enhanced_mel, neural_total=23.2ms, model_inference=14.1ms
[TIMING] EnhancedMel.transcribe: audio_to_gpu=0.3ms, features=0.5ms, model=14.2ms, decode=7.2ms | TOTAL=22.1ms for 4200ms audio (RTF=0.01x)
[TIMING] stream_chunk[experiment-48170d0f52484a3d9e130297901c9354](live_neural): decode=0.1ms, inference=25.1ms, second_pass=0.0ms, contention=0.0ms, TOTAL=25.4ms | audio=600ms, RTF=0.04x | model=enhanced_mel, neural_total=24.8ms, model_inference=14.2ms
[TIMING] EnhancedMel.transcribe: audio_to_gpu=0.3ms, features=0.6ms, model=14.9ms, decode=7.2ms | TOTAL=23.0ms for 4200ms audio (RTF=0.01x)
[TIMING] stream_chunk[experiment-48170d0f52484a3d9e130297901c9354](live_neural): decode=0.1ms, inference=26.8ms, second_pass=0.0ms, contention=0.0ms, TOTAL=27.1ms | audio=600ms, RTF=0.05x | model=enhanced_mel, neural_total=26.4ms, model_inference=14.9ms
[TIMING] EnhancedMel.transcribe: audio_to_gpu=0.3ms, features=0.5ms, model=14.5ms, decode=7.5ms | TOTAL=22.8ms for 4200ms audio (RTF=0.01x)
[TIMING] stream_chunk[experiment-48170d0f52484a3d9e130297901c9354](live_neural): decode=0.1ms, inference=27.4ms, second_pass=0.0ms, contention=0.0ms, TOTAL=27.7ms | audio=600ms, RTF=0.05x | model=enhanced_mel, neural_total=27.0ms, model_inference=14.5ms
[TIMING] EnhancedMel.transcribe: audio_to_gpu=0.3ms, features=0.5ms, model=13.9ms, decode=7.6ms | TOTAL=22.3ms for 4200ms audio (RTF=0.01x)
[TIMING] stream_chunk[experiment-48170d0f52484a3d9e130297901c9354](live_neural): decode=0.1ms, inference=25.0ms, second_pass=0.0ms, contention=0.0ms, TOTAL=25.3ms | audio=600ms, RTF=0.04x | model=enhanced_mel, neural_total=24.5ms, model_inference=13.9ms
[TIMING] EnhancedMel.transcribe: audio_to_gpu=0.4ms, features=0.6ms, model=10.0ms, decode=1.3ms | TOTAL=12.2ms for 600ms audio (RTF=0.02x)
[TIMING] stream_chunk[experiment-bada1e511de8477da30dcc0259f032a4](live_neural): decode=0.2ms, inference=14.5ms, second_pass=0.0ms, contention=0.0ms, TOTAL=14.8ms | audio=600ms, RTF=0.02x | model=enhanced_mel, neural_total=14.1ms, model_inference=10.0ms
[TIMING] EnhancedMel.transcribe: audio_to_gpu=0.2ms, features=0.3ms, model=11.1ms, decode=2.3ms | TOTAL=13.8ms for 1200ms audio (RTF=0.01x)
[TIMING] stream_chunk[experiment-bada1e511de8477da30dcc0259f032a4](live_neural): decode=0.2ms, inference=15.6ms, second_pass=0.0ms, contention=0.0ms, TOTAL=15.9ms | audio=600ms, RTF=0.03x | model=enhanced_mel, neural_total=15.3ms, model_inference=11.1ms
[TIMING] EnhancedMel.transcribe: audio_to_gpu=0.1ms, features=0.4ms, model=11.6ms, decode=3.3ms | TOTAL=15.4ms for 1800ms audio (RTF=0.01x)
[TIMING] stream_chunk[experiment-bada1e511de8477da30dcc0259f032a4](live_neural): decode=0.1ms, inference=17.4ms, second_pass=0.0ms, contention=0.0ms, TOTAL=17.6ms | audio=600ms, RTF=0.03x | model=enhanced_mel, neural_total=17.0ms, model_inference=11.6ms
[TIMING] EnhancedMel.transcribe: audio_to_gpu=0.2ms, features=0.7ms, model=23.9ms, decode=4.2ms | TOTAL=29.0ms for 2400ms audio (RTF=0.01x)
[TIMING] stream_chunk[experiment-bada1e511de8477da30dcc0259f032a4](live_neural): decode=0.1ms, inference=31.0ms, second_pass=0.0ms, contention=0.0ms, TOTAL=31.2ms | audio=600ms, RTF=0.05x | model=enhanced_mel, neural_total=30.7ms, model_inference=23.9ms
[TIMING] EnhancedMel.transcribe: audio_to_gpu=0.4ms, features=0.4ms, model=11.7ms, decode=5.1ms | TOTAL=17.6ms for 3000ms audio (RTF=0.01x)
[TIMING] stream_chunk[experiment-bada1e511de8477da30dcc0259f032a4](live_neural): decode=0.1ms, inference=20.7ms, second_pass=0.0ms, contention=0.0ms, TOTAL=21.1ms | audio=600ms, RTF=0.04x | model=enhanced_mel, neural_total=20.3ms, model_inference=11.7ms
[TIMING] EnhancedMel.transcribe: audio_to_gpu=0.2ms, features=0.5ms, model=13.7ms, decode=6.2ms | TOTAL=20.6ms for 3600ms audio (RTF=0.01x)
[TIMING] stream_chunk[experiment-bada1e511de8477da30dcc0259f032a4](live_neural): decode=0.1ms, inference=23.1ms, second_pass=0.0ms, contention=0.0ms, TOTAL=23.4ms | audio=600ms, RTF=0.04x | model=enhanced_mel, neural_total=22.7ms, model_inference=13.7ms
[TIMING] EnhancedMel.transcribe: audio_to_gpu=0.3ms, features=2.9ms, model=14.8ms, decode=7.4ms | TOTAL=25.4ms for 4200ms audio (RTF=0.01x)
[TIMING] stream_chunk[experiment-bada1e511de8477da30dcc0259f032a4](live_neural): decode=0.1ms, inference=29.1ms, second_pass=0.0ms, contention=0.0ms, TOTAL=29.3ms | audio=600ms, RTF=0.05x | model=enhanced_mel, neural_total=28.6ms, model_inference=14.8ms
[TIMING] EnhancedMel.transcribe: audio_to_gpu=0.3ms, features=0.5ms, model=14.6ms, decode=7.2ms | TOTAL=22.6ms for 4200ms audio (RTF=0.01x)
[TIMING] stream_chunk[experiment-bada1e511de8477da30dcc0259f032a4](live_neural): decode=0.2ms, inference=25.3ms, second_pass=0.0ms, contention=0.0ms, TOTAL=25.7ms | audio=600ms, RTF=0.04x | model=enhanced_mel, neural_total=24.8ms, model_inference=14.6ms
[TIMING] EnhancedMel.transcribe: audio_to_gpu=0.3ms, features=0.5ms, model=15.1ms, decode=7.4ms | TOTAL=23.4ms for 4200ms audio (RTF=0.01x)
[TIMING] stream_chunk[experiment-bada1e511de8477da30dcc0259f032a4](live_neural): decode=0.1ms, inference=26.0ms, second_pass=0.0ms, contention=0.0ms, TOTAL=26.3ms | audio=600ms, RTF=0.04x | model=enhanced_mel, neural_total=25.6ms, model_inference=15.1ms
[TIMING] EnhancedMel.transcribe: audio_to_gpu=0.3ms, features=0.6ms, model=14.2ms, decode=7.4ms | TOTAL=22.5ms for 4200ms audio (RTF=0.01x)
[TIMING] stream_chunk[experiment-bada1e511de8477da30dcc0259f032a4](live_neural): decode=0.1ms, inference=26.1ms, second_pass=0.0ms, contention=0.0ms, TOTAL=26.5ms | audio=600ms, RTF=0.04x | model=enhanced_mel, neural_total=25.6ms, model_inference=14.2ms

[CLIP_047] Etude Op. 42, Nos. 4 & 5
  excerpt: start=57.00s end=63.00s duration=6.00s gt_notes=51 rms=0.0933 peak=0.5488 crest=5.883 rms_std=0.0336
    control:
      note metrics: precision=0.875 recall=0.961 f1=0.916 matched=49/51 pred=56
      strict onset f1: 10ms=0.804 20ms=0.897 30ms=0.897
      timing metrics: offset_f1=0.374 rhythm_precision=0.408 note_value_acc=0.143 note_value_n=49 avg_beat_error=0.378
      duplicate metrics: duplicates=0 per_100_notes=0.00
      boundary metrics: gt=13 matched=13 missed=0 miss_rate=0.000
      latency: avg_chunk_ms=23.10 p95_chunk_ms=27.44 avg_rtf=0.038
      notation metrics: first_correct_ms=33.3 visible_p50_ms=364.5 visible_p95_ms=623.2 stabilize_p50_ms=1574.3 stabilize_p95_ms=2151.8 avg_revisions=1.88 matched=42 refined=42 snapshots=21
      algorithmic latency: first_correct_ms=9.9 visible_p50_ms=343.6 visible_p95_ms=596.6 stabilize_p50_ms=1067.8 stabilize_p95_ms=1612.6
      final display note metrics: precision=0.875 recall=0.961 f1=0.916 matched=49/51 pred=56
      final display strict onset f1: 10ms=0.804 20ms=0.897 30ms=0.897
      final display timing: offset_f1=0.374 rhythm_precision=0.408 note_value_acc=0.041 note_value_n=49 avg_beat_error=0.419
      final display structure: cluster_f1=0.769 onset_align_recall=0.947 avg_jaccard=0.917 exact=30/38 pred=40 over=5 under=1 pitch_conflicts=0 missed_gt=2
      threshold profiles: hit_rate=0.000 thresholds=[0.7] profiles={'fixed_baseline': 10}
    treatment:
      note metrics: precision=0.875 recall=0.961 f1=0.916 matched=49/51 pred=56
      strict onset f1: 10ms=0.804 20ms=0.897 30ms=0.897
      timing metrics: offset_f1=0.374 rhythm_precision=0.408 note_value_acc=0.143 note_value_n=49 avg_beat_error=0.378
      duplicate metrics: duplicates=0 per_100_notes=0.00
      boundary metrics: gt=13 matched=13 missed=0 miss_rate=0.000
      latency: avg_chunk_ms=23.18 p95_chunk_ms=30.36 avg_rtf=0.039
      notation metrics: first_correct_ms=32.8 visible_p50_ms=366.5 visible_p95_ms=627.4 stabilize_p50_ms=1575.5 stabilize_p95_ms=2150.0 avg_revisions=1.88 matched=42 refined=42 snapshots=21
      algorithmic latency: first_correct_ms=9.9 visible_p50_ms=343.6 visible_p95_ms=596.6 stabilize_p50_ms=1067.8 stabilize_p95_ms=1612.6
      final display note metrics: precision=0.875 recall=0.961 f1=0.916 matched=49/51 pred=56
      final display strict onset f1: 10ms=0.804 20ms=0.897 30ms=0.897
      final display timing: offset_f1=0.374 rhythm_precision=0.408 note_value_acc=0.041 note_value_n=49 avg_beat_error=0.419
      final display structure: cluster_f1=0.769 onset_align_recall=0.947 avg_jaccard=0.917 exact=30/38 pred=40 over=5 under=1 pitch_conflicts=0 missed_gt=2
      threshold profiles: hit_rate=0.000 thresholds=[0.7] profiles={'baseline_nominal': 10}
    delta treatment-control: precision=+0.000 recall=+0.000 f1=+0.000 offset_f1=+0.000 note_value_acc=+0.000 dup_per_100=+0.00 boundary_miss_rate=+0.000 p95_chunk_ms=+2.92 f1_10ms=+0.000 f1_20ms=+0.000 f1_30ms=+0.000 visible_p50_ms=+2.0 stabilize_p50_ms=+1.2 algo_visible_p50_ms=+0.0 algo_stabilize_p50_ms=+0.0 avg_revisions=+0.00 display_note_f1=+0.000 display_offset_f1=+0.000 display_cluster_f1=+0.000 display_cluster_jaccard=+0.000
    failure buckets: ['high_revision_slow_stabilization', 'note_value_offset_failure']
[TIMING] EnhancedMel.transcribe: audio_to_gpu=0.5ms, features=0.7ms, model=10.6ms, decode=1.3ms | TOTAL=13.1ms for 600ms audio (RTF=0.02x)
[TIMING] stream_chunk[experiment-e79f79938a6b4cb1a7206bf86a5e8fc7](live_neural): decode=0.1ms, inference=15.5ms, second_pass=0.0ms, contention=0.0ms, TOTAL=15.7ms | audio=600ms, RTF=0.03x | model=enhanced_mel, neural_total=15.0ms, model_inference=10.6ms
[TIMING] EnhancedMel.transcribe: audio_to_gpu=0.1ms, features=0.3ms, model=10.8ms, decode=2.4ms | TOTAL=13.6ms for 1200ms audio (RTF=0.01x)
[TIMING] stream_chunk[experiment-e79f79938a6b4cb1a7206bf86a5e8fc7](live_neural): decode=0.1ms, inference=15.5ms, second_pass=0.0ms, contention=0.0ms, TOTAL=15.7ms | audio=600ms, RTF=0.03x | model=enhanced_mel, neural_total=15.0ms, model_inference=10.8ms
[TIMING] EnhancedMel.transcribe: audio_to_gpu=0.2ms, features=0.3ms, model=11.3ms, decode=3.4ms | TOTAL=15.2ms for 1800ms audio (RTF=0.01x)
[TIMING] stream_chunk[experiment-e79f79938a6b4cb1a7206bf86a5e8fc7](live_neural): decode=0.1ms, inference=17.3ms, second_pass=0.0ms, contention=0.0ms, TOTAL=17.5ms | audio=600ms, RTF=0.03x | model=enhanced_mel, neural_total=16.8ms, model_inference=11.3ms
[TIMING] EnhancedMel.transcribe: audio_to_gpu=0.3ms, features=0.6ms, model=11.9ms, decode=4.4ms | TOTAL=17.1ms for 2400ms audio (RTF=0.01x)
[TIMING] stream_chunk[experiment-e79f79938a6b4cb1a7206bf86a5e8fc7](live_neural): decode=0.1ms, inference=19.7ms, second_pass=0.0ms, contention=0.0ms, TOTAL=20.0ms | audio=600ms, RTF=0.03x | model=enhanced_mel, neural_total=19.4ms, model_inference=11.9ms
[TIMING] EnhancedMel.transcribe: audio_to_gpu=0.3ms, features=0.5ms, model=12.1ms, decode=5.3ms | TOTAL=18.1ms for 3000ms audio (RTF=0.01x)
[TIMING] stream_chunk[experiment-e79f79938a6b4cb1a7206bf86a5e8fc7](live_neural): decode=0.1ms, inference=21.4ms, second_pass=0.0ms, contention=0.0ms, TOTAL=21.7ms | audio=600ms, RTF=0.04x | model=enhanced_mel, neural_total=20.9ms, model_inference=12.1ms
[TIMING] EnhancedMel.transcribe: audio_to_gpu=0.3ms, features=0.8ms, model=13.3ms, decode=7.1ms | TOTAL=21.5ms for 3600ms audio (RTF=0.01x)
[TIMING] stream_chunk[experiment-e79f79938a6b4cb1a7206bf86a5e8fc7](live_neural): decode=0.1ms, inference=24.3ms, second_pass=0.0ms, contention=0.0ms, TOTAL=24.6ms | audio=600ms, RTF=0.04x | model=enhanced_mel, neural_total=23.8ms, model_inference=13.3ms
[TIMING] EnhancedMel.transcribe: audio_to_gpu=0.3ms, features=0.5ms, model=15.0ms, decode=7.9ms | TOTAL=23.6ms for 4200ms audio (RTF=0.01x)
[TIMING] stream_chunk[experiment-e79f79938a6b4cb1a7206bf86a5e8fc7](live_neural): decode=0.1ms, inference=26.3ms, second_pass=0.0ms, contention=0.0ms, TOTAL=26.6ms | audio=600ms, RTF=0.04x | model=enhanced_mel, neural_total=26.0ms, model_inference=15.0ms
[TIMING] EnhancedMel.transcribe: audio_to_gpu=0.2ms, features=0.5ms, model=14.4ms, decode=7.5ms | TOTAL=22.7ms for 4200ms audio (RTF=0.01x)
[TIMING] stream_chunk[experiment-e79f79938a6b4cb1a7206bf86a5e8fc7](live_neural): decode=0.1ms, inference=25.8ms, second_pass=0.0ms, contention=0.0ms, TOTAL=26.2ms | audio=600ms, RTF=0.04x | model=enhanced_mel, neural_total=25.5ms, model_inference=14.4ms
[TIMING] EnhancedMel.transcribe: audio_to_gpu=0.5ms, features=0.7ms, model=18.1ms, decode=7.6ms | TOTAL=26.9ms for 4200ms audio (RTF=0.01x)
[TIMING] stream_chunk[experiment-e79f79938a6b4cb1a7206bf86a5e8fc7](live_neural): decode=0.1ms, inference=30.3ms, second_pass=0.0ms, contention=0.0ms, TOTAL=30.6ms | audio=600ms, RTF=0.05x | model=enhanced_mel, neural_total=29.2ms, model_inference=18.1ms
[TIMING] EnhancedMel.transcribe: audio_to_gpu=0.3ms, features=0.5ms, model=13.8ms, decode=8.3ms | TOTAL=22.9ms for 4200ms audio (RTF=0.01x)
[TIMING] stream_chunk[experiment-e79f79938a6b4cb1a7206bf86a5e8fc7](live_neural): decode=0.1ms, inference=26.1ms, second_pass=0.0ms, contention=0.0ms, TOTAL=26.4ms | audio=600ms, RTF=0.04x | model=enhanced_mel, neural_total=25.7ms, model_inference=13.8ms
[TIMING] EnhancedMel.transcribe: audio_to_gpu=0.4ms, features=0.5ms, model=10.0ms, decode=1.5ms | TOTAL=12.4ms for 600ms audio (RTF=0.02x)
[TIMING] stream_chunk[experiment-48f2f17145b14b1ca1f26896642b4a59](live_neural): decode=0.1ms, inference=14.2ms, second_pass=0.0ms, contention=0.0ms, TOTAL=14.4ms | audio=600ms, RTF=0.02x | model=enhanced_mel, neural_total=13.8ms, model_inference=10.0ms
[TIMING] EnhancedMel.transcribe: audio_to_gpu=0.3ms, features=0.5ms, model=9.9ms, decode=2.7ms | TOTAL=13.4ms for 1200ms audio (RTF=0.01x)
[TIMING] stream_chunk[experiment-48f2f17145b14b1ca1f26896642b4a59](live_neural): decode=0.2ms, inference=15.6ms, second_pass=0.0ms, contention=0.0ms, TOTAL=15.9ms | audio=600ms, RTF=0.03x | model=enhanced_mel, neural_total=15.0ms, model_inference=9.9ms
[TIMING] EnhancedMel.transcribe: audio_to_gpu=0.2ms, features=4.1ms, model=12.6ms, decode=3.3ms | TOTAL=20.3ms for 1800ms audio (RTF=0.01x)
[TIMING] stream_chunk[experiment-48f2f17145b14b1ca1f26896642b4a59](live_neural): decode=0.1ms, inference=22.2ms, second_pass=0.0ms, contention=0.0ms, TOTAL=22.5ms | audio=600ms, RTF=0.04x | model=enhanced_mel, neural_total=21.8ms, model_inference=12.6ms
[TIMING] EnhancedMel.transcribe: audio_to_gpu=0.3ms, features=0.5ms, model=17.2ms, decode=4.4ms | TOTAL=22.3ms for 2400ms audio (RTF=0.01x)
[TIMING] stream_chunk[experiment-48f2f17145b14b1ca1f26896642b4a59](live_neural): decode=0.1ms, inference=25.0ms, second_pass=0.0ms, contention=0.0ms, TOTAL=25.3ms | audio=600ms, RTF=0.04x | model=enhanced_mel, neural_total=24.6ms, model_inference=17.2ms
[TIMING] EnhancedMel.transcribe: audio_to_gpu=0.3ms, features=0.5ms, model=13.2ms, decode=5.3ms | TOTAL=19.3ms for 3000ms audio (RTF=0.01x)
[TIMING] stream_chunk[experiment-48f2f17145b14b1ca1f26896642b4a59](live_neural): decode=0.1ms, inference=21.8ms, second_pass=0.0ms, contention=0.0ms, TOTAL=22.1ms | audio=600ms, RTF=0.04x | model=enhanced_mel, neural_total=21.5ms, model_inference=13.2ms
[TIMING] EnhancedMel.transcribe: audio_to_gpu=1.1ms, features=0.5ms, model=13.1ms, decode=6.5ms | TOTAL=21.2ms for 3600ms audio (RTF=0.01x)
[TIMING] stream_chunk[experiment-48f2f17145b14b1ca1f26896642b4a59](live_neural): decode=0.1ms, inference=23.9ms, second_pass=0.0ms, contention=0.0ms, TOTAL=24.2ms | audio=600ms, RTF=0.04x | model=enhanced_mel, neural_total=23.5ms, model_inference=13.1ms
[TIMING] EnhancedMel.transcribe: audio_to_gpu=0.3ms, features=0.5ms, model=14.3ms, decode=7.5ms | TOTAL=22.6ms for 4200ms audio (RTF=0.01x)
[TIMING] stream_chunk[experiment-48f2f17145b14b1ca1f26896642b4a59](live_neural): decode=0.1ms, inference=25.3ms, second_pass=0.0ms, contention=0.0ms, TOTAL=25.7ms | audio=600ms, RTF=0.04x | model=enhanced_mel, neural_total=24.9ms, model_inference=14.3ms
[TIMING] EnhancedMel.transcribe: audio_to_gpu=0.3ms, features=0.6ms, model=14.1ms, decode=7.4ms | TOTAL=22.3ms for 4200ms audio (RTF=0.01x)
[TIMING] stream_chunk[experiment-48f2f17145b14b1ca1f26896642b4a59](live_neural): decode=0.1ms, inference=25.3ms, second_pass=0.0ms, contention=0.0ms, TOTAL=25.6ms | audio=600ms, RTF=0.04x | model=enhanced_mel, neural_total=24.7ms, model_inference=14.1ms
[TIMING] EnhancedMel.transcribe: audio_to_gpu=0.3ms, features=0.6ms, model=15.6ms, decode=7.7ms | TOTAL=24.2ms for 4200ms audio (RTF=0.01x)
[TIMING] stream_chunk[experiment-48f2f17145b14b1ca1f26896642b4a59](live_neural): decode=0.1ms, inference=27.0ms, second_pass=0.0ms, contention=0.0ms, TOTAL=27.3ms | audio=600ms, RTF=0.05x | model=enhanced_mel, neural_total=26.6ms, model_inference=15.6ms
[TIMING] EnhancedMel.transcribe: audio_to_gpu=0.3ms, features=0.5ms, model=13.9ms, decode=7.5ms | TOTAL=22.2ms for 4200ms audio (RTF=0.01x)
[TIMING] stream_chunk[experiment-48f2f17145b14b1ca1f26896642b4a59](live_neural): decode=0.1ms, inference=24.9ms, second_pass=0.0ms, contention=0.0ms, TOTAL=25.2ms | audio=600ms, RTF=0.04x | model=enhanced_mel, neural_total=24.5ms, model_inference=13.9ms

[CLIP_048] Sonata, K239
  excerpt: start=39.00s end=45.00s duration=6.00s gt_notes=65 rms=0.1394 peak=0.6552 crest=4.699 rms_std=0.0445
    control:
      note metrics: precision=0.970 recall=1.000 f1=0.985 matched=65/65 pred=67
      strict onset f1: 10ms=0.788 20ms=0.955 30ms=0.985
      timing metrics: offset_f1=0.803 rhythm_precision=0.800 note_value_acc=0.215 note_value_n=65 avg_beat_error=0.145
      duplicate metrics: duplicates=1 per_100_notes=1.49
      boundary metrics: gt=19 matched=19 missed=0 miss_rate=0.000
      latency: avg_chunk_ms=22.48 p95_chunk_ms=28.78 avg_rtf=0.037
      notation metrics: first_correct_ms=33.4 visible_p50_ms=307.2 visible_p95_ms=597.5 stabilize_p50_ms=606.6 stabilize_p95_ms=1908.3 avg_revisions=0.72 matched=46 refined=46 snapshots=21
      algorithmic latency: first_correct_ms=17.7 visible_p50_ms=283.3 visible_p95_ms=577.1 stabilize_p50_ms=583.3 stabilize_p95_ms=1478.1
      final display note metrics: precision=0.985 recall=1.000 f1=0.992 matched=65/65 pred=66
      final display strict onset f1: 10ms=0.794 20ms=0.962 30ms=0.992
      final display timing: offset_f1=0.794 rhythm_precision=0.800 note_value_acc=0.354 note_value_n=65 avg_beat_error=0.166
      final display structure: cluster_f1=0.982 onset_align_recall=1.000 avg_jaccard=0.991 exact=54/55 pred=55 over=1 under=0 pitch_conflicts=0 missed_gt=0
      threshold profiles: hit_rate=0.000 thresholds=[0.7] profiles={'fixed_baseline': 10}
    treatment:
      note metrics: precision=0.970 recall=1.000 f1=0.985 matched=65/65 pred=67
      strict onset f1: 10ms=0.788 20ms=0.955 30ms=0.985
      timing metrics: offset_f1=0.803 rhythm_precision=0.800 note_value_acc=0.215 note_value_n=65 avg_beat_error=0.145
      duplicate metrics: duplicates=1 per_100_notes=1.49
      boundary metrics: gt=19 matched=19 missed=0 miss_rate=0.000
      latency: avg_chunk_ms=22.82 p95_chunk_ms=26.58 avg_rtf=0.038
      notation metrics: first_correct_ms=32.1 visible_p50_ms=307.2 visible_p95_ms=601.5 stabilize_p50_ms=608.8 stabilize_p95_ms=1905.9 avg_revisions=0.72 matched=46 refined=46 snapshots=21
      algorithmic latency: first_correct_ms=17.7 visible_p50_ms=283.3 visible_p95_ms=577.1 stabilize_p50_ms=583.3 stabilize_p95_ms=1478.1
      final display note metrics: precision=0.985 recall=1.000 f1=0.992 matched=65/65 pred=66
      final display strict onset f1: 10ms=0.794 20ms=0.962 30ms=0.992
      final display timing: offset_f1=0.794 rhythm_precision=0.800 note_value_acc=0.354 note_value_n=65 avg_beat_error=0.166
      final display structure: cluster_f1=0.982 onset_align_recall=1.000 avg_jaccard=0.991 exact=54/55 pred=55 over=1 under=0 pitch_conflicts=0 missed_gt=0
      threshold profiles: hit_rate=1.000 thresholds=[0.72] profiles={'loud_dense_precision': 10}
    delta treatment-control: precision=+0.000 recall=+0.000 f1=+0.000 offset_f1=+0.000 note_value_acc=+0.000 dup_per_100=+0.00 boundary_miss_rate=+0.000 p95_chunk_ms=-2.20 f1_10ms=+0.000 f1_20ms=+0.000 f1_30ms=+0.000 visible_p50_ms=-0.1 stabilize_p50_ms=+2.2 algo_visible_p50_ms=+0.0 algo_stabilize_p50_ms=+0.0 avg_revisions=+0.00 display_note_f1=+0.000 display_offset_f1=+0.000 display_cluster_f1=+0.000 display_cluster_jaccard=+0.000
    failure buckets: ['runtime_only_win', 'high_revision_slow_stabilization', 'note_value_offset_failure']
    paired_stats treatment-control:
      display_cluster_f1: ref=0.6913 cand=0.6939 diff=+0.0027 95%CI=[-0.0089, +0.0194] p=0.9064 signs=5/6/37 best=clip_007 +0.3214 worst=clip_044 -0.1161
      display_note_f1: ref=0.9173 cand=0.9151 diff=-0.0022 95%CI=[-0.0046, -0.0001] p=0.0596 signs=4/7/37 best=clip_004 +0.0090 worst=clip_009 -0.0308
      display_offset_f1: ref=0.7419 cand=0.7418 diff=-0.0000 95%CI=[-0.0010, +0.0010] p=0.9341 signs=5/6/37 best=clip_035 +0.0092 worst=clip_012 -0.0133

Failure buckets:
  runtime_only_win: 10 clips -> clip_001, clip_005, clip_006, clip_016, clip_030, clip_038, clip_039, clip_040, clip_041, clip_048
  boundary_miss_failure: 33 clips -> clip_001, clip_002, clip_004, clip_006, clip_008, clip_010, clip_012, clip_015, clip_016, clip_017, clip_018, clip_019, clip_020, clip_021, clip_022, clip_023, clip_024, clip_025, clip_026, clip_027, clip_028, clip_029, clip_030, clip_031, clip_032, clip_033, clip_034, clip_035, clip_037, clip_040, clip_041, clip_044, clip_045
  high_revision_slow_stabilization: 46 clips -> clip_001, clip_002, clip_003, clip_005, clip_006, clip_008, clip_009, clip_010, clip_011, clip_012, clip_013, clip_014, clip_015, clip_016, clip_017, clip_018, clip_019, clip_020, clip_021, clip_022, clip_023, clip_024, clip_025, clip_026, clip_027, clip_028, clip_029, clip_030, clip_031, clip_032, clip_033, clip_034, clip_035, clip_036, clip_037, clip_038, clip_039, clip_040, clip_041, clip_042, clip_043, clip_044, clip_045, clip_046, clip_047, clip_048
  note_value_offset_failure: 26 clips -> clip_001, clip_002, clip_003, clip_004, clip_005, clip_007, clip_009, clip_011, clip_013, clip_014, clip_025, clip_026, clip_029, clip_030, clip_033, clip_035, clip_037, clip_038, clip_039, clip_040, clip_041, clip_043, clip_044, clip_046, clip_047, clip_048

Boundary failure tags:
  control_boundary_miss: 107
  no_control_coarse_candidate: 106
  treatment_recovers_boundary_note: 3
  control_timing_or_quantization_drift: 1
  treatment_candidate_not_retained: 1

Saved full results to C:\Users\ToniH\Documents\GitHub\LiveScore\backend\live_benchmark_replay_auto_v2_results_20260602_enhancedheur_context36_on070.json
