C:\Users\ToniH\Documents\GitHub\LiveScore\backend\env\Lib\site-packages\pretty_midi\instrument.py:11: UserWarning: pkg_resources is deprecated as an API. See https://setuptools.pypa.io/en/latest/pkg_resources.html. The pkg_resources package is slated for removal as early as 2025-11-30. Refrain from using this package or pin to Setuptools<81.
  import pkg_resources
[GPU] Using NVIDIA GeForce RTX 5070 Ti Laptop GPU
[GPU] VRAM: 12.8 GB
Warming live neural path...
[GPU EnhancedMel] Loaded from C:\Users\ToniH\Documents\GitHub\LiveScore\backend\rhythm_training\enhanced_mel_transcription.pt (43,225,009 params)
[TIMING] EnhancedMel.transcribe: audio_to_gpu=0.1ms, features=106.4ms, model=172.2ms, decode=1.1ms | TOTAL=279.7ms for 600ms audio (RTF=0.47x)
[TIMING] stream_chunk[experiment-d25325bfec854c2e869ef57cf960d183](live_neural): decode=0.3ms, inference=1239.6ms, second_pass=0.0ms, contention=0.0ms, TOTAL=1239.9ms | audio=600ms, RTF=2.07x | model=enhanced_mel, neural_total=1233.7ms, model_inference=172.2ms
[TIMING] EnhancedMel.transcribe: audio_to_gpu=0.4ms, features=0.5ms, model=11.3ms, decode=1.2ms | TOTAL=13.5ms for 600ms audio (RTF=0.02x)
[TIMING] stream_chunk[experiment-daf8921511a64e548c4a4660913364ab](live_neural): decode=0.2ms, inference=15.9ms, second_pass=0.0ms, contention=0.0ms, TOTAL=16.1ms | audio=600ms, RTF=0.03x | model=enhanced_mel, neural_total=15.3ms, model_inference=11.3ms
[TIMING] EnhancedMel.transcribe: audio_to_gpu=0.2ms, features=2.0ms, model=16.7ms, decode=2.2ms | TOTAL=21.1ms for 1200ms audio (RTF=0.02x)
[TIMING] stream_chunk[experiment-daf8921511a64e548c4a4660913364ab](live_neural): decode=0.1ms, inference=23.8ms, second_pass=0.0ms, contention=0.0ms, TOTAL=24.0ms | audio=600ms, RTF=0.04x | model=enhanced_mel, neural_total=23.3ms, model_inference=16.7ms
[TIMING] EnhancedMel.transcribe: audio_to_gpu=0.1ms, features=1.2ms, model=16.9ms, decode=3.2ms | TOTAL=21.3ms for 1800ms audio (RTF=0.01x)
[TIMING] stream_chunk[experiment-daf8921511a64e548c4a4660913364ab](live_neural): decode=0.1ms, inference=23.6ms, second_pass=0.0ms, contention=0.0ms, TOTAL=23.9ms | audio=600ms, RTF=0.04x | model=enhanced_mel, neural_total=23.0ms, model_inference=16.9ms
[TIMING] EnhancedMel.transcribe: audio_to_gpu=0.2ms, features=1.3ms, model=17.9ms, decode=4.0ms | TOTAL=23.5ms for 2400ms audio (RTF=0.01x)
[TIMING] stream_chunk[experiment-daf8921511a64e548c4a4660913364ab](live_neural): decode=0.2ms, inference=25.8ms, second_pass=0.0ms, contention=0.0ms, TOTAL=26.1ms | audio=600ms, RTF=0.04x | model=enhanced_mel, neural_total=25.5ms, model_inference=17.9ms
[TIMING] EnhancedMel.transcribe: audio_to_gpu=0.3ms, features=1.3ms, model=16.3ms, decode=5.0ms | TOTAL=22.9ms for 3000ms audio (RTF=0.01x)
[TIMING] stream_chunk[experiment-daf8921511a64e548c4a4660913364ab](live_neural): decode=0.2ms, inference=25.3ms, second_pass=0.0ms, contention=0.0ms, TOTAL=25.7ms | audio=600ms, RTF=0.04x | model=enhanced_mel, neural_total=24.9ms, model_inference=16.3ms
[TIMING] EnhancedMel.transcribe: audio_to_gpu=0.2ms, features=0.5ms, model=20.8ms, decode=4.9ms | TOTAL=26.5ms for 3000ms audio (RTF=0.01x)
[TIMING] stream_chunk[experiment-daf8921511a64e548c4a4660913364ab](live_neural): decode=0.1ms, inference=29.5ms, second_pass=0.0ms, contention=0.0ms, TOTAL=29.8ms | audio=600ms, RTF=0.05x | model=enhanced_mel, neural_total=29.2ms, model_inference=20.8ms
[TIMING] EnhancedMel.transcribe: audio_to_gpu=0.2ms, features=1.4ms, model=12.5ms, decode=5.9ms | TOTAL=19.9ms for 3000ms audio (RTF=0.01x)
[TIMING] stream_chunk[experiment-daf8921511a64e548c4a4660913364ab](live_neural): decode=0.1ms, inference=22.3ms, second_pass=0.0ms, contention=0.0ms, TOTAL=22.5ms | audio=600ms, RTF=0.04x | model=enhanced_mel, neural_total=21.8ms, model_inference=12.5ms
[TIMING] EnhancedMel.transcribe: audio_to_gpu=0.3ms, features=0.5ms, model=12.7ms, decode=4.8ms | TOTAL=18.3ms for 3000ms audio (RTF=0.01x)
[TIMING] stream_chunk[experiment-daf8921511a64e548c4a4660913364ab](live_neural): decode=0.1ms, inference=20.5ms, second_pass=0.0ms, contention=0.0ms, TOTAL=20.8ms | audio=600ms, RTF=0.03x | model=enhanced_mel, neural_total=20.1ms, model_inference=12.7ms
[TIMING] EnhancedMel.transcribe: audio_to_gpu=0.2ms, features=0.5ms, model=23.3ms, decode=4.9ms | TOTAL=28.9ms for 3000ms audio (RTF=0.01x)
[TIMING] stream_chunk[experiment-daf8921511a64e548c4a4660913364ab](live_neural): decode=0.1ms, inference=31.1ms, second_pass=0.0ms, contention=0.0ms, TOTAL=31.3ms | audio=600ms, RTF=0.05x | model=enhanced_mel, neural_total=30.7ms, model_inference=23.3ms
[TIMING] EnhancedMel.transcribe: audio_to_gpu=0.2ms, features=1.1ms, model=24.8ms, decode=5.3ms | TOTAL=31.3ms for 3000ms audio (RTF=0.01x)
[TIMING] stream_chunk[experiment-daf8921511a64e548c4a4660913364ab](live_neural): decode=0.1ms, inference=35.2ms, second_pass=0.0ms, contention=0.0ms, TOTAL=35.5ms | audio=600ms, RTF=0.06x | model=enhanced_mel, neural_total=34.8ms, model_inference=24.8ms
[TIMING] EnhancedMel.transcribe: audio_to_gpu=0.3ms, features=0.6ms, model=11.2ms, decode=1.2ms | TOTAL=13.2ms for 600ms audio (RTF=0.02x)
[TIMING] stream_chunk[experiment-5432120b4f7d4cde826772e996879601](live_neural): decode=0.2ms, inference=15.4ms, second_pass=0.0ms, contention=0.0ms, TOTAL=15.7ms | audio=600ms, RTF=0.03x | model=enhanced_mel, neural_total=15.1ms, model_inference=11.2ms
[TIMING] EnhancedMel.transcribe: audio_to_gpu=0.2ms, features=0.5ms, model=15.8ms, decode=2.2ms | TOTAL=18.7ms for 1200ms audio (RTF=0.02x)
[TIMING] stream_chunk[experiment-5432120b4f7d4cde826772e996879601](live_neural): decode=0.1ms, inference=20.4ms, second_pass=0.0ms, contention=0.0ms, TOTAL=20.6ms | audio=600ms, RTF=0.03x | model=enhanced_mel, neural_total=20.0ms, model_inference=15.8ms
[TIMING] EnhancedMel.transcribe: audio_to_gpu=0.1ms, features=0.3ms, model=11.2ms, decode=3.2ms | TOTAL=14.9ms for 1800ms audio (RTF=0.01x)
[TIMING] stream_chunk[experiment-5432120b4f7d4cde826772e996879601](live_neural): decode=0.1ms, inference=16.8ms, second_pass=0.0ms, contention=0.0ms, TOTAL=17.0ms | audio=600ms, RTF=0.03x | model=enhanced_mel, neural_total=16.5ms, model_inference=11.2ms
[TIMING] EnhancedMel.transcribe: audio_to_gpu=0.2ms, features=0.4ms, model=11.5ms, decode=4.1ms | TOTAL=16.2ms for 2400ms audio (RTF=0.01x)
[TIMING] stream_chunk[experiment-5432120b4f7d4cde826772e996879601](live_neural): decode=0.1ms, inference=19.2ms, second_pass=0.0ms, contention=0.0ms, TOTAL=19.4ms | audio=600ms, RTF=0.03x | model=enhanced_mel, neural_total=18.8ms, model_inference=11.5ms
[TIMING] EnhancedMel.transcribe: audio_to_gpu=0.2ms, features=0.5ms, model=12.2ms, decode=5.1ms | TOTAL=18.1ms for 3000ms audio (RTF=0.01x)
[TIMING] stream_chunk[experiment-5432120b4f7d4cde826772e996879601](live_neural): decode=0.1ms, inference=20.5ms, second_pass=0.0ms, contention=0.0ms, TOTAL=20.7ms | audio=600ms, RTF=0.03x | model=enhanced_mel, neural_total=20.0ms, model_inference=12.2ms
[TIMING] EnhancedMel.transcribe: audio_to_gpu=0.1ms, features=0.9ms, model=22.3ms, decode=5.0ms | TOTAL=28.4ms for 3000ms audio (RTF=0.01x)
[TIMING] stream_chunk[experiment-5432120b4f7d4cde826772e996879601](live_neural): decode=0.1ms, inference=31.6ms, second_pass=0.0ms, contention=0.0ms, TOTAL=31.9ms | audio=600ms, RTF=0.05x | model=enhanced_mel, neural_total=31.2ms, model_inference=22.3ms
[TIMING] EnhancedMel.transcribe: audio_to_gpu=0.2ms, features=0.4ms, model=12.6ms, decode=5.0ms | TOTAL=18.2ms for 3000ms audio (RTF=0.01x)
[TIMING] stream_chunk[experiment-5432120b4f7d4cde826772e996879601](live_neural): decode=0.1ms, inference=21.5ms, second_pass=0.0ms, contention=0.0ms, TOTAL=21.7ms | audio=600ms, RTF=0.04x | model=enhanced_mel, neural_total=21.1ms, model_inference=12.6ms
[TIMING] EnhancedMel.transcribe: audio_to_gpu=0.2ms, features=0.6ms, model=12.3ms, decode=6.0ms | TOTAL=19.2ms for 3000ms audio (RTF=0.01x)
[TIMING] stream_chunk[experiment-5432120b4f7d4cde826772e996879601](live_neural): decode=0.2ms, inference=21.5ms, second_pass=0.0ms, contention=0.0ms, TOTAL=21.8ms | audio=600ms, RTF=0.04x | model=enhanced_mel, neural_total=21.1ms, model_inference=12.3ms
[TIMING] EnhancedMel.transcribe: audio_to_gpu=0.2ms, features=0.9ms, model=18.2ms, decode=4.8ms | TOTAL=24.1ms for 3000ms audio (RTF=0.01x)
[TIMING] stream_chunk[experiment-5432120b4f7d4cde826772e996879601](live_neural): decode=0.1ms, inference=26.3ms, second_pass=0.0ms, contention=0.0ms, TOTAL=26.6ms | audio=600ms, RTF=0.04x | model=enhanced_mel, neural_total=25.9ms, model_inference=18.2ms
[TIMING] EnhancedMel.transcribe: audio_to_gpu=0.2ms, features=0.5ms, model=12.3ms, decode=4.7ms | TOTAL=17.7ms for 3000ms audio (RTF=0.01x)
[TIMING] stream_chunk[experiment-5432120b4f7d4cde826772e996879601](live_neural): decode=0.1ms, inference=20.9ms, second_pass=0.0ms, contention=0.0ms, TOTAL=21.2ms | audio=600ms, RTF=0.04x | model=enhanced_mel, neural_total=20.5ms, model_inference=12.3ms

[CLIP_001] Sonata in D Minor, K. 9
  excerpt: start=42.00s end=48.00s duration=6.00s gt_notes=26 rms=0.0058 peak=0.0376 crest=6.423 rms_std=0.0029
    control:
      note metrics: precision=1.000 recall=0.923 f1=0.960 matched=24/26 pred=24
      strict onset f1: 10ms=0.840 20ms=0.960 30ms=0.960
      timing metrics: offset_f1=0.640 rhythm_precision=0.667 note_value_acc=0.250 note_value_n=24 avg_beat_error=0.508
      duplicate metrics: duplicates=0 per_100_notes=0.00
      boundary metrics: gt=8 matched=7 missed=1 miss_rate=0.125
      latency: avg_chunk_ms=25.56 p95_chunk_ms=33.58 avg_rtf=0.043
      notation metrics: first_correct_ms=65.4 visible_p50_ms=361.7 visible_p95_ms=564.6 stabilize_p50_ms=1145.7 stabilize_p95_ms=4080.6 avg_revisions=0.82 matched=22 refined=22 snapshots=17
      algorithmic latency: first_correct_ms=34.1 visible_p50_ms=335.5 visible_p95_ms=540.6 stabilize_p50_ms=725.3 stabilize_p95_ms=3587.1
      final display note metrics: precision=1.000 recall=0.923 f1=0.960 matched=24/26 pred=24
      final display strict onset f1: 10ms=0.840 20ms=0.960 30ms=0.960
      final display timing: offset_f1=0.640 rhythm_precision=0.667 note_value_acc=0.208 note_value_n=24 avg_beat_error=0.721
      final display structure: cluster_f1=0.923 onset_align_recall=0.950 avg_jaccard=0.987 exact=18/20 pred=19 over=0 under=1 pitch_conflicts=0 missed_gt=1
      threshold profiles: hit_rate=0.000 thresholds=[0.75] profiles={'fixed_baseline': 10}
    treatment:
      note metrics: precision=1.000 recall=0.923 f1=0.960 matched=24/26 pred=24
      strict onset f1: 10ms=0.840 20ms=0.960 30ms=0.960
      timing metrics: offset_f1=0.640 rhythm_precision=0.667 note_value_acc=0.250 note_value_n=24 avg_beat_error=0.508
      duplicate metrics: duplicates=0 per_100_notes=0.00
      boundary metrics: gt=8 matched=7 missed=1 miss_rate=0.125
      latency: avg_chunk_ms=21.67 p95_chunk_ms=29.51 avg_rtf=0.036
      notation metrics: first_correct_ms=60.8 visible_p50_ms=355.0 visible_p95_ms=557.9 stabilize_p50_ms=1140.1 stabilize_p95_ms=4076.3 avg_revisions=0.82 matched=22 refined=22 snapshots=17
      algorithmic latency: first_correct_ms=34.1 visible_p50_ms=335.5 visible_p95_ms=540.6 stabilize_p50_ms=725.3 stabilize_p95_ms=3587.1
      final display note metrics: precision=1.000 recall=0.923 f1=0.960 matched=24/26 pred=24
      final display strict onset f1: 10ms=0.840 20ms=0.960 30ms=0.960
      final display timing: offset_f1=0.640 rhythm_precision=0.667 note_value_acc=0.208 note_value_n=24 avg_beat_error=0.721
      final display structure: cluster_f1=0.923 onset_align_recall=0.950 avg_jaccard=0.987 exact=18/20 pred=19 over=0 under=1 pitch_conflicts=0 missed_gt=1
      threshold profiles: hit_rate=1.000 thresholds=[0.71] profiles={'soft_sparse_recall': 10}
    delta treatment-control: precision=+0.000 recall=+0.000 f1=+0.000 offset_f1=+0.000 note_value_acc=+0.000 dup_per_100=+0.00 boundary_miss_rate=+0.000 p95_chunk_ms=-4.07 f1_10ms=+0.000 f1_20ms=+0.000 f1_30ms=+0.000 visible_p50_ms=-6.7 stabilize_p50_ms=-5.6 algo_visible_p50_ms=+0.0 algo_stabilize_p50_ms=+0.0 avg_revisions=+0.00 display_note_f1=+0.000 display_offset_f1=+0.000 display_cluster_f1=+0.000 display_cluster_jaccard=+0.000
    failure buckets: ['runtime_only_win', 'boundary_miss_failure', 'high_revision_slow_stabilization', 'note_value_offset_failure']
      boundary diagnostics: missed=1 by_arm={'control': 1, 'treatment': 1} tags={'control_boundary_miss': 1, 'no_control_coarse_candidate': 1}
        miss: pitch=53 onset=1.719s boundary_delta_ms=-81.3 control_coarse=False treatment_coarse=False retro=n/a
[TIMING] EnhancedMel.transcribe: audio_to_gpu=0.5ms, features=0.6ms, model=10.4ms, decode=1.4ms | TOTAL=12.9ms for 600ms audio (RTF=0.02x)
[TIMING] stream_chunk[experiment-da6f9730df564cbd863e0ef3eb18a1e8](live_neural): decode=0.2ms, inference=15.4ms, second_pass=0.0ms, contention=0.0ms, TOTAL=15.7ms | audio=600ms, RTF=0.03x | model=enhanced_mel, neural_total=15.0ms, model_inference=10.4ms
[TIMING] EnhancedMel.transcribe: audio_to_gpu=0.1ms, features=0.4ms, model=10.9ms, decode=2.5ms | TOTAL=13.9ms for 1200ms audio (RTF=0.01x)
[TIMING] stream_chunk[experiment-da6f9730df564cbd863e0ef3eb18a1e8](live_neural): decode=0.1ms, inference=15.7ms, second_pass=0.0ms, contention=0.0ms, TOTAL=15.9ms | audio=600ms, RTF=0.03x | model=enhanced_mel, neural_total=15.3ms, model_inference=10.9ms
[TIMING] EnhancedMel.transcribe: audio_to_gpu=0.3ms, features=0.7ms, model=12.7ms, decode=3.6ms | TOTAL=17.2ms for 1800ms audio (RTF=0.01x)
[TIMING] stream_chunk[experiment-da6f9730df564cbd863e0ef3eb18a1e8](live_neural): decode=0.1ms, inference=19.4ms, second_pass=0.0ms, contention=0.0ms, TOTAL=19.6ms | audio=600ms, RTF=0.03x | model=enhanced_mel, neural_total=19.0ms, model_inference=12.7ms
[TIMING] EnhancedMel.transcribe: audio_to_gpu=0.2ms, features=0.5ms, model=13.5ms, decode=5.1ms | TOTAL=19.3ms for 2400ms audio (RTF=0.01x)
[TIMING] stream_chunk[experiment-da6f9730df564cbd863e0ef3eb18a1e8](live_neural): decode=0.1ms, inference=21.9ms, second_pass=0.0ms, contention=0.0ms, TOTAL=22.2ms | audio=600ms, RTF=0.04x | model=enhanced_mel, neural_total=21.5ms, model_inference=13.5ms
[TIMING] EnhancedMel.transcribe: audio_to_gpu=0.2ms, features=0.5ms, model=18.2ms, decode=5.6ms | TOTAL=24.5ms for 3000ms audio (RTF=0.01x)
[TIMING] stream_chunk[experiment-da6f9730df564cbd863e0ef3eb18a1e8](live_neural): decode=0.1ms, inference=26.9ms, second_pass=0.0ms, contention=0.0ms, TOTAL=27.3ms | audio=600ms, RTF=0.05x | model=enhanced_mel, neural_total=26.5ms, model_inference=18.2ms
[TIMING] EnhancedMel.transcribe: audio_to_gpu=0.2ms, features=0.5ms, model=19.1ms, decode=5.6ms | TOTAL=25.4ms for 3000ms audio (RTF=0.01x)
[TIMING] stream_chunk[experiment-da6f9730df564cbd863e0ef3eb18a1e8](live_neural): decode=0.1ms, inference=27.8ms, second_pass=0.0ms, contention=0.0ms, TOTAL=28.1ms | audio=600ms, RTF=0.05x | model=enhanced_mel, neural_total=27.3ms, model_inference=19.1ms
[TIMING] EnhancedMel.transcribe: audio_to_gpu=0.4ms, features=0.5ms, model=11.7ms, decode=5.8ms | TOTAL=18.3ms for 3000ms audio (RTF=0.01x)
[TIMING] stream_chunk[experiment-da6f9730df564cbd863e0ef3eb18a1e8](live_neural): decode=0.1ms, inference=20.9ms, second_pass=0.0ms, contention=0.0ms, TOTAL=21.2ms | audio=600ms, RTF=0.04x | model=enhanced_mel, neural_total=20.6ms, model_inference=11.7ms
[TIMING] EnhancedMel.transcribe: audio_to_gpu=0.3ms, features=0.9ms, model=21.5ms, decode=5.4ms | TOTAL=28.1ms for 3000ms audio (RTF=0.01x)
[TIMING] stream_chunk[experiment-da6f9730df564cbd863e0ef3eb18a1e8](live_neural): decode=0.1ms, inference=30.4ms, second_pass=0.0ms, contention=0.0ms, TOTAL=30.7ms | audio=600ms, RTF=0.05x | model=enhanced_mel, neural_total=30.0ms, model_inference=21.5ms
[TIMING] EnhancedMel.transcribe: audio_to_gpu=0.3ms, features=0.8ms, model=16.1ms, decode=5.4ms | TOTAL=22.7ms for 3000ms audio (RTF=0.01x)
[TIMING] stream_chunk[experiment-da6f9730df564cbd863e0ef3eb18a1e8](live_neural): decode=0.1ms, inference=25.1ms, second_pass=0.0ms, contention=0.0ms, TOTAL=25.5ms | audio=600ms, RTF=0.04x | model=enhanced_mel, neural_total=24.6ms, model_inference=16.1ms
[TIMING] EnhancedMel.transcribe: audio_to_gpu=0.3ms, features=0.5ms, model=12.7ms, decode=5.5ms | TOTAL=19.0ms for 3000ms audio (RTF=0.01x)
[TIMING] stream_chunk[experiment-da6f9730df564cbd863e0ef3eb18a1e8](live_neural): decode=0.1ms, inference=21.3ms, second_pass=0.0ms, contention=0.0ms, TOTAL=21.6ms | audio=600ms, RTF=0.04x | model=enhanced_mel, neural_total=20.9ms, model_inference=12.7ms
[TIMING] EnhancedMel.transcribe: audio_to_gpu=0.3ms, features=0.6ms, model=10.4ms, decode=1.4ms | TOTAL=12.6ms for 600ms audio (RTF=0.02x)
[TIMING] stream_chunk[experiment-c4c5f9627d0341f69fe0b51f857b65ea](live_neural): decode=0.1ms, inference=14.9ms, second_pass=0.0ms, contention=0.0ms, TOTAL=15.1ms | audio=600ms, RTF=0.03x | model=enhanced_mel, neural_total=14.5ms, model_inference=10.4ms
[TIMING] EnhancedMel.transcribe: audio_to_gpu=0.1ms, features=0.4ms, model=10.5ms, decode=2.5ms | TOTAL=13.5ms for 1200ms audio (RTF=0.01x)
[TIMING] stream_chunk[experiment-c4c5f9627d0341f69fe0b51f857b65ea](live_neural): decode=0.1ms, inference=15.5ms, second_pass=0.0ms, contention=0.0ms, TOTAL=15.8ms | audio=600ms, RTF=0.03x | model=enhanced_mel, neural_total=14.9ms, model_inference=10.5ms
[TIMING] EnhancedMel.transcribe: audio_to_gpu=0.2ms, features=0.6ms, model=11.8ms, decode=3.5ms | TOTAL=16.0ms for 1800ms audio (RTF=0.01x)
[TIMING] stream_chunk[experiment-c4c5f9627d0341f69fe0b51f857b65ea](live_neural): decode=0.1ms, inference=18.0ms, second_pass=0.0ms, contention=0.0ms, TOTAL=18.2ms | audio=600ms, RTF=0.03x | model=enhanced_mel, neural_total=17.7ms, model_inference=11.8ms
[TIMING] EnhancedMel.transcribe: audio_to_gpu=0.3ms, features=0.6ms, model=15.2ms, decode=4.8ms | TOTAL=20.8ms for 2400ms audio (RTF=0.01x)
[TIMING] stream_chunk[experiment-c4c5f9627d0341f69fe0b51f857b65ea](live_neural): decode=0.1ms, inference=23.1ms, second_pass=0.0ms, contention=0.0ms, TOTAL=23.4ms | audio=600ms, RTF=0.04x | model=enhanced_mel, neural_total=22.7ms, model_inference=15.2ms
[TIMING] EnhancedMel.transcribe: audio_to_gpu=0.5ms, features=0.7ms, model=13.7ms, decode=5.5ms | TOTAL=20.3ms for 3000ms audio (RTF=0.01x)
[TIMING] stream_chunk[experiment-c4c5f9627d0341f69fe0b51f857b65ea](live_neural): decode=0.1ms, inference=22.8ms, second_pass=0.0ms, contention=0.0ms, TOTAL=23.1ms | audio=600ms, RTF=0.04x | model=enhanced_mel, neural_total=22.4ms, model_inference=13.7ms
[TIMING] EnhancedMel.transcribe: audio_to_gpu=0.3ms, features=0.5ms, model=11.7ms, decode=5.5ms | TOTAL=17.9ms for 3000ms audio (RTF=0.01x)
[TIMING] stream_chunk[experiment-c4c5f9627d0341f69fe0b51f857b65ea](live_neural): decode=0.1ms, inference=20.4ms, second_pass=0.0ms, contention=0.0ms, TOTAL=20.9ms | audio=600ms, RTF=0.03x | model=enhanced_mel, neural_total=19.9ms, model_inference=11.7ms
[TIMING] EnhancedMel.transcribe: audio_to_gpu=0.3ms, features=0.5ms, model=13.0ms, decode=5.7ms | TOTAL=19.5ms for 3000ms audio (RTF=0.01x)
[TIMING] stream_chunk[experiment-c4c5f9627d0341f69fe0b51f857b65ea](live_neural): decode=0.1ms, inference=22.7ms, second_pass=0.0ms, contention=0.0ms, TOTAL=23.0ms | audio=600ms, RTF=0.04x | model=enhanced_mel, neural_total=22.2ms, model_inference=13.0ms
[TIMING] EnhancedMel.transcribe: audio_to_gpu=0.3ms, features=0.7ms, model=12.2ms, decode=5.9ms | TOTAL=19.1ms for 3000ms audio (RTF=0.01x)
[TIMING] stream_chunk[experiment-c4c5f9627d0341f69fe0b51f857b65ea](live_neural): decode=0.1ms, inference=21.6ms, second_pass=0.0ms, contention=0.0ms, TOTAL=21.9ms | audio=600ms, RTF=0.04x | model=enhanced_mel, neural_total=21.2ms, model_inference=12.2ms
[TIMING] EnhancedMel.transcribe: audio_to_gpu=0.3ms, features=0.7ms, model=12.1ms, decode=5.5ms | TOTAL=18.6ms for 3000ms audio (RTF=0.01x)
[TIMING] stream_chunk[experiment-c4c5f9627d0341f69fe0b51f857b65ea](live_neural): decode=0.1ms, inference=22.1ms, second_pass=0.0ms, contention=0.0ms, TOTAL=22.4ms | audio=600ms, RTF=0.04x | model=enhanced_mel, neural_total=21.7ms, model_inference=12.1ms
[TIMING] EnhancedMel.transcribe: audio_to_gpu=0.2ms, features=1.4ms, model=13.4ms, decode=5.5ms | TOTAL=20.5ms for 3000ms audio (RTF=0.01x)
[TIMING] stream_chunk[experiment-c4c5f9627d0341f69fe0b51f857b65ea](live_neural): decode=0.1ms, inference=23.0ms, second_pass=0.0ms, contention=0.0ms, TOTAL=23.4ms | audio=600ms, RTF=0.04x | model=enhanced_mel, neural_total=22.6ms, model_inference=13.4ms

[CLIP_002] Two Sonatas
  excerpt: start=21.00s end=27.00s duration=6.00s gt_notes=95 rms=0.1706 peak=0.8416 crest=4.933 rms_std=0.0350
    control:
      note metrics: precision=0.933 recall=0.874 f1=0.902 matched=83/95 pred=89
      strict onset f1: 10ms=0.848 20ms=0.902 30ms=0.902
      timing metrics: offset_f1=0.793 rhythm_precision=0.880 note_value_acc=0.325 note_value_n=83 avg_beat_error=0.148
      duplicate metrics: duplicates=3 per_100_notes=3.37
      boundary metrics: gt=30 matched=26 missed=4 miss_rate=0.133
      latency: avg_chunk_ms=22.77 p95_chunk_ms=29.49 avg_rtf=0.038
      notation metrics: first_correct_ms=42.8 visible_p50_ms=361.2 visible_p95_ms=641.6 stabilize_p50_ms=703.0 stabilize_p95_ms=2162.7 avg_revisions=0.81 matched=36 refined=36 snapshots=20
      algorithmic latency: first_correct_ms=18.2 visible_p50_ms=339.6 visible_p95_ms=620.1 stabilize_p50_ms=612.8 stabilize_p95_ms=1741.1
      final display note metrics: precision=0.965 recall=0.874 f1=0.917 matched=83/95 pred=86
      final display strict onset f1: 10ms=0.862 20ms=0.917 30ms=0.917
      final display timing: offset_f1=0.807 rhythm_precision=0.880 note_value_acc=0.265 note_value_n=83 avg_beat_error=0.227
      final display structure: cluster_f1=0.769 onset_align_recall=1.000 avg_jaccard=0.886 exact=40/52 pred=52 over=1 under=9 pitch_conflicts=2 missed_gt=0
      threshold profiles: hit_rate=0.000 thresholds=[0.75] profiles={'fixed_baseline': 10}
    treatment:
      note metrics: precision=0.954 recall=0.874 f1=0.912 matched=83/95 pred=87
      strict onset f1: 10ms=0.857 20ms=0.912 30ms=0.912
      timing metrics: offset_f1=0.802 rhythm_precision=0.880 note_value_acc=0.325 note_value_n=83 avg_beat_error=0.148
      duplicate metrics: duplicates=2 per_100_notes=2.30
      boundary metrics: gt=30 matched=26 missed=4 miss_rate=0.133
      latency: avg_chunk_ms=20.71 p95_chunk_ms=23.39 avg_rtf=0.034
      notation metrics: first_correct_ms=41.3 visible_p50_ms=349.6 visible_p95_ms=633.8 stabilize_p50_ms=703.2 stabilize_p95_ms=1940.0 avg_revisions=0.78 matched=36 refined=36 snapshots=20
      algorithmic latency: first_correct_ms=18.2 visible_p50_ms=326.6 visible_p95_ms=610.4 stabilize_p50_ms=612.8 stabilize_p95_ms=1518.3
      final display note metrics: precision=0.976 recall=0.874 f1=0.922 matched=83/95 pred=85
      final display strict onset f1: 10ms=0.867 20ms=0.922 30ms=0.922
      final display timing: offset_f1=0.811 rhythm_precision=0.880 note_value_acc=0.253 note_value_n=83 avg_beat_error=0.239
      final display structure: cluster_f1=0.788 onset_align_recall=1.000 avg_jaccard=0.896 exact=41/52 pred=52 over=0 under=9 pitch_conflicts=2 missed_gt=0
      threshold profiles: hit_rate=1.000 thresholds=[0.77] profiles={'loud_dense_precision': 10}
    delta treatment-control: precision=+0.021 recall=+0.000 f1=+0.010 offset_f1=+0.009 note_value_acc=+0.000 dup_per_100=-1.07 boundary_miss_rate=+0.000 p95_chunk_ms=-6.10 f1_10ms=+0.009 f1_20ms=+0.010 f1_30ms=+0.010 visible_p50_ms=-11.6 stabilize_p50_ms=+0.2 algo_visible_p50_ms=-13.0 algo_stabilize_p50_ms=+0.0 avg_revisions=-0.03 display_note_f1=+0.005 display_offset_f1=+0.004 display_cluster_f1=+0.019 display_cluster_jaccard=+0.010
    failure buckets: ['runtime_only_win', 'boundary_miss_failure', 'high_revision_slow_stabilization', 'note_value_offset_failure']
      boundary diagnostics: missed=4 by_arm={'control': 4, 'treatment': 4} tags={'control_boundary_miss': 4, 'control_timing_or_quantization_drift': 2, 'no_control_coarse_candidate': 2, 'treatment_candidate_not_retained': 2}
        miss: pitch=69 onset=0.564s boundary_delta_ms=-36.2 control_coarse=False treatment_coarse=False retro=n/a
        miss: pitch=64 onset=1.176s boundary_delta_ms=-24.2 control_coarse=True treatment_coarse=True retro=n/a
        miss: pitch=64 onset=1.785s boundary_delta_ms=-14.8 control_coarse=True treatment_coarse=True retro=n/a
        ... 1 more missed boundary notes in diagnostics JSON
[TIMING] EnhancedMel.transcribe: audio_to_gpu=0.3ms, features=0.8ms, model=16.9ms, decode=1.3ms | TOTAL=19.3ms for 600ms audio (RTF=0.03x)
[TIMING] stream_chunk[experiment-716a1bcbe90142f0b970ef763b1e7ee0](live_neural): decode=0.2ms, inference=21.2ms, second_pass=0.0ms, contention=0.0ms, TOTAL=21.4ms | audio=600ms, RTF=0.04x | model=enhanced_mel, neural_total=20.7ms, model_inference=16.9ms
[TIMING] EnhancedMel.transcribe: audio_to_gpu=0.1ms, features=0.5ms, model=10.4ms, decode=2.1ms | TOTAL=13.1ms for 1200ms audio (RTF=0.01x)
[TIMING] stream_chunk[experiment-716a1bcbe90142f0b970ef763b1e7ee0](live_neural): decode=0.1ms, inference=15.5ms, second_pass=0.0ms, contention=0.0ms, TOTAL=15.7ms | audio=600ms, RTF=0.03x | model=enhanced_mel, neural_total=15.2ms, model_inference=10.4ms
[TIMING] EnhancedMel.transcribe: audio_to_gpu=0.1ms, features=0.4ms, model=10.8ms, decode=3.1ms | TOTAL=14.4ms for 1800ms audio (RTF=0.01x)
[TIMING] stream_chunk[experiment-716a1bcbe90142f0b970ef763b1e7ee0](live_neural): decode=0.1ms, inference=16.1ms, second_pass=0.0ms, contention=0.0ms, TOTAL=16.3ms | audio=600ms, RTF=0.03x | model=enhanced_mel, neural_total=15.8ms, model_inference=10.8ms
[TIMING] EnhancedMel.transcribe: audio_to_gpu=0.1ms, features=0.4ms, model=11.2ms, decode=3.9ms | TOTAL=15.7ms for 2400ms audio (RTF=0.01x)
[TIMING] stream_chunk[experiment-716a1bcbe90142f0b970ef763b1e7ee0](live_neural): decode=0.1ms, inference=17.6ms, second_pass=0.0ms, contention=0.0ms, TOTAL=17.9ms | audio=600ms, RTF=0.03x | model=enhanced_mel, neural_total=17.3ms, model_inference=11.2ms
[TIMING] EnhancedMel.transcribe: audio_to_gpu=0.2ms, features=0.5ms, model=11.7ms, decode=5.1ms | TOTAL=17.5ms for 3000ms audio (RTF=0.01x)
[TIMING] stream_chunk[experiment-716a1bcbe90142f0b970ef763b1e7ee0](live_neural): decode=0.2ms, inference=19.8ms, second_pass=0.0ms, contention=0.0ms, TOTAL=20.0ms | audio=600ms, RTF=0.03x | model=enhanced_mel, neural_total=19.4ms, model_inference=11.7ms
[TIMING] EnhancedMel.transcribe: audio_to_gpu=0.3ms, features=0.7ms, model=15.5ms, decode=5.1ms | TOTAL=21.6ms for 3000ms audio (RTF=0.01x)
[TIMING] stream_chunk[experiment-716a1bcbe90142f0b970ef763b1e7ee0](live_neural): decode=0.1ms, inference=23.7ms, second_pass=0.0ms, contention=0.0ms, TOTAL=23.9ms | audio=600ms, RTF=0.04x | model=enhanced_mel, neural_total=23.4ms, model_inference=15.5ms
[TIMING] EnhancedMel.transcribe: audio_to_gpu=0.2ms, features=0.5ms, model=12.3ms, decode=5.4ms | TOTAL=18.4ms for 3000ms audio (RTF=0.01x)
[TIMING] stream_chunk[experiment-716a1bcbe90142f0b970ef763b1e7ee0](live_neural): decode=0.3ms, inference=22.0ms, second_pass=0.0ms, contention=0.0ms, TOTAL=22.4ms | audio=600ms, RTF=0.04x | model=enhanced_mel, neural_total=21.5ms, model_inference=12.3ms
[TIMING] EnhancedMel.transcribe: audio_to_gpu=0.1ms, features=0.4ms, model=14.1ms, decode=4.7ms | TOTAL=19.4ms for 3000ms audio (RTF=0.01x)
[TIMING] stream_chunk[experiment-716a1bcbe90142f0b970ef763b1e7ee0](live_neural): decode=0.1ms, inference=21.6ms, second_pass=0.0ms, contention=0.0ms, TOTAL=21.8ms | audio=600ms, RTF=0.04x | model=enhanced_mel, neural_total=21.2ms, model_inference=14.1ms
[TIMING] EnhancedMel.transcribe: audio_to_gpu=0.2ms, features=0.5ms, model=11.7ms, decode=5.8ms | TOTAL=18.2ms for 3000ms audio (RTF=0.01x)
[TIMING] stream_chunk[experiment-716a1bcbe90142f0b970ef763b1e7ee0](live_neural): decode=0.1ms, inference=20.8ms, second_pass=0.0ms, contention=0.0ms, TOTAL=21.0ms | audio=600ms, RTF=0.03x | model=enhanced_mel, neural_total=20.4ms, model_inference=11.7ms
[TIMING] EnhancedMel.transcribe: audio_to_gpu=0.3ms, features=0.7ms, model=17.5ms, decode=4.8ms | TOTAL=23.2ms for 3000ms audio (RTF=0.01x)
[TIMING] stream_chunk[experiment-716a1bcbe90142f0b970ef763b1e7ee0](live_neural): decode=0.1ms, inference=25.4ms, second_pass=0.0ms, contention=0.0ms, TOTAL=25.6ms | audio=600ms, RTF=0.04x | model=enhanced_mel, neural_total=25.0ms, model_inference=17.5ms
[TIMING] EnhancedMel.transcribe: audio_to_gpu=0.4ms, features=0.8ms, model=13.2ms, decode=1.2ms | TOTAL=15.6ms for 600ms audio (RTF=0.03x)
[TIMING] stream_chunk[experiment-f8154a2859f74526a86048c218495062](live_neural): decode=0.1ms, inference=17.1ms, second_pass=0.0ms, contention=0.0ms, TOTAL=17.2ms | audio=600ms, RTF=0.03x | model=enhanced_mel, neural_total=16.7ms, model_inference=13.2ms
[TIMING] EnhancedMel.transcribe: audio_to_gpu=0.1ms, features=0.6ms, model=11.6ms, decode=2.2ms | TOTAL=14.6ms for 1200ms audio (RTF=0.01x)
[TIMING] stream_chunk[experiment-f8154a2859f74526a86048c218495062](live_neural): decode=0.1ms, inference=16.3ms, second_pass=0.0ms, contention=0.0ms, TOTAL=16.5ms | audio=600ms, RTF=0.03x | model=enhanced_mel, neural_total=15.9ms, model_inference=11.6ms
[TIMING] EnhancedMel.transcribe: audio_to_gpu=0.1ms, features=0.4ms, model=13.2ms, decode=3.1ms | TOTAL=16.7ms for 1800ms audio (RTF=0.01x)
[TIMING] stream_chunk[experiment-f8154a2859f74526a86048c218495062](live_neural): decode=0.1ms, inference=18.5ms, second_pass=0.0ms, contention=0.0ms, TOTAL=18.7ms | audio=600ms, RTF=0.03x | model=enhanced_mel, neural_total=18.2ms, model_inference=13.2ms
[TIMING] EnhancedMel.transcribe: audio_to_gpu=0.3ms, features=0.7ms, model=12.2ms, decode=4.1ms | TOTAL=17.3ms for 2400ms audio (RTF=0.01x)
[TIMING] stream_chunk[experiment-f8154a2859f74526a86048c218495062](live_neural): decode=0.2ms, inference=19.4ms, second_pass=0.0ms, contention=0.0ms, TOTAL=19.7ms | audio=600ms, RTF=0.03x | model=enhanced_mel, neural_total=18.9ms, model_inference=12.2ms
[TIMING] EnhancedMel.transcribe: audio_to_gpu=0.2ms, features=0.8ms, model=14.7ms, decode=5.1ms | TOTAL=20.7ms for 3000ms audio (RTF=0.01x)
[TIMING] stream_chunk[experiment-f8154a2859f74526a86048c218495062](live_neural): decode=0.1ms, inference=23.2ms, second_pass=0.0ms, contention=0.0ms, TOTAL=23.5ms | audio=600ms, RTF=0.04x | model=enhanced_mel, neural_total=22.8ms, model_inference=14.7ms
[TIMING] EnhancedMel.transcribe: audio_to_gpu=0.4ms, features=0.7ms, model=14.7ms, decode=5.2ms | TOTAL=20.9ms for 3000ms audio (RTF=0.01x)
[TIMING] stream_chunk[experiment-f8154a2859f74526a86048c218495062](live_neural): decode=0.1ms, inference=23.2ms, second_pass=0.0ms, contention=0.0ms, TOTAL=23.4ms | audio=600ms, RTF=0.04x | model=enhanced_mel, neural_total=22.8ms, model_inference=14.7ms
[TIMING] EnhancedMel.transcribe: audio_to_gpu=0.2ms, features=0.8ms, model=20.5ms, decode=4.9ms | TOTAL=26.4ms for 3000ms audio (RTF=0.01x)
[TIMING] stream_chunk[experiment-f8154a2859f74526a86048c218495062](live_neural): decode=0.1ms, inference=28.9ms, second_pass=0.0ms, contention=0.0ms, TOTAL=29.1ms | audio=600ms, RTF=0.05x | model=enhanced_mel, neural_total=28.5ms, model_inference=20.5ms
[TIMING] EnhancedMel.transcribe: audio_to_gpu=0.2ms, features=0.5ms, model=12.2ms, decode=4.9ms | TOTAL=17.8ms for 3000ms audio (RTF=0.01x)
[TIMING] stream_chunk[experiment-f8154a2859f74526a86048c218495062](live_neural): decode=0.1ms, inference=20.9ms, second_pass=0.0ms, contention=0.0ms, TOTAL=21.1ms | audio=600ms, RTF=0.04x | model=enhanced_mel, neural_total=20.5ms, model_inference=12.2ms
[TIMING] EnhancedMel.transcribe: audio_to_gpu=0.5ms, features=0.7ms, model=16.9ms, decode=5.1ms | TOTAL=23.2ms for 3000ms audio (RTF=0.01x)
[TIMING] stream_chunk[experiment-f8154a2859f74526a86048c218495062](live_neural): decode=0.1ms, inference=25.3ms, second_pass=0.0ms, contention=0.0ms, TOTAL=25.5ms | audio=600ms, RTF=0.04x | model=enhanced_mel, neural_total=24.9ms, model_inference=16.9ms
[TIMING] EnhancedMel.transcribe: audio_to_gpu=0.3ms, features=0.5ms, model=11.8ms, decode=5.8ms | TOTAL=18.3ms for 3000ms audio (RTF=0.01x)
[TIMING] stream_chunk[experiment-f8154a2859f74526a86048c218495062](live_neural): decode=0.1ms, inference=20.5ms, second_pass=0.0ms, contention=0.0ms, TOTAL=20.7ms | audio=600ms, RTF=0.03x | model=enhanced_mel, neural_total=20.1ms, model_inference=11.8ms

[CLIP_003] Sonata in D Minor, K. 213
  excerpt: start=9.00s end=15.00s duration=6.00s gt_notes=18 rms=0.0079 peak=0.0465 crest=5.877 rms_std=0.0026
    control:
      note metrics: precision=0.818 recall=1.000 f1=0.900 matched=18/18 pred=22
      strict onset f1: 10ms=0.850 20ms=0.900 30ms=0.900
      timing metrics: offset_f1=0.450 rhythm_precision=0.500 note_value_acc=0.056 note_value_n=18 avg_beat_error=0.920
      duplicate metrics: duplicates=1 per_100_notes=4.55
      boundary metrics: gt=8 matched=8 missed=0 miss_rate=0.000
      latency: avg_chunk_ms=20.61 p95_chunk_ms=24.86 avg_rtf=0.034
      notation metrics: first_correct_ms=41.2 visible_p50_ms=307.7 visible_p95_ms=567.6 stabilize_p50_ms=1667.8 stabilize_p95_ms=3542.2 avg_revisions=1.88 matched=17 refined=17 snapshots=19
      algorithmic latency: first_correct_ms=15.6 visible_p50_ms=286.7 visible_p95_ms=551.8 stabilize_p50_ms=1395.1 stabilize_p95_ms=2920.6
      final display note metrics: precision=0.857 recall=1.000 f1=0.923 matched=18/18 pred=21
      final display strict onset f1: 10ms=0.872 20ms=0.923 30ms=0.923
      final display timing: offset_f1=0.462 rhythm_precision=0.500 note_value_acc=0.222 note_value_n=18 avg_beat_error=0.677
      final display structure: cluster_f1=0.889 onset_align_recall=1.000 avg_jaccard=0.971 exact=16/17 pred=19 over=1 under=0 pitch_conflicts=0 missed_gt=0
      threshold profiles: hit_rate=0.000 thresholds=[0.75] profiles={'fixed_baseline': 10}
    treatment:
      note metrics: precision=0.783 recall=1.000 f1=0.878 matched=18/18 pred=23
      strict onset f1: 10ms=0.829 20ms=0.878 30ms=0.878
      timing metrics: offset_f1=0.439 rhythm_precision=0.500 note_value_acc=0.056 note_value_n=18 avg_beat_error=0.920
      duplicate metrics: duplicates=1 per_100_notes=4.35
      boundary metrics: gt=8 matched=8 missed=0 miss_rate=0.000
      latency: avg_chunk_ms=21.55 p95_chunk_ms=27.52 avg_rtf=0.036
      notation metrics: first_correct_ms=36.3 visible_p50_ms=312.2 visible_p95_ms=568.7 stabilize_p50_ms=1731.3 stabilize_p95_ms=3231.2 avg_revisions=2.41 matched=17 refined=17 snapshots=20
      algorithmic latency: first_correct_ms=15.6 visible_p50_ms=286.7 visible_p95_ms=551.8 stabilize_p50_ms=1617.7 stabilize_p95_ms=2605.5
      final display note metrics: precision=0.818 recall=1.000 f1=0.900 matched=18/18 pred=22
      final display strict onset f1: 10ms=0.850 20ms=0.900 30ms=0.900
      final display timing: offset_f1=0.450 rhythm_precision=0.500 note_value_acc=0.222 note_value_n=18 avg_beat_error=0.705
      final display structure: cluster_f1=0.865 onset_align_recall=1.000 avg_jaccard=0.971 exact=16/17 pred=20 over=1 under=0 pitch_conflicts=0 missed_gt=0
      threshold profiles: hit_rate=1.000 thresholds=[0.71] profiles={'soft_sparse_recall': 10}
    delta treatment-control: precision=-0.036 recall=+0.000 f1=-0.022 offset_f1=-0.011 note_value_acc=+0.000 dup_per_100=-0.20 boundary_miss_rate=+0.000 p95_chunk_ms=+2.65 f1_10ms=-0.021 f1_20ms=-0.022 f1_30ms=-0.022 visible_p50_ms=+4.6 stabilize_p50_ms=+63.6 algo_visible_p50_ms=+0.0 algo_stabilize_p50_ms=+222.7 avg_revisions=+0.53 display_note_f1=-0.023 display_offset_f1=-0.012 display_cluster_f1=-0.024 display_cluster_jaccard=+0.000
    failure buckets: ['high_revision_slow_stabilization', 'note_value_offset_failure']
[TIMING] EnhancedMel.transcribe: audio_to_gpu=0.3ms, features=0.7ms, model=10.7ms, decode=1.3ms | TOTAL=13.1ms for 600ms audio (RTF=0.02x)
[TIMING] stream_chunk[experiment-7a194177fc3c44028dc851bfd550707a](live_neural): decode=0.2ms, inference=14.9ms, second_pass=0.0ms, contention=0.0ms, TOTAL=15.1ms | audio=600ms, RTF=0.03x | model=enhanced_mel, neural_total=14.4ms, model_inference=10.7ms
[TIMING] EnhancedMel.transcribe: audio_to_gpu=0.2ms, features=0.6ms, model=20.4ms, decode=2.7ms | TOTAL=23.8ms for 1200ms audio (RTF=0.02x)
[TIMING] stream_chunk[experiment-7a194177fc3c44028dc851bfd550707a](live_neural): decode=0.1ms, inference=25.8ms, second_pass=0.0ms, contention=0.0ms, TOTAL=26.0ms | audio=600ms, RTF=0.04x | model=enhanced_mel, neural_total=25.4ms, model_inference=20.4ms
[TIMING] EnhancedMel.transcribe: audio_to_gpu=0.2ms, features=0.6ms, model=21.8ms, decode=3.5ms | TOTAL=26.1ms for 1800ms audio (RTF=0.01x)
[TIMING] stream_chunk[experiment-7a194177fc3c44028dc851bfd550707a](live_neural): decode=0.1ms, inference=28.2ms, second_pass=0.0ms, contention=0.0ms, TOTAL=28.4ms | audio=600ms, RTF=0.05x | model=enhanced_mel, neural_total=27.8ms, model_inference=21.8ms
[TIMING] EnhancedMel.transcribe: audio_to_gpu=0.2ms, features=0.7ms, model=19.8ms, decode=4.7ms | TOTAL=25.4ms for 2400ms audio (RTF=0.01x)
[TIMING] stream_chunk[experiment-7a194177fc3c44028dc851bfd550707a](live_neural): decode=0.1ms, inference=27.8ms, second_pass=0.0ms, contention=0.0ms, TOTAL=28.0ms | audio=600ms, RTF=0.05x | model=enhanced_mel, neural_total=27.3ms, model_inference=19.8ms
[TIMING] EnhancedMel.transcribe: audio_to_gpu=0.3ms, features=0.9ms, model=12.2ms, decode=6.4ms | TOTAL=19.7ms for 3000ms audio (RTF=0.01x)
[TIMING] stream_chunk[experiment-7a194177fc3c44028dc851bfd550707a](live_neural): decode=0.1ms, inference=22.3ms, second_pass=0.0ms, contention=0.0ms, TOTAL=22.6ms | audio=600ms, RTF=0.04x | model=enhanced_mel, neural_total=21.7ms, model_inference=12.2ms
[TIMING] EnhancedMel.transcribe: audio_to_gpu=0.3ms, features=0.5ms, model=12.7ms, decode=6.4ms | TOTAL=19.9ms for 3000ms audio (RTF=0.01x)
[TIMING] stream_chunk[experiment-7a194177fc3c44028dc851bfd550707a](live_neural): decode=0.1ms, inference=22.3ms, second_pass=0.0ms, contention=0.0ms, TOTAL=22.5ms | audio=600ms, RTF=0.04x | model=enhanced_mel, neural_total=21.9ms, model_inference=12.7ms
[TIMING] EnhancedMel.transcribe: audio_to_gpu=0.3ms, features=0.7ms, model=19.4ms, decode=5.3ms | TOTAL=25.8ms for 3000ms audio (RTF=0.01x)
[TIMING] stream_chunk[experiment-7a194177fc3c44028dc851bfd550707a](live_neural): decode=0.1ms, inference=28.1ms, second_pass=0.0ms, contention=0.0ms, TOTAL=28.3ms | audio=600ms, RTF=0.05x | model=enhanced_mel, neural_total=27.7ms, model_inference=19.4ms
[TIMING] EnhancedMel.transcribe: audio_to_gpu=0.3ms, features=0.5ms, model=12.9ms, decode=5.0ms | TOTAL=18.7ms for 3000ms audio (RTF=0.01x)
[TIMING] stream_chunk[experiment-7a194177fc3c44028dc851bfd550707a](live_neural): decode=0.2ms, inference=20.9ms, second_pass=0.0ms, contention=0.0ms, TOTAL=21.2ms | audio=600ms, RTF=0.04x | model=enhanced_mel, neural_total=20.5ms, model_inference=12.9ms
[TIMING] EnhancedMel.transcribe: audio_to_gpu=0.3ms, features=0.6ms, model=13.4ms, decode=5.1ms | TOTAL=19.3ms for 3000ms audio (RTF=0.01x)
[TIMING] stream_chunk[experiment-7a194177fc3c44028dc851bfd550707a](live_neural): decode=0.2ms, inference=21.5ms, second_pass=0.0ms, contention=0.0ms, TOTAL=21.8ms | audio=600ms, RTF=0.04x | model=enhanced_mel, neural_total=21.1ms, model_inference=13.4ms
[TIMING] EnhancedMel.transcribe: audio_to_gpu=0.3ms, features=0.6ms, model=12.3ms, decode=4.9ms | TOTAL=18.0ms for 3000ms audio (RTF=0.01x)
[TIMING] stream_chunk[experiment-7a194177fc3c44028dc851bfd550707a](live_neural): decode=0.2ms, inference=20.8ms, second_pass=0.0ms, contention=0.0ms, TOTAL=21.0ms | audio=600ms, RTF=0.04x | model=enhanced_mel, neural_total=20.0ms, model_inference=12.3ms
[TIMING] EnhancedMel.transcribe: audio_to_gpu=0.2ms, features=0.5ms, model=10.4ms, decode=2.0ms | TOTAL=13.1ms for 600ms audio (RTF=0.02x)
[TIMING] stream_chunk[experiment-5dfeafc6e2784678b896c4c5d485bae9](live_neural): decode=0.1ms, inference=14.6ms, second_pass=0.0ms, contention=0.0ms, TOTAL=14.8ms | audio=600ms, RTF=0.02x | model=enhanced_mel, neural_total=14.2ms, model_inference=10.4ms
[TIMING] EnhancedMel.transcribe: audio_to_gpu=0.1ms, features=0.5ms, model=10.1ms, decode=2.4ms | TOTAL=13.1ms for 1200ms audio (RTF=0.01x)
[TIMING] stream_chunk[experiment-5dfeafc6e2784678b896c4c5d485bae9](live_neural): decode=0.1ms, inference=15.1ms, second_pass=0.0ms, contention=0.0ms, TOTAL=15.3ms | audio=600ms, RTF=0.03x | model=enhanced_mel, neural_total=14.5ms, model_inference=10.1ms
[TIMING] EnhancedMel.transcribe: audio_to_gpu=0.2ms, features=0.7ms, model=15.8ms, decode=3.9ms | TOTAL=20.7ms for 1800ms audio (RTF=0.01x)
[TIMING] stream_chunk[experiment-5dfeafc6e2784678b896c4c5d485bae9](live_neural): decode=0.1ms, inference=22.8ms, second_pass=0.0ms, contention=0.0ms, TOTAL=23.0ms | audio=600ms, RTF=0.04x | model=enhanced_mel, neural_total=22.3ms, model_inference=15.8ms
[TIMING] EnhancedMel.transcribe: audio_to_gpu=0.2ms, features=0.5ms, model=11.1ms, decode=4.4ms | TOTAL=16.1ms for 2400ms audio (RTF=0.01x)
[TIMING] stream_chunk[experiment-5dfeafc6e2784678b896c4c5d485bae9](live_neural): decode=0.1ms, inference=18.4ms, second_pass=0.0ms, contention=0.0ms, TOTAL=18.6ms | audio=600ms, RTF=0.03x | model=enhanced_mel, neural_total=17.9ms, model_inference=11.1ms
[TIMING] EnhancedMel.transcribe: audio_to_gpu=0.3ms, features=0.5ms, model=13.1ms, decode=5.5ms | TOTAL=19.3ms for 3000ms audio (RTF=0.01x)
[TIMING] stream_chunk[experiment-5dfeafc6e2784678b896c4c5d485bae9](live_neural): decode=0.1ms, inference=21.9ms, second_pass=0.0ms, contention=0.0ms, TOTAL=22.3ms | audio=600ms, RTF=0.04x | model=enhanced_mel, neural_total=21.4ms, model_inference=13.1ms
[TIMING] EnhancedMel.transcribe: audio_to_gpu=0.4ms, features=0.6ms, model=13.2ms, decode=5.6ms | TOTAL=19.8ms for 3000ms audio (RTF=0.01x)
[TIMING] stream_chunk[experiment-5dfeafc6e2784678b896c4c5d485bae9](live_neural): decode=0.1ms, inference=22.7ms, second_pass=0.0ms, contention=0.0ms, TOTAL=23.0ms | audio=600ms, RTF=0.04x | model=enhanced_mel, neural_total=22.2ms, model_inference=13.2ms
[TIMING] EnhancedMel.transcribe: audio_to_gpu=0.3ms, features=0.5ms, model=12.0ms, decode=5.1ms | TOTAL=17.9ms for 3000ms audio (RTF=0.01x)
[TIMING] stream_chunk[experiment-5dfeafc6e2784678b896c4c5d485bae9](live_neural): decode=0.1ms, inference=20.6ms, second_pass=0.0ms, contention=0.0ms, TOTAL=20.9ms | audio=600ms, RTF=0.03x | model=enhanced_mel, neural_total=20.0ms, model_inference=12.0ms
[TIMING] EnhancedMel.transcribe: audio_to_gpu=0.2ms, features=0.5ms, model=11.7ms, decode=5.0ms | TOTAL=17.3ms for 3000ms audio (RTF=0.01x)
[TIMING] stream_chunk[experiment-5dfeafc6e2784678b896c4c5d485bae9](live_neural): decode=0.1ms, inference=19.6ms, second_pass=0.0ms, contention=0.0ms, TOTAL=19.9ms | audio=600ms, RTF=0.03x | model=enhanced_mel, neural_total=19.2ms, model_inference=11.7ms
[TIMING] EnhancedMel.transcribe: audio_to_gpu=0.3ms, features=0.7ms, model=21.9ms, decode=5.0ms | TOTAL=27.9ms for 3000ms audio (RTF=0.01x)
[TIMING] stream_chunk[experiment-5dfeafc6e2784678b896c4c5d485bae9](live_neural): decode=0.1ms, inference=30.2ms, second_pass=0.0ms, contention=0.0ms, TOTAL=30.4ms | audio=600ms, RTF=0.05x | model=enhanced_mel, neural_total=29.8ms, model_inference=21.9ms
[TIMING] EnhancedMel.transcribe: audio_to_gpu=0.4ms, features=0.9ms, model=20.1ms, decode=4.9ms | TOTAL=26.4ms for 3000ms audio (RTF=0.01x)
[TIMING] stream_chunk[experiment-5dfeafc6e2784678b896c4c5d485bae9](live_neural): decode=0.1ms, inference=29.4ms, second_pass=0.0ms, contention=0.0ms, TOTAL=29.6ms | audio=600ms, RTF=0.05x | model=enhanced_mel, neural_total=29.1ms, model_inference=20.1ms

[CLIP_004] Two Sonatas
  excerpt: start=51.00s end=57.00s duration=6.00s gt_notes=50 rms=0.1572 peak=0.7955 crest=5.060 rms_std=0.0687
    control:
      note metrics: precision=0.907 recall=0.980 f1=0.942 matched=49/50 pred=54
      strict onset f1: 10ms=0.827 20ms=0.942 30ms=0.942
      timing metrics: offset_f1=0.923 rhythm_precision=0.959 note_value_acc=0.286 note_value_n=49 avg_beat_error=0.094
      duplicate metrics: duplicates=1 per_100_notes=1.85
      boundary metrics: gt=16 matched=15 missed=1 miss_rate=0.062
      latency: avg_chunk_ms=23.51 p95_chunk_ms=28.41 avg_rtf=0.039
      notation metrics: first_correct_ms=28.8 visible_p50_ms=327.7 visible_p95_ms=607.9 stabilize_p50_ms=480.8 stabilize_p95_ms=1384.0 avg_revisions=0.28 matched=29 refined=29 snapshots=21
      algorithmic latency: first_correct_ms=6.3 visible_p50_ms=306.5 visible_p95_ms=586.2 stabilize_p50_ms=456.0 stabilize_p95_ms=958.3
      final display note metrics: precision=0.925 recall=0.980 f1=0.951 matched=49/50 pred=53
      final display strict onset f1: 10ms=0.835 20ms=0.951 30ms=0.951
      final display timing: offset_f1=0.932 rhythm_precision=0.980 note_value_acc=0.286 note_value_n=49 avg_beat_error=0.185
      final display structure: cluster_f1=0.933 onset_align_recall=1.000 avg_jaccard=0.986 exact=35/36 pred=39 over=0 under=1 pitch_conflicts=0 missed_gt=0
      threshold profiles: hit_rate=0.000 thresholds=[0.75] profiles={'fixed_baseline': 10}
    treatment:
      note metrics: precision=0.942 recall=0.980 f1=0.961 matched=49/50 pred=52
      strict onset f1: 10ms=0.843 20ms=0.961 30ms=0.961
      timing metrics: offset_f1=0.941 rhythm_precision=0.959 note_value_acc=0.286 note_value_n=49 avg_beat_error=0.094
      duplicate metrics: duplicates=1 per_100_notes=1.92
      boundary metrics: gt=16 matched=15 missed=1 miss_rate=0.062
      latency: avg_chunk_ms=21.79 p95_chunk_ms=30.06 avg_rtf=0.036
      notation metrics: first_correct_ms=29.3 visible_p50_ms=326.4 visible_p95_ms=607.1 stabilize_p50_ms=508.5 stabilize_p95_ms=1261.5 avg_revisions=0.28 matched=29 refined=29 snapshots=21
      algorithmic latency: first_correct_ms=6.3 visible_p50_ms=306.5 visible_p95_ms=586.2 stabilize_p50_ms=489.8 stabilize_p95_ms=835.1
      final display note metrics: precision=0.961 recall=0.980 f1=0.970 matched=49/50 pred=51
      final display strict onset f1: 10ms=0.851 20ms=0.970 30ms=0.970
      final display timing: offset_f1=0.950 rhythm_precision=0.980 note_value_acc=0.286 note_value_n=49 avg_beat_error=0.170
      final display structure: cluster_f1=0.946 onset_align_recall=1.000 avg_jaccard=0.986 exact=35/36 pred=38 over=0 under=1 pitch_conflicts=0 missed_gt=0
      threshold profiles: hit_rate=1.000 thresholds=[0.77] profiles={'loud_dense_precision': 10}
    delta treatment-control: precision=+0.035 recall=+0.000 f1=+0.018 offset_f1=+0.018 note_value_acc=+0.000 dup_per_100=+0.07 boundary_miss_rate=+0.000 p95_chunk_ms=+1.66 f1_10ms=+0.016 f1_20ms=+0.018 f1_30ms=+0.018 visible_p50_ms=-1.3 stabilize_p50_ms=+27.7 algo_visible_p50_ms=+0.0 algo_stabilize_p50_ms=+33.9 avg_revisions=+0.00 display_note_f1=+0.019 display_offset_f1=+0.018 display_cluster_f1=+0.013 display_cluster_jaccard=+0.000
    failure buckets: ['boundary_miss_failure', 'note_value_offset_failure']
      boundary diagnostics: missed=1 by_arm={'control': 1, 'treatment': 1} tags={'control_boundary_miss': 1, 'control_timing_or_quantization_drift': 1, 'treatment_candidate_not_retained': 1}
        miss: pitch=67 onset=1.895s boundary_delta_ms=+94.5 control_coarse=True treatment_coarse=True retro=n/a
[TIMING] EnhancedMel.transcribe: audio_to_gpu=0.3ms, features=0.5ms, model=12.4ms, decode=1.2ms | TOTAL=14.4ms for 600ms audio (RTF=0.02x)
[TIMING] stream_chunk[experiment-a9da5e043f3c4c4786c395c0179c85ff](live_neural): decode=0.2ms, inference=16.3ms, second_pass=0.0ms, contention=0.0ms, TOTAL=16.6ms | audio=600ms, RTF=0.03x | model=enhanced_mel, neural_total=15.6ms, model_inference=12.4ms
[TIMING] EnhancedMel.transcribe: audio_to_gpu=0.1ms, features=0.4ms, model=11.5ms, decode=2.1ms | TOTAL=14.1ms for 1200ms audio (RTF=0.01x)
[TIMING] stream_chunk[experiment-a9da5e043f3c4c4786c395c0179c85ff](live_neural): decode=0.1ms, inference=15.9ms, second_pass=0.0ms, contention=0.0ms, TOTAL=16.2ms | audio=600ms, RTF=0.03x | model=enhanced_mel, neural_total=15.5ms, model_inference=11.5ms
[TIMING] EnhancedMel.transcribe: audio_to_gpu=0.2ms, features=0.6ms, model=13.9ms, decode=3.0ms | TOTAL=17.6ms for 1800ms audio (RTF=0.01x)
[TIMING] stream_chunk[experiment-a9da5e043f3c4c4786c395c0179c85ff](live_neural): decode=0.1ms, inference=19.6ms, second_pass=0.0ms, contention=0.0ms, TOTAL=19.8ms | audio=600ms, RTF=0.03x | model=enhanced_mel, neural_total=19.2ms, model_inference=13.9ms
[TIMING] EnhancedMel.transcribe: audio_to_gpu=0.3ms, features=0.6ms, model=11.1ms, decode=3.8ms | TOTAL=15.8ms for 2400ms audio (RTF=0.01x)
[TIMING] stream_chunk[experiment-a9da5e043f3c4c4786c395c0179c85ff](live_neural): decode=0.1ms, inference=19.1ms, second_pass=0.0ms, contention=0.0ms, TOTAL=19.4ms | audio=600ms, RTF=0.03x | model=enhanced_mel, neural_total=18.7ms, model_inference=11.1ms
[TIMING] EnhancedMel.transcribe: audio_to_gpu=0.2ms, features=0.5ms, model=12.1ms, decode=4.8ms | TOTAL=17.7ms for 3000ms audio (RTF=0.01x)
[TIMING] stream_chunk[experiment-a9da5e043f3c4c4786c395c0179c85ff](live_neural): decode=0.1ms, inference=20.3ms, second_pass=0.0ms, contention=0.0ms, TOTAL=20.6ms | audio=600ms, RTF=0.03x | model=enhanced_mel, neural_total=19.9ms, model_inference=12.1ms
[TIMING] EnhancedMel.transcribe: audio_to_gpu=0.1ms, features=0.4ms, model=13.0ms, decode=4.8ms | TOTAL=18.3ms for 3000ms audio (RTF=0.01x)
[TIMING] stream_chunk[experiment-a9da5e043f3c4c4786c395c0179c85ff](live_neural): decode=0.1ms, inference=21.0ms, second_pass=0.0ms, contention=0.0ms, TOTAL=21.2ms | audio=600ms, RTF=0.04x | model=enhanced_mel, neural_total=20.6ms, model_inference=13.0ms
[TIMING] EnhancedMel.transcribe: audio_to_gpu=0.4ms, features=0.5ms, model=11.8ms, decode=4.8ms | TOTAL=17.4ms for 3000ms audio (RTF=0.01x)
[TIMING] stream_chunk[experiment-a9da5e043f3c4c4786c395c0179c85ff](live_neural): decode=0.2ms, inference=19.6ms, second_pass=0.0ms, contention=0.0ms, TOTAL=19.9ms | audio=600ms, RTF=0.03x | model=enhanced_mel, neural_total=19.3ms, model_inference=11.8ms
[TIMING] EnhancedMel.transcribe: audio_to_gpu=0.2ms, features=0.6ms, model=12.5ms, decode=4.9ms | TOTAL=18.2ms for 3000ms audio (RTF=0.01x)
[TIMING] stream_chunk[experiment-a9da5e043f3c4c4786c395c0179c85ff](live_neural): decode=0.1ms, inference=20.4ms, second_pass=0.0ms, contention=0.0ms, TOTAL=20.6ms | audio=600ms, RTF=0.03x | model=enhanced_mel, neural_total=20.0ms, model_inference=12.5ms
[TIMING] EnhancedMel.transcribe: audio_to_gpu=0.3ms, features=0.7ms, model=22.9ms, decode=4.8ms | TOTAL=28.7ms for 3000ms audio (RTF=0.01x)
[TIMING] stream_chunk[experiment-a9da5e043f3c4c4786c395c0179c85ff](live_neural): decode=0.1ms, inference=30.9ms, second_pass=0.0ms, contention=0.0ms, TOTAL=31.1ms | audio=600ms, RTF=0.05x | model=enhanced_mel, neural_total=30.5ms, model_inference=22.9ms
[TIMING] EnhancedMel.transcribe: audio_to_gpu=0.3ms, features=0.7ms, model=14.2ms, decode=4.4ms | TOTAL=19.7ms for 3000ms audio (RTF=0.01x)
[TIMING] stream_chunk[experiment-a9da5e043f3c4c4786c395c0179c85ff](live_neural): decode=0.1ms, inference=21.9ms, second_pass=0.0ms, contention=0.0ms, TOTAL=22.1ms | audio=600ms, RTF=0.04x | model=enhanced_mel, neural_total=21.5ms, model_inference=14.2ms
[TIMING] EnhancedMel.transcribe: audio_to_gpu=0.3ms, features=0.9ms, model=17.9ms, decode=1.2ms | TOTAL=20.2ms for 600ms audio (RTF=0.03x)
[TIMING] stream_chunk[experiment-5a28c96c05b3441186155c66bd376b9a](live_neural): decode=0.1ms, inference=21.8ms, second_pass=0.0ms, contention=0.0ms, TOTAL=22.0ms | audio=600ms, RTF=0.04x | model=enhanced_mel, neural_total=21.3ms, model_inference=17.9ms
[TIMING] EnhancedMel.transcribe: audio_to_gpu=0.1ms, features=0.4ms, model=10.2ms, decode=2.2ms | TOTAL=13.0ms for 1200ms audio (RTF=0.01x)
[TIMING] stream_chunk[experiment-5a28c96c05b3441186155c66bd376b9a](live_neural): decode=0.2ms, inference=14.7ms, second_pass=0.0ms, contention=0.0ms, TOTAL=15.1ms | audio=600ms, RTF=0.03x | model=enhanced_mel, neural_total=14.3ms, model_inference=10.2ms
[TIMING] EnhancedMel.transcribe: audio_to_gpu=0.2ms, features=0.9ms, model=13.9ms, decode=3.0ms | TOTAL=18.0ms for 1800ms audio (RTF=0.01x)
[TIMING] stream_chunk[experiment-5a28c96c05b3441186155c66bd376b9a](live_neural): decode=0.1ms, inference=19.9ms, second_pass=0.0ms, contention=0.0ms, TOTAL=20.1ms | audio=600ms, RTF=0.03x | model=enhanced_mel, neural_total=19.5ms, model_inference=13.9ms
[TIMING] EnhancedMel.transcribe: audio_to_gpu=0.2ms, features=0.5ms, model=11.2ms, decode=4.0ms | TOTAL=15.9ms for 2400ms audio (RTF=0.01x)
[TIMING] stream_chunk[experiment-5a28c96c05b3441186155c66bd376b9a](live_neural): decode=0.1ms, inference=18.4ms, second_pass=0.0ms, contention=0.0ms, TOTAL=18.6ms | audio=600ms, RTF=0.03x | model=enhanced_mel, neural_total=18.0ms, model_inference=11.2ms
[TIMING] EnhancedMel.transcribe: audio_to_gpu=0.2ms, features=0.8ms, model=16.2ms, decode=4.8ms | TOTAL=22.1ms for 3000ms audio (RTF=0.01x)
[TIMING] stream_chunk[experiment-5a28c96c05b3441186155c66bd376b9a](live_neural): decode=0.1ms, inference=24.4ms, second_pass=0.0ms, contention=0.0ms, TOTAL=24.6ms | audio=600ms, RTF=0.04x | model=enhanced_mel, neural_total=24.1ms, model_inference=16.2ms
[TIMING] EnhancedMel.transcribe: audio_to_gpu=0.2ms, features=0.8ms, model=21.4ms, decode=4.8ms | TOTAL=27.3ms for 3000ms audio (RTF=0.01x)
[TIMING] stream_chunk[experiment-5a28c96c05b3441186155c66bd376b9a](live_neural): decode=0.1ms, inference=29.8ms, second_pass=0.0ms, contention=0.0ms, TOTAL=30.0ms | audio=600ms, RTF=0.05x | model=enhanced_mel, neural_total=29.4ms, model_inference=21.4ms
[TIMING] EnhancedMel.transcribe: audio_to_gpu=0.2ms, features=0.4ms, model=12.1ms, decode=5.0ms | TOTAL=17.7ms for 3000ms audio (RTF=0.01x)
[TIMING] stream_chunk[experiment-5a28c96c05b3441186155c66bd376b9a](live_neural): decode=0.1ms, inference=20.9ms, second_pass=0.0ms, contention=0.0ms, TOTAL=21.1ms | audio=600ms, RTF=0.04x | model=enhanced_mel, neural_total=20.5ms, model_inference=12.1ms
[TIMING] EnhancedMel.transcribe: audio_to_gpu=0.2ms, features=0.5ms, model=12.4ms, decode=6.2ms | TOTAL=19.2ms for 3000ms audio (RTF=0.01x)
[TIMING] stream_chunk[experiment-5a28c96c05b3441186155c66bd376b9a](live_neural): decode=0.1ms, inference=21.5ms, second_pass=0.0ms, contention=0.0ms, TOTAL=21.7ms | audio=600ms, RTF=0.04x | model=enhanced_mel, neural_total=21.1ms, model_inference=12.4ms
[TIMING] EnhancedMel.transcribe: audio_to_gpu=0.2ms, features=0.8ms, model=14.5ms, decode=4.6ms | TOTAL=20.1ms for 3000ms audio (RTF=0.01x)
[TIMING] stream_chunk[experiment-5a28c96c05b3441186155c66bd376b9a](live_neural): decode=0.2ms, inference=22.3ms, second_pass=0.0ms, contention=0.0ms, TOTAL=22.5ms | audio=600ms, RTF=0.04x | model=enhanced_mel, neural_total=22.0ms, model_inference=14.5ms
[TIMING] EnhancedMel.transcribe: audio_to_gpu=0.3ms, features=0.4ms, model=11.7ms, decode=5.2ms | TOTAL=17.6ms for 3000ms audio (RTF=0.01x)
[TIMING] stream_chunk[experiment-5a28c96c05b3441186155c66bd376b9a](live_neural): decode=0.1ms, inference=20.7ms, second_pass=0.0ms, contention=0.0ms, TOTAL=20.9ms | audio=600ms, RTF=0.03x | model=enhanced_mel, neural_total=20.2ms, model_inference=11.7ms

[CLIP_005] Hungarian Rhapsody No. 9
  excerpt: start=48.00s end=54.00s duration=6.00s gt_notes=8 rms=0.0260 peak=0.1356 crest=5.209 rms_std=0.0157
    control:
      note metrics: precision=0.889 recall=1.000 f1=0.941 matched=8/8 pred=9
      strict onset f1: 10ms=0.941 20ms=0.941 30ms=0.941
      timing metrics: offset_f1=0.353 rhythm_precision=0.375 note_value_acc=0.000 note_value_n=8 avg_beat_error=1.734
      duplicate metrics: duplicates=0 per_100_notes=0.00
      boundary metrics: gt=3 matched=3 missed=0 miss_rate=0.000
      latency: avg_chunk_ms=20.75 p95_chunk_ms=27.05 avg_rtf=0.034
      notation metrics: first_correct_ms=196.7 visible_p50_ms=447.0 visible_p95_ms=595.8 stabilize_p50_ms=1636.4 stabilize_p95_ms=2509.9 avg_revisions=1.38 matched=8 refined=8 snapshots=15
      algorithmic latency: first_correct_ms=180.5 visible_p50_ms=429.0 visible_p95_ms=576.1 stabilize_p50_ms=1105.1 stabilize_p95_ms=1978.5
      final display note metrics: precision=0.889 recall=1.000 f1=0.941 matched=8/8 pred=9
      final display strict onset f1: 10ms=0.941 20ms=0.941 30ms=0.941
      final display timing: offset_f1=0.353 rhythm_precision=0.375 note_value_acc=0.250 note_value_n=8 avg_beat_error=1.375
      final display structure: cluster_f1=0.875 onset_align_recall=1.000 avg_jaccard=0.938 exact=7/8 pred=8 over=1 under=0 pitch_conflicts=0 missed_gt=0
      threshold profiles: hit_rate=0.000 thresholds=[0.75] profiles={'fixed_baseline': 10}
    treatment:
      note metrics: precision=0.889 recall=1.000 f1=0.941 matched=8/8 pred=9
      strict onset f1: 10ms=0.941 20ms=0.941 30ms=0.941
      timing metrics: offset_f1=0.353 rhythm_precision=0.375 note_value_acc=0.000 note_value_n=8 avg_beat_error=1.734
      duplicate metrics: duplicates=0 per_100_notes=0.00
      boundary metrics: gt=3 matched=3 missed=0 miss_rate=0.000
      latency: avg_chunk_ms=21.66 p95_chunk_ms=27.56 avg_rtf=0.036
      notation metrics: first_correct_ms=195.5 visible_p50_ms=446.6 visible_p95_ms=595.7 stabilize_p50_ms=1636.6 stabilize_p95_ms=2510.1 avg_revisions=1.38 matched=8 refined=8 snapshots=15
      algorithmic latency: first_correct_ms=180.5 visible_p50_ms=429.0 visible_p95_ms=576.1 stabilize_p50_ms=1105.1 stabilize_p95_ms=1978.5
      final display note metrics: precision=0.889 recall=1.000 f1=0.941 matched=8/8 pred=9
      final display strict onset f1: 10ms=0.941 20ms=0.941 30ms=0.941
      final display timing: offset_f1=0.353 rhythm_precision=0.375 note_value_acc=0.250 note_value_n=8 avg_beat_error=1.375
      final display structure: cluster_f1=0.875 onset_align_recall=1.000 avg_jaccard=0.938 exact=7/8 pred=8 over=1 under=0 pitch_conflicts=0 missed_gt=0
      threshold profiles: hit_rate=0.300 thresholds=[0.71, 0.75] profiles={'baseline_nominal': 7, 'soft_sparse_recall': 3}
    delta treatment-control: precision=+0.000 recall=+0.000 f1=+0.000 offset_f1=+0.000 note_value_acc=+0.000 dup_per_100=+0.00 boundary_miss_rate=+0.000 p95_chunk_ms=+0.51 f1_10ms=+0.000 f1_20ms=+0.000 f1_30ms=+0.000 visible_p50_ms=-0.4 stabilize_p50_ms=+0.2 algo_visible_p50_ms=+0.0 algo_stabilize_p50_ms=+0.0 avg_revisions=+0.00 display_note_f1=+0.000 display_offset_f1=+0.000 display_cluster_f1=+0.000 display_cluster_jaccard=+0.000
    failure buckets: ['high_revision_slow_stabilization', 'note_value_offset_failure']
[TIMING] EnhancedMel.transcribe: audio_to_gpu=0.3ms, features=0.6ms, model=10.7ms, decode=2.4ms | TOTAL=14.1ms for 600ms audio (RTF=0.02x)
[TIMING] stream_chunk[experiment-bb29a3223f854e6eb6ca77e9e89c73cf](live_neural): decode=0.2ms, inference=16.6ms, second_pass=0.0ms, contention=0.0ms, TOTAL=16.8ms | audio=600ms, RTF=0.03x | model=enhanced_mel, neural_total=16.2ms, model_inference=10.7ms
[TIMING] EnhancedMel.transcribe: audio_to_gpu=0.2ms, features=0.6ms, model=22.2ms, decode=3.9ms | TOTAL=26.9ms for 1200ms audio (RTF=0.02x)
[TIMING] stream_chunk[experiment-bb29a3223f854e6eb6ca77e9e89c73cf](live_neural): decode=0.1ms, inference=28.9ms, second_pass=0.0ms, contention=0.0ms, TOTAL=29.2ms | audio=600ms, RTF=0.05x | model=enhanced_mel, neural_total=28.4ms, model_inference=22.2ms
[TIMING] EnhancedMel.transcribe: audio_to_gpu=0.3ms, features=0.7ms, model=22.4ms, decode=5.9ms | TOTAL=29.3ms for 1800ms audio (RTF=0.02x)
[TIMING] stream_chunk[experiment-bb29a3223f854e6eb6ca77e9e89c73cf](live_neural): decode=0.1ms, inference=31.6ms, second_pass=0.0ms, contention=0.0ms, TOTAL=31.9ms | audio=600ms, RTF=0.05x | model=enhanced_mel, neural_total=31.2ms, model_inference=22.4ms
[TIMING] EnhancedMel.transcribe: audio_to_gpu=0.2ms, features=0.5ms, model=12.1ms, decode=4.9ms | TOTAL=17.7ms for 2400ms audio (RTF=0.01x)
[TIMING] stream_chunk[experiment-bb29a3223f854e6eb6ca77e9e89c73cf](live_neural): decode=0.2ms, inference=21.0ms, second_pass=0.0ms, contention=0.0ms, TOTAL=21.4ms | audio=600ms, RTF=0.04x | model=enhanced_mel, neural_total=20.6ms, model_inference=12.1ms
[TIMING] EnhancedMel.transcribe: audio_to_gpu=0.3ms, features=0.6ms, model=15.8ms, decode=6.1ms | TOTAL=22.8ms for 3000ms audio (RTF=0.01x)
[TIMING] stream_chunk[experiment-bb29a3223f854e6eb6ca77e9e89c73cf](live_neural): decode=0.1ms, inference=26.3ms, second_pass=0.0ms, contention=0.0ms, TOTAL=26.6ms | audio=600ms, RTF=0.04x | model=enhanced_mel, neural_total=25.8ms, model_inference=15.8ms
[TIMING] EnhancedMel.transcribe: audio_to_gpu=0.3ms, features=0.5ms, model=11.9ms, decode=6.0ms | TOTAL=18.8ms for 3000ms audio (RTF=0.01x)
[TIMING] stream_chunk[experiment-bb29a3223f854e6eb6ca77e9e89c73cf](live_neural): decode=0.1ms, inference=22.2ms, second_pass=0.0ms, contention=0.0ms, TOTAL=22.5ms | audio=600ms, RTF=0.04x | model=enhanced_mel, neural_total=21.7ms, model_inference=11.9ms
[TIMING] EnhancedMel.transcribe: audio_to_gpu=0.3ms, features=0.9ms, model=12.3ms, decode=6.4ms | TOTAL=19.9ms for 3000ms audio (RTF=0.01x)
[TIMING] stream_chunk[experiment-bb29a3223f854e6eb6ca77e9e89c73cf](live_neural): decode=0.1ms, inference=22.5ms, second_pass=0.0ms, contention=0.0ms, TOTAL=23.7ms | audio=600ms, RTF=0.04x | model=enhanced_mel, neural_total=22.0ms, model_inference=12.3ms
[TIMING] EnhancedMel.transcribe: audio_to_gpu=0.3ms, features=0.5ms, model=12.8ms, decode=6.0ms | TOTAL=19.6ms for 3000ms audio (RTF=0.01x)
[TIMING] stream_chunk[experiment-bb29a3223f854e6eb6ca77e9e89c73cf](live_neural): decode=0.1ms, inference=21.9ms, second_pass=0.0ms, contention=0.0ms, TOTAL=22.2ms | audio=600ms, RTF=0.04x | model=enhanced_mel, neural_total=21.5ms, model_inference=12.8ms
[TIMING] EnhancedMel.transcribe: audio_to_gpu=0.3ms, features=0.7ms, model=15.5ms, decode=6.2ms | TOTAL=22.8ms for 3000ms audio (RTF=0.01x)
[TIMING] stream_chunk[experiment-bb29a3223f854e6eb6ca77e9e89c73cf](live_neural): decode=0.1ms, inference=25.0ms, second_pass=0.0ms, contention=0.0ms, TOTAL=25.3ms | audio=600ms, RTF=0.04x | model=enhanced_mel, neural_total=24.7ms, model_inference=15.5ms
[TIMING] EnhancedMel.transcribe: audio_to_gpu=0.4ms, features=0.7ms, model=21.2ms, decode=7.8ms | TOTAL=30.1ms for 3000ms audio (RTF=0.01x)
[TIMING] stream_chunk[experiment-bb29a3223f854e6eb6ca77e9e89c73cf](live_neural): decode=0.1ms, inference=32.6ms, second_pass=0.0ms, contention=0.0ms, TOTAL=33.1ms | audio=600ms, RTF=0.06x | model=enhanced_mel, neural_total=32.2ms, model_inference=21.2ms
[TIMING] EnhancedMel.transcribe: audio_to_gpu=0.3ms, features=0.6ms, model=10.2ms, decode=1.6ms | TOTAL=12.6ms for 600ms audio (RTF=0.02x)
[TIMING] stream_chunk[experiment-befb1af030064ebcbbca32e5c200934d](live_neural): decode=0.2ms, inference=14.9ms, second_pass=0.0ms, contention=0.0ms, TOTAL=15.1ms | audio=600ms, RTF=0.03x | model=enhanced_mel, neural_total=14.5ms, model_inference=10.2ms
[TIMING] EnhancedMel.transcribe: audio_to_gpu=0.2ms, features=0.4ms, model=9.6ms, decode=2.6ms | TOTAL=12.8ms for 1200ms audio (RTF=0.01x)
[TIMING] stream_chunk[experiment-befb1af030064ebcbbca32e5c200934d](live_neural): decode=0.1ms, inference=14.4ms, second_pass=0.0ms, contention=0.0ms, TOTAL=14.7ms | audio=600ms, RTF=0.02x | model=enhanced_mel, neural_total=14.1ms, model_inference=9.6ms
[TIMING] EnhancedMel.transcribe: audio_to_gpu=0.2ms, features=0.4ms, model=11.6ms, decode=3.9ms | TOTAL=16.1ms for 1800ms audio (RTF=0.01x)
[TIMING] stream_chunk[experiment-befb1af030064ebcbbca32e5c200934d](live_neural): decode=0.1ms, inference=18.1ms, second_pass=0.0ms, contention=0.0ms, TOTAL=18.4ms | audio=600ms, RTF=0.03x | model=enhanced_mel, neural_total=17.8ms, model_inference=11.6ms
[TIMING] EnhancedMel.transcribe: audio_to_gpu=0.1ms, features=0.4ms, model=13.0ms, decode=4.9ms | TOTAL=18.4ms for 2400ms audio (RTF=0.01x)
[TIMING] stream_chunk[experiment-befb1af030064ebcbbca32e5c200934d](live_neural): decode=0.2ms, inference=20.7ms, second_pass=0.0ms, contention=0.0ms, TOTAL=21.3ms | audio=600ms, RTF=0.04x | model=enhanced_mel, neural_total=20.3ms, model_inference=13.0ms
[TIMING] EnhancedMel.transcribe: audio_to_gpu=0.2ms, features=0.6ms, model=12.5ms, decode=6.1ms | TOTAL=19.4ms for 3000ms audio (RTF=0.01x)
[TIMING] stream_chunk[experiment-befb1af030064ebcbbca32e5c200934d](live_neural): decode=0.1ms, inference=22.3ms, second_pass=0.0ms, contention=0.0ms, TOTAL=22.7ms | audio=600ms, RTF=0.04x | model=enhanced_mel, neural_total=21.7ms, model_inference=12.5ms
[TIMING] EnhancedMel.transcribe: audio_to_gpu=0.2ms, features=0.5ms, model=11.7ms, decode=6.0ms | TOTAL=18.4ms for 3000ms audio (RTF=0.01x)
[TIMING] stream_chunk[experiment-befb1af030064ebcbbca32e5c200934d](live_neural): decode=0.1ms, inference=20.8ms, second_pass=0.0ms, contention=0.0ms, TOTAL=21.1ms | audio=600ms, RTF=0.04x | model=enhanced_mel, neural_total=20.4ms, model_inference=11.7ms
[TIMING] EnhancedMel.transcribe: audio_to_gpu=0.2ms, features=0.4ms, model=13.3ms, decode=6.3ms | TOTAL=20.3ms for 3000ms audio (RTF=0.01x)
[TIMING] stream_chunk[experiment-befb1af030064ebcbbca32e5c200934d](live_neural): decode=0.1ms, inference=22.8ms, second_pass=0.0ms, contention=0.0ms, TOTAL=23.1ms | audio=600ms, RTF=0.04x | model=enhanced_mel, neural_total=22.4ms, model_inference=13.3ms
[TIMING] EnhancedMel.transcribe: audio_to_gpu=0.3ms, features=0.7ms, model=12.8ms, decode=6.0ms | TOTAL=19.9ms for 3000ms audio (RTF=0.01x)
[TIMING] stream_chunk[experiment-befb1af030064ebcbbca32e5c200934d](live_neural): decode=0.1ms, inference=22.4ms, second_pass=0.0ms, contention=0.0ms, TOTAL=22.7ms | audio=600ms, RTF=0.04x | model=enhanced_mel, neural_total=22.0ms, model_inference=12.8ms
[TIMING] EnhancedMel.transcribe: audio_to_gpu=0.3ms, features=0.5ms, model=11.8ms, decode=7.1ms | TOTAL=19.7ms for 3000ms audio (RTF=0.01x)
[TIMING] stream_chunk[experiment-befb1af030064ebcbbca32e5c200934d](live_neural): decode=0.1ms, inference=22.4ms, second_pass=0.0ms, contention=0.0ms, TOTAL=22.7ms | audio=600ms, RTF=0.04x | model=enhanced_mel, neural_total=22.0ms, model_inference=11.8ms
[TIMING] EnhancedMel.transcribe: audio_to_gpu=0.3ms, features=0.5ms, model=12.1ms, decode=6.2ms | TOTAL=19.1ms for 3000ms audio (RTF=0.01x)
[TIMING] stream_chunk[experiment-befb1af030064ebcbbca32e5c200934d](live_neural): decode=0.1ms, inference=21.6ms, second_pass=0.0ms, contention=0.0ms, TOTAL=22.0ms | audio=600ms, RTF=0.04x | model=enhanced_mel, neural_total=21.3ms, model_inference=12.1ms

[CLIP_006] Pour le piano (Complete)
  excerpt: start=57.00s end=63.00s duration=6.00s gt_notes=204 rms=0.0936 peak=0.4392 crest=4.692 rms_std=0.0147
    control:
      note metrics: precision=0.913 recall=0.824 f1=0.866 matched=168/204 pred=184
      strict onset f1: 10ms=0.619 20ms=0.840 30ms=0.866
      timing metrics: offset_f1=0.804 rhythm_precision=0.929 note_value_acc=0.577 note_value_n=168 avg_beat_error=0.086
      duplicate metrics: duplicates=8 per_100_notes=4.35
      boundary metrics: gt=63 matched=52 missed=11 miss_rate=0.175
      latency: avg_chunk_ms=25.26 p95_chunk_ms=32.58 avg_rtf=0.042
      notation metrics: first_correct_ms=24.3 visible_p50_ms=400.8 visible_p95_ms=648.6 stabilize_p50_ms=819.1 stabilize_p95_ms=2768.0 avg_revisions=1.00 matched=31 refined=31 snapshots=18
      algorithmic latency: first_correct_ms=0.0 visible_p50_ms=367.7 visible_p95_ms=616.7 stabilize_p50_ms=759.4 stabilize_p95_ms=2547.9
      final display note metrics: precision=0.956 recall=0.750 f1=0.841 matched=153/204 pred=160
      final display strict onset f1: 10ms=0.615 20ms=0.819 30ms=0.841
      final display timing: offset_f1=0.780 rhythm_precision=0.928 note_value_acc=0.261 note_value_n=153 avg_beat_error=0.225
      final display structure: cluster_f1=0.222 onset_align_recall=0.841 avg_jaccard=0.711 exact=9/44 pred=37 over=6 under=17 pitch_conflicts=5 missed_gt=7
      threshold profiles: hit_rate=0.000 thresholds=[0.75] profiles={'fixed_baseline': 10}
    treatment:
      note metrics: precision=0.913 recall=0.824 f1=0.866 matched=168/204 pred=184
      strict onset f1: 10ms=0.619 20ms=0.840 30ms=0.866
      timing metrics: offset_f1=0.804 rhythm_precision=0.929 note_value_acc=0.577 note_value_n=168 avg_beat_error=0.086
      duplicate metrics: duplicates=8 per_100_notes=4.35
      boundary metrics: gt=63 matched=52 missed=11 miss_rate=0.175
      latency: avg_chunk_ms=20.38 p95_chunk_ms=22.96 avg_rtf=0.034
      notation metrics: first_correct_ms=21.7 visible_p50_ms=389.7 visible_p95_ms=635.1 stabilize_p50_ms=816.9 stabilize_p95_ms=2765.9 avg_revisions=1.00 matched=31 refined=31 snapshots=18
      algorithmic latency: first_correct_ms=0.0 visible_p50_ms=367.7 visible_p95_ms=616.7 stabilize_p50_ms=759.4 stabilize_p95_ms=2547.9
      final display note metrics: precision=0.956 recall=0.750 f1=0.841 matched=153/204 pred=160
      final display strict onset f1: 10ms=0.615 20ms=0.819 30ms=0.841
      final display timing: offset_f1=0.780 rhythm_precision=0.928 note_value_acc=0.261 note_value_n=153 avg_beat_error=0.225
      final display structure: cluster_f1=0.222 onset_align_recall=0.841 avg_jaccard=0.711 exact=9/44 pred=37 over=6 under=17 pitch_conflicts=5 missed_gt=7
      threshold profiles: hit_rate=0.000 thresholds=[0.75] profiles={'baseline_nominal': 10}
    delta treatment-control: precision=+0.000 recall=+0.000 f1=+0.000 offset_f1=+0.000 note_value_acc=+0.000 dup_per_100=+0.00 boundary_miss_rate=+0.000 p95_chunk_ms=-9.62 f1_10ms=+0.000 f1_20ms=+0.000 f1_30ms=+0.000 visible_p50_ms=-11.2 stabilize_p50_ms=-2.2 algo_visible_p50_ms=+0.0 algo_stabilize_p50_ms=+0.0 avg_revisions=+0.00 display_note_f1=+0.000 display_offset_f1=+0.000 display_cluster_f1=+0.000 display_cluster_jaccard=+0.000
    failure buckets: ['runtime_only_win', 'boundary_miss_failure', 'high_revision_slow_stabilization']
      boundary diagnostics: missed=11 by_arm={'control': 11, 'treatment': 11} tags={'control_boundary_miss': 11, 'no_control_coarse_candidate': 11}
        miss: pitch=75 onset=0.662s boundary_delta_ms=+62.5 control_coarse=False treatment_coarse=False retro=n/a
        miss: pitch=56 onset=0.683s boundary_delta_ms=+83.3 control_coarse=False treatment_coarse=False retro=n/a
        miss: pitch=73 onset=0.689s boundary_delta_ms=+88.5 control_coarse=False treatment_coarse=False retro=n/a
        ... 8 more missed boundary notes in diagnostics JSON
[TIMING] EnhancedMel.transcribe: audio_to_gpu=0.4ms, features=1.0ms, model=21.4ms, decode=1.2ms | TOTAL=24.0ms for 600ms audio (RTF=0.04x)
[TIMING] stream_chunk[experiment-18b6c1a3f08748f68ab93bb160b7745d](live_neural): decode=0.2ms, inference=26.5ms, second_pass=0.0ms, contention=0.0ms, TOTAL=26.7ms | audio=600ms, RTF=0.04x | model=enhanced_mel, neural_total=26.0ms, model_inference=21.4ms
[TIMING] EnhancedMel.transcribe: audio_to_gpu=0.1ms, features=0.4ms, model=10.6ms, decode=2.0ms | TOTAL=13.1ms for 1200ms audio (RTF=0.01x)
[TIMING] stream_chunk[experiment-18b6c1a3f08748f68ab93bb160b7745d](live_neural): decode=0.1ms, inference=15.0ms, second_pass=0.0ms, contention=0.0ms, TOTAL=15.2ms | audio=600ms, RTF=0.03x | model=enhanced_mel, neural_total=14.6ms, model_inference=10.6ms
[TIMING] EnhancedMel.transcribe: audio_to_gpu=0.2ms, features=0.8ms, model=22.6ms, decode=2.8ms | TOTAL=26.3ms for 1800ms audio (RTF=0.01x)
[TIMING] stream_chunk[experiment-18b6c1a3f08748f68ab93bb160b7745d](live_neural): decode=0.2ms, inference=28.4ms, second_pass=0.0ms, contention=0.0ms, TOTAL=28.7ms | audio=600ms, RTF=0.05x | model=enhanced_mel, neural_total=27.9ms, model_inference=22.6ms
[TIMING] EnhancedMel.transcribe: audio_to_gpu=0.1ms, features=0.5ms, model=11.9ms, decode=3.6ms | TOTAL=16.2ms for 2400ms audio (RTF=0.01x)
[TIMING] stream_chunk[experiment-18b6c1a3f08748f68ab93bb160b7745d](live_neural): decode=0.2ms, inference=18.9ms, second_pass=0.0ms, contention=0.0ms, TOTAL=19.2ms | audio=600ms, RTF=0.03x | model=enhanced_mel, neural_total=18.5ms, model_inference=11.9ms
[TIMING] EnhancedMel.transcribe: audio_to_gpu=0.1ms, features=0.4ms, model=12.6ms, decode=4.4ms | TOTAL=17.5ms for 3000ms audio (RTF=0.01x)
[TIMING] stream_chunk[experiment-18b6c1a3f08748f68ab93bb160b7745d](live_neural): decode=0.1ms, inference=21.0ms, second_pass=0.0ms, contention=0.0ms, TOTAL=21.3ms | audio=600ms, RTF=0.04x | model=enhanced_mel, neural_total=20.6ms, model_inference=12.6ms
[TIMING] EnhancedMel.transcribe: audio_to_gpu=0.2ms, features=0.5ms, model=12.8ms, decode=5.7ms | TOTAL=19.1ms for 3000ms audio (RTF=0.01x)
[TIMING] stream_chunk[experiment-18b6c1a3f08748f68ab93bb160b7745d](live_neural): decode=0.2ms, inference=21.2ms, second_pass=0.0ms, contention=0.0ms, TOTAL=21.5ms | audio=600ms, RTF=0.04x | model=enhanced_mel, neural_total=20.9ms, model_inference=12.8ms
[TIMING] EnhancedMel.transcribe: audio_to_gpu=0.2ms, features=0.4ms, model=12.3ms, decode=4.5ms | TOTAL=17.4ms for 3000ms audio (RTF=0.01x)
[TIMING] stream_chunk[experiment-18b6c1a3f08748f68ab93bb160b7745d](live_neural): decode=0.1ms, inference=20.6ms, second_pass=0.0ms, contention=0.0ms, TOTAL=20.8ms | audio=600ms, RTF=0.03x | model=enhanced_mel, neural_total=20.2ms, model_inference=12.3ms
[TIMING] EnhancedMel.transcribe: audio_to_gpu=0.1ms, features=0.4ms, model=12.2ms, decode=4.4ms | TOTAL=17.1ms for 3000ms audio (RTF=0.01x)
[TIMING] stream_chunk[experiment-18b6c1a3f08748f68ab93bb160b7745d](live_neural): decode=0.2ms, inference=19.2ms, second_pass=0.0ms, contention=0.0ms, TOTAL=19.4ms | audio=600ms, RTF=0.03x | model=enhanced_mel, neural_total=18.8ms, model_inference=12.2ms
[TIMING] EnhancedMel.transcribe: audio_to_gpu=0.2ms, features=0.4ms, model=12.3ms, decode=4.8ms | TOTAL=17.7ms for 3000ms audio (RTF=0.01x)
[TIMING] stream_chunk[experiment-18b6c1a3f08748f68ab93bb160b7745d](live_neural): decode=0.1ms, inference=19.9ms, second_pass=0.0ms, contention=0.0ms, TOTAL=20.1ms | audio=600ms, RTF=0.03x | model=enhanced_mel, neural_total=19.6ms, model_inference=12.3ms
[TIMING] EnhancedMel.transcribe: audio_to_gpu=0.2ms, features=0.5ms, model=12.1ms, decode=4.8ms | TOTAL=17.5ms for 3000ms audio (RTF=0.01x)
[TIMING] stream_chunk[experiment-18b6c1a3f08748f68ab93bb160b7745d](live_neural): decode=0.2ms, inference=19.7ms, second_pass=0.0ms, contention=0.0ms, TOTAL=19.9ms | audio=600ms, RTF=0.03x | model=enhanced_mel, neural_total=19.3ms, model_inference=12.1ms
[TIMING] EnhancedMel.transcribe: audio_to_gpu=0.1ms, features=0.4ms, model=10.0ms, decode=1.1ms | TOTAL=11.5ms for 600ms audio (RTF=0.02x)
[TIMING] stream_chunk[experiment-00ee8bde2fd3461b9ea8d297ebf0ecf4](live_neural): decode=0.1ms, inference=13.1ms, second_pass=0.0ms, contention=0.0ms, TOTAL=13.3ms | audio=600ms, RTF=0.02x | model=enhanced_mel, neural_total=12.7ms, model_inference=10.0ms
[TIMING] EnhancedMel.transcribe: audio_to_gpu=0.1ms, features=0.3ms, model=10.9ms, decode=1.9ms | TOTAL=13.3ms for 1200ms audio (RTF=0.01x)
[TIMING] stream_chunk[experiment-00ee8bde2fd3461b9ea8d297ebf0ecf4](live_neural): decode=0.1ms, inference=14.8ms, second_pass=0.0ms, contention=0.0ms, TOTAL=15.0ms | audio=600ms, RTF=0.03x | model=enhanced_mel, neural_total=14.5ms, model_inference=10.9ms
[TIMING] EnhancedMel.transcribe: audio_to_gpu=0.2ms, features=0.6ms, model=23.7ms, decode=2.8ms | TOTAL=27.2ms for 1800ms audio (RTF=0.02x)
[TIMING] stream_chunk[experiment-00ee8bde2fd3461b9ea8d297ebf0ecf4](live_neural): decode=0.1ms, inference=29.1ms, second_pass=0.0ms, contention=0.0ms, TOTAL=29.2ms | audio=600ms, RTF=0.05x | model=enhanced_mel, neural_total=28.7ms, model_inference=23.7ms
[TIMING] EnhancedMel.transcribe: audio_to_gpu=0.1ms, features=0.3ms, model=12.4ms, decode=3.7ms | TOTAL=16.5ms for 2400ms audio (RTF=0.01x)
[TIMING] stream_chunk[experiment-00ee8bde2fd3461b9ea8d297ebf0ecf4](live_neural): decode=0.1ms, inference=18.4ms, second_pass=0.0ms, contention=0.0ms, TOTAL=18.6ms | audio=600ms, RTF=0.03x | model=enhanced_mel, neural_total=18.1ms, model_inference=12.4ms
[TIMING] EnhancedMel.transcribe: audio_to_gpu=0.3ms, features=0.6ms, model=20.9ms, decode=5.0ms | TOTAL=26.9ms for 3000ms audio (RTF=0.01x)
[TIMING] stream_chunk[experiment-00ee8bde2fd3461b9ea8d297ebf0ecf4](live_neural): decode=0.1ms, inference=29.0ms, second_pass=0.0ms, contention=0.0ms, TOTAL=29.2ms | audio=600ms, RTF=0.05x | model=enhanced_mel, neural_total=28.7ms, model_inference=20.9ms
[TIMING] EnhancedMel.transcribe: audio_to_gpu=0.2ms, features=0.5ms, model=12.2ms, decode=4.5ms | TOTAL=17.3ms for 3000ms audio (RTF=0.01x)
[TIMING] stream_chunk[experiment-00ee8bde2fd3461b9ea8d297ebf0ecf4](live_neural): decode=0.1ms, inference=20.5ms, second_pass=0.0ms, contention=0.0ms, TOTAL=20.7ms | audio=600ms, RTF=0.03x | model=enhanced_mel, neural_total=20.1ms, model_inference=12.2ms
[TIMING] EnhancedMel.transcribe: audio_to_gpu=0.1ms, features=0.4ms, model=12.2ms, decode=4.5ms | TOTAL=17.2ms for 3000ms audio (RTF=0.01x)
[TIMING] stream_chunk[experiment-00ee8bde2fd3461b9ea8d297ebf0ecf4](live_neural): decode=0.1ms, inference=19.4ms, second_pass=0.0ms, contention=0.0ms, TOTAL=19.6ms | audio=600ms, RTF=0.03x | model=enhanced_mel, neural_total=19.0ms, model_inference=12.2ms
[TIMING] EnhancedMel.transcribe: audio_to_gpu=0.3ms, features=0.7ms, model=17.7ms, decode=4.4ms | TOTAL=23.2ms for 3000ms audio (RTF=0.01x)
[TIMING] stream_chunk[experiment-00ee8bde2fd3461b9ea8d297ebf0ecf4](live_neural): decode=0.3ms, inference=25.4ms, second_pass=0.0ms, contention=0.0ms, TOTAL=25.7ms | audio=600ms, RTF=0.04x | model=enhanced_mel, neural_total=24.9ms, model_inference=17.7ms
[TIMING] EnhancedMel.transcribe: audio_to_gpu=0.2ms, features=1.2ms, model=11.9ms, decode=4.9ms | TOTAL=18.2ms for 3000ms audio (RTF=0.01x)
[TIMING] stream_chunk[experiment-00ee8bde2fd3461b9ea8d297ebf0ecf4](live_neural): decode=0.1ms, inference=21.4ms, second_pass=0.0ms, contention=0.0ms, TOTAL=21.6ms | audio=600ms, RTF=0.04x | model=enhanced_mel, neural_total=21.1ms, model_inference=11.9ms
[TIMING] EnhancedMel.transcribe: audio_to_gpu=0.4ms, features=0.7ms, model=17.1ms, decode=4.9ms | TOTAL=23.1ms for 3000ms audio (RTF=0.01x)
[TIMING] stream_chunk[experiment-00ee8bde2fd3461b9ea8d297ebf0ecf4](live_neural): decode=0.2ms, inference=25.5ms, second_pass=0.0ms, contention=0.0ms, TOTAL=25.9ms | audio=600ms, RTF=0.04x | model=enhanced_mel, neural_total=25.1ms, model_inference=17.1ms

[CLIP_007] Etude "Pour les accords"
  excerpt: start=66.00s end=72.00s duration=6.00s gt_notes=10 rms=0.0115 peak=0.0641 crest=5.566 rms_std=0.0051
    control:
      note metrics: precision=0.692 recall=0.900 f1=0.783 matched=9/10 pred=13
      strict onset f1: 10ms=0.696 20ms=0.783 30ms=0.783
      timing metrics: offset_f1=0.348 rhythm_precision=0.444 note_value_acc=0.000 note_value_n=9 avg_beat_error=0.799
      duplicate metrics: duplicates=3 per_100_notes=23.08
      boundary metrics: gt=4 matched=4 missed=0 miss_rate=0.000
      latency: avg_chunk_ms=21.28 p95_chunk_ms=27.78 avg_rtf=0.035
      notation metrics: first_correct_ms=53.0 visible_p50_ms=375.0 visible_p95_ms=664.8 stabilize_p50_ms=674.9 stabilize_p95_ms=694.8 avg_revisions=1.00 matched=2 refined=2 snapshots=11
      algorithmic latency: first_correct_ms=32.8 visible_p50_ms=354.9 visible_p95_ms=644.9 stabilize_p50_ms=654.9 stabilize_p95_ms=674.9
      final display note metrics: precision=0.900 recall=0.900 f1=0.900 matched=9/10 pred=10
      final display strict onset f1: 10ms=0.800 20ms=0.900 30ms=0.900
      final display timing: offset_f1=0.400 rhythm_precision=0.444 note_value_acc=0.333 note_value_n=9 avg_beat_error=0.704
      final display structure: cluster_f1=0.250 onset_align_recall=1.000 avg_jaccard=0.806 exact=1/3 pred=5 over=0 under=2 pitch_conflicts=0 missed_gt=0
      threshold profiles: hit_rate=0.000 thresholds=[0.75] profiles={'fixed_baseline': 10}
    treatment:
      note metrics: precision=0.600 recall=0.900 f1=0.720 matched=9/10 pred=15
      strict onset f1: 10ms=0.640 20ms=0.720 30ms=0.720
      timing metrics: offset_f1=0.320 rhythm_precision=0.444 note_value_acc=0.000 note_value_n=9 avg_beat_error=0.799
      duplicate metrics: duplicates=4 per_100_notes=26.67
      boundary metrics: gt=4 matched=4 missed=0 miss_rate=0.000
      latency: avg_chunk_ms=21.88 p95_chunk_ms=29.24 avg_rtf=0.036
      notation metrics: first_correct_ms=703.0 visible_p50_ms=703.0 visible_p95_ms=703.0 stabilize_p50_ms=703.0 stabilize_p95_ms=703.0 avg_revisions=1.00 matched=1 refined=1 snapshots=11
      algorithmic latency: first_correct_ms=677.1 visible_p50_ms=677.1 visible_p95_ms=677.1 stabilize_p50_ms=677.1 stabilize_p95_ms=677.1
      final display note metrics: precision=0.818 recall=0.900 f1=0.857 matched=9/10 pred=11
      final display strict onset f1: 10ms=0.762 20ms=0.857 30ms=0.857
      final display timing: offset_f1=0.381 rhythm_precision=0.444 note_value_acc=0.333 note_value_n=9 avg_beat_error=0.630
      final display structure: cluster_f1=0.500 onset_align_recall=1.000 avg_jaccard=0.889 exact=2/3 pred=5 over=0 under=1 pitch_conflicts=0 missed_gt=0
      threshold profiles: hit_rate=1.000 thresholds=[0.71] profiles={'soft_sparse_recall': 10}
    delta treatment-control: precision=-0.092 recall=+0.000 f1=-0.063 offset_f1=-0.028 note_value_acc=+0.000 dup_per_100=+3.59 boundary_miss_rate=+0.000 p95_chunk_ms=+1.46 f1_10ms=-0.056 f1_20ms=-0.063 f1_30ms=-0.063 visible_p50_ms=+328.0 stabilize_p50_ms=+28.1 algo_visible_p50_ms=+322.1 algo_stabilize_p50_ms=+22.1 avg_revisions=+0.00 display_note_f1=-0.043 display_offset_f1=-0.019 display_cluster_f1=+0.250 display_cluster_jaccard=+0.083
    failure buckets: ['note_value_offset_failure']
[TIMING] EnhancedMel.transcribe: audio_to_gpu=0.3ms, features=0.6ms, model=11.5ms, decode=1.4ms | TOTAL=13.8ms for 600ms audio (RTF=0.02x)
[TIMING] stream_chunk[experiment-799cbe63d55a45e4a7e97aa64c127437](live_neural): decode=0.2ms, inference=16.0ms, second_pass=0.0ms, contention=0.0ms, TOTAL=16.3ms | audio=600ms, RTF=0.03x | model=enhanced_mel, neural_total=15.7ms, model_inference=11.5ms
[TIMING] EnhancedMel.transcribe: audio_to_gpu=0.1ms, features=0.6ms, model=20.1ms, decode=2.7ms | TOTAL=23.5ms for 1200ms audio (RTF=0.02x)
[TIMING] stream_chunk[experiment-799cbe63d55a45e4a7e97aa64c127437](live_neural): decode=0.1ms, inference=25.2ms, second_pass=0.0ms, contention=0.0ms, TOTAL=25.5ms | audio=600ms, RTF=0.04x | model=enhanced_mel, neural_total=24.8ms, model_inference=20.1ms
[TIMING] EnhancedMel.transcribe: audio_to_gpu=0.1ms, features=0.4ms, model=10.9ms, decode=3.6ms | TOTAL=15.1ms for 1800ms audio (RTF=0.01x)
[TIMING] stream_chunk[experiment-799cbe63d55a45e4a7e97aa64c127437](live_neural): decode=0.3ms, inference=17.6ms, second_pass=0.0ms, contention=0.0ms, TOTAL=18.0ms | audio=600ms, RTF=0.03x | model=enhanced_mel, neural_total=17.2ms, model_inference=10.9ms
[TIMING] EnhancedMel.transcribe: audio_to_gpu=0.4ms, features=0.4ms, model=10.9ms, decode=4.8ms | TOTAL=16.6ms for 2400ms audio (RTF=0.01x)
[TIMING] stream_chunk[experiment-799cbe63d55a45e4a7e97aa64c127437](live_neural): decode=0.1ms, inference=18.9ms, second_pass=0.0ms, contention=0.0ms, TOTAL=19.2ms | audio=600ms, RTF=0.03x | model=enhanced_mel, neural_total=18.5ms, model_inference=10.9ms
[TIMING] EnhancedMel.transcribe: audio_to_gpu=0.2ms, features=1.0ms, model=20.2ms, decode=5.9ms | TOTAL=27.2ms for 3000ms audio (RTF=0.01x)
[TIMING] stream_chunk[experiment-799cbe63d55a45e4a7e97aa64c127437](live_neural): decode=0.1ms, inference=29.8ms, second_pass=0.0ms, contention=0.0ms, TOTAL=30.1ms | audio=600ms, RTF=0.05x | model=enhanced_mel, neural_total=29.4ms, model_inference=20.2ms
[TIMING] EnhancedMel.transcribe: audio_to_gpu=0.2ms, features=0.5ms, model=12.3ms, decode=6.0ms | TOTAL=19.1ms for 3000ms audio (RTF=0.01x)
[TIMING] stream_chunk[experiment-799cbe63d55a45e4a7e97aa64c127437](live_neural): decode=0.4ms, inference=21.9ms, second_pass=0.0ms, contention=0.0ms, TOTAL=22.5ms | audio=600ms, RTF=0.04x | model=enhanced_mel, neural_total=21.5ms, model_inference=12.3ms
[TIMING] EnhancedMel.transcribe: audio_to_gpu=0.2ms, features=0.5ms, model=12.0ms, decode=5.9ms | TOTAL=18.6ms for 3000ms audio (RTF=0.01x)
[TIMING] stream_chunk[experiment-799cbe63d55a45e4a7e97aa64c127437](live_neural): decode=0.1ms, inference=21.2ms, second_pass=0.0ms, contention=0.0ms, TOTAL=21.5ms | audio=600ms, RTF=0.04x | model=enhanced_mel, neural_total=20.8ms, model_inference=12.0ms
[TIMING] EnhancedMel.transcribe: audio_to_gpu=0.3ms, features=0.5ms, model=11.8ms, decode=5.9ms | TOTAL=18.5ms for 3000ms audio (RTF=0.01x)
[TIMING] stream_chunk[experiment-799cbe63d55a45e4a7e97aa64c127437](live_neural): decode=0.2ms, inference=21.0ms, second_pass=0.0ms, contention=0.0ms, TOTAL=21.3ms | audio=600ms, RTF=0.04x | model=enhanced_mel, neural_total=20.5ms, model_inference=11.8ms
[TIMING] EnhancedMel.transcribe: audio_to_gpu=0.3ms, features=0.5ms, model=12.8ms, decode=5.9ms | TOTAL=19.5ms for 3000ms audio (RTF=0.01x)
[TIMING] stream_chunk[experiment-799cbe63d55a45e4a7e97aa64c127437](live_neural): decode=0.1ms, inference=22.6ms, second_pass=0.0ms, contention=0.0ms, TOTAL=22.9ms | audio=600ms, RTF=0.04x | model=enhanced_mel, neural_total=22.1ms, model_inference=12.8ms
[TIMING] EnhancedMel.transcribe: audio_to_gpu=0.3ms, features=0.5ms, model=11.5ms, decode=6.0ms | TOTAL=18.2ms for 3000ms audio (RTF=0.01x)
[TIMING] stream_chunk[experiment-799cbe63d55a45e4a7e97aa64c127437](live_neural): decode=0.1ms, inference=21.6ms, second_pass=0.0ms, contention=0.0ms, TOTAL=22.0ms | audio=600ms, RTF=0.04x | model=enhanced_mel, neural_total=21.2ms, model_inference=11.5ms
[TIMING] EnhancedMel.transcribe: audio_to_gpu=0.2ms, features=0.7ms, model=19.7ms, decode=1.5ms | TOTAL=22.2ms for 600ms audio (RTF=0.04x)
[TIMING] stream_chunk[experiment-83df09a75ac8405e83e299ff5590ffa2](live_neural): decode=0.1ms, inference=23.8ms, second_pass=0.0ms, contention=0.0ms, TOTAL=24.1ms | audio=600ms, RTF=0.04x | model=enhanced_mel, neural_total=23.4ms, model_inference=19.7ms
[TIMING] EnhancedMel.transcribe: audio_to_gpu=0.2ms, features=0.6ms, model=10.8ms, decode=2.6ms | TOTAL=14.3ms for 1200ms audio (RTF=0.01x)
[TIMING] stream_chunk[experiment-83df09a75ac8405e83e299ff5590ffa2](live_neural): decode=0.2ms, inference=16.4ms, second_pass=0.0ms, contention=0.0ms, TOTAL=16.7ms | audio=600ms, RTF=0.03x | model=enhanced_mel, neural_total=16.0ms, model_inference=10.8ms
[TIMING] EnhancedMel.transcribe: audio_to_gpu=0.2ms, features=0.5ms, model=11.1ms, decode=3.7ms | TOTAL=15.4ms for 1800ms audio (RTF=0.01x)
[TIMING] stream_chunk[experiment-83df09a75ac8405e83e299ff5590ffa2](live_neural): decode=0.1ms, inference=17.5ms, second_pass=0.0ms, contention=0.0ms, TOTAL=17.8ms | audio=600ms, RTF=0.03x | model=enhanced_mel, neural_total=17.2ms, model_inference=11.1ms
[TIMING] EnhancedMel.transcribe: audio_to_gpu=0.3ms, features=0.6ms, model=11.1ms, decode=5.2ms | TOTAL=17.2ms for 2400ms audio (RTF=0.01x)
[TIMING] stream_chunk[experiment-83df09a75ac8405e83e299ff5590ffa2](live_neural): decode=0.1ms, inference=20.3ms, second_pass=0.0ms, contention=0.0ms, TOTAL=20.7ms | audio=600ms, RTF=0.03x | model=enhanced_mel, neural_total=20.0ms, model_inference=11.1ms
[TIMING] EnhancedMel.transcribe: audio_to_gpu=0.2ms, features=0.5ms, model=13.0ms, decode=6.9ms | TOTAL=20.6ms for 3000ms audio (RTF=0.01x)
[TIMING] stream_chunk[experiment-83df09a75ac8405e83e299ff5590ffa2](live_neural): decode=0.1ms, inference=23.9ms, second_pass=0.0ms, contention=0.0ms, TOTAL=24.3ms | audio=600ms, RTF=0.04x | model=enhanced_mel, neural_total=23.5ms, model_inference=13.0ms
[TIMING] EnhancedMel.transcribe: audio_to_gpu=0.3ms, features=0.5ms, model=12.0ms, decode=6.6ms | TOTAL=19.4ms for 3000ms audio (RTF=0.01x)
[TIMING] stream_chunk[experiment-83df09a75ac8405e83e299ff5590ffa2](live_neural): decode=0.2ms, inference=22.7ms, second_pass=0.0ms, contention=0.0ms, TOTAL=23.1ms | audio=600ms, RTF=0.04x | model=enhanced_mel, neural_total=22.3ms, model_inference=12.0ms
[TIMING] EnhancedMel.transcribe: audio_to_gpu=0.4ms, features=0.6ms, model=12.1ms, decode=6.1ms | TOTAL=19.2ms for 3000ms audio (RTF=0.01x)
[TIMING] stream_chunk[experiment-83df09a75ac8405e83e299ff5590ffa2](live_neural): decode=0.2ms, inference=21.8ms, second_pass=0.0ms, contention=0.0ms, TOTAL=22.2ms | audio=600ms, RTF=0.04x | model=enhanced_mel, neural_total=21.3ms, model_inference=12.1ms
[TIMING] EnhancedMel.transcribe: audio_to_gpu=0.3ms, features=0.5ms, model=11.9ms, decode=6.2ms | TOTAL=18.9ms for 3000ms audio (RTF=0.01x)
[TIMING] stream_chunk[experiment-83df09a75ac8405e83e299ff5590ffa2](live_neural): decode=0.2ms, inference=21.7ms, second_pass=0.0ms, contention=0.0ms, TOTAL=22.1ms | audio=600ms, RTF=0.04x | model=enhanced_mel, neural_total=21.1ms, model_inference=11.9ms
[TIMING] EnhancedMel.transcribe: audio_to_gpu=0.3ms, features=0.5ms, model=12.2ms, decode=5.9ms | TOTAL=18.8ms for 3000ms audio (RTF=0.01x)
[TIMING] stream_chunk[experiment-83df09a75ac8405e83e299ff5590ffa2](live_neural): decode=0.1ms, inference=22.1ms, second_pass=0.0ms, contention=0.0ms, TOTAL=22.5ms | audio=600ms, RTF=0.04x | model=enhanced_mel, neural_total=21.7ms, model_inference=12.2ms
[TIMING] EnhancedMel.transcribe: audio_to_gpu=0.2ms, features=0.5ms, model=12.8ms, decode=5.9ms | TOTAL=19.4ms for 3000ms audio (RTF=0.01x)
[TIMING] stream_chunk[experiment-83df09a75ac8405e83e299ff5590ffa2](live_neural): decode=0.1ms, inference=21.9ms, second_pass=0.0ms, contention=0.0ms, TOTAL=22.3ms | audio=600ms, RTF=0.04x | model=enhanced_mel, neural_total=21.6ms, model_inference=12.8ms

[CLIP_008] Concert Etude No. 2, "Gnomenreigen", S. 145/2
  excerpt: start=57.00s end=63.00s duration=6.00s gt_notes=168 rms=0.1152 peak=0.5883 crest=5.105 rms_std=0.0373
    control:
      note metrics: precision=0.941 recall=0.857 f1=0.897 matched=144/168 pred=153
      strict onset f1: 10ms=0.704 20ms=0.885 30ms=0.897
      timing metrics: offset_f1=0.891 rhythm_precision=0.993 note_value_acc=0.806 note_value_n=144 avg_beat_error=0.021
      duplicate metrics: duplicates=6 per_100_notes=3.92
      boundary metrics: gt=57 matched=51 missed=6 miss_rate=0.105
      latency: avg_chunk_ms=21.92 p95_chunk_ms=28.00 avg_rtf=0.037
      notation metrics: first_correct_ms=51.1 visible_p50_ms=384.7 visible_p95_ms=624.5 stabilize_p50_ms=1667.8 stabilize_p95_ms=2204.8 avg_revisions=1.38 matched=60 refined=60 snapshots=21
      algorithmic latency: first_correct_ms=34.9 visible_p50_ms=358.2 visible_p95_ms=601.6 stabilize_p50_ms=1140.6 stabilize_p95_ms=1643.8
      final display note metrics: precision=0.979 recall=0.833 f1=0.900 matched=140/168 pred=143
      final display strict onset f1: 10ms=0.701 20ms=0.887 30ms=0.900
      final display timing: offset_f1=0.894 rhythm_precision=0.993 note_value_acc=0.479 note_value_n=140 avg_beat_error=0.077
      final display structure: cluster_f1=0.641 onset_align_recall=0.924 avg_jaccard=0.863 exact=49/79 pred=74 over=3 under=15 pitch_conflicts=6 missed_gt=6
      threshold profiles: hit_rate=0.000 thresholds=[0.75] profiles={'fixed_baseline': 10}
    treatment:
      note metrics: precision=0.934 recall=0.845 f1=0.888 matched=142/168 pred=152
      strict onset f1: 10ms=0.688 20ms=0.875 30ms=0.888
      timing metrics: offset_f1=0.881 rhythm_precision=0.993 note_value_acc=0.803 note_value_n=142 avg_beat_error=0.021
      duplicate metrics: duplicates=7 per_100_notes=4.61
      boundary metrics: gt=57 matched=51 missed=6 miss_rate=0.105
      latency: avg_chunk_ms=21.57 p95_chunk_ms=24.19 avg_rtf=0.036
      notation metrics: first_correct_ms=59.0 visible_p50_ms=381.6 visible_p95_ms=631.9 stabilize_p50_ms=1341.4 stabilize_p95_ms=2141.6 avg_revisions=1.06 matched=62 refined=62 snapshots=21
      algorithmic latency: first_correct_ms=34.9 visible_p50_ms=358.2 visible_p95_ms=607.7 stabilize_p50_ms=874.5 stabilize_p95_ms=1630.3
      final display note metrics: precision=0.979 recall=0.833 f1=0.900 matched=140/168 pred=143
      final display strict onset f1: 10ms=0.688 20ms=0.887 30ms=0.900
      final display timing: offset_f1=0.894 rhythm_precision=0.993 note_value_acc=0.457 note_value_n=140 avg_beat_error=0.084
      final display structure: cluster_f1=0.649 onset_align_recall=0.937 avg_jaccard=0.852 exact=50/79 pred=75 over=3 under=15 pitch_conflicts=6 missed_gt=5
      threshold profiles: hit_rate=0.700 thresholds=[0.75, 0.77] profiles={'baseline_nominal': 3, 'loud_dense_precision': 7}
    delta treatment-control: precision=-0.007 recall=-0.012 f1=-0.010 offset_f1=-0.010 note_value_acc=-0.003 dup_per_100=+0.68 boundary_miss_rate=+0.000 p95_chunk_ms=-3.81 f1_10ms=-0.017 f1_20ms=-0.010 f1_30ms=-0.010 visible_p50_ms=-3.1 stabilize_p50_ms=-326.5 algo_visible_p50_ms=+0.0 algo_stabilize_p50_ms=-266.1 avg_revisions=-0.32 display_note_f1=+0.000 display_offset_f1=+0.000 display_cluster_f1=+0.009 display_cluster_jaccard=-0.012
    failure buckets: ['runtime_only_win', 'boundary_miss_failure', 'high_revision_slow_stabilization']
      boundary diagnostics: missed=6 by_arm={'control': 6, 'treatment': 6} tags={'control_boundary_miss': 6, 'no_control_coarse_candidate': 6}
        miss: pitch=70 onset=0.598s boundary_delta_ms=-2.3 control_coarse=False treatment_coarse=False retro=n/a
        miss: pitch=76 onset=1.727s boundary_delta_ms=-73.4 control_coarse=False treatment_coarse=False retro=n/a
        miss: pitch=76 onset=1.835s boundary_delta_ms=+34.6 control_coarse=False treatment_coarse=False retro=n/a
        ... 3 more missed boundary notes in diagnostics JSON
[TIMING] EnhancedMel.transcribe: audio_to_gpu=0.4ms, features=0.6ms, model=10.8ms, decode=1.2ms | TOTAL=12.9ms for 600ms audio (RTF=0.02x)
[TIMING] stream_chunk[experiment-a601f1e641d04f3b9dc45d9c60a23a67](live_neural): decode=0.2ms, inference=15.5ms, second_pass=0.0ms, contention=0.0ms, TOTAL=15.7ms | audio=600ms, RTF=0.03x | model=enhanced_mel, neural_total=15.0ms, model_inference=10.8ms
[TIMING] EnhancedMel.transcribe: audio_to_gpu=0.1ms, features=0.3ms, model=11.3ms, decode=2.1ms | TOTAL=13.8ms for 1200ms audio (RTF=0.01x)
[TIMING] stream_chunk[experiment-a601f1e641d04f3b9dc45d9c60a23a67](live_neural): decode=0.1ms, inference=15.5ms, second_pass=0.0ms, contention=0.0ms, TOTAL=15.8ms | audio=600ms, RTF=0.03x | model=enhanced_mel, neural_total=15.1ms, model_inference=11.3ms
[TIMING] EnhancedMel.transcribe: audio_to_gpu=0.1ms, features=0.3ms, model=11.7ms, decode=2.9ms | TOTAL=15.1ms for 1800ms audio (RTF=0.01x)
[TIMING] stream_chunk[experiment-a601f1e641d04f3b9dc45d9c60a23a67](live_neural): decode=0.2ms, inference=16.9ms, second_pass=0.0ms, contention=0.0ms, TOTAL=17.2ms | audio=600ms, RTF=0.03x | model=enhanced_mel, neural_total=16.5ms, model_inference=11.7ms
[TIMING] EnhancedMel.transcribe: audio_to_gpu=0.1ms, features=1.1ms, model=11.7ms, decode=4.4ms | TOTAL=17.3ms for 2400ms audio (RTF=0.01x)
[TIMING] stream_chunk[experiment-a601f1e641d04f3b9dc45d9c60a23a67](live_neural): decode=0.1ms, inference=19.5ms, second_pass=0.0ms, contention=0.0ms, TOTAL=19.8ms | audio=600ms, RTF=0.03x | model=enhanced_mel, neural_total=19.1ms, model_inference=11.7ms
[TIMING] EnhancedMel.transcribe: audio_to_gpu=0.2ms, features=0.5ms, model=12.1ms, decode=4.7ms | TOTAL=17.5ms for 3000ms audio (RTF=0.01x)
[TIMING] stream_chunk[experiment-a601f1e641d04f3b9dc45d9c60a23a67](live_neural): decode=0.1ms, inference=19.8ms, second_pass=0.0ms, contention=0.0ms, TOTAL=20.0ms | audio=600ms, RTF=0.03x | model=enhanced_mel, neural_total=19.4ms, model_inference=12.1ms
[TIMING] EnhancedMel.transcribe: audio_to_gpu=0.1ms, features=0.4ms, model=13.8ms, decode=4.9ms | TOTAL=19.2ms for 3000ms audio (RTF=0.01x)
[TIMING] stream_chunk[experiment-a601f1e641d04f3b9dc45d9c60a23a67](live_neural): decode=0.1ms, inference=21.3ms, second_pass=0.0ms, contention=0.0ms, TOTAL=21.6ms | audio=600ms, RTF=0.04x | model=enhanced_mel, neural_total=21.0ms, model_inference=13.8ms
[TIMING] EnhancedMel.transcribe: audio_to_gpu=0.3ms, features=0.7ms, model=11.9ms, decode=5.6ms | TOTAL=18.6ms for 3000ms audio (RTF=0.01x)
[TIMING] stream_chunk[experiment-a601f1e641d04f3b9dc45d9c60a23a67](live_neural): decode=0.1ms, inference=21.9ms, second_pass=0.0ms, contention=0.0ms, TOTAL=22.2ms | audio=600ms, RTF=0.04x | model=enhanced_mel, neural_total=21.6ms, model_inference=11.9ms
[TIMING] EnhancedMel.transcribe: audio_to_gpu=0.2ms, features=0.4ms, model=13.1ms, decode=4.8ms | TOTAL=18.5ms for 3000ms audio (RTF=0.01x)
[TIMING] stream_chunk[experiment-a601f1e641d04f3b9dc45d9c60a23a67](live_neural): decode=0.1ms, inference=20.7ms, second_pass=0.0ms, contention=0.0ms, TOTAL=20.9ms | audio=600ms, RTF=0.03x | model=enhanced_mel, neural_total=20.3ms, model_inference=13.1ms
[TIMING] EnhancedMel.transcribe: audio_to_gpu=0.2ms, features=0.4ms, model=12.0ms, decode=5.6ms | TOTAL=18.2ms for 3000ms audio (RTF=0.01x)
[TIMING] stream_chunk[experiment-a601f1e641d04f3b9dc45d9c60a23a67](live_neural): decode=0.1ms, inference=21.1ms, second_pass=0.0ms, contention=0.0ms, TOTAL=21.3ms | audio=600ms, RTF=0.04x | model=enhanced_mel, neural_total=19.9ms, model_inference=12.0ms
[TIMING] EnhancedMel.transcribe: audio_to_gpu=0.2ms, features=0.5ms, model=11.9ms, decode=4.8ms | TOTAL=17.5ms for 3000ms audio (RTF=0.01x)
[TIMING] stream_chunk[experiment-a601f1e641d04f3b9dc45d9c60a23a67](live_neural): decode=0.1ms, inference=20.8ms, second_pass=0.0ms, contention=0.0ms, TOTAL=21.0ms | audio=600ms, RTF=0.03x | model=enhanced_mel, neural_total=20.4ms, model_inference=11.9ms
[TIMING] EnhancedMel.transcribe: audio_to_gpu=0.1ms, features=0.5ms, model=10.2ms, decode=1.2ms | TOTAL=12.0ms for 600ms audio (RTF=0.02x)
[TIMING] stream_chunk[experiment-5b9825fe90d243bebe84f67800e052ab](live_neural): decode=0.1ms, inference=14.3ms, second_pass=0.0ms, contention=0.0ms, TOTAL=14.5ms | audio=600ms, RTF=0.02x | model=enhanced_mel, neural_total=13.9ms, model_inference=10.2ms
[TIMING] EnhancedMel.transcribe: audio_to_gpu=0.1ms, features=0.3ms, model=10.1ms, decode=2.1ms | TOTAL=12.6ms for 1200ms audio (RTF=0.01x)
[TIMING] stream_chunk[experiment-5b9825fe90d243bebe84f67800e052ab](live_neural): decode=0.1ms, inference=14.3ms, second_pass=0.0ms, contention=0.0ms, TOTAL=14.5ms | audio=600ms, RTF=0.02x | model=enhanced_mel, neural_total=14.0ms, model_inference=10.1ms
[TIMING] EnhancedMel.transcribe: audio_to_gpu=0.2ms, features=0.7ms, model=21.5ms, decode=3.0ms | TOTAL=25.3ms for 1800ms audio (RTF=0.01x)
[TIMING] stream_chunk[experiment-5b9825fe90d243bebe84f67800e052ab](live_neural): decode=0.1ms, inference=27.1ms, second_pass=0.0ms, contention=0.0ms, TOTAL=27.3ms | audio=600ms, RTF=0.05x | model=enhanced_mel, neural_total=26.8ms, model_inference=21.5ms
[TIMING] EnhancedMel.transcribe: audio_to_gpu=0.2ms, features=0.6ms, model=12.5ms, decode=3.9ms | TOTAL=17.1ms for 2400ms audio (RTF=0.01x)
[TIMING] stream_chunk[experiment-5b9825fe90d243bebe84f67800e052ab](live_neural): decode=0.1ms, inference=19.1ms, second_pass=0.0ms, contention=0.0ms, TOTAL=19.3ms | audio=600ms, RTF=0.03x | model=enhanced_mel, neural_total=18.7ms, model_inference=12.5ms
[TIMING] EnhancedMel.transcribe: audio_to_gpu=0.2ms, features=0.4ms, model=12.1ms, decode=5.1ms | TOTAL=17.8ms for 3000ms audio (RTF=0.01x)
[TIMING] stream_chunk[experiment-5b9825fe90d243bebe84f67800e052ab](live_neural): decode=0.1ms, inference=20.8ms, second_pass=0.0ms, contention=0.0ms, TOTAL=21.0ms | audio=600ms, RTF=0.04x | model=enhanced_mel, neural_total=20.5ms, model_inference=12.1ms
[TIMING] EnhancedMel.transcribe: audio_to_gpu=0.4ms, features=0.7ms, model=15.9ms, decode=4.7ms | TOTAL=21.8ms for 3000ms audio (RTF=0.01x)
[TIMING] stream_chunk[experiment-5b9825fe90d243bebe84f67800e052ab](live_neural): decode=0.1ms, inference=24.0ms, second_pass=0.0ms, contention=0.0ms, TOTAL=24.2ms | audio=600ms, RTF=0.04x | model=enhanced_mel, neural_total=23.6ms, model_inference=15.9ms
[TIMING] EnhancedMel.transcribe: audio_to_gpu=0.2ms, features=0.4ms, model=12.9ms, decode=6.3ms | TOTAL=19.8ms for 3000ms audio (RTF=0.01x)
[TIMING] stream_chunk[experiment-5b9825fe90d243bebe84f67800e052ab](live_neural): decode=0.1ms, inference=22.8ms, second_pass=0.0ms, contention=0.0ms, TOTAL=23.0ms | audio=600ms, RTF=0.04x | model=enhanced_mel, neural_total=22.3ms, model_inference=12.9ms
[TIMING] EnhancedMel.transcribe: audio_to_gpu=0.2ms, features=0.5ms, model=12.0ms, decode=4.7ms | TOTAL=17.4ms for 3000ms audio (RTF=0.01x)
[TIMING] stream_chunk[experiment-5b9825fe90d243bebe84f67800e052ab](live_neural): decode=0.1ms, inference=19.5ms, second_pass=0.0ms, contention=0.0ms, TOTAL=19.7ms | audio=600ms, RTF=0.03x | model=enhanced_mel, neural_total=19.2ms, model_inference=12.0ms
[TIMING] EnhancedMel.transcribe: audio_to_gpu=0.2ms, features=0.6ms, model=20.9ms, decode=4.8ms | TOTAL=26.4ms for 3000ms audio (RTF=0.01x)
[TIMING] stream_chunk[experiment-5b9825fe90d243bebe84f67800e052ab](live_neural): decode=0.1ms, inference=28.4ms, second_pass=0.0ms, contention=0.0ms, TOTAL=28.6ms | audio=600ms, RTF=0.05x | model=enhanced_mel, neural_total=28.1ms, model_inference=20.9ms
[TIMING] EnhancedMel.transcribe: audio_to_gpu=0.1ms, features=0.4ms, model=12.2ms, decode=4.8ms | TOTAL=17.6ms for 3000ms audio (RTF=0.01x)
[TIMING] stream_chunk[experiment-5b9825fe90d243bebe84f67800e052ab](live_neural): decode=0.1ms, inference=19.6ms, second_pass=0.0ms, contention=0.0ms, TOTAL=19.8ms | audio=600ms, RTF=0.03x | model=enhanced_mel, neural_total=19.3ms, model_inference=12.2ms

[CLIP_009] Sonata in A Major, K. 208
  excerpt: start=3.00s end=9.00s duration=6.00s gt_notes=10 rms=0.0080 peak=0.0538 crest=6.725 rms_std=0.0041
    control:
      note metrics: precision=0.714 recall=1.000 f1=0.833 matched=10/10 pred=14
      strict onset f1: 10ms=0.833 20ms=0.833 30ms=0.833
      timing metrics: offset_f1=0.167 rhythm_precision=0.200 note_value_acc=0.000 note_value_n=10 avg_beat_error=1.456
      duplicate metrics: duplicates=0 per_100_notes=0.00
      boundary metrics: gt=2 matched=2 missed=0 miss_rate=0.000
      latency: avg_chunk_ms=19.54 p95_chunk_ms=21.89 avg_rtf=0.033
      notation metrics: first_correct_ms=138.5 visible_p50_ms=360.9 visible_p95_ms=611.4 stabilize_p50_ms=2035.9 stabilize_p95_ms=3080.4 avg_revisions=2.00 matched=10 refined=10 snapshots=18
      algorithmic latency: first_correct_ms=118.7 visible_p50_ms=341.9 visible_p95_ms=590.1 stabilize_p50_ms=1493.2 stabilize_p95_ms=2594.8
      final display note metrics: precision=0.714 recall=1.000 f1=0.833 matched=10/10 pred=14
      final display strict onset f1: 10ms=0.833 20ms=0.833 30ms=0.833
      final display timing: offset_f1=0.167 rhythm_precision=0.200 note_value_acc=0.100 note_value_n=10 avg_beat_error=1.075
      final display structure: cluster_f1=0.833 onset_align_recall=1.000 avg_jaccard=1.000 exact=10/10 pred=14 over=0 under=0 pitch_conflicts=0 missed_gt=0
      threshold profiles: hit_rate=0.000 thresholds=[0.75] profiles={'fixed_baseline': 10}
    treatment:
      note metrics: precision=0.714 recall=1.000 f1=0.833 matched=10/10 pred=14
      strict onset f1: 10ms=0.833 20ms=0.833 30ms=0.833
      timing metrics: offset_f1=0.167 rhythm_precision=0.200 note_value_acc=0.000 note_value_n=10 avg_beat_error=1.456
      duplicate metrics: duplicates=0 per_100_notes=0.00
      boundary metrics: gt=2 matched=2 missed=0 miss_rate=0.000
      latency: avg_chunk_ms=21.21 p95_chunk_ms=28.03 avg_rtf=0.035
      notation metrics: first_correct_ms=138.1 visible_p50_ms=360.7 visible_p95_ms=612.3 stabilize_p50_ms=2046.4 stabilize_p95_ms=3082.3 avg_revisions=2.00 matched=10 refined=10 snapshots=18
      algorithmic latency: first_correct_ms=118.7 visible_p50_ms=341.9 visible_p95_ms=590.1 stabilize_p50_ms=1493.2 stabilize_p95_ms=2594.8
      final display note metrics: precision=0.714 recall=1.000 f1=0.833 matched=10/10 pred=14
      final display strict onset f1: 10ms=0.833 20ms=0.833 30ms=0.833
      final display timing: offset_f1=0.167 rhythm_precision=0.200 note_value_acc=0.100 note_value_n=10 avg_beat_error=1.075
      final display structure: cluster_f1=0.833 onset_align_recall=1.000 avg_jaccard=1.000 exact=10/10 pred=14 over=0 under=0 pitch_conflicts=0 missed_gt=0
      threshold profiles: hit_rate=1.000 thresholds=[0.71] profiles={'soft_sparse_recall': 10}
    delta treatment-control: precision=+0.000 recall=+0.000 f1=+0.000 offset_f1=+0.000 note_value_acc=+0.000 dup_per_100=+0.00 boundary_miss_rate=+0.000 p95_chunk_ms=+6.14 f1_10ms=+0.000 f1_20ms=+0.000 f1_30ms=+0.000 visible_p50_ms=-0.2 stabilize_p50_ms=+10.5 algo_visible_p50_ms=+0.0 algo_stabilize_p50_ms=+0.0 avg_revisions=+0.00 display_note_f1=+0.000 display_offset_f1=+0.000 display_cluster_f1=+0.000 display_cluster_jaccard=+0.000
    failure buckets: ['high_revision_slow_stabilization', 'note_value_offset_failure']
[TIMING] EnhancedMel.transcribe: audio_to_gpu=0.2ms, features=0.5ms, model=12.8ms, decode=1.1ms | TOTAL=14.7ms for 600ms audio (RTF=0.02x)
[TIMING] stream_chunk[experiment-ab5a513e5fa04250a42797d818ac7fc8](live_neural): decode=0.2ms, inference=16.2ms, second_pass=0.0ms, contention=0.0ms, TOTAL=16.5ms | audio=600ms, RTF=0.03x | model=enhanced_mel, neural_total=15.9ms, model_inference=12.8ms
[TIMING] EnhancedMel.transcribe: audio_to_gpu=0.2ms, features=0.6ms, model=13.5ms, decode=2.3ms | TOTAL=16.6ms for 1200ms audio (RTF=0.01x)
[TIMING] stream_chunk[experiment-ab5a513e5fa04250a42797d818ac7fc8](live_neural): decode=0.1ms, inference=18.3ms, second_pass=0.0ms, contention=0.0ms, TOTAL=18.6ms | audio=600ms, RTF=0.03x | model=enhanced_mel, neural_total=18.0ms, model_inference=13.5ms
[TIMING] EnhancedMel.transcribe: audio_to_gpu=0.1ms, features=0.4ms, model=11.2ms, decode=3.3ms | TOTAL=15.0ms for 1800ms audio (RTF=0.01x)
[TIMING] stream_chunk[experiment-ab5a513e5fa04250a42797d818ac7fc8](live_neural): decode=0.2ms, inference=16.8ms, second_pass=0.0ms, contention=0.0ms, TOTAL=17.1ms | audio=600ms, RTF=0.03x | model=enhanced_mel, neural_total=16.5ms, model_inference=11.2ms
[TIMING] EnhancedMel.transcribe: audio_to_gpu=0.1ms, features=0.4ms, model=11.5ms, decode=5.1ms | TOTAL=17.2ms for 2400ms audio (RTF=0.01x)
[TIMING] stream_chunk[experiment-ab5a513e5fa04250a42797d818ac7fc8](live_neural): decode=0.2ms, inference=19.5ms, second_pass=0.0ms, contention=0.0ms, TOTAL=19.8ms | audio=600ms, RTF=0.03x | model=enhanced_mel, neural_total=19.1ms, model_inference=11.5ms
[TIMING] EnhancedMel.transcribe: audio_to_gpu=0.3ms, features=0.7ms, model=14.8ms, decode=5.3ms | TOTAL=21.1ms for 3000ms audio (RTF=0.01x)
[TIMING] stream_chunk[experiment-ab5a513e5fa04250a42797d818ac7fc8](live_neural): decode=0.1ms, inference=23.7ms, second_pass=0.0ms, contention=0.0ms, TOTAL=24.0ms | audio=600ms, RTF=0.04x | model=enhanced_mel, neural_total=23.3ms, model_inference=14.8ms
[TIMING] EnhancedMel.transcribe: audio_to_gpu=0.2ms, features=0.5ms, model=12.0ms, decode=5.7ms | TOTAL=18.4ms for 3000ms audio (RTF=0.01x)
[TIMING] stream_chunk[experiment-ab5a513e5fa04250a42797d818ac7fc8](live_neural): decode=0.1ms, inference=20.8ms, second_pass=0.0ms, contention=0.0ms, TOTAL=21.0ms | audio=600ms, RTF=0.04x | model=enhanced_mel, neural_total=20.3ms, model_inference=12.0ms
[TIMING] EnhancedMel.transcribe: audio_to_gpu=0.3ms, features=0.4ms, model=13.1ms, decode=6.0ms | TOTAL=19.9ms for 3000ms audio (RTF=0.01x)
[TIMING] stream_chunk[experiment-ab5a513e5fa04250a42797d818ac7fc8](live_neural): decode=0.1ms, inference=23.2ms, second_pass=0.0ms, contention=0.0ms, TOTAL=23.4ms | audio=600ms, RTF=0.04x | model=enhanced_mel, neural_total=22.7ms, model_inference=13.1ms
[TIMING] EnhancedMel.transcribe: audio_to_gpu=0.3ms, features=0.5ms, model=11.3ms, decode=6.0ms | TOTAL=18.2ms for 3000ms audio (RTF=0.01x)
[TIMING] stream_chunk[experiment-ab5a513e5fa04250a42797d818ac7fc8](live_neural): decode=0.1ms, inference=20.7ms, second_pass=0.0ms, contention=0.0ms, TOTAL=21.0ms | audio=600ms, RTF=0.03x | model=enhanced_mel, neural_total=20.3ms, model_inference=11.3ms
[TIMING] EnhancedMel.transcribe: audio_to_gpu=0.2ms, features=0.5ms, model=13.9ms, decode=5.8ms | TOTAL=20.5ms for 3000ms audio (RTF=0.01x)
[TIMING] stream_chunk[experiment-ab5a513e5fa04250a42797d818ac7fc8](live_neural): decode=0.1ms, inference=22.8ms, second_pass=0.0ms, contention=0.0ms, TOTAL=23.1ms | audio=600ms, RTF=0.04x | model=enhanced_mel, neural_total=22.4ms, model_inference=13.9ms
[TIMING] EnhancedMel.transcribe: audio_to_gpu=0.2ms, features=0.5ms, model=12.0ms, decode=5.8ms | TOTAL=18.5ms for 3000ms audio (RTF=0.01x)
[TIMING] stream_chunk[experiment-ab5a513e5fa04250a42797d818ac7fc8](live_neural): decode=0.1ms, inference=20.9ms, second_pass=0.0ms, contention=0.0ms, TOTAL=21.2ms | audio=600ms, RTF=0.04x | model=enhanced_mel, neural_total=20.5ms, model_inference=12.0ms
[TIMING] EnhancedMel.transcribe: audio_to_gpu=0.3ms, features=0.8ms, model=16.3ms, decode=1.1ms | TOTAL=18.6ms for 600ms audio (RTF=0.03x)
[TIMING] stream_chunk[experiment-24a4a098514a4db7a157fba22138b3d3](live_neural): decode=0.2ms, inference=19.9ms, second_pass=0.0ms, contention=0.0ms, TOTAL=20.1ms | audio=600ms, RTF=0.03x | model=enhanced_mel, neural_total=19.6ms, model_inference=16.3ms
[TIMING] EnhancedMel.transcribe: audio_to_gpu=0.1ms, features=0.5ms, model=14.0ms, decode=2.3ms | TOTAL=17.0ms for 1200ms audio (RTF=0.01x)
[TIMING] stream_chunk[experiment-24a4a098514a4db7a157fba22138b3d3](live_neural): decode=0.1ms, inference=18.8ms, second_pass=0.0ms, contention=0.0ms, TOTAL=19.1ms | audio=600ms, RTF=0.03x | model=enhanced_mel, neural_total=18.5ms, model_inference=14.0ms
[TIMING] EnhancedMel.transcribe: audio_to_gpu=0.1ms, features=0.3ms, model=11.5ms, decode=3.4ms | TOTAL=15.3ms for 1800ms audio (RTF=0.01x)
[TIMING] stream_chunk[experiment-24a4a098514a4db7a157fba22138b3d3](live_neural): decode=0.1ms, inference=17.2ms, second_pass=0.0ms, contention=0.0ms, TOTAL=17.5ms | audio=600ms, RTF=0.03x | model=enhanced_mel, neural_total=16.8ms, model_inference=11.5ms
[TIMING] EnhancedMel.transcribe: audio_to_gpu=0.1ms, features=0.3ms, model=11.6ms, decode=4.3ms | TOTAL=16.4ms for 2400ms audio (RTF=0.01x)
[TIMING] stream_chunk[experiment-24a4a098514a4db7a157fba22138b3d3](live_neural): decode=0.2ms, inference=18.4ms, second_pass=0.0ms, contention=0.0ms, TOTAL=18.7ms | audio=600ms, RTF=0.03x | model=enhanced_mel, neural_total=18.0ms, model_inference=11.6ms
[TIMING] EnhancedMel.transcribe: audio_to_gpu=0.3ms, features=0.5ms, model=11.9ms, decode=5.4ms | TOTAL=18.1ms for 3000ms audio (RTF=0.01x)
[TIMING] stream_chunk[experiment-24a4a098514a4db7a157fba22138b3d3](live_neural): decode=0.2ms, inference=20.7ms, second_pass=0.0ms, contention=0.0ms, TOTAL=21.0ms | audio=600ms, RTF=0.03x | model=enhanced_mel, neural_total=20.0ms, model_inference=11.9ms
[TIMING] EnhancedMel.transcribe: audio_to_gpu=0.2ms, features=0.4ms, model=12.3ms, decode=5.6ms | TOTAL=18.6ms for 3000ms audio (RTF=0.01x)
[TIMING] stream_chunk[experiment-24a4a098514a4db7a157fba22138b3d3](live_neural): decode=0.1ms, inference=20.8ms, second_pass=0.0ms, contention=0.0ms, TOTAL=21.1ms | audio=600ms, RTF=0.04x | model=enhanced_mel, neural_total=20.4ms, model_inference=12.3ms
[TIMING] EnhancedMel.transcribe: audio_to_gpu=0.3ms, features=0.5ms, model=11.8ms, decode=5.7ms | TOTAL=18.3ms for 3000ms audio (RTF=0.01x)
[TIMING] stream_chunk[experiment-24a4a098514a4db7a157fba22138b3d3](live_neural): decode=0.1ms, inference=20.7ms, second_pass=0.0ms, contention=0.0ms, TOTAL=21.0ms | audio=600ms, RTF=0.03x | model=enhanced_mel, neural_total=20.2ms, model_inference=11.8ms
[TIMING] EnhancedMel.transcribe: audio_to_gpu=0.2ms, features=0.4ms, model=11.9ms, decode=6.4ms | TOTAL=18.9ms for 3000ms audio (RTF=0.01x)
[TIMING] stream_chunk[experiment-24a4a098514a4db7a157fba22138b3d3](live_neural): decode=0.1ms, inference=21.2ms, second_pass=0.0ms, contention=0.0ms, TOTAL=21.4ms | audio=600ms, RTF=0.04x | model=enhanced_mel, neural_total=20.8ms, model_inference=11.9ms
[TIMING] EnhancedMel.transcribe: audio_to_gpu=0.4ms, features=0.6ms, model=14.0ms, decode=5.8ms | TOTAL=20.8ms for 3000ms audio (RTF=0.01x)
[TIMING] stream_chunk[experiment-24a4a098514a4db7a157fba22138b3d3](live_neural): decode=0.1ms, inference=24.1ms, second_pass=0.0ms, contention=0.0ms, TOTAL=24.3ms | audio=600ms, RTF=0.04x | model=enhanced_mel, neural_total=23.7ms, model_inference=14.0ms
[TIMING] EnhancedMel.transcribe: audio_to_gpu=0.2ms, features=0.5ms, model=12.3ms, decode=5.7ms | TOTAL=18.8ms for 3000ms audio (RTF=0.01x)
[TIMING] stream_chunk[experiment-24a4a098514a4db7a157fba22138b3d3](live_neural): decode=0.1ms, inference=22.6ms, second_pass=0.0ms, contention=0.0ms, TOTAL=22.9ms | audio=600ms, RTF=0.04x | model=enhanced_mel, neural_total=20.9ms, model_inference=12.3ms

[CLIP_010] Etude "Pour les accords"
  excerpt: start=0.00s end=6.00s duration=6.00s gt_notes=108 rms=0.0820 peak=0.5182 crest=6.319 rms_std=0.0389
    control:
      note metrics: precision=0.871 recall=0.935 f1=0.902 matched=101/108 pred=116
      strict onset f1: 10ms=0.670 20ms=0.884 30ms=0.902
      timing metrics: offset_f1=0.902 rhythm_precision=1.000 note_value_acc=0.941 note_value_n=101 avg_beat_error=0.006
      duplicate metrics: duplicates=14 per_100_notes=12.07
      boundary metrics: gt=34 matched=31 missed=3 miss_rate=0.088
      latency: avg_chunk_ms=20.58 p95_chunk_ms=23.76 avg_rtf=0.034
      notation metrics: first_correct_ms=132.2 visible_p50_ms=285.1 visible_p95_ms=319.6 stabilize_p50_ms=3236.5 stabilize_p95_ms=3719.9 avg_revisions=2.00 matched=4 refined=4 snapshots=14
      algorithmic latency: first_correct_ms=111.2 visible_p50_ms=263.2 visible_p95_ms=295.6 stabilize_p50_ms=2686.5 stabilize_p95_ms=3169.9
      final display note metrics: precision=0.989 recall=0.870 f1=0.926 matched=94/108 pred=95
      final display strict onset f1: 10ms=0.631 20ms=0.906 30ms=0.926
      final display timing: offset_f1=0.926 rhythm_precision=1.000 note_value_acc=0.968 note_value_n=94 avg_beat_error=0.052
      final display structure: cluster_f1=0.667 onset_align_recall=0.950 avg_jaccard=0.864 exact=13/20 pred=19 over=0 under=5 pitch_conflicts=1 missed_gt=1
      threshold profiles: hit_rate=0.000 thresholds=[0.75] profiles={'fixed_baseline': 10}
    treatment:
      note metrics: precision=0.871 recall=0.935 f1=0.902 matched=101/108 pred=116
      strict onset f1: 10ms=0.670 20ms=0.884 30ms=0.902
      timing metrics: offset_f1=0.902 rhythm_precision=1.000 note_value_acc=0.941 note_value_n=101 avg_beat_error=0.006
      duplicate metrics: duplicates=14 per_100_notes=12.07
      boundary metrics: gt=34 matched=31 missed=3 miss_rate=0.088
      latency: avg_chunk_ms=20.72 p95_chunk_ms=23.70 avg_rtf=0.035
      notation metrics: first_correct_ms=132.6 visible_p50_ms=283.0 visible_p95_ms=316.6 stabilize_p50_ms=3236.8 stabilize_p95_ms=3720.2 avg_revisions=2.00 matched=4 refined=4 snapshots=14
      algorithmic latency: first_correct_ms=111.2 visible_p50_ms=263.2 visible_p95_ms=295.6 stabilize_p50_ms=2686.5 stabilize_p95_ms=3169.9
      final display note metrics: precision=0.989 recall=0.870 f1=0.926 matched=94/108 pred=95
      final display strict onset f1: 10ms=0.631 20ms=0.906 30ms=0.926
      final display timing: offset_f1=0.926 rhythm_precision=1.000 note_value_acc=0.968 note_value_n=94 avg_beat_error=0.052
      final display structure: cluster_f1=0.667 onset_align_recall=0.950 avg_jaccard=0.864 exact=13/20 pred=19 over=0 under=5 pitch_conflicts=1 missed_gt=1
      threshold profiles: hit_rate=0.100 thresholds=[0.71, 0.75] profiles={'baseline_nominal': 9, 'soft_sparse_recall': 1}
    delta treatment-control: precision=+0.000 recall=+0.000 f1=+0.000 offset_f1=+0.000 note_value_acc=+0.000 dup_per_100=+0.00 boundary_miss_rate=+0.000 p95_chunk_ms=-0.06 f1_10ms=+0.000 f1_20ms=+0.000 f1_30ms=+0.000 visible_p50_ms=-2.1 stabilize_p50_ms=+0.3 algo_visible_p50_ms=+0.0 algo_stabilize_p50_ms=+0.0 avg_revisions=+0.00 display_note_f1=+0.000 display_offset_f1=+0.000 display_cluster_f1=+0.000 display_cluster_jaccard=+0.000
    failure buckets: ['boundary_miss_failure', 'high_revision_slow_stabilization']
      boundary diagnostics: missed=3 by_arm={'control': 3, 'treatment': 3} tags={'control_boundary_miss': 3, 'no_control_coarse_candidate': 3}
        miss: pitch=56 onset=1.172s boundary_delta_ms=-28.1 control_coarse=False treatment_coarse=False retro=n/a
        miss: pitch=59 onset=2.974s boundary_delta_ms=-26.0 control_coarse=False treatment_coarse=False retro=n/a
        miss: pitch=52 onset=2.986s boundary_delta_ms=-14.3 control_coarse=False treatment_coarse=False retro=n/a
[TIMING] EnhancedMel.transcribe: audio_to_gpu=0.3ms, features=0.9ms, model=20.5ms, decode=1.2ms | TOTAL=22.9ms for 600ms audio (RTF=0.04x)
[TIMING] stream_chunk[experiment-0bd7c792ab9046acbf8a5eac21fd700b](live_neural): decode=0.2ms, inference=25.2ms, second_pass=0.0ms, contention=0.0ms, TOTAL=25.4ms | audio=600ms, RTF=0.04x | model=enhanced_mel, neural_total=24.8ms, model_inference=20.5ms
[TIMING] EnhancedMel.transcribe: audio_to_gpu=0.1ms, features=0.7ms, model=10.3ms, decode=2.1ms | TOTAL=13.2ms for 1200ms audio (RTF=0.01x)
[TIMING] stream_chunk[experiment-0bd7c792ab9046acbf8a5eac21fd700b](live_neural): decode=0.2ms, inference=14.8ms, second_pass=0.0ms, contention=0.0ms, TOTAL=15.1ms | audio=600ms, RTF=0.03x | model=enhanced_mel, neural_total=14.5ms, model_inference=10.3ms
[TIMING] EnhancedMel.transcribe: audio_to_gpu=0.1ms, features=0.4ms, model=11.4ms, decode=3.2ms | TOTAL=15.2ms for 1800ms audio (RTF=0.01x)
[TIMING] stream_chunk[experiment-0bd7c792ab9046acbf8a5eac21fd700b](live_neural): decode=0.2ms, inference=17.2ms, second_pass=0.0ms, contention=0.0ms, TOTAL=17.5ms | audio=600ms, RTF=0.03x | model=enhanced_mel, neural_total=16.7ms, model_inference=11.4ms
[TIMING] EnhancedMel.transcribe: audio_to_gpu=0.1ms, features=0.5ms, model=15.4ms, decode=5.0ms | TOTAL=20.9ms for 2400ms audio (RTF=0.01x)
[TIMING] stream_chunk[experiment-0bd7c792ab9046acbf8a5eac21fd700b](live_neural): decode=0.1ms, inference=23.0ms, second_pass=0.0ms, contention=0.0ms, TOTAL=23.2ms | audio=600ms, RTF=0.04x | model=enhanced_mel, neural_total=22.6ms, model_inference=15.4ms
[TIMING] EnhancedMel.transcribe: audio_to_gpu=0.1ms, features=0.4ms, model=12.0ms, decode=4.7ms | TOTAL=17.3ms for 3000ms audio (RTF=0.01x)
[TIMING] stream_chunk[experiment-0bd7c792ab9046acbf8a5eac21fd700b](live_neural): decode=0.2ms, inference=19.5ms, second_pass=0.0ms, contention=0.0ms, TOTAL=19.8ms | audio=600ms, RTF=0.03x | model=enhanced_mel, neural_total=19.1ms, model_inference=12.0ms
[TIMING] EnhancedMel.transcribe: audio_to_gpu=0.3ms, features=0.4ms, model=11.9ms, decode=5.2ms | TOTAL=17.8ms for 3000ms audio (RTF=0.01x)
[TIMING] stream_chunk[experiment-0bd7c792ab9046acbf8a5eac21fd700b](live_neural): decode=0.1ms, inference=20.4ms, second_pass=0.0ms, contention=0.0ms, TOTAL=20.6ms | audio=600ms, RTF=0.03x | model=enhanced_mel, neural_total=20.1ms, model_inference=11.9ms
[TIMING] EnhancedMel.transcribe: audio_to_gpu=0.2ms, features=0.9ms, model=12.9ms, decode=4.9ms | TOTAL=18.9ms for 3000ms audio (RTF=0.01x)
[TIMING] stream_chunk[experiment-0bd7c792ab9046acbf8a5eac21fd700b](live_neural): decode=0.1ms, inference=21.1ms, second_pass=0.0ms, contention=0.0ms, TOTAL=21.3ms | audio=600ms, RTF=0.04x | model=enhanced_mel, neural_total=20.7ms, model_inference=12.8ms
[TIMING] EnhancedMel.transcribe: audio_to_gpu=0.2ms, features=0.4ms, model=12.3ms, decode=5.0ms | TOTAL=17.9ms for 3000ms audio (RTF=0.01x)
[TIMING] stream_chunk[experiment-0bd7c792ab9046acbf8a5eac21fd700b](live_neural): decode=0.2ms, inference=20.1ms, second_pass=0.0ms, contention=0.0ms, TOTAL=20.3ms | audio=600ms, RTF=0.03x | model=enhanced_mel, neural_total=19.7ms, model_inference=12.3ms
[TIMING] EnhancedMel.transcribe: audio_to_gpu=0.3ms, features=0.6ms, model=15.5ms, decode=4.8ms | TOTAL=21.2ms for 3000ms audio (RTF=0.01x)
[TIMING] stream_chunk[experiment-0bd7c792ab9046acbf8a5eac21fd700b](live_neural): decode=0.1ms, inference=23.5ms, second_pass=0.0ms, contention=0.0ms, TOTAL=23.7ms | audio=600ms, RTF=0.04x | model=enhanced_mel, neural_total=23.1ms, model_inference=15.5ms
[TIMING] EnhancedMel.transcribe: audio_to_gpu=0.2ms, features=0.6ms, model=12.4ms, decode=4.9ms | TOTAL=18.1ms for 3000ms audio (RTF=0.01x)
[TIMING] stream_chunk[experiment-0bd7c792ab9046acbf8a5eac21fd700b](live_neural): decode=0.1ms, inference=20.9ms, second_pass=0.0ms, contention=0.0ms, TOTAL=21.1ms | audio=600ms, RTF=0.04x | model=enhanced_mel, neural_total=20.6ms, model_inference=12.4ms
[TIMING] EnhancedMel.transcribe: audio_to_gpu=0.2ms, features=0.5ms, model=10.0ms, decode=1.4ms | TOTAL=12.1ms for 600ms audio (RTF=0.02x)
[TIMING] stream_chunk[experiment-379231a0a9b441dc874576ee0ee5c7ac](live_neural): decode=0.1ms, inference=13.8ms, second_pass=0.0ms, contention=0.0ms, TOTAL=13.9ms | audio=600ms, RTF=0.02x | model=enhanced_mel, neural_total=13.4ms, model_inference=10.0ms
[TIMING] EnhancedMel.transcribe: audio_to_gpu=0.1ms, features=0.4ms, model=10.2ms, decode=2.7ms | TOTAL=13.6ms for 1200ms audio (RTF=0.01x)
[TIMING] stream_chunk[experiment-379231a0a9b441dc874576ee0ee5c7ac](live_neural): decode=0.1ms, inference=15.3ms, second_pass=0.0ms, contention=0.0ms, TOTAL=15.5ms | audio=600ms, RTF=0.03x | model=enhanced_mel, neural_total=14.9ms, model_inference=10.2ms
[TIMING] EnhancedMel.transcribe: audio_to_gpu=0.2ms, features=0.4ms, model=11.4ms, decode=2.9ms | TOTAL=15.0ms for 1800ms audio (RTF=0.01x)
[TIMING] stream_chunk[experiment-379231a0a9b441dc874576ee0ee5c7ac](live_neural): decode=0.2ms, inference=16.9ms, second_pass=0.0ms, contention=0.0ms, TOTAL=17.2ms | audio=600ms, RTF=0.03x | model=enhanced_mel, neural_total=16.5ms, model_inference=11.4ms
[TIMING] EnhancedMel.transcribe: audio_to_gpu=0.1ms, features=0.4ms, model=10.9ms, decode=4.7ms | TOTAL=16.1ms for 2400ms audio (RTF=0.01x)
[TIMING] stream_chunk[experiment-379231a0a9b441dc874576ee0ee5c7ac](live_neural): decode=0.1ms, inference=18.2ms, second_pass=0.0ms, contention=0.0ms, TOTAL=18.4ms | audio=600ms, RTF=0.03x | model=enhanced_mel, neural_total=17.8ms, model_inference=10.9ms
[TIMING] EnhancedMel.transcribe: audio_to_gpu=0.2ms, features=0.5ms, model=11.9ms, decode=4.9ms | TOTAL=17.4ms for 3000ms audio (RTF=0.01x)
[TIMING] stream_chunk[experiment-379231a0a9b441dc874576ee0ee5c7ac](live_neural): decode=0.1ms, inference=20.2ms, second_pass=0.0ms, contention=0.0ms, TOTAL=20.4ms | audio=600ms, RTF=0.03x | model=enhanced_mel, neural_total=19.8ms, model_inference=11.9ms
[TIMING] EnhancedMel.transcribe: audio_to_gpu=0.1ms, features=0.4ms, model=12.2ms, decode=4.9ms | TOTAL=17.6ms for 3000ms audio (RTF=0.01x)
[TIMING] stream_chunk[experiment-379231a0a9b441dc874576ee0ee5c7ac](live_neural): decode=0.2ms, inference=19.7ms, second_pass=0.0ms, contention=0.0ms, TOTAL=19.9ms | audio=600ms, RTF=0.03x | model=enhanced_mel, neural_total=19.3ms, model_inference=12.2ms
[TIMING] EnhancedMel.transcribe: audio_to_gpu=0.2ms, features=0.5ms, model=11.9ms, decode=4.9ms | TOTAL=17.4ms for 3000ms audio (RTF=0.01x)
[TIMING] stream_chunk[experiment-379231a0a9b441dc874576ee0ee5c7ac](live_neural): decode=0.1ms, inference=20.4ms, second_pass=0.0ms, contention=0.0ms, TOTAL=20.7ms | audio=600ms, RTF=0.03x | model=enhanced_mel, neural_total=20.0ms, model_inference=11.9ms
[TIMING] EnhancedMel.transcribe: audio_to_gpu=0.1ms, features=0.4ms, model=11.9ms, decode=4.9ms | TOTAL=17.3ms for 3000ms audio (RTF=0.01x)
[TIMING] stream_chunk[experiment-379231a0a9b441dc874576ee0ee5c7ac](live_neural): decode=0.1ms, inference=19.7ms, second_pass=0.0ms, contention=0.0ms, TOTAL=20.0ms | audio=600ms, RTF=0.03x | model=enhanced_mel, neural_total=19.2ms, model_inference=11.9ms
[TIMING] EnhancedMel.transcribe: audio_to_gpu=0.1ms, features=0.4ms, model=12.3ms, decode=4.9ms | TOTAL=17.7ms for 3000ms audio (RTF=0.01x)
[TIMING] stream_chunk[experiment-379231a0a9b441dc874576ee0ee5c7ac](live_neural): decode=0.2ms, inference=20.3ms, second_pass=0.0ms, contention=0.0ms, TOTAL=20.6ms | audio=600ms, RTF=0.03x | model=enhanced_mel, neural_total=19.9ms, model_inference=12.3ms
[TIMING] EnhancedMel.transcribe: audio_to_gpu=0.2ms, features=0.4ms, model=12.0ms, decode=4.9ms | TOTAL=17.5ms for 3000ms audio (RTF=0.01x)
[TIMING] stream_chunk[experiment-379231a0a9b441dc874576ee0ee5c7ac](live_neural): decode=0.1ms, inference=19.7ms, second_pass=0.0ms, contention=0.0ms, TOTAL=19.9ms | audio=600ms, RTF=0.03x | model=enhanced_mel, neural_total=19.4ms, model_inference=12.0ms

[CLIP_011] Sonata No. 9, Op. 68, "Black Mass"
  excerpt: start=9.00s end=15.00s duration=6.00s gt_notes=16 rms=0.0125 peak=0.0693 crest=5.524 rms_std=0.0040
    control:
      note metrics: precision=0.941 recall=1.000 f1=0.970 matched=16/16 pred=17
      strict onset f1: 10ms=0.727 20ms=0.909 30ms=0.970
      timing metrics: offset_f1=0.121 rhythm_precision=0.125 note_value_acc=0.000 note_value_n=16 avg_beat_error=1.992
      duplicate metrics: duplicates=0 per_100_notes=0.00
      boundary metrics: gt=3 matched=3 missed=0 miss_rate=0.000
      latency: avg_chunk_ms=20.81 p95_chunk_ms=24.66 avg_rtf=0.034
      notation metrics: first_correct_ms=145.8 visible_p50_ms=412.5 visible_p95_ms=436.8 stabilize_p50_ms=1729.1 stabilize_p95_ms=2599.4 avg_revisions=1.80 matched=5 refined=5 snapshots=14
      algorithmic latency: first_correct_ms=122.7 visible_p50_ms=395.1 visible_p95_ms=418.1 stabilize_p50_ms=1343.5 stabilize_p95_ms=2213.8
      final display note metrics: precision=0.941 recall=1.000 f1=0.970 matched=16/16 pred=17
      final display strict onset f1: 10ms=0.727 20ms=0.909 30ms=0.970
      final display timing: offset_f1=0.121 rhythm_precision=0.125 note_value_acc=0.188 note_value_n=16 avg_beat_error=1.661
      final display structure: cluster_f1=0.933 onset_align_recall=1.000 avg_jaccard=1.000 exact=7/7 pred=8 over=0 under=0 pitch_conflicts=0 missed_gt=0
      threshold profiles: hit_rate=0.000 thresholds=[0.75] profiles={'fixed_baseline': 10}
    treatment:
      note metrics: precision=0.941 recall=1.000 f1=0.970 matched=16/16 pred=17
      strict onset f1: 10ms=0.727 20ms=0.909 30ms=0.970
      timing metrics: offset_f1=0.121 rhythm_precision=0.125 note_value_acc=0.000 note_value_n=16 avg_beat_error=1.992
      duplicate metrics: duplicates=0 per_100_notes=0.00
      boundary metrics: gt=3 matched=3 missed=0 miss_rate=0.000
      latency: avg_chunk_ms=18.65 p95_chunk_ms=20.64 avg_rtf=0.031
      notation metrics: first_correct_ms=141.0 visible_p50_ms=412.2 visible_p95_ms=436.2 stabilize_p50_ms=1729.4 stabilize_p95_ms=2599.7 avg_revisions=1.80 matched=5 refined=5 snapshots=14
      algorithmic latency: first_correct_ms=122.7 visible_p50_ms=395.1 visible_p95_ms=418.1 stabilize_p50_ms=1343.5 stabilize_p95_ms=2213.8
      final display note metrics: precision=0.941 recall=1.000 f1=0.970 matched=16/16 pred=17
      final display strict onset f1: 10ms=0.727 20ms=0.909 30ms=0.970
      final display timing: offset_f1=0.121 rhythm_precision=0.125 note_value_acc=0.188 note_value_n=16 avg_beat_error=1.661
      final display structure: cluster_f1=0.933 onset_align_recall=1.000 avg_jaccard=1.000 exact=7/7 pred=8 over=0 under=0 pitch_conflicts=0 missed_gt=0
      threshold profiles: hit_rate=1.000 thresholds=[0.71] profiles={'soft_sparse_recall': 10}
    delta treatment-control: precision=+0.000 recall=+0.000 f1=+0.000 offset_f1=+0.000 note_value_acc=+0.000 dup_per_100=+0.00 boundary_miss_rate=+0.000 p95_chunk_ms=-4.02 f1_10ms=+0.000 f1_20ms=+0.000 f1_30ms=+0.000 visible_p50_ms=-0.3 stabilize_p50_ms=+0.3 algo_visible_p50_ms=+0.0 algo_stabilize_p50_ms=+0.0 avg_revisions=+0.00 display_note_f1=+0.000 display_offset_f1=+0.000 display_cluster_f1=+0.000 display_cluster_jaccard=+0.000
    failure buckets: ['runtime_only_win', 'high_revision_slow_stabilization', 'note_value_offset_failure']
[TIMING] EnhancedMel.transcribe: audio_to_gpu=0.3ms, features=0.8ms, model=10.2ms, decode=1.2ms | TOTAL=12.6ms for 600ms audio (RTF=0.02x)
[TIMING] stream_chunk[experiment-36a101804a184457842cfb805a27983d](live_neural): decode=0.2ms, inference=14.9ms, second_pass=0.0ms, contention=0.0ms, TOTAL=15.1ms | audio=600ms, RTF=0.03x | model=enhanced_mel, neural_total=14.4ms, model_inference=10.2ms
[TIMING] EnhancedMel.transcribe: audio_to_gpu=0.2ms, features=0.4ms, model=20.5ms, decode=2.3ms | TOTAL=23.4ms for 1200ms audio (RTF=0.02x)
[TIMING] stream_chunk[experiment-36a101804a184457842cfb805a27983d](live_neural): decode=0.1ms, inference=25.1ms, second_pass=0.0ms, contention=0.0ms, TOTAL=25.4ms | audio=600ms, RTF=0.04x | model=enhanced_mel, neural_total=24.8ms, model_inference=20.5ms
[TIMING] EnhancedMel.transcribe: audio_to_gpu=0.2ms, features=0.6ms, model=11.9ms, decode=3.3ms | TOTAL=15.9ms for 1800ms audio (RTF=0.01x)
[TIMING] stream_chunk[experiment-36a101804a184457842cfb805a27983d](live_neural): decode=0.2ms, inference=18.7ms, second_pass=0.0ms, contention=0.0ms, TOTAL=19.0ms | audio=600ms, RTF=0.03x | model=enhanced_mel, neural_total=18.4ms, model_inference=11.9ms
[TIMING] EnhancedMel.transcribe: audio_to_gpu=0.2ms, features=0.4ms, model=12.5ms, decode=4.2ms | TOTAL=17.3ms for 2400ms audio (RTF=0.01x)
[TIMING] stream_chunk[experiment-36a101804a184457842cfb805a27983d](live_neural): decode=0.1ms, inference=19.6ms, second_pass=0.0ms, contention=0.0ms, TOTAL=19.9ms | audio=600ms, RTF=0.03x | model=enhanced_mel, neural_total=19.1ms, model_inference=12.5ms
[TIMING] EnhancedMel.transcribe: audio_to_gpu=0.2ms, features=0.5ms, model=12.0ms, decode=5.0ms | TOTAL=17.6ms for 3000ms audio (RTF=0.01x)
[TIMING] stream_chunk[experiment-36a101804a184457842cfb805a27983d](live_neural): decode=0.1ms, inference=19.9ms, second_pass=0.0ms, contention=0.0ms, TOTAL=20.2ms | audio=600ms, RTF=0.03x | model=enhanced_mel, neural_total=19.5ms, model_inference=12.0ms
[TIMING] EnhancedMel.transcribe: audio_to_gpu=0.1ms, features=0.4ms, model=12.0ms, decode=4.9ms | TOTAL=17.5ms for 3000ms audio (RTF=0.01x)
[TIMING] stream_chunk[experiment-36a101804a184457842cfb805a27983d](live_neural): decode=0.1ms, inference=19.8ms, second_pass=0.0ms, contention=0.0ms, TOTAL=20.1ms | audio=600ms, RTF=0.03x | model=enhanced_mel, neural_total=19.4ms, model_inference=12.0ms
[TIMING] EnhancedMel.transcribe: audio_to_gpu=0.1ms, features=0.4ms, model=12.4ms, decode=4.8ms | TOTAL=17.8ms for 3000ms audio (RTF=0.01x)
[TIMING] stream_chunk[experiment-36a101804a184457842cfb805a27983d](live_neural): decode=0.2ms, inference=19.9ms, second_pass=0.0ms, contention=0.0ms, TOTAL=20.2ms | audio=600ms, RTF=0.03x | model=enhanced_mel, neural_total=19.6ms, model_inference=12.4ms
[TIMING] EnhancedMel.transcribe: audio_to_gpu=0.4ms, features=0.5ms, model=13.2ms, decode=4.6ms | TOTAL=18.7ms for 3000ms audio (RTF=0.01x)
[TIMING] stream_chunk[experiment-36a101804a184457842cfb805a27983d](live_neural): decode=0.1ms, inference=21.7ms, second_pass=0.0ms, contention=0.0ms, TOTAL=22.0ms | audio=600ms, RTF=0.04x | model=enhanced_mel, neural_total=21.4ms, model_inference=13.2ms
[TIMING] EnhancedMel.transcribe: audio_to_gpu=0.2ms, features=0.6ms, model=12.6ms, decode=4.8ms | TOTAL=18.2ms for 3000ms audio (RTF=0.01x)
[TIMING] stream_chunk[experiment-36a101804a184457842cfb805a27983d](live_neural): decode=0.2ms, inference=20.4ms, second_pass=0.0ms, contention=0.0ms, TOTAL=20.7ms | audio=600ms, RTF=0.03x | model=enhanced_mel, neural_total=20.0ms, model_inference=12.6ms
[TIMING] EnhancedMel.transcribe: audio_to_gpu=0.2ms, features=0.5ms, model=12.0ms, decode=5.0ms | TOTAL=17.7ms for 3000ms audio (RTF=0.01x)
[TIMING] stream_chunk[experiment-36a101804a184457842cfb805a27983d](live_neural): decode=0.1ms, inference=20.1ms, second_pass=0.0ms, contention=0.0ms, TOTAL=20.3ms | audio=600ms, RTF=0.03x | model=enhanced_mel, neural_total=19.7ms, model_inference=12.0ms
[TIMING] EnhancedMel.transcribe: audio_to_gpu=0.1ms, features=0.5ms, model=10.1ms, decode=1.2ms | TOTAL=11.8ms for 600ms audio (RTF=0.02x)
[TIMING] stream_chunk[experiment-64215a72b9cc43ea8d1edb3c0a1cfbcd](live_neural): decode=0.1ms, inference=13.3ms, second_pass=0.0ms, contention=0.0ms, TOTAL=13.5ms | audio=600ms, RTF=0.02x | model=enhanced_mel, neural_total=12.9ms, model_inference=10.1ms
[TIMING] EnhancedMel.transcribe: audio_to_gpu=0.1ms, features=0.3ms, model=10.3ms, decode=2.2ms | TOTAL=13.0ms for 1200ms audio (RTF=0.01x)
[TIMING] stream_chunk[experiment-64215a72b9cc43ea8d1edb3c0a1cfbcd](live_neural): decode=0.1ms, inference=14.7ms, second_pass=0.0ms, contention=0.0ms, TOTAL=15.0ms | audio=600ms, RTF=0.02x | model=enhanced_mel, neural_total=14.4ms, model_inference=10.3ms
[TIMING] EnhancedMel.transcribe: audio_to_gpu=0.1ms, features=0.3ms, model=12.6ms, decode=3.5ms | TOTAL=16.5ms for 1800ms audio (RTF=0.01x)
[TIMING] stream_chunk[experiment-64215a72b9cc43ea8d1edb3c0a1cfbcd](live_neural): decode=0.1ms, inference=18.3ms, second_pass=0.0ms, contention=0.0ms, TOTAL=18.5ms | audio=600ms, RTF=0.03x | model=enhanced_mel, neural_total=18.0ms, model_inference=12.6ms
[TIMING] EnhancedMel.transcribe: audio_to_gpu=0.3ms, features=0.7ms, model=13.4ms, decode=4.3ms | TOTAL=18.6ms for 2400ms audio (RTF=0.01x)
[TIMING] stream_chunk[experiment-64215a72b9cc43ea8d1edb3c0a1cfbcd](live_neural): decode=0.1ms, inference=20.7ms, second_pass=0.0ms, contention=0.0ms, TOTAL=21.0ms | audio=600ms, RTF=0.03x | model=enhanced_mel, neural_total=20.2ms, model_inference=13.4ms
[TIMING] EnhancedMel.transcribe: audio_to_gpu=0.3ms, features=0.5ms, model=11.8ms, decode=5.3ms | TOTAL=17.9ms for 3000ms audio (RTF=0.01x)
[TIMING] stream_chunk[experiment-64215a72b9cc43ea8d1edb3c0a1cfbcd](live_neural): decode=0.1ms, inference=20.1ms, second_pass=0.0ms, contention=0.0ms, TOTAL=20.4ms | audio=600ms, RTF=0.03x | model=enhanced_mel, neural_total=19.7ms, model_inference=11.8ms
[TIMING] EnhancedMel.transcribe: audio_to_gpu=0.2ms, features=0.5ms, model=12.1ms, decode=5.0ms | TOTAL=17.8ms for 3000ms audio (RTF=0.01x)
[TIMING] stream_chunk[experiment-64215a72b9cc43ea8d1edb3c0a1cfbcd](live_neural): decode=0.1ms, inference=20.1ms, second_pass=0.0ms, contention=0.0ms, TOTAL=20.4ms | audio=600ms, RTF=0.03x | model=enhanced_mel, neural_total=19.7ms, model_inference=12.1ms
[TIMING] EnhancedMel.transcribe: audio_to_gpu=0.1ms, features=0.4ms, model=13.1ms, decode=4.9ms | TOTAL=18.5ms for 3000ms audio (RTF=0.01x)
[TIMING] stream_chunk[experiment-64215a72b9cc43ea8d1edb3c0a1cfbcd](live_neural): decode=0.1ms, inference=20.7ms, second_pass=0.0ms, contention=0.0ms, TOTAL=21.0ms | audio=600ms, RTF=0.03x | model=enhanced_mel, neural_total=20.3ms, model_inference=13.1ms
[TIMING] EnhancedMel.transcribe: audio_to_gpu=0.2ms, features=0.6ms, model=12.2ms, decode=4.7ms | TOTAL=17.7ms for 3000ms audio (RTF=0.01x)
[TIMING] stream_chunk[experiment-64215a72b9cc43ea8d1edb3c0a1cfbcd](live_neural): decode=0.1ms, inference=19.9ms, second_pass=0.0ms, contention=0.0ms, TOTAL=20.1ms | audio=600ms, RTF=0.03x | model=enhanced_mel, neural_total=19.5ms, model_inference=12.2ms
[TIMING] EnhancedMel.transcribe: audio_to_gpu=0.2ms, features=0.5ms, model=13.5ms, decode=4.9ms | TOTAL=19.1ms for 3000ms audio (RTF=0.01x)
[TIMING] stream_chunk[experiment-64215a72b9cc43ea8d1edb3c0a1cfbcd](live_neural): decode=0.2ms, inference=21.2ms, second_pass=0.0ms, contention=0.0ms, TOTAL=21.5ms | audio=600ms, RTF=0.04x | model=enhanced_mel, neural_total=20.8ms, model_inference=13.5ms
[TIMING] EnhancedMel.transcribe: audio_to_gpu=0.3ms, features=0.7ms, model=18.2ms, decode=5.1ms | TOTAL=24.3ms for 3000ms audio (RTF=0.01x)
[TIMING] stream_chunk[experiment-64215a72b9cc43ea8d1edb3c0a1cfbcd](live_neural): decode=0.1ms, inference=26.8ms, second_pass=0.0ms, contention=0.0ms, TOTAL=27.0ms | audio=600ms, RTF=0.05x | model=enhanced_mel, neural_total=26.4ms, model_inference=18.2ms

[CLIP_012] Entragete, Op.63
  excerpt: start=75.00s end=81.00s duration=6.00s gt_notes=50 rms=0.0549 peak=0.8432 crest=15.372 rms_std=0.0369
    control:
      note metrics: precision=0.923 recall=0.720 f1=0.809 matched=36/50 pred=39
      strict onset f1: 10ms=0.539 20ms=0.809 30ms=0.809
      timing metrics: offset_f1=0.742 rhythm_precision=0.917 note_value_acc=0.667 note_value_n=36 avg_beat_error=0.151
      duplicate metrics: duplicates=1 per_100_notes=2.56
      boundary metrics: gt=11 matched=9 missed=2 miss_rate=0.182
      latency: avg_chunk_ms=20.28 p95_chunk_ms=23.87 avg_rtf=0.034
      notation metrics: first_correct_ms=44.4 visible_p50_ms=250.0 visible_p95_ms=559.2 stabilize_p50_ms=1565.6 stabilize_p95_ms=4341.3 avg_revisions=0.71 matched=21 refined=21 snapshots=13
      algorithmic latency: first_correct_ms=19.0 visible_p50_ms=231.0 visible_p95_ms=539.3 stabilize_p50_ms=556.5 stabilize_p95_ms=4320.6
      final display note metrics: precision=0.947 recall=0.720 f1=0.818 matched=36/50 pred=38
      final display strict onset f1: 10ms=0.545 20ms=0.818 30ms=0.818
      final display timing: offset_f1=0.750 rhythm_precision=0.917 note_value_acc=0.417 note_value_n=36 avg_beat_error=0.138
      final display structure: cluster_f1=0.553 onset_align_recall=0.917 avg_jaccard=0.797 exact=13/24 pred=23 over=3 under=6 pitch_conflicts=0 missed_gt=2
      threshold profiles: hit_rate=0.000 thresholds=[0.75] profiles={'fixed_baseline': 10}
    treatment:
      note metrics: precision=0.947 recall=0.720 f1=0.818 matched=36/50 pred=38
      strict onset f1: 10ms=0.545 20ms=0.795 30ms=0.818
      timing metrics: offset_f1=0.727 rhythm_precision=0.889 note_value_acc=0.667 note_value_n=36 avg_beat_error=0.151
      duplicate metrics: duplicates=0 per_100_notes=0.00
      boundary metrics: gt=11 matched=9 missed=2 miss_rate=0.182
      latency: avg_chunk_ms=19.84 p95_chunk_ms=24.56 avg_rtf=0.033
      notation metrics: first_correct_ms=34.0 visible_p50_ms=263.9 visible_p95_ms=561.0 stabilize_p50_ms=1662.9 stabilize_p95_ms=4346.1 avg_revisions=0.80 matched=20 refined=20 snapshots=13
      algorithmic latency: first_correct_ms=19.0 visible_p50_ms=243.9 visible_p95_ms=540.2 stabilize_p50_ms=632.4 stabilize_p95_ms=4324.5
      final display note metrics: precision=0.947 recall=0.720 f1=0.818 matched=36/50 pred=38
      final display strict onset f1: 10ms=0.545 20ms=0.795 30ms=0.818
      final display timing: offset_f1=0.727 rhythm_precision=0.889 note_value_acc=0.361 note_value_n=36 avg_beat_error=0.159
      final display structure: cluster_f1=0.553 onset_align_recall=0.917 avg_jaccard=0.797 exact=13/24 pred=23 over=3 under=6 pitch_conflicts=0 missed_gt=2
      threshold profiles: hit_rate=0.200 thresholds=[0.71, 0.75, 0.77] profiles={'baseline_nominal': 8, 'loud_dense_precision': 1, 'soft_sparse_recall': 1}
    delta treatment-control: precision=+0.024 recall=+0.000 f1=+0.009 offset_f1=-0.014 note_value_acc=+0.000 dup_per_100=-2.56 boundary_miss_rate=+0.000 p95_chunk_ms=+0.69 f1_10ms=+0.006 f1_20ms=-0.014 f1_30ms=+0.009 visible_p50_ms=+13.9 stabilize_p50_ms=+97.2 algo_visible_p50_ms=+12.9 algo_stabilize_p50_ms=+75.9 avg_revisions=+0.09 display_note_f1=+0.000 display_offset_f1=-0.023 display_cluster_f1=+0.000 display_cluster_jaccard=+0.000
    failure buckets: ['boundary_miss_failure', 'high_revision_slow_stabilization']
      boundary diagnostics: missed=2 by_arm={'control': 2, 'treatment': 2} tags={'control_boundary_miss': 2, 'no_control_coarse_candidate': 2}
        miss: pitch=81 onset=1.704s boundary_delta_ms=-95.6 control_coarse=False treatment_coarse=False retro=n/a
        miss: pitch=98 onset=5.426s boundary_delta_ms=+25.8 control_coarse=False treatment_coarse=False retro=n/a
[TIMING] EnhancedMel.transcribe: audio_to_gpu=0.4ms, features=0.9ms, model=17.7ms, decode=1.0ms | TOTAL=20.1ms for 600ms audio (RTF=0.03x)
[TIMING] stream_chunk[experiment-276efcab8ab645debe30043198d2deb3](live_neural): decode=0.3ms, inference=22.2ms, second_pass=0.0ms, contention=0.0ms, TOTAL=22.5ms | audio=600ms, RTF=0.04x | model=enhanced_mel, neural_total=21.7ms, model_inference=17.7ms
[TIMING] EnhancedMel.transcribe: audio_to_gpu=0.1ms, features=0.3ms, model=10.0ms, decode=2.1ms | TOTAL=12.6ms for 1200ms audio (RTF=0.01x)
[TIMING] stream_chunk[experiment-276efcab8ab645debe30043198d2deb3](live_neural): decode=0.2ms, inference=14.4ms, second_pass=0.0ms, contention=0.0ms, TOTAL=14.6ms | audio=600ms, RTF=0.02x | model=enhanced_mel, neural_total=13.9ms, model_inference=10.0ms
[TIMING] EnhancedMel.transcribe: audio_to_gpu=0.1ms, features=0.4ms, model=11.2ms, decode=3.0ms | TOTAL=14.6ms for 1800ms audio (RTF=0.01x)
[TIMING] stream_chunk[experiment-276efcab8ab645debe30043198d2deb3](live_neural): decode=0.2ms, inference=16.4ms, second_pass=0.0ms, contention=0.0ms, TOTAL=16.7ms | audio=600ms, RTF=0.03x | model=enhanced_mel, neural_total=16.1ms, model_inference=11.2ms
[TIMING] EnhancedMel.transcribe: audio_to_gpu=0.1ms, features=0.3ms, model=11.8ms, decode=3.8ms | TOTAL=16.1ms for 2400ms audio (RTF=0.01x)
[TIMING] stream_chunk[experiment-276efcab8ab645debe30043198d2deb3](live_neural): decode=0.1ms, inference=18.9ms, second_pass=0.0ms, contention=0.0ms, TOTAL=19.1ms | audio=600ms, RTF=0.03x | model=enhanced_mel, neural_total=18.6ms, model_inference=11.8ms
[TIMING] EnhancedMel.transcribe: audio_to_gpu=0.1ms, features=0.4ms, model=12.1ms, decode=4.8ms | TOTAL=17.4ms for 3000ms audio (RTF=0.01x)
[TIMING] stream_chunk[experiment-276efcab8ab645debe30043198d2deb3](live_neural): decode=0.1ms, inference=19.6ms, second_pass=0.0ms, contention=0.0ms, TOTAL=19.8ms | audio=600ms, RTF=0.03x | model=enhanced_mel, neural_total=19.2ms, model_inference=12.1ms
[TIMING] EnhancedMel.transcribe: audio_to_gpu=0.3ms, features=0.4ms, model=18.7ms, decode=4.9ms | TOTAL=24.4ms for 3000ms audio (RTF=0.01x)
[TIMING] stream_chunk[experiment-276efcab8ab645debe30043198d2deb3](live_neural): decode=0.1ms, inference=26.5ms, second_pass=0.0ms, contention=0.0ms, TOTAL=26.8ms | audio=600ms, RTF=0.04x | model=enhanced_mel, neural_total=26.2ms, model_inference=18.7ms
[TIMING] EnhancedMel.transcribe: audio_to_gpu=0.1ms, features=0.4ms, model=14.6ms, decode=6.1ms | TOTAL=21.2ms for 3000ms audio (RTF=0.01x)
[TIMING] stream_chunk[experiment-276efcab8ab645debe30043198d2deb3](live_neural): decode=0.1ms, inference=23.4ms, second_pass=0.0ms, contention=0.0ms, TOTAL=23.7ms | audio=600ms, RTF=0.04x | model=enhanced_mel, neural_total=23.0ms, model_inference=14.6ms
[TIMING] EnhancedMel.transcribe: audio_to_gpu=0.2ms, features=0.8ms, model=15.7ms, decode=4.9ms | TOTAL=21.7ms for 3000ms audio (RTF=0.01x)
[TIMING] stream_chunk[experiment-276efcab8ab645debe30043198d2deb3](live_neural): decode=0.1ms, inference=24.0ms, second_pass=0.0ms, contention=0.0ms, TOTAL=24.3ms | audio=600ms, RTF=0.04x | model=enhanced_mel, neural_total=23.7ms, model_inference=15.7ms
[TIMING] EnhancedMel.transcribe: audio_to_gpu=0.2ms, features=0.5ms, model=11.8ms, decode=5.0ms | TOTAL=17.5ms for 3000ms audio (RTF=0.01x)
[TIMING] stream_chunk[experiment-276efcab8ab645debe30043198d2deb3](live_neural): decode=0.1ms, inference=20.8ms, second_pass=0.0ms, contention=0.0ms, TOTAL=21.1ms | audio=600ms, RTF=0.04x | model=enhanced_mel, neural_total=20.3ms, model_inference=11.8ms
[TIMING] EnhancedMel.transcribe: audio_to_gpu=0.1ms, features=0.4ms, model=13.3ms, decode=5.0ms | TOTAL=18.8ms for 3000ms audio (RTF=0.01x)
[TIMING] stream_chunk[experiment-276efcab8ab645debe30043198d2deb3](live_neural): decode=0.2ms, inference=21.1ms, second_pass=0.0ms, contention=0.0ms, TOTAL=21.4ms | audio=600ms, RTF=0.04x | model=enhanced_mel, neural_total=20.7ms, model_inference=13.3ms
[TIMING] EnhancedMel.transcribe: audio_to_gpu=0.3ms, features=0.6ms, model=11.5ms, decode=1.0ms | TOTAL=13.5ms for 600ms audio (RTF=0.02x)
[TIMING] stream_chunk[experiment-1a8ae671347a42c7903d5abe498e0814](live_neural): decode=0.1ms, inference=15.7ms, second_pass=0.0ms, contention=0.0ms, TOTAL=15.9ms | audio=600ms, RTF=0.03x | model=enhanced_mel, neural_total=15.4ms, model_inference=11.5ms
[TIMING] EnhancedMel.transcribe: audio_to_gpu=0.2ms, features=0.4ms, model=9.5ms, decode=2.0ms | TOTAL=12.2ms for 1200ms audio (RTF=0.01x)
[TIMING] stream_chunk[experiment-1a8ae671347a42c7903d5abe498e0814](live_neural): decode=0.1ms, inference=14.3ms, second_pass=0.0ms, contention=0.0ms, TOTAL=14.5ms | audio=600ms, RTF=0.02x | model=enhanced_mel, neural_total=14.0ms, model_inference=9.5ms
[TIMING] EnhancedMel.transcribe: audio_to_gpu=0.1ms, features=0.4ms, model=11.6ms, decode=2.9ms | TOTAL=15.0ms for 1800ms audio (RTF=0.01x)
[TIMING] stream_chunk[experiment-1a8ae671347a42c7903d5abe498e0814](live_neural): decode=0.1ms, inference=16.9ms, second_pass=0.0ms, contention=0.0ms, TOTAL=17.1ms | audio=600ms, RTF=0.03x | model=enhanced_mel, neural_total=16.5ms, model_inference=11.6ms
[TIMING] EnhancedMel.transcribe: audio_to_gpu=0.2ms, features=0.5ms, model=11.3ms, decode=4.7ms | TOTAL=16.7ms for 2400ms audio (RTF=0.01x)
[TIMING] stream_chunk[experiment-1a8ae671347a42c7903d5abe498e0814](live_neural): decode=0.1ms, inference=19.0ms, second_pass=0.0ms, contention=0.0ms, TOTAL=19.2ms | audio=600ms, RTF=0.03x | model=enhanced_mel, neural_total=18.6ms, model_inference=11.3ms
[TIMING] EnhancedMel.transcribe: audio_to_gpu=0.2ms, features=0.5ms, model=13.5ms, decode=4.8ms | TOTAL=18.9ms for 3000ms audio (RTF=0.01x)
[TIMING] stream_chunk[experiment-1a8ae671347a42c7903d5abe498e0814](live_neural): decode=0.1ms, inference=21.4ms, second_pass=0.0ms, contention=0.0ms, TOTAL=21.6ms | audio=600ms, RTF=0.04x | model=enhanced_mel, neural_total=20.7ms, model_inference=13.5ms
[TIMING] EnhancedMel.transcribe: audio_to_gpu=0.1ms, features=0.4ms, model=14.4ms, decode=5.4ms | TOTAL=20.3ms for 3000ms audio (RTF=0.01x)
[TIMING] stream_chunk[experiment-1a8ae671347a42c7903d5abe498e0814](live_neural): decode=0.1ms, inference=23.2ms, second_pass=0.0ms, contention=0.0ms, TOTAL=23.5ms | audio=600ms, RTF=0.04x | model=enhanced_mel, neural_total=22.9ms, model_inference=14.4ms
[TIMING] EnhancedMel.transcribe: audio_to_gpu=0.2ms, features=0.5ms, model=12.3ms, decode=5.0ms | TOTAL=18.0ms for 3000ms audio (RTF=0.01x)
[TIMING] stream_chunk[experiment-1a8ae671347a42c7903d5abe498e0814](live_neural): decode=0.1ms, inference=21.2ms, second_pass=0.0ms, contention=0.0ms, TOTAL=21.4ms | audio=600ms, RTF=0.04x | model=enhanced_mel, neural_total=20.8ms, model_inference=12.3ms
[TIMING] EnhancedMel.transcribe: audio_to_gpu=0.1ms, features=0.4ms, model=12.1ms, decode=4.9ms | TOTAL=17.5ms for 3000ms audio (RTF=0.01x)
[TIMING] stream_chunk[experiment-1a8ae671347a42c7903d5abe498e0814](live_neural): decode=0.1ms, inference=20.8ms, second_pass=0.0ms, contention=0.0ms, TOTAL=21.0ms | audio=600ms, RTF=0.04x | model=enhanced_mel, neural_total=20.5ms, model_inference=12.1ms
[TIMING] EnhancedMel.transcribe: audio_to_gpu=0.3ms, features=0.6ms, model=11.8ms, decode=4.9ms | TOTAL=17.6ms for 3000ms audio (RTF=0.01x)
[TIMING] stream_chunk[experiment-1a8ae671347a42c7903d5abe498e0814](live_neural): decode=0.1ms, inference=20.6ms, second_pass=0.0ms, contention=0.0ms, TOTAL=20.8ms | audio=600ms, RTF=0.03x | model=enhanced_mel, neural_total=19.8ms, model_inference=11.8ms
[TIMING] EnhancedMel.transcribe: audio_to_gpu=0.1ms, features=0.4ms, model=12.4ms, decode=5.0ms | TOTAL=17.9ms for 3000ms audio (RTF=0.01x)
[TIMING] stream_chunk[experiment-1a8ae671347a42c7903d5abe498e0814](live_neural): decode=0.1ms, inference=20.0ms, second_pass=0.0ms, contention=0.0ms, TOTAL=20.3ms | audio=600ms, RTF=0.03x | model=enhanced_mel, neural_total=19.7ms, model_inference=12.4ms

[CLIP_013] Sonata No. 9
  excerpt: start=0.00s end=6.00s duration=6.00s gt_notes=18 rms=0.0169 peak=0.0999 crest=5.898 rms_std=0.0093
    control:
      note metrics: precision=0.857 recall=1.000 f1=0.923 matched=18/18 pred=21
      strict onset f1: 10ms=0.821 20ms=0.923 30ms=0.923
      timing metrics: offset_f1=0.103 rhythm_precision=0.111 note_value_acc=0.056 note_value_n=18 avg_beat_error=1.580
      duplicate metrics: duplicates=0 per_100_notes=0.00
      boundary metrics: gt=1 matched=1 missed=0 miss_rate=0.000
      latency: avg_chunk_ms=21.00 p95_chunk_ms=25.63 avg_rtf=0.035
      notation metrics: first_correct_ms=145.6 visible_p50_ms=269.3 visible_p95_ms=398.8 stabilize_p50_ms=1372.2 stabilize_p95_ms=3204.0 avg_revisions=1.60 matched=5 refined=5 snapshots=15
      algorithmic latency: first_correct_ms=131.0 visible_p50_ms=245.6 visible_p95_ms=379.7 stabilize_p50_ms=1353.1 stabilize_p95_ms=2779.7
      final display note metrics: precision=0.857 recall=1.000 f1=0.923 matched=18/18 pred=21
      final display strict onset f1: 10ms=0.821 20ms=0.923 30ms=0.923
      final display timing: offset_f1=0.103 rhythm_precision=0.111 note_value_acc=0.000 note_value_n=18 avg_beat_error=1.414
      final display structure: cluster_f1=0.667 onset_align_recall=1.000 avg_jaccard=0.852 exact=7/9 pred=12 over=1 under=1 pitch_conflicts=0 missed_gt=0
      threshold profiles: hit_rate=0.000 thresholds=[0.75] profiles={'fixed_baseline': 10}
    treatment:
      note metrics: precision=0.857 recall=1.000 f1=0.923 matched=18/18 pred=21
      strict onset f1: 10ms=0.821 20ms=0.923 30ms=0.923
      timing metrics: offset_f1=0.103 rhythm_precision=0.111 note_value_acc=0.056 note_value_n=18 avg_beat_error=1.580
      duplicate metrics: duplicates=0 per_100_notes=0.00
      boundary metrics: gt=1 matched=1 missed=0 miss_rate=0.000
      latency: avg_chunk_ms=19.53 p95_chunk_ms=22.68 avg_rtf=0.033
      notation metrics: first_correct_ms=145.5 visible_p50_ms=267.0 visible_p95_ms=398.9 stabilize_p50_ms=1372.3 stabilize_p95_ms=3201.7 avg_revisions=1.60 matched=5 refined=5 snapshots=15
      algorithmic latency: first_correct_ms=131.0 visible_p50_ms=245.6 visible_p95_ms=379.7 stabilize_p50_ms=1353.1 stabilize_p95_ms=2779.7
      final display note metrics: precision=0.857 recall=1.000 f1=0.923 matched=18/18 pred=21
      final display strict onset f1: 10ms=0.821 20ms=0.923 30ms=0.923
      final display timing: offset_f1=0.103 rhythm_precision=0.111 note_value_acc=0.000 note_value_n=18 avg_beat_error=1.414
      final display structure: cluster_f1=0.667 onset_align_recall=1.000 avg_jaccard=0.852 exact=7/9 pred=12 over=1 under=1 pitch_conflicts=0 missed_gt=0
      threshold profiles: hit_rate=1.000 thresholds=[0.71] profiles={'soft_sparse_recall': 10}
    delta treatment-control: precision=+0.000 recall=+0.000 f1=+0.000 offset_f1=+0.000 note_value_acc=+0.000 dup_per_100=+0.00 boundary_miss_rate=+0.000 p95_chunk_ms=-2.95 f1_10ms=+0.000 f1_20ms=+0.000 f1_30ms=+0.000 visible_p50_ms=-2.3 stabilize_p50_ms=+0.1 algo_visible_p50_ms=+0.0 algo_stabilize_p50_ms=+0.0 avg_revisions=+0.00 display_note_f1=+0.000 display_offset_f1=+0.000 display_cluster_f1=+0.000 display_cluster_jaccard=+0.000
    failure buckets: ['runtime_only_win', 'high_revision_slow_stabilization', 'note_value_offset_failure']
[TIMING] EnhancedMel.transcribe: audio_to_gpu=0.2ms, features=0.7ms, model=10.0ms, decode=1.1ms | TOTAL=12.1ms for 600ms audio (RTF=0.02x)
[TIMING] stream_chunk[experiment-2c7a3be8c1cf41989891e2a54b1b4402](live_neural): decode=0.2ms, inference=13.6ms, second_pass=0.0ms, contention=0.0ms, TOTAL=13.8ms | audio=600ms, RTF=0.02x | model=enhanced_mel, neural_total=13.2ms, model_inference=10.0ms
[TIMING] EnhancedMel.transcribe: audio_to_gpu=0.2ms, features=0.6ms, model=21.7ms, decode=2.1ms | TOTAL=24.5ms for 1200ms audio (RTF=0.02x)
[TIMING] stream_chunk[experiment-2c7a3be8c1cf41989891e2a54b1b4402](live_neural): decode=0.1ms, inference=26.1ms, second_pass=0.0ms, contention=0.0ms, TOTAL=26.3ms | audio=600ms, RTF=0.04x | model=enhanced_mel, neural_total=25.8ms, model_inference=21.7ms
[TIMING] EnhancedMel.transcribe: audio_to_gpu=0.1ms, features=0.4ms, model=11.0ms, decode=2.9ms | TOTAL=14.5ms for 1800ms audio (RTF=0.01x)
[TIMING] stream_chunk[experiment-2c7a3be8c1cf41989891e2a54b1b4402](live_neural): decode=0.1ms, inference=16.3ms, second_pass=0.0ms, contention=0.0ms, TOTAL=16.5ms | audio=600ms, RTF=0.03x | model=enhanced_mel, neural_total=15.9ms, model_inference=11.0ms
[TIMING] EnhancedMel.transcribe: audio_to_gpu=0.3ms, features=0.8ms, model=19.7ms, decode=4.0ms | TOTAL=24.7ms for 2400ms audio (RTF=0.01x)
[TIMING] stream_chunk[experiment-2c7a3be8c1cf41989891e2a54b1b4402](live_neural): decode=0.1ms, inference=27.3ms, second_pass=0.0ms, contention=0.0ms, TOTAL=27.5ms | audio=600ms, RTF=0.05x | model=enhanced_mel, neural_total=26.9ms, model_inference=19.7ms
[TIMING] EnhancedMel.transcribe: audio_to_gpu=0.2ms, features=0.8ms, model=21.0ms, decode=5.0ms | TOTAL=27.0ms for 3000ms audio (RTF=0.01x)
[TIMING] stream_chunk[experiment-2c7a3be8c1cf41989891e2a54b1b4402](live_neural): decode=0.1ms, inference=29.2ms, second_pass=0.0ms, contention=0.0ms, TOTAL=29.5ms | audio=600ms, RTF=0.05x | model=enhanced_mel, neural_total=28.9ms, model_inference=21.0ms
[TIMING] EnhancedMel.transcribe: audio_to_gpu=0.1ms, features=0.4ms, model=12.2ms, decode=4.9ms | TOTAL=17.7ms for 3000ms audio (RTF=0.01x)
[TIMING] stream_chunk[experiment-2c7a3be8c1cf41989891e2a54b1b4402](live_neural): decode=0.1ms, inference=19.8ms, second_pass=0.0ms, contention=0.0ms, TOTAL=20.0ms | audio=600ms, RTF=0.03x | model=enhanced_mel, neural_total=19.4ms, model_inference=12.2ms
[TIMING] EnhancedMel.transcribe: audio_to_gpu=0.2ms, features=0.6ms, model=20.6ms, decode=5.2ms | TOTAL=26.6ms for 3000ms audio (RTF=0.01x)
[TIMING] stream_chunk[experiment-2c7a3be8c1cf41989891e2a54b1b4402](live_neural): decode=0.1ms, inference=28.7ms, second_pass=0.0ms, contention=0.0ms, TOTAL=28.9ms | audio=600ms, RTF=0.05x | model=enhanced_mel, neural_total=28.3ms, model_inference=20.6ms
[TIMING] EnhancedMel.transcribe: audio_to_gpu=0.1ms, features=0.4ms, model=12.6ms, decode=4.9ms | TOTAL=18.0ms for 3000ms audio (RTF=0.01x)
[TIMING] stream_chunk[experiment-2c7a3be8c1cf41989891e2a54b1b4402](live_neural): decode=0.1ms, inference=20.6ms, second_pass=0.0ms, contention=0.0ms, TOTAL=20.8ms | audio=600ms, RTF=0.03x | model=enhanced_mel, neural_total=20.2ms, model_inference=12.6ms
[TIMING] EnhancedMel.transcribe: audio_to_gpu=0.2ms, features=0.5ms, model=11.8ms, decode=5.1ms | TOTAL=17.5ms for 3000ms audio (RTF=0.01x)
[TIMING] stream_chunk[experiment-2c7a3be8c1cf41989891e2a54b1b4402](live_neural): decode=0.1ms, inference=19.6ms, second_pass=0.0ms, contention=0.0ms, TOTAL=20.0ms | audio=600ms, RTF=0.03x | model=enhanced_mel, neural_total=19.3ms, model_inference=11.8ms
[TIMING] EnhancedMel.transcribe: audio_to_gpu=0.2ms, features=0.6ms, model=12.0ms, decode=5.1ms | TOTAL=17.8ms for 3000ms audio (RTF=0.01x)
[TIMING] stream_chunk[experiment-2c7a3be8c1cf41989891e2a54b1b4402](live_neural): decode=0.2ms, inference=20.3ms, second_pass=0.0ms, contention=0.0ms, TOTAL=20.6ms | audio=600ms, RTF=0.03x | model=enhanced_mel, neural_total=20.0ms, model_inference=12.0ms
[TIMING] EnhancedMel.transcribe: audio_to_gpu=0.3ms, features=0.7ms, model=18.0ms, decode=1.1ms | TOTAL=20.1ms for 600ms audio (RTF=0.03x)
[TIMING] stream_chunk[experiment-cb55139d593d4bd2b26866856a3aee05](live_neural): decode=0.1ms, inference=21.9ms, second_pass=0.0ms, contention=0.0ms, TOTAL=22.0ms | audio=600ms, RTF=0.04x | model=enhanced_mel, neural_total=21.3ms, model_inference=18.0ms
[TIMING] EnhancedMel.transcribe: audio_to_gpu=0.1ms, features=0.3ms, model=10.2ms, decode=2.2ms | TOTAL=12.9ms for 1200ms audio (RTF=0.01x)
[TIMING] stream_chunk[experiment-cb55139d593d4bd2b26866856a3aee05](live_neural): decode=0.1ms, inference=14.6ms, second_pass=0.0ms, contention=0.0ms, TOTAL=14.9ms | audio=600ms, RTF=0.02x | model=enhanced_mel, neural_total=14.2ms, model_inference=10.2ms
[TIMING] EnhancedMel.transcribe: audio_to_gpu=0.1ms, features=0.4ms, model=10.7ms, decode=3.0ms | TOTAL=14.2ms for 1800ms audio (RTF=0.01x)
[TIMING] stream_chunk[experiment-cb55139d593d4bd2b26866856a3aee05](live_neural): decode=0.1ms, inference=16.0ms, second_pass=0.0ms, contention=0.0ms, TOTAL=16.2ms | audio=600ms, RTF=0.03x | model=enhanced_mel, neural_total=15.7ms, model_inference=10.7ms
[TIMING] EnhancedMel.transcribe: audio_to_gpu=0.2ms, features=0.6ms, model=21.7ms, decode=3.9ms | TOTAL=26.4ms for 2400ms audio (RTF=0.01x)
[TIMING] stream_chunk[experiment-cb55139d593d4bd2b26866856a3aee05](live_neural): decode=0.2ms, inference=28.5ms, second_pass=0.0ms, contention=0.0ms, TOTAL=28.7ms | audio=600ms, RTF=0.05x | model=enhanced_mel, neural_total=28.1ms, model_inference=21.7ms
[TIMING] EnhancedMel.transcribe: audio_to_gpu=0.2ms, features=0.4ms, model=11.9ms, decode=4.7ms | TOTAL=17.2ms for 3000ms audio (RTF=0.01x)
[TIMING] stream_chunk[experiment-cb55139d593d4bd2b26866856a3aee05](live_neural): decode=0.1ms, inference=19.5ms, second_pass=0.0ms, contention=0.0ms, TOTAL=19.7ms | audio=600ms, RTF=0.03x | model=enhanced_mel, neural_total=19.1ms, model_inference=11.9ms
[TIMING] EnhancedMel.transcribe: audio_to_gpu=0.1ms, features=0.4ms, model=12.2ms, decode=4.8ms | TOTAL=17.6ms for 3000ms audio (RTF=0.01x)
[TIMING] stream_chunk[experiment-cb55139d593d4bd2b26866856a3aee05](live_neural): decode=0.1ms, inference=19.8ms, second_pass=0.0ms, contention=0.0ms, TOTAL=20.0ms | audio=600ms, RTF=0.03x | model=enhanced_mel, neural_total=19.4ms, model_inference=12.2ms
[TIMING] EnhancedMel.transcribe: audio_to_gpu=0.2ms, features=1.7ms, model=12.4ms, decode=7.1ms | TOTAL=21.4ms for 3000ms audio (RTF=0.01x)
[TIMING] stream_chunk[experiment-cb55139d593d4bd2b26866856a3aee05](live_neural): decode=0.1ms, inference=23.7ms, second_pass=0.0ms, contention=0.0ms, TOTAL=24.0ms | audio=600ms, RTF=0.04x | model=enhanced_mel, neural_total=23.4ms, model_inference=12.4ms
[TIMING] EnhancedMel.transcribe: audio_to_gpu=0.3ms, features=0.7ms, model=15.1ms, decode=5.1ms | TOTAL=21.2ms for 3000ms audio (RTF=0.01x)
[TIMING] stream_chunk[experiment-cb55139d593d4bd2b26866856a3aee05](live_neural): decode=0.1ms, inference=23.3ms, second_pass=0.0ms, contention=0.0ms, TOTAL=23.6ms | audio=600ms, RTF=0.04x | model=enhanced_mel, neural_total=23.0ms, model_inference=15.1ms
[TIMING] EnhancedMel.transcribe: audio_to_gpu=0.3ms, features=0.6ms, model=11.6ms, decode=5.1ms | TOTAL=17.5ms for 3000ms audio (RTF=0.01x)
[TIMING] stream_chunk[experiment-cb55139d593d4bd2b26866856a3aee05](live_neural): decode=0.1ms, inference=21.1ms, second_pass=0.0ms, contention=0.0ms, TOTAL=21.3ms | audio=600ms, RTF=0.04x | model=enhanced_mel, neural_total=20.7ms, model_inference=11.6ms
[TIMING] EnhancedMel.transcribe: audio_to_gpu=0.2ms, features=0.4ms, model=12.0ms, decode=4.9ms | TOTAL=17.4ms for 3000ms audio (RTF=0.01x)
[TIMING] stream_chunk[experiment-cb55139d593d4bd2b26866856a3aee05](live_neural): decode=0.1ms, inference=20.4ms, second_pass=0.0ms, contention=0.0ms, TOTAL=20.6ms | audio=600ms, RTF=0.03x | model=enhanced_mel, neural_total=19.9ms, model_inference=12.0ms

[CLIP_014] Sonata No. 9
  excerpt: start=6.00s end=12.00s duration=6.00s gt_notes=18 rms=0.0208 peak=0.1336 crest=6.421 rms_std=0.0097
    control:
      note metrics: precision=0.818 recall=1.000 f1=0.900 matched=18/18 pred=22
      strict onset f1: 10ms=0.650 20ms=0.900 30ms=0.900
      timing metrics: offset_f1=0.250 rhythm_precision=0.278 note_value_acc=0.000 note_value_n=18 avg_beat_error=1.306
      duplicate metrics: duplicates=0 per_100_notes=0.00
      boundary metrics: gt=14 matched=14 missed=0 miss_rate=0.000
      latency: avg_chunk_ms=22.39 p95_chunk_ms=29.20 avg_rtf=0.037
      notation metrics: first_correct_ms=491.9 visible_p50_ms=554.1 visible_p95_ms=611.8 stabilize_p50_ms=2976.7 stabilize_p95_ms=3613.3 avg_revisions=3.00 matched=8 refined=8 snapshots=16
      algorithmic latency: first_correct_ms=471.4 visible_p50_ms=529.3 visible_p95_ms=584.4 stabilize_p50_ms=2031.9 stabilize_p95_ms=3584.3
      final display note metrics: precision=0.818 recall=1.000 f1=0.900 matched=18/18 pred=22
      final display strict onset f1: 10ms=0.650 20ms=0.900 30ms=0.900
      final display timing: offset_f1=0.250 rhythm_precision=0.278 note_value_acc=0.000 note_value_n=18 avg_beat_error=1.188
      final display structure: cluster_f1=0.526 onset_align_recall=1.000 avg_jaccard=0.815 exact=5/9 pred=10 over=3 under=0 pitch_conflicts=1 missed_gt=0
      threshold profiles: hit_rate=0.000 thresholds=[0.75] profiles={'fixed_baseline': 10}
    treatment:
      note metrics: precision=0.783 recall=1.000 f1=0.878 matched=18/18 pred=23
      strict onset f1: 10ms=0.634 20ms=0.878 30ms=0.878
      timing metrics: offset_f1=0.244 rhythm_precision=0.278 note_value_acc=0.000 note_value_n=18 avg_beat_error=1.306
      duplicate metrics: duplicates=0 per_100_notes=0.00
      boundary metrics: gt=14 matched=14 missed=0 miss_rate=0.000
      latency: avg_chunk_ms=21.10 p95_chunk_ms=26.58 avg_rtf=0.035
      notation metrics: first_correct_ms=492.0 visible_p50_ms=549.5 visible_p95_ms=588.7 stabilize_p50_ms=2962.7 stabilize_p95_ms=3416.4 avg_revisions=3.14 matched=7 refined=7 snapshots=16
      algorithmic latency: first_correct_ms=471.4 visible_p50_ms=525.5 visible_p95_ms=561.6 stabilize_p50_ms=1761.7 stabilize_p95_ms=3190.7
      final display note metrics: precision=0.773 recall=0.944 f1=0.850 matched=17/18 pred=22
      final display strict onset f1: 10ms=0.650 20ms=0.850 30ms=0.850
      final display timing: offset_f1=0.250 rhythm_precision=0.294 note_value_acc=0.000 note_value_n=17 avg_beat_error=1.176
      final display structure: cluster_f1=0.421 onset_align_recall=1.000 avg_jaccard=0.741 exact=4/9 pred=10 over=3 under=0 pitch_conflicts=2 missed_gt=0
      threshold profiles: hit_rate=0.600 thresholds=[0.71, 0.75] profiles={'baseline_nominal': 4, 'soft_sparse_recall': 6}
    delta treatment-control: precision=-0.036 recall=+0.000 f1=-0.022 offset_f1=-0.006 note_value_acc=+0.000 dup_per_100=+0.00 boundary_miss_rate=+0.000 p95_chunk_ms=-2.63 f1_10ms=-0.016 f1_20ms=-0.022 f1_30ms=-0.022 visible_p50_ms=-4.7 stabilize_p50_ms=-14.0 algo_visible_p50_ms=-3.8 algo_stabilize_p50_ms=-270.2 avg_revisions=+0.14 display_note_f1=-0.050 display_offset_f1=+0.000 display_cluster_f1=-0.105 display_cluster_jaccard=-0.074
    failure buckets: ['high_revision_slow_stabilization', 'note_value_offset_failure']
[TIMING] EnhancedMel.transcribe: audio_to_gpu=0.3ms, features=0.5ms, model=10.3ms, decode=1.4ms | TOTAL=12.5ms for 600ms audio (RTF=0.02x)
[TIMING] stream_chunk[experiment-fa0a51ff6aeb47e0ae2f37d77ba474c5](live_neural): decode=0.1ms, inference=14.9ms, second_pass=0.0ms, contention=0.0ms, TOTAL=15.1ms | audio=600ms, RTF=0.03x | model=enhanced_mel, neural_total=14.4ms, model_inference=10.3ms
[TIMING] EnhancedMel.transcribe: audio_to_gpu=0.1ms, features=0.5ms, model=12.3ms, decode=2.7ms | TOTAL=15.6ms for 1200ms audio (RTF=0.01x)
[TIMING] stream_chunk[experiment-fa0a51ff6aeb47e0ae2f37d77ba474c5](live_neural): decode=0.1ms, inference=18.0ms, second_pass=0.0ms, contention=0.0ms, TOTAL=18.3ms | audio=600ms, RTF=0.03x | model=enhanced_mel, neural_total=17.6ms, model_inference=12.3ms
[TIMING] EnhancedMel.transcribe: audio_to_gpu=0.1ms, features=0.4ms, model=10.8ms, decode=3.7ms | TOTAL=15.1ms for 1800ms audio (RTF=0.01x)
[TIMING] stream_chunk[experiment-fa0a51ff6aeb47e0ae2f37d77ba474c5](live_neural): decode=0.1ms, inference=17.0ms, second_pass=0.0ms, contention=0.0ms, TOTAL=17.3ms | audio=600ms, RTF=0.03x | model=enhanced_mel, neural_total=16.7ms, model_inference=10.8ms
[TIMING] EnhancedMel.transcribe: audio_to_gpu=0.2ms, features=0.4ms, model=11.6ms, decode=4.7ms | TOTAL=16.8ms for 2400ms audio (RTF=0.01x)
[TIMING] stream_chunk[experiment-fa0a51ff6aeb47e0ae2f37d77ba474c5](live_neural): decode=0.1ms, inference=19.0ms, second_pass=0.0ms, contention=0.0ms, TOTAL=19.3ms | audio=600ms, RTF=0.03x | model=enhanced_mel, neural_total=18.6ms, model_inference=11.6ms
[TIMING] EnhancedMel.transcribe: audio_to_gpu=0.2ms, features=0.5ms, model=12.6ms, decode=6.0ms | TOTAL=19.4ms for 3000ms audio (RTF=0.01x)
[TIMING] stream_chunk[experiment-fa0a51ff6aeb47e0ae2f37d77ba474c5](live_neural): decode=0.1ms, inference=22.9ms, second_pass=0.0ms, contention=0.0ms, TOTAL=23.3ms | audio=600ms, RTF=0.04x | model=enhanced_mel, neural_total=22.4ms, model_inference=12.6ms
[TIMING] EnhancedMel.transcribe: audio_to_gpu=0.4ms, features=0.5ms, model=12.5ms, decode=5.9ms | TOTAL=19.4ms for 3000ms audio (RTF=0.01x)
[TIMING] stream_chunk[experiment-fa0a51ff6aeb47e0ae2f37d77ba474c5](live_neural): decode=0.1ms, inference=22.7ms, second_pass=0.0ms, contention=0.0ms, TOTAL=23.1ms | audio=600ms, RTF=0.04x | model=enhanced_mel, neural_total=22.3ms, model_inference=12.5ms
[TIMING] EnhancedMel.transcribe: audio_to_gpu=0.3ms, features=0.6ms, model=12.3ms, decode=6.0ms | TOTAL=19.1ms for 3000ms audio (RTF=0.01x)
[TIMING] stream_chunk[experiment-fa0a51ff6aeb47e0ae2f37d77ba474c5](live_neural): decode=0.1ms, inference=22.4ms, second_pass=0.0ms, contention=0.0ms, TOTAL=22.9ms | audio=600ms, RTF=0.04x | model=enhanced_mel, neural_total=21.9ms, model_inference=12.3ms
[TIMING] EnhancedMel.transcribe: audio_to_gpu=0.4ms, features=0.5ms, model=14.4ms, decode=6.0ms | TOTAL=21.2ms for 3000ms audio (RTF=0.01x)
[TIMING] stream_chunk[experiment-fa0a51ff6aeb47e0ae2f37d77ba474c5](live_neural): decode=0.1ms, inference=24.1ms, second_pass=0.0ms, contention=0.0ms, TOTAL=24.5ms | audio=600ms, RTF=0.04x | model=enhanced_mel, neural_total=23.4ms, model_inference=14.4ms
[TIMING] EnhancedMel.transcribe: audio_to_gpu=0.2ms, features=0.5ms, model=12.0ms, decode=7.8ms | TOTAL=20.5ms for 3000ms audio (RTF=0.01x)
[TIMING] stream_chunk[experiment-fa0a51ff6aeb47e0ae2f37d77ba474c5](live_neural): decode=0.1ms, inference=23.3ms, second_pass=0.0ms, contention=0.0ms, TOTAL=23.7ms | audio=600ms, RTF=0.04x | model=enhanced_mel, neural_total=22.8ms, model_inference=12.0ms
[TIMING] EnhancedMel.transcribe: audio_to_gpu=0.3ms, features=0.6ms, model=12.0ms, decode=6.3ms | TOTAL=19.2ms for 3000ms audio (RTF=0.01x)
[TIMING] stream_chunk[experiment-fa0a51ff6aeb47e0ae2f37d77ba474c5](live_neural): decode=0.2ms, inference=22.7ms, second_pass=0.0ms, contention=0.0ms, TOTAL=23.2ms | audio=600ms, RTF=0.04x | model=enhanced_mel, neural_total=22.4ms, model_inference=12.0ms
[TIMING] EnhancedMel.transcribe: audio_to_gpu=0.2ms, features=0.5ms, model=9.9ms, decode=1.6ms | TOTAL=12.2ms for 600ms audio (RTF=0.02x)
[TIMING] stream_chunk[experiment-210118fb29be405187a2ae733f2404b1](live_neural): decode=0.2ms, inference=13.9ms, second_pass=0.0ms, contention=0.0ms, TOTAL=14.1ms | audio=600ms, RTF=0.02x | model=enhanced_mel, neural_total=13.5ms, model_inference=9.9ms
[TIMING] EnhancedMel.transcribe: audio_to_gpu=0.1ms, features=0.4ms, model=10.6ms, decode=2.7ms | TOTAL=13.7ms for 1200ms audio (RTF=0.01x)
[TIMING] stream_chunk[experiment-210118fb29be405187a2ae733f2404b1](live_neural): decode=0.1ms, inference=15.7ms, second_pass=0.0ms, contention=0.0ms, TOTAL=15.9ms | audio=600ms, RTF=0.03x | model=enhanced_mel, neural_total=15.3ms, model_inference=10.6ms
[TIMING] EnhancedMel.transcribe: audio_to_gpu=0.1ms, features=0.4ms, model=12.0ms, decode=3.8ms | TOTAL=16.3ms for 1800ms audio (RTF=0.01x)
[TIMING] stream_chunk[experiment-210118fb29be405187a2ae733f2404b1](live_neural): decode=0.1ms, inference=19.1ms, second_pass=0.0ms, contention=0.0ms, TOTAL=19.4ms | audio=600ms, RTF=0.03x | model=enhanced_mel, neural_total=18.7ms, model_inference=12.0ms
[TIMING] EnhancedMel.transcribe: audio_to_gpu=0.3ms, features=0.9ms, model=16.1ms, decode=4.8ms | TOTAL=22.1ms for 2400ms audio (RTF=0.01x)
[TIMING] stream_chunk[experiment-210118fb29be405187a2ae733f2404b1](live_neural): decode=0.1ms, inference=24.4ms, second_pass=0.0ms, contention=0.0ms, TOTAL=24.7ms | audio=600ms, RTF=0.04x | model=enhanced_mel, neural_total=24.0ms, model_inference=16.1ms
[TIMING] EnhancedMel.transcribe: audio_to_gpu=0.3ms, features=0.5ms, model=12.4ms, decode=6.1ms | TOTAL=19.2ms for 3000ms audio (RTF=0.01x)
[TIMING] stream_chunk[experiment-210118fb29be405187a2ae733f2404b1](live_neural): decode=0.1ms, inference=22.6ms, second_pass=0.0ms, contention=0.0ms, TOTAL=23.0ms | audio=600ms, RTF=0.04x | model=enhanced_mel, neural_total=22.3ms, model_inference=12.4ms
[TIMING] EnhancedMel.transcribe: audio_to_gpu=0.4ms, features=0.5ms, model=11.9ms, decode=6.1ms | TOTAL=18.9ms for 3000ms audio (RTF=0.01x)
[TIMING] stream_chunk[experiment-210118fb29be405187a2ae733f2404b1](live_neural): decode=0.1ms, inference=21.7ms, second_pass=0.0ms, contention=0.0ms, TOTAL=22.1ms | audio=600ms, RTF=0.04x | model=enhanced_mel, neural_total=21.4ms, model_inference=11.9ms
[TIMING] EnhancedMel.transcribe: audio_to_gpu=0.4ms, features=0.5ms, model=11.8ms, decode=6.4ms | TOTAL=19.1ms for 3000ms audio (RTF=0.01x)
[TIMING] stream_chunk[experiment-210118fb29be405187a2ae733f2404b1](live_neural): decode=0.2ms, inference=21.6ms, second_pass=0.0ms, contention=0.0ms, TOTAL=22.0ms | audio=600ms, RTF=0.04x | model=enhanced_mel, neural_total=21.2ms, model_inference=11.8ms
[TIMING] EnhancedMel.transcribe: audio_to_gpu=0.3ms, features=0.5ms, model=11.3ms, decode=6.0ms | TOTAL=18.1ms for 3000ms audio (RTF=0.01x)
[TIMING] stream_chunk[experiment-210118fb29be405187a2ae733f2404b1](live_neural): decode=0.2ms, inference=20.7ms, second_pass=0.0ms, contention=0.0ms, TOTAL=21.1ms | audio=600ms, RTF=0.04x | model=enhanced_mel, neural_total=20.3ms, model_inference=11.3ms
[TIMING] EnhancedMel.transcribe: audio_to_gpu=0.3ms, features=0.7ms, model=19.7ms, decode=6.3ms | TOTAL=27.1ms for 3000ms audio (RTF=0.01x)
[TIMING] stream_chunk[experiment-210118fb29be405187a2ae733f2404b1](live_neural): decode=0.1ms, inference=30.3ms, second_pass=0.0ms, contention=0.0ms, TOTAL=30.7ms | audio=600ms, RTF=0.05x | model=enhanced_mel, neural_total=29.9ms, model_inference=19.7ms
[TIMING] EnhancedMel.transcribe: audio_to_gpu=0.3ms, features=0.5ms, model=12.1ms, decode=7.5ms | TOTAL=20.5ms for 3000ms audio (RTF=0.01x)
[TIMING] stream_chunk[experiment-210118fb29be405187a2ae733f2404b1](live_neural): decode=0.1ms, inference=23.1ms, second_pass=0.0ms, contention=0.0ms, TOTAL=23.5ms | audio=600ms, RTF=0.04x | model=enhanced_mel, neural_total=22.7ms, model_inference=12.1ms

[CLIP_015] Concert Etude No. 2 "Gnomenreigen"
  excerpt: start=21.00s end=27.00s duration=6.00s gt_notes=182 rms=0.0327 peak=0.2179 crest=6.658 rms_std=0.0112
    control:
      note metrics: precision=0.976 recall=0.890 f1=0.931 matched=162/182 pred=166
      strict onset f1: 10ms=0.713 20ms=0.914 30ms=0.931
      timing metrics: offset_f1=0.920 rhythm_precision=0.988 note_value_acc=0.944 note_value_n=162 avg_beat_error=0.007
      duplicate metrics: duplicates=4 per_100_notes=2.41
      boundary metrics: gt=54 matched=49 missed=5 miss_rate=0.093
      latency: avg_chunk_ms=21.06 p95_chunk_ms=24.11 avg_rtf=0.035
      notation metrics: first_correct_ms=51.0 visible_p50_ms=312.2 visible_p95_ms=599.1 stabilize_p50_ms=1600.9 stabilize_p95_ms=2092.3 avg_revisions=1.85 matched=67 refined=67 snapshots=20
      algorithmic latency: first_correct_ms=26.6 visible_p50_ms=289.1 visible_p95_ms=576.1 stabilize_p50_ms=1199.2 stabilize_p95_ms=1903.4
      final display note metrics: precision=1.000 recall=0.879 f1=0.936 matched=160/182 pred=160
      final display strict onset f1: 10ms=0.713 20ms=0.918 30ms=0.936
      final display timing: offset_f1=0.924 rhythm_precision=0.988 note_value_acc=0.512 note_value_n=160 avg_beat_error=0.060
      final display structure: cluster_f1=0.420 onset_align_recall=0.833 avg_jaccard=0.783 exact=30/78 pred=65 over=17 under=17 pitch_conflicts=1 missed_gt=13
      threshold profiles: hit_rate=0.000 thresholds=[0.75] profiles={'fixed_baseline': 10}
    treatment:
      note metrics: precision=0.970 recall=0.890 f1=0.928 matched=162/182 pred=167
      strict onset f1: 10ms=0.711 20ms=0.911 30ms=0.928
      timing metrics: offset_f1=0.917 rhythm_precision=0.988 note_value_acc=0.944 note_value_n=162 avg_beat_error=0.007
      duplicate metrics: duplicates=4 per_100_notes=2.40
      boundary metrics: gt=54 matched=49 missed=5 miss_rate=0.093
      latency: avg_chunk_ms=21.65 p95_chunk_ms=28.01 avg_rtf=0.036
      notation metrics: first_correct_ms=47.6 visible_p50_ms=305.7 visible_p95_ms=598.1 stabilize_p50_ms=1580.7 stabilize_p95_ms=2078.5 avg_revisions=1.83 matched=66 refined=66 snapshots=20
      algorithmic latency: first_correct_ms=26.6 visible_p50_ms=283.5 visible_p95_ms=575.2 stabilize_p50_ms=1190.9 stabilize_p95_ms=1669.7
      final display note metrics: precision=0.994 recall=0.874 f1=0.930 matched=159/182 pred=160
      final display strict onset f1: 10ms=0.708 20ms=0.912 30ms=0.930
      final display timing: offset_f1=0.924 rhythm_precision=0.994 note_value_acc=0.465 note_value_n=159 avg_beat_error=0.066
      final display structure: cluster_f1=0.420 onset_align_recall=0.833 avg_jaccard=0.777 exact=30/78 pred=65 over=17 under=17 pitch_conflicts=1 missed_gt=13
      threshold profiles: hit_rate=0.100 thresholds=[0.71, 0.75] profiles={'baseline_nominal': 9, 'soft_sparse_recall': 1}
    delta treatment-control: precision=-0.006 recall=+0.000 f1=-0.003 offset_f1=-0.003 note_value_acc=+0.000 dup_per_100=-0.01 boundary_miss_rate=+0.000 p95_chunk_ms=+3.90 f1_10ms=-0.002 f1_20ms=-0.003 f1_30ms=-0.003 visible_p50_ms=-6.5 stabilize_p50_ms=-20.2 algo_visible_p50_ms=-5.6 algo_stabilize_p50_ms=-8.3 avg_revisions=-0.02 display_note_f1=-0.006 display_offset_f1=+0.000 display_cluster_f1=+0.000 display_cluster_jaccard=-0.005
    failure buckets: ['boundary_miss_failure', 'high_revision_slow_stabilization']
      boundary diagnostics: missed=5 by_arm={'control': 5, 'treatment': 5} tags={'control_boundary_miss': 5, 'no_control_coarse_candidate': 5}
        miss: pitch=64 onset=0.512s boundary_delta_ms=-88.3 control_coarse=False treatment_coarse=False retro=n/a
        miss: pitch=85 onset=0.698s boundary_delta_ms=+97.9 control_coarse=False treatment_coarse=False retro=n/a
        miss: pitch=84 onset=1.797s boundary_delta_ms=-3.1 control_coarse=False treatment_coarse=False retro=n/a
        ... 2 more missed boundary notes in diagnostics JSON
[TIMING] EnhancedMel.transcribe: audio_to_gpu=0.3ms, features=0.5ms, model=10.5ms, decode=1.8ms | TOTAL=13.1ms for 600ms audio (RTF=0.02x)
[TIMING] stream_chunk[experiment-83405458256e4c6bb4b2f5cf7ff37e68](live_neural): decode=0.2ms, inference=14.8ms, second_pass=0.0ms, contention=0.0ms, TOTAL=15.0ms | audio=600ms, RTF=0.02x | model=enhanced_mel, neural_total=14.4ms, model_inference=10.5ms
[TIMING] EnhancedMel.transcribe: audio_to_gpu=0.1ms, features=0.4ms, model=10.3ms, decode=2.7ms | TOTAL=13.5ms for 1200ms audio (RTF=0.01x)
[TIMING] stream_chunk[experiment-83405458256e4c6bb4b2f5cf7ff37e68](live_neural): decode=0.1ms, inference=16.1ms, second_pass=0.0ms, contention=0.0ms, TOTAL=16.3ms | audio=600ms, RTF=0.03x | model=enhanced_mel, neural_total=15.7ms, model_inference=10.3ms
[TIMING] EnhancedMel.transcribe: audio_to_gpu=0.1ms, features=0.4ms, model=11.7ms, decode=3.6ms | TOTAL=15.8ms for 1800ms audio (RTF=0.01x)
[TIMING] stream_chunk[experiment-83405458256e4c6bb4b2f5cf7ff37e68](live_neural): decode=0.1ms, inference=17.8ms, second_pass=0.0ms, contention=0.0ms, TOTAL=18.1ms | audio=600ms, RTF=0.03x | model=enhanced_mel, neural_total=17.4ms, model_inference=11.7ms
[TIMING] EnhancedMel.transcribe: audio_to_gpu=0.2ms, features=0.4ms, model=12.8ms, decode=5.3ms | TOTAL=18.7ms for 2400ms audio (RTF=0.01x)
[TIMING] stream_chunk[experiment-83405458256e4c6bb4b2f5cf7ff37e68](live_neural): decode=0.1ms, inference=21.5ms, second_pass=0.0ms, contention=0.0ms, TOTAL=21.8ms | audio=600ms, RTF=0.04x | model=enhanced_mel, neural_total=21.1ms, model_inference=12.8ms
[TIMING] EnhancedMel.transcribe: audio_to_gpu=0.5ms, features=0.7ms, model=18.1ms, decode=6.4ms | TOTAL=25.7ms for 3000ms audio (RTF=0.01x)
[TIMING] stream_chunk[experiment-83405458256e4c6bb4b2f5cf7ff37e68](live_neural): decode=0.2ms, inference=28.3ms, second_pass=0.0ms, contention=0.0ms, TOTAL=28.9ms | audio=600ms, RTF=0.05x | model=enhanced_mel, neural_total=27.8ms, model_inference=18.1ms
[TIMING] EnhancedMel.transcribe: audio_to_gpu=0.3ms, features=0.6ms, model=13.7ms, decode=5.9ms | TOTAL=20.5ms for 3000ms audio (RTF=0.01x)
[TIMING] stream_chunk[experiment-83405458256e4c6bb4b2f5cf7ff37e68](live_neural): decode=0.1ms, inference=23.1ms, second_pass=0.0ms, contention=0.0ms, TOTAL=23.5ms | audio=600ms, RTF=0.04x | model=enhanced_mel, neural_total=22.7ms, model_inference=13.7ms
[TIMING] EnhancedMel.transcribe: audio_to_gpu=0.3ms, features=0.6ms, model=13.9ms, decode=6.5ms | TOTAL=21.2ms for 3000ms audio (RTF=0.01x)
[TIMING] stream_chunk[experiment-83405458256e4c6bb4b2f5cf7ff37e68](live_neural): decode=0.1ms, inference=24.0ms, second_pass=0.0ms, contention=0.0ms, TOTAL=24.5ms | audio=600ms, RTF=0.04x | model=enhanced_mel, neural_total=23.4ms, model_inference=13.9ms
[TIMING] EnhancedMel.transcribe: audio_to_gpu=0.3ms, features=0.5ms, model=12.6ms, decode=5.8ms | TOTAL=19.3ms for 3000ms audio (RTF=0.01x)
[TIMING] stream_chunk[experiment-83405458256e4c6bb4b2f5cf7ff37e68](live_neural): decode=0.1ms, inference=21.7ms, second_pass=0.0ms, contention=0.0ms, TOTAL=22.2ms | audio=600ms, RTF=0.04x | model=enhanced_mel, neural_total=21.3ms, model_inference=12.6ms
[TIMING] EnhancedMel.transcribe: audio_to_gpu=0.3ms, features=0.5ms, model=12.2ms, decode=5.8ms | TOTAL=18.8ms for 3000ms audio (RTF=0.01x)
[TIMING] stream_chunk[experiment-83405458256e4c6bb4b2f5cf7ff37e68](live_neural): decode=0.1ms, inference=21.3ms, second_pass=0.0ms, contention=0.0ms, TOTAL=21.6ms | audio=600ms, RTF=0.04x | model=enhanced_mel, neural_total=20.9ms, model_inference=12.2ms
[TIMING] EnhancedMel.transcribe: audio_to_gpu=0.3ms, features=0.5ms, model=12.4ms, decode=6.0ms | TOTAL=19.2ms for 3000ms audio (RTF=0.01x)
[TIMING] stream_chunk[experiment-83405458256e4c6bb4b2f5cf7ff37e68](live_neural): decode=0.1ms, inference=21.7ms, second_pass=0.0ms, contention=0.0ms, TOTAL=22.0ms | audio=600ms, RTF=0.04x | model=enhanced_mel, neural_total=21.3ms, model_inference=12.4ms
[TIMING] EnhancedMel.transcribe: audio_to_gpu=0.3ms, features=0.9ms, model=20.0ms, decode=1.6ms | TOTAL=22.9ms for 600ms audio (RTF=0.04x)
[TIMING] stream_chunk[experiment-56a0964fd87647958f78ce1761c5d265](live_neural): decode=0.1ms, inference=24.5ms, second_pass=0.0ms, contention=0.0ms, TOTAL=24.8ms | audio=600ms, RTF=0.04x | model=enhanced_mel, neural_total=24.1ms, model_inference=20.1ms
[TIMING] EnhancedMel.transcribe: audio_to_gpu=0.1ms, features=0.5ms, model=12.0ms, decode=2.7ms | TOTAL=15.3ms for 1200ms audio (RTF=0.01x)
[TIMING] stream_chunk[experiment-56a0964fd87647958f78ce1761c5d265](live_neural): decode=0.1ms, inference=17.9ms, second_pass=0.0ms, contention=0.0ms, TOTAL=18.1ms | audio=600ms, RTF=0.03x | model=enhanced_mel, neural_total=17.6ms, model_inference=12.0ms
[TIMING] EnhancedMel.transcribe: audio_to_gpu=0.2ms, features=0.4ms, model=11.9ms, decode=3.7ms | TOTAL=16.3ms for 1800ms audio (RTF=0.01x)
[TIMING] stream_chunk[experiment-56a0964fd87647958f78ce1761c5d265](live_neural): decode=0.1ms, inference=18.2ms, second_pass=0.0ms, contention=0.0ms, TOTAL=18.5ms | audio=600ms, RTF=0.03x | model=enhanced_mel, neural_total=17.9ms, model_inference=11.9ms
[TIMING] EnhancedMel.transcribe: audio_to_gpu=0.2ms, features=0.8ms, model=12.3ms, decode=5.0ms | TOTAL=18.3ms for 2400ms audio (RTF=0.01x)
[TIMING] stream_chunk[experiment-56a0964fd87647958f78ce1761c5d265](live_neural): decode=0.1ms, inference=20.8ms, second_pass=0.0ms, contention=0.0ms, TOTAL=21.1ms | audio=600ms, RTF=0.04x | model=enhanced_mel, neural_total=20.4ms, model_inference=12.3ms
[TIMING] EnhancedMel.transcribe: audio_to_gpu=0.4ms, features=0.7ms, model=16.7ms, decode=6.9ms | TOTAL=24.8ms for 3000ms audio (RTF=0.01x)
[TIMING] stream_chunk[experiment-56a0964fd87647958f78ce1761c5d265](live_neural): decode=0.1ms, inference=27.5ms, second_pass=0.0ms, contention=0.0ms, TOTAL=28.0ms | audio=600ms, RTF=0.05x | model=enhanced_mel, neural_total=26.8ms, model_inference=16.7ms
[TIMING] EnhancedMel.transcribe: audio_to_gpu=0.3ms, features=0.5ms, model=13.4ms, decode=6.7ms | TOTAL=20.8ms for 3000ms audio (RTF=0.01x)
[TIMING] stream_chunk[experiment-56a0964fd87647958f78ce1761c5d265](live_neural): decode=0.1ms, inference=23.6ms, second_pass=0.0ms, contention=0.0ms, TOTAL=24.0ms | audio=600ms, RTF=0.04x | model=enhanced_mel, neural_total=23.2ms, model_inference=13.4ms
[TIMING] EnhancedMel.transcribe: audio_to_gpu=0.2ms, features=1.1ms, model=12.7ms, decode=6.4ms | TOTAL=20.4ms for 3000ms audio (RTF=0.01x)
[TIMING] stream_chunk[experiment-56a0964fd87647958f78ce1761c5d265](live_neural): decode=0.1ms, inference=23.0ms, second_pass=0.0ms, contention=0.0ms, TOTAL=23.3ms | audio=600ms, RTF=0.04x | model=enhanced_mel, neural_total=22.4ms, model_inference=12.7ms
[TIMING] EnhancedMel.transcribe: audio_to_gpu=0.2ms, features=0.5ms, model=13.2ms, decode=5.9ms | TOTAL=19.9ms for 3000ms audio (RTF=0.01x)
[TIMING] stream_chunk[experiment-56a0964fd87647958f78ce1761c5d265](live_neural): decode=0.2ms, inference=22.7ms, second_pass=0.0ms, contention=0.0ms, TOTAL=23.1ms | audio=600ms, RTF=0.04x | model=enhanced_mel, neural_total=22.2ms, model_inference=13.2ms
[TIMING] EnhancedMel.transcribe: audio_to_gpu=0.3ms, features=0.5ms, model=13.9ms, decode=5.8ms | TOTAL=20.5ms for 3000ms audio (RTF=0.01x)
[TIMING] stream_chunk[experiment-56a0964fd87647958f78ce1761c5d265](live_neural): decode=0.2ms, inference=23.1ms, second_pass=0.0ms, contention=0.0ms, TOTAL=23.5ms | audio=600ms, RTF=0.04x | model=enhanced_mel, neural_total=22.7ms, model_inference=13.9ms
[TIMING] EnhancedMel.transcribe: audio_to_gpu=0.4ms, features=0.7ms, model=13.6ms, decode=5.9ms | TOTAL=20.5ms for 3000ms audio (RTF=0.01x)
[TIMING] stream_chunk[experiment-56a0964fd87647958f78ce1761c5d265](live_neural): decode=0.1ms, inference=23.1ms, second_pass=0.0ms, contention=0.0ms, TOTAL=23.5ms | audio=600ms, RTF=0.04x | model=enhanced_mel, neural_total=22.6ms, model_inference=13.6ms

[CLIP_016] Concert Etude "Gnomenreigen"
  excerpt: start=24.00s end=30.00s duration=6.00s gt_notes=169 rms=0.0769 peak=0.3682 crest=4.787 rms_std=0.0214
    control:
      note metrics: precision=0.965 recall=0.805 f1=0.877 matched=136/169 pred=141
      strict onset f1: 10ms=0.671 20ms=0.877 30ms=0.877
      timing metrics: offset_f1=0.774 rhythm_precision=0.882 note_value_acc=0.728 note_value_n=136 avg_beat_error=0.075
      duplicate metrics: duplicates=0 per_100_notes=0.00
      boundary metrics: gt=46 matched=40 missed=6 miss_rate=0.130
      latency: avg_chunk_ms=21.40 p95_chunk_ms=26.91 avg_rtf=0.036
      notation metrics: first_correct_ms=39.6 visible_p50_ms=327.0 visible_p95_ms=606.3 stabilize_p50_ms=617.5 stabilize_p95_ms=1901.6 avg_revisions=0.64 matched=50 refined=50 snapshots=20
      algorithmic latency: first_correct_ms=15.1 visible_p50_ms=303.0 visible_p95_ms=586.6 stabilize_p50_ms=594.0 stabilize_p95_ms=1424.2
      final display note metrics: precision=0.965 recall=0.805 f1=0.877 matched=136/169 pred=141
      final display strict onset f1: 10ms=0.671 20ms=0.877 30ms=0.877
      final display timing: offset_f1=0.774 rhythm_precision=0.882 note_value_acc=0.272 note_value_n=136 avg_beat_error=0.151
      final display structure: cluster_f1=0.561 onset_align_recall=0.878 avg_jaccard=0.827 exact=39/74 pred=65 over=7 under=17 pitch_conflicts=2 missed_gt=9
      threshold profiles: hit_rate=0.000 thresholds=[0.75] profiles={'fixed_baseline': 10}
    treatment:
      note metrics: precision=0.965 recall=0.805 f1=0.877 matched=136/169 pred=141
      strict onset f1: 10ms=0.671 20ms=0.877 30ms=0.877
      timing metrics: offset_f1=0.774 rhythm_precision=0.882 note_value_acc=0.728 note_value_n=136 avg_beat_error=0.075
      duplicate metrics: duplicates=0 per_100_notes=0.00
      boundary metrics: gt=46 matched=40 missed=6 miss_rate=0.130
      latency: avg_chunk_ms=22.80 p95_chunk_ms=26.54 avg_rtf=0.038
      notation metrics: first_correct_ms=38.4 visible_p50_ms=326.6 visible_p95_ms=607.4 stabilize_p50_ms=617.2 stabilize_p95_ms=1902.9 avg_revisions=0.64 matched=50 refined=50 snapshots=20
      algorithmic latency: first_correct_ms=15.1 visible_p50_ms=303.0 visible_p95_ms=586.6 stabilize_p50_ms=594.0 stabilize_p95_ms=1424.2
      final display note metrics: precision=0.965 recall=0.805 f1=0.877 matched=136/169 pred=141
      final display strict onset f1: 10ms=0.671 20ms=0.877 30ms=0.877
      final display timing: offset_f1=0.774 rhythm_precision=0.882 note_value_acc=0.272 note_value_n=136 avg_beat_error=0.151
      final display structure: cluster_f1=0.561 onset_align_recall=0.878 avg_jaccard=0.827 exact=39/74 pred=65 over=7 under=17 pitch_conflicts=2 missed_gt=9
      threshold profiles: hit_rate=0.000 thresholds=[0.75] profiles={'baseline_nominal': 10}
    delta treatment-control: precision=+0.000 recall=+0.000 f1=+0.000 offset_f1=+0.000 note_value_acc=+0.000 dup_per_100=+0.00 boundary_miss_rate=+0.000 p95_chunk_ms=-0.37 f1_10ms=+0.000 f1_20ms=+0.000 f1_30ms=+0.000 visible_p50_ms=-0.4 stabilize_p50_ms=-0.3 algo_visible_p50_ms=+0.0 algo_stabilize_p50_ms=+0.0 avg_revisions=+0.00 display_note_f1=+0.000 display_offset_f1=+0.000 display_cluster_f1=+0.000 display_cluster_jaccard=+0.000
    failure buckets: ['boundary_miss_failure', 'high_revision_slow_stabilization']
      boundary diagnostics: missed=6 by_arm={'control': 6, 'treatment': 6} tags={'control_boundary_miss': 6, 'control_timing_or_quantization_drift': 1, 'no_control_coarse_candidate': 5, 'treatment_candidate_not_retained': 1}
        miss: pitch=81 onset=3.046s boundary_delta_ms=+45.6 control_coarse=False treatment_coarse=False retro=n/a
        miss: pitch=75 onset=3.557s boundary_delta_ms=-42.7 control_coarse=False treatment_coarse=False retro=n/a
        miss: pitch=69 onset=3.590s boundary_delta_ms=-10.2 control_coarse=False treatment_coarse=False retro=n/a
        ... 3 more missed boundary notes in diagnostics JSON
[TIMING] EnhancedMel.transcribe: audio_to_gpu=0.3ms, features=0.6ms, model=10.4ms, decode=1.5ms | TOTAL=12.9ms for 600ms audio (RTF=0.02x)
[TIMING] stream_chunk[experiment-e7d2af59d7c34e94a3513e7dbdeec083](live_neural): decode=0.2ms, inference=16.5ms, second_pass=0.0ms, contention=0.0ms, TOTAL=16.8ms | audio=600ms, RTF=0.03x | model=enhanced_mel, neural_total=15.8ms, model_inference=10.4ms
[TIMING] EnhancedMel.transcribe: audio_to_gpu=0.2ms, features=0.4ms, model=10.9ms, decode=2.6ms | TOTAL=14.2ms for 1200ms audio (RTF=0.01x)
[TIMING] stream_chunk[experiment-e7d2af59d7c34e94a3513e7dbdeec083](live_neural): decode=0.2ms, inference=16.1ms, second_pass=0.0ms, contention=0.0ms, TOTAL=16.5ms | audio=600ms, RTF=0.03x | model=enhanced_mel, neural_total=15.6ms, model_inference=10.9ms
[TIMING] EnhancedMel.transcribe: audio_to_gpu=0.2ms, features=0.4ms, model=11.3ms, decode=3.9ms | TOTAL=15.9ms for 1800ms audio (RTF=0.01x)
[TIMING] stream_chunk[experiment-e7d2af59d7c34e94a3513e7dbdeec083](live_neural): decode=0.1ms, inference=17.9ms, second_pass=0.0ms, contention=0.0ms, TOTAL=18.2ms | audio=600ms, RTF=0.03x | model=enhanced_mel, neural_total=17.5ms, model_inference=11.3ms
[TIMING] EnhancedMel.transcribe: audio_to_gpu=0.2ms, features=0.4ms, model=12.3ms, decode=5.5ms | TOTAL=18.5ms for 2400ms audio (RTF=0.01x)
[TIMING] stream_chunk[experiment-e7d2af59d7c34e94a3513e7dbdeec083](live_neural): decode=0.1ms, inference=20.5ms, second_pass=0.0ms, contention=0.0ms, TOTAL=20.9ms | audio=600ms, RTF=0.03x | model=enhanced_mel, neural_total=20.3ms, model_inference=12.3ms
[TIMING] EnhancedMel.transcribe: audio_to_gpu=0.3ms, features=0.5ms, model=11.9ms, decode=6.2ms | TOTAL=18.9ms for 3000ms audio (RTF=0.01x)
[TIMING] stream_chunk[experiment-e7d2af59d7c34e94a3513e7dbdeec083](live_neural): decode=0.2ms, inference=21.4ms, second_pass=0.0ms, contention=0.0ms, TOTAL=21.8ms | audio=600ms, RTF=0.04x | model=enhanced_mel, neural_total=21.0ms, model_inference=11.9ms
[TIMING] EnhancedMel.transcribe: audio_to_gpu=0.2ms, features=0.5ms, model=12.9ms, decode=6.1ms | TOTAL=19.8ms for 3000ms audio (RTF=0.01x)
[TIMING] stream_chunk[experiment-e7d2af59d7c34e94a3513e7dbdeec083](live_neural): decode=0.1ms, inference=22.1ms, second_pass=0.0ms, contention=0.0ms, TOTAL=22.5ms | audio=600ms, RTF=0.04x | model=enhanced_mel, neural_total=21.8ms, model_inference=12.9ms
[TIMING] EnhancedMel.transcribe: audio_to_gpu=0.2ms, features=0.5ms, model=12.3ms, decode=6.0ms | TOTAL=18.9ms for 3000ms audio (RTF=0.01x)
[TIMING] stream_chunk[experiment-e7d2af59d7c34e94a3513e7dbdeec083](live_neural): decode=0.2ms, inference=21.3ms, second_pass=0.0ms, contention=0.0ms, TOTAL=21.8ms | audio=600ms, RTF=0.04x | model=enhanced_mel, neural_total=20.9ms, model_inference=12.3ms
[TIMING] EnhancedMel.transcribe: audio_to_gpu=0.3ms, features=0.5ms, model=12.7ms, decode=6.0ms | TOTAL=19.5ms for 3000ms audio (RTF=0.01x)
[TIMING] stream_chunk[experiment-e7d2af59d7c34e94a3513e7dbdeec083](live_neural): decode=0.1ms, inference=21.8ms, second_pass=0.0ms, contention=0.0ms, TOTAL=22.2ms | audio=600ms, RTF=0.04x | model=enhanced_mel, neural_total=21.4ms, model_inference=12.7ms
[TIMING] EnhancedMel.transcribe: audio_to_gpu=0.3ms, features=0.5ms, model=14.6ms, decode=6.0ms | TOTAL=21.4ms for 3000ms audio (RTF=0.01x)
[TIMING] stream_chunk[experiment-e7d2af59d7c34e94a3513e7dbdeec083](live_neural): decode=0.1ms, inference=23.9ms, second_pass=0.0ms, contention=0.0ms, TOTAL=24.2ms | audio=600ms, RTF=0.04x | model=enhanced_mel, neural_total=23.5ms, model_inference=14.6ms
[TIMING] EnhancedMel.transcribe: audio_to_gpu=0.4ms, features=0.5ms, model=13.7ms, decode=5.9ms | TOTAL=20.4ms for 3000ms audio (RTF=0.01x)
[TIMING] stream_chunk[experiment-e7d2af59d7c34e94a3513e7dbdeec083](live_neural): decode=0.1ms, inference=22.9ms, second_pass=0.0ms, contention=0.0ms, TOTAL=23.3ms | audio=600ms, RTF=0.04x | model=enhanced_mel, neural_total=22.4ms, model_inference=13.7ms
[TIMING] EnhancedMel.transcribe: audio_to_gpu=0.4ms, features=0.5ms, model=9.6ms, decode=1.5ms | TOTAL=11.9ms for 600ms audio (RTF=0.02x)
[TIMING] stream_chunk[experiment-25de5ed629d94c0eabcdb20e0f4b2b76](live_neural): decode=0.1ms, inference=14.4ms, second_pass=0.0ms, contention=0.0ms, TOTAL=14.6ms | audio=600ms, RTF=0.02x | model=enhanced_mel, neural_total=13.3ms, model_inference=9.6ms
[TIMING] EnhancedMel.transcribe: audio_to_gpu=0.2ms, features=3.1ms, model=9.9ms, decode=3.5ms | TOTAL=16.6ms for 1200ms audio (RTF=0.01x)
[TIMING] stream_chunk[experiment-25de5ed629d94c0eabcdb20e0f4b2b76](live_neural): decode=0.1ms, inference=20.1ms, second_pass=0.0ms, contention=0.0ms, TOTAL=20.3ms | audio=600ms, RTF=0.03x | model=enhanced_mel, neural_total=19.7ms, model_inference=9.9ms
[TIMING] EnhancedMel.transcribe: audio_to_gpu=0.2ms, features=2.6ms, model=11.9ms, decode=3.9ms | TOTAL=18.6ms for 1800ms audio (RTF=0.01x)
[TIMING] stream_chunk[experiment-25de5ed629d94c0eabcdb20e0f4b2b76](live_neural): decode=0.2ms, inference=20.6ms, second_pass=0.0ms, contention=0.0ms, TOTAL=20.9ms | audio=600ms, RTF=0.03x | model=enhanced_mel, neural_total=20.2ms, model_inference=11.9ms
[TIMING] EnhancedMel.transcribe: audio_to_gpu=0.1ms, features=0.5ms, model=11.9ms, decode=5.7ms | TOTAL=18.2ms for 2400ms audio (RTF=0.01x)
[TIMING] stream_chunk[experiment-25de5ed629d94c0eabcdb20e0f4b2b76](live_neural): decode=0.1ms, inference=20.3ms, second_pass=0.0ms, contention=0.0ms, TOTAL=20.6ms | audio=600ms, RTF=0.03x | model=enhanced_mel, neural_total=19.9ms, model_inference=11.9ms
[TIMING] EnhancedMel.transcribe: audio_to_gpu=0.3ms, features=0.5ms, model=11.8ms, decode=6.2ms | TOTAL=18.9ms for 3000ms audio (RTF=0.01x)
[TIMING] stream_chunk[experiment-25de5ed629d94c0eabcdb20e0f4b2b76](live_neural): decode=0.1ms, inference=21.9ms, second_pass=0.0ms, contention=0.0ms, TOTAL=22.2ms | audio=600ms, RTF=0.04x | model=enhanced_mel, neural_total=21.4ms, model_inference=11.8ms
[TIMING] EnhancedMel.transcribe: audio_to_gpu=0.3ms, features=0.5ms, model=11.9ms, decode=6.1ms | TOTAL=18.8ms for 3000ms audio (RTF=0.01x)
[TIMING] stream_chunk[experiment-25de5ed629d94c0eabcdb20e0f4b2b76](live_neural): decode=0.1ms, inference=21.6ms, second_pass=0.0ms, contention=0.0ms, TOTAL=21.9ms | audio=600ms, RTF=0.04x | model=enhanced_mel, neural_total=21.2ms, model_inference=11.9ms
[TIMING] EnhancedMel.transcribe: audio_to_gpu=0.2ms, features=1.8ms, model=11.9ms, decode=6.5ms | TOTAL=20.4ms for 3000ms audio (RTF=0.01x)
[TIMING] stream_chunk[experiment-25de5ed629d94c0eabcdb20e0f4b2b76](live_neural): decode=0.1ms, inference=22.8ms, second_pass=0.0ms, contention=0.0ms, TOTAL=23.1ms | audio=600ms, RTF=0.04x | model=enhanced_mel, neural_total=22.4ms, model_inference=11.9ms
[TIMING] EnhancedMel.transcribe: audio_to_gpu=0.4ms, features=0.7ms, model=13.1ms, decode=6.0ms | TOTAL=20.1ms for 3000ms audio (RTF=0.01x)
[TIMING] stream_chunk[experiment-25de5ed629d94c0eabcdb20e0f4b2b76](live_neural): decode=0.1ms, inference=22.5ms, second_pass=0.0ms, contention=0.0ms, TOTAL=22.9ms | audio=600ms, RTF=0.04x | model=enhanced_mel, neural_total=22.2ms, model_inference=13.1ms
[TIMING] EnhancedMel.transcribe: audio_to_gpu=0.4ms, features=5.9ms, model=12.4ms, decode=6.0ms | TOTAL=24.7ms for 3000ms audio (RTF=0.01x)
[TIMING] stream_chunk[experiment-25de5ed629d94c0eabcdb20e0f4b2b76](live_neural): decode=0.1ms, inference=27.3ms, second_pass=0.0ms, contention=0.0ms, TOTAL=27.6ms | audio=600ms, RTF=0.05x | model=enhanced_mel, neural_total=26.9ms, model_inference=12.4ms
[TIMING] EnhancedMel.transcribe: audio_to_gpu=0.3ms, features=0.5ms, model=11.9ms, decode=6.2ms | TOTAL=18.9ms for 3000ms audio (RTF=0.01x)
[TIMING] stream_chunk[experiment-25de5ed629d94c0eabcdb20e0f4b2b76](live_neural): decode=0.1ms, inference=21.6ms, second_pass=0.0ms, contention=0.0ms, TOTAL=22.0ms | audio=600ms, RTF=0.04x | model=enhanced_mel, neural_total=21.2ms, model_inference=11.9ms

[CLIP_017] Pour le piano (Complete)
  excerpt: start=51.00s end=57.00s duration=6.00s gt_notes=197 rms=0.0898 peak=0.4396 crest=4.895 rms_std=0.0142
    control:
      note metrics: precision=0.850 recall=0.807 f1=0.828 matched=159/197 pred=187
      strict onset f1: 10ms=0.604 20ms=0.818 30ms=0.828
      timing metrics: offset_f1=0.818 rhythm_precision=0.981 note_value_acc=0.553 note_value_n=159 avg_beat_error=0.053
      duplicate metrics: duplicates=21 per_100_notes=11.23
      boundary metrics: gt=67 matched=61 missed=6 miss_rate=0.090
      latency: avg_chunk_ms=20.79 p95_chunk_ms=23.75 avg_rtf=0.034
      notation metrics: first_correct_ms=45.8 visible_p50_ms=352.8 visible_p95_ms=591.0 stabilize_p50_ms=2029.3 stabilize_p95_ms=2940.9 avg_revisions=2.65 matched=26 refined=26 snapshots=19
      algorithmic latency: first_correct_ms=24.0 visible_p50_ms=332.8 visible_p95_ms=569.0 stabilize_p50_ms=1815.6 stabilize_p95_ms=2409.6
      final display note metrics: precision=0.963 recall=0.797 f1=0.872 matched=157/197 pred=163
      final display strict onset f1: 10ms=0.600 20ms=0.861 30ms=0.872
      final display timing: offset_f1=0.856 rhythm_precision=0.981 note_value_acc=0.299 note_value_n=157 avg_beat_error=0.111
      final display structure: cluster_f1=0.184 onset_align_recall=0.829 avg_jaccard=0.753 exact=7/41 pred=35 over=4 under=19 pitch_conflicts=4 missed_gt=7
      threshold profiles: hit_rate=0.000 thresholds=[0.75] profiles={'fixed_baseline': 10}
    treatment:
      note metrics: precision=0.850 recall=0.807 f1=0.828 matched=159/197 pred=187
      strict onset f1: 10ms=0.604 20ms=0.818 30ms=0.828
      timing metrics: offset_f1=0.818 rhythm_precision=0.981 note_value_acc=0.553 note_value_n=159 avg_beat_error=0.053
      duplicate metrics: duplicates=21 per_100_notes=11.23
      boundary metrics: gt=67 matched=61 missed=6 miss_rate=0.090
      latency: avg_chunk_ms=21.60 p95_chunk_ms=25.56 avg_rtf=0.036
      notation metrics: first_correct_ms=46.2 visible_p50_ms=354.4 visible_p95_ms=591.1 stabilize_p50_ms=2029.0 stabilize_p95_ms=2942.1 avg_revisions=2.65 matched=26 refined=26 snapshots=19
      algorithmic latency: first_correct_ms=24.0 visible_p50_ms=332.8 visible_p95_ms=569.0 stabilize_p50_ms=1815.6 stabilize_p95_ms=2409.6
      final display note metrics: precision=0.963 recall=0.797 f1=0.872 matched=157/197 pred=163
      final display strict onset f1: 10ms=0.600 20ms=0.861 30ms=0.872
      final display timing: offset_f1=0.856 rhythm_precision=0.981 note_value_acc=0.299 note_value_n=157 avg_beat_error=0.111
      final display structure: cluster_f1=0.184 onset_align_recall=0.829 avg_jaccard=0.753 exact=7/41 pred=35 over=4 under=19 pitch_conflicts=4 missed_gt=7
      threshold profiles: hit_rate=0.000 thresholds=[0.75] profiles={'baseline_nominal': 10}
    delta treatment-control: precision=+0.000 recall=+0.000 f1=+0.000 offset_f1=+0.000 note_value_acc=+0.000 dup_per_100=+0.00 boundary_miss_rate=+0.000 p95_chunk_ms=+1.81 f1_10ms=+0.000 f1_20ms=+0.000 f1_30ms=+0.000 visible_p50_ms=+1.6 stabilize_p50_ms=-0.3 algo_visible_p50_ms=+0.0 algo_stabilize_p50_ms=+0.0 avg_revisions=+0.00 display_note_f1=+0.000 display_offset_f1=+0.000 display_cluster_f1=+0.000 display_cluster_jaccard=+0.000
    failure buckets: ['boundary_miss_failure', 'high_revision_slow_stabilization']
      boundary diagnostics: missed=6 by_arm={'control': 6, 'treatment': 6} tags={'control_boundary_miss': 6, 'no_control_coarse_candidate': 6}
        miss: pitch=70 onset=0.595s boundary_delta_ms=-5.2 control_coarse=False treatment_coarse=False retro=n/a
        miss: pitch=77 onset=0.614s boundary_delta_ms=+13.5 control_coarse=False treatment_coarse=False retro=n/a
        miss: pitch=84 onset=3.560s boundary_delta_ms=-39.6 control_coarse=False treatment_coarse=False retro=n/a
        ... 3 more missed boundary notes in diagnostics JSON
[TIMING] EnhancedMel.transcribe: audio_to_gpu=4.7ms, features=0.6ms, model=11.2ms, decode=1.4ms | TOTAL=17.9ms for 600ms audio (RTF=0.03x)
[TIMING] stream_chunk[experiment-81bbafbd113e4c5aa674fe15d0ec3255](live_neural): decode=0.1ms, inference=20.2ms, second_pass=0.0ms, contention=0.0ms, TOTAL=20.5ms | audio=600ms, RTF=0.03x | model=enhanced_mel, neural_total=19.8ms, model_inference=11.2ms
[TIMING] EnhancedMel.transcribe: audio_to_gpu=0.1ms, features=1.6ms, model=10.4ms, decode=2.6ms | TOTAL=14.6ms for 1200ms audio (RTF=0.01x)
[TIMING] stream_chunk[experiment-81bbafbd113e4c5aa674fe15d0ec3255](live_neural): decode=0.2ms, inference=17.0ms, second_pass=0.0ms, contention=0.0ms, TOTAL=17.3ms | audio=600ms, RTF=0.03x | model=enhanced_mel, neural_total=16.6ms, model_inference=10.4ms
[TIMING] EnhancedMel.transcribe: audio_to_gpu=0.1ms, features=4.2ms, model=10.7ms, decode=3.7ms | TOTAL=18.8ms for 1800ms audio (RTF=0.01x)
[TIMING] stream_chunk[experiment-81bbafbd113e4c5aa674fe15d0ec3255](live_neural): decode=0.1ms, inference=21.0ms, second_pass=0.0ms, contention=0.0ms, TOTAL=21.3ms | audio=600ms, RTF=0.04x | model=enhanced_mel, neural_total=20.6ms, model_inference=10.7ms
[TIMING] EnhancedMel.transcribe: audio_to_gpu=0.3ms, features=0.6ms, model=15.6ms, decode=4.8ms | TOTAL=21.2ms for 2400ms audio (RTF=0.01x)
[TIMING] stream_chunk[experiment-81bbafbd113e4c5aa674fe15d0ec3255](live_neural): decode=0.2ms, inference=23.6ms, second_pass=0.0ms, contention=0.0ms, TOTAL=24.0ms | audio=600ms, RTF=0.04x | model=enhanced_mel, neural_total=23.2ms, model_inference=15.6ms
[TIMING] EnhancedMel.transcribe: audio_to_gpu=0.2ms, features=0.5ms, model=12.1ms, decode=5.7ms | TOTAL=18.5ms for 3000ms audio (RTF=0.01x)
[TIMING] stream_chunk[experiment-81bbafbd113e4c5aa674fe15d0ec3255](live_neural): decode=0.1ms, inference=21.0ms, second_pass=0.0ms, contention=0.0ms, TOTAL=21.6ms | audio=600ms, RTF=0.04x | model=enhanced_mel, neural_total=20.6ms, model_inference=12.1ms
[TIMING] EnhancedMel.transcribe: audio_to_gpu=0.2ms, features=0.6ms, model=12.3ms, decode=5.8ms | TOTAL=18.9ms for 3000ms audio (RTF=0.01x)
[TIMING] stream_chunk[experiment-81bbafbd113e4c5aa674fe15d0ec3255](live_neural): decode=0.1ms, inference=21.7ms, second_pass=0.0ms, contention=0.0ms, TOTAL=21.9ms | audio=600ms, RTF=0.04x | model=enhanced_mel, neural_total=21.3ms, model_inference=12.3ms
[TIMING] EnhancedMel.transcribe: audio_to_gpu=0.2ms, features=2.3ms, model=11.7ms, decode=6.0ms | TOTAL=20.2ms for 3000ms audio (RTF=0.01x)
[TIMING] stream_chunk[experiment-81bbafbd113e4c5aa674fe15d0ec3255](live_neural): decode=0.1ms, inference=23.7ms, second_pass=0.0ms, contention=0.0ms, TOTAL=24.0ms | audio=600ms, RTF=0.04x | model=enhanced_mel, neural_total=23.3ms, model_inference=11.7ms
[TIMING] EnhancedMel.transcribe: audio_to_gpu=0.3ms, features=0.9ms, model=14.0ms, decode=5.6ms | TOTAL=20.8ms for 3000ms audio (RTF=0.01x)
[TIMING] stream_chunk[experiment-81bbafbd113e4c5aa674fe15d0ec3255](live_neural): decode=0.1ms, inference=23.2ms, second_pass=0.0ms, contention=0.0ms, TOTAL=23.5ms | audio=600ms, RTF=0.04x | model=enhanced_mel, neural_total=22.8ms, model_inference=14.0ms
[TIMING] EnhancedMel.transcribe: audio_to_gpu=0.3ms, features=0.5ms, model=12.0ms, decode=5.8ms | TOTAL=18.6ms for 3000ms audio (RTF=0.01x)
[TIMING] stream_chunk[experiment-81bbafbd113e4c5aa674fe15d0ec3255](live_neural): decode=0.1ms, inference=20.9ms, second_pass=0.0ms, contention=0.0ms, TOTAL=21.1ms | audio=600ms, RTF=0.04x | model=enhanced_mel, neural_total=20.5ms, model_inference=12.0ms
[TIMING] EnhancedMel.transcribe: audio_to_gpu=0.3ms, features=0.6ms, model=11.6ms, decode=5.8ms | TOTAL=18.3ms for 3000ms audio (RTF=0.01x)
[TIMING] stream_chunk[experiment-81bbafbd113e4c5aa674fe15d0ec3255](live_neural): decode=0.1ms, inference=20.8ms, second_pass=0.0ms, contention=0.0ms, TOTAL=21.0ms | audio=600ms, RTF=0.04x | model=enhanced_mel, neural_total=20.3ms, model_inference=11.6ms
[TIMING] EnhancedMel.transcribe: audio_to_gpu=0.2ms, features=0.5ms, model=10.1ms, decode=1.3ms | TOTAL=12.2ms for 600ms audio (RTF=0.02x)
[TIMING] stream_chunk[experiment-7ea410e668c84089bba4a1490cb092ff](live_neural): decode=0.1ms, inference=13.8ms, second_pass=0.0ms, contention=0.0ms, TOTAL=14.0ms | audio=600ms, RTF=0.02x | model=enhanced_mel, neural_total=13.4ms, model_inference=10.1ms
[TIMING] EnhancedMel.transcribe: audio_to_gpu=0.1ms, features=0.4ms, model=10.1ms, decode=2.5ms | TOTAL=13.1ms for 1200ms audio (RTF=0.01x)
[TIMING] stream_chunk[experiment-7ea410e668c84089bba4a1490cb092ff](live_neural): decode=0.1ms, inference=15.0ms, second_pass=0.0ms, contention=0.0ms, TOTAL=15.4ms | audio=600ms, RTF=0.03x | model=enhanced_mel, neural_total=14.6ms, model_inference=10.1ms
[TIMING] EnhancedMel.transcribe: audio_to_gpu=0.3ms, features=0.6ms, model=17.8ms, decode=3.6ms | TOTAL=22.4ms for 1800ms audio (RTF=0.01x)
[TIMING] stream_chunk[experiment-7ea410e668c84089bba4a1490cb092ff](live_neural): decode=0.1ms, inference=24.5ms, second_pass=0.0ms, contention=0.0ms, TOTAL=24.7ms | audio=600ms, RTF=0.04x | model=enhanced_mel, neural_total=24.2ms, model_inference=17.8ms
[TIMING] EnhancedMel.transcribe: audio_to_gpu=0.3ms, features=0.5ms, model=11.2ms, decode=5.3ms | TOTAL=17.3ms for 2400ms audio (RTF=0.01x)
[TIMING] stream_chunk[experiment-7ea410e668c84089bba4a1490cb092ff](live_neural): decode=0.1ms, inference=21.3ms, second_pass=0.0ms, contention=0.0ms, TOTAL=21.6ms | audio=600ms, RTF=0.04x | model=enhanced_mel, neural_total=20.9ms, model_inference=11.2ms
[TIMING] EnhancedMel.transcribe: audio_to_gpu=0.2ms, features=0.5ms, model=12.5ms, decode=5.7ms | TOTAL=18.9ms for 3000ms audio (RTF=0.01x)
[TIMING] stream_chunk[experiment-7ea410e668c84089bba4a1490cb092ff](live_neural): decode=0.1ms, inference=21.3ms, second_pass=0.0ms, contention=0.0ms, TOTAL=21.6ms | audio=600ms, RTF=0.04x | model=enhanced_mel, neural_total=20.9ms, model_inference=12.5ms
[TIMING] EnhancedMel.transcribe: audio_to_gpu=0.2ms, features=0.5ms, model=11.9ms, decode=5.8ms | TOTAL=18.4ms for 3000ms audio (RTF=0.01x)
[TIMING] stream_chunk[experiment-7ea410e668c84089bba4a1490cb092ff](live_neural): decode=0.1ms, inference=21.4ms, second_pass=0.0ms, contention=0.0ms, TOTAL=21.7ms | audio=600ms, RTF=0.04x | model=enhanced_mel, neural_total=21.0ms, model_inference=11.9ms
[TIMING] EnhancedMel.transcribe: audio_to_gpu=0.2ms, features=0.4ms, model=12.6ms, decode=6.6ms | TOTAL=19.8ms for 3000ms audio (RTF=0.01x)
[TIMING] stream_chunk[experiment-7ea410e668c84089bba4a1490cb092ff](live_neural): decode=0.1ms, inference=22.3ms, second_pass=0.0ms, contention=0.0ms, TOTAL=22.6ms | audio=600ms, RTF=0.04x | model=enhanced_mel, neural_total=21.9ms, model_inference=12.6ms
[TIMING] EnhancedMel.transcribe: audio_to_gpu=0.2ms, features=0.5ms, model=11.8ms, decode=6.7ms | TOTAL=19.2ms for 3000ms audio (RTF=0.01x)
[TIMING] stream_chunk[experiment-7ea410e668c84089bba4a1490cb092ff](live_neural): decode=0.1ms, inference=22.9ms, second_pass=0.0ms, contention=0.0ms, TOTAL=23.1ms | audio=600ms, RTF=0.04x | model=enhanced_mel, neural_total=22.4ms, model_inference=11.8ms
[TIMING] EnhancedMel.transcribe: audio_to_gpu=0.3ms, features=0.5ms, model=12.8ms, decode=5.8ms | TOTAL=19.4ms for 3000ms audio (RTF=0.01x)
[TIMING] stream_chunk[experiment-7ea410e668c84089bba4a1490cb092ff](live_neural): decode=0.1ms, inference=21.6ms, second_pass=0.0ms, contention=0.0ms, TOTAL=21.9ms | audio=600ms, RTF=0.04x | model=enhanced_mel, neural_total=21.3ms, model_inference=12.8ms
[TIMING] EnhancedMel.transcribe: audio_to_gpu=0.3ms, features=2.5ms, model=11.8ms, decode=5.7ms | TOTAL=20.3ms for 3000ms audio (RTF=0.01x)
[TIMING] stream_chunk[experiment-7ea410e668c84089bba4a1490cb092ff](live_neural): decode=0.1ms, inference=22.6ms, second_pass=0.0ms, contention=0.0ms, TOTAL=22.9ms | audio=600ms, RTF=0.04x | model=enhanced_mel, neural_total=22.2ms, model_inference=11.8ms

[CLIP_018] Sonata in D Major, K96
  excerpt: start=9.00s end=15.00s duration=6.00s gt_notes=135 rms=0.0710 peak=0.4131 crest=5.817 rms_std=0.0138
    control:
      note metrics: precision=0.899 recall=0.926 f1=0.912 matched=125/135 pred=139
      strict onset f1: 10ms=0.832 20ms=0.905 30ms=0.912
      timing metrics: offset_f1=0.847 rhythm_precision=0.928 note_value_acc=0.864 note_value_n=125 avg_beat_error=0.021
      duplicate metrics: duplicates=11 per_100_notes=7.91
      boundary metrics: gt=46 matched=43 missed=3 miss_rate=0.065
      latency: avg_chunk_ms=21.61 p95_chunk_ms=23.98 avg_rtf=0.036
      notation metrics: first_correct_ms=73.6 visible_p50_ms=436.9 visible_p95_ms=558.3 stabilize_p50_ms=1795.5 stabilize_p95_ms=2363.9 avg_revisions=1.67 matched=15 refined=15 snapshots=15
      algorithmic latency: first_correct_ms=53.1 visible_p50_ms=416.4 visible_p95_ms=539.0 stabilize_p50_ms=1662.0 stabilize_p95_ms=2280.1
      final display note metrics: precision=0.976 recall=0.919 f1=0.947 matched=124/135 pred=127
      final display strict onset f1: 10ms=0.855 20ms=0.939 30ms=0.947
      final display timing: offset_f1=0.878 rhythm_precision=0.927 note_value_acc=0.395 note_value_n=124 avg_beat_error=0.125
      final display structure: cluster_f1=0.612 onset_align_recall=0.932 avg_jaccard=0.865 exact=26/44 pred=41 over=5 under=8 pitch_conflicts=2 missed_gt=3
      threshold profiles: hit_rate=0.000 thresholds=[0.75] profiles={'fixed_baseline': 10}
    treatment:
      note metrics: precision=0.899 recall=0.926 f1=0.912 matched=125/135 pred=139
      strict onset f1: 10ms=0.832 20ms=0.905 30ms=0.912
      timing metrics: offset_f1=0.847 rhythm_precision=0.928 note_value_acc=0.864 note_value_n=125 avg_beat_error=0.021
      duplicate metrics: duplicates=11 per_100_notes=7.91
      boundary metrics: gt=46 matched=43 missed=3 miss_rate=0.065
      latency: avg_chunk_ms=20.95 p95_chunk_ms=24.02 avg_rtf=0.035
      notation metrics: first_correct_ms=67.1 visible_p50_ms=430.4 visible_p95_ms=557.2 stabilize_p50_ms=1792.2 stabilize_p95_ms=2362.5 avg_revisions=1.67 matched=15 refined=15 snapshots=14
      algorithmic latency: first_correct_ms=53.1 visible_p50_ms=416.4 visible_p95_ms=539.0 stabilize_p50_ms=1662.0 stabilize_p95_ms=2280.1
      final display note metrics: precision=0.976 recall=0.919 f1=0.947 matched=124/135 pred=127
      final display strict onset f1: 10ms=0.855 20ms=0.939 30ms=0.947
      final display timing: offset_f1=0.878 rhythm_precision=0.927 note_value_acc=0.395 note_value_n=124 avg_beat_error=0.125
      final display structure: cluster_f1=0.612 onset_align_recall=0.932 avg_jaccard=0.865 exact=26/44 pred=41 over=5 under=8 pitch_conflicts=2 missed_gt=3
      threshold profiles: hit_rate=0.000 thresholds=[0.75] profiles={'baseline_nominal': 10}
    delta treatment-control: precision=+0.000 recall=+0.000 f1=+0.000 offset_f1=+0.000 note_value_acc=+0.000 dup_per_100=+0.00 boundary_miss_rate=+0.000 p95_chunk_ms=+0.05 f1_10ms=+0.000 f1_20ms=+0.000 f1_30ms=+0.000 visible_p50_ms=-6.4 stabilize_p50_ms=-3.3 algo_visible_p50_ms=+0.0 algo_stabilize_p50_ms=+0.0 avg_revisions=+0.00 display_note_f1=+0.000 display_offset_f1=+0.000 display_cluster_f1=+0.000 display_cluster_jaccard=+0.000
    failure buckets: ['boundary_miss_failure', 'high_revision_slow_stabilization']
      boundary diagnostics: missed=3 by_arm={'control': 3, 'treatment': 3} tags={'control_boundary_miss': 3, 'no_control_coarse_candidate': 3}
        miss: pitch=78 onset=0.582s boundary_delta_ms=-18.0 control_coarse=False treatment_coarse=False retro=n/a
        miss: pitch=81 onset=4.704s boundary_delta_ms=-95.6 control_coarse=False treatment_coarse=False retro=n/a
        miss: pitch=69 onset=5.457s boundary_delta_ms=+57.0 control_coarse=False treatment_coarse=False retro=n/a
[TIMING] EnhancedMel.transcribe: audio_to_gpu=0.4ms, features=0.8ms, model=10.2ms, decode=1.4ms | TOTAL=12.8ms for 600ms audio (RTF=0.02x)
[TIMING] stream_chunk[experiment-9155c9efc0a74c2fb3cd23108b7c14d3](live_neural): decode=0.2ms, inference=15.2ms, second_pass=0.0ms, contention=0.0ms, TOTAL=15.4ms | audio=600ms, RTF=0.03x | model=enhanced_mel, neural_total=14.7ms, model_inference=10.2ms
[TIMING] EnhancedMel.transcribe: audio_to_gpu=0.2ms, features=0.3ms, model=9.9ms, decode=2.5ms | TOTAL=12.9ms for 1200ms audio (RTF=0.01x)
[TIMING] stream_chunk[experiment-9155c9efc0a74c2fb3cd23108b7c14d3](live_neural): decode=0.1ms, inference=14.7ms, second_pass=0.0ms, contention=0.0ms, TOTAL=14.9ms | audio=600ms, RTF=0.02x | model=enhanced_mel, neural_total=14.3ms, model_inference=9.9ms
[TIMING] EnhancedMel.transcribe: audio_to_gpu=0.2ms, features=0.4ms, model=10.6ms, decode=3.5ms | TOTAL=14.8ms for 1800ms audio (RTF=0.01x)
[TIMING] stream_chunk[experiment-9155c9efc0a74c2fb3cd23108b7c14d3](live_neural): decode=0.1ms, inference=16.8ms, second_pass=0.0ms, contention=0.0ms, TOTAL=17.0ms | audio=600ms, RTF=0.03x | model=enhanced_mel, neural_total=16.4ms, model_inference=10.6ms
[TIMING] EnhancedMel.transcribe: audio_to_gpu=0.1ms, features=0.4ms, model=11.4ms, decode=4.9ms | TOTAL=16.9ms for 2400ms audio (RTF=0.01x)
[TIMING] stream_chunk[experiment-9155c9efc0a74c2fb3cd23108b7c14d3](live_neural): decode=0.1ms, inference=19.0ms, second_pass=0.0ms, contention=0.0ms, TOTAL=19.3ms | audio=600ms, RTF=0.03x | model=enhanced_mel, neural_total=18.6ms, model_inference=11.4ms
[TIMING] EnhancedMel.transcribe: audio_to_gpu=0.2ms, features=0.5ms, model=12.4ms, decode=5.8ms | TOTAL=19.0ms for 3000ms audio (RTF=0.01x)
[TIMING] stream_chunk[experiment-9155c9efc0a74c2fb3cd23108b7c14d3](live_neural): decode=0.1ms, inference=21.3ms, second_pass=0.0ms, contention=0.0ms, TOTAL=21.6ms | audio=600ms, RTF=0.04x | model=enhanced_mel, neural_total=21.0ms, model_inference=12.4ms
[TIMING] EnhancedMel.transcribe: audio_to_gpu=0.3ms, features=0.5ms, model=12.1ms, decode=6.0ms | TOTAL=18.8ms for 3000ms audio (RTF=0.01x)
[TIMING] stream_chunk[experiment-9155c9efc0a74c2fb3cd23108b7c14d3](live_neural): decode=0.1ms, inference=21.4ms, second_pass=0.0ms, contention=0.0ms, TOTAL=21.8ms | audio=600ms, RTF=0.04x | model=enhanced_mel, neural_total=20.8ms, model_inference=12.1ms
[TIMING] EnhancedMel.transcribe: audio_to_gpu=0.3ms, features=0.5ms, model=12.4ms, decode=5.9ms | TOTAL=19.1ms for 3000ms audio (RTF=0.01x)
[TIMING] stream_chunk[experiment-9155c9efc0a74c2fb3cd23108b7c14d3](live_neural): decode=0.1ms, inference=21.5ms, second_pass=0.0ms, contention=0.0ms, TOTAL=21.8ms | audio=600ms, RTF=0.04x | model=enhanced_mel, neural_total=21.1ms, model_inference=12.4ms
[TIMING] EnhancedMel.transcribe: audio_to_gpu=0.3ms, features=0.6ms, model=12.1ms, decode=6.3ms | TOTAL=19.3ms for 3000ms audio (RTF=0.01x)
[TIMING] stream_chunk[experiment-9155c9efc0a74c2fb3cd23108b7c14d3](live_neural): decode=0.1ms, inference=21.7ms, second_pass=0.0ms, contention=0.0ms, TOTAL=22.0ms | audio=600ms, RTF=0.04x | model=enhanced_mel, neural_total=21.3ms, model_inference=12.1ms
[TIMING] EnhancedMel.transcribe: audio_to_gpu=0.4ms, features=0.5ms, model=11.9ms, decode=6.1ms | TOTAL=18.9ms for 3000ms audio (RTF=0.01x)
[TIMING] stream_chunk[experiment-9155c9efc0a74c2fb3cd23108b7c14d3](live_neural): decode=0.1ms, inference=21.6ms, second_pass=0.0ms, contention=0.0ms, TOTAL=21.9ms | audio=600ms, RTF=0.04x | model=enhanced_mel, neural_total=21.1ms, model_inference=11.9ms
[TIMING] EnhancedMel.transcribe: audio_to_gpu=0.3ms, features=0.7ms, model=11.6ms, decode=6.1ms | TOTAL=18.6ms for 3000ms audio (RTF=0.01x)
[TIMING] stream_chunk[experiment-9155c9efc0a74c2fb3cd23108b7c14d3](live_neural): decode=0.1ms, inference=21.3ms, second_pass=0.0ms, contention=0.0ms, TOTAL=21.6ms | audio=600ms, RTF=0.04x | model=enhanced_mel, neural_total=20.9ms, model_inference=11.6ms
[TIMING] EnhancedMel.transcribe: audio_to_gpu=4.8ms, features=0.6ms, model=10.3ms, decode=1.5ms | TOTAL=17.2ms for 600ms audio (RTF=0.03x)
[TIMING] stream_chunk[experiment-1b96e01975024cb2a7323a86e6c3c2ad](live_neural): decode=0.1ms, inference=18.8ms, second_pass=0.0ms, contention=0.0ms, TOTAL=19.1ms | audio=600ms, RTF=0.03x | model=enhanced_mel, neural_total=18.4ms, model_inference=10.3ms
[TIMING] EnhancedMel.transcribe: audio_to_gpu=0.1ms, features=0.3ms, model=10.1ms, decode=2.6ms | TOTAL=13.2ms for 1200ms audio (RTF=0.01x)
[TIMING] stream_chunk[experiment-1b96e01975024cb2a7323a86e6c3c2ad](live_neural): decode=0.1ms, inference=14.8ms, second_pass=0.0ms, contention=0.0ms, TOTAL=15.1ms | audio=600ms, RTF=0.03x | model=enhanced_mel, neural_total=14.5ms, model_inference=10.1ms
[TIMING] EnhancedMel.transcribe: audio_to_gpu=0.5ms, features=0.4ms, model=10.7ms, decode=3.6ms | TOTAL=15.2ms for 1800ms audio (RTF=0.01x)
[TIMING] stream_chunk[experiment-1b96e01975024cb2a7323a86e6c3c2ad](live_neural): decode=0.2ms, inference=17.2ms, second_pass=0.0ms, contention=0.0ms, TOTAL=17.5ms | audio=600ms, RTF=0.03x | model=enhanced_mel, neural_total=16.8ms, model_inference=10.7ms
[TIMING] EnhancedMel.transcribe: audio_to_gpu=0.2ms, features=4.4ms, model=11.5ms, decode=5.7ms | TOTAL=21.8ms for 2400ms audio (RTF=0.01x)
[TIMING] stream_chunk[experiment-1b96e01975024cb2a7323a86e6c3c2ad](live_neural): decode=0.1ms, inference=24.2ms, second_pass=0.0ms, contention=0.0ms, TOTAL=24.6ms | audio=600ms, RTF=0.04x | model=enhanced_mel, neural_total=23.7ms, model_inference=11.4ms
[TIMING] EnhancedMel.transcribe: audio_to_gpu=0.4ms, features=0.5ms, model=12.0ms, decode=6.0ms | TOTAL=18.9ms for 3000ms audio (RTF=0.01x)
[TIMING] stream_chunk[experiment-1b96e01975024cb2a7323a86e6c3c2ad](live_neural): decode=0.2ms, inference=21.6ms, second_pass=0.0ms, contention=0.0ms, TOTAL=22.2ms | audio=600ms, RTF=0.04x | model=enhanced_mel, neural_total=21.2ms, model_inference=12.0ms
[TIMING] EnhancedMel.transcribe: audio_to_gpu=0.3ms, features=0.5ms, model=12.3ms, decode=6.0ms | TOTAL=19.1ms for 3000ms audio (RTF=0.01x)
[TIMING] stream_chunk[experiment-1b96e01975024cb2a7323a86e6c3c2ad](live_neural): decode=0.1ms, inference=21.6ms, second_pass=0.0ms, contention=0.0ms, TOTAL=22.0ms | audio=600ms, RTF=0.04x | model=enhanced_mel, neural_total=21.2ms, model_inference=12.3ms
[TIMING] EnhancedMel.transcribe: audio_to_gpu=0.3ms, features=0.5ms, model=11.8ms, decode=6.0ms | TOTAL=18.6ms for 3000ms audio (RTF=0.01x)
[TIMING] stream_chunk[experiment-1b96e01975024cb2a7323a86e6c3c2ad](live_neural): decode=0.1ms, inference=21.0ms, second_pass=0.0ms, contention=0.0ms, TOTAL=21.3ms | audio=600ms, RTF=0.04x | model=enhanced_mel, neural_total=20.6ms, model_inference=11.8ms
[TIMING] EnhancedMel.transcribe: audio_to_gpu=0.3ms, features=0.5ms, model=11.7ms, decode=6.0ms | TOTAL=18.5ms for 3000ms audio (RTF=0.01x)
[TIMING] stream_chunk[experiment-1b96e01975024cb2a7323a86e6c3c2ad](live_neural): decode=0.1ms, inference=21.0ms, second_pass=0.0ms, contention=0.0ms, TOTAL=21.4ms | audio=600ms, RTF=0.04x | model=enhanced_mel, neural_total=20.5ms, model_inference=11.7ms
[TIMING] EnhancedMel.transcribe: audio_to_gpu=0.3ms, features=0.5ms, model=12.3ms, decode=6.0ms | TOTAL=19.1ms for 3000ms audio (RTF=0.01x)
[TIMING] stream_chunk[experiment-1b96e01975024cb2a7323a86e6c3c2ad](live_neural): decode=0.2ms, inference=22.5ms, second_pass=0.0ms, contention=0.0ms, TOTAL=22.9ms | audio=600ms, RTF=0.04x | model=enhanced_mel, neural_total=22.1ms, model_inference=12.3ms
[TIMING] EnhancedMel.transcribe: audio_to_gpu=0.3ms, features=0.5ms, model=12.5ms, decode=5.9ms | TOTAL=19.2ms for 3000ms audio (RTF=0.01x)
[TIMING] stream_chunk[experiment-1b96e01975024cb2a7323a86e6c3c2ad](live_neural): decode=0.1ms, inference=21.7ms, second_pass=0.0ms, contention=0.0ms, TOTAL=22.1ms | audio=600ms, RTF=0.04x | model=enhanced_mel, neural_total=21.3ms, model_inference=12.5ms

[CLIP_019] Concert Etude No. 2, "Gnomenreigen", S. 145/2
  excerpt: start=63.00s end=69.00s duration=6.00s gt_notes=178 rms=0.1284 peak=0.5428 crest=4.227 rms_std=0.0274
    control:
      note metrics: precision=0.927 recall=0.787 f1=0.851 matched=140/178 pred=151
      strict onset f1: 10ms=0.711 20ms=0.839 30ms=0.851
      timing metrics: offset_f1=0.827 rhythm_precision=0.971 note_value_acc=0.764 note_value_n=140 avg_beat_error=0.026
      duplicate metrics: duplicates=7 per_100_notes=4.64
      boundary metrics: gt=55 matched=47 missed=8 miss_rate=0.145
      latency: avg_chunk_ms=19.75 p95_chunk_ms=21.99 avg_rtf=0.033
      notation metrics: first_correct_ms=51.6 visible_p50_ms=344.4 visible_p95_ms=618.4 stabilize_p50_ms=1573.1 stabilize_p95_ms=2055.2 avg_revisions=1.67 matched=63 refined=63 snapshots=21
      algorithmic latency: first_correct_ms=29.9 visible_p50_ms=324.5 visible_p95_ms=596.7 stabilize_p50_ms=1132.0 stabilize_p95_ms=1608.4
      final display note metrics: precision=0.972 recall=0.781 f1=0.866 matched=139/178 pred=143
      final display strict onset f1: 10ms=0.729 20ms=0.847 30ms=0.866
      final display timing: offset_f1=0.841 rhythm_precision=0.971 note_value_acc=0.273 note_value_n=139 avg_beat_error=0.111
      final display structure: cluster_f1=0.486 onset_align_recall=0.885 avg_jaccard=0.767 exact=36/78 pred=70 over=8 under=21 pitch_conflicts=4 missed_gt=9
      threshold profiles: hit_rate=0.000 thresholds=[0.75] profiles={'fixed_baseline': 10}
    treatment:
      note metrics: precision=0.945 recall=0.775 f1=0.852 matched=138/178 pred=146
      strict onset f1: 10ms=0.704 20ms=0.840 30ms=0.852
      timing metrics: offset_f1=0.827 rhythm_precision=0.971 note_value_acc=0.761 note_value_n=138 avg_beat_error=0.027
      duplicate metrics: duplicates=6 per_100_notes=4.11
      boundary metrics: gt=55 matched=47 missed=8 miss_rate=0.145
      latency: avg_chunk_ms=20.81 p95_chunk_ms=23.81 avg_rtf=0.035
      notation metrics: first_correct_ms=52.0 visible_p50_ms=346.1 visible_p95_ms=652.7 stabilize_p50_ms=1137.3 stabilize_p95_ms=2086.7 avg_revisions=1.41 matched=64 refined=64 snapshots=21
      algorithmic latency: first_correct_ms=29.9 visible_p50_ms=325.9 visible_p95_ms=631.1 stabilize_p50_ms=693.0 stabilize_p95_ms=1640.9
      final display note metrics: precision=0.985 recall=0.758 f1=0.857 matched=135/178 pred=137
      final display strict onset f1: 10ms=0.717 20ms=0.838 30ms=0.857
      final display timing: offset_f1=0.832 rhythm_precision=0.970 note_value_acc=0.207 note_value_n=135 avg_beat_error=0.115
      final display structure: cluster_f1=0.476 onset_align_recall=0.872 avg_jaccard=0.768 exact=35/78 pred=69 over=7 under=22 pitch_conflicts=4 missed_gt=10
      threshold profiles: hit_rate=1.000 thresholds=[0.77] profiles={'loud_dense_precision': 10}
    delta treatment-control: precision=+0.018 recall=-0.011 f1=+0.001 offset_f1=+0.000 note_value_acc=-0.003 dup_per_100=-0.53 boundary_miss_rate=+0.000 p95_chunk_ms=+1.82 f1_10ms=-0.008 f1_20ms=+0.001 f1_30ms=+0.001 visible_p50_ms=+1.7 stabilize_p50_ms=-435.7 algo_visible_p50_ms=+1.4 algo_stabilize_p50_ms=-439.1 avg_revisions=-0.26 display_note_f1=-0.009 display_offset_f1=-0.009 display_cluster_f1=-0.010 display_cluster_jaccard=+0.001
    failure buckets: ['boundary_miss_failure', 'high_revision_slow_stabilization']
      boundary diagnostics: missed=8 by_arm={'control': 8, 'treatment': 8} tags={'control_boundary_miss': 8, 'no_control_coarse_candidate': 8}
        miss: pitch=73 onset=0.659s boundary_delta_ms=+58.9 control_coarse=False treatment_coarse=False retro=n/a
        miss: pitch=87 onset=1.128s boundary_delta_ms=-72.4 control_coarse=False treatment_coarse=False retro=n/a
        miss: pitch=88 onset=2.467s boundary_delta_ms=+67.4 control_coarse=False treatment_coarse=False retro=n/a
        ... 5 more missed boundary notes in diagnostics JSON
[TIMING] EnhancedMel.transcribe: audio_to_gpu=0.4ms, features=0.5ms, model=10.0ms, decode=1.4ms | TOTAL=12.3ms for 600ms audio (RTF=0.02x)
[TIMING] stream_chunk[experiment-cbd8198e6f734ff2967ea571cdae9a43](live_neural): decode=0.2ms, inference=14.3ms, second_pass=0.0ms, contention=0.0ms, TOTAL=14.6ms | audio=600ms, RTF=0.02x | model=enhanced_mel, neural_total=13.9ms, model_inference=10.0ms
[TIMING] EnhancedMel.transcribe: audio_to_gpu=0.2ms, features=0.5ms, model=14.7ms, decode=2.6ms | TOTAL=17.9ms for 1200ms audio (RTF=0.01x)
[TIMING] stream_chunk[experiment-cbd8198e6f734ff2967ea571cdae9a43](live_neural): decode=0.1ms, inference=19.6ms, second_pass=0.0ms, contention=0.0ms, TOTAL=19.9ms | audio=600ms, RTF=0.03x | model=enhanced_mel, neural_total=19.3ms, model_inference=14.7ms
[TIMING] EnhancedMel.transcribe: audio_to_gpu=0.3ms, features=0.5ms, model=11.0ms, decode=4.3ms | TOTAL=16.1ms for 1800ms audio (RTF=0.01x)
[TIMING] stream_chunk[experiment-cbd8198e6f734ff2967ea571cdae9a43](live_neural): decode=0.1ms, inference=20.2ms, second_pass=0.0ms, contention=0.0ms, TOTAL=20.4ms | audio=600ms, RTF=0.03x | model=enhanced_mel, neural_total=19.8ms, model_inference=11.0ms
[TIMING] EnhancedMel.transcribe: audio_to_gpu=0.2ms, features=3.4ms, model=12.1ms, decode=5.6ms | TOTAL=21.3ms for 2400ms audio (RTF=0.01x)
[TIMING] stream_chunk[experiment-cbd8198e6f734ff2967ea571cdae9a43](live_neural): decode=0.1ms, inference=23.9ms, second_pass=0.0ms, contention=0.0ms, TOTAL=24.2ms | audio=600ms, RTF=0.04x | model=enhanced_mel, neural_total=23.4ms, model_inference=12.1ms
[TIMING] EnhancedMel.transcribe: audio_to_gpu=0.3ms, features=0.7ms, model=14.3ms, decode=6.7ms | TOTAL=21.9ms for 3000ms audio (RTF=0.01x)
[TIMING] stream_chunk[experiment-cbd8198e6f734ff2967ea571cdae9a43](live_neural): decode=0.1ms, inference=24.3ms, second_pass=0.0ms, contention=0.0ms, TOTAL=24.8ms | audio=600ms, RTF=0.04x | model=enhanced_mel, neural_total=23.9ms, model_inference=14.3ms
[TIMING] EnhancedMel.transcribe: audio_to_gpu=0.4ms, features=0.5ms, model=12.1ms, decode=5.9ms | TOTAL=18.9ms for 3000ms audio (RTF=0.01x)
[TIMING] stream_chunk[experiment-cbd8198e6f734ff2967ea571cdae9a43](live_neural): decode=0.1ms, inference=22.3ms, second_pass=0.0ms, contention=0.0ms, TOTAL=22.6ms | audio=600ms, RTF=0.04x | model=enhanced_mel, neural_total=21.8ms, model_inference=12.1ms
[TIMING] EnhancedMel.transcribe: audio_to_gpu=0.3ms, features=0.5ms, model=11.5ms, decode=6.2ms | TOTAL=18.6ms for 3000ms audio (RTF=0.01x)
[TIMING] stream_chunk[experiment-cbd8198e6f734ff2967ea571cdae9a43](live_neural): decode=0.1ms, inference=22.0ms, second_pass=0.0ms, contention=0.0ms, TOTAL=22.4ms | audio=600ms, RTF=0.04x | model=enhanced_mel, neural_total=21.6ms, model_inference=11.5ms
[TIMING] EnhancedMel.transcribe: audio_to_gpu=0.3ms, features=0.5ms, model=11.5ms, decode=6.0ms | TOTAL=18.3ms for 3000ms audio (RTF=0.01x)
[TIMING] stream_chunk[experiment-cbd8198e6f734ff2967ea571cdae9a43](live_neural): decode=0.1ms, inference=20.7ms, second_pass=0.0ms, contention=0.0ms, TOTAL=21.1ms | audio=600ms, RTF=0.04x | model=enhanced_mel, neural_total=20.3ms, model_inference=11.5ms
[TIMING] EnhancedMel.transcribe: audio_to_gpu=0.3ms, features=0.5ms, model=11.9ms, decode=5.9ms | TOTAL=18.6ms for 3000ms audio (RTF=0.01x)
[TIMING] stream_chunk[experiment-cbd8198e6f734ff2967ea571cdae9a43](live_neural): decode=0.1ms, inference=22.1ms, second_pass=0.0ms, contention=0.0ms, TOTAL=22.5ms | audio=600ms, RTF=0.04x | model=enhanced_mel, neural_total=21.5ms, model_inference=11.9ms
[TIMING] EnhancedMel.transcribe: audio_to_gpu=0.3ms, features=0.7ms, model=12.4ms, decode=7.1ms | TOTAL=20.6ms for 3000ms audio (RTF=0.01x)
[TIMING] stream_chunk[experiment-cbd8198e6f734ff2967ea571cdae9a43](live_neural): decode=0.1ms, inference=24.2ms, second_pass=0.0ms, contention=0.0ms, TOTAL=24.5ms | audio=600ms, RTF=0.04x | model=enhanced_mel, neural_total=23.6ms, model_inference=12.4ms
[TIMING] EnhancedMel.transcribe: audio_to_gpu=0.4ms, features=0.5ms, model=10.9ms, decode=1.4ms | TOTAL=13.2ms for 600ms audio (RTF=0.02x)
[TIMING] stream_chunk[experiment-07c699be67b84deb8cb542d09c37b250](live_neural): decode=0.2ms, inference=14.9ms, second_pass=0.0ms, contention=0.0ms, TOTAL=15.2ms | audio=600ms, RTF=0.03x | model=enhanced_mel, neural_total=14.4ms, model_inference=10.9ms
[TIMING] EnhancedMel.transcribe: audio_to_gpu=0.1ms, features=0.3ms, model=11.0ms, decode=2.5ms | TOTAL=14.0ms for 1200ms audio (RTF=0.01x)
[TIMING] stream_chunk[experiment-07c699be67b84deb8cb542d09c37b250](live_neural): decode=0.1ms, inference=15.7ms, second_pass=0.0ms, contention=0.0ms, TOTAL=15.9ms | audio=600ms, RTF=0.03x | model=enhanced_mel, neural_total=15.3ms, model_inference=11.0ms
[TIMING] EnhancedMel.transcribe: audio_to_gpu=0.1ms, features=0.4ms, model=10.9ms, decode=3.6ms | TOTAL=15.1ms for 1800ms audio (RTF=0.01x)
[TIMING] stream_chunk[experiment-07c699be67b84deb8cb542d09c37b250](live_neural): decode=0.1ms, inference=17.0ms, second_pass=0.0ms, contention=0.0ms, TOTAL=17.3ms | audio=600ms, RTF=0.03x | model=enhanced_mel, neural_total=16.6ms, model_inference=10.9ms
[TIMING] EnhancedMel.transcribe: audio_to_gpu=0.3ms, features=0.5ms, model=11.1ms, decode=4.8ms | TOTAL=16.7ms for 2400ms audio (RTF=0.01x)
[TIMING] stream_chunk[experiment-07c699be67b84deb8cb542d09c37b250](live_neural): decode=0.1ms, inference=19.8ms, second_pass=0.0ms, contention=0.0ms, TOTAL=20.1ms | audio=600ms, RTF=0.03x | model=enhanced_mel, neural_total=19.5ms, model_inference=11.1ms
[TIMING] EnhancedMel.transcribe: audio_to_gpu=0.2ms, features=0.4ms, model=12.2ms, decode=5.9ms | TOTAL=18.7ms for 3000ms audio (RTF=0.01x)
[TIMING] stream_chunk[experiment-07c699be67b84deb8cb542d09c37b250](live_neural): decode=0.1ms, inference=22.2ms, second_pass=0.0ms, contention=0.0ms, TOTAL=22.7ms | audio=600ms, RTF=0.04x | model=enhanced_mel, neural_total=21.8ms, model_inference=12.2ms
[TIMING] EnhancedMel.transcribe: audio_to_gpu=0.2ms, features=0.5ms, model=12.1ms, decode=5.8ms | TOTAL=18.7ms for 3000ms audio (RTF=0.01x)
[TIMING] stream_chunk[experiment-07c699be67b84deb8cb542d09c37b250](live_neural): decode=0.1ms, inference=22.0ms, second_pass=0.0ms, contention=0.0ms, TOTAL=22.3ms | audio=600ms, RTF=0.04x | model=enhanced_mel, neural_total=21.6ms, model_inference=12.1ms
[TIMING] EnhancedMel.transcribe: audio_to_gpu=0.8ms, features=0.5ms, model=16.2ms, decode=6.7ms | TOTAL=24.2ms for 3000ms audio (RTF=0.01x)
[TIMING] stream_chunk[experiment-07c699be67b84deb8cb542d09c37b250](live_neural): decode=0.1ms, inference=26.9ms, second_pass=0.0ms, contention=0.0ms, TOTAL=27.3ms | audio=600ms, RTF=0.05x | model=enhanced_mel, neural_total=26.3ms, model_inference=16.2ms
[TIMING] EnhancedMel.transcribe: audio_to_gpu=0.3ms, features=0.5ms, model=13.3ms, decode=6.0ms | TOTAL=20.2ms for 3000ms audio (RTF=0.01x)
[TIMING] stream_chunk[experiment-07c699be67b84deb8cb542d09c37b250](live_neural): decode=0.1ms, inference=23.0ms, second_pass=0.0ms, contention=0.0ms, TOTAL=23.4ms | audio=600ms, RTF=0.04x | model=enhanced_mel, neural_total=22.4ms, model_inference=13.3ms
[TIMING] EnhancedMel.transcribe: audio_to_gpu=0.3ms, features=0.5ms, model=13.9ms, decode=6.2ms | TOTAL=20.9ms for 3000ms audio (RTF=0.01x)
[TIMING] stream_chunk[experiment-07c699be67b84deb8cb542d09c37b250](live_neural): decode=0.1ms, inference=23.4ms, second_pass=0.0ms, contention=0.0ms, TOTAL=23.8ms | audio=600ms, RTF=0.04x | model=enhanced_mel, neural_total=23.0ms, model_inference=13.9ms
[TIMING] EnhancedMel.transcribe: audio_to_gpu=0.3ms, features=0.5ms, model=11.6ms, decode=5.8ms | TOTAL=18.2ms for 3000ms audio (RTF=0.01x)
[TIMING] stream_chunk[experiment-07c699be67b84deb8cb542d09c37b250](live_neural): decode=0.2ms, inference=20.8ms, second_pass=0.0ms, contention=0.0ms, TOTAL=21.2ms | audio=600ms, RTF=0.04x | model=enhanced_mel, neural_total=20.3ms, model_inference=11.6ms

[CLIP_020] Concert Etude No. 2 "Gnomenreigen"
  excerpt: start=30.00s end=36.00s duration=6.00s gt_notes=177 rms=0.0476 peak=0.3012 crest=6.327 rms_std=0.0147
    control:
      note metrics: precision=0.962 recall=0.859 f1=0.907 matched=152/177 pred=158
      strict onset f1: 10ms=0.800 20ms=0.901 30ms=0.907
      timing metrics: offset_f1=0.907 rhythm_precision=1.000 note_value_acc=0.836 note_value_n=152 avg_beat_error=0.018
      duplicate metrics: duplicates=6 per_100_notes=3.80
      boundary metrics: gt=54 matched=49 missed=5 miss_rate=0.093
      latency: avg_chunk_ms=21.70 p95_chunk_ms=24.69 avg_rtf=0.036
      notation metrics: first_correct_ms=23.5 visible_p50_ms=368.6 visible_p95_ms=603.3 stabilize_p50_ms=1139.1 stabilize_p95_ms=2017.8 avg_revisions=0.93 matched=59 refined=59 snapshots=20
      algorithmic latency: first_correct_ms=0.0 visible_p50_ms=343.8 visible_p95_ms=578.5 stabilize_p50_ms=759.1 stabilize_p95_ms=1541.6
      final display note metrics: precision=1.000 recall=0.847 f1=0.917 matched=150/177 pred=150
      final display strict onset f1: 10ms=0.807 20ms=0.911 30ms=0.917
      final display timing: offset_f1=0.917 rhythm_precision=1.000 note_value_acc=0.367 note_value_n=150 avg_beat_error=0.111
      final display structure: cluster_f1=0.641 onset_align_recall=0.911 avg_jaccard=0.845 exact=49/79 pred=74 over=4 under=15 pitch_conflicts=4 missed_gt=7
      threshold profiles: hit_rate=0.000 thresholds=[0.75] profiles={'fixed_baseline': 10}
    treatment:
      note metrics: precision=0.962 recall=0.859 f1=0.907 matched=152/177 pred=158
      strict onset f1: 10ms=0.800 20ms=0.901 30ms=0.907
      timing metrics: offset_f1=0.907 rhythm_precision=1.000 note_value_acc=0.836 note_value_n=152 avg_beat_error=0.018
      duplicate metrics: duplicates=6 per_100_notes=3.80
      boundary metrics: gt=54 matched=49 missed=5 miss_rate=0.093
      latency: avg_chunk_ms=20.91 p95_chunk_ms=25.69 avg_rtf=0.035
      notation metrics: first_correct_ms=21.4 visible_p50_ms=366.4 visible_p95_ms=601.0 stabilize_p50_ms=1139.8 stabilize_p95_ms=2017.5 avg_revisions=0.93 matched=59 refined=59 snapshots=20
      algorithmic latency: first_correct_ms=0.0 visible_p50_ms=343.8 visible_p95_ms=578.5 stabilize_p50_ms=759.1 stabilize_p95_ms=1541.6
      final display note metrics: precision=1.000 recall=0.847 f1=0.917 matched=150/177 pred=150
      final display strict onset f1: 10ms=0.807 20ms=0.911 30ms=0.917
      final display timing: offset_f1=0.917 rhythm_precision=1.000 note_value_acc=0.367 note_value_n=150 avg_beat_error=0.111
      final display structure: cluster_f1=0.641 onset_align_recall=0.911 avg_jaccard=0.845 exact=49/79 pred=74 over=4 under=15 pitch_conflicts=4 missed_gt=7
      threshold profiles: hit_rate=0.000 thresholds=[0.75] profiles={'baseline_nominal': 10}
    delta treatment-control: precision=+0.000 recall=+0.000 f1=+0.000 offset_f1=+0.000 note_value_acc=+0.000 dup_per_100=+0.00 boundary_miss_rate=+0.000 p95_chunk_ms=+1.00 f1_10ms=+0.000 f1_20ms=+0.000 f1_30ms=+0.000 visible_p50_ms=-2.1 stabilize_p50_ms=+0.7 algo_visible_p50_ms=+0.0 algo_stabilize_p50_ms=+0.0 avg_revisions=+0.00 display_note_f1=+0.000 display_offset_f1=+0.000 display_cluster_f1=+0.000 display_cluster_jaccard=+0.000C:\Users\ToniH\Documents\GitHub\LiveScore\backend\rhythm_training\train_enhanced_mel_transcriber.py:645: RuntimeWarning: Mean of empty slice.
  pooled = note_value_probs[onset_f:offset_f, key, :].mean(axis=0)
C:\Users\ToniH\Documents\GitHub\LiveScore\backend\env\Lib\site-packages\numpy\_core\_methods.py:137: RuntimeWarning: invalid value encountered in divide
  ret = um.true_divide(

    failure buckets: ['boundary_miss_failure', 'high_revision_slow_stabilization']
      boundary diagnostics: missed=5 by_arm={'control': 5, 'treatment': 5} tags={'control_boundary_miss': 5, 'control_timing_or_quantization_drift': 1, 'no_control_coarse_candidate': 4, 'treatment_candidate_not_retained': 1}
        miss: pitch=71 onset=2.350s boundary_delta_ms=-49.7 control_coarse=False treatment_coarse=False retro=n/a
        miss: pitch=78 onset=3.624s boundary_delta_ms=+23.7 control_coarse=False treatment_coarse=False retro=n/a
        miss: pitch=71 onset=4.159s boundary_delta_ms=-41.1 control_coarse=True treatment_coarse=True retro=n/a
        ... 2 more missed boundary notes in diagnostics JSON
[TIMING] EnhancedMel.transcribe: audio_to_gpu=0.3ms, features=0.5ms, model=10.1ms, decode=1.3ms | TOTAL=12.2ms for 600ms audio (RTF=0.02x)
[TIMING] stream_chunk[experiment-b3391105c80b4f7ab1a88836d488fa2a](live_neural): decode=0.3ms, inference=14.0ms, second_pass=0.0ms, contention=0.0ms, TOTAL=14.3ms | audio=600ms, RTF=0.02x | model=enhanced_mel, neural_total=13.5ms, model_inference=10.1ms
[TIMING] EnhancedMel.transcribe: audio_to_gpu=0.2ms, features=0.5ms, model=10.7ms, decode=2.3ms | TOTAL=13.7ms for 1200ms audio (RTF=0.01x)
[TIMING] stream_chunk[experiment-b3391105c80b4f7ab1a88836d488fa2a](live_neural): decode=0.1ms, inference=16.6ms, second_pass=0.0ms, contention=0.0ms, TOTAL=16.9ms | audio=600ms, RTF=0.03x | model=enhanced_mel, neural_total=16.3ms, model_inference=10.7ms
[TIMING] EnhancedMel.transcribe: audio_to_gpu=0.2ms, features=0.4ms, model=11.7ms, decode=3.3ms | TOTAL=15.6ms for 1800ms audio (RTF=0.01x)
[TIMING] stream_chunk[experiment-b3391105c80b4f7ab1a88836d488fa2a](live_neural): decode=0.1ms, inference=18.4ms, second_pass=0.0ms, contention=0.0ms, TOTAL=18.7ms | audio=600ms, RTF=0.03x | model=enhanced_mel, neural_total=18.0ms, model_inference=11.7ms
[TIMING] EnhancedMel.transcribe: audio_to_gpu=0.3ms, features=0.7ms, model=11.3ms, decode=4.5ms | TOTAL=16.8ms for 2400ms audio (RTF=0.01x)
[TIMING] stream_chunk[experiment-b3391105c80b4f7ab1a88836d488fa2a](live_neural): decode=0.1ms, inference=20.3ms, second_pass=0.0ms, contention=0.0ms, TOTAL=20.6ms | audio=600ms, RTF=0.03x | model=enhanced_mel, neural_total=19.9ms, model_inference=11.3ms
[TIMING] EnhancedMel.transcribe: audio_to_gpu=0.3ms, features=0.5ms, model=12.4ms, decode=5.6ms | TOTAL=18.9ms for 3000ms audio (RTF=0.01x)
[TIMING] stream_chunk[experiment-b3391105c80b4f7ab1a88836d488fa2a](live_neural): decode=0.1ms, inference=21.2ms, second_pass=0.0ms, contention=0.0ms, TOTAL=21.7ms | audio=600ms, RTF=0.04x | model=enhanced_mel, neural_total=20.9ms, model_inference=12.4ms
[TIMING] EnhancedMel.transcribe: audio_to_gpu=0.4ms, features=3.0ms, model=16.1ms, decode=6.3ms | TOTAL=25.8ms for 3000ms audio (RTF=0.01x)
[TIMING] stream_chunk[experiment-b3391105c80b4f7ab1a88836d488fa2a](live_neural): decode=0.1ms, inference=28.4ms, second_pass=0.0ms, contention=0.0ms, TOTAL=28.8ms | audio=600ms, RTF=0.05x | model=enhanced_mel, neural_total=28.0ms, model_inference=16.1ms
[TIMING] EnhancedMel.transcribe: audio_to_gpu=1.2ms, features=0.7ms, model=12.8ms, decode=6.8ms | TOTAL=21.5ms for 3000ms audio (RTF=0.01x)
[TIMING] stream_chunk[experiment-b3391105c80b4f7ab1a88836d488fa2a](live_neural): decode=0.2ms, inference=24.0ms, second_pass=0.0ms, contention=0.0ms, TOTAL=24.5ms | audio=600ms, RTF=0.04x | model=enhanced_mel, neural_total=23.6ms, model_inference=12.8ms
[TIMING] EnhancedMel.transcribe: audio_to_gpu=0.5ms, features=0.8ms, model=23.0ms, decode=6.7ms | TOTAL=31.0ms for 3000ms audio (RTF=0.01x)
[TIMING] stream_chunk[experiment-b3391105c80b4f7ab1a88836d488fa2a](live_neural): decode=0.1ms, inference=33.6ms, second_pass=0.0ms, contention=0.0ms, TOTAL=34.0ms | audio=600ms, RTF=0.06x | model=enhanced_mel, neural_total=33.2ms, model_inference=23.0ms
[TIMING] EnhancedMel.transcribe: audio_to_gpu=0.3ms, features=0.5ms, model=11.6ms, decode=5.9ms | TOTAL=18.3ms for 3000ms audio (RTF=0.01x)
[TIMING] stream_chunk[experiment-b3391105c80b4f7ab1a88836d488fa2a](live_neural): decode=0.1ms, inference=20.9ms, second_pass=0.0ms, contention=0.0ms, TOTAL=21.5ms | audio=600ms, RTF=0.04x | model=enhanced_mel, neural_total=20.4ms, model_inference=11.6ms
[TIMING] EnhancedMel.transcribe: audio_to_gpu=0.3ms, features=0.5ms, model=13.2ms, decode=5.7ms | TOTAL=19.8ms for 3000ms audio (RTF=0.01x)
[TIMING] stream_chunk[experiment-b3391105c80b4f7ab1a88836d488fa2a](live_neural): decode=0.1ms, inference=22.2ms, second_pass=0.0ms, contention=0.0ms, TOTAL=22.5ms | audio=600ms, RTF=0.04x | model=enhanced_mel, neural_total=21.8ms, model_inference=13.2ms
[TIMING] EnhancedMel.transcribe: audio_to_gpu=0.4ms, features=0.6ms, model=10.4ms, decode=1.3ms | TOTAL=12.7ms for 600ms audio (RTF=0.02x)
[TIMING] stream_chunk[experiment-9753a2b8e5ce47d6bba4156fc9e3a5a3](live_neural): decode=0.1ms, inference=14.4ms, second_pass=0.0ms, contention=0.0ms, TOTAL=14.6ms | audio=600ms, RTF=0.02x | model=enhanced_mel, neural_total=14.0ms, model_inference=10.4ms
[TIMING] EnhancedMel.transcribe: audio_to_gpu=0.3ms, features=0.4ms, model=9.8ms, decode=2.2ms | TOTAL=12.8ms for 1200ms audio (RTF=0.01x)
[TIMING] stream_chunk[experiment-9753a2b8e5ce47d6bba4156fc9e3a5a3](live_neural): decode=0.2ms, inference=14.5ms, second_pass=0.0ms, contention=0.0ms, TOTAL=14.7ms | audio=600ms, RTF=0.02x | model=enhanced_mel, neural_total=14.1ms, model_inference=9.8ms
[TIMING] EnhancedMel.transcribe: audio_to_gpu=0.3ms, features=0.6ms, model=20.1ms, decode=3.5ms | TOTAL=24.5ms for 1800ms audio (RTF=0.01x)
[TIMING] stream_chunk[experiment-9753a2b8e5ce47d6bba4156fc9e3a5a3](live_neural): decode=0.1ms, inference=27.2ms, second_pass=0.0ms, contention=0.0ms, TOTAL=27.4ms | audio=600ms, RTF=0.05x | model=enhanced_mel, neural_total=26.8ms, model_inference=20.1ms
[TIMING] EnhancedMel.transcribe: audio_to_gpu=0.1ms, features=0.4ms, model=11.5ms, decode=4.4ms | TOTAL=16.5ms for 2400ms audio (RTF=0.01x)
[TIMING] stream_chunk[experiment-9753a2b8e5ce47d6bba4156fc9e3a5a3](live_neural): decode=0.1ms, inference=18.7ms, second_pass=0.0ms, contention=0.0ms, TOTAL=19.0ms | audio=600ms, RTF=0.03x | model=enhanced_mel, neural_total=18.3ms, model_inference=11.5ms
[TIMING] EnhancedMel.transcribe: audio_to_gpu=0.3ms, features=0.6ms, model=19.1ms, decode=5.6ms | TOTAL=25.7ms for 3000ms audio (RTF=0.01x)
[TIMING] stream_chunk[experiment-9753a2b8e5ce47d6bba4156fc9e3a5a3](live_neural): decode=0.1ms, inference=28.0ms, second_pass=0.0ms, contention=0.0ms, TOTAL=28.3ms | audio=600ms, RTF=0.05x | model=enhanced_mel, neural_total=27.6ms, model_inference=19.1ms
[TIMING] EnhancedMel.transcribe: audio_to_gpu=0.3ms, features=0.5ms, model=11.9ms, decode=6.1ms | TOTAL=18.8ms for 3000ms audio (RTF=0.01x)
[TIMING] stream_chunk[experiment-9753a2b8e5ce47d6bba4156fc9e3a5a3](live_neural): decode=0.1ms, inference=21.1ms, second_pass=0.0ms, contention=0.0ms, TOTAL=21.4ms | audio=600ms, RTF=0.04x | model=enhanced_mel, neural_total=20.7ms, model_inference=11.9ms
[TIMING] EnhancedMel.transcribe: audio_to_gpu=0.2ms, features=0.5ms, model=12.1ms, decode=5.9ms | TOTAL=18.7ms for 3000ms audio (RTF=0.01x)
[TIMING] stream_chunk[experiment-9753a2b8e5ce47d6bba4156fc9e3a5a3](live_neural): decode=0.2ms, inference=21.1ms, second_pass=0.0ms, contention=0.0ms, TOTAL=21.4ms | audio=600ms, RTF=0.04x | model=enhanced_mel, neural_total=20.7ms, model_inference=12.1ms
[TIMING] EnhancedMel.transcribe: audio_to_gpu=0.2ms, features=0.5ms, model=11.9ms, decode=6.0ms | TOTAL=18.6ms for 3000ms audio (RTF=0.01x)
[TIMING] stream_chunk[experiment-9753a2b8e5ce47d6bba4156fc9e3a5a3](live_neural): decode=0.1ms, inference=21.0ms, second_pass=0.0ms, contention=0.0ms, TOTAL=21.3ms | audio=600ms, RTF=0.04x | model=enhanced_mel, neural_total=20.6ms, model_inference=11.9ms
[TIMING] EnhancedMel.transcribe: audio_to_gpu=0.7ms, features=0.5ms, model=12.7ms, decode=6.1ms | TOTAL=20.0ms for 3000ms audio (RTF=0.01x)
[TIMING] stream_chunk[experiment-9753a2b8e5ce47d6bba4156fc9e3a5a3](live_neural): decode=0.1ms, inference=22.5ms, second_pass=0.0ms, contention=0.0ms, TOTAL=22.8ms | audio=600ms, RTF=0.04x | model=enhanced_mel, neural_total=22.1ms, model_inference=12.7ms
[TIMING] EnhancedMel.transcribe: audio_to_gpu=0.3ms, features=0.5ms, model=12.6ms, decode=5.7ms | TOTAL=19.1ms for 3000ms audio (RTF=0.01x)
[TIMING] stream_chunk[experiment-9753a2b8e5ce47d6bba4156fc9e3a5a3](live_neural): decode=0.1ms, inference=21.6ms, second_pass=0.0ms, contention=0.0ms, TOTAL=21.9ms | audio=600ms, RTF=0.04x | model=enhanced_mel, neural_total=21.3ms, model_inference=12.6ms

[CLIP_021] Concert Etude "Gnomenreigen"
  excerpt: start=63.00s end=69.00s duration=6.00s gt_notes=141 rms=0.0904 peak=0.6430 crest=7.115 rms_std=0.0461
    control:
      note metrics: precision=0.891 recall=0.865 f1=0.878 matched=122/141 pred=137
      strict onset f1: 10ms=0.676 20ms=0.856 30ms=0.878
      timing metrics: offset_f1=0.784 rhythm_precision=0.893 note_value_acc=0.738 note_value_n=122 avg_beat_error=0.072
      duplicate metrics: duplicates=10 per_100_notes=7.30
      boundary metrics: gt=43 matched=40 missed=3 miss_rate=0.070
      latency: avg_chunk_ms=22.34 p95_chunk_ms=31.64 avg_rtf=0.037
      notation metrics: first_correct_ms=46.7 visible_p50_ms=341.9 visible_p95_ms=599.5 stabilize_p50_ms=1454.1 stabilize_p95_ms=2234.6 avg_revisions=1.20 matched=44 refined=44 snapshots=18
      algorithmic latency: first_correct_ms=18.0 visible_p50_ms=316.7 visible_p95_ms=575.4 stabilize_p50_ms=1021.4 stabilize_p95_ms=1751.9
      final display note metrics: precision=0.960 recall=0.851 f1=0.902 matched=120/141 pred=125
      final display strict onset f1: 10ms=0.684 20ms=0.872 30ms=0.902
      final display timing: offset_f1=0.805 rhythm_precision=0.892 note_value_acc=0.408 note_value_n=120 avg_beat_error=0.135
      final display structure: cluster_f1=0.564 onset_align_recall=0.949 avg_jaccard=0.840 exact=33/59 pred=58 over=4 under=16 pitch_conflicts=3 missed_gt=3
      threshold profiles: hit_rate=0.000 thresholds=[0.75] profiles={'fixed_baseline': 10}
    treatment:
      note metrics: precision=0.891 recall=0.865 f1=0.878 matched=122/141 pred=137
      strict onset f1: 10ms=0.676 20ms=0.856 30ms=0.878
      timing metrics: offset_f1=0.784 rhythm_precision=0.893 note_value_acc=0.738 note_value_n=122 avg_beat_error=0.072
      duplicate metrics: duplicates=10 per_100_notes=7.30
      boundary metrics: gt=43 matched=40 missed=3 miss_rate=0.070
      latency: avg_chunk_ms=21.30 p95_chunk_ms=27.91 avg_rtf=0.035
      notation metrics: first_correct_ms=39.4 visible_p50_ms=341.3 visible_p95_ms=598.0 stabilize_p50_ms=1451.3 stabilize_p95_ms=2236.8 avg_revisions=1.20 matched=44 refined=44 snapshots=18
      algorithmic latency: first_correct_ms=18.0 visible_p50_ms=316.7 visible_p95_ms=575.4 stabilize_p50_ms=1021.4 stabilize_p95_ms=1751.9
      final display note metrics: precision=0.960 recall=0.851 f1=0.902 matched=120/141 pred=125
      final display strict onset f1: 10ms=0.684 20ms=0.872 30ms=0.902
      final display timing: offset_f1=0.805 rhythm_precision=0.892 note_value_acc=0.408 note_value_n=120 avg_beat_error=0.135
      final display structure: cluster_f1=0.564 onset_align_recall=0.949 avg_jaccard=0.840 exact=33/59 pred=58 over=4 under=16 pitch_conflicts=3 missed_gt=3
      threshold profiles: hit_rate=0.100 thresholds=[0.75, 0.77] profiles={'baseline_nominal': 9, 'loud_dense_precision': 1}
    delta treatment-control: precision=+0.000 recall=+0.000 f1=+0.000 offset_f1=+0.000 note_value_acc=+0.000 dup_per_100=+0.00 boundary_miss_rate=+0.000 p95_chunk_ms=-3.72 f1_10ms=+0.000 f1_20ms=+0.000 f1_30ms=+0.000 visible_p50_ms=-0.6 stabilize_p50_ms=-2.8 algo_visible_p50_ms=+0.0 algo_stabilize_p50_ms=+0.0 avg_revisions=+0.00 display_note_f1=+0.000 display_offset_f1=+0.000 display_cluster_f1=+0.000 display_cluster_jaccard=+0.000
    failure buckets: ['runtime_only_win', 'boundary_miss_failure', 'high_revision_slow_stabilization']
      boundary diagnostics: missed=3 by_arm={'control': 3, 'treatment': 3} tags={'control_boundary_miss': 3, 'no_control_coarse_candidate': 3}
        miss: pitch=91 onset=2.411s boundary_delta_ms=+11.5 control_coarse=False treatment_coarse=False retro=n/a
        miss: pitch=69 onset=3.085s boundary_delta_ms=+84.6 control_coarse=False treatment_coarse=False retro=n/a
        miss: pitch=69 onset=5.466s boundary_delta_ms=+66.1 control_coarse=False treatment_coarse=False retro=n/a
[TIMING] EnhancedMel.transcribe: audio_to_gpu=0.4ms, features=0.6ms, model=10.1ms, decode=1.5ms | TOTAL=12.6ms for 600ms audio (RTF=0.02x)
[TIMING] stream_chunk[experiment-1ec35e57427546d7919ca1b52fd5063b](live_neural): decode=0.1ms, inference=15.0ms, second_pass=0.0ms, contention=0.0ms, TOTAL=15.2ms | audio=600ms, RTF=0.03x | model=enhanced_mel, neural_total=14.6ms, model_inference=10.1ms
[TIMING] EnhancedMel.transcribe: audio_to_gpu=0.1ms, features=0.3ms, model=10.2ms, decode=2.6ms | TOTAL=13.3ms for 1200ms audio (RTF=0.01x)
[TIMING] stream_chunk[experiment-1ec35e57427546d7919ca1b52fd5063b](live_neural): decode=0.2ms, inference=15.2ms, second_pass=0.0ms, contention=0.0ms, TOTAL=15.6ms | audio=600ms, RTF=0.03x | model=enhanced_mel, neural_total=14.7ms, model_inference=10.2ms
[TIMING] EnhancedMel.transcribe: audio_to_gpu=0.1ms, features=3.8ms, model=11.0ms, decode=3.6ms | TOTAL=18.5ms for 1800ms audio (RTF=0.01x)
[TIMING] stream_chunk[experiment-1ec35e57427546d7919ca1b52fd5063b](live_neural): decode=0.1ms, inference=20.5ms, second_pass=0.0ms, contention=0.0ms, TOTAL=20.8ms | audio=600ms, RTF=0.03x | model=enhanced_mel, neural_total=20.2ms, model_inference=11.0ms
[TIMING] EnhancedMel.transcribe: audio_to_gpu=0.3ms, features=0.4ms, model=11.2ms, decode=6.1ms | TOTAL=18.0ms for 2400ms audio (RTF=0.01x)
[TIMING] stream_chunk[experiment-1ec35e57427546d7919ca1b52fd5063b](live_neural): decode=0.1ms, inference=20.3ms, second_pass=0.0ms, contention=0.0ms, TOTAL=20.5ms | audio=600ms, RTF=0.03x | model=enhanced_mel, neural_total=19.9ms, model_inference=11.2ms
[TIMING] EnhancedMel.transcribe: audio_to_gpu=0.3ms, features=0.6ms, model=21.3ms, decode=7.6ms | TOTAL=29.8ms for 3000ms audio (RTF=0.01x)
[TIMING] stream_chunk[experiment-1ec35e57427546d7919ca1b52fd5063b](live_neural): decode=0.1ms, inference=32.5ms, second_pass=0.0ms, contention=0.0ms, TOTAL=33.1ms | audio=600ms, RTF=0.06x | model=enhanced_mel, neural_total=32.1ms, model_inference=21.3ms
[TIMING] EnhancedMel.transcribe: audio_to_gpu=0.5ms, features=0.6ms, model=12.2ms, decode=7.0ms | TOTAL=20.3ms for 3000ms audio (RTF=0.01x)
[TIMING] stream_chunk[experiment-1ec35e57427546d7919ca1b52fd5063b](live_neural): decode=0.1ms, inference=22.8ms, second_pass=0.0ms, contention=0.0ms, TOTAL=23.2ms | audio=600ms, RTF=0.04x | model=enhanced_mel, neural_total=22.4ms, model_inference=12.2ms
[TIMING] EnhancedMel.transcribe: audio_to_gpu=0.4ms, features=0.5ms, model=13.0ms, decode=6.1ms | TOTAL=19.9ms for 3000ms audio (RTF=0.01x)
[TIMING] stream_chunk[experiment-1ec35e57427546d7919ca1b52fd5063b](live_neural): decode=0.2ms, inference=22.5ms, second_pass=0.0ms, contention=0.0ms, TOTAL=23.0ms | audio=600ms, RTF=0.04x | model=enhanced_mel, neural_total=22.0ms, model_inference=13.0ms
[TIMING] EnhancedMel.transcribe: audio_to_gpu=0.3ms, features=0.6ms, model=13.9ms, decode=5.7ms | TOTAL=20.5ms for 3000ms audio (RTF=0.01x)
[TIMING] stream_chunk[experiment-1ec35e57427546d7919ca1b52fd5063b](live_neural): decode=0.1ms, inference=23.0ms, second_pass=0.0ms, contention=0.0ms, TOTAL=23.4ms | audio=600ms, RTF=0.04x | model=enhanced_mel, neural_total=22.6ms, model_inference=13.9ms
[TIMING] EnhancedMel.transcribe: audio_to_gpu=0.4ms, features=0.5ms, model=13.7ms, decode=5.9ms | TOTAL=20.5ms for 3000ms audio (RTF=0.01x)
[TIMING] stream_chunk[experiment-1ec35e57427546d7919ca1b52fd5063b](live_neural): decode=0.1ms, inference=22.9ms, second_pass=0.0ms, contention=0.0ms, TOTAL=23.3ms | audio=600ms, RTF=0.04x | model=enhanced_mel, neural_total=22.5ms, model_inference=13.7ms
[TIMING] EnhancedMel.transcribe: audio_to_gpu=0.4ms, features=0.5ms, model=12.9ms, decode=5.5ms | TOTAL=19.2ms for 3000ms audio (RTF=0.01x)
[TIMING] stream_chunk[experiment-1ec35e57427546d7919ca1b52fd5063b](live_neural): decode=0.1ms, inference=21.7ms, second_pass=0.0ms, contention=0.0ms, TOTAL=22.1ms | audio=600ms, RTF=0.04x | model=enhanced_mel, neural_total=21.2ms, model_inference=12.9ms
[TIMING] EnhancedMel.transcribe: audio_to_gpu=0.4ms, features=0.5ms, model=11.2ms, decode=1.6ms | TOTAL=13.7ms for 600ms audio (RTF=0.02x)
[TIMING] stream_chunk[experiment-3fe32afd38514635a16b38f5cbaef237](live_neural): decode=0.2ms, inference=15.4ms, second_pass=0.0ms, contention=0.0ms, TOTAL=15.6ms | audio=600ms, RTF=0.03x | model=enhanced_mel, neural_total=15.0ms, model_inference=11.2ms
[TIMING] EnhancedMel.transcribe: audio_to_gpu=0.1ms, features=0.5ms, model=10.8ms, decode=2.6ms | TOTAL=14.0ms for 1200ms audio (RTF=0.01x)
[TIMING] stream_chunk[experiment-3fe32afd38514635a16b38f5cbaef237](live_neural): decode=0.2ms, inference=16.0ms, second_pass=0.0ms, contention=0.0ms, TOTAL=16.4ms | audio=600ms, RTF=0.03x | model=enhanced_mel, neural_total=15.6ms, model_inference=10.8ms
[TIMING] EnhancedMel.transcribe: audio_to_gpu=0.2ms, features=0.4ms, model=11.9ms, decode=3.6ms | TOTAL=16.1ms for 1800ms audio (RTF=0.01x)
[TIMING] stream_chunk[experiment-3fe32afd38514635a16b38f5cbaef237](live_neural): decode=0.1ms, inference=18.3ms, second_pass=0.0ms, contention=0.0ms, TOTAL=18.5ms | audio=600ms, RTF=0.03x | model=enhanced_mel, neural_total=17.9ms, model_inference=11.9ms
[TIMING] EnhancedMel.transcribe: audio_to_gpu=0.2ms, features=0.4ms, model=11.7ms, decode=5.7ms | TOTAL=17.9ms for 2400ms audio (RTF=0.01x)
[TIMING] stream_chunk[experiment-3fe32afd38514635a16b38f5cbaef237](live_neural): decode=0.1ms, inference=20.5ms, second_pass=0.0ms, contention=0.0ms, TOTAL=21.7ms | audio=600ms, RTF=0.04x | model=enhanced_mel, neural_total=20.1ms, model_inference=11.7ms
[TIMING] EnhancedMel.transcribe: audio_to_gpu=0.3ms, features=0.5ms, model=13.0ms, decode=5.8ms | TOTAL=19.6ms for 3000ms audio (RTF=0.01x)
[TIMING] stream_chunk[experiment-3fe32afd38514635a16b38f5cbaef237](live_neural): decode=0.1ms, inference=22.1ms, second_pass=0.0ms, contention=0.0ms, TOTAL=22.6ms | audio=600ms, RTF=0.04x | model=enhanced_mel, neural_total=21.7ms, model_inference=13.0ms
[TIMING] EnhancedMel.transcribe: audio_to_gpu=0.4ms, features=0.5ms, model=13.0ms, decode=5.7ms | TOTAL=19.6ms for 3000ms audio (RTF=0.01x)
[TIMING] stream_chunk[experiment-3fe32afd38514635a16b38f5cbaef237](live_neural): decode=0.1ms, inference=22.2ms, second_pass=0.0ms, contention=0.0ms, TOTAL=22.6ms | audio=600ms, RTF=0.04x | model=enhanced_mel, neural_total=21.6ms, model_inference=13.0ms
[TIMING] EnhancedMel.transcribe: audio_to_gpu=0.5ms, features=0.7ms, model=22.7ms, decode=6.2ms | TOTAL=30.0ms for 3000ms audio (RTF=0.01x)
[TIMING] stream_chunk[experiment-3fe32afd38514635a16b38f5cbaef237](live_neural): decode=0.1ms, inference=32.5ms, second_pass=0.0ms, contention=0.0ms, TOTAL=32.9ms | audio=600ms, RTF=0.05x | model=enhanced_mel, neural_total=32.1ms, model_inference=22.7ms
[TIMING] EnhancedMel.transcribe: audio_to_gpu=0.3ms, features=0.6ms, model=13.4ms, decode=5.7ms | TOTAL=20.0ms for 3000ms audio (RTF=0.01x)
[TIMING] stream_chunk[experiment-3fe32afd38514635a16b38f5cbaef237](live_neural): decode=0.1ms, inference=22.5ms, second_pass=0.0ms, contention=0.0ms, TOTAL=23.1ms | audio=600ms, RTF=0.04x | model=enhanced_mel, neural_total=22.1ms, model_inference=13.4ms
[TIMING] EnhancedMel.transcribe: audio_to_gpu=0.4ms, features=0.5ms, model=12.4ms, decode=5.6ms | TOTAL=18.9ms for 3000ms audio (RTF=0.01x)
[TIMING] stream_chunk[experiment-3fe32afd38514635a16b38f5cbaef237](live_neural): decode=0.1ms, inference=21.3ms, second_pass=0.0ms, contention=0.0ms, TOTAL=21.8ms | audio=600ms, RTF=0.04x | model=enhanced_mel, neural_total=20.8ms, model_inference=12.4ms
[TIMING] EnhancedMel.transcribe: audio_to_gpu=0.2ms, features=0.5ms, model=12.1ms, decode=5.4ms | TOTAL=18.2ms for 3000ms audio (RTF=0.01x)
[TIMING] stream_chunk[experiment-3fe32afd38514635a16b38f5cbaef237](live_neural): decode=0.1ms, inference=21.8ms, second_pass=0.0ms, contention=0.0ms, TOTAL=22.1ms | audio=600ms, RTF=0.04x | model=enhanced_mel, neural_total=21.3ms, model_inference=12.1ms

[CLIP_022] Au bord d'une source
  excerpt: start=30.00s end=36.00s duration=6.00s gt_notes=137 rms=0.0340 peak=0.1971 crest=5.791 rms_std=0.0167
    control:
      note metrics: precision=0.907 recall=0.854 f1=0.880 matched=117/137 pred=129
      strict onset f1: 10ms=0.692 20ms=0.850 30ms=0.880
      timing metrics: offset_f1=0.805 rhythm_precision=0.915 note_value_acc=0.573 note_value_n=117 avg_beat_error=0.072
      duplicate metrics: duplicates=8 per_100_notes=6.20
      boundary metrics: gt=46 matched=40 missed=6 miss_rate=0.130
      latency: avg_chunk_ms=22.02 p95_chunk_ms=28.72 avg_rtf=0.037
      notation metrics: first_correct_ms=24.7 visible_p50_ms=274.8 visible_p95_ms=656.2 stabilize_p50_ms=1081.7 stabilize_p95_ms=2857.8 avg_revisions=0.89 matched=19 refined=19 snapshots=19
      algorithmic latency: first_correct_ms=4.2 visible_p50_ms=251.6 visible_p95_ms=635.4 stabilize_p50_ms=665.9 stabilize_p95_ms=2433.7
      final display note metrics: precision=0.983 recall=0.854 f1=0.914 matched=117/137 pred=119
      final display strict onset f1: 10ms=0.711 20ms=0.883 30ms=0.914
      final display timing: offset_f1=0.836 rhythm_precision=0.915 note_value_acc=0.410 note_value_n=117 avg_beat_error=0.155
      final display structure: cluster_f1=0.643 onset_align_recall=1.000 avg_jaccard=0.867 exact=37/57 pred=58 over=1 under=19 pitch_conflicts=0 missed_gt=0
      threshold profiles: hit_rate=0.000 thresholds=[0.75] profiles={'fixed_baseline': 10}
    treatment:
      note metrics: precision=0.908 recall=0.861 f1=0.884 matched=118/137 pred=130
      strict onset f1: 10ms=0.689 20ms=0.854 30ms=0.884
      timing metrics: offset_f1=0.809 rhythm_precision=0.915 note_value_acc=0.559 note_value_n=118 avg_beat_error=0.073
      duplicate metrics: duplicates=8 per_100_notes=6.15
      boundary metrics: gt=46 matched=40 missed=6 miss_rate=0.130
      latency: avg_chunk_ms=21.73 p95_chunk_ms=28.50 avg_rtf=0.036
      notation metrics: first_correct_ms=25.8 visible_p50_ms=299.5 visible_p95_ms=655.7 stabilize_p50_ms=1138.5 stabilize_p95_ms=2889.1 avg_revisions=0.89 matched=18 refined=18 snapshots=19
      algorithmic latency: first_correct_ms=4.2 visible_p50_ms=277.3 visible_p95_ms=637.1 stabilize_p50_ms=722.0 stabilize_p95_ms=2466.9
      final display note metrics: precision=0.983 recall=0.861 f1=0.918 matched=118/137 pred=120
      final display strict onset f1: 10ms=0.708 20ms=0.887 30ms=0.918
      final display timing: offset_f1=0.840 rhythm_precision=0.915 note_value_acc=0.424 note_value_n=118 avg_beat_error=0.147
      final display structure: cluster_f1=0.661 onset_align_recall=1.000 avg_jaccard=0.876 exact=38/57 pred=58 over=1 under=18 pitch_conflicts=0 missed_gt=0
      threshold profiles: hit_rate=0.100 thresholds=[0.71, 0.75] profiles={'baseline_nominal': 9, 'soft_sparse_recall': 1}
    delta treatment-control: precision=+0.001 recall=+0.007 f1=+0.004 offset_f1=+0.004 note_value_acc=-0.013 dup_per_100=-0.05 boundary_miss_rate=+0.000 p95_chunk_ms=-0.22 f1_10ms=-0.003 f1_20ms=+0.004 f1_30ms=+0.004 visible_p50_ms=+24.7 stabilize_p50_ms=+56.8 algo_visible_p50_ms=+25.8 algo_stabilize_p50_ms=+56.1 avg_revisions=-0.01 display_note_f1=+0.004 display_offset_f1=+0.005 display_cluster_f1=+0.017 display_cluster_jaccard=+0.009
    failure buckets: ['boundary_miss_failure', 'high_revision_slow_stabilization']
      boundary diagnostics: missed=6 by_arm={'control': 6, 'treatment': 6} tags={'control_boundary_miss': 6, 'no_control_coarse_candidate': 6}
        miss: pitch=80 onset=0.663s boundary_delta_ms=+62.8 control_coarse=False treatment_coarse=False retro=n/a
        miss: pitch=86 onset=0.681s boundary_delta_ms=+81.0 control_coarse=False treatment_coarse=False retro=n/a
        miss: pitch=92 onset=1.259s boundary_delta_ms=+59.1 control_coarse=False treatment_coarse=False retro=n/a
        ... 3 more missed boundary notes in diagnostics JSON
[TIMING] EnhancedMel.transcribe: audio_to_gpu=0.3ms, features=0.7ms, model=10.4ms, decode=1.6ms | TOTAL=13.0ms for 600ms audio (RTF=0.02x)
[TIMING] stream_chunk[experiment-27e0fcec675849619583e9f64b063f3b](live_neural): decode=0.2ms, inference=15.5ms, second_pass=0.0ms, contention=0.0ms, TOTAL=15.7ms | audio=600ms, RTF=0.03x | model=enhanced_mel, neural_total=15.0ms, model_inference=10.4ms
[TIMING] EnhancedMel.transcribe: audio_to_gpu=0.2ms, features=0.7ms, model=11.9ms, decode=2.6ms | TOTAL=15.4ms for 1200ms audio (RTF=0.01x)
[TIMING] stream_chunk[experiment-27e0fcec675849619583e9f64b063f3b](live_neural): decode=0.2ms, inference=17.1ms, second_pass=0.0ms, contention=0.0ms, TOTAL=17.4ms | audio=600ms, RTF=0.03x | model=enhanced_mel, neural_total=16.8ms, model_inference=11.9ms
[TIMING] EnhancedMel.transcribe: audio_to_gpu=0.2ms, features=0.4ms, model=12.6ms, decode=3.6ms | TOTAL=16.8ms for 1800ms audio (RTF=0.01x)
[TIMING] stream_chunk[experiment-27e0fcec675849619583e9f64b063f3b](live_neural): decode=0.1ms, inference=19.0ms, second_pass=0.0ms, contention=0.0ms, TOTAL=19.3ms | audio=600ms, RTF=0.03x | model=enhanced_mel, neural_total=18.6ms, model_inference=12.6ms
[TIMING] EnhancedMel.transcribe: audio_to_gpu=0.2ms, features=0.5ms, model=12.4ms, decode=4.8ms | TOTAL=17.8ms for 2400ms audio (RTF=0.01x)
[TIMING] stream_chunk[experiment-27e0fcec675849619583e9f64b063f3b](live_neural): decode=0.1ms, inference=20.0ms, second_pass=0.0ms, contention=0.0ms, TOTAL=20.3ms | audio=600ms, RTF=0.03x | model=enhanced_mel, neural_total=19.7ms, model_inference=12.4ms
[TIMING] EnhancedMel.transcribe: audio_to_gpu=0.2ms, features=0.7ms, model=12.7ms, decode=6.0ms | TOTAL=19.6ms for 3000ms audio (RTF=0.01x)
[TIMING] stream_chunk[experiment-27e0fcec675849619583e9f64b063f3b](live_neural): decode=0.1ms, inference=22.8ms, second_pass=0.0ms, contention=0.0ms, TOTAL=23.1ms | audio=600ms, RTF=0.04x | model=enhanced_mel, neural_total=22.3ms, model_inference=12.7ms
[TIMING] EnhancedMel.transcribe: audio_to_gpu=0.3ms, features=0.8ms, model=22.3ms, decode=5.9ms | TOTAL=29.4ms for 3000ms audio (RTF=0.01x)
[TIMING] stream_chunk[experiment-27e0fcec675849619583e9f64b063f3b](live_neural): decode=0.1ms, inference=31.9ms, second_pass=0.0ms, contention=0.0ms, TOTAL=32.2ms | audio=600ms, RTF=0.05x | model=enhanced_mel, neural_total=31.5ms, model_inference=22.3ms
[TIMING] EnhancedMel.transcribe: audio_to_gpu=0.4ms, features=0.6ms, model=19.6ms, decode=5.8ms | TOTAL=26.3ms for 3000ms audio (RTF=0.01x)
[TIMING] stream_chunk[experiment-27e0fcec675849619583e9f64b063f3b](live_neural): decode=0.1ms, inference=28.9ms, second_pass=0.0ms, contention=0.0ms, TOTAL=29.2ms | audio=600ms, RTF=0.05x | model=enhanced_mel, neural_total=28.5ms, model_inference=19.6ms
[TIMING] EnhancedMel.transcribe: audio_to_gpu=0.3ms, features=0.6ms, model=12.7ms, decode=6.2ms | TOTAL=19.8ms for 3000ms audio (RTF=0.01x)
[TIMING] stream_chunk[experiment-27e0fcec675849619583e9f64b063f3b](live_neural): decode=0.1ms, inference=22.3ms, second_pass=0.0ms, contention=0.0ms, TOTAL=22.6ms | audio=600ms, RTF=0.04x | model=enhanced_mel, neural_total=21.9ms, model_inference=12.7ms
[TIMING] EnhancedMel.transcribe: audio_to_gpu=0.2ms, features=0.5ms, model=15.6ms, decode=5.8ms | TOTAL=22.1ms for 3000ms audio (RTF=0.01x)
[TIMING] stream_chunk[experiment-27e0fcec675849619583e9f64b063f3b](live_neural): decode=0.1ms, inference=25.7ms, second_pass=0.0ms, contention=0.0ms, TOTAL=26.0ms | audio=600ms, RTF=0.04x | model=enhanced_mel, neural_total=25.3ms, model_inference=15.6ms
[TIMING] EnhancedMel.transcribe: audio_to_gpu=0.4ms, features=0.5ms, model=12.4ms, decode=5.9ms | TOTAL=19.3ms for 3000ms audio (RTF=0.01x)
[TIMING] stream_chunk[experiment-27e0fcec675849619583e9f64b063f3b](live_neural): decode=0.1ms, inference=21.7ms, second_pass=0.0ms, contention=0.0ms, TOTAL=22.0ms | audio=600ms, RTF=0.04x | model=enhanced_mel, neural_total=21.3ms, model_inference=12.4ms
[TIMING] EnhancedMel.transcribe: audio_to_gpu=0.5ms, features=0.8ms, model=15.5ms, decode=1.4ms | TOTAL=18.3ms for 600ms audio (RTF=0.03x)
[TIMING] stream_chunk[experiment-980982ffa82241e88d98caa79d396b98](live_neural): decode=0.1ms, inference=20.1ms, second_pass=0.0ms, contention=0.0ms, TOTAL=20.3ms | audio=600ms, RTF=0.03x | model=enhanced_mel, neural_total=19.6ms, model_inference=15.5ms
[TIMING] EnhancedMel.transcribe: audio_to_gpu=0.1ms, features=0.4ms, model=12.4ms, decode=2.6ms | TOTAL=15.5ms for 1200ms audio (RTF=0.01x)
[TIMING] stream_chunk[experiment-980982ffa82241e88d98caa79d396b98](live_neural): decode=0.1ms, inference=17.4ms, second_pass=0.0ms, contention=0.0ms, TOTAL=17.7ms | audio=600ms, RTF=0.03x | model=enhanced_mel, neural_total=17.0ms, model_inference=12.4ms
[TIMING] EnhancedMel.transcribe: audio_to_gpu=0.4ms, features=0.7ms, model=22.3ms, decode=3.6ms | TOTAL=27.0ms for 1800ms audio (RTF=0.01x)
[TIMING] stream_chunk[experiment-980982ffa82241e88d98caa79d396b98](live_neural): decode=0.2ms, inference=29.2ms, second_pass=0.0ms, contention=0.0ms, TOTAL=29.6ms | audio=600ms, RTF=0.05x | model=enhanced_mel, neural_total=28.7ms, model_inference=22.3ms
[TIMING] EnhancedMel.transcribe: audio_to_gpu=0.2ms, features=0.5ms, model=11.3ms, decode=4.8ms | TOTAL=16.8ms for 2400ms audio (RTF=0.01x)
[TIMING] stream_chunk[experiment-980982ffa82241e88d98caa79d396b98](live_neural): decode=0.1ms, inference=18.9ms, second_pass=0.0ms, contention=0.0ms, TOTAL=19.3ms | audio=600ms, RTF=0.03x | model=enhanced_mel, neural_total=18.6ms, model_inference=11.3ms
[TIMING] EnhancedMel.transcribe: audio_to_gpu=0.1ms, features=0.4ms, model=12.4ms, decode=5.9ms | TOTAL=18.8ms for 3000ms audio (RTF=0.01x)
[TIMING] stream_chunk[experiment-980982ffa82241e88d98caa79d396b98](live_neural): decode=0.1ms, inference=21.2ms, second_pass=0.0ms, contention=0.0ms, TOTAL=21.6ms | audio=600ms, RTF=0.04x | model=enhanced_mel, neural_total=20.9ms, model_inference=12.4ms
[TIMING] EnhancedMel.transcribe: audio_to_gpu=0.3ms, features=0.6ms, model=22.5ms, decode=6.7ms | TOTAL=30.1ms for 3000ms audio (RTF=0.01x)
[TIMING] stream_chunk[experiment-980982ffa82241e88d98caa79d396b98](live_neural): decode=0.1ms, inference=32.6ms, second_pass=0.0ms, contention=0.0ms, TOTAL=33.0ms | audio=600ms, RTF=0.05x | model=enhanced_mel, neural_total=32.3ms, model_inference=22.5ms
[TIMING] EnhancedMel.transcribe: audio_to_gpu=0.2ms, features=0.5ms, model=11.8ms, decode=7.4ms | TOTAL=19.9ms for 3000ms audio (RTF=0.01x)
[TIMING] stream_chunk[experiment-980982ffa82241e88d98caa79d396b98](live_neural): decode=0.1ms, inference=23.0ms, second_pass=0.0ms, contention=0.0ms, TOTAL=23.5ms | audio=600ms, RTF=0.04x | model=enhanced_mel, neural_total=22.5ms, model_inference=11.8ms
[TIMING] EnhancedMel.transcribe: audio_to_gpu=0.3ms, features=0.6ms, model=17.7ms, decode=6.1ms | TOTAL=24.7ms for 3000ms audio (RTF=0.01x)
[TIMING] stream_chunk[experiment-980982ffa82241e88d98caa79d396b98](live_neural): decode=0.1ms, inference=27.2ms, second_pass=0.0ms, contention=0.0ms, TOTAL=27.5ms | audio=600ms, RTF=0.05x | model=enhanced_mel, neural_total=26.8ms, model_inference=17.7ms
[TIMING] EnhancedMel.transcribe: audio_to_gpu=0.3ms, features=0.6ms, model=22.6ms, decode=5.9ms | TOTAL=29.4ms for 3000ms audio (RTF=0.01x)
[TIMING] stream_chunk[experiment-980982ffa82241e88d98caa79d396b98](live_neural): decode=0.1ms, inference=31.9ms, second_pass=0.0ms, contention=0.0ms, TOTAL=32.2ms | audio=600ms, RTF=0.05x | model=enhanced_mel, neural_total=31.5ms, model_inference=22.6ms
[TIMING] EnhancedMel.transcribe: audio_to_gpu=0.3ms, features=0.5ms, model=11.9ms, decode=5.9ms | TOTAL=18.7ms for 3000ms audio (RTF=0.01x)
[TIMING] stream_chunk[experiment-980982ffa82241e88d98caa79d396b98](live_neural): decode=0.1ms, inference=22.3ms, second_pass=0.0ms, contention=0.0ms, TOTAL=22.7ms | audio=600ms, RTF=0.04x | model=enhanced_mel, neural_total=21.8ms, model_inference=11.9ms

[CLIP_023] Etude No. 7 "Study in Chromatic Steps"
  excerpt: start=78.00s end=84.00s duration=6.00s gt_notes=137 rms=0.1020 peak=0.5496 crest=5.387 rms_std=0.0281
    control:
      note metrics: precision=0.964 recall=0.971 f1=0.967 matched=133/137 pred=138
      strict onset f1: 10ms=0.742 20ms=0.960 30ms=0.967
      timing metrics: offset_f1=0.945 rhythm_precision=0.977 note_value_acc=0.594 note_value_n=133 avg_beat_error=0.045
      duplicate metrics: duplicates=4 per_100_notes=2.90
      boundary metrics: gt=36 matched=35 missed=1 miss_rate=0.028
      latency: avg_chunk_ms=22.79 p95_chunk_ms=30.86 avg_rtf=0.038
      notation metrics: first_correct_ms=45.6 visible_p50_ms=303.4 visible_p95_ms=594.3 stabilize_p50_ms=977.8 stabilize_p95_ms=1656.9 avg_revisions=1.18 matched=68 refined=68 snapshots=20
      algorithmic latency: first_correct_ms=28.1 visible_p50_ms=278.6 visible_p95_ms=568.6 stabilize_p50_ms=521.9 stabilize_p95_ms=1330.1
      final display note metrics: precision=0.978 recall=0.956 f1=0.967 matched=131/137 pred=134
      final display strict onset f1: 10ms=0.731 20ms=0.959 30ms=0.967
      final display timing: offset_f1=0.945 rhythm_precision=0.977 note_value_acc=0.191 note_value_n=131 avg_beat_error=0.105
      final display structure: cluster_f1=0.649 onset_align_recall=0.961 avg_jaccard=0.833 exact=49/77 pred=74 over=11 under=10 pitch_conflicts=4 missed_gt=3
      threshold profiles: hit_rate=0.000 thresholds=[0.75] profiles={'fixed_baseline': 10}
    treatment:
      note metrics: precision=0.964 recall=0.971 f1=0.967 matched=133/137 pred=138
      strict onset f1: 10ms=0.742 20ms=0.960 30ms=0.967
      timing metrics: offset_f1=0.945 rhythm_precision=0.977 note_value_acc=0.594 note_value_n=133 avg_beat_error=0.045
      duplicate metrics: duplicates=4 per_100_notes=2.90
      boundary metrics: gt=36 matched=35 missed=1 miss_rate=0.028
      latency: avg_chunk_ms=24.74 p95_chunk_ms=32.64 avg_rtf=0.041
      notation metrics: first_correct_ms=45.8 visible_p50_ms=300.0 visible_p95_ms=598.6 stabilize_p50_ms=981.3 stabilize_p95_ms=1662.2 avg_revisions=1.18 matched=68 refined=68 snapshots=20
      algorithmic latency: first_correct_ms=28.1 visible_p50_ms=278.6 visible_p95_ms=568.6 stabilize_p50_ms=521.9 stabilize_p95_ms=1330.1
      final display note metrics: precision=0.978 recall=0.956 f1=0.967 matched=131/137 pred=134
      final display strict onset f1: 10ms=0.731 20ms=0.959 30ms=0.967
      final display timing: offset_f1=0.945 rhythm_precision=0.977 note_value_acc=0.191 note_value_n=131 avg_beat_error=0.105
      final display structure: cluster_f1=0.649 onset_align_recall=0.961 avg_jaccard=0.833 exact=49/77 pred=74 over=11 under=10 pitch_conflicts=4 missed_gt=3
      threshold profiles: hit_rate=0.200 thresholds=[0.75, 0.77] profiles={'baseline_nominal': 8, 'loud_dense_precision': 2}
    delta treatment-control: precision=+0.000 recall=+0.000 f1=+0.000 offset_f1=+0.000 note_value_acc=+0.000 dup_per_100=+0.00 boundary_miss_rate=+0.000 p95_chunk_ms=+1.79 f1_10ms=+0.000 f1_20ms=+0.000 f1_30ms=+0.000 visible_p50_ms=-3.4 stabilize_p50_ms=+3.5 algo_visible_p50_ms=+0.0 algo_stabilize_p50_ms=+0.0 avg_revisions=+0.00 display_note_f1=+0.000 display_offset_f1=+0.000 display_cluster_f1=+0.000 display_cluster_jaccard=+0.000
    failure buckets: ['boundary_miss_failure', 'high_revision_slow_stabilization']
      boundary diagnostics: missed=1 by_arm={'control': 1, 'treatment': 1} tags={'control_boundary_miss': 1, 'no_control_coarse_candidate': 1}
        miss: pitch=72 onset=4.883s boundary_delta_ms=+83.3 control_coarse=False treatment_coarse=False retro=n/a
[TIMING] EnhancedMel.transcribe: audio_to_gpu=1.0ms, features=0.7ms, model=10.2ms, decode=1.4ms | TOTAL=13.3ms for 600ms audio (RTF=0.02x)
[TIMING] stream_chunk[experiment-7b20de0808ca4eaf891273b6c516b847](live_neural): decode=0.2ms, inference=15.9ms, second_pass=0.0ms, contention=0.0ms, TOTAL=16.2ms | audio=600ms, RTF=0.03x | model=enhanced_mel, neural_total=15.4ms, model_inference=10.2ms
[TIMING] EnhancedMel.transcribe: audio_to_gpu=0.1ms, features=0.3ms, model=11.0ms, decode=2.5ms | TOTAL=13.9ms for 1200ms audio (RTF=0.01x)
[TIMING] stream_chunk[experiment-7b20de0808ca4eaf891273b6c516b847](live_neural): decode=0.2ms, inference=16.0ms, second_pass=0.0ms, contention=0.0ms, TOTAL=16.4ms | audio=600ms, RTF=0.03x | model=enhanced_mel, neural_total=15.4ms, model_inference=11.0ms
[TIMING] EnhancedMel.transcribe: audio_to_gpu=0.2ms, features=0.4ms, model=11.0ms, decode=3.5ms | TOTAL=15.1ms for 1800ms audio (RTF=0.01x)
[TIMING] stream_chunk[experiment-7b20de0808ca4eaf891273b6c516b847](live_neural): decode=0.2ms, inference=17.2ms, second_pass=0.0ms, contention=0.0ms, TOTAL=17.5ms | audio=600ms, RTF=0.03x | model=enhanced_mel, neural_total=16.8ms, model_inference=11.0ms
[TIMING] EnhancedMel.transcribe: audio_to_gpu=0.3ms, features=0.4ms, model=11.0ms, decode=4.8ms | TOTAL=16.5ms for 2400ms audio (RTF=0.01x)
[TIMING] stream_chunk[experiment-7b20de0808ca4eaf891273b6c516b847](live_neural): decode=0.1ms, inference=18.8ms, second_pass=0.0ms, contention=0.0ms, TOTAL=19.0ms | audio=600ms, RTF=0.03x | model=enhanced_mel, neural_total=18.4ms, model_inference=11.0ms
[TIMING] EnhancedMel.transcribe: audio_to_gpu=0.2ms, features=0.5ms, model=13.9ms, decode=5.9ms | TOTAL=20.5ms for 3000ms audio (RTF=0.01x)
[TIMING] stream_chunk[experiment-7b20de0808ca4eaf891273b6c516b847](live_neural): decode=0.1ms, inference=23.7ms, second_pass=0.0ms, contention=0.0ms, TOTAL=24.1ms | audio=600ms, RTF=0.04x | model=enhanced_mel, neural_total=23.3ms, model_inference=13.9ms
[TIMING] EnhancedMel.transcribe: audio_to_gpu=0.3ms, features=0.5ms, model=12.3ms, decode=5.7ms | TOTAL=18.7ms for 3000ms audio (RTF=0.01x)
[TIMING] stream_chunk[experiment-7b20de0808ca4eaf891273b6c516b847](live_neural): decode=0.3ms, inference=21.9ms, second_pass=0.0ms, contention=0.0ms, TOTAL=22.3ms | audio=600ms, RTF=0.04x | model=enhanced_mel, neural_total=21.5ms, model_inference=12.3ms
[TIMING] EnhancedMel.transcribe: audio_to_gpu=0.2ms, features=0.5ms, model=12.3ms, decode=5.8ms | TOTAL=18.8ms for 3000ms audio (RTF=0.01x)
[TIMING] stream_chunk[experiment-7b20de0808ca4eaf891273b6c516b847](live_neural): decode=0.1ms, inference=21.1ms, second_pass=0.0ms, contention=0.0ms, TOTAL=21.4ms | audio=600ms, RTF=0.04x | model=enhanced_mel, neural_total=20.7ms, model_inference=12.3ms
[TIMING] EnhancedMel.transcribe: audio_to_gpu=0.2ms, features=0.6ms, model=16.9ms, decode=5.2ms | TOTAL=22.9ms for 3000ms audio (RTF=0.01x)
[TIMING] stream_chunk[experiment-7b20de0808ca4eaf891273b6c516b847](live_neural): decode=0.1ms, inference=25.1ms, second_pass=0.0ms, contention=0.0ms, TOTAL=25.3ms | audio=600ms, RTF=0.04x | model=enhanced_mel, neural_total=24.7ms, model_inference=16.9ms
[TIMING] EnhancedMel.transcribe: audio_to_gpu=0.4ms, features=0.6ms, model=18.0ms, decode=5.3ms | TOTAL=24.3ms for 3000ms audio (RTF=0.01x)
[TIMING] stream_chunk[experiment-7b20de0808ca4eaf891273b6c516b847](live_neural): decode=0.2ms, inference=26.5ms, second_pass=0.0ms, contention=0.0ms, TOTAL=26.7ms | audio=600ms, RTF=0.04x | model=enhanced_mel, neural_total=26.1ms, model_inference=18.0ms
[TIMING] EnhancedMel.transcribe: audio_to_gpu=0.3ms, features=1.2ms, model=12.6ms, decode=5.0ms | TOTAL=19.1ms for 3000ms audio (RTF=0.01x)
[TIMING] stream_chunk[experiment-7b20de0808ca4eaf891273b6c516b847](live_neural): decode=0.1ms, inference=21.5ms, second_pass=0.0ms, contention=0.0ms, TOTAL=21.8ms | audio=600ms, RTF=0.04x | model=enhanced_mel, neural_total=21.2ms, model_inference=12.6ms
[TIMING] EnhancedMel.transcribe: audio_to_gpu=0.3ms, features=0.5ms, model=10.0ms, decode=1.4ms | TOTAL=12.1ms for 600ms audio (RTF=0.02x)
[TIMING] stream_chunk[experiment-9ef216fb9d114d5e969a5d14e0fd3ff5](live_neural): decode=0.1ms, inference=13.6ms, second_pass=0.0ms, contention=0.0ms, TOTAL=13.8ms | audio=600ms, RTF=0.02x | model=enhanced_mel, neural_total=13.3ms, model_inference=10.0ms
[TIMING] EnhancedMel.transcribe: audio_to_gpu=0.2ms, features=0.4ms, model=10.6ms, decode=2.5ms | TOTAL=13.6ms for 1200ms audio (RTF=0.01x)
[TIMING] stream_chunk[experiment-9ef216fb9d114d5e969a5d14e0fd3ff5](live_neural): decode=0.1ms, inference=16.0ms, second_pass=0.0ms, contention=0.0ms, TOTAL=16.2ms | audio=600ms, RTF=0.03x | model=enhanced_mel, neural_total=15.7ms, model_inference=10.6ms
[TIMING] EnhancedMel.transcribe: audio_to_gpu=0.1ms, features=0.5ms, model=11.8ms, decode=4.3ms | TOTAL=16.8ms for 1800ms audio (RTF=0.01x)
[TIMING] stream_chunk[experiment-9ef216fb9d114d5e969a5d14e0fd3ff5](live_neural): decode=0.1ms, inference=18.6ms, second_pass=0.0ms, contention=0.0ms, TOTAL=18.8ms | audio=600ms, RTF=0.03x | model=enhanced_mel, neural_total=18.3ms, model_inference=11.8ms
[TIMING] EnhancedMel.transcribe: audio_to_gpu=0.3ms, features=4.1ms, model=14.0ms, decode=4.8ms | TOTAL=23.1ms for 2400ms audio (RTF=0.01x)
[TIMING] stream_chunk[experiment-9ef216fb9d114d5e969a5d14e0fd3ff5](live_neural): decode=0.1ms, inference=25.2ms, second_pass=0.0ms, contention=0.0ms, TOTAL=25.5ms | audio=600ms, RTF=0.04x | model=enhanced_mel, neural_total=24.8ms, model_inference=14.0ms
[TIMING] EnhancedMel.transcribe: audio_to_gpu=0.3ms, features=0.5ms, model=12.2ms, decode=5.8ms | TOTAL=18.8ms for 3000ms audio (RTF=0.01x)
[TIMING] stream_chunk[experiment-9ef216fb9d114d5e969a5d14e0fd3ff5](live_neural): decode=0.1ms, inference=21.8ms, second_pass=0.0ms, contention=0.0ms, TOTAL=22.1ms | audio=600ms, RTF=0.04x | model=enhanced_mel, neural_total=21.4ms, model_inference=12.2ms
[TIMING] EnhancedMel.transcribe: audio_to_gpu=0.3ms, features=0.9ms, model=19.0ms, decode=5.7ms | TOTAL=25.9ms for 3000ms audio (RTF=0.01x)
[TIMING] stream_chunk[experiment-9ef216fb9d114d5e969a5d14e0fd3ff5](live_neural): decode=0.1ms, inference=28.3ms, second_pass=0.0ms, contention=0.0ms, TOTAL=28.5ms | audio=600ms, RTF=0.05x | model=enhanced_mel, neural_total=27.9ms, model_inference=19.0ms
[TIMING] EnhancedMel.transcribe: audio_to_gpu=0.3ms, features=1.2ms, model=12.5ms, decode=5.6ms | TOTAL=19.7ms for 3000ms audio (RTF=0.01x)
[TIMING] stream_chunk[experiment-9ef216fb9d114d5e969a5d14e0fd3ff5](live_neural): decode=0.1ms, inference=22.0ms, second_pass=0.0ms, contention=0.0ms, TOTAL=22.2ms | audio=600ms, RTF=0.04x | model=enhanced_mel, neural_total=21.6ms, model_inference=12.5ms
[TIMING] EnhancedMel.transcribe: audio_to_gpu=0.2ms, features=0.5ms, model=12.7ms, decode=5.3ms | TOTAL=18.7ms for 3000ms audio (RTF=0.01x)
[TIMING] stream_chunk[experiment-9ef216fb9d114d5e969a5d14e0fd3ff5](live_neural): decode=0.1ms, inference=21.7ms, second_pass=0.0ms, contention=0.0ms, TOTAL=21.9ms | audio=600ms, RTF=0.04x | model=enhanced_mel, neural_total=21.3ms, model_inference=12.7ms
[TIMING] EnhancedMel.transcribe: audio_to_gpu=0.2ms, features=0.6ms, model=13.8ms, decode=5.1ms | TOTAL=19.7ms for 3000ms audio (RTF=0.01x)
[TIMING] stream_chunk[experiment-9ef216fb9d114d5e969a5d14e0fd3ff5](live_neural): decode=0.1ms, inference=21.8ms, second_pass=0.0ms, contention=0.0ms, TOTAL=22.0ms | audio=600ms, RTF=0.04x | model=enhanced_mel, neural_total=21.4ms, model_inference=13.8ms
[TIMING] EnhancedMel.transcribe: audio_to_gpu=0.2ms, features=0.5ms, model=11.8ms, decode=5.7ms | TOTAL=18.1ms for 3000ms audio (RTF=0.01x)
[TIMING] stream_chunk[experiment-9ef216fb9d114d5e969a5d14e0fd3ff5](live_neural): decode=0.1ms, inference=20.3ms, second_pass=0.0ms, contention=0.0ms, TOTAL=20.5ms | audio=600ms, RTF=0.03x | model=enhanced_mel, neural_total=19.9ms, model_inference=11.8ms

[CLIP_024] Hungarian Rhapsody No. 9 in E-flat Major, S. 244
  excerpt: start=21.00s end=27.00s duration=6.00s gt_notes=83 rms=0.0266 peak=0.2525 crest=9.478 rms_std=0.0179
    control:
      note metrics: precision=0.947 recall=0.867 f1=0.906 matched=72/83 pred=76
      strict onset f1: 10ms=0.780 20ms=0.906 30ms=0.906
      timing metrics: offset_f1=0.893 rhythm_precision=0.986 note_value_acc=0.931 note_value_n=72 avg_beat_error=0.010
      duplicate metrics: duplicates=1 per_100_notes=1.32
      boundary metrics: gt=26 matched=21 missed=5 miss_rate=0.192
      latency: avg_chunk_ms=21.07 p95_chunk_ms=26.09 avg_rtf=0.035
      notation metrics: first_correct_ms=28.3 visible_p50_ms=342.0 visible_p95_ms=598.2 stabilize_p50_ms=3962.3 stabilize_p95_ms=5279.2 avg_revisions=1.17 matched=6 refined=6 snapshots=14
      algorithmic latency: first_correct_ms=4.2 visible_p50_ms=322.9 visible_p95_ms=577.1 stabilize_p50_ms=2999.5 stabilize_p95_ms=4316.4
      final display note metrics: precision=0.960 recall=0.867 f1=0.911 matched=72/83 pred=75
      final display strict onset f1: 10ms=0.772 20ms=0.911 30ms=0.911
      final display timing: offset_f1=0.899 rhythm_precision=0.986 note_value_acc=0.375 note_value_n=72 avg_beat_error=0.262
      final display structure: cluster_f1=0.634 onset_align_recall=1.000 avg_jaccard=0.871 exact=13/20 pred=21 over=0 under=6 pitch_conflicts=1 missed_gt=0
      threshold profiles: hit_rate=0.000 thresholds=[0.75] profiles={'fixed_baseline': 10}
    treatment:
      note metrics: precision=0.947 recall=0.867 f1=0.906 matched=72/83 pred=76
      strict onset f1: 10ms=0.780 20ms=0.906 30ms=0.906
      timing metrics: offset_f1=0.893 rhythm_precision=0.986 note_value_acc=0.931 note_value_n=72 avg_beat_error=0.010
      duplicate metrics: duplicates=1 per_100_notes=1.32
      boundary metrics: gt=26 matched=21 missed=5 miss_rate=0.192
      latency: avg_chunk_ms=21.16 p95_chunk_ms=27.17 avg_rtf=0.035
      notation metrics: first_correct_ms=26.2 visible_p50_ms=341.3 visible_p95_ms=603.2 stabilize_p50_ms=3961.0 stabilize_p95_ms=5277.9 avg_revisions=1.17 matched=6 refined=6 snapshots=14
      algorithmic latency: first_correct_ms=4.2 visible_p50_ms=322.9 visible_p95_ms=577.1 stabilize_p50_ms=2999.5 stabilize_p95_ms=4316.4
      final display note metrics: precision=0.960 recall=0.867 f1=0.911 matched=72/83 pred=75
      final display strict onset f1: 10ms=0.772 20ms=0.911 30ms=0.911
      final display timing: offset_f1=0.899 rhythm_precision=0.986 note_value_acc=0.375 note_value_n=72 avg_beat_error=0.262
      final display structure: cluster_f1=0.634 onset_align_recall=1.000 avg_jaccard=0.871 exact=13/20 pred=21 over=0 under=6 pitch_conflicts=1 missed_gt=0
      threshold profiles: hit_rate=0.400 thresholds=[0.71, 0.75] profiles={'baseline_nominal': 6, 'soft_sparse_recall': 4}
    delta treatment-control: precision=+0.000 recall=+0.000 f1=+0.000 offset_f1=+0.000 note_value_acc=+0.000 dup_per_100=+0.00 boundary_miss_rate=+0.000 p95_chunk_ms=+1.08 f1_10ms=+0.000 f1_20ms=+0.000 f1_30ms=+0.000 visible_p50_ms=-0.7 stabilize_p50_ms=-1.3 algo_visible_p50_ms=+0.0 algo_stabilize_p50_ms=+0.0 avg_revisions=+0.00 display_note_f1=+0.000 display_offset_f1=+0.000 display_cluster_f1=+0.000 display_cluster_jaccard=+0.000
    failure buckets: ['boundary_miss_failure', 'high_revision_slow_stabilization']
      boundary diagnostics: missed=5 by_arm={'control': 5, 'treatment': 5} tags={'control_boundary_miss': 5, 'no_control_coarse_candidate': 5}
        miss: pitch=76 onset=1.791s boundary_delta_ms=-9.4 control_coarse=False treatment_coarse=False retro=n/a
        miss: pitch=85 onset=2.906s boundary_delta_ms=-93.8 control_coarse=False treatment_coarse=False retro=n/a
        miss: pitch=101 onset=2.906s boundary_delta_ms=-93.8 control_coarse=False treatment_coarse=False retro=n/a
        ... 2 more missed boundary notes in diagnostics JSON
[TIMING] EnhancedMel.transcribe: audio_to_gpu=0.4ms, features=0.7ms, model=10.5ms, decode=1.3ms | TOTAL=12.9ms for 600ms audio (RTF=0.02x)
[TIMING] stream_chunk[experiment-1dc9817034f04b198f8ee7be779ffa22](live_neural): decode=0.1ms, inference=14.5ms, second_pass=0.0ms, contention=0.0ms, TOTAL=14.7ms | audio=600ms, RTF=0.02x | model=enhanced_mel, neural_total=14.1ms, model_inference=10.5ms
[TIMING] EnhancedMel.transcribe: audio_to_gpu=0.1ms, features=0.3ms, model=11.0ms, decode=2.4ms | TOTAL=13.8ms for 1200ms audio (RTF=0.01x)
[TIMING] stream_chunk[experiment-1dc9817034f04b198f8ee7be779ffa22](live_neural): decode=0.1ms, inference=15.5ms, second_pass=0.0ms, contention=0.0ms, TOTAL=15.7ms | audio=600ms, RTF=0.03x | model=enhanced_mel, neural_total=15.2ms, model_inference=11.0ms
[TIMING] EnhancedMel.transcribe: audio_to_gpu=0.2ms, features=0.4ms, model=10.7ms, decode=3.4ms | TOTAL=14.6ms for 1800ms audio (RTF=0.01x)
[TIMING] stream_chunk[experiment-1dc9817034f04b198f8ee7be779ffa22](live_neural): decode=0.1ms, inference=16.6ms, second_pass=0.0ms, contention=0.0ms, TOTAL=16.8ms | audio=600ms, RTF=0.03x | model=enhanced_mel, neural_total=16.2ms, model_inference=10.7ms
[TIMING] EnhancedMel.transcribe: audio_to_gpu=0.4ms, features=0.7ms, model=18.3ms, decode=4.5ms | TOTAL=23.9ms for 2400ms audio (RTF=0.01x)
[TIMING] stream_chunk[experiment-1dc9817034f04b198f8ee7be779ffa22](live_neural): decode=0.1ms, inference=26.2ms, second_pass=0.0ms, contention=0.0ms, TOTAL=26.4ms | audio=600ms, RTF=0.04x | model=enhanced_mel, neural_total=25.8ms, model_inference=18.3ms
[TIMING] EnhancedMel.transcribe: audio_to_gpu=0.3ms, features=0.5ms, model=11.9ms, decode=5.8ms | TOTAL=18.5ms for 3000ms audio (RTF=0.01x)
[TIMING] stream_chunk[experiment-1dc9817034f04b198f8ee7be779ffa22](live_neural): decode=0.1ms, inference=20.9ms, second_pass=0.0ms, contention=0.0ms, TOTAL=21.3ms | audio=600ms, RTF=0.04x | model=enhanced_mel, neural_total=20.5ms, model_inference=11.9ms
[TIMING] EnhancedMel.transcribe: audio_to_gpu=0.3ms, features=0.5ms, model=13.1ms, decode=5.5ms | TOTAL=19.4ms for 3000ms audio (RTF=0.01x)
[TIMING] stream_chunk[experiment-1dc9817034f04b198f8ee7be779ffa22](live_neural): decode=0.1ms, inference=22.0ms, second_pass=0.0ms, contention=0.0ms, TOTAL=22.3ms | audio=600ms, RTF=0.04x | model=enhanced_mel, neural_total=21.5ms, model_inference=13.1ms
[TIMING] EnhancedMel.transcribe: audio_to_gpu=0.3ms, features=0.5ms, model=12.3ms, decode=5.5ms | TOTAL=18.6ms for 3000ms audio (RTF=0.01x)
[TIMING] stream_chunk[experiment-1dc9817034f04b198f8ee7be779ffa22](live_neural): decode=0.1ms, inference=21.1ms, second_pass=0.0ms, contention=0.0ms, TOTAL=21.4ms | audio=600ms, RTF=0.04x | model=enhanced_mel, neural_total=20.6ms, model_inference=12.3ms
[TIMING] EnhancedMel.transcribe: audio_to_gpu=0.2ms, features=0.5ms, model=13.1ms, decode=5.8ms | TOTAL=19.6ms for 3000ms audio (RTF=0.01x)
[TIMING] stream_chunk[experiment-1dc9817034f04b198f8ee7be779ffa22](live_neural): decode=0.1ms, inference=22.6ms, second_pass=0.0ms, contention=0.0ms, TOTAL=22.9ms | audio=600ms, RTF=0.04x | model=enhanced_mel, neural_total=22.0ms, model_inference=13.1ms
[TIMING] EnhancedMel.transcribe: audio_to_gpu=0.3ms, features=0.6ms, model=16.4ms, decode=5.9ms | TOTAL=23.2ms for 3000ms audio (RTF=0.01x)
[TIMING] stream_chunk[experiment-1dc9817034f04b198f8ee7be779ffa22](live_neural): decode=0.1ms, inference=25.8ms, second_pass=0.0ms, contention=0.0ms, TOTAL=26.1ms | audio=600ms, RTF=0.04x | model=enhanced_mel, neural_total=25.4ms, model_inference=16.4ms
[TIMING] EnhancedMel.transcribe: audio_to_gpu=0.3ms, features=0.5ms, model=14.4ms, decode=5.7ms | TOTAL=21.0ms for 3000ms audio (RTF=0.01x)
[TIMING] stream_chunk[experiment-1dc9817034f04b198f8ee7be779ffa22](live_neural): decode=0.1ms, inference=23.5ms, second_pass=0.0ms, contention=0.0ms, TOTAL=23.8ms | audio=600ms, RTF=0.04x | model=enhanced_mel, neural_total=23.1ms, model_inference=14.4ms
[TIMING] EnhancedMel.transcribe: audio_to_gpu=0.3ms, features=0.6ms, model=11.0ms, decode=1.4ms | TOTAL=13.3ms for 600ms audio (RTF=0.02x)
[TIMING] stream_chunk[experiment-405793b2fdb14af394aae303b138b0a2](live_neural): decode=0.2ms, inference=15.2ms, second_pass=0.0ms, contention=0.0ms, TOTAL=15.4ms | audio=600ms, RTF=0.03x | model=enhanced_mel, neural_total=14.8ms, model_inference=11.0ms
[TIMING] EnhancedMel.transcribe: audio_to_gpu=0.3ms, features=0.7ms, model=20.2ms, decode=2.5ms | TOTAL=23.7ms for 1200ms audio (RTF=0.02x)
[TIMING] stream_chunk[experiment-405793b2fdb14af394aae303b138b0a2](live_neural): decode=0.1ms, inference=25.7ms, second_pass=0.0ms, contention=0.0ms, TOTAL=26.0ms | audio=600ms, RTF=0.04x | model=enhanced_mel, neural_total=25.2ms, model_inference=20.2ms
[TIMING] EnhancedMel.transcribe: audio_to_gpu=0.2ms, features=0.5ms, model=12.1ms, decode=3.5ms | TOTAL=16.3ms for 1800ms audio (RTF=0.01x)
[TIMING] stream_chunk[experiment-405793b2fdb14af394aae303b138b0a2](live_neural): decode=0.1ms, inference=18.4ms, second_pass=0.0ms, contention=0.0ms, TOTAL=18.6ms | audio=600ms, RTF=0.03x | model=enhanced_mel, neural_total=18.0ms, model_inference=12.1ms
[TIMING] EnhancedMel.transcribe: audio_to_gpu=0.3ms, features=0.5ms, model=11.4ms, decode=4.5ms | TOTAL=16.7ms for 2400ms audio (RTF=0.01x)
[TIMING] stream_chunk[experiment-405793b2fdb14af394aae303b138b0a2](live_neural): decode=0.1ms, inference=19.3ms, second_pass=0.0ms, contention=0.0ms, TOTAL=19.6ms | audio=600ms, RTF=0.03x | model=enhanced_mel, neural_total=18.9ms, model_inference=11.4ms
[TIMING] EnhancedMel.transcribe: audio_to_gpu=0.3ms, features=0.6ms, model=13.1ms, decode=5.6ms | TOTAL=19.5ms for 3000ms audio (RTF=0.01x)
[TIMING] stream_chunk[experiment-405793b2fdb14af394aae303b138b0a2](live_neural): decode=0.1ms, inference=22.9ms, second_pass=0.0ms, contention=0.0ms, TOTAL=23.3ms | audio=600ms, RTF=0.04x | model=enhanced_mel, neural_total=22.5ms, model_inference=13.1ms
[TIMING] EnhancedMel.transcribe: audio_to_gpu=0.3ms, features=0.5ms, model=12.5ms, decode=5.5ms | TOTAL=18.7ms for 3000ms audio (RTF=0.01x)
[TIMING] stream_chunk[experiment-405793b2fdb14af394aae303b138b0a2](live_neural): decode=0.1ms, inference=21.2ms, second_pass=0.0ms, contention=0.0ms, TOTAL=21.5ms | audio=600ms, RTF=0.04x | model=enhanced_mel, neural_total=20.8ms, model_inference=12.5ms
[TIMING] EnhancedMel.transcribe: audio_to_gpu=0.3ms, features=0.5ms, model=12.6ms, decode=6.0ms | TOTAL=19.4ms for 3000ms audio (RTF=0.01x)
[TIMING] stream_chunk[experiment-405793b2fdb14af394aae303b138b0a2](live_neural): decode=0.1ms, inference=21.8ms, second_pass=0.0ms, contention=0.0ms, TOTAL=22.1ms | audio=600ms, RTF=0.04x | model=enhanced_mel, neural_total=21.4ms, model_inference=12.6ms
[TIMING] EnhancedMel.transcribe: audio_to_gpu=0.3ms, features=0.5ms, model=12.7ms, decode=5.9ms | TOTAL=19.4ms for 3000ms audio (RTF=0.01x)
[TIMING] stream_chunk[experiment-405793b2fdb14af394aae303b138b0a2](live_neural): decode=0.1ms, inference=22.0ms, second_pass=0.0ms, contention=0.0ms, TOTAL=22.4ms | audio=600ms, RTF=0.04x | model=enhanced_mel, neural_total=21.5ms, model_inference=12.7ms
[TIMING] EnhancedMel.transcribe: audio_to_gpu=0.3ms, features=0.7ms, model=16.1ms, decode=5.6ms | TOTAL=22.8ms for 3000ms audio (RTF=0.01x)
[TIMING] stream_chunk[experiment-405793b2fdb14af394aae303b138b0a2](live_neural): decode=0.1ms, inference=25.2ms, second_pass=0.0ms, contention=0.0ms, TOTAL=25.6ms | audio=600ms, RTF=0.04x | model=enhanced_mel, neural_total=24.8ms, model_inference=16.1ms
[TIMING] EnhancedMel.transcribe: audio_to_gpu=0.3ms, features=0.5ms, model=12.5ms, decode=5.7ms | TOTAL=19.0ms for 3000ms audio (RTF=0.01x)
[TIMING] stream_chunk[experiment-405793b2fdb14af394aae303b138b0a2](live_neural): decode=0.1ms, inference=22.6ms, second_pass=0.0ms, contention=0.0ms, TOTAL=22.9ms | audio=600ms, RTF=0.04x | model=enhanced_mel, neural_total=22.1ms, model_inference=12.5ms

[CLIP_025] Jardins sous la pluie from Estampes
  excerpt: start=78.00s end=84.00s duration=6.00s gt_notes=111 rms=0.1094 peak=0.6345 crest=5.802 rms_std=0.0496
    control:
      note metrics: precision=0.971 recall=0.919 f1=0.944 matched=102/111 pred=105
      strict onset f1: 10ms=0.815 20ms=0.944 30ms=0.944
      timing metrics: offset_f1=0.889 rhythm_precision=0.941 note_value_acc=0.402 note_value_n=102 avg_beat_error=0.077
      duplicate metrics: duplicates=1 per_100_notes=0.95
      boundary metrics: gt=35 matched=30 missed=5 miss_rate=0.143
      latency: avg_chunk_ms=21.14 p95_chunk_ms=26.28 avg_rtf=0.035
      notation metrics: first_correct_ms=38.1 visible_p50_ms=384.2 visible_p95_ms=608.1 stabilize_p50_ms=1218.1 stabilize_p95_ms=2169.0 avg_revisions=0.96 matched=47 refined=47 snapshots=20
      algorithmic latency: first_correct_ms=14.3 visible_p50_ms=369.5 visible_p95_ms=589.2 stabilize_p50_ms=703.1 stabilize_p95_ms=1759.8
      final display note metrics: precision=0.981 recall=0.919 f1=0.949 matched=102/111 pred=104
      final display strict onset f1: 10ms=0.819 20ms=0.949 30ms=0.949
      final display timing: offset_f1=0.893 rhythm_precision=0.941 note_value_acc=0.216 note_value_n=102 avg_beat_error=0.144
      final display structure: cluster_f1=0.797 onset_align_recall=0.971 avg_jaccard=0.909 exact=55/70 pred=68 over=4 under=9 pitch_conflicts=0 missed_gt=2
      threshold profiles: hit_rate=0.000 thresholds=[0.75] profiles={'fixed_baseline': 10}
    treatment:
      note metrics: precision=0.981 recall=0.919 f1=0.949 matched=102/111 pred=104
      strict onset f1: 10ms=0.819 20ms=0.949 30ms=0.949
      timing metrics: offset_f1=0.893 rhythm_precision=0.941 note_value_acc=0.402 note_value_n=102 avg_beat_error=0.077
      duplicate metrics: duplicates=1 per_100_notes=0.96
      boundary metrics: gt=35 matched=30 missed=5 miss_rate=0.143
      latency: avg_chunk_ms=21.74 p95_chunk_ms=25.80 avg_rtf=0.036
      notation metrics: first_correct_ms=37.2 visible_p50_ms=385.0 visible_p95_ms=609.1 stabilize_p50_ms=1211.3 stabilize_p95_ms=2162.0 avg_revisions=0.96 matched=47 refined=47 snapshots=20
      algorithmic latency: first_correct_ms=14.3 visible_p50_ms=369.5 visible_p95_ms=589.2 stabilize_p50_ms=703.1 stabilize_p95_ms=1759.8
      final display note metrics: precision=0.990 recall=0.919 f1=0.953 matched=102/111 pred=103
      final display strict onset f1: 10ms=0.822 20ms=0.953 30ms=0.953
      final display timing: offset_f1=0.897 rhythm_precision=0.941 note_value_acc=0.206 note_value_n=102 avg_beat_error=0.145
      final display structure: cluster_f1=0.812 onset_align_recall=0.971 avg_jaccard=0.914 exact=56/70 pred=68 over=3 under=9 pitch_conflicts=0 missed_gt=2
      threshold profiles: hit_rate=0.500 thresholds=[0.75, 0.77] profiles={'baseline_nominal': 5, 'loud_dense_precision': 5}
    delta treatment-control: precision=+0.009 recall=+0.000 f1=+0.004 offset_f1=+0.004 note_value_acc=+0.000 dup_per_100=+0.01 boundary_miss_rate=+0.000 p95_chunk_ms=-0.48 f1_10ms=+0.004 f1_20ms=+0.004 f1_30ms=+0.004 visible_p50_ms=+0.8 stabilize_p50_ms=-6.8 algo_visible_p50_ms=+0.0 algo_stabilize_p50_ms=+0.0 avg_revisions=+0.00 display_note_f1=+0.004 display_offset_f1=+0.004 display_cluster_f1=+0.014 display_cluster_jaccard=+0.005
    failure buckets: ['boundary_miss_failure', 'high_revision_slow_stabilization', 'note_value_offset_failure']
      boundary diagnostics: missed=5 by_arm={'control': 5, 'treatment': 5} tags={'control_boundary_miss': 5, 'no_control_coarse_candidate': 5}
        miss: pitch=77 onset=0.669s boundary_delta_ms=+69.3 control_coarse=False treatment_coarse=False retro=n/a
        miss: pitch=84 onset=2.951s boundary_delta_ms=-49.5 control_coarse=False treatment_coarse=False retro=n/a
        miss: pitch=84 onset=4.835s boundary_delta_ms=+34.6 control_coarse=False treatment_coarse=False retro=n/a
        ... 2 more missed boundary notes in diagnostics JSON
[TIMING] EnhancedMel.transcribe: audio_to_gpu=0.4ms, features=0.8ms, model=20.4ms, decode=1.3ms | TOTAL=22.9ms for 600ms audio (RTF=0.04x)
[TIMING] stream_chunk[experiment-4cf9d99017844a17a1742be4cf611c8e](live_neural): decode=0.2ms, inference=25.5ms, second_pass=0.0ms, contention=0.0ms, TOTAL=25.8ms | audio=600ms, RTF=0.04x | model=enhanced_mel, neural_total=25.0ms, model_inference=20.4ms
[TIMING] EnhancedMel.transcribe: audio_to_gpu=0.1ms, features=0.3ms, model=11.3ms, decode=2.3ms | TOTAL=14.0ms for 1200ms audio (RTF=0.01x)
[TIMING] stream_chunk[experiment-4cf9d99017844a17a1742be4cf611c8e](live_neural): decode=0.1ms, inference=15.8ms, second_pass=0.0ms, contention=0.0ms, TOTAL=16.1ms | audio=600ms, RTF=0.03x | model=enhanced_mel, neural_total=15.5ms, model_inference=11.3ms
[TIMING] EnhancedMel.transcribe: audio_to_gpu=0.2ms, features=0.4ms, model=10.7ms, decode=3.5ms | TOTAL=14.7ms for 1800ms audio (RTF=0.01x)
[TIMING] stream_chunk[experiment-4cf9d99017844a17a1742be4cf611c8e](live_neural): decode=0.1ms, inference=17.4ms, second_pass=0.0ms, contention=0.0ms, TOTAL=17.7ms | audio=600ms, RTF=0.03x | model=enhanced_mel, neural_total=16.8ms, model_inference=10.7ms
[TIMING] EnhancedMel.transcribe: audio_to_gpu=0.2ms, features=0.5ms, model=11.5ms, decode=4.4ms | TOTAL=16.6ms for 2400ms audio (RTF=0.01x)
[TIMING] stream_chunk[experiment-4cf9d99017844a17a1742be4cf611c8e](live_neural): decode=0.1ms, inference=18.7ms, second_pass=0.0ms, contention=0.0ms, TOTAL=19.0ms | audio=600ms, RTF=0.03x | model=enhanced_mel, neural_total=18.4ms, model_inference=11.5ms
[TIMING] EnhancedMel.transcribe: audio_to_gpu=0.2ms, features=0.5ms, model=12.0ms, decode=5.5ms | TOTAL=18.2ms for 3000ms audio (RTF=0.01x)
[TIMING] stream_chunk[experiment-4cf9d99017844a17a1742be4cf611c8e](live_neural): decode=0.1ms, inference=21.2ms, second_pass=0.0ms, contention=0.0ms, TOTAL=21.5ms | audio=600ms, RTF=0.04x | model=enhanced_mel, neural_total=20.9ms, model_inference=12.0ms
[TIMING] EnhancedMel.transcribe: audio_to_gpu=0.2ms, features=0.5ms, model=12.2ms, decode=5.6ms | TOTAL=18.6ms for 3000ms audio (RTF=0.01x)
[TIMING] stream_chunk[experiment-4cf9d99017844a17a1742be4cf611c8e](live_neural): decode=0.1ms, inference=22.1ms, second_pass=0.0ms, contention=0.0ms, TOTAL=22.5ms | audio=600ms, RTF=0.04x | model=enhanced_mel, neural_total=21.7ms, model_inference=12.2ms
[TIMING] EnhancedMel.transcribe: audio_to_gpu=0.3ms, features=0.7ms, model=19.8ms, decode=5.6ms | TOTAL=26.4ms for 3000ms audio (RTF=0.01x)
[TIMING] stream_chunk[experiment-4cf9d99017844a17a1742be4cf611c8e](live_neural): decode=0.1ms, inference=29.2ms, second_pass=0.0ms, contention=0.0ms, TOTAL=29.6ms | audio=600ms, RTF=0.05x | model=enhanced_mel, neural_total=28.7ms, model_inference=19.8ms
[TIMING] EnhancedMel.transcribe: audio_to_gpu=0.4ms, features=0.7ms, model=16.1ms, decode=5.6ms | TOTAL=22.9ms for 3000ms audio (RTF=0.01x)
[TIMING] stream_chunk[experiment-4cf9d99017844a17a1742be4cf611c8e](live_neural): decode=0.1ms, inference=25.6ms, second_pass=0.0ms, contention=0.0ms, TOTAL=25.9ms | audio=600ms, RTF=0.04x | model=enhanced_mel, neural_total=25.2ms, model_inference=16.1ms
[TIMING] EnhancedMel.transcribe: audio_to_gpu=0.4ms, features=0.7ms, model=17.4ms, decode=5.6ms | TOTAL=24.1ms for 3000ms audio (RTF=0.01x)
[TIMING] stream_chunk[experiment-4cf9d99017844a17a1742be4cf611c8e](live_neural): decode=0.1ms, inference=26.4ms, second_pass=0.0ms, contention=0.0ms, TOTAL=26.7ms | audio=600ms, RTF=0.04x | model=enhanced_mel, neural_total=26.0ms, model_inference=17.4ms
[TIMING] EnhancedMel.transcribe: audio_to_gpu=0.5ms, features=0.7ms, model=19.7ms, decode=5.5ms | TOTAL=26.4ms for 3000ms audio (RTF=0.01x)
[TIMING] stream_chunk[experiment-4cf9d99017844a17a1742be4cf611c8e](live_neural): decode=0.1ms, inference=28.7ms, second_pass=0.0ms, contention=0.0ms, TOTAL=29.0ms | audio=600ms, RTF=0.05x | model=enhanced_mel, neural_total=28.3ms, model_inference=19.7ms
[TIMING] EnhancedMel.transcribe: audio_to_gpu=0.3ms, features=0.7ms, model=16.1ms, decode=1.3ms | TOTAL=18.4ms for 600ms audio (RTF=0.03x)
[TIMING] stream_chunk[experiment-da072d7221094d5aad84c1c6d7ccc3cf](live_neural): decode=0.1ms, inference=19.9ms, second_pass=0.0ms, contention=0.0ms, TOTAL=20.1ms | audio=600ms, RTF=0.03x | model=enhanced_mel, neural_total=19.6ms, model_inference=16.1ms
[TIMING] EnhancedMel.transcribe: audio_to_gpu=0.1ms, features=0.4ms, model=9.6ms, decode=2.6ms | TOTAL=12.7ms for 1200ms audio (RTF=0.01x)
[TIMING] stream_chunk[experiment-da072d7221094d5aad84c1c6d7ccc3cf](live_neural): decode=0.1ms, inference=14.2ms, second_pass=0.0ms, contention=0.0ms, TOTAL=14.4ms | audio=600ms, RTF=0.02x | model=enhanced_mel, neural_total=13.9ms, model_inference=9.6ms
[TIMING] EnhancedMel.transcribe: audio_to_gpu=0.2ms, features=0.7ms, model=12.3ms, decode=3.4ms | TOTAL=16.5ms for 1800ms audio (RTF=0.01x)
[TIMING] stream_chunk[experiment-da072d7221094d5aad84c1c6d7ccc3cf](live_neural): decode=0.2ms, inference=18.4ms, second_pass=0.0ms, contention=0.0ms, TOTAL=18.8ms | audio=600ms, RTF=0.03x | model=enhanced_mel, neural_total=18.1ms, model_inference=12.3ms
[TIMING] EnhancedMel.transcribe: audio_to_gpu=0.2ms, features=0.4ms, model=11.4ms, decode=4.7ms | TOTAL=16.7ms for 2400ms audio (RTF=0.01x)
[TIMING] stream_chunk[experiment-da072d7221094d5aad84c1c6d7ccc3cf](live_neural): decode=0.1ms, inference=18.9ms, second_pass=0.0ms, contention=0.0ms, TOTAL=19.1ms | audio=600ms, RTF=0.03x | model=enhanced_mel, neural_total=18.5ms, model_inference=11.4ms
[TIMING] EnhancedMel.transcribe: audio_to_gpu=0.4ms, features=0.7ms, model=19.2ms, decode=5.6ms | TOTAL=25.8ms for 3000ms audio (RTF=0.01x)
[TIMING] stream_chunk[experiment-da072d7221094d5aad84c1c6d7ccc3cf](live_neural): decode=0.1ms, inference=28.4ms, second_pass=0.0ms, contention=0.0ms, TOTAL=28.7ms | audio=600ms, RTF=0.05x | model=enhanced_mel, neural_total=28.0ms, model_inference=19.2ms
[TIMING] EnhancedMel.transcribe: audio_to_gpu=0.2ms, features=0.5ms, model=13.4ms, decode=5.6ms | TOTAL=19.7ms for 3000ms audio (RTF=0.01x)
[TIMING] stream_chunk[experiment-da072d7221094d5aad84c1c6d7ccc3cf](live_neural): decode=0.1ms, inference=22.6ms, second_pass=0.0ms, contention=0.0ms, TOTAL=22.9ms | audio=600ms, RTF=0.04x | model=enhanced_mel, neural_total=22.3ms, model_inference=13.4ms
[TIMING] EnhancedMel.transcribe: audio_to_gpu=0.4ms, features=0.6ms, model=13.0ms, decode=5.7ms | TOTAL=19.7ms for 3000ms audio (RTF=0.01x)
[TIMING] stream_chunk[experiment-da072d7221094d5aad84c1c6d7ccc3cf](live_neural): decode=0.1ms, inference=22.8ms, second_pass=0.0ms, contention=0.0ms, TOTAL=23.2ms | audio=600ms, RTF=0.04x | model=enhanced_mel, neural_total=22.4ms, model_inference=13.0ms
[TIMING] EnhancedMel.transcribe: audio_to_gpu=0.3ms, features=0.5ms, model=12.7ms, decode=5.7ms | TOTAL=19.2ms for 3000ms audio (RTF=0.01x)
[TIMING] stream_chunk[experiment-da072d7221094d5aad84c1c6d7ccc3cf](live_neural): decode=0.1ms, inference=21.5ms, second_pass=0.0ms, contention=0.0ms, TOTAL=21.8ms | audio=600ms, RTF=0.04x | model=enhanced_mel, neural_total=21.1ms, model_inference=12.7ms
[TIMING] EnhancedMel.transcribe: audio_to_gpu=0.3ms, features=0.6ms, model=11.6ms, decode=5.5ms | TOTAL=18.0ms for 3000ms audio (RTF=0.01x)
[TIMING] stream_chunk[experiment-da072d7221094d5aad84c1c6d7ccc3cf](live_neural): decode=0.1ms, inference=20.4ms, second_pass=0.0ms, contention=0.0ms, TOTAL=20.7ms | audio=600ms, RTF=0.03x | model=enhanced_mel, neural_total=19.9ms, model_inference=11.6ms
[TIMING] EnhancedMel.transcribe: audio_to_gpu=0.4ms, features=0.7ms, model=19.5ms, decode=5.6ms | TOTAL=26.2ms for 3000ms audio (RTF=0.01x)
[TIMING] stream_chunk[experiment-da072d7221094d5aad84c1c6d7ccc3cf](live_neural): decode=0.1ms, inference=29.3ms, second_pass=0.0ms, contention=0.0ms, TOTAL=29.7ms | audio=600ms, RTF=0.05x | model=enhanced_mel, neural_total=28.8ms, model_inference=19.5ms

[CLIP_026] Concert Etude "Waldesrauschen"
  excerpt: start=12.00s end=18.00s duration=6.00s gt_notes=111 rms=0.0395 peak=0.1975 crest=5.006 rms_std=0.0126
    control:
      note metrics: precision=0.967 recall=0.793 f1=0.871 matched=88/111 pred=91
      strict onset f1: 10ms=0.713 20ms=0.871 30ms=0.871
      timing metrics: offset_f1=0.703 rhythm_precision=0.807 note_value_acc=0.318 note_value_n=88 avg_beat_error=0.165
      duplicate metrics: duplicates=2 per_100_notes=2.20
      boundary metrics: gt=41 matched=33 missed=8 miss_rate=0.195
      latency: avg_chunk_ms=23.36 p95_chunk_ms=29.31 avg_rtf=0.039
      notation metrics: first_correct_ms=51.7 visible_p50_ms=349.6 visible_p95_ms=598.5 stabilize_p50_ms=783.0 stabilize_p95_ms=1923.5 avg_revisions=0.82 matched=67 refined=67 snapshots=21
      algorithmic latency: first_correct_ms=23.4 visible_p50_ms=328.1 visible_p95_ms=576.8 stabilize_p50_ms=504.7 stabilize_p95_ms=1487.1
      final display note metrics: precision=0.989 recall=0.784 f1=0.874 matched=87/111 pred=88
      final display strict onset f1: 10ms=0.714 20ms=0.874 30ms=0.874
      final display timing: offset_f1=0.704 rhythm_precision=0.805 note_value_acc=0.161 note_value_n=87 avg_beat_error=0.203
      final display structure: cluster_f1=0.611 onset_align_recall=0.871 avg_jaccard=0.844 exact=40/70 pred=61 over=5 under=16 pitch_conflicts=0 missed_gt=9
      threshold profiles: hit_rate=0.000 thresholds=[0.75] profiles={'fixed_baseline': 10}
    treatment:
      note metrics: precision=0.967 recall=0.793 f1=0.871 matched=88/111 pred=91
      strict onset f1: 10ms=0.713 20ms=0.871 30ms=0.871
      timing metrics: offset_f1=0.703 rhythm_precision=0.807 note_value_acc=0.318 note_value_n=88 avg_beat_error=0.165
      duplicate metrics: duplicates=2 per_100_notes=2.20
      boundary metrics: gt=41 matched=33 missed=8 miss_rate=0.195
      latency: avg_chunk_ms=21.95 p95_chunk_ms=29.23 avg_rtf=0.037
      notation metrics: first_correct_ms=45.7 visible_p50_ms=356.8 visible_p95_ms=596.7 stabilize_p50_ms=784.1 stabilize_p95_ms=1924.5 avg_revisions=0.82 matched=67 refined=67 snapshots=21
      algorithmic latency: first_correct_ms=23.4 visible_p50_ms=328.1 visible_p95_ms=576.8 stabilize_p50_ms=504.7 stabilize_p95_ms=1487.1
      final display note metrics: precision=0.989 recall=0.784 f1=0.874 matched=87/111 pred=88
      final display strict onset f1: 10ms=0.714 20ms=0.874 30ms=0.874
      final display timing: offset_f1=0.704 rhythm_precision=0.805 note_value_acc=0.161 note_value_n=87 avg_beat_error=0.203
      final display structure: cluster_f1=0.611 onset_align_recall=0.871 avg_jaccard=0.844 exact=40/70 pred=61 over=5 under=16 pitch_conflicts=0 missed_gt=9
      threshold profiles: hit_rate=0.200 thresholds=[0.71, 0.75] profiles={'baseline_nominal': 8, 'soft_sparse_recall': 2}
    delta treatment-control: precision=+0.000 recall=+0.000 f1=+0.000 offset_f1=+0.000 note_value_acc=+0.000 dup_per_100=+0.00 boundary_miss_rate=+0.000 p95_chunk_ms=-0.08 f1_10ms=+0.000 f1_20ms=+0.000 f1_30ms=+0.000 visible_p50_ms=+7.2 stabilize_p50_ms=+1.1 algo_visible_p50_ms=+0.0 algo_stabilize_p50_ms=+0.0 avg_revisions=+0.00 display_note_f1=+0.000 display_offset_f1=+0.000 display_cluster_f1=+0.000 display_cluster_jaccard=+0.000
    failure buckets: ['boundary_miss_failure', 'high_revision_slow_stabilization', 'note_value_offset_failure']
      boundary diagnostics: missed=8 by_arm={'control': 8, 'treatment': 8} tags={'control_boundary_miss': 8, 'no_control_coarse_candidate': 8}
        miss: pitch=80 onset=0.542s boundary_delta_ms=-58.3 control_coarse=False treatment_coarse=False retro=n/a
        miss: pitch=77 onset=0.562s boundary_delta_ms=-37.5 control_coarse=False treatment_coarse=False retro=n/a
        miss: pitch=77 onset=1.107s boundary_delta_ms=-93.2 control_coarse=False treatment_coarse=False retro=n/a
        ... 5 more missed boundary notes in diagnostics JSON
[TIMING] EnhancedMel.transcribe: audio_to_gpu=0.4ms, features=0.5ms, model=13.1ms, decode=2.3ms | TOTAL=16.4ms for 600ms audio (RTF=0.03x)
[TIMING] stream_chunk[experiment-94b4a681040643f6a84c57ec3fc3a325](live_neural): decode=0.2ms, inference=18.3ms, second_pass=0.0ms, contention=0.0ms, TOTAL=18.6ms | audio=600ms, RTF=0.03x | model=enhanced_mel, neural_total=17.8ms, model_inference=13.1ms
[TIMING] EnhancedMel.transcribe: audio_to_gpu=0.2ms, features=0.6ms, model=10.4ms, decode=2.4ms | TOTAL=13.6ms for 1200ms audio (RTF=0.01x)
[TIMING] stream_chunk[experiment-94b4a681040643f6a84c57ec3fc3a325](live_neural): decode=0.1ms, inference=15.6ms, second_pass=0.0ms, contention=0.0ms, TOTAL=15.9ms | audio=600ms, RTF=0.03x | model=enhanced_mel, neural_total=15.1ms, model_inference=10.4ms
[TIMING] EnhancedMel.transcribe: audio_to_gpu=0.2ms, features=0.5ms, model=13.1ms, decode=3.6ms | TOTAL=17.4ms for 1800ms audio (RTF=0.01x)
[TIMING] stream_chunk[experiment-94b4a681040643f6a84c57ec3fc3a325](live_neural): decode=0.1ms, inference=19.5ms, second_pass=0.0ms, contention=0.0ms, TOTAL=19.8ms | audio=600ms, RTF=0.03x | model=enhanced_mel, neural_total=19.1ms, model_inference=13.1ms
[TIMING] EnhancedMel.transcribe: audio_to_gpu=0.5ms, features=0.6ms, model=18.1ms, decode=4.7ms | TOTAL=23.9ms for 2400ms audio (RTF=0.01x)
[TIMING] stream_chunk[experiment-94b4a681040643f6a84c57ec3fc3a325](live_neural): decode=0.1ms, inference=26.3ms, second_pass=0.0ms, contention=0.0ms, TOTAL=26.7ms | audio=600ms, RTF=0.04x | model=enhanced_mel, neural_total=25.9ms, model_inference=18.1ms
[TIMING] EnhancedMel.transcribe: audio_to_gpu=0.2ms, features=0.5ms, model=11.8ms, decode=5.5ms | TOTAL=18.1ms for 3000ms audio (RTF=0.01x)
[TIMING] stream_chunk[experiment-94b4a681040643f6a84c57ec3fc3a325](live_neural): decode=0.1ms, inference=20.5ms, second_pass=0.0ms, contention=0.0ms, TOTAL=20.9ms | audio=600ms, RTF=0.03x | model=enhanced_mel, neural_total=20.2ms, model_inference=11.8ms
[TIMING] EnhancedMel.transcribe: audio_to_gpu=0.3ms, features=0.6ms, model=11.7ms, decode=7.1ms | TOTAL=19.7ms for 3000ms audio (RTF=0.01x)
[TIMING] stream_chunk[experiment-94b4a681040643f6a84c57ec3fc3a325](live_neural): decode=0.2ms, inference=23.1ms, second_pass=0.0ms, contention=0.0ms, TOTAL=23.5ms | audio=600ms, RTF=0.04x | model=enhanced_mel, neural_total=22.6ms, model_inference=11.7ms
[TIMING] EnhancedMel.transcribe: audio_to_gpu=0.3ms, features=0.5ms, model=12.7ms, decode=5.5ms | TOTAL=19.1ms for 3000ms audio (RTF=0.01x)
[TIMING] stream_chunk[experiment-94b4a681040643f6a84c57ec3fc3a325](live_neural): decode=0.1ms, inference=22.3ms, second_pass=0.0ms, contention=0.0ms, TOTAL=22.6ms | audio=600ms, RTF=0.04x | model=enhanced_mel, neural_total=22.0ms, model_inference=12.7ms
[TIMING] EnhancedMel.transcribe: audio_to_gpu=0.3ms, features=0.6ms, model=15.6ms, decode=5.6ms | TOTAL=22.1ms for 3000ms audio (RTF=0.01x)
[TIMING] stream_chunk[experiment-94b4a681040643f6a84c57ec3fc3a325](live_neural): decode=0.1ms, inference=24.5ms, second_pass=0.0ms, contention=0.0ms, TOTAL=24.8ms | audio=600ms, RTF=0.04x | model=enhanced_mel, neural_total=24.1ms, model_inference=15.6ms
[TIMING] EnhancedMel.transcribe: audio_to_gpu=0.3ms, features=0.6ms, model=16.4ms, decode=5.7ms | TOTAL=23.1ms for 3000ms audio (RTF=0.01x)
[TIMING] stream_chunk[experiment-94b4a681040643f6a84c57ec3fc3a325](live_neural): decode=0.1ms, inference=25.4ms, second_pass=0.0ms, contention=0.0ms, TOTAL=25.7ms | audio=600ms, RTF=0.04x | model=enhanced_mel, neural_total=25.1ms, model_inference=16.4ms
[TIMING] EnhancedMel.transcribe: audio_to_gpu=0.3ms, features=0.6ms, model=13.4ms, decode=6.8ms | TOTAL=21.1ms for 3000ms audio (RTF=0.01x)
[TIMING] stream_chunk[experiment-94b4a681040643f6a84c57ec3fc3a325](live_neural): decode=0.1ms, inference=23.3ms, second_pass=0.0ms, contention=0.0ms, TOTAL=23.6ms | audio=600ms, RTF=0.04x | model=enhanced_mel, neural_total=23.0ms, model_inference=13.4ms
[TIMING] EnhancedMel.transcribe: audio_to_gpu=0.4ms, features=0.8ms, model=11.6ms, decode=1.4ms | TOTAL=14.2ms for 600ms audio (RTF=0.02x)
[TIMING] stream_chunk[experiment-ac76ac7170ab46898f757706ea1fe746](live_neural): decode=0.1ms, inference=15.6ms, second_pass=0.0ms, contention=0.0ms, TOTAL=15.8ms | audio=600ms, RTF=0.03x | model=enhanced_mel, neural_total=15.3ms, model_inference=11.6ms
[TIMING] EnhancedMel.transcribe: audio_to_gpu=0.1ms, features=0.4ms, model=10.9ms, decode=2.5ms | TOTAL=13.9ms for 1200ms audio (RTF=0.01x)
[TIMING] stream_chunk[experiment-ac76ac7170ab46898f757706ea1fe746](live_neural): decode=0.1ms, inference=16.4ms, second_pass=0.0ms, contention=0.0ms, TOTAL=16.6ms | audio=600ms, RTF=0.03x | model=enhanced_mel, neural_total=16.0ms, model_inference=10.9ms
[TIMING] EnhancedMel.transcribe: audio_to_gpu=0.4ms, features=0.6ms, model=16.8ms, decode=3.5ms | TOTAL=21.3ms for 1800ms audio (RTF=0.01x)
[TIMING] stream_chunk[experiment-ac76ac7170ab46898f757706ea1fe746](live_neural): decode=0.1ms, inference=23.2ms, second_pass=0.0ms, contention=0.0ms, TOTAL=23.5ms | audio=600ms, RTF=0.04x | model=enhanced_mel, neural_total=22.8ms, model_inference=16.8ms
[TIMING] EnhancedMel.transcribe: audio_to_gpu=0.2ms, features=0.6ms, model=11.0ms, decode=6.6ms | TOTAL=18.5ms for 2400ms audio (RTF=0.01x)
[TIMING] stream_chunk[experiment-ac76ac7170ab46898f757706ea1fe746](live_neural): decode=0.1ms, inference=22.2ms, second_pass=0.0ms, contention=0.0ms, TOTAL=22.4ms | audio=600ms, RTF=0.04x | model=enhanced_mel, neural_total=21.8ms, model_inference=11.0ms
[TIMING] EnhancedMel.transcribe: audio_to_gpu=0.3ms, features=0.7ms, model=13.4ms, decode=7.1ms | TOTAL=21.5ms for 3000ms audio (RTF=0.01x)
[TIMING] stream_chunk[experiment-ac76ac7170ab46898f757706ea1fe746](live_neural): decode=0.1ms, inference=23.9ms, second_pass=0.0ms, contention=0.0ms, TOTAL=24.2ms | audio=600ms, RTF=0.04x | model=enhanced_mel, neural_total=23.5ms, model_inference=13.4ms
[TIMING] EnhancedMel.transcribe: audio_to_gpu=0.3ms, features=0.7ms, model=12.4ms, decode=6.2ms | TOTAL=19.6ms for 3000ms audio (RTF=0.01x)
[TIMING] stream_chunk[experiment-ac76ac7170ab46898f757706ea1fe746](live_neural): decode=0.1ms, inference=21.9ms, second_pass=0.0ms, contention=0.0ms, TOTAL=22.2ms | audio=600ms, RTF=0.04x | model=enhanced_mel, neural_total=21.5ms, model_inference=12.4ms
[TIMING] EnhancedMel.transcribe: audio_to_gpu=0.3ms, features=0.5ms, model=15.0ms, decode=5.5ms | TOTAL=21.4ms for 3000ms audio (RTF=0.01x)
[TIMING] stream_chunk[experiment-ac76ac7170ab46898f757706ea1fe746](live_neural): decode=0.1ms, inference=23.7ms, second_pass=0.0ms, contention=0.0ms, TOTAL=23.9ms | audio=600ms, RTF=0.04x | model=enhanced_mel, neural_total=23.3ms, model_inference=15.0ms
[TIMING] EnhancedMel.transcribe: audio_to_gpu=0.3ms, features=0.7ms, model=16.8ms, decode=5.7ms | TOTAL=23.6ms for 3000ms audio (RTF=0.01x)
[TIMING] stream_chunk[experiment-ac76ac7170ab46898f757706ea1fe746](live_neural): decode=0.1ms, inference=26.0ms, second_pass=0.0ms, contention=0.0ms, TOTAL=26.3ms | audio=600ms, RTF=0.04x | model=enhanced_mel, neural_total=25.6ms, model_inference=16.8ms
[TIMING] EnhancedMel.transcribe: audio_to_gpu=0.3ms, features=0.9ms, model=20.7ms, decode=5.8ms | TOTAL=27.7ms for 3000ms audio (RTF=0.01x)
[TIMING] stream_chunk[experiment-ac76ac7170ab46898f757706ea1fe746](live_neural): decode=0.1ms, inference=30.0ms, second_pass=0.0ms, contention=0.0ms, TOTAL=30.4ms | audio=600ms, RTF=0.05x | model=enhanced_mel, neural_total=29.6ms, model_inference=20.7ms
[TIMING] EnhancedMel.transcribe: audio_to_gpu=0.4ms, features=0.5ms, model=11.8ms, decode=6.9ms | TOTAL=19.5ms for 3000ms audio (RTF=0.01x)
[TIMING] stream_chunk[experiment-ac76ac7170ab46898f757706ea1fe746](live_neural): decode=0.2ms, inference=22.3ms, second_pass=0.0ms, contention=0.0ms, TOTAL=22.7ms | audio=600ms, RTF=0.04x | model=enhanced_mel, neural_total=21.9ms, model_inference=11.8ms

[CLIP_027] Sonata in D Major, K. 96 L. 465
  excerpt: start=9.00s end=15.00s duration=6.00s gt_notes=124 rms=0.0589 peak=0.3158 crest=5.362 rms_std=0.0197
    control:
      note metrics: precision=0.893 recall=0.879 f1=0.886 matched=109/124 pred=122
      strict onset f1: 10ms=0.764 20ms=0.886 30ms=0.886
      timing metrics: offset_f1=0.813 rhythm_precision=0.917 note_value_acc=0.651 note_value_n=109 avg_beat_error=0.077
      duplicate metrics: duplicates=11 per_100_notes=9.02
      boundary metrics: gt=43 matched=36 missed=7 miss_rate=0.163
      latency: avg_chunk_ms=22.21 p95_chunk_ms=26.22 avg_rtf=0.037
      notation metrics: first_correct_ms=43.0 visible_p50_ms=394.8 visible_p95_ms=591.0 stabilize_p50_ms=852.8 stabilize_p95_ms=1859.2 avg_revisions=0.62 matched=24 refined=24 snapshots=18
      algorithmic latency: first_correct_ms=24.5 visible_p50_ms=373.6 visible_p95_ms=570.1 stabilize_p50_ms=597.4 stabilize_p95_ms=1348.7
      final display note metrics: precision=0.981 recall=0.855 f1=0.914 matched=106/124 pred=108
      final display strict onset f1: 10ms=0.793 20ms=0.914 30ms=0.914
      final display timing: offset_f1=0.836 rhythm_precision=0.915 note_value_acc=0.349 note_value_n=106 avg_beat_error=0.195
      final display structure: cluster_f1=0.717 onset_align_recall=0.957 avg_jaccard=0.892 exact=33/47 pred=45 over=0 under=10 pitch_conflicts=2 missed_gt=2
      threshold profiles: hit_rate=0.000 thresholds=[0.75] profiles={'fixed_baseline': 10}
    treatment:
      note metrics: precision=0.893 recall=0.879 f1=0.886 matched=109/124 pred=122
      strict onset f1: 10ms=0.764 20ms=0.886 30ms=0.886
      timing metrics: offset_f1=0.813 rhythm_precision=0.917 note_value_acc=0.651 note_value_n=109 avg_beat_error=0.077
      duplicate metrics: duplicates=11 per_100_notes=9.02
      boundary metrics: gt=43 matched=36 missed=7 miss_rate=0.163
      latency: avg_chunk_ms=22.80 p95_chunk_ms=28.55 avg_rtf=0.038
      notation metrics: first_correct_ms=40.3 visible_p50_ms=393.1 visible_p95_ms=593.1 stabilize_p50_ms=853.3 stabilize_p95_ms=1856.6 avg_revisions=0.62 matched=24 refined=24 snapshots=18
      algorithmic latency: first_correct_ms=24.5 visible_p50_ms=373.6 visible_p95_ms=570.1 stabilize_p50_ms=597.4 stabilize_p95_ms=1348.7
      final display note metrics: precision=0.981 recall=0.855 f1=0.914 matched=106/124 pred=108
      final display strict onset f1: 10ms=0.793 20ms=0.914 30ms=0.914
      final display timing: offset_f1=0.836 rhythm_precision=0.915 note_value_acc=0.349 note_value_n=106 avg_beat_error=0.195
      final display structure: cluster_f1=0.717 onset_align_recall=0.957 avg_jaccard=0.892 exact=33/47 pred=45 over=0 under=10 pitch_conflicts=2 missed_gt=2
      threshold profiles: hit_rate=0.000 thresholds=[0.75] profiles={'baseline_nominal': 10}
    delta treatment-control: precision=+0.000 recall=+0.000 f1=+0.000 offset_f1=+0.000 note_value_acc=+0.000 dup_per_100=+0.00 boundary_miss_rate=+0.000 p95_chunk_ms=+2.33 f1_10ms=+0.000 f1_20ms=+0.000 f1_30ms=+0.000 visible_p50_ms=-1.7 stabilize_p50_ms=+0.5 algo_visible_p50_ms=+0.0 algo_stabilize_p50_ms=+0.0 avg_revisions=+0.00 display_note_f1=+0.000 display_offset_f1=+0.000 display_cluster_f1=+0.000 display_cluster_jaccard=+0.000
    failure buckets: ['boundary_miss_failure', 'high_revision_slow_stabilization']
      boundary diagnostics: missed=7 by_arm={'control': 7, 'treatment': 7} tags={'control_boundary_miss': 7, 'no_control_coarse_candidate': 7}
        miss: pitch=55 onset=0.630s boundary_delta_ms=+30.2 control_coarse=False treatment_coarse=False retro=n/a
        miss: pitch=74 onset=1.161s boundary_delta_ms=-38.5 control_coarse=False treatment_coarse=False retro=n/a
        miss: pitch=79 onset=1.241s boundary_delta_ms=+40.9 control_coarse=False treatment_coarse=False retro=n/a
        ... 4 more missed boundary notes in diagnostics JSON
[TIMING] EnhancedMel.transcribe: audio_to_gpu=0.5ms, features=0.7ms, model=11.3ms, decode=1.3ms | TOTAL=13.7ms for 600ms audio (RTF=0.02x)
[TIMING] stream_chunk[experiment-ec1e663d287949d997b8c22f78719c40](live_neural): decode=0.1ms, inference=15.9ms, second_pass=0.0ms, contention=0.0ms, TOTAL=16.2ms | audio=600ms, RTF=0.03x | model=enhanced_mel, neural_total=15.5ms, model_inference=11.3ms
[TIMING] EnhancedMel.transcribe: audio_to_gpu=0.2ms, features=0.4ms, model=10.7ms, decode=2.3ms | TOTAL=13.6ms for 1200ms audio (RTF=0.01x)
[TIMING] stream_chunk[experiment-ec1e663d287949d997b8c22f78719c40](live_neural): decode=0.1ms, inference=15.7ms, second_pass=0.0ms, contention=0.0ms, TOTAL=15.9ms | audio=600ms, RTF=0.03x | model=enhanced_mel, neural_total=15.2ms, model_inference=10.7ms
[TIMING] EnhancedMel.transcribe: audio_to_gpu=0.2ms, features=0.5ms, model=11.4ms, decode=3.5ms | TOTAL=15.6ms for 1800ms audio (RTF=0.01x)
[TIMING] stream_chunk[experiment-ec1e663d287949d997b8c22f78719c40](live_neural): decode=0.1ms, inference=18.7ms, second_pass=0.0ms, contention=0.0ms, TOTAL=19.1ms | audio=600ms, RTF=0.03x | model=enhanced_mel, neural_total=18.3ms, model_inference=11.4ms
[TIMING] EnhancedMel.transcribe: audio_to_gpu=0.4ms, features=0.6ms, model=19.7ms, decode=4.6ms | TOTAL=25.3ms for 2400ms audio (RTF=0.01x)
[TIMING] stream_chunk[experiment-ec1e663d287949d997b8c22f78719c40](live_neural): decode=0.1ms, inference=27.5ms, second_pass=0.0ms, contention=0.0ms, TOTAL=27.8ms | audio=600ms, RTF=0.05x | model=enhanced_mel, neural_total=27.2ms, model_inference=19.7ms
[TIMING] EnhancedMel.transcribe: audio_to_gpu=0.3ms, features=0.6ms, model=12.9ms, decode=5.6ms | TOTAL=19.4ms for 3000ms audio (RTF=0.01x)
[TIMING] stream_chunk[experiment-ec1e663d287949d997b8c22f78719c40](live_neural): decode=0.1ms, inference=22.9ms, second_pass=0.0ms, contention=0.0ms, TOTAL=23.2ms | audio=600ms, RTF=0.04x | model=enhanced_mel, neural_total=22.4ms, model_inference=12.9ms
[TIMING] EnhancedMel.transcribe: audio_to_gpu=0.3ms, features=0.5ms, model=11.8ms, decode=5.6ms | TOTAL=18.3ms for 3000ms audio (RTF=0.01x)
[TIMING] stream_chunk[experiment-ec1e663d287949d997b8c22f78719c40](live_neural): decode=0.1ms, inference=21.8ms, second_pass=0.0ms, contention=0.0ms, TOTAL=22.1ms | audio=600ms, RTF=0.04x | model=enhanced_mel, neural_total=21.4ms, model_inference=11.8ms
[TIMING] EnhancedMel.transcribe: audio_to_gpu=0.2ms, features=0.5ms, model=11.8ms, decode=5.7ms | TOTAL=18.2ms for 3000ms audio (RTF=0.01x)
[TIMING] stream_chunk[experiment-ec1e663d287949d997b8c22f78719c40](live_neural): decode=0.1ms, inference=21.3ms, second_pass=0.0ms, contention=0.0ms, TOTAL=21.7ms | audio=600ms, RTF=0.04x | model=enhanced_mel, neural_total=20.8ms, model_inference=11.8ms
[TIMING] EnhancedMel.transcribe: audio_to_gpu=0.3ms, features=0.6ms, model=12.3ms, decode=5.7ms | TOTAL=18.9ms for 3000ms audio (RTF=0.01x)
[TIMING] stream_chunk[experiment-ec1e663d287949d997b8c22f78719c40](live_neural): decode=0.1ms, inference=22.1ms, second_pass=0.0ms, contention=0.0ms, TOTAL=22.5ms | audio=600ms, RTF=0.04x | model=enhanced_mel, neural_total=21.8ms, model_inference=12.3ms
[TIMING] EnhancedMel.transcribe: audio_to_gpu=0.4ms, features=0.8ms, model=20.4ms, decode=6.0ms | TOTAL=27.6ms for 3000ms audio (RTF=0.01x)
[TIMING] stream_chunk[experiment-ec1e663d287949d997b8c22f78719c40](live_neural): decode=0.1ms, inference=30.9ms, second_pass=0.0ms, contention=0.0ms, TOTAL=31.4ms | audio=600ms, RTF=0.05x | model=enhanced_mel, neural_total=30.3ms, model_inference=20.4ms
[TIMING] EnhancedMel.transcribe: audio_to_gpu=0.3ms, features=1.4ms, model=16.1ms, decode=5.8ms | TOTAL=23.6ms for 3000ms audio (RTF=0.01x)
[TIMING] stream_chunk[experiment-ec1e663d287949d997b8c22f78719c40](live_neural): decode=0.1ms, inference=26.2ms, second_pass=0.0ms, contention=0.0ms, TOTAL=26.6ms | audio=600ms, RTF=0.04x | model=enhanced_mel, neural_total=25.8ms, model_inference=16.1ms
[TIMING] EnhancedMel.transcribe: audio_to_gpu=0.3ms, features=0.6ms, model=10.7ms, decode=1.3ms | TOTAL=13.0ms for 600ms audio (RTF=0.02x)
[TIMING] stream_chunk[experiment-ce3a34118ba2435b84d5c5bdd35c7a33](live_neural): decode=0.2ms, inference=14.5ms, second_pass=0.0ms, contention=0.0ms, TOTAL=14.8ms | audio=600ms, RTF=0.02x | model=enhanced_mel, neural_total=14.1ms, model_inference=10.7ms
[TIMING] EnhancedMel.transcribe: audio_to_gpu=0.1ms, features=0.4ms, model=11.5ms, decode=2.4ms | TOTAL=14.4ms for 1200ms audio (RTF=0.01x)
[TIMING] stream_chunk[experiment-ce3a34118ba2435b84d5c5bdd35c7a33](live_neural): decode=0.1ms, inference=16.1ms, second_pass=0.0ms, contention=0.0ms, TOTAL=16.3ms | audio=600ms, RTF=0.03x | model=enhanced_mel, neural_total=15.7ms, model_inference=11.5ms
[TIMING] EnhancedMel.transcribe: audio_to_gpu=0.2ms, features=4.4ms, model=11.8ms, decode=3.5ms | TOTAL=19.9ms for 1800ms audio (RTF=0.01x)
[TIMING] stream_chunk[experiment-ce3a34118ba2435b84d5c5bdd35c7a33](live_neural): decode=0.1ms, inference=21.8ms, second_pass=0.0ms, contention=0.0ms, TOTAL=22.1ms | audio=600ms, RTF=0.04x | model=enhanced_mel, neural_total=21.5ms, model_inference=11.8ms
[TIMING] EnhancedMel.transcribe: audio_to_gpu=0.3ms, features=0.5ms, model=12.9ms, decode=4.5ms | TOTAL=18.2ms for 2400ms audio (RTF=0.01x)
[TIMING] stream_chunk[experiment-ce3a34118ba2435b84d5c5bdd35c7a33](live_neural): decode=0.2ms, inference=20.6ms, second_pass=0.0ms, contention=0.0ms, TOTAL=21.0ms | audio=600ms, RTF=0.03x | model=enhanced_mel, neural_total=20.2ms, model_inference=12.9ms
[TIMING] EnhancedMel.transcribe: audio_to_gpu=0.3ms, features=0.5ms, model=11.7ms, decode=5.6ms | TOTAL=18.2ms for 3000ms audio (RTF=0.01x)
[TIMING] stream_chunk[experiment-ce3a34118ba2435b84d5c5bdd35c7a33](live_neural): decode=0.2ms, inference=20.8ms, second_pass=0.0ms, contention=0.0ms, TOTAL=21.3ms | audio=600ms, RTF=0.04x | model=enhanced_mel, neural_total=20.4ms, model_inference=11.7ms
[TIMING] EnhancedMel.transcribe: audio_to_gpu=0.3ms, features=0.5ms, model=12.0ms, decode=5.6ms | TOTAL=18.4ms for 3000ms audio (RTF=0.01x)
[TIMING] stream_chunk[experiment-ce3a34118ba2435b84d5c5bdd35c7a33](live_neural): decode=0.1ms, inference=21.1ms, second_pass=0.0ms, contention=0.0ms, TOTAL=21.4ms | audio=600ms, RTF=0.04x | model=enhanced_mel, neural_total=20.5ms, model_inference=12.0ms
[TIMING] EnhancedMel.transcribe: audio_to_gpu=0.4ms, features=1.4ms, model=21.2ms, decode=5.8ms | TOTAL=28.8ms for 3000ms audio (RTF=0.01x)
[TIMING] stream_chunk[experiment-ce3a34118ba2435b84d5c5bdd35c7a33](live_neural): decode=0.1ms, inference=31.6ms, second_pass=0.0ms, contention=0.0ms, TOTAL=32.0ms | audio=600ms, RTF=0.05x | model=enhanced_mel, neural_total=31.1ms, model_inference=21.2ms
[TIMING] EnhancedMel.transcribe: audio_to_gpu=0.3ms, features=0.6ms, model=22.5ms, decode=5.7ms | TOTAL=29.3ms for 3000ms audio (RTF=0.01x)
[TIMING] stream_chunk[experiment-ce3a34118ba2435b84d5c5bdd35c7a33](live_neural): decode=0.1ms, inference=31.8ms, second_pass=0.0ms, contention=0.0ms, TOTAL=32.4ms | audio=600ms, RTF=0.05x | model=enhanced_mel, neural_total=31.4ms, model_inference=22.5ms
[TIMING] EnhancedMel.transcribe: audio_to_gpu=0.6ms, features=0.7ms, model=21.3ms, decode=6.6ms | TOTAL=29.2ms for 3000ms audio (RTF=0.01x)
[TIMING] stream_chunk[experiment-ce3a34118ba2435b84d5c5bdd35c7a33](live_neural): decode=0.1ms, inference=31.8ms, second_pass=0.0ms, contention=0.0ms, TOTAL=32.2ms | audio=600ms, RTF=0.05x | model=enhanced_mel, neural_total=31.3ms, model_inference=21.3ms
[TIMING] EnhancedMel.transcribe: audio_to_gpu=0.3ms, features=0.6ms, model=11.9ms, decode=6.6ms | TOTAL=19.3ms for 3000ms audio (RTF=0.01x)
[TIMING] stream_chunk[experiment-ce3a34118ba2435b84d5c5bdd35c7a33](live_neural): decode=0.2ms, inference=22.4ms, second_pass=0.0ms, contention=0.0ms, TOTAL=22.9ms | audio=600ms, RTF=0.04x | model=enhanced_mel, neural_total=22.0ms, model_inference=11.9ms

[CLIP_028] Etude No. 7 "Study in Chromatic Steps"
  excerpt: start=84.00s end=90.00s duration=6.00s gt_notes=131 rms=0.0495 peak=0.4230 crest=8.542 rms_std=0.0249
    control:
      note metrics: precision=0.976 recall=0.931 f1=0.953 matched=122/131 pred=125
      strict onset f1: 10ms=0.688 20ms=0.922 30ms=0.953
      timing metrics: offset_f1=0.945 rhythm_precision=0.992 note_value_acc=0.697 note_value_n=122 avg_beat_error=0.032
      duplicate metrics: duplicates=2 per_100_notes=1.60
      boundary metrics: gt=37 matched=32 missed=5 miss_rate=0.135
      latency: avg_chunk_ms=22.66 p95_chunk_ms=29.79 avg_rtf=0.038
      notation metrics: first_correct_ms=37.8 visible_p50_ms=331.9 visible_p95_ms=602.7 stabilize_p50_ms=1723.7 stabilize_p95_ms=2627.5 avg_revisions=1.60 matched=40 refined=40 snapshots=20
      algorithmic latency: first_correct_ms=21.9 visible_p50_ms=307.8 visible_p95_ms=571.3 stabilize_p50_ms=1271.4 stabilize_p95_ms=2466.1
      final display note metrics: precision=0.992 recall=0.931 f1=0.961 matched=122/131 pred=123
      final display strict onset f1: 10ms=0.693 20ms=0.929 30ms=0.961
      final display timing: offset_f1=0.953 rhythm_precision=0.992 note_value_acc=0.459 note_value_n=122 avg_beat_error=0.095
      final display structure: cluster_f1=0.791 onset_align_recall=1.000 avg_jaccard=0.908 exact=53/67 pred=67 over=3 under=11 pitch_conflicts=0 missed_gt=0
      threshold profiles: hit_rate=0.000 thresholds=[0.75] profiles={'fixed_baseline': 10}
    treatment:
      note metrics: precision=0.976 recall=0.931 f1=0.953 matched=122/131 pred=125
      strict onset f1: 10ms=0.688 20ms=0.922 30ms=0.953
      timing metrics: offset_f1=0.945 rhythm_precision=0.992 note_value_acc=0.697 note_value_n=122 avg_beat_error=0.032
      duplicate metrics: duplicates=2 per_100_notes=1.60
      boundary metrics: gt=37 matched=32 missed=5 miss_rate=0.135
      latency: avg_chunk_ms=23.63 p95_chunk_ms=32.31 avg_rtf=0.039
      notation metrics: first_correct_ms=38.2 visible_p50_ms=326.6 visible_p95_ms=603.5 stabilize_p50_ms=1723.5 stabilize_p95_ms=2628.4 avg_revisions=1.60 matched=40 refined=40 snapshots=20
      algorithmic latency: first_correct_ms=21.9 visible_p50_ms=307.8 visible_p95_ms=571.3 stabilize_p50_ms=1271.4 stabilize_p95_ms=2466.1
      final display note metrics: precision=0.992 recall=0.931 f1=0.961 matched=122/131 pred=123
      final display strict onset f1: 10ms=0.693 20ms=0.929 30ms=0.961
      final display timing: offset_f1=0.953 rhythm_precision=0.992 note_value_acc=0.459 note_value_n=122 avg_beat_error=0.095
      final display structure: cluster_f1=0.791 onset_align_recall=1.000 avg_jaccard=0.908 exact=53/67 pred=67 over=3 under=11 pitch_conflicts=0 missed_gt=0
      threshold profiles: hit_rate=0.100 thresholds=[0.75, 0.77] profiles={'baseline_nominal': 9, 'loud_dense_precision': 1}
    delta treatment-control: precision=+0.000 recall=+0.000 f1=+0.000 offset_f1=+0.000 note_value_acc=+0.000 dup_per_100=+0.00 boundary_miss_rate=+0.000 p95_chunk_ms=+2.52 f1_10ms=+0.000 f1_20ms=+0.000 f1_30ms=+0.000 visible_p50_ms=-5.3 stabilize_p50_ms=-0.2 algo_visible_p50_ms=+0.0 algo_stabilize_p50_ms=+0.0 avg_revisions=+0.00 display_note_f1=+0.000 display_offset_f1=+0.000 display_cluster_f1=+0.000 display_cluster_jaccard=+0.000
    failure buckets: ['boundary_miss_failure', 'high_revision_slow_stabilization']
      boundary diagnostics: missed=5 by_arm={'control': 5, 'treatment': 5} tags={'control_boundary_miss': 5, 'no_control_coarse_candidate': 5}
        miss: pitch=76 onset=1.101s boundary_delta_ms=-99.0 control_coarse=False treatment_coarse=False retro=n/a
        miss: pitch=78 onset=2.459s boundary_delta_ms=+59.4 control_coarse=False treatment_coarse=False retro=n/a
        miss: pitch=79 onset=3.672s boundary_delta_ms=+71.9 control_coarse=False treatment_coarse=False retro=n/a
        ... 2 more missed boundary notes in diagnostics JSON
[TIMING] EnhancedMel.transcribe: audio_to_gpu=0.5ms, features=0.8ms, model=22.7ms, decode=1.3ms | TOTAL=25.2ms for 600ms audio (RTF=0.04x)
[TIMING] stream_chunk[experiment-e1d7f334c1b14d8fa0d8aed9565c7280](live_neural): decode=0.2ms, inference=26.9ms, second_pass=0.0ms, contention=0.0ms, TOTAL=27.2ms | audio=600ms, RTF=0.05x | model=enhanced_mel, neural_total=26.4ms, model_inference=22.7ms
[TIMING] EnhancedMel.transcribe: audio_to_gpu=0.2ms, features=0.3ms, model=10.7ms, decode=2.3ms | TOTAL=13.5ms for 1200ms audio (RTF=0.01x)
[TIMING] stream_chunk[experiment-e1d7f334c1b14d8fa0d8aed9565c7280](live_neural): decode=0.2ms, inference=15.3ms, second_pass=0.0ms, contention=0.0ms, TOTAL=15.6ms | audio=600ms, RTF=0.03x | model=enhanced_mel, neural_total=14.9ms, model_inference=10.7ms
[TIMING] EnhancedMel.transcribe: audio_to_gpu=0.1ms, features=0.5ms, model=11.5ms, decode=3.4ms | TOTAL=15.5ms for 1800ms audio (RTF=0.01x)
[TIMING] stream_chunk[experiment-e1d7f334c1b14d8fa0d8aed9565c7280](live_neural): decode=0.1ms, inference=18.4ms, second_pass=0.0ms, contention=0.0ms, TOTAL=18.6ms | audio=600ms, RTF=0.03x | model=enhanced_mel, neural_total=18.0ms, model_inference=11.5ms
[TIMING] EnhancedMel.transcribe: audio_to_gpu=0.4ms, features=0.6ms, model=21.9ms, decode=6.0ms | TOTAL=28.9ms for 2400ms audio (RTF=0.01x)
[TIMING] stream_chunk[experiment-e1d7f334c1b14d8fa0d8aed9565c7280](live_neural): decode=0.1ms, inference=31.5ms, second_pass=0.0ms, contention=0.0ms, TOTAL=31.8ms | audio=600ms, RTF=0.05x | model=enhanced_mel, neural_total=31.0ms, model_inference=21.9ms
[TIMING] EnhancedMel.transcribe: audio_to_gpu=0.3ms, features=0.5ms, model=12.5ms, decode=5.6ms | TOTAL=18.9ms for 3000ms audio (RTF=0.01x)
[TIMING] stream_chunk[experiment-e1d7f334c1b14d8fa0d8aed9565c7280](live_neural): decode=0.1ms, inference=21.6ms, second_pass=0.0ms, contention=0.0ms, TOTAL=21.9ms | audio=600ms, RTF=0.04x | model=enhanced_mel, neural_total=21.0ms, model_inference=12.5ms
[TIMING] EnhancedMel.transcribe: audio_to_gpu=0.3ms, features=1.0ms, model=12.9ms, decode=5.6ms | TOTAL=19.8ms for 3000ms audio (RTF=0.01x)
[TIMING] stream_chunk[experiment-e1d7f334c1b14d8fa0d8aed9565c7280](live_neural): decode=0.1ms, inference=22.7ms, second_pass=0.0ms, contention=0.0ms, TOTAL=23.1ms | audio=600ms, RTF=0.04x | model=enhanced_mel, neural_total=21.8ms, model_inference=12.9ms
[TIMING] EnhancedMel.transcribe: audio_to_gpu=0.5ms, features=1.3ms, model=20.7ms, decode=6.0ms | TOTAL=28.5ms for 3000ms audio (RTF=0.01x)
[TIMING] stream_chunk[experiment-e1d7f334c1b14d8fa0d8aed9565c7280](live_neural): decode=0.1ms, inference=31.0ms, second_pass=0.0ms, contention=0.0ms, TOTAL=31.4ms | audio=600ms, RTF=0.05x | model=enhanced_mel, neural_total=30.4ms, model_inference=20.7ms
[TIMING] EnhancedMel.transcribe: audio_to_gpu=0.3ms, features=0.6ms, model=12.0ms, decode=5.6ms | TOTAL=18.5ms for 3000ms audio (RTF=0.01x)
[TIMING] stream_chunk[experiment-e1d7f334c1b14d8fa0d8aed9565c7280](live_neural): decode=0.1ms, inference=21.4ms, second_pass=0.0ms, contention=0.0ms, TOTAL=21.7ms | audio=600ms, RTF=0.04x | model=enhanced_mel, neural_total=21.0ms, model_inference=12.0ms
[TIMING] EnhancedMel.transcribe: audio_to_gpu=0.3ms, features=0.5ms, model=13.6ms, decode=6.2ms | TOTAL=20.7ms for 3000ms audio (RTF=0.01x)
[TIMING] stream_chunk[experiment-e1d7f334c1b14d8fa0d8aed9565c7280](live_neural): decode=0.1ms, inference=24.0ms, second_pass=0.0ms, contention=0.0ms, TOTAL=24.3ms | audio=600ms, RTF=0.04x | model=enhanced_mel, neural_total=23.6ms, model_inference=13.6ms
[TIMING] EnhancedMel.transcribe: audio_to_gpu=0.4ms, features=1.5ms, model=16.7ms, decode=5.7ms | TOTAL=24.3ms for 3000ms audio (RTF=0.01x)
[TIMING] stream_chunk[experiment-e1d7f334c1b14d8fa0d8aed9565c7280](live_neural): decode=0.1ms, inference=26.8ms, second_pass=0.0ms, contention=0.0ms, TOTAL=27.2ms | audio=600ms, RTF=0.05x | model=enhanced_mel, neural_total=26.4ms, model_inference=16.7ms
[TIMING] EnhancedMel.transcribe: audio_to_gpu=0.5ms, features=0.9ms, model=11.0ms, decode=1.3ms | TOTAL=13.7ms for 600ms audio (RTF=0.02x)
[TIMING] stream_chunk[experiment-d8fa100cec404dec9a230aba0c9ce0c4](live_neural): decode=0.2ms, inference=15.4ms, second_pass=0.0ms, contention=0.0ms, TOTAL=15.6ms | audio=600ms, RTF=0.03x | model=enhanced_mel, neural_total=14.8ms, model_inference=11.0ms
[TIMING] EnhancedMel.transcribe: audio_to_gpu=0.2ms, features=0.5ms, model=24.7ms, decode=2.3ms | TOTAL=27.7ms for 1200ms audio (RTF=0.02x)
[TIMING] stream_chunk[experiment-d8fa100cec404dec9a230aba0c9ce0c4](live_neural): decode=0.1ms, inference=29.4ms, second_pass=0.0ms, contention=0.0ms, TOTAL=29.6ms | audio=600ms, RTF=0.05x | model=enhanced_mel, neural_total=29.1ms, model_inference=24.7ms
[TIMING] EnhancedMel.transcribe: audio_to_gpu=0.2ms, features=0.5ms, model=11.9ms, decode=3.4ms | TOTAL=16.1ms for 1800ms audio (RTF=0.01x)
[TIMING] stream_chunk[experiment-d8fa100cec404dec9a230aba0c9ce0c4](live_neural): decode=0.1ms, inference=18.9ms, second_pass=0.0ms, contention=0.0ms, TOTAL=19.1ms | audio=600ms, RTF=0.03x | model=enhanced_mel, neural_total=18.5ms, model_inference=11.9ms
[TIMING] EnhancedMel.transcribe: audio_to_gpu=0.3ms, features=0.5ms, model=10.9ms, decode=4.7ms | TOTAL=16.4ms for 2400ms audio (RTF=0.01x)
[TIMING] stream_chunk[experiment-d8fa100cec404dec9a230aba0c9ce0c4](live_neural): decode=0.1ms, inference=18.7ms, second_pass=0.0ms, contention=0.0ms, TOTAL=19.1ms | audio=600ms, RTF=0.03x | model=enhanced_mel, neural_total=18.2ms, model_inference=10.9ms
[TIMING] EnhancedMel.transcribe: audio_to_gpu=0.2ms, features=1.2ms, model=24.2ms, decode=5.6ms | TOTAL=31.2ms for 3000ms audio (RTF=0.01x)
[TIMING] stream_chunk[experiment-d8fa100cec404dec9a230aba0c9ce0c4](live_neural): decode=0.1ms, inference=33.5ms, second_pass=0.0ms, contention=0.0ms, TOTAL=33.8ms | audio=600ms, RTF=0.06x | model=enhanced_mel, neural_total=33.1ms, model_inference=24.2ms
[TIMING] EnhancedMel.transcribe: audio_to_gpu=0.3ms, features=0.6ms, model=13.3ms, decode=5.7ms | TOTAL=19.9ms for 3000ms audio (RTF=0.01x)
[TIMING] stream_chunk[experiment-d8fa100cec404dec9a230aba0c9ce0c4](live_neural): decode=0.1ms, inference=23.3ms, second_pass=0.0ms, contention=0.0ms, TOTAL=23.6ms | audio=600ms, RTF=0.04x | model=enhanced_mel, neural_total=22.9ms, model_inference=13.3ms
[TIMING] EnhancedMel.transcribe: audio_to_gpu=0.3ms, features=0.5ms, model=12.1ms, decode=6.0ms | TOTAL=18.9ms for 3000ms audio (RTF=0.01x)
[TIMING] stream_chunk[experiment-d8fa100cec404dec9a230aba0c9ce0c4](live_neural): decode=0.1ms, inference=21.4ms, second_pass=0.0ms, contention=0.0ms, TOTAL=21.8ms | audio=600ms, RTF=0.04x | model=enhanced_mel, neural_total=21.0ms, model_inference=12.1ms
[TIMING] EnhancedMel.transcribe: audio_to_gpu=0.3ms, features=0.6ms, model=23.7ms, decode=6.2ms | TOTAL=30.8ms for 3000ms audio (RTF=0.01x)
[TIMING] stream_chunk[experiment-d8fa100cec404dec9a230aba0c9ce0c4](live_neural): decode=0.1ms, inference=33.2ms, second_pass=0.0ms, contention=0.0ms, TOTAL=33.6ms | audio=600ms, RTF=0.06x | model=enhanced_mel, neural_total=32.8ms, model_inference=23.7ms
[TIMING] EnhancedMel.transcribe: audio_to_gpu=0.3ms, features=0.5ms, model=13.8ms, decode=5.7ms | TOTAL=20.3ms for 3000ms audio (RTF=0.01x)
[TIMING] stream_chunk[experiment-d8fa100cec404dec9a230aba0c9ce0c4](live_neural): decode=0.2ms, inference=23.1ms, second_pass=0.0ms, contention=0.0ms, TOTAL=23.5ms | audio=600ms, RTF=0.04x | model=enhanced_mel, neural_total=22.6ms, model_inference=13.8ms
[TIMING] EnhancedMel.transcribe: audio_to_gpu=0.3ms, features=0.5ms, model=12.6ms, decode=5.8ms | TOTAL=19.2ms for 3000ms audio (RTF=0.01x)
[TIMING] stream_chunk[experiment-d8fa100cec404dec9a230aba0c9ce0c4](live_neural): decode=0.2ms, inference=21.7ms, second_pass=0.0ms, contention=0.0ms, TOTAL=22.1ms | audio=600ms, RTF=0.04x | model=enhanced_mel, neural_total=21.3ms, model_inference=12.6ms

[CLIP_029] Concert Etude "Waldesrauschen"
  excerpt: start=42.00s end=48.00s duration=6.00s gt_notes=107 rms=0.0942 peak=0.4380 crest=4.650 rms_std=0.0186
    control:
      note metrics: precision=0.925 recall=0.916 f1=0.920 matched=98/107 pred=106
      strict onset f1: 10ms=0.751 20ms=0.911 30ms=0.920
      timing metrics: offset_f1=0.864 rhythm_precision=0.939 note_value_acc=0.204 note_value_n=98 avg_beat_error=0.110
      duplicate metrics: duplicates=4 per_100_notes=3.77
      boundary metrics: gt=34 matched=32 missed=2 miss_rate=0.059
      latency: avg_chunk_ms=24.27 p95_chunk_ms=31.61 avg_rtf=0.040
      notation metrics: first_correct_ms=40.2 visible_p50_ms=387.4 visible_p95_ms=640.1 stabilize_p50_ms=1719.5 stabilize_p95_ms=2271.4 avg_revisions=1.28 matched=43 refined=43 snapshots=20
      algorithmic latency: first_correct_ms=15.9 visible_p50_ms=356.3 visible_p95_ms=617.1 stabilize_p50_ms=1264.3 stabilize_p95_ms=1778.5
      final display note metrics: precision=0.961 recall=0.916 f1=0.938 matched=98/107 pred=102
      final display strict onset f1: 10ms=0.766 20ms=0.928 30ms=0.938
      final display timing: offset_f1=0.880 rhythm_precision=0.939 note_value_acc=0.327 note_value_n=98 avg_beat_error=0.137
      final display structure: cluster_f1=0.754 onset_align_recall=0.915 avg_jaccard=0.910 exact=43/59 pred=55 over=6 under=5 pitch_conflicts=0 missed_gt=5
      threshold profiles: hit_rate=0.000 thresholds=[0.75] profiles={'fixed_baseline': 10}
    treatment:
      note metrics: precision=0.925 recall=0.916 f1=0.920 matched=98/107 pred=106
      strict onset f1: 10ms=0.751 20ms=0.911 30ms=0.920
      timing metrics: offset_f1=0.864 rhythm_precision=0.939 note_value_acc=0.204 note_value_n=98 avg_beat_error=0.110
      duplicate metrics: duplicates=4 per_100_notes=3.77
      boundary metrics: gt=34 matched=32 missed=2 miss_rate=0.059
      latency: avg_chunk_ms=24.18 p95_chunk_ms=33.70 avg_rtf=0.040
      notation metrics: first_correct_ms=39.3 visible_p50_ms=378.0 visible_p95_ms=641.7 stabilize_p50_ms=1716.6 stabilize_p95_ms=2272.9 avg_revisions=1.28 matched=43 refined=43 snapshots=20
      algorithmic latency: first_correct_ms=15.9 visible_p50_ms=356.3 visible_p95_ms=617.1 stabilize_p50_ms=1264.3 stabilize_p95_ms=1778.5
      final display note metrics: precision=0.961 recall=0.916 f1=0.938 matched=98/107 pred=102
      final display strict onset f1: 10ms=0.766 20ms=0.928 30ms=0.938
      final display timing: offset_f1=0.880 rhythm_precision=0.939 note_value_acc=0.327 note_value_n=98 avg_beat_error=0.137
      final display structure: cluster_f1=0.754 onset_align_recall=0.915 avg_jaccard=0.910 exact=43/59 pred=55 over=6 under=5 pitch_conflicts=0 missed_gt=5
      threshold profiles: hit_rate=0.000 thresholds=[0.75] profiles={'baseline_nominal': 10}
    delta treatment-control: precision=+0.000 recall=+0.000 f1=+0.000 offset_f1=+0.000 note_value_acc=+0.000 dup_per_100=+0.00 boundary_miss_rate=+0.000 p95_chunk_ms=+2.09 f1_10ms=+0.000 f1_20ms=+0.000 f1_30ms=+0.000 visible_p50_ms=-9.4 stabilize_p50_ms=-2.9 algo_visible_p50_ms=+0.0 algo_stabilize_p50_ms=+0.0 avg_revisions=+0.00 display_note_f1=+0.000 display_offset_f1=+0.000 display_cluster_f1=+0.000 display_cluster_jaccard=+0.000
    failure buckets: ['boundary_miss_failure', 'high_revision_slow_stabilization', 'note_value_offset_failure']
      boundary diagnostics: missed=2 by_arm={'control': 2, 'treatment': 2} tags={'control_boundary_miss': 2, 'no_control_coarse_candidate': 2}
        miss: pitch=87 onset=1.836s boundary_delta_ms=+35.9 control_coarse=False treatment_coarse=False retro=n/a
        miss: pitch=60 onset=2.947s boundary_delta_ms=-53.4 control_coarse=False treatment_coarse=False retro=n/a
[TIMING] EnhancedMel.transcribe: audio_to_gpu=0.5ms, features=0.9ms, model=23.3ms, decode=1.3ms | TOTAL=26.0ms for 600ms audio (RTF=0.04x)
[TIMING] stream_chunk[experiment-0e91b96fce5844469f4c22e44c1c3166](live_neural): decode=0.2ms, inference=27.7ms, second_pass=0.0ms, contention=0.0ms, TOTAL=27.9ms | audio=600ms, RTF=0.05x | model=enhanced_mel, neural_total=27.1ms, model_inference=23.3ms
[TIMING] EnhancedMel.transcribe: audio_to_gpu=0.2ms, features=0.5ms, model=10.6ms, decode=2.3ms | TOTAL=13.6ms for 1200ms audio (RTF=0.01x)
[TIMING] stream_chunk[experiment-0e91b96fce5844469f4c22e44c1c3166](live_neural): decode=0.2ms, inference=15.5ms, second_pass=0.0ms, contention=0.0ms, TOTAL=15.8ms | audio=600ms, RTF=0.03x | model=enhanced_mel, neural_total=15.1ms, model_inference=10.6ms
[TIMING] EnhancedMel.transcribe: audio_to_gpu=0.1ms, features=0.8ms, model=14.9ms, decode=3.2ms | TOTAL=19.0ms for 1800ms audio (RTF=0.01x)
[TIMING] stream_chunk[experiment-0e91b96fce5844469f4c22e44c1c3166](live_neural): decode=0.1ms, inference=21.2ms, second_pass=0.0ms, contention=0.0ms, TOTAL=21.4ms | audio=600ms, RTF=0.04x | model=enhanced_mel, neural_total=20.7ms, model_inference=14.9ms
[TIMING] EnhancedMel.transcribe: audio_to_gpu=0.3ms, features=0.6ms, model=11.5ms, decode=4.5ms | TOTAL=16.9ms for 2400ms audio (RTF=0.01x)
[TIMING] stream_chunk[experiment-0e91b96fce5844469f4c22e44c1c3166](live_neural): decode=0.1ms, inference=19.1ms, second_pass=0.0ms, contention=0.0ms, TOTAL=19.4ms | audio=600ms, RTF=0.03x | model=enhanced_mel, neural_total=18.7ms, model_inference=11.5ms
[TIMING] EnhancedMel.transcribe: audio_to_gpu=0.2ms, features=0.5ms, model=11.7ms, decode=5.4ms | TOTAL=17.8ms for 3000ms audio (RTF=0.01x)
[TIMING] stream_chunk[experiment-0e91b96fce5844469f4c22e44c1c3166](live_neural): decode=0.1ms, inference=20.2ms, second_pass=0.0ms, contention=0.0ms, TOTAL=20.4ms | audio=600ms, RTF=0.03x | model=enhanced_mel, neural_total=19.8ms, model_inference=11.7ms
[TIMING] EnhancedMel.transcribe: audio_to_gpu=0.2ms, features=1.1ms, model=12.8ms, decode=5.5ms | TOTAL=19.6ms for 3000ms audio (RTF=0.01x)
[TIMING] stream_chunk[experiment-0e91b96fce5844469f4c22e44c1c3166](live_neural): decode=0.1ms, inference=22.9ms, second_pass=0.0ms, contention=0.0ms, TOTAL=23.2ms | audio=600ms, RTF=0.04x | model=enhanced_mel, neural_total=22.3ms, model_inference=12.8ms
[TIMING] EnhancedMel.transcribe: audio_to_gpu=0.2ms, features=0.5ms, model=12.5ms, decode=5.6ms | TOTAL=18.8ms for 3000ms audio (RTF=0.01x)
[TIMING] stream_chunk[experiment-0e91b96fce5844469f4c22e44c1c3166](live_neural): decode=0.1ms, inference=21.3ms, second_pass=0.0ms, contention=0.0ms, TOTAL=21.5ms | audio=600ms, RTF=0.04x | model=enhanced_mel, neural_total=20.9ms, model_inference=12.5ms
[TIMING] EnhancedMel.transcribe: audio_to_gpu=0.3ms, features=0.5ms, model=11.9ms, decode=5.7ms | TOTAL=18.5ms for 3000ms audio (RTF=0.01x)
[TIMING] stream_chunk[experiment-0e91b96fce5844469f4c22e44c1c3166](live_neural): decode=0.1ms, inference=20.9ms, second_pass=0.0ms, contention=0.0ms, TOTAL=21.1ms | audio=600ms, RTF=0.04x | model=enhanced_mel, neural_total=20.5ms, model_inference=11.9ms
[TIMING] EnhancedMel.transcribe: audio_to_gpu=0.3ms, features=0.8ms, model=19.3ms, decode=5.7ms | TOTAL=26.0ms for 3000ms audio (RTF=0.01x)
[TIMING] stream_chunk[experiment-0e91b96fce5844469f4c22e44c1c3166](live_neural): decode=0.1ms, inference=28.4ms, second_pass=0.0ms, contention=0.0ms, TOTAL=28.7ms | audio=600ms, RTF=0.05x | model=enhanced_mel, neural_total=28.0ms, model_inference=19.3ms
[TIMING] EnhancedMel.transcribe: audio_to_gpu=0.3ms, features=0.6ms, model=11.4ms, decode=6.8ms | TOTAL=19.1ms for 3000ms audio (RTF=0.01x)
[TIMING] stream_chunk[experiment-0e91b96fce5844469f4c22e44c1c3166](live_neural): decode=0.1ms, inference=21.6ms, second_pass=0.0ms, contention=0.0ms, TOTAL=21.9ms | audio=600ms, RTF=0.04x | model=enhanced_mel, neural_total=21.1ms, model_inference=11.4ms
[TIMING] EnhancedMel.transcribe: audio_to_gpu=0.4ms, features=0.5ms, model=10.6ms, decode=1.3ms | TOTAL=12.8ms for 600ms audio (RTF=0.02x)
[TIMING] stream_chunk[experiment-45467c8e81234051946e7ab0777751df](live_neural): decode=0.2ms, inference=14.2ms, second_pass=0.0ms, contention=0.0ms, TOTAL=14.5ms | audio=600ms, RTF=0.02x | model=enhanced_mel, neural_total=13.9ms, model_inference=10.6ms
[TIMING] EnhancedMel.transcribe: audio_to_gpu=0.2ms, features=0.5ms, model=13.8ms, decode=2.3ms | TOTAL=16.7ms for 1200ms audio (RTF=0.01x)
[TIMING] stream_chunk[experiment-45467c8e81234051946e7ab0777751df](live_neural): decode=0.1ms, inference=18.5ms, second_pass=0.0ms, contention=0.0ms, TOTAL=18.7ms | audio=600ms, RTF=0.03x | model=enhanced_mel, neural_total=18.1ms, model_inference=13.8ms
[TIMING] EnhancedMel.transcribe: audio_to_gpu=0.2ms, features=0.4ms, model=11.4ms, decode=3.3ms | TOTAL=15.3ms for 1800ms audio (RTF=0.01x)
[TIMING] stream_chunk[experiment-45467c8e81234051946e7ab0777751df](live_neural): decode=0.1ms, inference=17.2ms, second_pass=0.0ms, contention=0.0ms, TOTAL=17.4ms | audio=600ms, RTF=0.03x | model=enhanced_mel, neural_total=16.8ms, model_inference=11.4ms
[TIMING] EnhancedMel.transcribe: audio_to_gpu=0.3ms, features=0.4ms, model=10.9ms, decode=4.4ms | TOTAL=16.0ms for 2400ms audio (RTF=0.01x)
[TIMING] stream_chunk[experiment-45467c8e81234051946e7ab0777751df](live_neural): decode=0.1ms, inference=18.2ms, second_pass=0.0ms, contention=0.0ms, TOTAL=18.5ms | audio=600ms, RTF=0.03x | model=enhanced_mel, neural_total=17.8ms, model_inference=10.9ms
[TIMING] EnhancedMel.transcribe: audio_to_gpu=0.2ms, features=0.5ms, model=12.7ms, decode=5.4ms | TOTAL=18.8ms for 3000ms audio (RTF=0.01x)
[TIMING] stream_chunk[experiment-45467c8e81234051946e7ab0777751df](live_neural): decode=0.1ms, inference=21.0ms, second_pass=0.0ms, contention=0.0ms, TOTAL=21.3ms | audio=600ms, RTF=0.04x | model=enhanced_mel, neural_total=20.7ms, model_inference=12.7ms
[TIMING] EnhancedMel.transcribe: audio_to_gpu=0.3ms, features=4.9ms, model=11.8ms, decode=5.4ms | TOTAL=22.4ms for 3000ms audio (RTF=0.01x)
[TIMING] stream_chunk[experiment-45467c8e81234051946e7ab0777751df](live_neural): decode=0.1ms, inference=25.5ms, second_pass=0.0ms, contention=0.0ms, TOTAL=25.8ms | audio=600ms, RTF=0.04x | model=enhanced_mel, neural_total=25.1ms, model_inference=11.8ms
[TIMING] EnhancedMel.transcribe: audio_to_gpu=0.7ms, features=0.7ms, model=11.7ms, decode=5.6ms | TOTAL=18.7ms for 3000ms audio (RTF=0.01x)
[TIMING] stream_chunk[experiment-45467c8e81234051946e7ab0777751df](live_neural): decode=0.1ms, inference=21.1ms, second_pass=0.0ms, contention=0.0ms, TOTAL=21.3ms | audio=600ms, RTF=0.04x | model=enhanced_mel, neural_total=20.8ms, model_inference=11.7ms
[TIMING] EnhancedMel.transcribe: audio_to_gpu=0.3ms, features=0.4ms, model=12.8ms, decode=5.7ms | TOTAL=19.2ms for 3000ms audio (RTF=0.01x)
[TIMING] stream_chunk[experiment-45467c8e81234051946e7ab0777751df](live_neural): decode=0.1ms, inference=21.4ms, second_pass=0.0ms, contention=0.0ms, TOTAL=21.6ms | audio=600ms, RTF=0.04x | model=enhanced_mel, neural_total=21.1ms, model_inference=12.8ms
[TIMING] EnhancedMel.transcribe: audio_to_gpu=0.3ms, features=0.5ms, model=11.7ms, decode=5.6ms | TOTAL=18.1ms for 3000ms audio (RTF=0.01x)
[TIMING] stream_chunk[experiment-45467c8e81234051946e7ab0777751df](live_neural): decode=0.1ms, inference=20.4ms, second_pass=0.0ms, contention=0.0ms, TOTAL=20.7ms | audio=600ms, RTF=0.03x | model=enhanced_mel, neural_total=20.0ms, model_inference=11.7ms
[TIMING] EnhancedMel.transcribe: audio_to_gpu=0.3ms, features=0.5ms, model=11.2ms, decode=6.1ms | TOTAL=18.1ms for 3000ms audio (RTF=0.01x)
[TIMING] stream_chunk[experiment-45467c8e81234051946e7ab0777751df](live_neural): decode=0.1ms, inference=21.7ms, second_pass=0.0ms, contention=0.0ms, TOTAL=21.9ms | audio=600ms, RTF=0.04x | model=enhanced_mel, neural_total=21.1ms, model_inference=11.2ms

[CLIP_030] Fantasy in F-sharp Minor, Op. 28 (Complete)
  excerpt: start=75.00s end=81.00s duration=6.00s gt_notes=93 rms=0.0981 peak=0.6460 crest=6.582 rms_std=0.0429
    control:
      note metrics: precision=0.900 recall=0.968 f1=0.933 matched=90/93 pred=100
      strict onset f1: 10ms=0.839 20ms=0.922 30ms=0.933
      timing metrics: offset_f1=0.819 rhythm_precision=0.878 note_value_acc=0.289 note_value_n=90 avg_beat_error=0.187
      duplicate metrics: duplicates=1 per_100_notes=1.00
      boundary metrics: gt=23 matched=22 missed=1 miss_rate=0.043
      latency: avg_chunk_ms=22.13 p95_chunk_ms=28.34 avg_rtf=0.037
      notation metrics: first_correct_ms=19.1 visible_p50_ms=245.8 visible_p95_ms=506.4 stabilize_p50_ms=2566.6 stabilize_p95_ms=3645.2 avg_revisions=2.85 matched=13 refined=13 snapshots=19
      algorithmic latency: first_correct_ms=0.0 visible_p50_ms=224.0 visible_p95_ms=485.4 stabilize_p50_ms=1846.9 stabilize_p95_ms=3222.3
      final display note metrics: precision=0.909 recall=0.968 f1=0.937 matched=90/93 pred=99
      final display strict onset f1: 10ms=0.833 20ms=0.917 30ms=0.937
      final display timing: offset_f1=0.823 rhythm_precision=0.878 note_value_acc=0.200 note_value_n=90 avg_beat_error=0.261
      final display structure: cluster_f1=0.769 onset_align_recall=1.000 avg_jaccard=0.937 exact=20/25 pred=27 over=2 under=3 pitch_conflicts=0 missed_gt=0
      threshold profiles: hit_rate=0.000 thresholds=[0.75] profiles={'fixed_baseline': 10}
    treatment:
      note metrics: precision=0.909 recall=0.968 f1=0.937 matched=90/93 pred=99
      strict onset f1: 10ms=0.844 20ms=0.927 30ms=0.937
      timing metrics: offset_f1=0.823 rhythm_precision=0.878 note_value_acc=0.289 note_value_n=90 avg_beat_error=0.187
      duplicate metrics: duplicates=1 per_100_notes=1.01
      boundary metrics: gt=23 matched=22 missed=1 miss_rate=0.043
      latency: avg_chunk_ms=20.16 p95_chunk_ms=24.04 avg_rtf=0.034
      notation metrics: first_correct_ms=19.6 visible_p50_ms=245.9 visible_p95_ms=504.3 stabilize_p50_ms=2558.7 stabilize_p95_ms=3646.8 avg_revisions=2.85 matched=13 refined=13 snapshots=19
      algorithmic latency: first_correct_ms=0.0 visible_p50_ms=224.0 visible_p95_ms=485.4 stabilize_p50_ms=1846.9 stabilize_p95_ms=3222.3
      final display note metrics: precision=0.918 recall=0.968 f1=0.942 matched=90/93 pred=98
      final display strict onset f1: 10ms=0.838 20ms=0.921 30ms=0.942
      final display timing: offset_f1=0.827 rhythm_precision=0.878 note_value_acc=0.200 note_value_n=90 avg_beat_error=0.261
      final display structure: cluster_f1=0.769 onset_align_recall=1.000 avg_jaccard=0.937 exact=20/25 pred=27 over=2 under=3 pitch_conflicts=0 missed_gt=0
      threshold profiles: hit_rate=0.200 thresholds=[0.75, 0.77] profiles={'baseline_nominal': 8, 'loud_dense_precision': 2}
    delta treatment-control: precision=+0.009 recall=+0.000 f1=+0.005 offset_f1=+0.004 note_value_acc=+0.000 dup_per_100=+0.01 boundary_miss_rate=+0.000 p95_chunk_ms=-4.30 f1_10ms=+0.004 f1_20ms=+0.005 f1_30ms=+0.005 visible_p50_ms=+0.1 stabilize_p50_ms=-7.9 algo_visible_p50_ms=+0.0 algo_stabilize_p50_ms=+0.0 avg_revisions=+0.00 display_note_f1=+0.005 display_offset_f1=+0.004 display_cluster_f1=+0.000 display_cluster_jaccard=+0.000
    failure buckets: ['runtime_only_win', 'boundary_miss_failure', 'high_revision_slow_stabilization', 'note_value_offset_failure']
      boundary diagnostics: missed=1 by_arm={'control': 1, 'treatment': 1} tags={'control_boundary_miss': 1, 'no_control_coarse_candidate': 1}
        miss: pitch=57 onset=4.793s boundary_delta_ms=-7.3 control_coarse=False treatment_coarse=False retro=n/a
[TIMING] EnhancedMel.transcribe: audio_to_gpu=0.5ms, features=0.5ms, model=10.4ms, decode=1.1ms | TOTAL=12.5ms for 600ms audio (RTF=0.02x)
[TIMING] stream_chunk[experiment-f67ae0b27bf94373ab8b508fbe14d6c0](live_neural): decode=0.2ms, inference=14.1ms, second_pass=0.0ms, contention=0.0ms, TOTAL=14.3ms | audio=600ms, RTF=0.02x | model=enhanced_mel, neural_total=13.7ms, model_inference=10.4ms
[TIMING] EnhancedMel.transcribe: audio_to_gpu=0.2ms, features=0.4ms, model=20.9ms, decode=2.8ms | TOTAL=24.2ms for 1200ms audio (RTF=0.02x)
[TIMING] stream_chunk[experiment-f67ae0b27bf94373ab8b508fbe14d6c0](live_neural): decode=0.1ms, inference=26.1ms, second_pass=0.0ms, contention=0.0ms, TOTAL=26.3ms | audio=600ms, RTF=0.04x | model=enhanced_mel, neural_total=25.7ms, model_inference=20.9ms
[TIMING] EnhancedMel.transcribe: audio_to_gpu=0.2ms, features=0.7ms, model=16.2ms, decode=3.3ms | TOTAL=20.4ms for 1800ms audio (RTF=0.01x)
[TIMING] stream_chunk[experiment-f67ae0b27bf94373ab8b508fbe14d6c0](live_neural): decode=0.2ms, inference=22.4ms, second_pass=0.0ms, contention=0.0ms, TOTAL=22.7ms | audio=600ms, RTF=0.04x | model=enhanced_mel, neural_total=22.0ms, model_inference=16.2ms
[TIMING] EnhancedMel.transcribe: audio_to_gpu=0.1ms, features=0.4ms, model=11.6ms, decode=4.3ms | TOTAL=16.4ms for 2400ms audio (RTF=0.01x)
[TIMING] stream_chunk[experiment-f67ae0b27bf94373ab8b508fbe14d6c0](live_neural): decode=0.1ms, inference=18.6ms, second_pass=0.0ms, contention=0.0ms, TOTAL=18.9ms | audio=600ms, RTF=0.03x | model=enhanced_mel, neural_total=18.3ms, model_inference=11.6ms
[TIMING] EnhancedMel.transcribe: audio_to_gpu=0.2ms, features=0.4ms, model=12.0ms, decode=5.4ms | TOTAL=18.0ms for 3000ms audio (RTF=0.01x)
[TIMING] stream_chunk[experiment-f67ae0b27bf94373ab8b508fbe14d6c0](live_neural): decode=0.1ms, inference=21.2ms, second_pass=0.0ms, contention=0.0ms, TOTAL=21.5ms | audio=600ms, RTF=0.04x | model=enhanced_mel, neural_total=20.8ms, model_inference=12.0ms
[TIMING] EnhancedMel.transcribe: audio_to_gpu=0.2ms, features=0.5ms, model=12.2ms, decode=5.8ms | TOTAL=18.7ms for 3000ms audio (RTF=0.01x)
[TIMING] stream_chunk[experiment-f67ae0b27bf94373ab8b508fbe14d6c0](live_neural): decode=0.1ms, inference=21.5ms, second_pass=0.0ms, contention=0.0ms, TOTAL=21.9ms | audio=600ms, RTF=0.04x | model=enhanced_mel, neural_total=20.7ms, model_inference=12.2ms
[TIMING] EnhancedMel.transcribe: audio_to_gpu=0.3ms, features=0.7ms, model=12.4ms, decode=6.3ms | TOTAL=19.7ms for 3000ms audio (RTF=0.01x)
[TIMING] stream_chunk[experiment-f67ae0b27bf94373ab8b508fbe14d6c0](live_neural): decode=0.1ms, inference=23.3ms, second_pass=0.0ms, contention=0.0ms, TOTAL=23.6ms | audio=600ms, RTF=0.04x | model=enhanced_mel, neural_total=22.9ms, model_inference=12.4ms
[TIMING] EnhancedMel.transcribe: audio_to_gpu=0.3ms, features=0.6ms, model=11.5ms, decode=5.9ms | TOTAL=18.3ms for 3000ms audio (RTF=0.01x)
[TIMING] stream_chunk[experiment-f67ae0b27bf94373ab8b508fbe14d6c0](live_neural): decode=0.1ms, inference=20.7ms, second_pass=0.0ms, contention=0.0ms, TOTAL=21.1ms | audio=600ms, RTF=0.04x | model=enhanced_mel, neural_total=20.3ms, model_inference=11.5ms
[TIMING] EnhancedMel.transcribe: audio_to_gpu=0.4ms, features=0.7ms, model=15.0ms, decode=5.8ms | TOTAL=21.9ms for 3000ms audio (RTF=0.01x)
[TIMING] stream_chunk[experiment-f67ae0b27bf94373ab8b508fbe14d6c0](live_neural): decode=0.1ms, inference=24.5ms, second_pass=0.0ms, contention=0.0ms, TOTAL=24.8ms | audio=600ms, RTF=0.04x | model=enhanced_mel, neural_total=24.0ms, model_inference=15.0ms
[TIMING] EnhancedMel.transcribe: audio_to_gpu=0.3ms, features=0.5ms, model=12.6ms, decode=5.5ms | TOTAL=18.8ms for 3000ms audio (RTF=0.01x)
[TIMING] stream_chunk[experiment-f67ae0b27bf94373ab8b508fbe14d6c0](live_neural): decode=0.1ms, inference=21.1ms, second_pass=0.0ms, contention=0.0ms, TOTAL=21.3ms | audio=600ms, RTF=0.04x | model=enhanced_mel, neural_total=20.7ms, model_inference=12.6ms
[TIMING] EnhancedMel.transcribe: audio_to_gpu=0.5ms, features=0.5ms, model=10.3ms, decode=1.1ms | TOTAL=12.3ms for 600ms audio (RTF=0.02x)
[TIMING] stream_chunk[experiment-f7afa5ab84aa44cc91299f88b9335c04](live_neural): decode=0.1ms, inference=13.9ms, second_pass=0.0ms, contention=0.0ms, TOTAL=14.0ms | audio=600ms, RTF=0.02x | model=enhanced_mel, neural_total=13.5ms, model_inference=10.3ms
[TIMING] EnhancedMel.transcribe: audio_to_gpu=0.2ms, features=0.4ms, model=10.6ms, decode=2.2ms | TOTAL=13.3ms for 1200ms audio (RTF=0.01x)
[TIMING] stream_chunk[experiment-f7afa5ab84aa44cc91299f88b9335c04](live_neural): decode=0.1ms, inference=15.1ms, second_pass=0.0ms, contention=0.0ms, TOTAL=15.3ms | audio=600ms, RTF=0.03x | model=enhanced_mel, neural_total=14.7ms, model_inference=10.6ms
[TIMING] EnhancedMel.transcribe: audio_to_gpu=0.2ms, features=0.4ms, model=11.9ms, decode=3.3ms | TOTAL=15.7ms for 1800ms audio (RTF=0.01x)
[TIMING] stream_chunk[experiment-f7afa5ab84aa44cc91299f88b9335c04](live_neural): decode=0.1ms, inference=17.7ms, second_pass=0.0ms, contention=0.0ms, TOTAL=17.9ms | audio=600ms, RTF=0.03x | model=enhanced_mel, neural_total=17.3ms, model_inference=11.9ms
[TIMING] EnhancedMel.transcribe: audio_to_gpu=0.3ms, features=0.6ms, model=18.4ms, decode=4.3ms | TOTAL=23.6ms for 2400ms audio (RTF=0.01x)
[TIMING] stream_chunk[experiment-f7afa5ab84aa44cc91299f88b9335c04](live_neural): decode=0.1ms, inference=25.8ms, second_pass=0.0ms, contention=0.0ms, TOTAL=26.0ms | audio=600ms, RTF=0.04x | model=enhanced_mel, neural_total=25.4ms, model_inference=18.4ms
[TIMING] EnhancedMel.transcribe: audio_to_gpu=0.3ms, features=0.6ms, model=21.2ms, decode=5.7ms | TOTAL=27.6ms for 3000ms audio (RTF=0.01x)
[TIMING] stream_chunk[experiment-f7afa5ab84aa44cc91299f88b9335c04](live_neural): decode=0.1ms, inference=29.9ms, second_pass=0.0ms, contention=0.0ms, TOTAL=30.2ms | audio=600ms, RTF=0.05x | model=enhanced_mel, neural_total=29.6ms, model_inference=21.2ms
[TIMING] EnhancedMel.transcribe: audio_to_gpu=0.3ms, features=0.5ms, model=11.7ms, decode=7.5ms | TOTAL=20.0ms for 3000ms audio (RTF=0.01x)
[TIMING] stream_chunk[experiment-f7afa5ab84aa44cc91299f88b9335c04](live_neural): decode=0.1ms, inference=24.0ms, second_pass=0.0ms, contention=0.0ms, TOTAL=24.3ms | audio=600ms, RTF=0.04x | model=enhanced_mel, neural_total=23.7ms, model_inference=11.7ms
[TIMING] EnhancedMel.transcribe: audio_to_gpu=0.2ms, features=0.6ms, model=14.9ms, decode=5.8ms | TOTAL=21.5ms for 3000ms audio (RTF=0.01x)
[TIMING] stream_chunk[experiment-f7afa5ab84aa44cc91299f88b9335c04](live_neural): decode=0.1ms, inference=24.0ms, second_pass=0.0ms, contention=0.0ms, TOTAL=24.3ms | audio=600ms, RTF=0.04x | model=enhanced_mel, neural_total=23.6ms, model_inference=14.9ms
[TIMING] EnhancedMel.transcribe: audio_to_gpu=0.3ms, features=0.7ms, model=12.5ms, decode=5.9ms | TOTAL=19.4ms for 3000ms audio (RTF=0.01x)
[TIMING] stream_chunk[experiment-f7afa5ab84aa44cc91299f88b9335c04](live_neural): decode=0.1ms, inference=21.8ms, second_pass=0.0ms, contention=0.0ms, TOTAL=22.1ms | audio=600ms, RTF=0.04x | model=enhanced_mel, neural_total=21.4ms, model_inference=12.5ms
[TIMING] EnhancedMel.transcribe: audio_to_gpu=0.3ms, features=0.5ms, model=11.8ms, decode=5.7ms | TOTAL=18.3ms for 3000ms audio (RTF=0.01x)
[TIMING] stream_chunk[experiment-f7afa5ab84aa44cc91299f88b9335c04](live_neural): decode=0.2ms, inference=20.6ms, second_pass=0.0ms, contention=0.0ms, TOTAL=20.9ms | audio=600ms, RTF=0.03x | model=enhanced_mel, neural_total=20.2ms, model_inference=11.8ms
[TIMING] EnhancedMel.transcribe: audio_to_gpu=0.2ms, features=0.4ms, model=12.2ms, decode=5.4ms | TOTAL=18.2ms for 3000ms audio (RTF=0.01x)
[TIMING] stream_chunk[experiment-f7afa5ab84aa44cc91299f88b9335c04](live_neural): decode=0.1ms, inference=21.8ms, second_pass=0.0ms, contention=0.0ms, TOTAL=22.1ms | audio=600ms, RTF=0.04x | model=enhanced_mel, neural_total=21.4ms, model_inference=12.2ms

[CLIP_031] Hungarian Rhapsody No. 9
  excerpt: start=18.00s end=24.00s duration=6.00s gt_notes=99 rms=0.0312 peak=0.2985 crest=9.571 rms_std=0.0160
    control:
      note metrics: precision=0.958 recall=0.919 f1=0.938 matched=91/99 pred=95
      strict onset f1: 10ms=0.732 20ms=0.938 30ms=0.938
      timing metrics: offset_f1=0.938 rhythm_precision=1.000 note_value_acc=0.945 note_value_n=91 avg_beat_error=0.005
      duplicate metrics: duplicates=3 per_100_notes=3.16
      boundary metrics: gt=32 matched=31 missed=1 miss_rate=0.031
      latency: avg_chunk_ms=21.63 p95_chunk_ms=25.60 avg_rtf=0.036
      notation metrics: first_correct_ms=84.2 visible_p50_ms=377.3 visible_p95_ms=503.6 stabilize_p50_ms=3000.4 stabilize_p95_ms=4221.8 avg_revisions=2.80 matched=5 refined=5 snapshots=14
      algorithmic latency: first_correct_ms=65.4 visible_p50_ms=351.0 visible_p95_ms=481.7 stabilize_p50_ms=2465.4 stabilize_p95_ms=3686.7
      final display note metrics: precision=0.989 recall=0.909 f1=0.947 matched=90/99 pred=91
      final display strict onset f1: 10ms=0.747 20ms=0.947 30ms=0.947
      final display timing: offset_f1=0.947 rhythm_precision=1.000 note_value_acc=0.956 note_value_n=90 avg_beat_error=0.046
      final display structure: cluster_f1=0.667 onset_align_recall=0.962 avg_jaccard=0.914 exact=17/26 pred=25 over=0 under=7 pitch_conflicts=1 missed_gt=1
      threshold profiles: hit_rate=0.000 thresholds=[0.75] profiles={'fixed_baseline': 10}
    treatment:
      note metrics: precision=0.958 recall=0.919 f1=0.938 matched=91/99 pred=95
      strict onset f1: 10ms=0.732 20ms=0.938 30ms=0.938
      timing metrics: offset_f1=0.938 rhythm_precision=1.000 note_value_acc=0.945 note_value_n=91 avg_beat_error=0.005
      duplicate metrics: duplicates=3 per_100_notes=3.16
      boundary metrics: gt=32 matched=31 missed=1 miss_rate=0.031
      latency: avg_chunk_ms=21.72 p95_chunk_ms=28.32 avg_rtf=0.036
      notation metrics: first_correct_ms=91.4 visible_p50_ms=366.3 visible_p95_ms=510.7 stabilize_p50_ms=3001.5 stabilize_p95_ms=4222.8 avg_revisions=2.80 matched=5 refined=5 snapshots=14
      algorithmic latency: first_correct_ms=65.4 visible_p50_ms=351.0 visible_p95_ms=481.7 stabilize_p50_ms=2465.4 stabilize_p95_ms=3686.7
      final display note metrics: precision=0.989 recall=0.909 f1=0.947 matched=90/99 pred=91
      final display strict onset f1: 10ms=0.747 20ms=0.947 30ms=0.947
      final display timing: offset_f1=0.947 rhythm_precision=1.000 note_value_acc=0.956 note_value_n=90 avg_beat_error=0.046
      final display structure: cluster_f1=0.667 onset_align_recall=0.962 avg_jaccard=0.914 exact=17/26 pred=25 over=0 under=7 pitch_conflicts=1 missed_gt=1
      threshold profiles: hit_rate=0.300 thresholds=[0.71, 0.75] profiles={'baseline_nominal': 7, 'soft_sparse_recall': 3}
    delta treatment-control: precision=+0.000 recall=+0.000 f1=+0.000 offset_f1=+0.000 note_value_acc=+0.000 dup_per_100=+0.00 boundary_miss_rate=+0.000 p95_chunk_ms=+2.72 f1_10ms=+0.000 f1_20ms=+0.000 f1_30ms=+0.000 visible_p50_ms=-11.0 stabilize_p50_ms=+1.1 algo_visible_p50_ms=+0.0 algo_stabilize_p50_ms=+0.0 avg_revisions=+0.00 display_note_f1=+0.000 display_offset_f1=+0.000 display_cluster_f1=+0.000 display_cluster_jaccard=+0.000
    failure buckets: ['boundary_miss_failure', 'high_revision_slow_stabilization']
      boundary diagnostics: missed=1 by_arm={'control': 1, 'treatment': 1} tags={'control_boundary_miss': 1, 'no_control_coarse_candidate': 1}
        miss: pitch=82 onset=4.102s boundary_delta_ms=-98.4 control_coarse=False treatment_coarse=False retro=n/a
[TIMING] EnhancedMel.transcribe: audio_to_gpu=0.5ms, features=0.9ms, model=11.8ms, decode=1.3ms | TOTAL=14.5ms for 600ms audio (RTF=0.02x)
[TIMING] stream_chunk[experiment-007c7e23efbf4faf8c871f6f8b1c8bcb](live_neural): decode=0.1ms, inference=16.1ms, second_pass=0.0ms, contention=0.0ms, TOTAL=16.3ms | audio=600ms, RTF=0.03x | model=enhanced_mel, neural_total=15.7ms, model_inference=11.8ms
[TIMING] EnhancedMel.transcribe: audio_to_gpu=0.2ms, features=0.4ms, model=12.5ms, decode=2.4ms | TOTAL=15.5ms for 1200ms audio (RTF=0.01x)
[TIMING] stream_chunk[experiment-007c7e23efbf4faf8c871f6f8b1c8bcb](live_neural): decode=0.1ms, inference=17.4ms, second_pass=0.0ms, contention=0.0ms, TOTAL=17.7ms | audio=600ms, RTF=0.03x | model=enhanced_mel, neural_total=16.9ms, model_inference=12.5ms
[TIMING] EnhancedMel.transcribe: audio_to_gpu=0.3ms, features=0.6ms, model=18.3ms, decode=3.5ms | TOTAL=22.8ms for 1800ms audio (RTF=0.01x)
[TIMING] stream_chunk[experiment-007c7e23efbf4faf8c871f6f8b1c8bcb](live_neural): decode=0.1ms, inference=24.8ms, second_pass=0.0ms, contention=0.0ms, TOTAL=25.0ms | audio=600ms, RTF=0.04x | model=enhanced_mel, neural_total=24.4ms, model_inference=18.3ms
[TIMING] EnhancedMel.transcribe: audio_to_gpu=0.3ms, features=0.5ms, model=11.1ms, decode=4.5ms | TOTAL=16.4ms for 2400ms audio (RTF=0.01x)
[TIMING] stream_chunk[experiment-007c7e23efbf4faf8c871f6f8b1c8bcb](live_neural): decode=0.1ms, inference=18.5ms, second_pass=0.0ms, contention=0.0ms, TOTAL=18.8ms | audio=600ms, RTF=0.03x | model=enhanced_mel, neural_total=18.2ms, model_inference=11.1ms
[TIMING] EnhancedMel.transcribe: audio_to_gpu=0.2ms, features=0.5ms, model=11.7ms, decode=5.6ms | TOTAL=18.0ms for 3000ms audio (RTF=0.01x)
[TIMING] stream_chunk[experiment-007c7e23efbf4faf8c871f6f8b1c8bcb](live_neural): decode=0.1ms, inference=21.3ms, second_pass=0.0ms, contention=0.0ms, TOTAL=21.6ms | audio=600ms, RTF=0.04x | model=enhanced_mel, neural_total=20.9ms, model_inference=11.7ms
[TIMING] EnhancedMel.transcribe: audio_to_gpu=0.2ms, features=3.8ms, model=14.0ms, decode=5.6ms | TOTAL=23.7ms for 3000ms audio (RTF=0.01x)
[TIMING] stream_chunk[experiment-007c7e23efbf4faf8c871f6f8b1c8bcb](live_neural): decode=0.1ms, inference=26.1ms, second_pass=0.0ms, contention=0.0ms, TOTAL=26.5ms | audio=600ms, RTF=0.04x | model=enhanced_mel, neural_total=25.7ms, model_inference=14.0ms
[TIMING] EnhancedMel.transcribe: audio_to_gpu=0.3ms, features=0.5ms, model=11.7ms, decode=5.9ms | TOTAL=18.4ms for 3000ms audio (RTF=0.01x)
[TIMING] stream_chunk[experiment-007c7e23efbf4faf8c871f6f8b1c8bcb](live_neural): decode=0.1ms, inference=20.9ms, second_pass=0.0ms, contention=0.0ms, TOTAL=21.4ms | audio=600ms, RTF=0.04x | model=enhanced_mel, neural_total=20.5ms, model_inference=11.7ms
[TIMING] EnhancedMel.transcribe: audio_to_gpu=0.5ms, features=0.8ms, model=20.7ms, decode=5.7ms | TOTAL=27.7ms for 3000ms audio (RTF=0.01x)
[TIMING] stream_chunk[experiment-007c7e23efbf4faf8c871f6f8b1c8bcb](live_neural): decode=0.1ms, inference=30.0ms, second_pass=0.0ms, contention=0.0ms, TOTAL=30.4ms | audio=600ms, RTF=0.05x | model=enhanced_mel, neural_total=29.6ms, model_inference=20.7ms
[TIMING] EnhancedMel.transcribe: audio_to_gpu=0.3ms, features=0.5ms, model=12.0ms, decode=6.1ms | TOTAL=19.0ms for 3000ms audio (RTF=0.01x)
[TIMING] stream_chunk[experiment-007c7e23efbf4faf8c871f6f8b1c8bcb](live_neural): decode=0.1ms, inference=21.9ms, second_pass=0.0ms, contention=0.0ms, TOTAL=22.4ms | audio=600ms, RTF=0.04x | model=enhanced_mel, neural_total=21.3ms, model_inference=12.0ms
[TIMING] EnhancedMel.transcribe: audio_to_gpu=0.3ms, features=0.6ms, model=11.9ms, decode=5.8ms | TOTAL=18.5ms for 3000ms audio (RTF=0.01x)
[TIMING] stream_chunk[experiment-007c7e23efbf4faf8c871f6f8b1c8bcb](live_neural): decode=0.1ms, inference=21.2ms, second_pass=0.0ms, contention=0.0ms, TOTAL=21.6ms | audio=600ms, RTF=0.04x | model=enhanced_mel, neural_total=20.6ms, model_inference=11.9ms
[TIMING] EnhancedMel.transcribe: audio_to_gpu=0.5ms, features=0.6ms, model=20.0ms, decode=1.3ms | TOTAL=22.5ms for 600ms audio (RTF=0.04x)
[TIMING] stream_chunk[experiment-d2206ff8fe3c432b9f88db0675f94b81](live_neural): decode=0.1ms, inference=24.0ms, second_pass=0.0ms, contention=0.0ms, TOTAL=24.2ms | audio=600ms, RTF=0.04x | model=enhanced_mel, neural_total=23.7ms, model_inference=20.0ms
[TIMING] EnhancedMel.transcribe: audio_to_gpu=0.2ms, features=2.6ms, model=19.0ms, decode=2.4ms | TOTAL=24.1ms for 1200ms audio (RTF=0.02x)
[TIMING] stream_chunk[experiment-d2206ff8fe3c432b9f88db0675f94b81](live_neural): decode=0.2ms, inference=25.7ms, second_pass=0.0ms, contention=0.0ms, TOTAL=26.1ms | audio=600ms, RTF=0.04x | model=enhanced_mel, neural_total=25.4ms, model_inference=19.0ms
[TIMING] EnhancedMel.transcribe: audio_to_gpu=0.2ms, features=0.6ms, model=15.0ms, decode=3.4ms | TOTAL=19.1ms for 1800ms audio (RTF=0.01x)
[TIMING] stream_chunk[experiment-d2206ff8fe3c432b9f88db0675f94b81](live_neural): decode=0.1ms, inference=21.1ms, second_pass=0.0ms, contention=0.0ms, TOTAL=21.4ms | audio=600ms, RTF=0.04x | model=enhanced_mel, neural_total=20.7ms, model_inference=15.0ms
[TIMING] EnhancedMel.transcribe: audio_to_gpu=0.2ms, features=0.5ms, model=13.1ms, decode=4.6ms | TOTAL=18.4ms for 2400ms audio (RTF=0.01x)
[TIMING] stream_chunk[experiment-d2206ff8fe3c432b9f88db0675f94b81](live_neural): decode=0.1ms, inference=20.9ms, second_pass=0.0ms, contention=0.0ms, TOTAL=21.3ms | audio=600ms, RTF=0.04x | model=enhanced_mel, neural_total=20.5ms, model_inference=13.1ms
[TIMING] EnhancedMel.transcribe: audio_to_gpu=0.4ms, features=0.8ms, model=12.9ms, decode=6.0ms | TOTAL=20.1ms for 3000ms audio (RTF=0.01x)
[TIMING] stream_chunk[experiment-d2206ff8fe3c432b9f88db0675f94b81](live_neural): decode=0.1ms, inference=24.1ms, second_pass=0.0ms, contention=0.0ms, TOTAL=24.4ms | audio=600ms, RTF=0.04x | model=enhanced_mel, neural_total=23.7ms, model_inference=12.9ms
[TIMING] EnhancedMel.transcribe: audio_to_gpu=0.3ms, features=0.5ms, model=11.9ms, decode=5.9ms | TOTAL=18.7ms for 3000ms audio (RTF=0.01x)
[TIMING] stream_chunk[experiment-d2206ff8fe3c432b9f88db0675f94b81](live_neural): decode=0.1ms, inference=21.2ms, second_pass=0.0ms, contention=0.0ms, TOTAL=21.6ms | audio=600ms, RTF=0.04x | model=enhanced_mel, neural_total=20.9ms, model_inference=11.9ms
[TIMING] EnhancedMel.transcribe: audio_to_gpu=0.2ms, features=0.5ms, model=11.6ms, decode=5.6ms | TOTAL=18.0ms for 3000ms audio (RTF=0.01x)
[TIMING] stream_chunk[experiment-d2206ff8fe3c432b9f88db0675f94b81](live_neural): decode=0.1ms, inference=20.5ms, second_pass=0.0ms, contention=0.0ms, TOTAL=20.9ms | audio=600ms, RTF=0.03x | model=enhanced_mel, neural_total=20.2ms, model_inference=11.6ms
[TIMING] EnhancedMel.transcribe: audio_to_gpu=0.3ms, features=0.7ms, model=19.5ms, decode=5.8ms | TOTAL=26.2ms for 3000ms audio (RTF=0.01x)
[TIMING] stream_chunk[experiment-d2206ff8fe3c432b9f88db0675f94b81](live_neural): decode=0.1ms, inference=28.6ms, second_pass=0.0ms, contention=0.0ms, TOTAL=28.9ms | audio=600ms, RTF=0.05x | model=enhanced_mel, neural_total=28.2ms, model_inference=19.5ms
[TIMING] EnhancedMel.transcribe: audio_to_gpu=0.3ms, features=0.6ms, model=12.0ms, decode=5.8ms | TOTAL=18.7ms for 3000ms audio (RTF=0.01x)
[TIMING] stream_chunk[experiment-d2206ff8fe3c432b9f88db0675f94b81](live_neural): decode=0.1ms, inference=21.3ms, second_pass=0.0ms, contention=0.0ms, TOTAL=21.7ms | audio=600ms, RTF=0.04x | model=enhanced_mel, neural_total=20.8ms, model_inference=12.0ms
[TIMING] EnhancedMel.transcribe: audio_to_gpu=0.3ms, features=0.7ms, model=18.5ms, decode=5.7ms | TOTAL=25.2ms for 3000ms audio (RTF=0.01x)
[TIMING] stream_chunk[experiment-d2206ff8fe3c432b9f88db0675f94b81](live_neural): decode=0.1ms, inference=27.9ms, second_pass=0.0ms, contention=0.0ms, TOTAL=28.3ms | audio=600ms, RTF=0.05x | model=enhanced_mel, neural_total=27.5ms, model_inference=18.5ms

[CLIP_032] Au bord d'une source
  excerpt: start=75.00s end=81.00s duration=6.00s gt_notes=122 rms=0.0265 peak=0.1431 crest=5.398 rms_std=0.0113
    control:
      note metrics: precision=0.992 recall=0.959 f1=0.975 matched=117/122 pred=118
      strict onset f1: 10ms=0.825 20ms=0.975 30ms=0.975
      timing metrics: offset_f1=0.875 rhythm_precision=0.897 note_value_acc=0.667 note_value_n=117 avg_beat_error=0.080
      duplicate metrics: duplicates=0 per_100_notes=0.00
      boundary metrics: gt=39 matched=35 missed=4 miss_rate=0.103
      latency: avg_chunk_ms=22.17 p95_chunk_ms=28.64 avg_rtf=0.037
      notation metrics: first_correct_ms=40.4 visible_p50_ms=187.0 visible_p95_ms=597.1 stabilize_p50_ms=1134.9 stabilize_p95_ms=3375.1 avg_revisions=1.33 matched=21 refined=21 snapshots=19
      algorithmic latency: first_correct_ms=19.0 visible_p50_ms=162.0 visible_p95_ms=578.4 stabilize_p50_ms=1109.9 stabilize_p95_ms=2953.6
      final display note metrics: precision=0.991 recall=0.951 f1=0.971 matched=116/122 pred=117
      final display strict onset f1: 10ms=0.820 20ms=0.971 30ms=0.971
      final display timing: offset_f1=0.870 rhythm_precision=0.897 note_value_acc=0.422 note_value_n=116 avg_beat_error=0.157
      final display structure: cluster_f1=0.879 onset_align_recall=1.000 avg_jaccard=0.951 exact=51/58 pred=58 over=1 under=6 pitch_conflicts=0 missed_gt=0
      threshold profiles: hit_rate=0.000 thresholds=[0.75] profiles={'fixed_baseline': 10}
    treatment:
      note metrics: precision=0.992 recall=0.967 f1=0.979 matched=118/122 pred=119
      strict onset f1: 10ms=0.830 20ms=0.979 30ms=0.979
      timing metrics: offset_f1=0.880 rhythm_precision=0.898 note_value_acc=0.661 note_value_n=118 avg_beat_error=0.080
      duplicate metrics: duplicates=0 per_100_notes=0.00
      boundary metrics: gt=39 matched=36 missed=3 miss_rate=0.077
      latency: avg_chunk_ms=23.89 p95_chunk_ms=28.68 avg_rtf=0.040
      notation metrics: first_correct_ms=39.9 visible_p50_ms=243.0 visible_p95_ms=625.8 stabilize_p50_ms=1123.6 stabilize_p95_ms=2497.1 avg_revisions=0.82 matched=22 refined=22 snapshots=19
      algorithmic latency: first_correct_ms=19.0 visible_p50_ms=220.2 visible_p95_ms=599.9 stabilize_p50_ms=855.9 stabilize_p95_ms=1789.1
      final display note metrics: precision=0.992 recall=0.959 f1=0.975 matched=117/122 pred=118
      final display strict onset f1: 10ms=0.825 20ms=0.975 30ms=0.975
      final display timing: offset_f1=0.875 rhythm_precision=0.897 note_value_acc=0.462 note_value_n=117 avg_beat_error=0.156
      final display structure: cluster_f1=0.897 onset_align_recall=1.000 avg_jaccard=0.960 exact=52/58 pred=58 over=1 under=5 pitch_conflicts=0 missed_gt=0
      threshold profiles: hit_rate=0.600 thresholds=[0.71, 0.75] profiles={'baseline_nominal': 4, 'soft_sparse_recall': 6}
    delta treatment-control: precision=+0.000 recall=+0.008 f1=+0.004 offset_f1=+0.005 note_value_acc=-0.006 dup_per_100=+0.00 boundary_miss_rate=-0.026 p95_chunk_ms=+0.03 f1_10ms=+0.005 f1_20ms=+0.004 f1_30ms=+0.004 visible_p50_ms=+56.0 stabilize_p50_ms=-11.3 algo_visible_p50_ms=+58.2 algo_stabilize_p50_ms=-254.0 avg_revisions=-0.52 display_note_f1=+0.004 display_offset_f1=+0.005 display_cluster_f1=+0.017 display_cluster_jaccard=+0.009
    failure buckets: ['boundary_miss_failure', 'high_revision_slow_stabilization']
      boundary diagnostics: missed=4 by_arm={'control': 4, 'treatment': 3} tags={'control_boundary_miss': 4, 'no_control_coarse_candidate': 4, 'treatment_recovers_boundary_note': 1}
        miss: pitch=86 onset=0.599s boundary_delta_ms=-1.0 control_coarse=False treatment_coarse=True retro=n/a
        miss: pitch=82 onset=4.197s boundary_delta_ms=-3.4 control_coarse=False treatment_coarse=False retro=n/a
        miss: pitch=83 onset=4.276s boundary_delta_ms=+76.0 control_coarse=False treatment_coarse=False retro=n/a
        ... 1 more missed boundary notes in diagnostics JSON
[TIMING] EnhancedMel.transcribe: audio_to_gpu=0.4ms, features=0.5ms, model=10.1ms, decode=1.5ms | TOTAL=12.5ms for 600ms audio (RTF=0.02x)
[TIMING] stream_chunk[experiment-53ed4431514b4765b1e108b65b104d56](live_neural): decode=0.2ms, inference=14.4ms, second_pass=0.0ms, contention=0.0ms, TOTAL=14.6ms | audio=600ms, RTF=0.02x | model=enhanced_mel, neural_total=13.8ms, model_inference=10.1ms
[TIMING] EnhancedMel.transcribe: audio_to_gpu=0.2ms, features=0.6ms, model=14.8ms, decode=2.5ms | TOTAL=18.1ms for 1200ms audio (RTF=0.02x)
[TIMING] stream_chunk[experiment-53ed4431514b4765b1e108b65b104d56](live_neural): decode=0.1ms, inference=19.8ms, second_pass=0.0ms, contention=0.0ms, TOTAL=20.0ms | audio=600ms, RTF=0.03x | model=enhanced_mel, neural_total=19.5ms, model_inference=14.8ms
[TIMING] EnhancedMel.transcribe: audio_to_gpu=0.1ms, features=0.4ms, model=11.1ms, decode=3.5ms | TOTAL=15.2ms for 1800ms audio (RTF=0.01x)
[TIMING] stream_chunk[experiment-53ed4431514b4765b1e108b65b104d56](live_neural): decode=0.1ms, inference=17.0ms, second_pass=0.0ms, contention=0.0ms, TOTAL=17.2ms | audio=600ms, RTF=0.03x | model=enhanced_mel, neural_total=16.7ms, model_inference=11.1ms
[TIMING] EnhancedMel.transcribe: audio_to_gpu=0.1ms, features=0.9ms, model=11.4ms, decode=4.3ms | TOTAL=16.8ms for 2400ms audio (RTF=0.01x)
[TIMING] stream_chunk[experiment-53ed4431514b4765b1e108b65b104d56](live_neural): decode=0.1ms, inference=18.9ms, second_pass=0.0ms, contention=0.0ms, TOTAL=19.2ms | audio=600ms, RTF=0.03x | model=enhanced_mel, neural_total=18.5ms, model_inference=11.4ms
[TIMING] EnhancedMel.transcribe: audio_to_gpu=0.4ms, features=0.6ms, model=11.9ms, decode=5.3ms | TOTAL=18.2ms for 3000ms audio (RTF=0.01x)
[TIMING] stream_chunk[experiment-53ed4431514b4765b1e108b65b104d56](live_neural): decode=0.1ms, inference=20.5ms, second_pass=0.0ms, contention=0.0ms, TOTAL=20.8ms | audio=600ms, RTF=0.03x | model=enhanced_mel, neural_total=20.1ms, model_inference=11.9ms
[TIMING] EnhancedMel.transcribe: audio_to_gpu=0.2ms, features=0.4ms, model=12.1ms, decode=6.3ms | TOTAL=18.9ms for 3000ms audio (RTF=0.01x)
[TIMING] stream_chunk[experiment-53ed4431514b4765b1e108b65b104d56](live_neural): decode=0.2ms, inference=21.1ms, second_pass=0.0ms, contention=0.0ms, TOTAL=21.4ms | audio=600ms, RTF=0.04x | model=enhanced_mel, neural_total=20.8ms, model_inference=12.1ms
[TIMING] EnhancedMel.transcribe: audio_to_gpu=0.3ms, features=0.5ms, model=12.7ms, decode=5.2ms | TOTAL=18.6ms for 3000ms audio (RTF=0.01x)
[TIMING] stream_chunk[experiment-53ed4431514b4765b1e108b65b104d56](live_neural): decode=0.1ms, inference=20.9ms, second_pass=0.0ms, contention=0.0ms, TOTAL=21.2ms | audio=600ms, RTF=0.04x | model=enhanced_mel, neural_total=20.6ms, model_inference=12.7ms
[TIMING] EnhancedMel.transcribe: audio_to_gpu=0.3ms, features=1.7ms, model=13.9ms, decode=5.4ms | TOTAL=21.3ms for 3000ms audio (RTF=0.01x)
[TIMING] stream_chunk[experiment-53ed4431514b4765b1e108b65b104d56](live_neural): decode=0.1ms, inference=23.6ms, second_pass=0.0ms, contention=0.0ms, TOTAL=23.8ms | audio=600ms, RTF=0.04x | model=enhanced_mel, neural_total=23.1ms, model_inference=13.9ms
[TIMING] EnhancedMel.transcribe: audio_to_gpu=0.3ms, features=0.5ms, model=11.8ms, decode=5.5ms | TOTAL=18.1ms for 3000ms audio (RTF=0.01x)
[TIMING] stream_chunk[experiment-53ed4431514b4765b1e108b65b104d56](live_neural): decode=0.1ms, inference=20.5ms, second_pass=0.0ms, contention=0.0ms, TOTAL=20.9ms | audio=600ms, RTF=0.03x | model=enhanced_mel, neural_total=20.2ms, model_inference=11.8ms
[TIMING] EnhancedMel.transcribe: audio_to_gpu=0.3ms, features=0.5ms, model=12.4ms, decode=5.8ms | TOTAL=18.9ms for 3000ms audio (RTF=0.01x)
[TIMING] stream_chunk[experiment-53ed4431514b4765b1e108b65b104d56](live_neural): decode=0.1ms, inference=21.2ms, second_pass=0.0ms, contention=0.0ms, TOTAL=21.5ms | audio=600ms, RTF=0.04x | model=enhanced_mel, neural_total=20.8ms, model_inference=12.4ms
[TIMING] EnhancedMel.transcribe: audio_to_gpu=0.4ms, features=0.7ms, model=10.9ms, decode=1.5ms | TOTAL=13.5ms for 600ms audio (RTF=0.02x)
[TIMING] stream_chunk[experiment-fc2672061a9341faaf102bc530e0f307](live_neural): decode=0.1ms, inference=16.0ms, second_pass=0.0ms, contention=0.0ms, TOTAL=16.2ms | audio=600ms, RTF=0.03x | model=enhanced_mel, neural_total=15.4ms, model_inference=10.9ms
[TIMING] EnhancedMel.transcribe: audio_to_gpu=0.2ms, features=1.3ms, model=10.2ms, decode=2.5ms | TOTAL=14.2ms for 1200ms audio (RTF=0.01x)
[TIMING] stream_chunk[experiment-fc2672061a9341faaf102bc530e0f307](live_neural): decode=0.1ms, inference=16.4ms, second_pass=0.0ms, contention=0.0ms, TOTAL=16.6ms | audio=600ms, RTF=0.03x | model=enhanced_mel, neural_total=16.0ms, model_inference=10.2ms
[TIMING] EnhancedMel.transcribe: audio_to_gpu=0.2ms, features=4.8ms, model=10.7ms, decode=4.0ms | TOTAL=19.7ms for 1800ms audio (RTF=0.01x)
[TIMING] stream_chunk[experiment-fc2672061a9341faaf102bc530e0f307](live_neural): decode=0.2ms, inference=21.7ms, second_pass=0.0ms, contention=0.0ms, TOTAL=22.1ms | audio=600ms, RTF=0.04x | model=enhanced_mel, neural_total=21.4ms, model_inference=10.7ms
[TIMING] EnhancedMel.transcribe: audio_to_gpu=0.2ms, features=0.5ms, model=12.3ms, decode=4.5ms | TOTAL=17.4ms for 2400ms audio (RTF=0.01x)
[TIMING] stream_chunk[experiment-fc2672061a9341faaf102bc530e0f307](live_neural): decode=0.2ms, inference=19.6ms, second_pass=0.0ms, contention=0.0ms, TOTAL=19.9ms | audio=600ms, RTF=0.03x | model=enhanced_mel, neural_total=19.2ms, model_inference=12.3ms
[TIMING] EnhancedMel.transcribe: audio_to_gpu=0.3ms, features=0.5ms, model=11.7ms, decode=5.3ms | TOTAL=17.7ms for 3000ms audio (RTF=0.01x)
[TIMING] stream_chunk[experiment-fc2672061a9341faaf102bc530e0f307](live_neural): decode=0.1ms, inference=20.0ms, second_pass=0.0ms, contention=0.0ms, TOTAL=20.2ms | audio=600ms, RTF=0.03x | model=enhanced_mel, neural_total=19.6ms, model_inference=11.7ms
[TIMING] EnhancedMel.transcribe: audio_to_gpu=0.3ms, features=0.7ms, model=21.1ms, decode=5.4ms | TOTAL=27.5ms for 3000ms audio (RTF=0.01x)
[TIMING] stream_chunk[experiment-fc2672061a9341faaf102bc530e0f307](live_neural): decode=0.1ms, inference=29.7ms, second_pass=0.0ms, contention=0.0ms, TOTAL=29.9ms | audio=600ms, RTF=0.05x | model=enhanced_mel, neural_total=29.3ms, model_inference=21.1ms
[TIMING] EnhancedMel.transcribe: audio_to_gpu=0.2ms, features=1.9ms, model=11.9ms, decode=5.3ms | TOTAL=19.3ms for 3000ms audio (RTF=0.01x)
[TIMING] stream_chunk[experiment-fc2672061a9341faaf102bc530e0f307](live_neural): decode=0.1ms, inference=21.5ms, second_pass=0.0ms, contention=0.0ms, TOTAL=21.8ms | audio=600ms, RTF=0.04x | model=enhanced_mel, neural_total=21.1ms, model_inference=11.9ms
[TIMING] EnhancedMel.transcribe: audio_to_gpu=0.4ms, features=0.5ms, model=11.5ms, decode=5.3ms | TOTAL=17.7ms for 3000ms audio (RTF=0.01x)
[TIMING] stream_chunk[experiment-fc2672061a9341faaf102bc530e0f307](live_neural): decode=0.1ms, inference=20.1ms, second_pass=0.0ms, contention=0.0ms, TOTAL=20.3ms | audio=600ms, RTF=0.03x | model=enhanced_mel, neural_total=19.6ms, model_inference=11.5ms
[TIMING] EnhancedMel.transcribe: audio_to_gpu=0.4ms, features=0.5ms, model=12.7ms, decode=6.1ms | TOTAL=19.7ms for 3000ms audio (RTF=0.01x)
[TIMING] stream_chunk[experiment-fc2672061a9341faaf102bc530e0f307](live_neural): decode=0.1ms, inference=23.2ms, second_pass=0.0ms, contention=0.0ms, TOTAL=23.5ms | audio=600ms, RTF=0.04x | model=enhanced_mel, neural_total=22.9ms, model_inference=12.7ms
[TIMING] EnhancedMel.transcribe: audio_to_gpu=0.3ms, features=0.5ms, model=11.6ms, decode=5.9ms | TOTAL=18.4ms for 3000ms audio (RTF=0.01x)
[TIMING] stream_chunk[experiment-fc2672061a9341faaf102bc530e0f307](live_neural): decode=0.1ms, inference=20.8ms, second_pass=0.0ms, contention=0.0ms, TOTAL=21.1ms | audio=600ms, RTF=0.04x | model=enhanced_mel, neural_total=20.4ms, model_inference=11.6ms

[CLIP_033] SuiteBergamasque
  excerpt: start=30.00s end=36.00s duration=6.00s gt_notes=90 rms=0.0930 peak=0.4669 crest=5.021 rms_std=0.0382
    control:
      note metrics: precision=0.796 recall=0.956 f1=0.869 matched=86/90 pred=108
      strict onset f1: 10ms=0.727 20ms=0.869 30ms=0.869
      timing metrics: offset_f1=0.657 rhythm_precision=0.756 note_value_acc=0.279 note_value_n=86 avg_beat_error=0.199
      duplicate metrics: duplicates=14 per_100_notes=12.96
      boundary metrics: gt=33 matched=32 missed=1 miss_rate=0.030
      latency: avg_chunk_ms=20.06 p95_chunk_ms=22.76 avg_rtf=0.034
      notation metrics: first_correct_ms=22.4 visible_p50_ms=327.1 visible_p95_ms=636.8 stabilize_p50_ms=1972.6 stabilize_p95_ms=3453.1 avg_revisions=2.77 matched=13 refined=13 snapshots=18
      algorithmic latency: first_correct_ms=1.0 visible_p50_ms=306.3 visible_p95_ms=619.5 stabilize_p50_ms=1950.8 stabilize_p95_ms=3163.3
      final display note metrics: precision=0.929 recall=0.878 f1=0.903 matched=79/90 pred=85
      final display strict onset f1: 10ms=0.743 20ms=0.891 30ms=0.891
      final display timing: offset_f1=0.674 rhythm_precision=0.747 note_value_acc=0.241 note_value_n=79 avg_beat_error=0.254
      final display structure: cluster_f1=0.681 onset_align_recall=0.955 avg_jaccard=0.921 exact=16/22 pred=25 over=0 under=5 pitch_conflicts=0 missed_gt=1
      threshold profiles: hit_rate=0.000 thresholds=[0.75] profiles={'fixed_baseline': 10}
    treatment:
      note metrics: precision=0.804 recall=0.956 f1=0.873 matched=86/90 pred=107
      strict onset f1: 10ms=0.721 20ms=0.873 30ms=0.873
      timing metrics: offset_f1=0.660 rhythm_precision=0.756 note_value_acc=0.279 note_value_n=86 avg_beat_error=0.199
      duplicate metrics: duplicates=14 per_100_notes=13.08
      boundary metrics: gt=33 matched=32 missed=1 miss_rate=0.030
      latency: avg_chunk_ms=21.17 p95_chunk_ms=27.05 avg_rtf=0.035
      notation metrics: first_correct_ms=31.0 visible_p50_ms=375.5 visible_p95_ms=692.6 stabilize_p50_ms=2197.9 stabilize_p95_ms=3470.2 avg_revisions=2.46 matched=13 refined=13 snapshots=18
      algorithmic latency: first_correct_ms=1.0 visible_p50_ms=358.9 visible_p95_ms=667.2 stabilize_p50_ms=1880.5 stabilize_p95_ms=3098.7
      final display note metrics: precision=0.919 recall=0.878 f1=0.898 matched=79/90 pred=86
      final display strict onset f1: 10ms=0.739 20ms=0.886 30ms=0.886
      final display timing: offset_f1=0.670 rhythm_precision=0.747 note_value_acc=0.177 note_value_n=79 avg_beat_error=0.284
      final display structure: cluster_f1=0.681 onset_align_recall=0.955 avg_jaccard=0.921 exact=16/22 pred=25 over=0 under=5 pitch_conflicts=0 missed_gt=1
      threshold profiles: hit_rate=0.200 thresholds=[0.75, 0.77] profiles={'baseline_nominal': 8, 'loud_dense_precision': 2}
    delta treatment-control: precision=+0.007 recall=+0.000 f1=+0.004 offset_f1=+0.003 note_value_acc=+0.000 dup_per_100=+0.12 boundary_miss_rate=+0.000 p95_chunk_ms=+4.29 f1_10ms=-0.006 f1_20ms=+0.004 f1_30ms=+0.004 visible_p50_ms=+48.4 stabilize_p50_ms=+225.2 algo_visible_p50_ms=+52.6 algo_stabilize_p50_ms=-70.3 avg_revisions=-0.31 display_note_f1=-0.005 display_offset_f1=-0.004 display_cluster_f1=+0.000 display_cluster_jaccard=+0.000
    failure buckets: ['boundary_miss_failure', 'high_revision_slow_stabilization', 'note_value_offset_failure']
      boundary diagnostics: missed=1 by_arm={'control': 1, 'treatment': 1} tags={'control_boundary_miss': 1, 'no_control_coarse_candidate': 1}
        miss: pitch=76 onset=4.204s boundary_delta_ms=+4.4 control_coarse=False treatment_coarse=False retro=n/a
[TIMING] EnhancedMel.transcribe: audio_to_gpu=0.4ms, features=0.9ms, model=19.4ms, decode=1.3ms | TOTAL=22.1ms for 600ms audio (RTF=0.04x)
[TIMING] stream_chunk[experiment-84c98d7329174b3baea019de1fb7220e](live_neural): decode=0.1ms, inference=23.7ms, second_pass=0.0ms, contention=0.0ms, TOTAL=24.0ms | audio=600ms, RTF=0.04x | model=enhanced_mel, neural_total=23.3ms, model_inference=19.4ms
[TIMING] EnhancedMel.transcribe: audio_to_gpu=0.2ms, features=0.5ms, model=22.2ms, decode=2.4ms | TOTAL=25.2ms for 1200ms audio (RTF=0.02x)
[TIMING] stream_chunk[experiment-84c98d7329174b3baea019de1fb7220e](live_neural): decode=0.2ms, inference=27.0ms, second_pass=0.0ms, contention=0.0ms, TOTAL=27.2ms | audio=600ms, RTF=0.05x | model=enhanced_mel, neural_total=26.6ms, model_inference=22.2ms
[TIMING] EnhancedMel.transcribe: audio_to_gpu=0.2ms, features=0.5ms, model=15.3ms, decode=3.4ms | TOTAL=19.4ms for 1800ms audio (RTF=0.01x)
[TIMING] stream_chunk[experiment-84c98d7329174b3baea019de1fb7220e](live_neural): decode=0.1ms, inference=21.2ms, second_pass=0.0ms, contention=0.0ms, TOTAL=21.5ms | audio=600ms, RTF=0.04x | model=enhanced_mel, neural_total=20.9ms, model_inference=15.3ms
[TIMING] EnhancedMel.transcribe: audio_to_gpu=0.3ms, features=0.6ms, model=20.2ms, decode=4.4ms | TOTAL=25.6ms for 2400ms audio (RTF=0.01x)
[TIMING] stream_chunk[experiment-84c98d7329174b3baea019de1fb7220e](live_neural): decode=0.1ms, inference=27.7ms, second_pass=0.0ms, contention=0.0ms, TOTAL=28.0ms | audio=600ms, RTF=0.05x | model=enhanced_mel, neural_total=27.3ms, model_inference=20.2ms
[TIMING] EnhancedMel.transcribe: audio_to_gpu=0.4ms, features=0.6ms, model=11.7ms, decode=5.3ms | TOTAL=18.0ms for 3000ms audio (RTF=0.01x)
[TIMING] stream_chunk[experiment-84c98d7329174b3baea019de1fb7220e](live_neural): decode=0.1ms, inference=20.7ms, second_pass=0.0ms, contention=0.0ms, TOTAL=20.9ms | audio=600ms, RTF=0.03x | model=enhanced_mel, neural_total=20.3ms, model_inference=11.7ms
[TIMING] EnhancedMel.transcribe: audio_to_gpu=0.3ms, features=0.7ms, model=20.9ms, decode=5.7ms | TOTAL=27.6ms for 3000ms audio (RTF=0.01x)
[TIMING] stream_chunk[experiment-84c98d7329174b3baea019de1fb7220e](live_neural): decode=0.1ms, inference=30.2ms, second_pass=0.0ms, contention=0.0ms, TOTAL=30.5ms | audio=600ms, RTF=0.05x | model=enhanced_mel, neural_total=29.9ms, model_inference=20.9ms
[TIMING] EnhancedMel.transcribe: audio_to_gpu=0.4ms, features=0.6ms, model=15.2ms, decode=5.4ms | TOTAL=21.7ms for 3000ms audio (RTF=0.01x)
[TIMING] stream_chunk[experiment-84c98d7329174b3baea019de1fb7220e](live_neural): decode=0.1ms, inference=24.3ms, second_pass=0.0ms, contention=0.0ms, TOTAL=24.6ms | audio=600ms, RTF=0.04x | model=enhanced_mel, neural_total=24.0ms, model_inference=15.2ms
[TIMING] EnhancedMel.transcribe: audio_to_gpu=0.3ms, features=0.5ms, model=11.4ms, decode=5.3ms | TOTAL=17.6ms for 3000ms audio (RTF=0.01x)
[TIMING] stream_chunk[experiment-84c98d7329174b3baea019de1fb7220e](live_neural): decode=0.1ms, inference=20.7ms, second_pass=0.0ms, contention=0.0ms, TOTAL=21.0ms | audio=600ms, RTF=0.04x | model=enhanced_mel, neural_total=20.3ms, model_inference=11.4ms
[TIMING] EnhancedMel.transcribe: audio_to_gpu=0.3ms, features=0.5ms, model=11.6ms, decode=5.3ms | TOTAL=17.7ms for 3000ms audio (RTF=0.01x)
[TIMING] stream_chunk[experiment-84c98d7329174b3baea019de1fb7220e](live_neural): decode=0.1ms, inference=21.3ms, second_pass=0.0ms, contention=0.0ms, TOTAL=21.6ms | audio=600ms, RTF=0.04x | model=enhanced_mel, neural_total=20.9ms, model_inference=11.6ms
[TIMING] EnhancedMel.transcribe: audio_to_gpu=0.3ms, features=0.5ms, model=11.2ms, decode=6.4ms | TOTAL=18.4ms for 3000ms audio (RTF=0.01x)
[TIMING] stream_chunk[experiment-84c98d7329174b3baea019de1fb7220e](live_neural): decode=0.1ms, inference=20.7ms, second_pass=0.0ms, contention=0.0ms, TOTAL=21.0ms | audio=600ms, RTF=0.04x | model=enhanced_mel, neural_total=20.3ms, model_inference=11.2ms
[TIMING] EnhancedMel.transcribe: audio_to_gpu=0.5ms, features=0.6ms, model=10.6ms, decode=1.3ms | TOTAL=12.9ms for 600ms audio (RTF=0.02x)
[TIMING] stream_chunk[experiment-1af03dc5590f49f4aa2f224b1e3aae8c](live_neural): decode=0.1ms, inference=15.3ms, second_pass=0.0ms, contention=0.0ms, TOTAL=15.4ms | audio=600ms, RTF=0.03x | model=enhanced_mel, neural_total=14.8ms, model_inference=10.6ms
[TIMING] EnhancedMel.transcribe: audio_to_gpu=0.1ms, features=2.7ms, model=10.2ms, decode=2.3ms | TOTAL=15.3ms for 1200ms audio (RTF=0.01x)
[TIMING] stream_chunk[experiment-1af03dc5590f49f4aa2f224b1e3aae8c](live_neural): decode=0.1ms, inference=17.0ms, second_pass=0.0ms, contention=0.0ms, TOTAL=17.2ms | audio=600ms, RTF=0.03x | model=enhanced_mel, neural_total=16.6ms, model_inference=10.2ms
[TIMING] EnhancedMel.transcribe: audio_to_gpu=0.1ms, features=1.3ms, model=12.0ms, decode=3.4ms | TOTAL=16.8ms for 1800ms audio (RTF=0.01x)
[TIMING] stream_chunk[experiment-1af03dc5590f49f4aa2f224b1e3aae8c](live_neural): decode=0.1ms, inference=19.0ms, second_pass=0.0ms, contention=0.0ms, TOTAL=19.2ms | audio=600ms, RTF=0.03x | model=enhanced_mel, neural_total=18.5ms, model_inference=12.0ms
[TIMING] EnhancedMel.transcribe: audio_to_gpu=0.3ms, features=0.6ms, model=11.4ms, decode=4.4ms | TOTAL=16.7ms for 2400ms audio (RTF=0.01x)
[TIMING] stream_chunk[experiment-1af03dc5590f49f4aa2f224b1e3aae8c](live_neural): decode=0.1ms, inference=18.8ms, second_pass=0.0ms, contention=0.0ms, TOTAL=19.0ms | audio=600ms, RTF=0.03x | model=enhanced_mel, neural_total=18.4ms, model_inference=11.4ms
[TIMING] EnhancedMel.transcribe: audio_to_gpu=0.1ms, features=0.5ms, model=12.9ms, decode=6.4ms | TOTAL=19.8ms for 3000ms audio (RTF=0.01x)
[TIMING] stream_chunk[experiment-1af03dc5590f49f4aa2f224b1e3aae8c](live_neural): decode=0.1ms, inference=22.1ms, second_pass=0.0ms, contention=0.0ms, TOTAL=22.4ms | audio=600ms, RTF=0.04x | model=enhanced_mel, neural_total=21.8ms, model_inference=12.9ms
[TIMING] EnhancedMel.transcribe: audio_to_gpu=0.4ms, features=0.6ms, model=13.3ms, decode=5.4ms | TOTAL=19.7ms for 3000ms audio (RTF=0.01x)
[TIMING] stream_chunk[experiment-1af03dc5590f49f4aa2f224b1e3aae8c](live_neural): decode=0.1ms, inference=22.1ms, second_pass=0.0ms, contention=0.0ms, TOTAL=22.4ms | audio=600ms, RTF=0.04x | model=enhanced_mel, neural_total=21.7ms, model_inference=13.3ms
[TIMING] EnhancedMel.transcribe: audio_to_gpu=0.3ms, features=0.6ms, model=11.6ms, decode=5.3ms | TOTAL=17.8ms for 3000ms audio (RTF=0.01x)
[TIMING] stream_chunk[experiment-1af03dc5590f49f4aa2f224b1e3aae8c](live_neural): decode=0.1ms, inference=20.3ms, second_pass=0.0ms, contention=0.0ms, TOTAL=20.6ms | audio=600ms, RTF=0.03x | model=enhanced_mel, neural_total=19.8ms, model_inference=11.6ms
[TIMING] EnhancedMel.transcribe: audio_to_gpu=0.4ms, features=0.6ms, model=13.6ms, decode=5.4ms | TOTAL=20.1ms for 3000ms audio (RTF=0.01x)
[TIMING] stream_chunk[experiment-1af03dc5590f49f4aa2f224b1e3aae8c](live_neural): decode=0.1ms, inference=22.5ms, second_pass=0.0ms, contention=0.0ms, TOTAL=22.8ms | audio=600ms, RTF=0.04x | model=enhanced_mel, neural_total=22.1ms, model_inference=13.6ms
[TIMING] EnhancedMel.transcribe: audio_to_gpu=0.4ms, features=0.6ms, model=13.6ms, decode=5.4ms | TOTAL=20.1ms for 3000ms audio (RTF=0.01x)
[TIMING] stream_chunk[experiment-1af03dc5590f49f4aa2f224b1e3aae8c](live_neural): decode=0.1ms, inference=22.4ms, second_pass=0.0ms, contention=0.0ms, TOTAL=22.7ms | audio=600ms, RTF=0.04x | model=enhanced_mel, neural_total=22.0ms, model_inference=13.6ms
[TIMING] EnhancedMel.transcribe: audio_to_gpu=0.3ms, features=0.5ms, model=12.8ms, decode=5.5ms | TOTAL=19.2ms for 3000ms audio (RTF=0.01x)
[TIMING] stream_chunk[experiment-1af03dc5590f49f4aa2f224b1e3aae8c](live_neural): decode=0.1ms, inference=21.6ms, second_pass=0.0ms, contention=0.0ms, TOTAL=21.9ms | audio=600ms, RTF=0.04x | model=enhanced_mel, neural_total=21.2ms, model_inference=12.8ms

[CLIP_034] Sonata K. 525
  excerpt: start=15.00s end=21.00s duration=6.00s gt_notes=84 rms=0.0631 peak=0.5078 crest=8.050 rms_std=0.0358
    control:
      note metrics: precision=0.938 recall=0.893 f1=0.915 matched=75/84 pred=80
      strict onset f1: 10ms=0.780 20ms=0.915 30ms=0.915
      timing metrics: offset_f1=0.841 rhythm_precision=0.920 note_value_acc=0.653 note_value_n=75 avg_beat_error=0.122
      duplicate metrics: duplicates=1 per_100_notes=1.25
      boundary metrics: gt=28 matched=25 missed=3 miss_rate=0.107
      latency: avg_chunk_ms=24.04 p95_chunk_ms=29.37 avg_rtf=0.040
      notation metrics: first_correct_ms=41.0 visible_p50_ms=335.8 visible_p95_ms=598.9 stabilize_p50_ms=2641.3 stabilize_p95_ms=3507.8 avg_revisions=2.67 matched=9 refined=9 snapshots=18
      algorithmic latency: first_correct_ms=16.4 visible_p50_ms=314.3 visible_p95_ms=573.6 stabilize_p50_ms=2053.6 stabilize_p95_ms=2948.8
      final display note metrics: precision=0.949 recall=0.893 f1=0.920 matched=75/84 pred=79
      final display strict onset f1: 10ms=0.785 20ms=0.920 30ms=0.920
      final display timing: offset_f1=0.847 rhythm_precision=0.920 note_value_acc=0.773 note_value_n=75 avg_beat_error=0.204
      final display structure: cluster_f1=0.778 onset_align_recall=1.000 avg_jaccard=0.912 exact=28/36 pred=36 over=4 under=4 pitch_conflicts=0 missed_gt=0
      threshold profiles: hit_rate=0.000 thresholds=[0.75] profiles={'fixed_baseline': 10}
    treatment:
      note metrics: precision=0.938 recall=0.893 f1=0.915 matched=75/84 pred=80
      strict onset f1: 10ms=0.780 20ms=0.915 30ms=0.915
      timing metrics: offset_f1=0.841 rhythm_precision=0.920 note_value_acc=0.653 note_value_n=75 avg_beat_error=0.122
      duplicate metrics: duplicates=1 per_100_notes=1.25
      boundary metrics: gt=28 matched=25 missed=3 miss_rate=0.107
      latency: avg_chunk_ms=20.37 p95_chunk_ms=22.76 avg_rtf=0.034
      notation metrics: first_correct_ms=37.0 visible_p50_ms=333.6 visible_p95_ms=589.7 stabilize_p50_ms=2642.3 stabilize_p95_ms=3502.5 avg_revisions=2.67 matched=9 refined=9 snapshots=18
      algorithmic latency: first_correct_ms=16.4 visible_p50_ms=314.3 visible_p95_ms=573.6 stabilize_p50_ms=2053.6 stabilize_p95_ms=2948.8
      final display note metrics: precision=0.949 recall=0.893 f1=0.920 matched=75/84 pred=79
      final display strict onset f1: 10ms=0.785 20ms=0.920 30ms=0.920
      final display timing: offset_f1=0.847 rhythm_precision=0.920 note_value_acc=0.773 note_value_n=75 avg_beat_error=0.204
      final display structure: cluster_f1=0.778 onset_align_recall=1.000 avg_jaccard=0.912 exact=28/36 pred=36 over=4 under=4 pitch_conflicts=0 missed_gt=0
      threshold profiles: hit_rate=0.000 thresholds=[0.75] profiles={'baseline_nominal': 10}
    delta treatment-control: precision=+0.000 recall=+0.000 f1=+0.000 offset_f1=+0.000 note_value_acc=+0.000 dup_per_100=+0.00 boundary_miss_rate=+0.000 p95_chunk_ms=-6.61 f1_10ms=+0.000 f1_20ms=+0.000 f1_30ms=+0.000 visible_p50_ms=-2.3 stabilize_p50_ms=+1.1 algo_visible_p50_ms=+0.0 algo_stabilize_p50_ms=+0.0 avg_revisions=+0.00 display_note_f1=+0.000 display_offset_f1=+0.000 display_cluster_f1=+0.000 display_cluster_jaccard=+0.000
    failure buckets: ['runtime_only_win', 'boundary_miss_failure', 'high_revision_slow_stabilization']
      boundary diagnostics: missed=3 by_arm={'control': 3, 'treatment': 3} tags={'control_boundary_miss': 3, 'no_control_coarse_candidate': 3}
        miss: pitch=74 onset=1.875s boundary_delta_ms=+75.0 control_coarse=False treatment_coarse=False retro=n/a
        miss: pitch=38 onset=1.882s boundary_delta_ms=+81.5 control_coarse=False treatment_coarse=False retro=n/a
        miss: pitch=35 onset=1.897s boundary_delta_ms=+97.1 control_coarse=False treatment_coarse=False retro=n/a
[TIMING] EnhancedMel.transcribe: audio_to_gpu=0.4ms, features=0.6ms, model=10.1ms, decode=1.2ms | TOTAL=12.4ms for 600ms audio (RTF=0.02x)
[TIMING] stream_chunk[experiment-50832045c6384f09b622615824a798f4](live_neural): decode=0.2ms, inference=14.9ms, second_pass=0.0ms, contention=0.0ms, TOTAL=15.1ms | audio=600ms, RTF=0.03x | model=enhanced_mel, neural_total=14.4ms, model_inference=10.1ms
[TIMING] EnhancedMel.transcribe: audio_to_gpu=0.2ms, features=0.4ms, model=10.1ms, decode=2.2ms | TOTAL=12.8ms for 1200ms audio (RTF=0.01x)
[TIMING] stream_chunk[experiment-50832045c6384f09b622615824a798f4](live_neural): decode=0.2ms, inference=14.7ms, second_pass=0.0ms, contention=0.0ms, TOTAL=15.0ms | audio=600ms, RTF=0.03x | model=enhanced_mel, neural_total=14.4ms, model_inference=10.1ms
[TIMING] EnhancedMel.transcribe: audio_to_gpu=0.2ms, features=0.5ms, model=10.9ms, decode=3.4ms | TOTAL=14.9ms for 1800ms audio (RTF=0.01x)
[TIMING] stream_chunk[experiment-50832045c6384f09b622615824a798f4](live_neural): decode=0.1ms, inference=16.9ms, second_pass=0.0ms, contention=0.0ms, TOTAL=17.1ms | audio=600ms, RTF=0.03x | model=enhanced_mel, neural_total=16.4ms, model_inference=10.9ms
[TIMING] EnhancedMel.transcribe: audio_to_gpu=0.2ms, features=0.5ms, model=12.6ms, decode=4.4ms | TOTAL=17.7ms for 2400ms audio (RTF=0.01x)
[TIMING] stream_chunk[experiment-50832045c6384f09b622615824a798f4](live_neural): decode=0.1ms, inference=19.9ms, second_pass=0.0ms, contention=0.0ms, TOTAL=20.2ms | audio=600ms, RTF=0.03x | model=enhanced_mel, neural_total=19.5ms, model_inference=12.6ms
[TIMING] EnhancedMel.transcribe: audio_to_gpu=0.4ms, features=0.5ms, model=12.4ms, decode=5.4ms | TOTAL=18.8ms for 3000ms audio (RTF=0.01x)
[TIMING] stream_chunk[experiment-50832045c6384f09b622615824a798f4](live_neural): decode=0.2ms, inference=22.0ms, second_pass=0.0ms, contention=0.0ms, TOTAL=22.3ms | audio=600ms, RTF=0.04x | model=enhanced_mel, neural_total=21.3ms, model_inference=12.4ms
[TIMING] EnhancedMel.transcribe: audio_to_gpu=0.3ms, features=0.5ms, model=14.0ms, decode=5.5ms | TOTAL=20.3ms for 3000ms audio (RTF=0.01x)
[TIMING] stream_chunk[experiment-50832045c6384f09b622615824a798f4](live_neural): decode=0.2ms, inference=22.7ms, second_pass=0.0ms, contention=0.0ms, TOTAL=23.0ms | audio=600ms, RTF=0.04x | model=enhanced_mel, neural_total=22.3ms, model_inference=14.0ms
[TIMING] EnhancedMel.transcribe: audio_to_gpu=0.3ms, features=0.6ms, model=12.0ms, decode=5.5ms | TOTAL=18.3ms for 3000ms audio (RTF=0.01x)
[TIMING] stream_chunk[experiment-50832045c6384f09b622615824a798f4](live_neural): decode=0.1ms, inference=20.8ms, second_pass=0.0ms, contention=0.0ms, TOTAL=21.1ms | audio=600ms, RTF=0.04x | model=enhanced_mel, neural_total=20.2ms, model_inference=12.0ms
[TIMING] EnhancedMel.transcribe: audio_to_gpu=0.2ms, features=0.5ms, model=11.6ms, decode=5.4ms | TOTAL=17.7ms for 3000ms audio (RTF=0.01x)
[TIMING] stream_chunk[experiment-50832045c6384f09b622615824a798f4](live_neural): decode=0.1ms, inference=20.1ms, second_pass=0.0ms, contention=0.0ms, TOTAL=20.3ms | audio=600ms, RTF=0.03x | model=enhanced_mel, neural_total=19.7ms, model_inference=11.6ms
[TIMING] EnhancedMel.transcribe: audio_to_gpu=0.3ms, features=0.5ms, model=11.6ms, decode=5.3ms | TOTAL=17.7ms for 3000ms audio (RTF=0.01x)
[TIMING] stream_chunk[experiment-50832045c6384f09b622615824a798f4](live_neural): decode=0.2ms, inference=20.2ms, second_pass=0.0ms, contention=0.0ms, TOTAL=20.6ms | audio=600ms, RTF=0.03x | model=enhanced_mel, neural_total=19.7ms, model_inference=11.6ms
[TIMING] EnhancedMel.transcribe: audio_to_gpu=0.3ms, features=0.6ms, model=11.7ms, decode=5.7ms | TOTAL=18.2ms for 3000ms audio (RTF=0.01x)
[TIMING] stream_chunk[experiment-50832045c6384f09b622615824a798f4](live_neural): decode=0.1ms, inference=21.3ms, second_pass=0.0ms, contention=0.0ms, TOTAL=21.6ms | audio=600ms, RTF=0.04x | model=enhanced_mel, neural_total=20.9ms, model_inference=11.7ms
[TIMING] EnhancedMel.transcribe: audio_to_gpu=0.3ms, features=0.5ms, model=9.8ms, decode=1.3ms | TOTAL=11.9ms for 600ms audio (RTF=0.02x)
[TIMING] stream_chunk[experiment-01dfa4a170a440dc995de7b927eea049](live_neural): decode=0.2ms, inference=13.4ms, second_pass=0.0ms, contention=0.0ms, TOTAL=13.7ms | audio=600ms, RTF=0.02x | model=enhanced_mel, neural_total=13.1ms, model_inference=9.8ms
[TIMING] EnhancedMel.transcribe: audio_to_gpu=0.2ms, features=0.3ms, model=10.1ms, decode=2.3ms | TOTAL=13.0ms for 1200ms audio (RTF=0.01x)
[TIMING] stream_chunk[experiment-01dfa4a170a440dc995de7b927eea049](live_neural): decode=0.2ms, inference=14.8ms, second_pass=0.0ms, contention=0.0ms, TOTAL=15.1ms | audio=600ms, RTF=0.03x | model=enhanced_mel, neural_total=14.4ms, model_inference=10.1ms
[TIMING] EnhancedMel.transcribe: audio_to_gpu=0.2ms, features=0.4ms, model=10.9ms, decode=3.4ms | TOTAL=14.9ms for 1800ms audio (RTF=0.01x)
[TIMING] stream_chunk[experiment-01dfa4a170a440dc995de7b927eea049](live_neural): decode=0.1ms, inference=17.6ms, second_pass=0.0ms, contention=0.0ms, TOTAL=17.9ms | audio=600ms, RTF=0.03x | model=enhanced_mel, neural_total=17.3ms, model_inference=10.9ms
[TIMING] EnhancedMel.transcribe: audio_to_gpu=0.2ms, features=0.4ms, model=10.9ms, decode=4.3ms | TOTAL=15.8ms for 2400ms audio (RTF=0.01x)
[TIMING] stream_chunk[experiment-01dfa4a170a440dc995de7b927eea049](live_neural): decode=0.1ms, inference=18.2ms, second_pass=0.0ms, contention=0.0ms, TOTAL=18.5ms | audio=600ms, RTF=0.03x | model=enhanced_mel, neural_total=17.9ms, model_inference=10.9ms
[TIMING] EnhancedMel.transcribe: audio_to_gpu=0.2ms, features=0.4ms, model=11.8ms, decode=5.4ms | TOTAL=17.7ms for 3000ms audio (RTF=0.01x)
[TIMING] stream_chunk[experiment-01dfa4a170a440dc995de7b927eea049](live_neural): decode=0.1ms, inference=20.1ms, second_pass=0.0ms, contention=0.0ms, TOTAL=20.3ms | audio=600ms, RTF=0.03x | model=enhanced_mel, neural_total=19.7ms, model_inference=11.8ms
[TIMING] EnhancedMel.transcribe: audio_to_gpu=0.3ms, features=0.5ms, model=11.7ms, decode=5.5ms | TOTAL=17.9ms for 3000ms audio (RTF=0.01x)
[TIMING] stream_chunk[experiment-01dfa4a170a440dc995de7b927eea049](live_neural): decode=0.1ms, inference=20.1ms, second_pass=0.0ms, contention=0.0ms, TOTAL=20.4ms | audio=600ms, RTF=0.03x | model=enhanced_mel, neural_total=19.7ms, model_inference=11.7ms
[TIMING] EnhancedMel.transcribe: audio_to_gpu=0.2ms, features=0.5ms, model=12.4ms, decode=5.4ms | TOTAL=18.5ms for 3000ms audio (RTF=0.01x)
[TIMING] stream_chunk[experiment-01dfa4a170a440dc995de7b927eea049](live_neural): decode=0.2ms, inference=20.7ms, second_pass=0.0ms, contention=0.0ms, TOTAL=21.1ms | audio=600ms, RTF=0.04x | model=enhanced_mel, neural_total=20.4ms, model_inference=12.4ms
[TIMING] EnhancedMel.transcribe: audio_to_gpu=0.2ms, features=0.5ms, model=12.5ms, decode=5.4ms | TOTAL=18.6ms for 3000ms audio (RTF=0.01x)
[TIMING] stream_chunk[experiment-01dfa4a170a440dc995de7b927eea049](live_neural): decode=0.1ms, inference=20.9ms, second_pass=0.0ms, contention=0.0ms, TOTAL=21.2ms | audio=600ms, RTF=0.04x | model=enhanced_mel, neural_total=20.5ms, model_inference=12.5ms
[TIMING] EnhancedMel.transcribe: audio_to_gpu=0.3ms, features=0.5ms, model=11.5ms, decode=5.2ms | TOTAL=17.5ms for 3000ms audio (RTF=0.01x)
[TIMING] stream_chunk[experiment-01dfa4a170a440dc995de7b927eea049](live_neural): decode=0.2ms, inference=19.8ms, second_pass=0.0ms, contention=0.0ms, TOTAL=20.1ms | audio=600ms, RTF=0.03x | model=enhanced_mel, neural_total=19.4ms, model_inference=11.5ms
[TIMING] EnhancedMel.transcribe: audio_to_gpu=0.4ms, features=0.7ms, model=17.0ms, decode=5.2ms | TOTAL=23.3ms for 3000ms audio (RTF=0.01x)
[TIMING] stream_chunk[experiment-01dfa4a170a440dc995de7b927eea049](live_neural): decode=0.1ms, inference=25.7ms, second_pass=0.0ms, contention=0.0ms, TOTAL=26.0ms | audio=600ms, RTF=0.04x | model=enhanced_mel, neural_total=25.4ms, model_inference=17.0ms

[CLIP_035] Estampes (Complete)
  excerpt: start=81.00s end=87.00s duration=6.00s gt_notes=79 rms=0.0222 peak=0.1165 crest=5.245 rms_std=0.0068
    control:
      note metrics: precision=0.887 recall=0.797 f1=0.840 matched=63/79 pred=71
      strict onset f1: 10ms=0.600 20ms=0.840 30ms=0.840
      timing metrics: offset_f1=0.627 rhythm_precision=0.746 note_value_acc=0.222 note_value_n=63 avg_beat_error=0.139
      duplicate metrics: duplicates=3 per_100_notes=4.23
      boundary metrics: gt=30 matched=25 missed=5 miss_rate=0.167
      latency: avg_chunk_ms=19.64 p95_chunk_ms=22.70 avg_rtf=0.033
      notation metrics: first_correct_ms=22.8 visible_p50_ms=274.1 visible_p95_ms=578.6 stabilize_p50_ms=1798.8 stabilize_p95_ms=2810.7 avg_revisions=2.14 matched=14 refined=14 snapshots=20
      algorithmic latency: first_correct_ms=5.7 visible_p50_ms=253.6 visible_p95_ms=556.9 stabilize_p50_ms=1434.6 stabilize_p95_ms=2472.1
      final display note metrics: precision=0.925 recall=0.785 f1=0.849 matched=62/79 pred=67
      final display strict onset f1: 10ms=0.616 20ms=0.849 30ms=0.849
      final display timing: offset_f1=0.644 rhythm_precision=0.758 note_value_acc=0.210 note_value_n=62 avg_beat_error=0.343
      final display structure: cluster_f1=0.486 onset_align_recall=1.000 avg_jaccard=0.758 exact=17/34 pred=36 over=1 under=14 pitch_conflicts=2 missed_gt=0
      threshold profiles: hit_rate=0.000 thresholds=[0.75] profiles={'fixed_baseline': 10}
    treatment:
      note metrics: precision=0.875 recall=0.797 f1=0.834 matched=63/79 pred=72
      strict onset f1: 10ms=0.596 20ms=0.834 30ms=0.834
      timing metrics: offset_f1=0.623 rhythm_precision=0.746 note_value_acc=0.222 note_value_n=63 avg_beat_error=0.139
      duplicate metrics: duplicates=3 per_100_notes=4.17
      boundary metrics: gt=30 matched=25 missed=5 miss_rate=0.167
      latency: avg_chunk_ms=19.41 p95_chunk_ms=23.83 avg_rtf=0.032
      notation metrics: first_correct_ms=23.6 visible_p50_ms=274.3 visible_p95_ms=577.6 stabilize_p50_ms=1782.3 stabilize_p95_ms=2735.6 avg_revisions=2.07 matched=14 refined=14 snapshots=20
      algorithmic latency: first_correct_ms=5.7 visible_p50_ms=253.6 visible_p95_ms=556.9 stabilize_p50_ms=1107.4 stabilize_p95_ms=2119.4
      final display note metrics: precision=0.912 recall=0.785 f1=0.844 matched=62/79 pred=68
      final display strict onset f1: 10ms=0.612 20ms=0.844 30ms=0.844
      final display timing: offset_f1=0.639 rhythm_precision=0.758 note_value_acc=0.194 note_value_n=62 avg_beat_error=0.325
      final display structure: cluster_f1=0.479 onset_align_recall=1.000 avg_jaccard=0.758 exact=17/34 pred=37 over=1 under=14 pitch_conflicts=2 missed_gt=0
      threshold profiles: hit_rate=0.400 thresholds=[0.71, 0.75] profiles={'baseline_nominal': 6, 'soft_sparse_recall': 4}
    delta treatment-control: precision=-0.012 recall=+0.000 f1=-0.006 offset_f1=-0.004 note_value_acc=+0.000 dup_per_100=-0.06 boundary_miss_rate=+0.000 p95_chunk_ms=+1.13 f1_10ms=-0.004 f1_20ms=-0.006 f1_30ms=-0.006 visible_p50_ms=+0.2 stabilize_p50_ms=-16.5 algo_visible_p50_ms=+0.0 algo_stabilize_p50_ms=-327.2 avg_revisions=-0.07 display_note_f1=-0.006 display_offset_f1=-0.004 display_cluster_f1=-0.007 display_cluster_jaccard=+0.000
    failure buckets: ['boundary_miss_failure', 'high_revision_slow_stabilization', 'note_value_offset_failure']
      boundary diagnostics: missed=5 by_arm={'control': 5, 'treatment': 5} tags={'control_boundary_miss': 5, 'no_control_coarse_candidate': 5}
        miss: pitch=78 onset=2.499s boundary_delta_ms=+98.7 control_coarse=False treatment_coarse=False retro=n/a
        miss: pitch=68 onset=4.201s boundary_delta_ms=+0.5 control_coarse=False treatment_coarse=False retro=n/a
        miss: pitch=54 onset=4.757s boundary_delta_ms=-43.5 control_coarse=False treatment_coarse=False retro=n/a
        ... 2 more missed boundary notes in diagnostics JSON
[TIMING] EnhancedMel.transcribe: audio_to_gpu=0.3ms, features=0.6ms, model=10.3ms, decode=1.4ms | TOTAL=12.6ms for 600ms audio (RTF=0.02x)
[TIMING] stream_chunk[experiment-a5d8a065a7f54b0d82dc4987c3b10b24](live_neural): decode=0.2ms, inference=15.1ms, second_pass=0.0ms, contention=0.0ms, TOTAL=15.3ms | audio=600ms, RTF=0.03x | model=enhanced_mel, neural_total=14.6ms, model_inference=10.3ms
[TIMING] EnhancedMel.transcribe: audio_to_gpu=0.1ms, features=0.4ms, model=10.0ms, decode=2.4ms | TOTAL=12.9ms for 1200ms audio (RTF=0.01x)
[TIMING] stream_chunk[experiment-a5d8a065a7f54b0d82dc4987c3b10b24](live_neural): decode=0.2ms, inference=14.7ms, second_pass=0.0ms, contention=0.0ms, TOTAL=15.0ms | audio=600ms, RTF=0.02x | model=enhanced_mel, neural_total=14.3ms, model_inference=10.0ms
[TIMING] EnhancedMel.transcribe: audio_to_gpu=0.2ms, features=0.4ms, model=10.9ms, decode=3.4ms | TOTAL=14.9ms for 1800ms audio (RTF=0.01x)
[TIMING] stream_chunk[experiment-a5d8a065a7f54b0d82dc4987c3b10b24](live_neural): decode=0.1ms, inference=16.8ms, second_pass=0.0ms, contention=0.0ms, TOTAL=17.0ms | audio=600ms, RTF=0.03x | model=enhanced_mel, neural_total=16.4ms, model_inference=10.9ms
[TIMING] EnhancedMel.transcribe: audio_to_gpu=0.2ms, features=0.4ms, model=11.0ms, decode=4.7ms | TOTAL=16.2ms for 2400ms audio (RTF=0.01x)
[TIMING] stream_chunk[experiment-a5d8a065a7f54b0d82dc4987c3b10b24](live_neural): decode=0.1ms, inference=18.2ms, second_pass=0.0ms, contention=0.0ms, TOTAL=18.4ms | audio=600ms, RTF=0.03x | model=enhanced_mel, neural_total=17.8ms, model_inference=11.0ms
[TIMING] EnhancedMel.transcribe: audio_to_gpu=0.2ms, features=0.4ms, model=11.9ms, decode=5.2ms | TOTAL=17.6ms for 3000ms audio (RTF=0.01x)
[TIMING] stream_chunk[experiment-a5d8a065a7f54b0d82dc4987c3b10b24](live_neural): decode=0.1ms, inference=20.6ms, second_pass=0.0ms, contention=0.0ms, TOTAL=20.9ms | audio=600ms, RTF=0.03x | model=enhanced_mel, neural_total=20.3ms, model_inference=11.9ms
[TIMING] EnhancedMel.transcribe: audio_to_gpu=0.3ms, features=0.5ms, model=11.5ms, decode=6.2ms | TOTAL=18.6ms for 3000ms audio (RTF=0.01x)
[TIMING] stream_chunk[experiment-a5d8a065a7f54b0d82dc4987c3b10b24](live_neural): decode=0.2ms, inference=20.9ms, second_pass=0.0ms, contention=0.0ms, TOTAL=21.3ms | audio=600ms, RTF=0.04x | model=enhanced_mel, neural_total=20.5ms, model_inference=11.5ms
[TIMING] EnhancedMel.transcribe: audio_to_gpu=0.2ms, features=1.0ms, model=11.9ms, decode=5.8ms | TOTAL=19.0ms for 3000ms audio (RTF=0.01x)
[TIMING] stream_chunk[experiment-a5d8a065a7f54b0d82dc4987c3b10b24](live_neural): decode=0.1ms, inference=21.5ms, second_pass=0.0ms, contention=0.0ms, TOTAL=21.8ms | audio=600ms, RTF=0.04x | model=enhanced_mel, neural_total=20.9ms, model_inference=11.9ms
[TIMING] EnhancedMel.transcribe: audio_to_gpu=0.2ms, features=0.4ms, model=11.5ms, decode=5.3ms | TOTAL=17.4ms for 3000ms audio (RTF=0.01x)
[TIMING] stream_chunk[experiment-a5d8a065a7f54b0d82dc4987c3b10b24](live_neural): decode=0.1ms, inference=19.6ms, second_pass=0.0ms, contention=0.0ms, TOTAL=20.0ms | audio=600ms, RTF=0.03x | model=enhanced_mel, neural_total=19.2ms, model_inference=11.5ms
[TIMING] EnhancedMel.transcribe: audio_to_gpu=0.3ms, features=0.5ms, model=13.1ms, decode=5.4ms | TOTAL=19.4ms for 3000ms audio (RTF=0.01x)
[TIMING] stream_chunk[experiment-a5d8a065a7f54b0d82dc4987c3b10b24](live_neural): decode=0.1ms, inference=21.7ms, second_pass=0.0ms, contention=0.0ms, TOTAL=22.1ms | audio=600ms, RTF=0.04x | model=enhanced_mel, neural_total=21.3ms, model_inference=13.1ms
[TIMING] EnhancedMel.transcribe: audio_to_gpu=0.4ms, features=0.5ms, model=12.6ms, decode=5.5ms | TOTAL=19.0ms for 3000ms audio (RTF=0.01x)
[TIMING] stream_chunk[experiment-a5d8a065a7f54b0d82dc4987c3b10b24](live_neural): decode=0.1ms, inference=21.5ms, second_pass=0.0ms, contention=0.0ms, TOTAL=21.9ms | audio=600ms, RTF=0.04x | model=enhanced_mel, neural_total=20.9ms, model_inference=12.6ms
[TIMING] EnhancedMel.transcribe: audio_to_gpu=0.5ms, features=0.8ms, model=17.5ms, decode=1.4ms | TOTAL=20.2ms for 600ms audio (RTF=0.03x)
[TIMING] stream_chunk[experiment-b54f6528743647a595b33bb44212728f](live_neural): decode=0.1ms, inference=21.9ms, second_pass=0.0ms, contention=0.0ms, TOTAL=22.1ms | audio=600ms, RTF=0.04x | model=enhanced_mel, neural_total=21.4ms, model_inference=17.5ms
[TIMING] EnhancedMel.transcribe: audio_to_gpu=0.2ms, features=0.3ms, model=9.9ms, decode=2.4ms | TOTAL=12.8ms for 1200ms audio (RTF=0.01x)
[TIMING] stream_chunk[experiment-b54f6528743647a595b33bb44212728f](live_neural): decode=0.1ms, inference=14.4ms, second_pass=0.0ms, contention=0.0ms, TOTAL=14.7ms | audio=600ms, RTF=0.02x | model=enhanced_mel, neural_total=14.1ms, model_inference=9.9ms
[TIMING] EnhancedMel.transcribe: audio_to_gpu=0.2ms, features=0.4ms, model=11.4ms, decode=3.3ms | TOTAL=15.3ms for 1800ms audio (RTF=0.01x)
[TIMING] stream_chunk[experiment-b54f6528743647a595b33bb44212728f](live_neural): decode=0.1ms, inference=17.0ms, second_pass=0.0ms, contention=0.0ms, TOTAL=17.3ms | audio=600ms, RTF=0.03x | model=enhanced_mel, neural_total=16.7ms, model_inference=11.4ms
[TIMING] EnhancedMel.transcribe: audio_to_gpu=0.2ms, features=0.4ms, model=11.9ms, decode=4.2ms | TOTAL=16.9ms for 2400ms audio (RTF=0.01x)
[TIMING] stream_chunk[experiment-b54f6528743647a595b33bb44212728f](live_neural): decode=0.1ms, inference=19.8ms, second_pass=0.0ms, contention=0.0ms, TOTAL=20.0ms | audio=600ms, RTF=0.03x | model=enhanced_mel, neural_total=19.4ms, model_inference=11.9ms
[TIMING] EnhancedMel.transcribe: audio_to_gpu=0.4ms, features=0.5ms, model=11.7ms, decode=5.3ms | TOTAL=17.8ms for 3000ms audio (RTF=0.01x)
[TIMING] stream_chunk[experiment-b54f6528743647a595b33bb44212728f](live_neural): decode=0.2ms, inference=20.2ms, second_pass=0.0ms, contention=0.0ms, TOTAL=20.5ms | audio=600ms, RTF=0.03x | model=enhanced_mel, neural_total=19.8ms, model_inference=11.7ms
[TIMING] EnhancedMel.transcribe: audio_to_gpu=0.2ms, features=0.6ms, model=13.3ms, decode=5.2ms | TOTAL=19.4ms for 3000ms audio (RTF=0.01x)
[TIMING] stream_chunk[experiment-b54f6528743647a595b33bb44212728f](live_neural): decode=0.1ms, inference=23.0ms, second_pass=0.0ms, contention=0.0ms, TOTAL=23.2ms | audio=600ms, RTF=0.04x | model=enhanced_mel, neural_total=22.6ms, model_inference=13.3ms
[TIMING] EnhancedMel.transcribe: audio_to_gpu=0.3ms, features=0.5ms, model=11.6ms, decode=5.2ms | TOTAL=17.6ms for 3000ms audio (RTF=0.01x)
[TIMING] stream_chunk[experiment-b54f6528743647a595b33bb44212728f](live_neural): decode=0.1ms, inference=19.8ms, second_pass=0.0ms, contention=0.0ms, TOTAL=20.0ms | audio=600ms, RTF=0.03x | model=enhanced_mel, neural_total=19.4ms, model_inference=11.6ms
[TIMING] EnhancedMel.transcribe: audio_to_gpu=0.2ms, features=0.5ms, model=12.4ms, decode=5.6ms | TOTAL=18.8ms for 3000ms audio (RTF=0.01x)
[TIMING] stream_chunk[experiment-b54f6528743647a595b33bb44212728f](live_neural): decode=0.1ms, inference=23.0ms, second_pass=0.0ms, contention=0.0ms, TOTAL=23.3ms | audio=600ms, RTF=0.04x | model=enhanced_mel, neural_total=22.7ms, model_inference=12.4ms
[TIMING] EnhancedMel.transcribe: audio_to_gpu=0.3ms, features=0.6ms, model=11.4ms, decode=5.8ms | TOTAL=18.1ms for 3000ms audio (RTF=0.01x)
[TIMING] stream_chunk[experiment-b54f6528743647a595b33bb44212728f](live_neural): decode=0.1ms, inference=22.0ms, second_pass=0.0ms, contention=0.0ms, TOTAL=22.3ms | audio=600ms, RTF=0.04x | model=enhanced_mel, neural_total=21.4ms, model_inference=11.4ms
[TIMING] EnhancedMel.transcribe: audio_to_gpu=0.3ms, features=0.5ms, model=11.7ms, decode=5.5ms | TOTAL=18.1ms for 3000ms audio (RTF=0.01x)
[TIMING] stream_chunk[experiment-b54f6528743647a595b33bb44212728f](live_neural): decode=0.1ms, inference=20.5ms, second_pass=0.0ms, contention=0.0ms, TOTAL=20.8ms | audio=600ms, RTF=0.03x | model=enhanced_mel, neural_total=20.1ms, model_inference=11.7ms

[CLIP_036] Sonata in D Major, K96
  excerpt: start=15.00s end=21.00s duration=6.00s gt_notes=81 rms=0.0569 peak=0.4561 crest=8.016 rms_std=0.0258
    control:
      note metrics: precision=0.938 recall=0.926 f1=0.932 matched=75/81 pred=80
      strict onset f1: 10ms=0.733 20ms=0.932 30ms=0.932
      timing metrics: offset_f1=0.820 rhythm_precision=0.880 note_value_acc=0.667 note_value_n=75 avg_beat_error=0.118
      duplicate metrics: duplicates=3 per_100_notes=3.75
      boundary metrics: gt=17 matched=17 missed=0 miss_rate=0.000
      latency: avg_chunk_ms=19.35 p95_chunk_ms=21.98 avg_rtf=0.032
      notation metrics: first_correct_ms=80.8 visible_p50_ms=366.9 visible_p95_ms=621.5 stabilize_p50_ms=1269.2 stabilize_p95_ms=2561.2 avg_revisions=1.44 matched=32 refined=32 snapshots=17
      algorithmic latency: first_correct_ms=59.9 visible_p50_ms=346.0 visible_p95_ms=600.9 stabilize_p50_ms=846.4 stabilize_p95_ms=2181.2
      final display note metrics: precision=0.974 recall=0.926 f1=0.949 matched=75/81 pred=77
      final display strict onset f1: 10ms=0.747 20ms=0.949 30ms=0.949
      final display timing: offset_f1=0.835 rhythm_precision=0.880 note_value_acc=0.547 note_value_n=75 avg_beat_error=0.172
      final display structure: cluster_f1=0.667 onset_align_recall=0.867 avg_jaccard=0.891 exact=28/45 pred=39 over=7 under=4 pitch_conflicts=0 missed_gt=6
      threshold profiles: hit_rate=0.000 thresholds=[0.75] profiles={'fixed_baseline': 10}
    treatment:
      note metrics: precision=0.938 recall=0.926 f1=0.932 matched=75/81 pred=80
      strict onset f1: 10ms=0.733 20ms=0.932 30ms=0.932
      timing metrics: offset_f1=0.820 rhythm_precision=0.880 note_value_acc=0.667 note_value_n=75 avg_beat_error=0.118
      duplicate metrics: duplicates=3 per_100_notes=3.75
      boundary metrics: gt=17 matched=17 missed=0 miss_rate=0.000
      latency: avg_chunk_ms=20.42 p95_chunk_ms=23.25 avg_rtf=0.034
      notation metrics: first_correct_ms=80.4 visible_p50_ms=368.0 visible_p95_ms=624.1 stabilize_p50_ms=1269.2 stabilize_p95_ms=2561.2 avg_revisions=1.44 matched=32 refined=32 snapshots=17
      algorithmic latency: first_correct_ms=59.9 visible_p50_ms=346.0 visible_p95_ms=600.9 stabilize_p50_ms=846.4 stabilize_p95_ms=2181.2
      final display note metrics: precision=0.974 recall=0.926 f1=0.949 matched=75/81 pred=77
      final display strict onset f1: 10ms=0.747 20ms=0.949 30ms=0.949
      final display timing: offset_f1=0.835 rhythm_precision=0.880 note_value_acc=0.547 note_value_n=75 avg_beat_error=0.172
      final display structure: cluster_f1=0.667 onset_align_recall=0.867 avg_jaccard=0.891 exact=28/45 pred=39 over=7 under=4 pitch_conflicts=0 missed_gt=6
      threshold profiles: hit_rate=0.000 thresholds=[0.75] profiles={'baseline_nominal': 10}
    delta treatment-control: precision=+0.000 recall=+0.000 f1=+0.000 offset_f1=+0.000 note_value_acc=+0.000 dup_per_100=+0.00 boundary_miss_rate=+0.000 p95_chunk_ms=+1.27 f1_10ms=+0.000 f1_20ms=+0.000 f1_30ms=+0.000 visible_p50_ms=+1.1 stabilize_p50_ms=-0.0 algo_visible_p50_ms=+0.0 algo_stabilize_p50_ms=+0.0 avg_revisions=+0.00 display_note_f1=+0.000 display_offset_f1=+0.000 display_cluster_f1=+0.000 display_cluster_jaccard=+0.000
    failure buckets: ['high_revision_slow_stabilization']
[TIMING] EnhancedMel.transcribe: audio_to_gpu=1.0ms, features=0.6ms, model=11.0ms, decode=1.3ms | TOTAL=14.0ms for 600ms audio (RTF=0.02x)
[TIMING] stream_chunk[experiment-dea9716bf2af4e1db46a4bb9510b1e66](live_neural): decode=0.2ms, inference=15.8ms, second_pass=0.0ms, contention=0.0ms, TOTAL=16.1ms | audio=600ms, RTF=0.03x | model=enhanced_mel, neural_total=15.3ms, model_inference=11.0ms
[TIMING] EnhancedMel.transcribe: audio_to_gpu=0.2ms, features=0.6ms, model=24.9ms, decode=2.5ms | TOTAL=28.2ms for 1200ms audio (RTF=0.02x)
[TIMING] stream_chunk[experiment-dea9716bf2af4e1db46a4bb9510b1e66](live_neural): decode=0.1ms, inference=30.1ms, second_pass=0.0ms, contention=0.0ms, TOTAL=30.4ms | audio=600ms, RTF=0.05x | model=enhanced_mel, neural_total=29.6ms, model_inference=24.9ms
[TIMING] EnhancedMel.transcribe: audio_to_gpu=0.2ms, features=0.4ms, model=11.0ms, decode=3.5ms | TOTAL=15.0ms for 1800ms audio (RTF=0.01x)
[TIMING] stream_chunk[experiment-dea9716bf2af4e1db46a4bb9510b1e66](live_neural): decode=0.2ms, inference=17.2ms, second_pass=0.0ms, contention=0.0ms, TOTAL=17.5ms | audio=600ms, RTF=0.03x | model=enhanced_mel, neural_total=16.9ms, model_inference=11.0ms
[TIMING] EnhancedMel.transcribe: audio_to_gpu=0.3ms, features=0.5ms, model=11.6ms, decode=5.2ms | TOTAL=17.6ms for 2400ms audio (RTF=0.01x)
[TIMING] stream_chunk[experiment-dea9716bf2af4e1db46a4bb9510b1e66](live_neural): decode=0.1ms, inference=20.6ms, second_pass=0.0ms, contention=0.0ms, TOTAL=20.9ms | audio=600ms, RTF=0.03x | model=enhanced_mel, neural_total=20.2ms, model_inference=11.6ms
[TIMING] EnhancedMel.transcribe: audio_to_gpu=0.2ms, features=0.4ms, model=12.1ms, decode=5.5ms | TOTAL=18.3ms for 3000ms audio (RTF=0.01x)
[TIMING] stream_chunk[experiment-dea9716bf2af4e1db46a4bb9510b1e66](live_neural): decode=0.1ms, inference=20.6ms, second_pass=0.0ms, contention=0.0ms, TOTAL=21.0ms | audio=600ms, RTF=0.03x | model=enhanced_mel, neural_total=20.2ms, model_inference=12.1ms
[TIMING] EnhancedMel.transcribe: audio_to_gpu=0.2ms, features=0.5ms, model=14.1ms, decode=5.7ms | TOTAL=20.5ms for 3000ms audio (RTF=0.01x)
[TIMING] stream_chunk[experiment-dea9716bf2af4e1db46a4bb9510b1e66](live_neural): decode=0.1ms, inference=22.8ms, second_pass=0.0ms, contention=0.0ms, TOTAL=23.1ms | audio=600ms, RTF=0.04x | model=enhanced_mel, neural_total=22.4ms, model_inference=14.1ms
[TIMING] EnhancedMel.transcribe: audio_to_gpu=0.3ms, features=0.5ms, model=11.3ms, decode=5.6ms | TOTAL=17.7ms for 3000ms audio (RTF=0.01x)
[TIMING] stream_chunk[experiment-dea9716bf2af4e1db46a4bb9510b1e66](live_neural): decode=0.1ms, inference=21.4ms, second_pass=0.0ms, contention=0.0ms, TOTAL=21.7ms | audio=600ms, RTF=0.04x | model=enhanced_mel, neural_total=20.8ms, model_inference=11.3ms
[TIMING] EnhancedMel.transcribe: audio_to_gpu=0.4ms, features=0.5ms, model=12.9ms, decode=5.8ms | TOTAL=19.6ms for 3000ms audio (RTF=0.01x)
[TIMING] stream_chunk[experiment-dea9716bf2af4e1db46a4bb9510b1e66](live_neural): decode=0.1ms, inference=22.0ms, second_pass=0.0ms, contention=0.0ms, TOTAL=22.3ms | audio=600ms, RTF=0.04x | model=enhanced_mel, neural_total=21.5ms, model_inference=12.9ms
[TIMING] EnhancedMel.transcribe: audio_to_gpu=0.3ms, features=3.2ms, model=12.7ms, decode=6.1ms | TOTAL=22.3ms for 3000ms audio (RTF=0.01x)
[TIMING] stream_chunk[experiment-dea9716bf2af4e1db46a4bb9510b1e66](live_neural): decode=0.2ms, inference=25.2ms, second_pass=0.0ms, contention=0.0ms, TOTAL=25.6ms | audio=600ms, RTF=0.04x | model=enhanced_mel, neural_total=24.8ms, model_inference=12.7ms
[TIMING] EnhancedMel.transcribe: audio_to_gpu=0.5ms, features=0.7ms, model=17.7ms, decode=5.6ms | TOTAL=24.5ms for 3000ms audio (RTF=0.01x)
[TIMING] stream_chunk[experiment-dea9716bf2af4e1db46a4bb9510b1e66](live_neural): decode=0.1ms, inference=26.9ms, second_pass=0.0ms, contention=0.0ms, TOTAL=27.3ms | audio=600ms, RTF=0.05x | model=enhanced_mel, neural_total=26.4ms, model_inference=17.7ms
[TIMING] EnhancedMel.transcribe: audio_to_gpu=0.4ms, features=0.5ms, model=9.7ms, decode=1.3ms | TOTAL=12.0ms for 600ms audio (RTF=0.02x)
[TIMING] stream_chunk[experiment-5ed0b531c3a042fba4663ff900a4cd90](live_neural): decode=0.2ms, inference=13.5ms, second_pass=0.0ms, contention=0.0ms, TOTAL=13.8ms | audio=600ms, RTF=0.02x | model=enhanced_mel, neural_total=13.2ms, model_inference=9.7ms
[TIMING] EnhancedMel.transcribe: audio_to_gpu=0.2ms, features=0.4ms, model=10.3ms, decode=2.4ms | TOTAL=13.3ms for 1200ms audio (RTF=0.01x)
[TIMING] stream_chunk[experiment-5ed0b531c3a042fba4663ff900a4cd90](live_neural): decode=0.2ms, inference=15.2ms, second_pass=0.0ms, contention=0.0ms, TOTAL=15.6ms | audio=600ms, RTF=0.03x | model=enhanced_mel, neural_total=14.9ms, model_inference=10.3ms
[TIMING] EnhancedMel.transcribe: audio_to_gpu=0.2ms, features=0.5ms, model=11.2ms, decode=3.5ms | TOTAL=15.4ms for 1800ms audio (RTF=0.01x)
[TIMING] stream_chunk[experiment-5ed0b531c3a042fba4663ff900a4cd90](live_neural): decode=0.1ms, inference=18.3ms, second_pass=0.0ms, contention=0.0ms, TOTAL=18.6ms | audio=600ms, RTF=0.03x | model=enhanced_mel, neural_total=17.8ms, model_inference=11.2ms
[TIMING] EnhancedMel.transcribe: audio_to_gpu=0.3ms, features=0.5ms, model=11.7ms, decode=4.4ms | TOTAL=16.8ms for 2400ms audio (RTF=0.01x)
[TIMING] stream_chunk[experiment-5ed0b531c3a042fba4663ff900a4cd90](live_neural): decode=0.1ms, inference=19.0ms, second_pass=0.0ms, contention=0.0ms, TOTAL=19.2ms | audio=600ms, RTF=0.03x | model=enhanced_mel, neural_total=18.6ms, model_inference=11.7ms
[TIMING] EnhancedMel.transcribe: audio_to_gpu=0.2ms, features=0.5ms, model=12.0ms, decode=6.6ms | TOTAL=19.3ms for 3000ms audio (RTF=0.01x)
[TIMING] stream_chunk[experiment-5ed0b531c3a042fba4663ff900a4cd90](live_neural): decode=0.1ms, inference=23.8ms, second_pass=0.0ms, contention=0.0ms, TOTAL=24.1ms | audio=600ms, RTF=0.04x | model=enhanced_mel, neural_total=23.4ms, model_inference=12.0ms
[TIMING] EnhancedMel.transcribe: audio_to_gpu=0.2ms, features=0.5ms, model=11.9ms, decode=5.6ms | TOTAL=18.2ms for 3000ms audio (RTF=0.01x)
[TIMING] stream_chunk[experiment-5ed0b531c3a042fba4663ff900a4cd90](live_neural): decode=0.1ms, inference=20.6ms, second_pass=0.0ms, contention=0.0ms, TOTAL=20.9ms | audio=600ms, RTF=0.03x | model=enhanced_mel, neural_total=20.3ms, model_inference=11.9ms
[TIMING] EnhancedMel.transcribe: audio_to_gpu=0.3ms, features=0.6ms, model=12.7ms, decode=6.4ms | TOTAL=20.0ms for 3000ms audio (RTF=0.01x)
[TIMING] stream_chunk[experiment-5ed0b531c3a042fba4663ff900a4cd90](live_neural): decode=0.2ms, inference=23.1ms, second_pass=0.0ms, contention=0.0ms, TOTAL=23.5ms | audio=600ms, RTF=0.04x | model=enhanced_mel, neural_total=22.7ms, model_inference=12.7ms
[TIMING] EnhancedMel.transcribe: audio_to_gpu=0.3ms, features=0.6ms, model=11.9ms, decode=5.7ms | TOTAL=18.4ms for 3000ms audio (RTF=0.01x)
[TIMING] stream_chunk[experiment-5ed0b531c3a042fba4663ff900a4cd90](live_neural): decode=0.1ms, inference=21.8ms, second_pass=0.0ms, contention=0.0ms, TOTAL=22.1ms | audio=600ms, RTF=0.04x | model=enhanced_mel, neural_total=21.3ms, model_inference=11.9ms
[TIMING] EnhancedMel.transcribe: audio_to_gpu=0.5ms, features=0.7ms, model=12.6ms, decode=7.1ms | TOTAL=20.8ms for 3000ms audio (RTF=0.01x)
[TIMING] stream_chunk[experiment-5ed0b531c3a042fba4663ff900a4cd90](live_neural): decode=0.1ms, inference=23.3ms, second_pass=0.0ms, contention=0.0ms, TOTAL=23.6ms | audio=600ms, RTF=0.04x | model=enhanced_mel, neural_total=22.9ms, model_inference=12.6ms
[TIMING] EnhancedMel.transcribe: audio_to_gpu=0.3ms, features=0.5ms, model=11.9ms, decode=5.5ms | TOTAL=18.2ms for 3000ms audio (RTF=0.01x)
[TIMING] stream_chunk[experiment-5ed0b531c3a042fba4663ff900a4cd90](live_neural): decode=0.1ms, inference=21.2ms, second_pass=0.0ms, contention=0.0ms, TOTAL=21.5ms | audio=600ms, RTF=0.04x | model=enhanced_mel, neural_total=20.9ms, model_inference=11.9ms

[CLIP_037] Jardins sous la pluie from Estampes
  excerpt: start=51.00s end=57.00s duration=6.00s gt_notes=95 rms=0.1381 peak=0.6274 crest=4.544 rms_std=0.0229
    control:
      note metrics: precision=0.958 recall=0.958 f1=0.958 matched=91/95 pred=95
      strict onset f1: 10ms=0.863 20ms=0.958 30ms=0.958
      timing metrics: offset_f1=0.926 rhythm_precision=0.967 note_value_acc=0.429 note_value_n=91 avg_beat_error=0.114
      duplicate metrics: duplicates=0 per_100_notes=0.00
      boundary metrics: gt=28 matched=25 missed=3 miss_rate=0.107
      latency: avg_chunk_ms=22.58 p95_chunk_ms=28.99 avg_rtf=0.038
      notation metrics: first_correct_ms=27.6 visible_p50_ms=331.2 visible_p95_ms=584.9 stabilize_p50_ms=1530.8 stabilize_p95_ms=2013.7 avg_revisions=1.44 matched=64 refined=64 snapshots=19
      algorithmic latency: first_correct_ms=8.3 visible_p50_ms=303.3 visible_p95_ms=562.3 stabilize_p50_ms=1104.7 stabilize_p95_ms=1840.0
      final display note metrics: precision=0.957 recall=0.926 f1=0.941 matched=88/95 pred=92
      final display strict onset f1: 10ms=0.845 20ms=0.941 30ms=0.941
      final display timing: offset_f1=0.909 rhythm_precision=0.966 note_value_acc=0.182 note_value_n=88 avg_beat_error=0.102
      final display structure: cluster_f1=0.783 onset_align_recall=0.882 avg_jaccard=0.917 exact=56/76 pred=67 over=8 under=2 pitch_conflicts=1 missed_gt=9
      threshold profiles: hit_rate=0.000 thresholds=[0.75] profiles={'fixed_baseline': 10}
    treatment:
      note metrics: precision=0.957 recall=0.947 f1=0.952 matched=90/95 pred=94
      strict onset f1: 10ms=0.857 20ms=0.952 30ms=0.952
      timing metrics: offset_f1=0.921 rhythm_precision=0.967 note_value_acc=0.433 note_value_n=90 avg_beat_error=0.114
      duplicate metrics: duplicates=0 per_100_notes=0.00
      boundary metrics: gt=28 matched=24 missed=4 miss_rate=0.143
      latency: avg_chunk_ms=20.28 p95_chunk_ms=23.86 avg_rtf=0.034
      notation metrics: first_correct_ms=25.2 visible_p50_ms=322.9 visible_p95_ms=585.4 stabilize_p50_ms=1530.2 stabilize_p95_ms=2013.4 avg_revisions=1.44 matched=64 refined=64 snapshots=19
      algorithmic latency: first_correct_ms=8.3 visible_p50_ms=303.3 visible_p95_ms=562.3 stabilize_p50_ms=1104.7 stabilize_p95_ms=1840.0
      final display note metrics: precision=0.957 recall=0.926 f1=0.941 matched=88/95 pred=92
      final display strict onset f1: 10ms=0.845 20ms=0.941 30ms=0.941
      final display timing: offset_f1=0.909 rhythm_precision=0.966 note_value_acc=0.182 note_value_n=88 avg_beat_error=0.103
      final display structure: cluster_f1=0.783 onset_align_recall=0.882 avg_jaccard=0.917 exact=56/76 pred=67 over=8 under=2 pitch_conflicts=1 missed_gt=9
      threshold profiles: hit_rate=1.000 thresholds=[0.77] profiles={'loud_dense_precision': 10}
    delta treatment-control: precision=-0.000 recall=-0.011 f1=-0.006 offset_f1=-0.006 note_value_acc=+0.005 dup_per_100=+0.00 boundary_miss_rate=+0.036 p95_chunk_ms=-5.13 f1_10ms=-0.006 f1_20ms=-0.006 f1_30ms=-0.006 visible_p50_ms=-8.4 stabilize_p50_ms=-0.6 algo_visible_p50_ms=+0.0 algo_stabilize_p50_ms=+0.0 avg_revisions=+0.00 display_note_f1=+0.000 display_offset_f1=+0.000 display_cluster_f1=+0.000 display_cluster_jaccard=+0.000
    failure buckets: ['boundary_miss_failure', 'high_revision_slow_stabilization', 'note_value_offset_failure']
      boundary diagnostics: missed=4 by_arm={'control': 3, 'treatment': 4} tags={'control_boundary_miss': 3, 'control_timing_or_quantization_drift': 1, 'no_control_coarse_candidate': 2, 'treatment_candidate_not_retained': 1}
        miss: pitch=79 onset=1.185s boundary_delta_ms=-15.1 control_coarse=False treatment_coarse=False retro=n/a
        miss: pitch=72 onset=1.730s boundary_delta_ms=-69.5 control_coarse=True treatment_coarse=True retro=n/a
        miss: pitch=84 onset=1.789s boundary_delta_ms=-10.9 control_coarse=True treatment_coarse=False retro=n/a
        ... 1 more missed boundary notes in diagnostics JSON
[TIMING] EnhancedMel.transcribe: audio_to_gpu=0.6ms, features=0.5ms, model=10.3ms, decode=1.3ms | TOTAL=12.7ms for 600ms audio (RTF=0.02x)
[TIMING] stream_chunk[experiment-44018042a5424bc8832f331c3a4d3b66](live_neural): decode=0.2ms, inference=14.4ms, second_pass=0.0ms, contention=0.0ms, TOTAL=14.6ms | audio=600ms, RTF=0.02x | model=enhanced_mel, neural_total=13.9ms, model_inference=10.3ms
[TIMING] EnhancedMel.transcribe: audio_to_gpu=0.2ms, features=0.5ms, model=10.5ms, decode=2.3ms | TOTAL=13.5ms for 1200ms audio (RTF=0.01x)
[TIMING] stream_chunk[experiment-44018042a5424bc8832f331c3a4d3b66](live_neural): decode=0.2ms, inference=15.8ms, second_pass=0.0ms, contention=0.0ms, TOTAL=16.1ms | audio=600ms, RTF=0.03x | model=enhanced_mel, neural_total=15.2ms, model_inference=10.5ms
[TIMING] EnhancedMel.transcribe: audio_to_gpu=0.2ms, features=0.4ms, model=11.4ms, decode=3.2ms | TOTAL=15.3ms for 1800ms audio (RTF=0.01x)
[TIMING] stream_chunk[experiment-44018042a5424bc8832f331c3a4d3b66](live_neural): decode=0.1ms, inference=17.0ms, second_pass=0.0ms, contention=0.0ms, TOTAL=17.3ms | audio=600ms, RTF=0.03x | model=enhanced_mel, neural_total=16.7ms, model_inference=11.4ms
[TIMING] EnhancedMel.transcribe: audio_to_gpu=0.2ms, features=0.4ms, model=11.5ms, decode=4.2ms | TOTAL=16.3ms for 2400ms audio (RTF=0.01x)
[TIMING] stream_chunk[experiment-44018042a5424bc8832f331c3a4d3b66](live_neural): decode=0.1ms, inference=19.0ms, second_pass=0.0ms, contention=0.0ms, TOTAL=19.3ms | audio=600ms, RTF=0.03x | model=enhanced_mel, neural_total=18.6ms, model_inference=11.5ms
[TIMING] EnhancedMel.transcribe: audio_to_gpu=0.4ms, features=0.5ms, model=12.3ms, decode=5.3ms | TOTAL=18.6ms for 3000ms audio (RTF=0.01x)
[TIMING] stream_chunk[experiment-44018042a5424bc8832f331c3a4d3b66](live_neural): decode=0.2ms, inference=20.9ms, second_pass=0.0ms, contention=0.0ms, TOTAL=21.2ms | audio=600ms, RTF=0.04x | model=enhanced_mel, neural_total=20.5ms, model_inference=12.3ms
[TIMING] EnhancedMel.transcribe: audio_to_gpu=0.3ms, features=0.6ms, model=11.7ms, decode=5.4ms | TOTAL=17.9ms for 3000ms audio (RTF=0.01x)
[TIMING] stream_chunk[experiment-44018042a5424bc8832f331c3a4d3b66](live_neural): decode=0.1ms, inference=20.3ms, second_pass=0.0ms, contention=0.0ms, TOTAL=20.6ms | audio=600ms, RTF=0.03x | model=enhanced_mel, neural_total=20.0ms, model_inference=11.7ms
[TIMING] EnhancedMel.transcribe: audio_to_gpu=0.3ms, features=0.7ms, model=11.7ms, decode=6.0ms | TOTAL=18.6ms for 3000ms audio (RTF=0.01x)
[TIMING] stream_chunk[experiment-44018042a5424bc8832f331c3a4d3b66](live_neural): decode=0.1ms, inference=21.8ms, second_pass=0.0ms, contention=0.0ms, TOTAL=22.1ms | audio=600ms, RTF=0.04x | model=enhanced_mel, neural_total=21.5ms, model_inference=11.7ms
[TIMING] EnhancedMel.transcribe: audio_to_gpu=0.3ms, features=0.5ms, model=12.0ms, decode=5.9ms | TOTAL=18.7ms for 3000ms audio (RTF=0.01x)
[TIMING] stream_chunk[experiment-44018042a5424bc8832f331c3a4d3b66](live_neural): decode=0.1ms, inference=21.4ms, second_pass=0.0ms, contention=0.0ms, TOTAL=21.7ms | audio=600ms, RTF=0.04x | model=enhanced_mel, neural_total=20.9ms, model_inference=12.0ms
[TIMING] EnhancedMel.transcribe: audio_to_gpu=0.3ms, features=0.7ms, model=12.8ms, decode=5.8ms | TOTAL=19.6ms for 3000ms audio (RTF=0.01x)
[TIMING] stream_chunk[experiment-44018042a5424bc8832f331c3a4d3b66](live_neural): decode=0.1ms, inference=23.3ms, second_pass=0.0ms, contention=0.0ms, TOTAL=23.7ms | audio=600ms, RTF=0.04x | model=enhanced_mel, neural_total=22.8ms, model_inference=12.8ms
[TIMING] EnhancedMel.transcribe: audio_to_gpu=0.3ms, features=0.5ms, model=12.5ms, decode=5.6ms | TOTAL=18.9ms for 3000ms audio (RTF=0.01x)
[TIMING] stream_chunk[experiment-44018042a5424bc8832f331c3a4d3b66](live_neural): decode=0.1ms, inference=21.4ms, second_pass=0.0ms, contention=0.0ms, TOTAL=21.7ms | audio=600ms, RTF=0.04x | model=enhanced_mel, neural_total=20.9ms, model_inference=12.5ms
[TIMING] EnhancedMel.transcribe: audio_to_gpu=0.4ms, features=0.6ms, model=10.3ms, decode=1.3ms | TOTAL=12.6ms for 600ms audio (RTF=0.02x)
[TIMING] stream_chunk[experiment-5e970970bed444f68d37b7c1bbcf9b70](live_neural): decode=0.1ms, inference=14.7ms, second_pass=0.0ms, contention=0.0ms, TOTAL=14.9ms | audio=600ms, RTF=0.02x | model=enhanced_mel, neural_total=14.3ms, model_inference=10.3ms
[TIMING] EnhancedMel.transcribe: audio_to_gpu=0.1ms, features=0.3ms, model=9.5ms, decode=2.3ms | TOTAL=12.2ms for 1200ms audio (RTF=0.01x)
[TIMING] stream_chunk[experiment-5e970970bed444f68d37b7c1bbcf9b70](live_neural): decode=0.1ms, inference=14.1ms, second_pass=0.0ms, contention=0.0ms, TOTAL=14.3ms | audio=600ms, RTF=0.02x | model=enhanced_mel, neural_total=13.6ms, model_inference=9.5ms
[TIMING] EnhancedMel.transcribe: audio_to_gpu=0.1ms, features=0.4ms, model=10.7ms, decode=3.2ms | TOTAL=14.5ms for 1800ms audio (RTF=0.01x)
[TIMING] stream_chunk[experiment-5e970970bed444f68d37b7c1bbcf9b70](live_neural): decode=0.1ms, inference=16.8ms, second_pass=0.0ms, contention=0.0ms, TOTAL=17.0ms | audio=600ms, RTF=0.03x | model=enhanced_mel, neural_total=16.5ms, model_inference=10.7ms
[TIMING] EnhancedMel.transcribe: audio_to_gpu=0.1ms, features=0.3ms, model=11.3ms, decode=4.3ms | TOTAL=16.1ms for 2400ms audio (RTF=0.01x)
[TIMING] stream_chunk[experiment-5e970970bed444f68d37b7c1bbcf9b70](live_neural): decode=0.1ms, inference=18.2ms, second_pass=0.0ms, contention=0.0ms, TOTAL=18.4ms | audio=600ms, RTF=0.03x | model=enhanced_mel, neural_total=17.8ms, model_inference=11.3ms
[TIMING] EnhancedMel.transcribe: audio_to_gpu=0.2ms, features=0.5ms, model=12.4ms, decode=5.3ms | TOTAL=18.4ms for 3000ms audio (RTF=0.01x)
[TIMING] stream_chunk[experiment-5e970970bed444f68d37b7c1bbcf9b70](live_neural): decode=0.1ms, inference=21.4ms, second_pass=0.0ms, contention=0.0ms, TOTAL=21.8ms | audio=600ms, RTF=0.04x | model=enhanced_mel, neural_total=21.0ms, model_inference=12.4ms
[TIMING] EnhancedMel.transcribe: audio_to_gpu=0.3ms, features=0.6ms, model=11.3ms, decode=5.5ms | TOTAL=17.8ms for 3000ms audio (RTF=0.01x)
[TIMING] stream_chunk[experiment-5e970970bed444f68d37b7c1bbcf9b70](live_neural): decode=0.1ms, inference=20.0ms, second_pass=0.0ms, contention=0.0ms, TOTAL=20.3ms | audio=600ms, RTF=0.03x | model=enhanced_mel, neural_total=19.7ms, model_inference=11.3ms
[TIMING] EnhancedMel.transcribe: audio_to_gpu=0.3ms, features=0.6ms, model=11.7ms, decode=5.4ms | TOTAL=18.0ms for 3000ms audio (RTF=0.01x)
[TIMING] stream_chunk[experiment-5e970970bed444f68d37b7c1bbcf9b70](live_neural): decode=0.1ms, inference=21.8ms, second_pass=0.0ms, contention=0.0ms, TOTAL=22.1ms | audio=600ms, RTF=0.04x | model=enhanced_mel, neural_total=21.4ms, model_inference=11.7ms
[TIMING] EnhancedMel.transcribe: audio_to_gpu=0.2ms, features=0.5ms, model=11.8ms, decode=5.9ms | TOTAL=18.4ms for 3000ms audio (RTF=0.01x)
[TIMING] stream_chunk[experiment-5e970970bed444f68d37b7c1bbcf9b70](live_neural): decode=0.1ms, inference=21.8ms, second_pass=0.0ms, contention=0.0ms, TOTAL=22.2ms | audio=600ms, RTF=0.04x | model=enhanced_mel, neural_total=21.4ms, model_inference=11.8ms
[TIMING] EnhancedMel.transcribe: audio_to_gpu=0.3ms, features=0.5ms, model=11.7ms, decode=5.7ms | TOTAL=18.2ms for 3000ms audio (RTF=0.01x)
[TIMING] stream_chunk[experiment-5e970970bed444f68d37b7c1bbcf9b70](live_neural): decode=0.2ms, inference=21.0ms, second_pass=0.0ms, contention=0.0ms, TOTAL=21.5ms | audio=600ms, RTF=0.04x | model=enhanced_mel, neural_total=20.7ms, model_inference=11.7ms
[TIMING] EnhancedMel.transcribe: audio_to_gpu=0.2ms, features=0.5ms, model=20.0ms, decode=5.6ms | TOTAL=26.3ms for 3000ms audio (RTF=0.01x)
[TIMING] stream_chunk[experiment-5e970970bed444f68d37b7c1bbcf9b70](live_neural): decode=0.1ms, inference=28.7ms, second_pass=0.0ms, contention=0.0ms, TOTAL=29.0ms | audio=600ms, RTF=0.05x | model=enhanced_mel, neural_total=28.2ms, model_inference=20.0ms

[CLIP_038] Sonata in D Major, K. 118
  excerpt: start=42.00s end=48.00s duration=6.00s gt_notes=81 rms=0.0337 peak=0.1839 crest=5.448 rms_std=0.0097
    control:
      note metrics: precision=0.952 recall=0.988 f1=0.970 matched=80/81 pred=84
      strict onset f1: 10ms=0.812 20ms=0.958 30ms=0.970
      timing metrics: offset_f1=0.958 rhythm_precision=0.975 note_value_acc=0.375 note_value_n=80 avg_beat_error=0.080
      duplicate metrics: duplicates=1 per_100_notes=1.19
      boundary metrics: gt=25 matched=25 missed=0 miss_rate=0.000
      latency: avg_chunk_ms=19.84 p95_chunk_ms=22.98 avg_rtf=0.033
      notation metrics: first_correct_ms=33.9 visible_p50_ms=341.2 visible_p95_ms=612.1 stabilize_p50_ms=1817.8 stabilize_p95_ms=2373.7 avg_revisions=2.02 matched=45 refined=45 snapshots=20
      algorithmic latency: first_correct_ms=12.2 visible_p50_ms=319.5 visible_p95_ms=591.8 stabilize_p50_ms=1230.2 stabilize_p95_ms=1814.9
      final display note metrics: precision=0.974 recall=0.938 f1=0.956 matched=76/81 pred=78
      final display strict onset f1: 10ms=0.818 20ms=0.956 30ms=0.956
      final display timing: offset_f1=0.943 rhythm_precision=0.987 note_value_acc=0.461 note_value_n=76 avg_beat_error=0.079
      final display structure: cluster_f1=0.917 onset_align_recall=0.964 avg_jaccard=0.972 exact=50/55 pred=54 over=0 under=2 pitch_conflicts=1 missed_gt=2
      threshold profiles: hit_rate=0.000 thresholds=[0.75] profiles={'fixed_baseline': 10}
    treatment:
      note metrics: precision=0.952 recall=0.988 f1=0.970 matched=80/81 pred=84
      strict onset f1: 10ms=0.812 20ms=0.958 30ms=0.970
      timing metrics: offset_f1=0.958 rhythm_precision=0.975 note_value_acc=0.375 note_value_n=80 avg_beat_error=0.080
      duplicate metrics: duplicates=1 per_100_notes=1.19
      boundary metrics: gt=25 matched=25 missed=0 miss_rate=0.000
      latency: avg_chunk_ms=20.17 p95_chunk_ms=25.98 avg_rtf=0.034
      notation metrics: first_correct_ms=34.5 visible_p50_ms=341.8 visible_p95_ms=612.5 stabilize_p50_ms=1818.5 stabilize_p95_ms=2373.0 avg_revisions=2.02 matched=45 refined=45 snapshots=20
      algorithmic latency: first_correct_ms=12.2 visible_p50_ms=319.5 visible_p95_ms=591.8 stabilize_p50_ms=1230.2 stabilize_p95_ms=1814.9
      final display note metrics: precision=0.974 recall=0.938 f1=0.956 matched=76/81 pred=78
      final display strict onset f1: 10ms=0.818 20ms=0.956 30ms=0.956
      final display timing: offset_f1=0.943 rhythm_precision=0.987 note_value_acc=0.461 note_value_n=76 avg_beat_error=0.079
      final display structure: cluster_f1=0.917 onset_align_recall=0.964 avg_jaccard=0.972 exact=50/55 pred=54 over=0 under=2 pitch_conflicts=1 missed_gt=2
      threshold profiles: hit_rate=0.000 thresholds=[0.75] profiles={'baseline_nominal': 10}
    delta treatment-control: precision=+0.000 recall=+0.000 f1=+0.000 offset_f1=+0.000 note_value_acc=+0.000 dup_per_100=+0.00 boundary_miss_rate=+0.000 p95_chunk_ms=+3.00 f1_10ms=+0.000 f1_20ms=+0.000 f1_30ms=+0.000 visible_p50_ms=+0.5 stabilize_p50_ms=+0.7 algo_visible_p50_ms=+0.0 algo_stabilize_p50_ms=+0.0 avg_revisions=+0.00 display_note_f1=+0.000 display_offset_f1=+0.000 display_cluster_f1=+0.000 display_cluster_jaccard=+0.000
    failure buckets: ['high_revision_slow_stabilization', 'note_value_offset_failure']
[TIMING] EnhancedMel.transcribe: audio_to_gpu=0.4ms, features=0.8ms, model=11.2ms, decode=1.9ms | TOTAL=14.3ms for 600ms audio (RTF=0.02x)
[TIMING] stream_chunk[experiment-d133bc0ae11f419caad03c67284d5377](live_neural): decode=0.1ms, inference=16.7ms, second_pass=0.0ms, contention=0.0ms, TOTAL=16.9ms | audio=600ms, RTF=0.03x | model=enhanced_mel, neural_total=16.3ms, model_inference=11.2ms
[TIMING] EnhancedMel.transcribe: audio_to_gpu=0.1ms, features=0.5ms, model=12.1ms, decode=2.3ms | TOTAL=15.1ms for 1200ms audio (RTF=0.01x)
[TIMING] stream_chunk[experiment-d133bc0ae11f419caad03c67284d5377](live_neural): decode=0.1ms, inference=16.9ms, second_pass=0.0ms, contention=0.0ms, TOTAL=17.2ms | audio=600ms, RTF=0.03x | model=enhanced_mel, neural_total=16.6ms, model_inference=12.1ms
[TIMING] EnhancedMel.transcribe: audio_to_gpu=0.2ms, features=0.4ms, model=10.6ms, decode=3.3ms | TOTAL=14.6ms for 1800ms audio (RTF=0.01x)
[TIMING] stream_chunk[experiment-d133bc0ae11f419caad03c67284d5377](live_neural): decode=0.1ms, inference=16.6ms, second_pass=0.0ms, contention=0.0ms, TOTAL=16.8ms | audio=600ms, RTF=0.03x | model=enhanced_mel, neural_total=16.2ms, model_inference=10.6ms
[TIMING] EnhancedMel.transcribe: audio_to_gpu=0.2ms, features=0.4ms, model=11.3ms, decode=4.3ms | TOTAL=16.2ms for 2400ms audio (RTF=0.01x)
[TIMING] stream_chunk[experiment-d133bc0ae11f419caad03c67284d5377](live_neural): decode=0.1ms, inference=18.5ms, second_pass=0.0ms, contention=0.0ms, TOTAL=18.8ms | audio=600ms, RTF=0.03x | model=enhanced_mel, neural_total=18.2ms, model_inference=11.3ms
[TIMING] EnhancedMel.transcribe: audio_to_gpu=0.3ms, features=3.0ms, model=12.9ms, decode=5.2ms | TOTAL=21.5ms for 3000ms audio (RTF=0.01x)
[TIMING] stream_chunk[experiment-d133bc0ae11f419caad03c67284d5377](live_neural): decode=0.1ms, inference=25.7ms, second_pass=0.0ms, contention=0.0ms, TOTAL=25.9ms | audio=600ms, RTF=0.04x | model=enhanced_mel, neural_total=25.3ms, model_inference=12.9ms
[TIMING] EnhancedMel.transcribe: audio_to_gpu=0.2ms, features=0.5ms, model=13.2ms, decode=5.5ms | TOTAL=19.3ms for 3000ms audio (RTF=0.01x)
[TIMING] stream_chunk[experiment-d133bc0ae11f419caad03c67284d5377](live_neural): decode=0.1ms, inference=22.5ms, second_pass=0.0ms, contention=0.0ms, TOTAL=22.8ms | audio=600ms, RTF=0.04x | model=enhanced_mel, neural_total=22.1ms, model_inference=13.2ms
[TIMING] EnhancedMel.transcribe: audio_to_gpu=0.3ms, features=0.5ms, model=11.9ms, decode=5.4ms | TOTAL=18.0ms for 3000ms audio (RTF=0.01x)
[TIMING] stream_chunk[experiment-d133bc0ae11f419caad03c67284d5377](live_neural): decode=0.1ms, inference=20.3ms, second_pass=0.0ms, contention=0.0ms, TOTAL=20.5ms | audio=600ms, RTF=0.03x | model=enhanced_mel, neural_total=20.0ms, model_inference=11.9ms
[TIMING] EnhancedMel.transcribe: audio_to_gpu=0.2ms, features=0.5ms, model=11.7ms, decode=5.7ms | TOTAL=18.1ms for 3000ms audio (RTF=0.01x)
[TIMING] stream_chunk[experiment-d133bc0ae11f419caad03c67284d5377](live_neural): decode=0.1ms, inference=20.3ms, second_pass=0.0ms, contention=0.0ms, TOTAL=20.6ms | audio=600ms, RTF=0.03x | model=enhanced_mel, neural_total=20.0ms, model_inference=11.7ms
[TIMING] EnhancedMel.transcribe: audio_to_gpu=0.4ms, features=0.5ms, model=12.8ms, decode=5.3ms | TOTAL=18.9ms for 3000ms audio (RTF=0.01x)
[TIMING] stream_chunk[experiment-d133bc0ae11f419caad03c67284d5377](live_neural): decode=0.1ms, inference=21.2ms, second_pass=0.0ms, contention=0.0ms, TOTAL=21.4ms | audio=600ms, RTF=0.04x | model=enhanced_mel, neural_total=20.8ms, model_inference=12.8ms
[TIMING] EnhancedMel.transcribe: audio_to_gpu=0.2ms, features=0.4ms, model=11.8ms, decode=5.3ms | TOTAL=17.7ms for 3000ms audio (RTF=0.01x)
[TIMING] stream_chunk[experiment-d133bc0ae11f419caad03c67284d5377](live_neural): decode=0.1ms, inference=19.9ms, second_pass=0.0ms, contention=0.0ms, TOTAL=20.2ms | audio=600ms, RTF=0.03x | model=enhanced_mel, neural_total=19.6ms, model_inference=11.8ms
[TIMING] EnhancedMel.transcribe: audio_to_gpu=0.4ms, features=0.5ms, model=11.0ms, decode=1.3ms | TOTAL=13.2ms for 600ms audio (RTF=0.02x)
[TIMING] stream_chunk[experiment-2039c7112c154d879bbf4baa1b8dd95c](live_neural): decode=0.2ms, inference=15.5ms, second_pass=0.0ms, contention=0.0ms, TOTAL=15.8ms | audio=600ms, RTF=0.03x | model=enhanced_mel, neural_total=15.2ms, model_inference=11.0ms
[TIMING] EnhancedMel.transcribe: audio_to_gpu=0.2ms, features=0.3ms, model=9.7ms, decode=2.3ms | TOTAL=12.5ms for 1200ms audio (RTF=0.01x)
[TIMING] stream_chunk[experiment-2039c7112c154d879bbf4baa1b8dd95c](live_neural): decode=0.1ms, inference=14.1ms, second_pass=0.0ms, contention=0.0ms, TOTAL=14.3ms | audio=600ms, RTF=0.02x | model=enhanced_mel, neural_total=13.8ms, model_inference=9.7ms
[TIMING] EnhancedMel.transcribe: audio_to_gpu=0.1ms, features=0.3ms, model=10.7ms, decode=3.3ms | TOTAL=14.4ms for 1800ms audio (RTF=0.01x)
[TIMING] stream_chunk[experiment-2039c7112c154d879bbf4baa1b8dd95c](live_neural): decode=0.1ms, inference=16.2ms, second_pass=0.0ms, contention=0.0ms, TOTAL=16.4ms | audio=600ms, RTF=0.03x | model=enhanced_mel, neural_total=15.9ms, model_inference=10.7ms
[TIMING] EnhancedMel.transcribe: audio_to_gpu=0.2ms, features=0.4ms, model=10.9ms, decode=4.4ms | TOTAL=15.9ms for 2400ms audio (RTF=0.01x)
[TIMING] stream_chunk[experiment-2039c7112c154d879bbf4baa1b8dd95c](live_neural): decode=0.2ms, inference=17.9ms, second_pass=0.0ms, contention=0.0ms, TOTAL=18.2ms | audio=600ms, RTF=0.03x | model=enhanced_mel, neural_total=17.6ms, model_inference=10.9ms
[TIMING] EnhancedMel.transcribe: audio_to_gpu=0.3ms, features=0.4ms, model=15.0ms, decode=5.3ms | TOTAL=21.1ms for 3000ms audio (RTF=0.01x)
[TIMING] stream_chunk[experiment-2039c7112c154d879bbf4baa1b8dd95c](live_neural): decode=0.1ms, inference=23.3ms, second_pass=0.0ms, contention=0.0ms, TOTAL=23.5ms | audio=600ms, RTF=0.04x | model=enhanced_mel, neural_total=22.9ms, model_inference=15.0ms
[TIMING] EnhancedMel.transcribe: audio_to_gpu=0.3ms, features=0.5ms, model=11.5ms, decode=5.3ms | TOTAL=17.6ms for 3000ms audio (RTF=0.01x)
[TIMING] stream_chunk[experiment-2039c7112c154d879bbf4baa1b8dd95c](live_neural): decode=0.1ms, inference=20.5ms, second_pass=0.0ms, contention=0.0ms, TOTAL=20.8ms | audio=600ms, RTF=0.03x | model=enhanced_mel, neural_total=20.1ms, model_inference=11.5ms
[TIMING] EnhancedMel.transcribe: audio_to_gpu=0.2ms, features=0.5ms, model=11.4ms, decode=5.2ms | TOTAL=17.4ms for 3000ms audio (RTF=0.01x)
[TIMING] stream_chunk[experiment-2039c7112c154d879bbf4baa1b8dd95c](live_neural): decode=0.1ms, inference=20.6ms, second_pass=0.0ms, contention=0.0ms, TOTAL=20.9ms | audio=600ms, RTF=0.03x | model=enhanced_mel, neural_total=20.1ms, model_inference=11.4ms
[TIMING] EnhancedMel.transcribe: audio_to_gpu=0.3ms, features=0.4ms, model=11.8ms, decode=5.4ms | TOTAL=17.9ms for 3000ms audio (RTF=0.01x)
[TIMING] stream_chunk[experiment-2039c7112c154d879bbf4baa1b8dd95c](live_neural): decode=0.1ms, inference=20.0ms, second_pass=0.0ms, contention=0.0ms, TOTAL=20.3ms | audio=600ms, RTF=0.03x | model=enhanced_mel, neural_total=19.7ms, model_inference=11.8ms
[TIMING] EnhancedMel.transcribe: audio_to_gpu=0.2ms, features=0.5ms, model=11.3ms, decode=5.3ms | TOTAL=17.3ms for 3000ms audio (RTF=0.01x)
[TIMING] stream_chunk[experiment-2039c7112c154d879bbf4baa1b8dd95c](live_neural): decode=0.1ms, inference=19.6ms, second_pass=0.0ms, contention=0.0ms, TOTAL=19.9ms | audio=600ms, RTF=0.03x | model=enhanced_mel, neural_total=19.2ms, model_inference=11.3ms
[TIMING] EnhancedMel.transcribe: audio_to_gpu=0.2ms, features=0.5ms, model=11.9ms, decode=5.2ms | TOTAL=17.9ms for 3000ms audio (RTF=0.01x)
[TIMING] stream_chunk[experiment-2039c7112c154d879bbf4baa1b8dd95c](live_neural): decode=0.1ms, inference=20.7ms, second_pass=0.0ms, contention=0.0ms, TOTAL=20.9ms | audio=600ms, RTF=0.03x | model=enhanced_mel, neural_total=20.2ms, model_inference=11.9ms

[CLIP_039] Sonata, K239
  excerpt: start=81.00s end=87.00s duration=6.00s gt_notes=64 rms=0.1164 peak=0.7610 crest=6.536 rms_std=0.0496
    control:
      note metrics: precision=0.970 recall=1.000 f1=0.985 matched=64/64 pred=66
      strict onset f1: 10ms=0.769 20ms=0.985 30ms=0.985
      timing metrics: offset_f1=0.738 rhythm_precision=0.750 note_value_acc=0.359 note_value_n=64 avg_beat_error=0.204
      duplicate metrics: duplicates=0 per_100_notes=0.00
      boundary metrics: gt=22 matched=22 missed=0 miss_rate=0.000
      latency: avg_chunk_ms=20.10 p95_chunk_ms=24.49 avg_rtf=0.033
      notation metrics: first_correct_ms=66.4 visible_p50_ms=230.5 visible_p95_ms=532.7 stabilize_p50_ms=2341.7 stabilize_p95_ms=2679.6 avg_revisions=2.10 matched=20 refined=20 snapshots=20
      algorithmic latency: first_correct_ms=45.8 visible_p50_ms=210.4 visible_p95_ms=507.2 stabilize_p50_ms=1952.1 stabilize_p95_ms=2307.2
      final display note metrics: precision=0.970 recall=1.000 f1=0.985 matched=64/64 pred=66
      final display strict onset f1: 10ms=0.769 20ms=0.985 30ms=0.985
      final display timing: offset_f1=0.738 rhythm_precision=0.750 note_value_acc=0.266 note_value_n=64 avg_beat_error=0.363
      final display structure: cluster_f1=0.955 onset_align_recall=1.000 avg_jaccard=0.994 exact=32/33 pred=34 over=1 under=0 pitch_conflicts=0 missed_gt=0
      threshold profiles: hit_rate=0.000 thresholds=[0.75] profiles={'fixed_baseline': 10}
    treatment:
      note metrics: precision=0.970 recall=1.000 f1=0.985 matched=64/64 pred=66
      strict onset f1: 10ms=0.769 20ms=0.985 30ms=0.985
      timing metrics: offset_f1=0.738 rhythm_precision=0.750 note_value_acc=0.359 note_value_n=64 avg_beat_error=0.204
      duplicate metrics: duplicates=0 per_100_notes=0.00
      boundary metrics: gt=22 matched=22 missed=0 miss_rate=0.000
      latency: avg_chunk_ms=19.10 p95_chunk_ms=22.36 avg_rtf=0.032
      notation metrics: first_correct_ms=66.1 visible_p50_ms=229.5 visible_p95_ms=530.4 stabilize_p50_ms=2340.6 stabilize_p95_ms=2680.2 avg_revisions=2.10 matched=20 refined=20 snapshots=20
      algorithmic latency: first_correct_ms=45.8 visible_p50_ms=210.4 visible_p95_ms=507.2 stabilize_p50_ms=1952.1 stabilize_p95_ms=2307.2
      final display note metrics: precision=0.970 recall=1.000 f1=0.985 matched=64/64 pred=66
      final display strict onset f1: 10ms=0.769 20ms=0.985 30ms=0.985
      final display timing: offset_f1=0.738 rhythm_precision=0.750 note_value_acc=0.266 note_value_n=64 avg_beat_error=0.363
      final display structure: cluster_f1=0.955 onset_align_recall=1.000 avg_jaccard=0.994 exact=32/33 pred=34 over=1 under=0 pitch_conflicts=0 missed_gt=0
      threshold profiles: hit_rate=0.400 thresholds=[0.75, 0.77] profiles={'baseline_nominal': 6, 'loud_dense_precision': 4}
    delta treatment-control: precision=+0.000 recall=+0.000 f1=+0.000 offset_f1=+0.000 note_value_acc=+0.000 dup_per_100=+0.00 boundary_miss_rate=+0.000 p95_chunk_ms=-2.13 f1_10ms=+0.000 f1_20ms=+0.000 f1_30ms=+0.000 visible_p50_ms=-1.0 stabilize_p50_ms=-1.1 algo_visible_p50_ms=+0.0 algo_stabilize_p50_ms=+0.0 avg_revisions=+0.00 display_note_f1=+0.000 display_offset_f1=+0.000 display_cluster_f1=+0.000 display_cluster_jaccard=+0.000
    failure buckets: ['runtime_only_win', 'high_revision_slow_stabilization', 'note_value_offset_failure']
[TIMING] EnhancedMel.transcribe: audio_to_gpu=0.5ms, features=0.6ms, model=10.9ms, decode=1.3ms | TOTAL=13.3ms for 600ms audio (RTF=0.02x)
[TIMING] stream_chunk[experiment-16155f5c1f384198a1e81608dc525052](live_neural): decode=0.1ms, inference=15.7ms, second_pass=0.0ms, contention=0.0ms, TOTAL=15.9ms | audio=600ms, RTF=0.03x | model=enhanced_mel, neural_total=15.2ms, model_inference=10.9ms
[TIMING] EnhancedMel.transcribe: audio_to_gpu=0.1ms, features=0.4ms, model=10.2ms, decode=2.3ms | TOTAL=13.1ms for 1200ms audio (RTF=0.01x)
[TIMING] stream_chunk[experiment-16155f5c1f384198a1e81608dc525052](live_neural): decode=0.2ms, inference=14.9ms, second_pass=0.0ms, contention=0.0ms, TOTAL=15.2ms | audio=600ms, RTF=0.03x | model=enhanced_mel, neural_total=14.5ms, model_inference=10.2ms
[TIMING] EnhancedMel.transcribe: audio_to_gpu=0.1ms, features=1.1ms, model=19.6ms, decode=3.4ms | TOTAL=24.2ms for 1800ms audio (RTF=0.01x)
[TIMING] stream_chunk[experiment-16155f5c1f384198a1e81608dc525052](live_neural): decode=0.1ms, inference=26.3ms, second_pass=0.0ms, contention=0.0ms, TOTAL=26.5ms | audio=600ms, RTF=0.04x | model=enhanced_mel, neural_total=25.8ms, model_inference=19.6ms
[TIMING] EnhancedMel.transcribe: audio_to_gpu=0.2ms, features=0.4ms, model=11.3ms, decode=4.5ms | TOTAL=16.4ms for 2400ms audio (RTF=0.01x)
[TIMING] stream_chunk[experiment-16155f5c1f384198a1e81608dc525052](live_neural): decode=0.1ms, inference=18.5ms, second_pass=0.0ms, contention=0.0ms, TOTAL=18.7ms | audio=600ms, RTF=0.03x | model=enhanced_mel, neural_total=18.1ms, model_inference=11.3ms
[TIMING] EnhancedMel.transcribe: audio_to_gpu=0.3ms, features=0.5ms, model=12.5ms, decode=5.6ms | TOTAL=18.9ms for 3000ms audio (RTF=0.01x)
[TIMING] stream_chunk[experiment-16155f5c1f384198a1e81608dc525052](live_neural): decode=0.1ms, inference=21.4ms, second_pass=0.0ms, contention=0.0ms, TOTAL=21.7ms | audio=600ms, RTF=0.04x | model=enhanced_mel, neural_total=21.0ms, model_inference=12.5ms
[TIMING] EnhancedMel.transcribe: audio_to_gpu=0.2ms, features=0.4ms, model=11.9ms, decode=5.4ms | TOTAL=17.9ms for 3000ms audio (RTF=0.01x)
[TIMING] stream_chunk[experiment-16155f5c1f384198a1e81608dc525052](live_neural): decode=0.1ms, inference=20.1ms, second_pass=0.0ms, contention=0.0ms, TOTAL=20.3ms | audio=600ms, RTF=0.03x | model=enhanced_mel, neural_total=19.7ms, model_inference=11.9ms
[TIMING] EnhancedMel.transcribe: audio_to_gpu=0.2ms, features=0.5ms, model=14.3ms, decode=5.4ms | TOTAL=20.5ms for 3000ms audio (RTF=0.01x)
[TIMING] stream_chunk[experiment-16155f5c1f384198a1e81608dc525052](live_neural): decode=0.1ms, inference=22.8ms, second_pass=0.0ms, contention=0.0ms, TOTAL=23.1ms | audio=600ms, RTF=0.04x | model=enhanced_mel, neural_total=22.4ms, model_inference=14.3ms
[TIMING] EnhancedMel.transcribe: audio_to_gpu=0.3ms, features=0.6ms, model=13.8ms, decode=5.4ms | TOTAL=20.1ms for 3000ms audio (RTF=0.01x)
[TIMING] stream_chunk[experiment-16155f5c1f384198a1e81608dc525052](live_neural): decode=0.1ms, inference=22.4ms, second_pass=0.0ms, contention=0.0ms, TOTAL=22.7ms | audio=600ms, RTF=0.04x | model=enhanced_mel, neural_total=22.1ms, model_inference=13.8ms
[TIMING] EnhancedMel.transcribe: audio_to_gpu=0.4ms, features=6.0ms, model=21.7ms, decode=5.7ms | TOTAL=33.8ms for 3000ms audio (RTF=0.01x)
[TIMING] stream_chunk[experiment-16155f5c1f384198a1e81608dc525052](live_neural): decode=0.1ms, inference=36.4ms, second_pass=0.0ms, contention=0.0ms, TOTAL=36.7ms | audio=600ms, RTF=0.06x | model=enhanced_mel, neural_total=35.9ms, model_inference=21.7ms
[TIMING] EnhancedMel.transcribe: audio_to_gpu=0.4ms, features=0.6ms, model=11.8ms, decode=5.6ms | TOTAL=18.4ms for 3000ms audio (RTF=0.01x)
[TIMING] stream_chunk[experiment-16155f5c1f384198a1e81608dc525052](live_neural): decode=0.1ms, inference=21.8ms, second_pass=0.0ms, contention=0.0ms, TOTAL=22.2ms | audio=600ms, RTF=0.04x | model=enhanced_mel, neural_total=21.3ms, model_inference=11.8ms
[TIMING] EnhancedMel.transcribe: audio_to_gpu=0.5ms, features=0.5ms, model=10.5ms, decode=1.4ms | TOTAL=12.9ms for 600ms audio (RTF=0.02x)
[TIMING] stream_chunk[experiment-be32aa7275c84a45b78a4937f0c90e40](live_neural): decode=0.1ms, inference=15.0ms, second_pass=0.0ms, contention=0.0ms, TOTAL=15.2ms | audio=600ms, RTF=0.03x | model=enhanced_mel, neural_total=14.6ms, model_inference=10.5ms
[TIMING] EnhancedMel.transcribe: audio_to_gpu=0.3ms, features=0.4ms, model=10.0ms, decode=2.3ms | TOTAL=13.0ms for 1200ms audio (RTF=0.01x)
[TIMING] stream_chunk[experiment-be32aa7275c84a45b78a4937f0c90e40](live_neural): decode=0.2ms, inference=14.8ms, second_pass=0.0ms, contention=0.0ms, TOTAL=15.1ms | audio=600ms, RTF=0.03x | model=enhanced_mel, neural_total=14.5ms, model_inference=10.0ms
[TIMING] EnhancedMel.transcribe: audio_to_gpu=0.5ms, features=0.4ms, model=11.0ms, decode=3.4ms | TOTAL=15.2ms for 1800ms audio (RTF=0.01x)
[TIMING] stream_chunk[experiment-be32aa7275c84a45b78a4937f0c90e40](live_neural): decode=0.1ms, inference=18.4ms, second_pass=0.0ms, contention=0.0ms, TOTAL=18.6ms | audio=600ms, RTF=0.03x | model=enhanced_mel, neural_total=17.8ms, model_inference=11.0ms
[TIMING] EnhancedMel.transcribe: audio_to_gpu=0.2ms, features=0.4ms, model=12.2ms, decode=4.7ms | TOTAL=17.5ms for 2400ms audio (RTF=0.01x)
[TIMING] stream_chunk[experiment-be32aa7275c84a45b78a4937f0c90e40](live_neural): decode=0.1ms, inference=20.0ms, second_pass=0.0ms, contention=0.0ms, TOTAL=20.2ms | audio=600ms, RTF=0.03x | model=enhanced_mel, neural_total=19.6ms, model_inference=12.2ms
[TIMING] EnhancedMel.transcribe: audio_to_gpu=0.2ms, features=0.4ms, model=12.2ms, decode=5.3ms | TOTAL=18.1ms for 3000ms audio (RTF=0.01x)
[TIMING] stream_chunk[experiment-be32aa7275c84a45b78a4937f0c90e40](live_neural): decode=0.1ms, inference=20.7ms, second_pass=0.0ms, contention=0.0ms, TOTAL=21.1ms | audio=600ms, RTF=0.04x | model=enhanced_mel, neural_total=20.2ms, model_inference=12.2ms
[TIMING] EnhancedMel.transcribe: audio_to_gpu=0.3ms, features=0.5ms, model=12.3ms, decode=5.5ms | TOTAL=18.6ms for 3000ms audio (RTF=0.01x)
[TIMING] stream_chunk[experiment-be32aa7275c84a45b78a4937f0c90e40](live_neural): decode=0.1ms, inference=22.0ms, second_pass=0.0ms, contention=0.0ms, TOTAL=22.3ms | audio=600ms, RTF=0.04x | model=enhanced_mel, neural_total=21.6ms, model_inference=12.3ms
[TIMING] EnhancedMel.transcribe: audio_to_gpu=0.2ms, features=0.5ms, model=13.2ms, decode=5.4ms | TOTAL=19.3ms for 3000ms audio (RTF=0.01x)
[TIMING] stream_chunk[experiment-be32aa7275c84a45b78a4937f0c90e40](live_neural): decode=0.1ms, inference=21.6ms, second_pass=0.0ms, contention=0.0ms, TOTAL=21.8ms | audio=600ms, RTF=0.04x | model=enhanced_mel, neural_total=21.2ms, model_inference=13.2ms
[TIMING] EnhancedMel.transcribe: audio_to_gpu=0.2ms, features=4.6ms, model=12.7ms, decode=5.4ms | TOTAL=23.0ms for 3000ms audio (RTF=0.01x)
[TIMING] stream_chunk[experiment-be32aa7275c84a45b78a4937f0c90e40](live_neural): decode=0.1ms, inference=25.3ms, second_pass=0.0ms, contention=0.0ms, TOTAL=25.7ms | audio=600ms, RTF=0.04x | model=enhanced_mel, neural_total=24.9ms, model_inference=12.7ms
[TIMING] EnhancedMel.transcribe: audio_to_gpu=0.3ms, features=0.5ms, model=11.9ms, decode=5.5ms | TOTAL=18.1ms for 3000ms audio (RTF=0.01x)
[TIMING] stream_chunk[experiment-be32aa7275c84a45b78a4937f0c90e40](live_neural): decode=0.1ms, inference=20.4ms, second_pass=0.0ms, contention=0.0ms, TOTAL=20.7ms | audio=600ms, RTF=0.03x | model=enhanced_mel, neural_total=20.1ms, model_inference=11.9ms
[TIMING] EnhancedMel.transcribe: audio_to_gpu=1.2ms, features=4.6ms, model=12.1ms, decode=5.5ms | TOTAL=23.4ms for 3000ms audio (RTF=0.01x)
[TIMING] stream_chunk[experiment-be32aa7275c84a45b78a4937f0c90e40](live_neural): decode=0.1ms, inference=26.9ms, second_pass=0.0ms, contention=0.0ms, TOTAL=27.2ms | audio=600ms, RTF=0.05x | model=enhanced_mel, neural_total=26.3ms, model_inference=12.1ms

[CLIP_040] Sonata K. 525
  excerpt: start=27.00s end=33.00s duration=6.00s gt_notes=95 rms=0.0558 peak=0.3398 crest=6.085 rms_std=0.0188
    control:
      note metrics: precision=0.904 recall=0.895 f1=0.899 matched=85/95 pred=94
      strict onset f1: 10ms=0.751 20ms=0.878 30ms=0.899
      timing metrics: offset_f1=0.772 rhythm_precision=0.859 note_value_acc=0.365 note_value_n=85 avg_beat_error=0.120
      duplicate metrics: duplicates=1 per_100_notes=1.06
      boundary metrics: gt=23 matched=21 missed=2 miss_rate=0.087
      latency: avg_chunk_ms=22.31 p95_chunk_ms=32.12 avg_rtf=0.037
      notation metrics: first_correct_ms=142.5 visible_p50_ms=387.6 visible_p95_ms=621.1 stabilize_p50_ms=2567.6 stabilize_p95_ms=3718.2 avg_revisions=2.17 matched=12 refined=12 snapshots=17
      algorithmic latency: first_correct_ms=122.1 visible_p50_ms=364.6 visible_p95_ms=603.9 stabilize_p50_ms=2056.9 stabilize_p95_ms=3117.9
      final display note metrics: precision=0.914 recall=0.895 f1=0.904 matched=85/95 pred=93
      final display strict onset f1: 10ms=0.755 20ms=0.883 30ms=0.904
      final display timing: offset_f1=0.777 rhythm_precision=0.859 note_value_acc=0.271 note_value_n=85 avg_beat_error=0.190
      final display structure: cluster_f1=0.667 onset_align_recall=1.000 avg_jaccard=0.880 exact=25/36 pred=39 over=2 under=9 pitch_conflicts=0 missed_gt=0
      threshold profiles: hit_rate=0.000 thresholds=[0.75] profiles={'fixed_baseline': 10}
    treatment:
      note metrics: precision=0.904 recall=0.895 f1=0.899 matched=85/95 pred=94
      strict onset f1: 10ms=0.751 20ms=0.878 30ms=0.899
      timing metrics: offset_f1=0.772 rhythm_precision=0.859 note_value_acc=0.365 note_value_n=85 avg_beat_error=0.120
      duplicate metrics: duplicates=1 per_100_notes=1.06
      boundary metrics: gt=23 matched=21 missed=2 miss_rate=0.087
      latency: avg_chunk_ms=20.79 p95_chunk_ms=26.52 avg_rtf=0.035
      notation metrics: first_correct_ms=144.5 visible_p50_ms=385.7 visible_p95_ms=622.4 stabilize_p50_ms=2568.0 stabilize_p95_ms=3702.3 avg_revisions=2.17 matched=12 refined=12 snapshots=17
      algorithmic latency: first_correct_ms=122.1 visible_p50_ms=364.6 visible_p95_ms=603.9 stabilize_p50_ms=2056.9 stabilize_p95_ms=3117.9
      final display note metrics: precision=0.914 recall=0.895 f1=0.904 matched=85/95 pred=93
      final display strict onset f1: 10ms=0.755 20ms=0.883 30ms=0.904
      final display timing: offset_f1=0.777 rhythm_precision=0.859 note_value_acc=0.271 note_value_n=85 avg_beat_error=0.190
      final display structure: cluster_f1=0.667 onset_align_recall=1.000 avg_jaccard=0.880 exact=25/36 pred=39 over=2 under=9 pitch_conflicts=0 missed_gt=0
      threshold profiles: hit_rate=0.000 thresholds=[0.75] profiles={'baseline_nominal': 10}
    delta treatment-control: precision=+0.000 recall=+0.000 f1=+0.000 offset_f1=+0.000 note_value_acc=+0.000 dup_per_100=+0.00 boundary_miss_rate=+0.000 p95_chunk_ms=-5.59 f1_10ms=+0.000 f1_20ms=+0.000 f1_30ms=+0.000 visible_p50_ms=-2.0 stabilize_p50_ms=+0.4 algo_visible_p50_ms=+0.0 algo_stabilize_p50_ms=+0.0 avg_revisions=+0.00 display_note_f1=+0.000 display_offset_f1=+0.000 display_cluster_f1=+0.000 display_cluster_jaccard=+0.000
    failure buckets: ['runtime_only_win', 'boundary_miss_failure', 'high_revision_slow_stabilization', 'note_value_offset_failure']
      boundary diagnostics: missed=2 by_arm={'control': 2, 'treatment': 2} tags={'control_boundary_miss': 2, 'no_control_coarse_candidate': 2}
        miss: pitch=74 onset=3.628s boundary_delta_ms=+27.6 control_coarse=False treatment_coarse=False retro=n/a
        miss: pitch=74 onset=5.440s boundary_delta_ms=+40.1 control_coarse=False treatment_coarse=False retro=n/a
[TIMING] EnhancedMel.transcribe: audio_to_gpu=2.3ms, features=0.6ms, model=10.3ms, decode=1.0ms | TOTAL=14.3ms for 600ms audio (RTF=0.02x)
[TIMING] stream_chunk[experiment-675e185ae0ff404fb9f59ad0168cb208](live_neural): decode=0.2ms, inference=16.3ms, second_pass=0.0ms, contention=0.0ms, TOTAL=16.4ms | audio=600ms, RTF=0.03x | model=enhanced_mel, neural_total=15.8ms, model_inference=10.3ms
[TIMING] EnhancedMel.transcribe: audio_to_gpu=0.2ms, features=0.3ms, model=10.6ms, decode=2.2ms | TOTAL=13.3ms for 1200ms audio (RTF=0.01x)
[TIMING] stream_chunk[experiment-675e185ae0ff404fb9f59ad0168cb208](live_neural): decode=0.2ms, inference=15.3ms, second_pass=0.0ms, contention=0.0ms, TOTAL=15.6ms | audio=600ms, RTF=0.03x | model=enhanced_mel, neural_total=14.8ms, model_inference=10.6ms
[TIMING] EnhancedMel.transcribe: audio_to_gpu=0.2ms, features=0.4ms, model=12.1ms, decode=3.1ms | TOTAL=15.8ms for 1800ms audio (RTF=0.01x)
[TIMING] stream_chunk[experiment-675e185ae0ff404fb9f59ad0168cb208](live_neural): decode=0.1ms, inference=17.6ms, second_pass=0.0ms, contention=0.0ms, TOTAL=17.8ms | audio=600ms, RTF=0.03x | model=enhanced_mel, neural_total=17.3ms, model_inference=12.1ms
[TIMING] EnhancedMel.transcribe: audio_to_gpu=0.1ms, features=1.7ms, model=12.1ms, decode=4.1ms | TOTAL=18.1ms for 2400ms audio (RTF=0.01x)
[TIMING] stream_chunk[experiment-675e185ae0ff404fb9f59ad0168cb208](live_neural): decode=0.1ms, inference=20.0ms, second_pass=0.0ms, contention=0.0ms, TOTAL=20.3ms | audio=600ms, RTF=0.03x | model=enhanced_mel, neural_total=19.7ms, model_inference=12.1ms
[TIMING] EnhancedMel.transcribe: audio_to_gpu=0.3ms, features=0.5ms, model=11.8ms, decode=5.1ms | TOTAL=17.8ms for 3000ms audio (RTF=0.01x)
[TIMING] stream_chunk[experiment-675e185ae0ff404fb9f59ad0168cb208](live_neural): decode=0.1ms, inference=19.9ms, second_pass=0.0ms, contention=0.0ms, TOTAL=20.2ms | audio=600ms, RTF=0.03x | model=enhanced_mel, neural_total=19.6ms, model_inference=11.8ms
[TIMING] EnhancedMel.transcribe: audio_to_gpu=0.1ms, features=1.1ms, model=12.0ms, decode=5.8ms | TOTAL=19.0ms for 3000ms audio (RTF=0.01x)
[TIMING] stream_chunk[experiment-675e185ae0ff404fb9f59ad0168cb208](live_neural): decode=0.1ms, inference=21.3ms, second_pass=0.0ms, contention=0.0ms, TOTAL=21.6ms | audio=600ms, RTF=0.04x | model=enhanced_mel, neural_total=20.8ms, model_inference=12.0ms
[TIMING] EnhancedMel.transcribe: audio_to_gpu=0.2ms, features=0.5ms, model=11.7ms, decode=5.3ms | TOTAL=17.8ms for 3000ms audio (RTF=0.01x)
[TIMING] stream_chunk[experiment-675e185ae0ff404fb9f59ad0168cb208](live_neural): decode=0.1ms, inference=20.5ms, second_pass=0.0ms, contention=0.0ms, TOTAL=20.8ms | audio=600ms, RTF=0.03x | model=enhanced_mel, neural_total=20.2ms, model_inference=11.7ms
[TIMING] EnhancedMel.transcribe: audio_to_gpu=0.3ms, features=0.5ms, model=11.5ms, decode=6.1ms | TOTAL=18.3ms for 3000ms audio (RTF=0.01x)
[TIMING] stream_chunk[experiment-675e185ae0ff404fb9f59ad0168cb208](live_neural): decode=0.1ms, inference=21.4ms, second_pass=0.0ms, contention=0.0ms, TOTAL=21.8ms | audio=600ms, RTF=0.04x | model=enhanced_mel, neural_total=21.0ms, model_inference=11.5ms
[TIMING] EnhancedMel.transcribe: audio_to_gpu=0.2ms, features=0.5ms, model=11.5ms, decode=5.2ms | TOTAL=17.4ms for 3000ms audio (RTF=0.01x)
[TIMING] stream_chunk[experiment-675e185ae0ff404fb9f59ad0168cb208](live_neural): decode=0.2ms, inference=19.6ms, second_pass=0.0ms, contention=0.0ms, TOTAL=20.0ms | audio=600ms, RTF=0.03x | model=enhanced_mel, neural_total=19.2ms, model_inference=11.5ms
[TIMING] EnhancedMel.transcribe: audio_to_gpu=0.2ms, features=0.5ms, model=11.7ms, decode=5.1ms | TOTAL=17.6ms for 3000ms audio (RTF=0.01x)
[TIMING] stream_chunk[experiment-675e185ae0ff404fb9f59ad0168cb208](live_neural): decode=0.1ms, inference=20.0ms, second_pass=0.0ms, contention=0.0ms, TOTAL=20.3ms | audio=600ms, RTF=0.03x | model=enhanced_mel, neural_total=19.6ms, model_inference=11.7ms
[TIMING] EnhancedMel.transcribe: audio_to_gpu=0.4ms, features=0.5ms, model=10.0ms, decode=1.0ms | TOTAL=11.9ms for 600ms audio (RTF=0.02x)
[TIMING] stream_chunk[experiment-c2f7fc85c6184e9b872d59a7ab9f3809](live_neural): decode=0.1ms, inference=13.4ms, second_pass=0.0ms, contention=0.0ms, TOTAL=13.6ms | audio=600ms, RTF=0.02x | model=enhanced_mel, neural_total=13.1ms, model_inference=10.0ms
[TIMING] EnhancedMel.transcribe: audio_to_gpu=0.2ms, features=0.4ms, model=10.0ms, decode=2.2ms | TOTAL=12.7ms for 1200ms audio (RTF=0.01x)
[TIMING] stream_chunk[experiment-c2f7fc85c6184e9b872d59a7ab9f3809](live_neural): decode=0.3ms, inference=16.1ms, second_pass=0.0ms, contention=0.0ms, TOTAL=16.4ms | audio=600ms, RTF=0.03x | model=enhanced_mel, neural_total=15.7ms, model_inference=10.0ms
[TIMING] EnhancedMel.transcribe: audio_to_gpu=0.3ms, features=0.4ms, model=10.5ms, decode=3.1ms | TOTAL=14.3ms for 1800ms audio (RTF=0.01x)
[TIMING] stream_chunk[experiment-c2f7fc85c6184e9b872d59a7ab9f3809](live_neural): decode=0.1ms, inference=17.0ms, second_pass=0.0ms, contention=0.0ms, TOTAL=17.3ms | audio=600ms, RTF=0.03x | model=enhanced_mel, neural_total=16.6ms, model_inference=10.5ms
[TIMING] EnhancedMel.transcribe: audio_to_gpu=0.2ms, features=0.4ms, model=10.9ms, decode=4.3ms | TOTAL=15.7ms for 2400ms audio (RTF=0.01x)
[TIMING] stream_chunk[experiment-c2f7fc85c6184e9b872d59a7ab9f3809](live_neural): decode=0.1ms, inference=17.7ms, second_pass=0.0ms, contention=0.0ms, TOTAL=18.0ms | audio=600ms, RTF=0.03x | model=enhanced_mel, neural_total=17.4ms, model_inference=10.9ms
[TIMING] EnhancedMel.transcribe: audio_to_gpu=0.3ms, features=0.6ms, model=12.1ms, decode=5.3ms | TOTAL=18.2ms for 3000ms audio (RTF=0.01x)
[TIMING] stream_chunk[experiment-c2f7fc85c6184e9b872d59a7ab9f3809](live_neural): decode=0.1ms, inference=20.5ms, second_pass=0.0ms, contention=0.0ms, TOTAL=20.8ms | audio=600ms, RTF=0.03x | model=enhanced_mel, neural_total=20.1ms, model_inference=12.1ms
[TIMING] EnhancedMel.transcribe: audio_to_gpu=0.4ms, features=0.5ms, model=12.2ms, decode=5.2ms | TOTAL=18.4ms for 3000ms audio (RTF=0.01x)
[TIMING] stream_chunk[experiment-c2f7fc85c6184e9b872d59a7ab9f3809](live_neural): decode=0.2ms, inference=20.7ms, second_pass=0.0ms, contention=0.0ms, TOTAL=21.0ms | audio=600ms, RTF=0.04x | model=enhanced_mel, neural_total=20.2ms, model_inference=12.2ms
[TIMING] EnhancedMel.transcribe: audio_to_gpu=0.5ms, features=0.7ms, model=17.6ms, decode=5.3ms | TOTAL=24.1ms for 3000ms audio (RTF=0.01x)
[TIMING] stream_chunk[experiment-c2f7fc85c6184e9b872d59a7ab9f3809](live_neural): decode=0.2ms, inference=26.8ms, second_pass=0.0ms, contention=0.0ms, TOTAL=27.1ms | audio=600ms, RTF=0.05x | model=enhanced_mel, neural_total=26.4ms, model_inference=17.6ms
[TIMING] EnhancedMel.transcribe: audio_to_gpu=0.2ms, features=0.5ms, model=12.1ms, decode=5.2ms | TOTAL=18.0ms for 3000ms audio (RTF=0.01x)
[TIMING] stream_chunk[experiment-c2f7fc85c6184e9b872d59a7ab9f3809](live_neural): decode=0.1ms, inference=20.4ms, second_pass=0.0ms, contention=0.0ms, TOTAL=20.8ms | audio=600ms, RTF=0.03x | model=enhanced_mel, neural_total=20.0ms, model_inference=12.1ms
[TIMING] EnhancedMel.transcribe: audio_to_gpu=0.3ms, features=0.5ms, model=11.8ms, decode=5.2ms | TOTAL=17.8ms for 3000ms audio (RTF=0.01x)
[TIMING] stream_chunk[experiment-c2f7fc85c6184e9b872d59a7ab9f3809](live_neural): decode=0.2ms, inference=20.0ms, second_pass=0.0ms, contention=0.0ms, TOTAL=20.4ms | audio=600ms, RTF=0.03x | model=enhanced_mel, neural_total=19.6ms, model_inference=11.8ms
[TIMING] EnhancedMel.transcribe: audio_to_gpu=0.3ms, features=0.7ms, model=12.7ms, decode=5.2ms | TOTAL=18.9ms for 3000ms audio (RTF=0.01x)
[TIMING] stream_chunk[experiment-c2f7fc85c6184e9b872d59a7ab9f3809](live_neural): decode=0.1ms, inference=21.2ms, second_pass=0.0ms, contention=0.0ms, TOTAL=21.5ms | audio=600ms, RTF=0.04x | model=enhanced_mel, neural_total=20.8ms, model_inference=12.7ms

[CLIP_041] Sonata No. 9, Op. 68
  excerpt: start=72.00s end=78.00s duration=6.00s gt_notes=66 rms=0.0617 peak=0.3605 crest=5.841 rms_std=0.0284
    control:
      note metrics: precision=0.964 recall=0.818 f1=0.885 matched=54/66 pred=56
      strict onset f1: 10ms=0.705 20ms=0.836 30ms=0.885
      timing metrics: offset_f1=0.770 rhythm_precision=0.870 note_value_acc=0.481 note_value_n=54 avg_beat_error=0.133
      duplicate metrics: duplicates=2 per_100_notes=3.57
      boundary metrics: gt=20 matched=17 missed=3 miss_rate=0.150
      latency: avg_chunk_ms=19.48 p95_chunk_ms=21.70 avg_rtf=0.033
      notation metrics: first_correct_ms=0.0 visible_p50_ms=325.7 visible_p95_ms=603.3 stabilize_p50_ms=1298.6 stabilize_p95_ms=1943.3 avg_revisions=1.08 matched=53 refined=53 snapshots=20
      algorithmic latency: first_correct_ms=0.0 visible_p50_ms=304.2 visible_p95_ms=584.5 stabilize_p50_ms=815.4 stabilize_p95_ms=1473.3
      final display note metrics: precision=0.981 recall=0.773 f1=0.864 matched=51/66 pred=52
      final display strict onset f1: 10ms=0.695 20ms=0.814 30ms=0.864
      final display timing: offset_f1=0.746 rhythm_precision=0.863 note_value_acc=0.392 note_value_n=51 avg_beat_error=0.167
      final display structure: cluster_f1=0.772 onset_align_recall=0.804 avg_jaccard=0.933 exact=39/56 pred=45 over=3 under=3 pitch_conflicts=0 missed_gt=11
      threshold profiles: hit_rate=0.000 thresholds=[0.75] profiles={'fixed_baseline': 10}
    treatment:
      note metrics: precision=0.964 recall=0.818 f1=0.885 matched=54/66 pred=56
      strict onset f1: 10ms=0.705 20ms=0.836 30ms=0.885
      timing metrics: offset_f1=0.770 rhythm_precision=0.870 note_value_acc=0.481 note_value_n=54 avg_beat_error=0.133
      duplicate metrics: duplicates=2 per_100_notes=3.57
      boundary metrics: gt=20 matched=17 missed=3 miss_rate=0.150
      latency: avg_chunk_ms=19.68 p95_chunk_ms=24.61 avg_rtf=0.033
      notation metrics: first_correct_ms=0.0 visible_p50_ms=324.7 visible_p95_ms=604.3 stabilize_p50_ms=1297.3 stabilize_p95_ms=1943.2 avg_revisions=1.08 matched=53 refined=53 snapshots=20
      algorithmic latency: first_correct_ms=0.0 visible_p50_ms=304.2 visible_p95_ms=584.5 stabilize_p50_ms=815.4 stabilize_p95_ms=1473.3
      final display note metrics: precision=0.981 recall=0.773 f1=0.864 matched=51/66 pred=52
      final display strict onset f1: 10ms=0.695 20ms=0.814 30ms=0.864
      final display timing: offset_f1=0.746 rhythm_precision=0.863 note_value_acc=0.392 note_value_n=51 avg_beat_error=0.167
      final display structure: cluster_f1=0.772 onset_align_recall=0.804 avg_jaccard=0.933 exact=39/56 pred=45 over=3 under=3 pitch_conflicts=0 missed_gt=11
      threshold profiles: hit_rate=0.100 thresholds=[0.71, 0.75] profiles={'baseline_nominal': 9, 'soft_sparse_recall': 1}
    delta treatment-control: precision=+0.000 recall=+0.000 f1=+0.000 offset_f1=+0.000 note_value_acc=+0.000 dup_per_100=+0.00 boundary_miss_rate=+0.000 p95_chunk_ms=+2.91 f1_10ms=+0.000 f1_20ms=+0.000 f1_30ms=+0.000 visible_p50_ms=-1.0 stabilize_p50_ms=-1.3 algo_visible_p50_ms=+0.0 algo_stabilize_p50_ms=+0.0 avg_revisions=+0.00 display_note_f1=+0.000 display_offset_f1=+0.000 display_cluster_f1=+0.000 display_cluster_jaccard=+0.000
    failure buckets: ['boundary_miss_failure', 'high_revision_slow_stabilization', 'note_value_offset_failure']
      boundary diagnostics: missed=3 by_arm={'control': 3, 'treatment': 3} tags={'control_boundary_miss': 3, 'no_control_coarse_candidate': 3}
        miss: pitch=65 onset=2.326s boundary_delta_ms=-74.5 control_coarse=False treatment_coarse=False retro=n/a
        miss: pitch=67 onset=3.034s boundary_delta_ms=+33.9 control_coarse=False treatment_coarse=False retro=n/a
        miss: pitch=67 onset=4.871s boundary_delta_ms=+71.1 control_coarse=False treatment_coarse=False retro=n/a
[TIMING] EnhancedMel.transcribe: audio_to_gpu=0.6ms, features=0.8ms, model=11.0ms, decode=1.3ms | TOTAL=13.7ms for 600ms audio (RTF=0.02x)
[TIMING] stream_chunk[experiment-1c6d570c4a2043489c1436fd0a7f9ef6](live_neural): decode=0.2ms, inference=16.1ms, second_pass=0.0ms, contention=0.0ms, TOTAL=16.4ms | audio=600ms, RTF=0.03x | model=enhanced_mel, neural_total=15.7ms, model_inference=11.0ms
[TIMING] EnhancedMel.transcribe: audio_to_gpu=0.2ms, features=0.3ms, model=10.6ms, decode=2.3ms | TOTAL=13.5ms for 1200ms audio (RTF=0.01x)
[TIMING] stream_chunk[experiment-1c6d570c4a2043489c1436fd0a7f9ef6](live_neural): decode=0.2ms, inference=15.3ms, second_pass=0.0ms, contention=0.0ms, TOTAL=15.6ms | audio=600ms, RTF=0.03x | model=enhanced_mel, neural_total=14.9ms, model_inference=10.6ms
[TIMING] EnhancedMel.transcribe: audio_to_gpu=0.2ms, features=0.4ms, model=11.3ms, decode=3.5ms | TOTAL=15.3ms for 1800ms audio (RTF=0.01x)
[TIMING] stream_chunk[experiment-1c6d570c4a2043489c1436fd0a7f9ef6](live_neural): decode=0.2ms, inference=17.4ms, second_pass=0.0ms, contention=0.0ms, TOTAL=17.7ms | audio=600ms, RTF=0.03x | model=enhanced_mel, neural_total=16.9ms, model_inference=11.3ms
[TIMING] EnhancedMel.transcribe: audio_to_gpu=0.2ms, features=0.4ms, model=10.8ms, decode=4.5ms | TOTAL=15.9ms for 2400ms audio (RTF=0.01x)
[TIMING] stream_chunk[experiment-1c6d570c4a2043489c1436fd0a7f9ef6](live_neural): decode=0.1ms, inference=18.1ms, second_pass=0.0ms, contention=0.0ms, TOTAL=18.5ms | audio=600ms, RTF=0.03x | model=enhanced_mel, neural_total=17.7ms, model_inference=10.8ms
[TIMING] EnhancedMel.transcribe: audio_to_gpu=0.3ms, features=0.4ms, model=11.7ms, decode=5.4ms | TOTAL=17.9ms for 3000ms audio (RTF=0.01x)
[TIMING] stream_chunk[experiment-1c6d570c4a2043489c1436fd0a7f9ef6](live_neural): decode=0.2ms, inference=20.4ms, second_pass=0.0ms, contention=0.0ms, TOTAL=20.8ms | audio=600ms, RTF=0.03x | model=enhanced_mel, neural_total=20.0ms, model_inference=11.7ms
[TIMING] EnhancedMel.transcribe: audio_to_gpu=0.2ms, features=1.1ms, model=12.2ms, decode=6.2ms | TOTAL=19.7ms for 3000ms audio (RTF=0.01x)
[TIMING] stream_chunk[experiment-1c6d570c4a2043489c1436fd0a7f9ef6](live_neural): decode=0.1ms, inference=23.1ms, second_pass=0.0ms, contention=0.0ms, TOTAL=23.4ms | audio=600ms, RTF=0.04x | model=enhanced_mel, neural_total=22.6ms, model_inference=12.2ms
[TIMING] EnhancedMel.transcribe: audio_to_gpu=0.2ms, features=0.5ms, model=11.7ms, decode=5.4ms | TOTAL=17.9ms for 3000ms audio (RTF=0.01x)
[TIMING] stream_chunk[experiment-1c6d570c4a2043489c1436fd0a7f9ef6](live_neural): decode=0.1ms, inference=20.1ms, second_pass=0.0ms, contention=0.0ms, TOTAL=20.5ms | audio=600ms, RTF=0.03x | model=enhanced_mel, neural_total=19.8ms, model_inference=11.7ms
[TIMING] EnhancedMel.transcribe: audio_to_gpu=0.3ms, features=0.5ms, model=11.9ms, decode=5.5ms | TOTAL=18.3ms for 3000ms audio (RTF=0.01x)
[TIMING] stream_chunk[experiment-1c6d570c4a2043489c1436fd0a7f9ef6](live_neural): decode=0.1ms, inference=21.0ms, second_pass=0.0ms, contention=0.0ms, TOTAL=21.2ms | audio=600ms, RTF=0.04x | model=enhanced_mel, neural_total=20.6ms, model_inference=11.9ms
[TIMING] EnhancedMel.transcribe: audio_to_gpu=0.2ms, features=0.4ms, model=11.8ms, decode=5.4ms | TOTAL=17.8ms for 3000ms audio (RTF=0.01x)
[TIMING] stream_chunk[experiment-1c6d570c4a2043489c1436fd0a7f9ef6](live_neural): decode=0.1ms, inference=20.1ms, second_pass=0.0ms, contention=0.0ms, TOTAL=20.3ms | audio=600ms, RTF=0.03x | model=enhanced_mel, neural_total=19.7ms, model_inference=11.8ms
[TIMING] EnhancedMel.transcribe: audio_to_gpu=0.3ms, features=0.5ms, model=11.5ms, decode=5.6ms | TOTAL=17.9ms for 3000ms audio (RTF=0.01x)
[TIMING] stream_chunk[experiment-1c6d570c4a2043489c1436fd0a7f9ef6](live_neural): decode=0.1ms, inference=21.4ms, second_pass=0.0ms, contention=0.0ms, TOTAL=21.6ms | audio=600ms, RTF=0.04x | model=enhanced_mel, neural_total=21.0ms, model_inference=11.5ms
[TIMING] EnhancedMel.transcribe: audio_to_gpu=0.5ms, features=0.8ms, model=20.5ms, decode=1.4ms | TOTAL=23.1ms for 600ms audio (RTF=0.04x)
[TIMING] stream_chunk[experiment-826a9045aa084daab64f88113ee8208d](live_neural): decode=0.1ms, inference=24.6ms, second_pass=0.0ms, contention=0.0ms, TOTAL=24.8ms | audio=600ms, RTF=0.04x | model=enhanced_mel, neural_total=24.2ms, model_inference=20.5ms
[TIMING] EnhancedMel.transcribe: audio_to_gpu=0.2ms, features=0.3ms, model=10.1ms, decode=2.3ms | TOTAL=12.9ms for 1200ms audio (RTF=0.01x)
[TIMING] stream_chunk[experiment-826a9045aa084daab64f88113ee8208d](live_neural): decode=0.1ms, inference=14.5ms, second_pass=0.0ms, contention=0.0ms, TOTAL=14.8ms | audio=600ms, RTF=0.02x | model=enhanced_mel, neural_total=14.2ms, model_inference=10.1ms
[TIMING] EnhancedMel.transcribe: audio_to_gpu=0.1ms, features=0.9ms, model=10.6ms, decode=3.4ms | TOTAL=15.1ms for 1800ms audio (RTF=0.01x)
[TIMING] stream_chunk[experiment-826a9045aa084daab64f88113ee8208d](live_neural): decode=0.1ms, inference=17.1ms, second_pass=0.0ms, contention=0.0ms, TOTAL=17.3ms | audio=600ms, RTF=0.03x | model=enhanced_mel, neural_total=16.7ms, model_inference=10.6ms
[TIMING] EnhancedMel.transcribe: audio_to_gpu=0.2ms, features=0.4ms, model=11.3ms, decode=4.5ms | TOTAL=16.3ms for 2400ms audio (RTF=0.01x)
[TIMING] stream_chunk[experiment-826a9045aa084daab64f88113ee8208d](live_neural): decode=0.1ms, inference=18.5ms, second_pass=0.0ms, contention=0.0ms, TOTAL=18.7ms | audio=600ms, RTF=0.03x | model=enhanced_mel, neural_total=18.1ms, model_inference=11.3ms
[TIMING] EnhancedMel.transcribe: audio_to_gpu=0.1ms, features=0.4ms, model=12.8ms, decode=5.8ms | TOTAL=19.1ms for 3000ms audio (RTF=0.01x)
[TIMING] stream_chunk[experiment-826a9045aa084daab64f88113ee8208d](live_neural): decode=0.1ms, inference=21.9ms, second_pass=0.0ms, contention=0.0ms, TOTAL=22.2ms | audio=600ms, RTF=0.04x | model=enhanced_mel, neural_total=21.6ms, model_inference=12.8ms
[TIMING] EnhancedMel.transcribe: audio_to_gpu=0.3ms, features=0.5ms, model=13.5ms, decode=5.5ms | TOTAL=19.7ms for 3000ms audio (RTF=0.01x)
[TIMING] stream_chunk[experiment-826a9045aa084daab64f88113ee8208d](live_neural): decode=0.2ms, inference=22.0ms, second_pass=0.0ms, contention=0.0ms, TOTAL=22.3ms | audio=600ms, RTF=0.04x | model=enhanced_mel, neural_total=21.6ms, model_inference=13.5ms
[TIMING] EnhancedMel.transcribe: audio_to_gpu=0.3ms, features=0.5ms, model=11.4ms, decode=5.4ms | TOTAL=17.7ms for 3000ms audio (RTF=0.01x)
[TIMING] stream_chunk[experiment-826a9045aa084daab64f88113ee8208d](live_neural): decode=0.1ms, inference=20.0ms, second_pass=0.0ms, contention=0.0ms, TOTAL=20.3ms | audio=600ms, RTF=0.03x | model=enhanced_mel, neural_total=19.7ms, model_inference=11.4ms
[TIMING] EnhancedMel.transcribe: audio_to_gpu=0.2ms, features=4.7ms, model=11.8ms, decode=5.7ms | TOTAL=22.5ms for 3000ms audio (RTF=0.01x)
[TIMING] stream_chunk[experiment-826a9045aa084daab64f88113ee8208d](live_neural): decode=0.1ms, inference=24.8ms, second_pass=0.0ms, contention=0.0ms, TOTAL=25.1ms | audio=600ms, RTF=0.04x | model=enhanced_mel, neural_total=24.4ms, model_inference=11.8ms
[TIMING] EnhancedMel.transcribe: audio_to_gpu=0.4ms, features=0.6ms, model=12.3ms, decode=5.6ms | TOTAL=18.9ms for 3000ms audio (RTF=0.01x)
[TIMING] stream_chunk[experiment-826a9045aa084daab64f88113ee8208d](live_neural): decode=0.1ms, inference=22.3ms, second_pass=0.0ms, contention=0.0ms, TOTAL=22.6ms | audio=600ms, RTF=0.04x | model=enhanced_mel, neural_total=21.8ms, model_inference=12.3ms
[TIMING] EnhancedMel.transcribe: audio_to_gpu=0.3ms, features=0.5ms, model=11.5ms, decode=5.6ms | TOTAL=17.9ms for 3000ms audio (RTF=0.01x)
[TIMING] stream_chunk[experiment-826a9045aa084daab64f88113ee8208d](live_neural): decode=0.1ms, inference=20.3ms, second_pass=0.0ms, contention=0.0ms, TOTAL=20.6ms | audio=600ms, RTF=0.03x | model=enhanced_mel, neural_total=19.8ms, model_inference=11.5ms

[CLIP_042] Sonata in D Major, K. 96 L. 465
  excerpt: start=63.00s end=69.00s duration=6.00s gt_notes=91 rms=0.0446 peak=0.2839 crest=6.358 rms_std=0.0114
    control:
      note metrics: precision=0.968 recall=0.989 f1=0.978 matched=90/91 pred=93
      strict onset f1: 10ms=0.902 20ms=0.978 30ms=0.978
      timing metrics: offset_f1=0.946 rhythm_precision=0.967 note_value_acc=0.589 note_value_n=90 avg_beat_error=0.112
      duplicate metrics: duplicates=0 per_100_notes=0.00
      boundary metrics: gt=25 matched=25 missed=0 miss_rate=0.000
      latency: avg_chunk_ms=19.60 p95_chunk_ms=22.62 avg_rtf=0.033
      notation metrics: first_correct_ms=131.4 visible_p50_ms=132.0 visible_p95_ms=492.5 stabilize_p50_ms=3326.3 stabilize_p95_ms=4770.0 avg_revisions=1.67 matched=3 refined=3 snapshots=15
      algorithmic latency: first_correct_ms=110.7 visible_p50_ms=111.5 visible_p95_ms=474.5 stabilize_p50_ms=3110.7 stabilize_p95_ms=4554.4
      final display note metrics: precision=0.968 recall=0.989 f1=0.978 matched=90/91 pred=93
      final display strict onset f1: 10ms=0.902 20ms=0.978 30ms=0.978
      final display timing: offset_f1=0.946 rhythm_precision=0.967 note_value_acc=0.300 note_value_n=90 avg_beat_error=0.380
      final display structure: cluster_f1=0.903 onset_align_recall=1.000 avg_jaccard=0.981 exact=28/30 pred=32 over=1 under=1 pitch_conflicts=0 missed_gt=0
      threshold profiles: hit_rate=0.000 thresholds=[0.75] profiles={'fixed_baseline': 10}
    treatment:
      note metrics: precision=0.968 recall=0.989 f1=0.978 matched=90/91 pred=93
      strict onset f1: 10ms=0.902 20ms=0.978 30ms=0.978
      timing metrics: offset_f1=0.946 rhythm_precision=0.967 note_value_acc=0.589 note_value_n=90 avg_beat_error=0.112
      duplicate metrics: duplicates=0 per_100_notes=0.00
      boundary metrics: gt=25 matched=25 missed=0 miss_rate=0.000
      latency: avg_chunk_ms=20.87 p95_chunk_ms=24.96 avg_rtf=0.035
      notation metrics: first_correct_ms=131.8 visible_p50_ms=132.9 visible_p95_ms=492.2 stabilize_p50_ms=3328.3 stabilize_p95_ms=4772.1 avg_revisions=1.67 matched=3 refined=3 snapshots=15
      algorithmic latency: first_correct_ms=110.7 visible_p50_ms=111.5 visible_p95_ms=474.5 stabilize_p50_ms=3110.7 stabilize_p95_ms=4554.4
      final display note metrics: precision=0.968 recall=0.989 f1=0.978 matched=90/91 pred=93
      final display strict onset f1: 10ms=0.902 20ms=0.978 30ms=0.978
      final display timing: offset_f1=0.946 rhythm_precision=0.967 note_value_acc=0.300 note_value_n=90 avg_beat_error=0.380
      final display structure: cluster_f1=0.903 onset_align_recall=1.000 avg_jaccard=0.981 exact=28/30 pred=32 over=1 under=1 pitch_conflicts=0 missed_gt=0
      threshold profiles: hit_rate=0.000 thresholds=[0.75] profiles={'baseline_nominal': 10}
    delta treatment-control: precision=+0.000 recall=+0.000 f1=+0.000 offset_f1=+0.000 note_value_acc=+0.000 dup_per_100=+0.00 boundary_miss_rate=+0.000 p95_chunk_ms=+2.34 f1_10ms=+0.000 f1_20ms=+0.000 f1_30ms=+0.000 visible_p50_ms=+0.9 stabilize_p50_ms=+2.0 algo_visible_p50_ms=+0.0 algo_stabilize_p50_ms=+0.0 avg_revisions=+0.00 display_note_f1=+0.000 display_offset_f1=+0.000 display_cluster_f1=+0.000 display_cluster_jaccard=+0.000
    failure buckets: ['high_revision_slow_stabilization']
[TIMING] EnhancedMel.transcribe: audio_to_gpu=0.4ms, features=0.6ms, model=10.1ms, decode=1.3ms | TOTAL=12.4ms for 600ms audio (RTF=0.02x)
[TIMING] stream_chunk[experiment-36ffa915710d4cd7a00da18c08bbdc0a](live_neural): decode=0.1ms, inference=14.0ms, second_pass=0.0ms, contention=0.0ms, TOTAL=14.2ms | audio=600ms, RTF=0.02x | model=enhanced_mel, neural_total=13.5ms, model_inference=10.1ms
[TIMING] EnhancedMel.transcribe: audio_to_gpu=0.1ms, features=0.3ms, model=10.2ms, decode=2.3ms | TOTAL=12.9ms for 1200ms audio (RTF=0.01x)
[TIMING] stream_chunk[experiment-36ffa915710d4cd7a00da18c08bbdc0a](live_neural): decode=0.2ms, inference=14.5ms, second_pass=0.0ms, contention=0.0ms, TOTAL=14.8ms | audio=600ms, RTF=0.02x | model=enhanced_mel, neural_total=14.2ms, model_inference=10.2ms
[TIMING] EnhancedMel.transcribe: audio_to_gpu=0.1ms, features=0.3ms, model=10.9ms, decode=3.3ms | TOTAL=14.7ms for 1800ms audio (RTF=0.01x)
[TIMING] stream_chunk[experiment-36ffa915710d4cd7a00da18c08bbdc0a](live_neural): decode=0.1ms, inference=16.6ms, second_pass=0.0ms, contention=0.0ms, TOTAL=16.8ms | audio=600ms, RTF=0.03x | model=enhanced_mel, neural_total=16.3ms, model_inference=10.9ms
[TIMING] EnhancedMel.transcribe: audio_to_gpu=0.1ms, features=0.4ms, model=11.2ms, decode=4.2ms | TOTAL=15.9ms for 2400ms audio (RTF=0.01x)
[TIMING] stream_chunk[experiment-36ffa915710d4cd7a00da18c08bbdc0a](live_neural): decode=0.1ms, inference=18.0ms, second_pass=0.0ms, contention=0.0ms, TOTAL=18.2ms | audio=600ms, RTF=0.03x | model=enhanced_mel, neural_total=17.6ms, model_inference=11.2ms
[TIMING] EnhancedMel.transcribe: audio_to_gpu=0.2ms, features=2.0ms, model=11.5ms, decode=5.3ms | TOTAL=19.0ms for 3000ms audio (RTF=0.01x)
[TIMING] stream_chunk[experiment-36ffa915710d4cd7a00da18c08bbdc0a](live_neural): decode=0.1ms, inference=21.6ms, second_pass=0.0ms, contention=0.0ms, TOTAL=21.9ms | audio=600ms, RTF=0.04x | model=enhanced_mel, neural_total=21.1ms, model_inference=11.5ms
[TIMING] EnhancedMel.transcribe: audio_to_gpu=0.2ms, features=0.5ms, model=11.9ms, decode=5.9ms | TOTAL=18.5ms for 3000ms audio (RTF=0.01x)
[TIMING] stream_chunk[experiment-36ffa915710d4cd7a00da18c08bbdc0a](live_neural): decode=0.1ms, inference=22.5ms, second_pass=0.0ms, contention=0.0ms, TOTAL=22.8ms | audio=600ms, RTF=0.04x | model=enhanced_mel, neural_total=22.1ms, model_inference=11.9ms
[TIMING] EnhancedMel.transcribe: audio_to_gpu=0.2ms, features=0.5ms, model=12.0ms, decode=5.3ms | TOTAL=18.1ms for 3000ms audio (RTF=0.01x)
[TIMING] stream_chunk[experiment-36ffa915710d4cd7a00da18c08bbdc0a](live_neural): decode=0.1ms, inference=20.5ms, second_pass=0.0ms, contention=0.0ms, TOTAL=20.9ms | audio=600ms, RTF=0.03x | model=enhanced_mel, neural_total=20.1ms, model_inference=12.0ms
[TIMING] EnhancedMel.transcribe: audio_to_gpu=0.2ms, features=0.5ms, model=11.7ms, decode=5.3ms | TOTAL=17.7ms for 3000ms audio (RTF=0.01x)
[TIMING] stream_chunk[experiment-36ffa915710d4cd7a00da18c08bbdc0a](live_neural): decode=0.1ms, inference=19.9ms, second_pass=0.0ms, contention=0.0ms, TOTAL=20.1ms | audio=600ms, RTF=0.03x | model=enhanced_mel, neural_total=19.6ms, model_inference=11.7ms
[TIMING] EnhancedMel.transcribe: audio_to_gpu=0.6ms, features=0.7ms, model=18.7ms, decode=5.5ms | TOTAL=25.5ms for 3000ms audio (RTF=0.01x)
[TIMING] stream_chunk[experiment-36ffa915710d4cd7a00da18c08bbdc0a](live_neural): decode=0.1ms, inference=28.1ms, second_pass=0.0ms, contention=0.0ms, TOTAL=28.4ms | audio=600ms, RTF=0.05x | model=enhanced_mel, neural_total=27.7ms, model_inference=18.7ms
[TIMING] EnhancedMel.transcribe: audio_to_gpu=0.4ms, features=0.7ms, model=20.6ms, decode=5.8ms | TOTAL=27.4ms for 3000ms audio (RTF=0.01x)
[TIMING] stream_chunk[experiment-36ffa915710d4cd7a00da18c08bbdc0a](live_neural): decode=0.1ms, inference=29.8ms, second_pass=0.0ms, contention=0.0ms, TOTAL=30.2ms | audio=600ms, RTF=0.05x | model=enhanced_mel, neural_total=29.4ms, model_inference=20.6ms
[TIMING] EnhancedMel.transcribe: audio_to_gpu=0.4ms, features=0.5ms, model=12.7ms, decode=1.3ms | TOTAL=14.8ms for 600ms audio (RTF=0.02x)
[TIMING] stream_chunk[experiment-01038774b0f0458aa773f696592f037e](live_neural): decode=0.1ms, inference=17.2ms, second_pass=0.0ms, contention=0.0ms, TOTAL=17.4ms | audio=600ms, RTF=0.03x | model=enhanced_mel, neural_total=16.7ms, model_inference=12.7ms
[TIMING] EnhancedMel.transcribe: audio_to_gpu=0.2ms, features=0.4ms, model=10.0ms, decode=2.3ms | TOTAL=12.9ms for 1200ms audio (RTF=0.01x)
[TIMING] stream_chunk[experiment-01038774b0f0458aa773f696592f037e](live_neural): decode=0.1ms, inference=14.7ms, second_pass=0.0ms, contention=0.0ms, TOTAL=14.9ms | audio=600ms, RTF=0.02x | model=enhanced_mel, neural_total=14.3ms, model_inference=10.0ms
[TIMING] EnhancedMel.transcribe: audio_to_gpu=0.3ms, features=0.5ms, model=10.8ms, decode=4.0ms | TOTAL=15.5ms for 1800ms audio (RTF=0.01x)
[TIMING] stream_chunk[experiment-01038774b0f0458aa773f696592f037e](live_neural): decode=0.1ms, inference=18.0ms, second_pass=0.0ms, contention=0.0ms, TOTAL=18.2ms | audio=600ms, RTF=0.03x | model=enhanced_mel, neural_total=17.6ms, model_inference=10.8ms
[TIMING] EnhancedMel.transcribe: audio_to_gpu=0.3ms, features=0.5ms, model=15.2ms, decode=4.5ms | TOTAL=20.6ms for 2400ms audio (RTF=0.01x)
[TIMING] stream_chunk[experiment-01038774b0f0458aa773f696592f037e](live_neural): decode=0.1ms, inference=22.9ms, second_pass=0.0ms, contention=0.0ms, TOTAL=23.1ms | audio=600ms, RTF=0.04x | model=enhanced_mel, neural_total=22.4ms, model_inference=15.2ms
[TIMING] EnhancedMel.transcribe: audio_to_gpu=0.4ms, features=0.5ms, model=12.0ms, decode=5.4ms | TOTAL=18.3ms for 3000ms audio (RTF=0.01x)
[TIMING] stream_chunk[experiment-01038774b0f0458aa773f696592f037e](live_neural): decode=0.2ms, inference=20.6ms, second_pass=0.0ms, contention=0.0ms, TOTAL=20.9ms | audio=600ms, RTF=0.03x | model=enhanced_mel, neural_total=20.2ms, model_inference=12.0ms
[TIMING] EnhancedMel.transcribe: audio_to_gpu=0.2ms, features=0.5ms, model=12.2ms, decode=5.3ms | TOTAL=18.2ms for 3000ms audio (RTF=0.01x)
[TIMING] stream_chunk[experiment-01038774b0f0458aa773f696592f037e](live_neural): decode=0.1ms, inference=20.5ms, second_pass=0.0ms, contention=0.0ms, TOTAL=20.8ms | audio=600ms, RTF=0.03x | model=enhanced_mel, neural_total=20.2ms, model_inference=12.2ms
[TIMING] EnhancedMel.transcribe: audio_to_gpu=0.3ms, features=0.6ms, model=13.0ms, decode=5.4ms | TOTAL=19.3ms for 3000ms audio (RTF=0.01x)
[TIMING] stream_chunk[experiment-01038774b0f0458aa773f696592f037e](live_neural): decode=0.1ms, inference=21.6ms, second_pass=0.0ms, contention=0.0ms, TOTAL=21.9ms | audio=600ms, RTF=0.04x | model=enhanced_mel, neural_total=21.3ms, model_inference=13.0ms
[TIMING] EnhancedMel.transcribe: audio_to_gpu=0.3ms, features=0.5ms, model=11.9ms, decode=5.2ms | TOTAL=17.9ms for 3000ms audio (RTF=0.01x)
[TIMING] stream_chunk[experiment-01038774b0f0458aa773f696592f037e](live_neural): decode=0.1ms, inference=20.4ms, second_pass=0.0ms, contention=0.0ms, TOTAL=20.7ms | audio=600ms, RTF=0.03x | model=enhanced_mel, neural_total=19.9ms, model_inference=11.9ms
[TIMING] EnhancedMel.transcribe: audio_to_gpu=0.2ms, features=0.4ms, model=11.6ms, decode=5.3ms | TOTAL=17.5ms for 3000ms audio (RTF=0.01x)
[TIMING] stream_chunk[experiment-01038774b0f0458aa773f696592f037e](live_neural): decode=0.1ms, inference=19.9ms, second_pass=0.0ms, contention=0.0ms, TOTAL=20.2ms | audio=600ms, RTF=0.03x | model=enhanced_mel, neural_total=19.4ms, model_inference=11.6ms
[TIMING] EnhancedMel.transcribe: audio_to_gpu=0.4ms, features=3.8ms, model=12.1ms, decode=5.3ms | TOTAL=21.5ms for 3000ms audio (RTF=0.01x)
[TIMING] stream_chunk[experiment-01038774b0f0458aa773f696592f037e](live_neural): decode=0.1ms, inference=23.9ms, second_pass=0.0ms, contention=0.0ms, TOTAL=24.2ms | audio=600ms, RTF=0.04x | model=enhanced_mel, neural_total=23.5ms, model_inference=12.1ms

[CLIP_043] Sonata in D Minor, K. 9 L. 413
  excerpt: start=12.00s end=18.00s duration=6.00s gt_notes=72 rms=0.0332 peak=0.1817 crest=5.471 rms_std=0.0120
    control:
      note metrics: precision=0.947 recall=0.986 f1=0.966 matched=71/72 pred=75
      strict onset f1: 10ms=0.844 20ms=0.966 30ms=0.966
      timing metrics: offset_f1=0.966 rhythm_precision=0.986 note_value_acc=0.493 note_value_n=71 avg_beat_error=0.054
      duplicate metrics: duplicates=3 per_100_notes=4.00
      boundary metrics: gt=20 matched=20 missed=0 miss_rate=0.000
      latency: avg_chunk_ms=20.83 p95_chunk_ms=29.38 avg_rtf=0.035
      notation metrics: first_correct_ms=19.3 visible_p50_ms=270.8 visible_p95_ms=572.9 stabilize_p50_ms=747.2 stabilize_p95_ms=3143.9 avg_revisions=0.86 matched=14 refined=14 snapshots=17
      algorithmic latency: first_correct_ms=0.0 visible_p50_ms=242.4 visible_p95_ms=543.9 stabilize_p50_ms=513.3 stabilize_p95_ms=2702.0
      final display note metrics: precision=0.986 recall=0.986 f1=0.986 matched=71/72 pred=72
      final display strict onset f1: 10ms=0.847 20ms=0.986 30ms=0.986
      final display timing: offset_f1=0.972 rhythm_precision=0.986 note_value_acc=0.380 note_value_n=71 avg_beat_error=0.183
      final display structure: cluster_f1=0.959 onset_align_recall=1.000 avg_jaccard=0.986 exact=35/36 pred=37 over=0 under=1 pitch_conflicts=0 missed_gt=0
      threshold profiles: hit_rate=0.000 thresholds=[0.75] profiles={'fixed_baseline': 10}
    treatment:
      note metrics: precision=0.934 recall=0.986 f1=0.959 matched=71/72 pred=76
      strict onset f1: 10ms=0.838 20ms=0.959 30ms=0.959
      timing metrics: offset_f1=0.959 rhythm_precision=0.986 note_value_acc=0.493 note_value_n=71 avg_beat_error=0.054
      duplicate metrics: duplicates=3 per_100_notes=3.95
      boundary metrics: gt=20 matched=20 missed=0 miss_rate=0.000
      latency: avg_chunk_ms=20.24 p95_chunk_ms=23.70 avg_rtf=0.034
      notation metrics: first_correct_ms=18.3 visible_p50_ms=262.7 visible_p95_ms=565.5 stabilize_p50_ms=1886.6 stabilize_p95_ms=3177.6 avg_revisions=1.71 matched=14 refined=14 snapshots=17
      algorithmic latency: first_correct_ms=0.0 visible_p50_ms=242.4 visible_p95_ms=543.9 stabilize_p50_ms=842.4 stabilize_p95_ms=2737.4
      final display note metrics: precision=0.973 recall=0.986 f1=0.979 matched=71/72 pred=73
      final display strict onset f1: 10ms=0.841 20ms=0.979 30ms=0.979
      final display timing: offset_f1=0.966 rhythm_precision=0.986 note_value_acc=0.451 note_value_n=71 avg_beat_error=0.098
      final display structure: cluster_f1=0.946 onset_align_recall=1.000 avg_jaccard=0.986 exact=35/36 pred=38 over=0 under=1 pitch_conflicts=0 missed_gt=0
      threshold profiles: hit_rate=0.300 thresholds=[0.71, 0.75] profiles={'baseline_nominal': 7, 'soft_sparse_recall': 3}
    delta treatment-control: precision=-0.012 recall=+0.000 f1=-0.007 offset_f1=-0.007 note_value_acc=+0.000 dup_per_100=-0.05 boundary_miss_rate=+0.000 p95_chunk_ms=-5.68 f1_10ms=-0.006 f1_20ms=-0.007 f1_30ms=-0.007 visible_p50_ms=-8.1 stabilize_p50_ms=+1139.5 algo_visible_p50_ms=+0.0 algo_stabilize_p50_ms=+329.2 avg_revisions=+0.86 display_note_f1=-0.007 display_offset_f1=-0.007 display_cluster_f1=-0.013 display_cluster_jaccard=+0.000
    failure buckets: ['runtime_only_win', 'high_revision_slow_stabilization', 'note_value_offset_failure']
[TIMING] EnhancedMel.transcribe: audio_to_gpu=0.4ms, features=0.6ms, model=10.0ms, decode=1.3ms | TOTAL=12.3ms for 600ms audio (RTF=0.02x)
[TIMING] stream_chunk[experiment-ed32111e8ee041ecbdf0c79f4f36265d](live_neural): decode=0.2ms, inference=14.8ms, second_pass=0.0ms, contention=0.0ms, TOTAL=15.1ms | audio=600ms, RTF=0.03x | model=enhanced_mel, neural_total=14.4ms, model_inference=10.0ms
[TIMING] EnhancedMel.transcribe: audio_to_gpu=0.1ms, features=0.3ms, model=10.4ms, decode=2.2ms | TOTAL=13.1ms for 1200ms audio (RTF=0.01x)
[TIMING] stream_chunk[experiment-ed32111e8ee041ecbdf0c79f4f36265d](live_neural): decode=0.2ms, inference=15.2ms, second_pass=0.0ms, contention=0.0ms, TOTAL=15.5ms | audio=600ms, RTF=0.03x | model=enhanced_mel, neural_total=14.9ms, model_inference=10.4ms
[TIMING] EnhancedMel.transcribe: audio_to_gpu=0.2ms, features=0.4ms, model=10.6ms, decode=3.2ms | TOTAL=14.4ms for 1800ms audio (RTF=0.01x)
[TIMING] stream_chunk[experiment-ed32111e8ee041ecbdf0c79f4f36265d](live_neural): decode=0.1ms, inference=16.2ms, second_pass=0.0ms, contention=0.0ms, TOTAL=16.4ms | audio=600ms, RTF=0.03x | model=enhanced_mel, neural_total=16.0ms, model_inference=10.6ms
[TIMING] EnhancedMel.transcribe: audio_to_gpu=0.2ms, features=0.4ms, model=12.1ms, decode=4.2ms | TOTAL=16.9ms for 2400ms audio (RTF=0.01x)
[TIMING] stream_chunk[experiment-ed32111e8ee041ecbdf0c79f4f36265d](live_neural): decode=0.2ms, inference=19.3ms, second_pass=0.0ms, contention=0.0ms, TOTAL=19.6ms | audio=600ms, RTF=0.03x | model=enhanced_mel, neural_total=18.8ms, model_inference=12.1ms
[TIMING] EnhancedMel.transcribe: audio_to_gpu=0.2ms, features=0.4ms, model=12.2ms, decode=5.1ms | TOTAL=17.9ms for 3000ms audio (RTF=0.01x)
[TIMING] stream_chunk[experiment-ed32111e8ee041ecbdf0c79f4f36265d](live_neural): decode=0.2ms, inference=20.1ms, second_pass=0.0ms, contention=0.0ms, TOTAL=20.5ms | audio=600ms, RTF=0.03x | model=enhanced_mel, neural_total=19.8ms, model_inference=12.2ms
[TIMING] EnhancedMel.transcribe: audio_to_gpu=0.4ms, features=0.7ms, model=11.6ms, decode=5.1ms | TOTAL=17.8ms for 3000ms audio (RTF=0.01x)
[TIMING] stream_chunk[experiment-ed32111e8ee041ecbdf0c79f4f36265d](live_neural): decode=0.1ms, inference=20.3ms, second_pass=0.0ms, contention=0.0ms, TOTAL=20.5ms | audio=600ms, RTF=0.03x | model=enhanced_mel, neural_total=19.8ms, model_inference=11.6ms
[TIMING] EnhancedMel.transcribe: audio_to_gpu=0.2ms, features=0.5ms, model=11.9ms, decode=5.4ms | TOTAL=17.9ms for 3000ms audio (RTF=0.01x)
[TIMING] stream_chunk[experiment-ed32111e8ee041ecbdf0c79f4f36265d](live_neural): decode=0.1ms, inference=20.0ms, second_pass=0.0ms, contention=0.0ms, TOTAL=20.2ms | audio=600ms, RTF=0.03x | model=enhanced_mel, neural_total=19.7ms, model_inference=11.9ms
[TIMING] EnhancedMel.transcribe: audio_to_gpu=0.1ms, features=0.4ms, model=12.2ms, decode=5.3ms | TOTAL=18.0ms for 3000ms audio (RTF=0.01x)
[TIMING] stream_chunk[experiment-ed32111e8ee041ecbdf0c79f4f36265d](live_neural): decode=0.2ms, inference=20.2ms, second_pass=0.0ms, contention=0.0ms, TOTAL=20.5ms | audio=600ms, RTF=0.03x | model=enhanced_mel, neural_total=19.9ms, model_inference=12.2ms
[TIMING] EnhancedMel.transcribe: audio_to_gpu=0.3ms, features=0.5ms, model=11.3ms, decode=5.3ms | TOTAL=17.4ms for 3000ms audio (RTF=0.01x)
[TIMING] stream_chunk[experiment-ed32111e8ee041ecbdf0c79f4f36265d](live_neural): decode=0.1ms, inference=19.6ms, second_pass=0.0ms, contention=0.0ms, TOTAL=19.9ms | audio=600ms, RTF=0.03x | model=enhanced_mel, neural_total=19.2ms, model_inference=11.3ms
[TIMING] EnhancedMel.transcribe: audio_to_gpu=0.2ms, features=0.5ms, model=11.4ms, decode=5.4ms | TOTAL=17.5ms for 3000ms audio (RTF=0.01x)
[TIMING] stream_chunk[experiment-ed32111e8ee041ecbdf0c79f4f36265d](live_neural): decode=0.1ms, inference=19.8ms, second_pass=0.0ms, contention=0.0ms, TOTAL=20.0ms | audio=600ms, RTF=0.03x | model=enhanced_mel, neural_total=19.3ms, model_inference=11.4ms
[TIMING] EnhancedMel.transcribe: audio_to_gpu=0.5ms, features=0.8ms, model=21.0ms, decode=1.4ms | TOTAL=23.7ms for 600ms audio (RTF=0.04x)
[TIMING] stream_chunk[experiment-56122f9d972a44858ae8e6170ec3b4ea](live_neural): decode=0.1ms, inference=25.4ms, second_pass=0.0ms, contention=0.0ms, TOTAL=25.6ms | audio=600ms, RTF=0.04x | model=enhanced_mel, neural_total=25.0ms, model_inference=21.0ms
[TIMING] EnhancedMel.transcribe: audio_to_gpu=0.1ms, features=0.3ms, model=9.9ms, decode=2.3ms | TOTAL=12.6ms for 1200ms audio (RTF=0.01x)
[TIMING] stream_chunk[experiment-56122f9d972a44858ae8e6170ec3b4ea](live_neural): decode=0.1ms, inference=14.3ms, second_pass=0.0ms, contention=0.0ms, TOTAL=14.5ms | audio=600ms, RTF=0.02x | model=enhanced_mel, neural_total=13.9ms, model_inference=9.9ms
[TIMING] EnhancedMel.transcribe: audio_to_gpu=0.2ms, features=0.4ms, model=11.7ms, decode=3.5ms | TOTAL=15.8ms for 1800ms audio (RTF=0.01x)
[TIMING] stream_chunk[experiment-56122f9d972a44858ae8e6170ec3b4ea](live_neural): decode=0.1ms, inference=17.8ms, second_pass=0.0ms, contention=0.0ms, TOTAL=18.0ms | audio=600ms, RTF=0.03x | model=enhanced_mel, neural_total=17.4ms, model_inference=11.7ms
[TIMING] EnhancedMel.transcribe: audio_to_gpu=0.2ms, features=0.4ms, model=11.6ms, decode=4.1ms | TOTAL=16.3ms for 2400ms audio (RTF=0.01x)
[TIMING] stream_chunk[experiment-56122f9d972a44858ae8e6170ec3b4ea](live_neural): decode=0.1ms, inference=18.3ms, second_pass=0.0ms, contention=0.0ms, TOTAL=18.5ms | audio=600ms, RTF=0.03x | model=enhanced_mel, neural_total=17.9ms, model_inference=11.6ms
[TIMING] EnhancedMel.transcribe: audio_to_gpu=0.2ms, features=0.4ms, model=12.3ms, decode=5.1ms | TOTAL=18.0ms for 3000ms audio (RTF=0.01x)
[TIMING] stream_chunk[experiment-56122f9d972a44858ae8e6170ec3b4ea](live_neural): decode=0.1ms, inference=20.2ms, second_pass=0.0ms, contention=0.0ms, TOTAL=20.4ms | audio=600ms, RTF=0.03x | model=enhanced_mel, neural_total=19.8ms, model_inference=12.3ms
[TIMING] EnhancedMel.transcribe: audio_to_gpu=0.4ms, features=0.6ms, model=18.7ms, decode=5.1ms | TOTAL=24.8ms for 3000ms audio (RTF=0.01x)
[TIMING] stream_chunk[experiment-56122f9d972a44858ae8e6170ec3b4ea](live_neural): decode=0.1ms, inference=27.2ms, second_pass=0.0ms, contention=0.0ms, TOTAL=27.4ms | audio=600ms, RTF=0.05x | model=enhanced_mel, neural_total=26.7ms, model_inference=18.7ms
[TIMING] EnhancedMel.transcribe: audio_to_gpu=0.3ms, features=0.7ms, model=12.0ms, decode=5.9ms | TOTAL=18.8ms for 3000ms audio (RTF=0.01x)
[TIMING] stream_chunk[experiment-56122f9d972a44858ae8e6170ec3b4ea](live_neural): decode=0.1ms, inference=21.2ms, second_pass=0.0ms, contention=0.0ms, TOTAL=21.4ms | audio=600ms, RTF=0.04x | model=enhanced_mel, neural_total=20.8ms, model_inference=12.0ms
[TIMING] EnhancedMel.transcribe: audio_to_gpu=0.3ms, features=0.5ms, model=13.1ms, decode=5.3ms | TOTAL=19.2ms for 3000ms audio (RTF=0.01x)
[TIMING] stream_chunk[experiment-56122f9d972a44858ae8e6170ec3b4ea](live_neural): decode=0.1ms, inference=21.4ms, second_pass=0.0ms, contention=0.0ms, TOTAL=21.6ms | audio=600ms, RTF=0.04x | model=enhanced_mel, neural_total=21.0ms, model_inference=13.1ms
[TIMING] EnhancedMel.transcribe: audio_to_gpu=0.3ms, features=0.7ms, model=11.9ms, decode=5.1ms | TOTAL=17.9ms for 3000ms audio (RTF=0.01x)
[TIMING] stream_chunk[experiment-56122f9d972a44858ae8e6170ec3b4ea](live_neural): decode=0.1ms, inference=20.4ms, second_pass=0.0ms, contention=0.0ms, TOTAL=20.7ms | audio=600ms, RTF=0.03x | model=enhanced_mel, neural_total=20.1ms, model_inference=11.9ms
[TIMING] EnhancedMel.transcribe: audio_to_gpu=0.2ms, features=0.5ms, model=13.5ms, decode=5.2ms | TOTAL=19.4ms for 3000ms audio (RTF=0.01x)
[TIMING] stream_chunk[experiment-56122f9d972a44858ae8e6170ec3b4ea](live_neural): decode=0.1ms, inference=21.6ms, second_pass=0.0ms, contention=0.0ms, TOTAL=21.8ms | audio=600ms, RTF=0.04x | model=enhanced_mel, neural_total=21.2ms, model_inference=13.5ms

[CLIP_044] Pagodas from Estampes No. 1
  excerpt: start=18.00s end=24.00s duration=6.00s gt_notes=54 rms=0.0153 peak=0.0634 crest=4.148 rms_std=0.0028
    control:
      note metrics: precision=0.851 recall=0.741 f1=0.792 matched=40/54 pred=47
      strict onset f1: 10ms=0.495 20ms=0.733 30ms=0.792
      timing metrics: offset_f1=0.396 rhythm_precision=0.450 note_value_acc=0.000 note_value_n=40 avg_beat_error=0.673
      duplicate metrics: duplicates=2 per_100_notes=4.26
      boundary metrics: gt=19 matched=12 missed=7 miss_rate=0.368
      latency: avg_chunk_ms=18.82 p95_chunk_ms=20.50 avg_rtf=0.031
      notation metrics: first_correct_ms=44.6 visible_p50_ms=240.5 visible_p95_ms=511.9 stabilize_p50_ms=2140.9 stabilize_p95_ms=3269.6 avg_revisions=2.47 matched=15 refined=15 snapshots=18
      algorithmic latency: first_correct_ms=25.0 visible_p50_ms=220.1 visible_p95_ms=491.5 stabilize_p50_ms=1846.4 stabilize_p95_ms=2837.1
      final display note metrics: precision=0.889 recall=0.741 f1=0.808 matched=40/54 pred=45
      final display strict onset f1: 10ms=0.505 20ms=0.747 30ms=0.808
      final display timing: offset_f1=0.364 rhythm_precision=0.450 note_value_acc=0.175 note_value_n=40 avg_beat_error=0.318
      final display structure: cluster_f1=0.450 onset_align_recall=0.947 avg_jaccard=0.764 exact=9/19 pred=21 over=1 under=7 pitch_conflicts=1 missed_gt=1
      threshold profiles: hit_rate=0.000 thresholds=[0.75] profiles={'fixed_baseline': 10}
    treatment:
      note metrics: precision=0.824 recall=0.778 f1=0.800 matched=42/54 pred=51
      strict onset f1: 10ms=0.476 20ms=0.724 30ms=0.781
      timing metrics: offset_f1=0.381 rhythm_precision=0.429 note_value_acc=0.000 note_value_n=42 avg_beat_error=0.696
      duplicate metrics: duplicates=3 per_100_notes=5.88
      boundary metrics: gt=19 matched=12 missed=7 miss_rate=0.368
      latency: avg_chunk_ms=21.00 p95_chunk_ms=26.59 avg_rtf=0.035
      notation metrics: first_correct_ms=43.5 visible_p50_ms=215.0 visible_p95_ms=513.2 stabilize_p50_ms=2152.6 stabilize_p95_ms=3127.3 avg_revisions=2.47 matched=15 refined=15 snapshots=16
      algorithmic latency: first_correct_ms=25.0 visible_p50_ms=194.3 visible_p95_ms=491.5 stabilize_p50_ms=1861.5 stabilize_p95_ms=2725.8
      final display note metrics: precision=0.875 recall=0.778 f1=0.824 matched=42/54 pred=48
      final display strict onset f1: 10ms=0.490 20ms=0.745 30ms=0.804
      final display timing: offset_f1=0.353 rhythm_precision=0.429 note_value_acc=0.095 note_value_n=42 avg_beat_error=0.451
      final display structure: cluster_f1=0.450 onset_align_recall=0.947 avg_jaccard=0.766 exact=9/19 pred=21 over=2 under=6 pitch_conflicts=1 missed_gt=1
      threshold profiles: hit_rate=1.000 thresholds=[0.71] profiles={'soft_sparse_recall': 10}
    delta treatment-control: precision=-0.028 recall=+0.037 f1=+0.008 offset_f1=-0.015 note_value_acc=+0.000 dup_per_100=+1.63 boundary_miss_rate=+0.000 p95_chunk_ms=+6.09 f1_10ms=-0.019 f1_20ms=-0.009 f1_30ms=-0.011 visible_p50_ms=-25.6 stabilize_p50_ms=+11.7 algo_visible_p50_ms=-25.8 algo_stabilize_p50_ms=+15.1 avg_revisions=+0.00 display_note_f1=+0.015 display_offset_f1=-0.011 display_cluster_f1=+0.000 display_cluster_jaccard=+0.002
    failure buckets: ['boundary_miss_failure', 'high_revision_slow_stabilization', 'note_value_offset_failure']
      boundary diagnostics: missed=7 by_arm={'control': 7, 'treatment': 7} tags={'control_boundary_miss': 7, 'no_control_coarse_candidate': 7}
        miss: pitch=59 onset=2.352s boundary_delta_ms=-48.4 control_coarse=False treatment_coarse=False retro=n/a
        miss: pitch=68 onset=2.368s boundary_delta_ms=-31.5 control_coarse=False treatment_coarse=False retro=n/a
        miss: pitch=63 onset=2.372s boundary_delta_ms=-27.6 control_coarse=False treatment_coarse=False retro=n/a
        ... 4 more missed boundary notes in diagnostics JSON
[TIMING] EnhancedMel.transcribe: audio_to_gpu=0.3ms, features=0.6ms, model=11.0ms, decode=1.2ms | TOTAL=13.1ms for 600ms audio (RTF=0.02x)
[TIMING] stream_chunk[experiment-bef020882f2241b384363048b6e045dd](live_neural): decode=0.2ms, inference=15.0ms, second_pass=0.0ms, contention=0.0ms, TOTAL=15.2ms | audio=600ms, RTF=0.03x | model=enhanced_mel, neural_total=14.6ms, model_inference=11.0ms
[TIMING] EnhancedMel.transcribe: audio_to_gpu=0.2ms, features=0.4ms, model=10.9ms, decode=2.9ms | TOTAL=14.3ms for 1200ms audio (RTF=0.01x)
[TIMING] stream_chunk[experiment-bef020882f2241b384363048b6e045dd](live_neural): decode=0.1ms, inference=16.3ms, second_pass=0.0ms, contention=0.0ms, TOTAL=16.5ms | audio=600ms, RTF=0.03x | model=enhanced_mel, neural_total=16.0ms, model_inference=10.9ms
[TIMING] EnhancedMel.transcribe: audio_to_gpu=0.1ms, features=0.4ms, model=11.6ms, decode=3.0ms | TOTAL=15.2ms for 1800ms audio (RTF=0.01x)
[TIMING] stream_chunk[experiment-bef020882f2241b384363048b6e045dd](live_neural): decode=0.1ms, inference=17.2ms, second_pass=0.0ms, contention=0.0ms, TOTAL=17.3ms | audio=600ms, RTF=0.03x | model=enhanced_mel, neural_total=16.7ms, model_inference=11.6ms
[TIMING] EnhancedMel.transcribe: audio_to_gpu=0.2ms, features=0.4ms, model=12.0ms, decode=4.0ms | TOTAL=16.6ms for 2400ms audio (RTF=0.01x)
[TIMING] stream_chunk[experiment-bef020882f2241b384363048b6e045dd](live_neural): decode=0.1ms, inference=18.7ms, second_pass=0.0ms, contention=0.0ms, TOTAL=18.9ms | audio=600ms, RTF=0.03x | model=enhanced_mel, neural_total=18.3ms, model_inference=12.0ms
[TIMING] EnhancedMel.transcribe: audio_to_gpu=0.3ms, features=0.6ms, model=11.9ms, decode=5.0ms | TOTAL=17.8ms for 3000ms audio (RTF=0.01x)
[TIMING] stream_chunk[experiment-bef020882f2241b384363048b6e045dd](live_neural): decode=0.1ms, inference=21.1ms, second_pass=0.0ms, contention=0.0ms, TOTAL=21.4ms | audio=600ms, RTF=0.04x | model=enhanced_mel, neural_total=20.7ms, model_inference=11.9ms
[TIMING] EnhancedMel.transcribe: audio_to_gpu=0.2ms, features=0.5ms, model=13.2ms, decode=5.3ms | TOTAL=19.2ms for 3000ms audio (RTF=0.01x)
[TIMING] stream_chunk[experiment-bef020882f2241b384363048b6e045dd](live_neural): decode=0.1ms, inference=21.5ms, second_pass=0.0ms, contention=0.0ms, TOTAL=21.7ms | audio=600ms, RTF=0.04x | model=enhanced_mel, neural_total=21.1ms, model_inference=13.2ms
[TIMING] EnhancedMel.transcribe: audio_to_gpu=0.3ms, features=0.5ms, model=12.5ms, decode=5.3ms | TOTAL=18.6ms for 3000ms audio (RTF=0.01x)
[TIMING] stream_chunk[experiment-bef020882f2241b384363048b6e045dd](live_neural): decode=0.1ms, inference=21.2ms, second_pass=0.0ms, contention=0.0ms, TOTAL=21.5ms | audio=600ms, RTF=0.04x | model=enhanced_mel, neural_total=20.6ms, model_inference=12.6ms
[TIMING] EnhancedMel.transcribe: audio_to_gpu=0.3ms, features=0.5ms, model=12.2ms, decode=5.9ms | TOTAL=19.0ms for 3000ms audio (RTF=0.01x)
[TIMING] stream_chunk[experiment-bef020882f2241b384363048b6e045dd](live_neural): decode=0.2ms, inference=21.5ms, second_pass=0.0ms, contention=0.0ms, TOTAL=21.8ms | audio=600ms, RTF=0.04x | model=enhanced_mel, neural_total=21.0ms, model_inference=12.2ms
[TIMING] EnhancedMel.transcribe: audio_to_gpu=0.3ms, features=0.5ms, model=12.5ms, decode=5.4ms | TOTAL=18.7ms for 3000ms audio (RTF=0.01x)
[TIMING] stream_chunk[experiment-bef020882f2241b384363048b6e045dd](live_neural): decode=0.1ms, inference=21.1ms, second_pass=0.0ms, contention=0.0ms, TOTAL=21.4ms | audio=600ms, RTF=0.04x | model=enhanced_mel, neural_total=20.6ms, model_inference=12.5ms
[TIMING] EnhancedMel.transcribe: audio_to_gpu=0.3ms, features=0.5ms, model=12.6ms, decode=5.5ms | TOTAL=18.9ms for 3000ms audio (RTF=0.01x)
[TIMING] stream_chunk[experiment-bef020882f2241b384363048b6e045dd](live_neural): decode=0.1ms, inference=21.4ms, second_pass=0.0ms, contention=0.0ms, TOTAL=21.7ms | audio=600ms, RTF=0.04x | model=enhanced_mel, neural_total=21.0ms, model_inference=12.6ms
[TIMING] EnhancedMel.transcribe: audio_to_gpu=0.3ms, features=0.5ms, model=10.0ms, decode=1.2ms | TOTAL=12.0ms for 600ms audio (RTF=0.02x)
[TIMING] stream_chunk[experiment-40752ba0c93744e0a52f36c27e73ccc0](live_neural): decode=0.2ms, inference=13.6ms, second_pass=0.0ms, contention=0.0ms, TOTAL=13.8ms | audio=600ms, RTF=0.02x | model=enhanced_mel, neural_total=13.2ms, model_inference=10.0ms
[TIMING] EnhancedMel.transcribe: audio_to_gpu=0.1ms, features=0.4ms, model=10.2ms, decode=2.2ms | TOTAL=12.9ms for 1200ms audio (RTF=0.01x)
[TIMING] stream_chunk[experiment-40752ba0c93744e0a52f36c27e73ccc0](live_neural): decode=0.1ms, inference=14.6ms, second_pass=0.0ms, contention=0.0ms, TOTAL=14.8ms | audio=600ms, RTF=0.02x | model=enhanced_mel, neural_total=14.1ms, model_inference=10.2ms
[TIMING] EnhancedMel.transcribe: audio_to_gpu=0.3ms, features=0.5ms, model=11.7ms, decode=3.2ms | TOTAL=15.7ms for 1800ms audio (RTF=0.01x)
[TIMING] stream_chunk[experiment-40752ba0c93744e0a52f36c27e73ccc0](live_neural): decode=0.1ms, inference=17.6ms, second_pass=0.0ms, contention=0.0ms, TOTAL=17.8ms | audio=600ms, RTF=0.03x | model=enhanced_mel, neural_total=17.2ms, model_inference=11.7ms
[TIMING] EnhancedMel.transcribe: audio_to_gpu=0.2ms, features=0.7ms, model=12.0ms, decode=4.2ms | TOTAL=17.1ms for 2400ms audio (RTF=0.01x)
[TIMING] stream_chunk[experiment-40752ba0c93744e0a52f36c27e73ccc0](live_neural): decode=0.1ms, inference=19.2ms, second_pass=0.0ms, contention=0.0ms, TOTAL=19.4ms | audio=600ms, RTF=0.03x | model=enhanced_mel, neural_total=18.8ms, model_inference=12.0ms
[TIMING] EnhancedMel.transcribe: audio_to_gpu=0.2ms, features=0.6ms, model=12.3ms, decode=6.0ms | TOTAL=19.2ms for 3000ms audio (RTF=0.01x)
[TIMING] stream_chunk[experiment-40752ba0c93744e0a52f36c27e73ccc0](live_neural): decode=0.1ms, inference=21.6ms, second_pass=0.0ms, contention=0.0ms, TOTAL=21.9ms | audio=600ms, RTF=0.04x | model=enhanced_mel, neural_total=21.1ms, model_inference=12.3ms
[TIMING] EnhancedMel.transcribe: audio_to_gpu=0.4ms, features=0.6ms, model=12.7ms, decode=5.2ms | TOTAL=18.9ms for 3000ms audio (RTF=0.01x)
[TIMING] stream_chunk[experiment-40752ba0c93744e0a52f36c27e73ccc0](live_neural): decode=0.1ms, inference=21.4ms, second_pass=0.0ms, contention=0.0ms, TOTAL=21.7ms | audio=600ms, RTF=0.04x | model=enhanced_mel, neural_total=20.9ms, model_inference=12.7ms
[TIMING] EnhancedMel.transcribe: audio_to_gpu=0.3ms, features=0.5ms, model=12.8ms, decode=5.2ms | TOTAL=18.8ms for 3000ms audio (RTF=0.01x)
[TIMING] stream_chunk[experiment-40752ba0c93744e0a52f36c27e73ccc0](live_neural): decode=0.1ms, inference=21.0ms, second_pass=0.0ms, contention=0.0ms, TOTAL=21.3ms | audio=600ms, RTF=0.04x | model=enhanced_mel, neural_total=20.6ms, model_inference=12.8ms
[TIMING] EnhancedMel.transcribe: audio_to_gpu=0.3ms, features=0.6ms, model=13.0ms, decode=5.4ms | TOTAL=19.3ms for 3000ms audio (RTF=0.01x)
[TIMING] stream_chunk[experiment-40752ba0c93744e0a52f36c27e73ccc0](live_neural): decode=0.1ms, inference=21.7ms, second_pass=0.0ms, contention=0.0ms, TOTAL=22.0ms | audio=600ms, RTF=0.04x | model=enhanced_mel, neural_total=21.3ms, model_inference=13.0ms
[TIMING] EnhancedMel.transcribe: audio_to_gpu=0.3ms, features=0.5ms, model=13.6ms, decode=5.5ms | TOTAL=19.9ms for 3000ms audio (RTF=0.01x)
[TIMING] stream_chunk[experiment-40752ba0c93744e0a52f36c27e73ccc0](live_neural): decode=0.1ms, inference=22.4ms, second_pass=0.0ms, contention=0.0ms, TOTAL=22.7ms | audio=600ms, RTF=0.04x | model=enhanced_mel, neural_total=21.9ms, model_inference=13.6ms
[TIMING] EnhancedMel.transcribe: audio_to_gpu=0.3ms, features=0.5ms, model=13.8ms, decode=5.2ms | TOTAL=19.8ms for 3000ms audio (RTF=0.01x)
[TIMING] stream_chunk[experiment-40752ba0c93744e0a52f36c27e73ccc0](live_neural): decode=0.1ms, inference=22.1ms, second_pass=0.0ms, contention=0.0ms, TOTAL=22.4ms | audio=600ms, RTF=0.04x | model=enhanced_mel, neural_total=21.7ms, model_inference=13.8ms

[CLIP_045] Sonata in C Major, K. 132
  excerpt: start=84.00s end=90.00s duration=6.00s gt_notes=69 rms=0.0391 peak=0.2202 crest=5.629 rms_std=0.0212
    control:
      note metrics: precision=0.934 recall=0.826 f1=0.877 matched=57/69 pred=61
      strict onset f1: 10ms=0.585 20ms=0.831 30ms=0.862
      timing metrics: offset_f1=0.723 rhythm_precision=0.825 note_value_acc=0.579 note_value_n=57 avg_beat_error=0.178
      duplicate metrics: duplicates=0 per_100_notes=0.00
      boundary metrics: gt=18 matched=15 missed=3 miss_rate=0.167
      latency: avg_chunk_ms=19.75 p95_chunk_ms=21.78 avg_rtf=0.033
      notation metrics: first_correct_ms=28.8 visible_p50_ms=347.2 visible_p95_ms=616.5 stabilize_p50_ms=1571.6 stabilize_p95_ms=2146.1 avg_revisions=1.45 matched=49 refined=49 snapshots=19
      algorithmic latency: first_correct_ms=7.3 visible_p50_ms=325.8 visible_p95_ms=594.9 stabilize_p50_ms=1122.1 stabilize_p95_ms=1736.0
      final display note metrics: precision=0.933 recall=0.812 f1=0.868 matched=56/69 pred=60
      final display strict onset f1: 10ms=0.574 20ms=0.822 30ms=0.853
      final display timing: offset_f1=0.713 rhythm_precision=0.821 note_value_acc=0.446 note_value_n=56 avg_beat_error=0.223
      final display structure: cluster_f1=0.571 onset_align_recall=0.843 avg_jaccard=0.806 exact=28/51 pred=47 over=5 under=9 pitch_conflicts=1 missed_gt=8
      threshold profiles: hit_rate=0.000 thresholds=[0.75] profiles={'fixed_baseline': 10}
    treatment:
      note metrics: precision=0.934 recall=0.826 f1=0.877 matched=57/69 pred=61
      strict onset f1: 10ms=0.585 20ms=0.831 30ms=0.862
      timing metrics: offset_f1=0.723 rhythm_precision=0.825 note_value_acc=0.579 note_value_n=57 avg_beat_error=0.178
      duplicate metrics: duplicates=0 per_100_notes=0.00
      boundary metrics: gt=18 matched=15 missed=3 miss_rate=0.167
      latency: avg_chunk_ms=19.77 p95_chunk_ms=22.55 avg_rtf=0.033
      notation metrics: first_correct_ms=28.6 visible_p50_ms=348.4 visible_p95_ms=616.3 stabilize_p50_ms=1571.8 stabilize_p95_ms=2146.6 avg_revisions=1.45 matched=49 refined=49 snapshots=19
      algorithmic latency: first_correct_ms=7.3 visible_p50_ms=325.8 visible_p95_ms=594.9 stabilize_p50_ms=1122.1 stabilize_p95_ms=1736.0
      final display note metrics: precision=0.933 recall=0.812 f1=0.868 matched=56/69 pred=60
      final display strict onset f1: 10ms=0.574 20ms=0.822 30ms=0.853
      final display timing: offset_f1=0.713 rhythm_precision=0.821 note_value_acc=0.446 note_value_n=56 avg_beat_error=0.223
      final display structure: cluster_f1=0.571 onset_align_recall=0.843 avg_jaccard=0.806 exact=28/51 pred=47 over=5 under=9 pitch_conflicts=1 missed_gt=8
      threshold profiles: hit_rate=0.400 thresholds=[0.71, 0.75] profiles={'baseline_nominal': 6, 'soft_sparse_recall': 4}
    delta treatment-control: precision=+0.000 recall=+0.000 f1=+0.000 offset_f1=+0.000 note_value_acc=+0.000 dup_per_100=+0.00 boundary_miss_rate=+0.000 p95_chunk_ms=+0.77 f1_10ms=+0.000 f1_20ms=+0.000 f1_30ms=+0.000 visible_p50_ms=+1.2 stabilize_p50_ms=+0.2 algo_visible_p50_ms=+0.0 algo_stabilize_p50_ms=+0.0 avg_revisions=+0.00 display_note_f1=+0.000 display_offset_f1=+0.000 display_cluster_f1=+0.000 display_cluster_jaccard=+0.000
    failure buckets: ['boundary_miss_failure', 'high_revision_slow_stabilization']
      boundary diagnostics: missed=3 by_arm={'control': 3, 'treatment': 3} tags={'control_boundary_miss': 3, 'no_control_coarse_candidate': 3}
        miss: pitch=70 onset=0.513s boundary_delta_ms=-87.0 control_coarse=False treatment_coarse=False retro=n/a
        miss: pitch=69 onset=0.611s boundary_delta_ms=+10.7 control_coarse=False treatment_coarse=False retro=n/a
        miss: pitch=74 onset=3.555s boundary_delta_ms=-45.3 control_coarse=False treatment_coarse=False retro=n/a
[TIMING] EnhancedMel.transcribe: audio_to_gpu=0.4ms, features=0.6ms, model=10.9ms, decode=1.3ms | TOTAL=13.2ms for 600ms audio (RTF=0.02x)
[TIMING] stream_chunk[experiment-1f909f792f87405f8367068e002eaade](live_neural): decode=0.2ms, inference=15.3ms, second_pass=0.0ms, contention=0.0ms, TOTAL=15.6ms | audio=600ms, RTF=0.03x | model=enhanced_mel, neural_total=14.8ms, model_inference=10.9ms
[TIMING] EnhancedMel.transcribe: audio_to_gpu=0.2ms, features=0.4ms, model=9.7ms, decode=2.4ms | TOTAL=12.7ms for 1200ms audio (RTF=0.01x)
[TIMING] stream_chunk[experiment-1f909f792f87405f8367068e002eaade](live_neural): decode=0.2ms, inference=14.4ms, second_pass=0.0ms, contention=0.0ms, TOTAL=14.8ms | audio=600ms, RTF=0.02x | model=enhanced_mel, neural_total=14.1ms, model_inference=9.7ms
[TIMING] EnhancedMel.transcribe: audio_to_gpu=0.3ms, features=0.7ms, model=14.4ms, decode=3.4ms | TOTAL=18.9ms for 1800ms audio (RTF=0.01x)
[TIMING] stream_chunk[experiment-1f909f792f87405f8367068e002eaade](live_neural): decode=0.3ms, inference=20.9ms, second_pass=0.0ms, contention=0.0ms, TOTAL=21.3ms | audio=600ms, RTF=0.04x | model=enhanced_mel, neural_total=20.6ms, model_inference=14.4ms
[TIMING] EnhancedMel.transcribe: audio_to_gpu=0.2ms, features=0.5ms, model=11.3ms, decode=4.5ms | TOTAL=16.5ms for 2400ms audio (RTF=0.01x)
[TIMING] stream_chunk[experiment-1f909f792f87405f8367068e002eaade](live_neural): decode=0.1ms, inference=18.8ms, second_pass=0.0ms, contention=0.0ms, TOTAL=19.1ms | audio=600ms, RTF=0.03x | model=enhanced_mel, neural_total=18.4ms, model_inference=11.3ms
[TIMING] EnhancedMel.transcribe: audio_to_gpu=0.3ms, features=0.5ms, model=12.6ms, decode=5.5ms | TOTAL=19.0ms for 3000ms audio (RTF=0.01x)
[TIMING] stream_chunk[experiment-1f909f792f87405f8367068e002eaade](live_neural): decode=0.1ms, inference=21.4ms, second_pass=0.0ms, contention=0.0ms, TOTAL=21.9ms | audio=600ms, RTF=0.04x | model=enhanced_mel, neural_total=21.0ms, model_inference=12.6ms
[TIMING] EnhancedMel.transcribe: audio_to_gpu=0.4ms, features=0.8ms, model=18.0ms, decode=5.5ms | TOTAL=24.6ms for 3000ms audio (RTF=0.01x)
[TIMING] stream_chunk[experiment-1f909f792f87405f8367068e002eaade](live_neural): decode=0.1ms, inference=27.1ms, second_pass=0.0ms, contention=0.0ms, TOTAL=27.5ms | audio=600ms, RTF=0.05x | model=enhanced_mel, neural_total=26.6ms, model_inference=18.0ms
[TIMING] EnhancedMel.transcribe: audio_to_gpu=0.3ms, features=0.5ms, model=12.3ms, decode=5.4ms | TOTAL=18.5ms for 3000ms audio (RTF=0.01x)
[TIMING] stream_chunk[experiment-1f909f792f87405f8367068e002eaade](live_neural): decode=0.1ms, inference=21.5ms, second_pass=0.0ms, contention=0.0ms, TOTAL=21.8ms | audio=600ms, RTF=0.04x | model=enhanced_mel, neural_total=21.1ms, model_inference=12.3ms
[TIMING] EnhancedMel.transcribe: audio_to_gpu=0.2ms, features=0.5ms, model=12.7ms, decode=5.6ms | TOTAL=19.0ms for 3000ms audio (RTF=0.01x)
[TIMING] stream_chunk[experiment-1f909f792f87405f8367068e002eaade](live_neural): decode=0.1ms, inference=21.3ms, second_pass=0.0ms, contention=0.0ms, TOTAL=21.6ms | audio=600ms, RTF=0.04x | model=enhanced_mel, neural_total=20.9ms, model_inference=12.7ms
[TIMING] EnhancedMel.transcribe: audio_to_gpu=0.3ms, features=0.5ms, model=13.1ms, decode=5.4ms | TOTAL=19.2ms for 3000ms audio (RTF=0.01x)
[TIMING] stream_chunk[experiment-1f909f792f87405f8367068e002eaade](live_neural): decode=0.1ms, inference=21.7ms, second_pass=0.0ms, contention=0.0ms, TOTAL=22.0ms | audio=600ms, RTF=0.04x | model=enhanced_mel, neural_total=21.2ms, model_inference=13.1ms
[TIMING] EnhancedMel.transcribe: audio_to_gpu=0.3ms, features=0.6ms, model=11.7ms, decode=5.4ms | TOTAL=18.0ms for 3000ms audio (RTF=0.01x)
[TIMING] stream_chunk[experiment-1f909f792f87405f8367068e002eaade](live_neural): decode=0.1ms, inference=20.6ms, second_pass=0.0ms, contention=0.0ms, TOTAL=20.9ms | audio=600ms, RTF=0.03x | model=enhanced_mel, neural_total=20.3ms, model_inference=11.7ms
[TIMING] EnhancedMel.transcribe: audio_to_gpu=0.2ms, features=0.5ms, model=9.9ms, decode=1.3ms | TOTAL=12.0ms for 600ms audio (RTF=0.02x)
[TIMING] stream_chunk[experiment-8039c3f0aec74206ac7247a123b4f3be](live_neural): decode=0.1ms, inference=14.3ms, second_pass=0.0ms, contention=0.0ms, TOTAL=14.6ms | audio=600ms, RTF=0.02x | model=enhanced_mel, neural_total=14.0ms, model_inference=9.9ms
[TIMING] EnhancedMel.transcribe: audio_to_gpu=0.1ms, features=0.4ms, model=10.5ms, decode=2.6ms | TOTAL=13.6ms for 1200ms audio (RTF=0.01x)
[TIMING] stream_chunk[experiment-8039c3f0aec74206ac7247a123b4f3be](live_neural): decode=0.2ms, inference=15.3ms, second_pass=0.0ms, contention=0.0ms, TOTAL=15.5ms | audio=600ms, RTF=0.03x | model=enhanced_mel, neural_total=15.0ms, model_inference=10.5ms
[TIMING] EnhancedMel.transcribe: audio_to_gpu=0.2ms, features=0.4ms, model=11.4ms, decode=3.8ms | TOTAL=15.8ms for 1800ms audio (RTF=0.01x)
[TIMING] stream_chunk[experiment-8039c3f0aec74206ac7247a123b4f3be](live_neural): decode=0.2ms, inference=17.8ms, second_pass=0.0ms, contention=0.0ms, TOTAL=18.0ms | audio=600ms, RTF=0.03x | model=enhanced_mel, neural_total=17.4ms, model_inference=11.4ms
[TIMING] EnhancedMel.transcribe: audio_to_gpu=0.3ms, features=0.5ms, model=12.4ms, decode=4.5ms | TOTAL=17.6ms for 2400ms audio (RTF=0.01x)
[TIMING] stream_chunk[experiment-8039c3f0aec74206ac7247a123b4f3be](live_neural): decode=0.1ms, inference=20.0ms, second_pass=0.0ms, contention=0.0ms, TOTAL=20.2ms | audio=600ms, RTF=0.03x | model=enhanced_mel, neural_total=19.6ms, model_inference=12.4ms
[TIMING] EnhancedMel.transcribe: audio_to_gpu=0.2ms, features=0.5ms, model=12.4ms, decode=5.6ms | TOTAL=18.7ms for 3000ms audio (RTF=0.01x)
[TIMING] stream_chunk[experiment-8039c3f0aec74206ac7247a123b4f3be](live_neural): decode=0.1ms, inference=21.7ms, second_pass=0.0ms, contention=0.0ms, TOTAL=22.0ms | audio=600ms, RTF=0.04x | model=enhanced_mel, neural_total=21.3ms, model_inference=12.4ms
[TIMING] EnhancedMel.transcribe: audio_to_gpu=0.2ms, features=0.5ms, model=13.2ms, decode=5.6ms | TOTAL=19.5ms for 3000ms audio (RTF=0.01x)
[TIMING] stream_chunk[experiment-8039c3f0aec74206ac7247a123b4f3be](live_neural): decode=0.2ms, inference=23.2ms, second_pass=0.0ms, contention=0.0ms, TOTAL=23.6ms | audio=600ms, RTF=0.04x | model=enhanced_mel, neural_total=22.6ms, model_inference=13.2ms
[TIMING] EnhancedMel.transcribe: audio_to_gpu=0.2ms, features=0.6ms, model=12.4ms, decode=5.4ms | TOTAL=18.7ms for 3000ms audio (RTF=0.01x)
[TIMING] stream_chunk[experiment-8039c3f0aec74206ac7247a123b4f3be](live_neural): decode=0.1ms, inference=21.8ms, second_pass=0.0ms, contention=0.0ms, TOTAL=22.1ms | audio=600ms, RTF=0.04x | model=enhanced_mel, neural_total=21.4ms, model_inference=12.4ms
[TIMING] EnhancedMel.transcribe: audio_to_gpu=0.3ms, features=0.5ms, model=12.5ms, decode=5.3ms | TOTAL=18.6ms for 3000ms audio (RTF=0.01x)
[TIMING] stream_chunk[experiment-8039c3f0aec74206ac7247a123b4f3be](live_neural): decode=0.1ms, inference=21.0ms, second_pass=0.0ms, contention=0.0ms, TOTAL=21.2ms | audio=600ms, RTF=0.04x | model=enhanced_mel, neural_total=20.6ms, model_inference=12.5ms
[TIMING] EnhancedMel.transcribe: audio_to_gpu=0.2ms, features=0.5ms, model=12.6ms, decode=5.3ms | TOTAL=18.7ms for 3000ms audio (RTF=0.01x)
[TIMING] stream_chunk[experiment-8039c3f0aec74206ac7247a123b4f3be](live_neural): decode=0.1ms, inference=21.2ms, second_pass=0.0ms, contention=0.0ms, TOTAL=21.5ms | audio=600ms, RTF=0.04x | model=enhanced_mel, neural_total=20.7ms, model_inference=12.6ms
[TIMING] EnhancedMel.transcribe: audio_to_gpu=0.2ms, features=0.6ms, model=12.5ms, decode=5.9ms | TOTAL=19.1ms for 3000ms audio (RTF=0.01x)
[TIMING] stream_chunk[experiment-8039c3f0aec74206ac7247a123b4f3be](live_neural): decode=0.1ms, inference=21.7ms, second_pass=0.0ms, contention=0.0ms, TOTAL=22.0ms | audio=600ms, RTF=0.04x | model=enhanced_mel, neural_total=21.2ms, model_inference=12.5ms

[CLIP_046] Sonata in D Major, K. 118
  excerpt: start=9.00s end=15.00s duration=6.00s gt_notes=86 rms=0.0403 peak=0.2391 crest=5.927 rms_std=0.0103
    control:
      note metrics: precision=0.944 recall=0.988 f1=0.966 matched=85/86 pred=90
      strict onset f1: 10ms=0.875 20ms=0.966 30ms=0.966
      timing metrics: offset_f1=0.932 rhythm_precision=0.965 note_value_acc=0.435 note_value_n=85 avg_beat_error=0.068
      duplicate metrics: duplicates=3 per_100_notes=3.33
      boundary metrics: gt=29 matched=29 missed=0 miss_rate=0.000
      latency: avg_chunk_ms=20.66 p95_chunk_ms=25.01 avg_rtf=0.034
      notation metrics: first_correct_ms=0.0 visible_p50_ms=312.2 visible_p95_ms=585.2 stabilize_p50_ms=1351.5 stabilize_p95_ms=2068.4 avg_revisions=1.54 matched=63 refined=63 snapshots=20
      algorithmic latency: first_correct_ms=0.0 visible_p50_ms=290.9 visible_p95_ms=566.5 stabilize_p50_ms=1100.8 stabilize_p95_ms=1808.6
      final display note metrics: precision=0.976 recall=0.965 f1=0.971 matched=83/86 pred=85
      final display strict onset f1: 10ms=0.854 20ms=0.959 30ms=0.959
      final display timing: offset_f1=0.936 rhythm_precision=0.964 note_value_acc=0.241 note_value_n=83 avg_beat_error=0.104
      final display structure: cluster_f1=0.945 onset_align_recall=0.984 avg_jaccard=0.974 exact=60/64 pred=63 over=1 under=1 pitch_conflicts=1 missed_gt=1
      threshold profiles: hit_rate=0.000 thresholds=[0.75] profiles={'fixed_baseline': 10}
    treatment:
      note metrics: precision=0.944 recall=0.988 f1=0.966 matched=85/86 pred=90
      strict onset f1: 10ms=0.875 20ms=0.966 30ms=0.966
      timing metrics: offset_f1=0.932 rhythm_precision=0.965 note_value_acc=0.435 note_value_n=85 avg_beat_error=0.068
      duplicate metrics: duplicates=3 per_100_notes=3.33
      boundary metrics: gt=29 matched=29 missed=0 miss_rate=0.000
      latency: avg_chunk_ms=20.07 p95_chunk_ms=22.93 avg_rtf=0.033
      notation metrics: first_correct_ms=0.0 visible_p50_ms=309.8 visible_p95_ms=586.2 stabilize_p50_ms=1350.2 stabilize_p95_ms=2068.1 avg_revisions=1.54 matched=63 refined=63 snapshots=20
      algorithmic latency: first_correct_ms=0.0 visible_p50_ms=290.9 visible_p95_ms=566.5 stabilize_p50_ms=1100.8 stabilize_p95_ms=1808.6
      final display note metrics: precision=0.976 recall=0.965 f1=0.971 matched=83/86 pred=85
      final display strict onset f1: 10ms=0.854 20ms=0.959 30ms=0.959
      final display timing: offset_f1=0.936 rhythm_precision=0.964 note_value_acc=0.241 note_value_n=83 avg_beat_error=0.104
      final display structure: cluster_f1=0.945 onset_align_recall=0.984 avg_jaccard=0.974 exact=60/64 pred=63 over=1 under=1 pitch_conflicts=1 missed_gt=1
      threshold profiles: hit_rate=0.000 thresholds=[0.75] profiles={'baseline_nominal': 10}
    delta treatment-control: precision=+0.000 recall=+0.000 f1=+0.000 offset_f1=+0.000 note_value_acc=+0.000 dup_per_100=+0.00 boundary_miss_rate=+0.000 p95_chunk_ms=-2.08 f1_10ms=+0.000 f1_20ms=+0.000 f1_30ms=+0.000 visible_p50_ms=-2.4 stabilize_p50_ms=-1.3 algo_visible_p50_ms=+0.0 algo_stabilize_p50_ms=+0.0 avg_revisions=+0.00 display_note_f1=+0.000 display_offset_f1=+0.000 display_cluster_f1=+0.000 display_cluster_jaccard=+0.000
    failure buckets: ['runtime_only_win', 'high_revision_slow_stabilization', 'note_value_offset_failure']
[TIMING] EnhancedMel.transcribe: audio_to_gpu=0.2ms, features=0.6ms, model=11.8ms, decode=1.4ms | TOTAL=14.0ms for 600ms audio (RTF=0.02x)
[TIMING] stream_chunk[experiment-d30ed82f59684e70a702efcb2450ea54](live_neural): decode=0.2ms, inference=16.3ms, second_pass=0.0ms, contention=0.0ms, TOTAL=16.5ms | audio=600ms, RTF=0.03x | model=enhanced_mel, neural_total=15.7ms, model_inference=11.8ms
[TIMING] EnhancedMel.transcribe: audio_to_gpu=0.1ms, features=0.3ms, model=19.3ms, decode=2.4ms | TOTAL=22.1ms for 1200ms audio (RTF=0.02x)
[TIMING] stream_chunk[experiment-d30ed82f59684e70a702efcb2450ea54](live_neural): decode=0.1ms, inference=24.0ms, second_pass=0.0ms, contention=0.0ms, TOTAL=24.2ms | audio=600ms, RTF=0.04x | model=enhanced_mel, neural_total=23.6ms, model_inference=19.3ms
[TIMING] EnhancedMel.transcribe: audio_to_gpu=0.2ms, features=0.5ms, model=12.3ms, decode=3.3ms | TOTAL=16.3ms for 1800ms audio (RTF=0.01x)
[TIMING] stream_chunk[experiment-d30ed82f59684e70a702efcb2450ea54](live_neural): decode=0.1ms, inference=18.0ms, second_pass=0.0ms, contention=0.0ms, TOTAL=18.3ms | audio=600ms, RTF=0.03x | model=enhanced_mel, neural_total=17.7ms, model_inference=12.3ms
[TIMING] EnhancedMel.transcribe: audio_to_gpu=0.1ms, features=0.3ms, model=11.6ms, decode=4.2ms | TOTAL=16.3ms for 2400ms audio (RTF=0.01x)
[TIMING] stream_chunk[experiment-d30ed82f59684e70a702efcb2450ea54](live_neural): decode=0.1ms, inference=18.5ms, second_pass=0.0ms, contention=0.0ms, TOTAL=18.7ms | audio=600ms, RTF=0.03x | model=enhanced_mel, neural_total=18.1ms, model_inference=11.6ms
[TIMING] EnhancedMel.transcribe: audio_to_gpu=0.3ms, features=0.5ms, model=12.0ms, decode=5.2ms | TOTAL=18.0ms for 3000ms audio (RTF=0.01x)
[TIMING] stream_chunk[experiment-d30ed82f59684e70a702efcb2450ea54](live_neural): decode=0.1ms, inference=21.2ms, second_pass=0.0ms, contention=0.0ms, TOTAL=21.5ms | audio=600ms, RTF=0.04x | model=enhanced_mel, neural_total=20.9ms, model_inference=12.0ms
[TIMING] EnhancedMel.transcribe: audio_to_gpu=0.2ms, features=0.5ms, model=13.3ms, decode=5.7ms | TOTAL=19.7ms for 3000ms audio (RTF=0.01x)
[TIMING] stream_chunk[experiment-d30ed82f59684e70a702efcb2450ea54](live_neural): decode=0.1ms, inference=22.1ms, second_pass=0.0ms, contention=0.0ms, TOTAL=22.4ms | audio=600ms, RTF=0.04x | model=enhanced_mel, neural_total=21.7ms, model_inference=13.3ms
[TIMING] EnhancedMel.transcribe: audio_to_gpu=0.4ms, features=0.8ms, model=21.0ms, decode=5.2ms | TOTAL=27.3ms for 3000ms audio (RTF=0.01x)
[TIMING] stream_chunk[experiment-d30ed82f59684e70a702efcb2450ea54](live_neural): decode=0.1ms, inference=29.8ms, second_pass=0.0ms, contention=0.0ms, TOTAL=30.1ms | audio=600ms, RTF=0.05x | model=enhanced_mel, neural_total=29.3ms, model_inference=21.0ms
[TIMING] EnhancedMel.transcribe: audio_to_gpu=0.2ms, features=0.5ms, model=13.0ms, decode=5.7ms | TOTAL=19.4ms for 3000ms audio (RTF=0.01x)
[TIMING] stream_chunk[experiment-d30ed82f59684e70a702efcb2450ea54](live_neural): decode=0.1ms, inference=22.1ms, second_pass=0.0ms, contention=0.0ms, TOTAL=22.4ms | audio=600ms, RTF=0.04x | model=enhanced_mel, neural_total=21.6ms, model_inference=13.0ms
[TIMING] EnhancedMel.transcribe: audio_to_gpu=0.3ms, features=0.5ms, model=14.6ms, decode=5.3ms | TOTAL=20.7ms for 3000ms audio (RTF=0.01x)
[TIMING] stream_chunk[experiment-d30ed82f59684e70a702efcb2450ea54](live_neural): decode=0.1ms, inference=24.8ms, second_pass=0.0ms, contention=0.0ms, TOTAL=25.0ms | audio=600ms, RTF=0.04x | model=enhanced_mel, neural_total=24.3ms, model_inference=14.6ms
[TIMING] EnhancedMel.transcribe: audio_to_gpu=0.2ms, features=0.5ms, model=13.1ms, decode=5.2ms | TOTAL=19.0ms for 3000ms audio (RTF=0.01x)
[TIMING] stream_chunk[experiment-d30ed82f59684e70a702efcb2450ea54](live_neural): decode=0.2ms, inference=21.4ms, second_pass=0.0ms, contention=0.0ms, TOTAL=21.7ms | audio=600ms, RTF=0.04x | model=enhanced_mel, neural_total=21.0ms, model_inference=13.1ms
[TIMING] EnhancedMel.transcribe: audio_to_gpu=0.3ms, features=0.6ms, model=10.3ms, decode=1.3ms | TOTAL=12.4ms for 600ms audio (RTF=0.02x)
[TIMING] stream_chunk[experiment-a790c97a2bb04b75a0663d6bc48f1f69](live_neural): decode=0.2ms, inference=14.6ms, second_pass=0.0ms, contention=0.0ms, TOTAL=14.9ms | audio=600ms, RTF=0.02x | model=enhanced_mel, neural_total=14.0ms, model_inference=10.3ms
[TIMING] EnhancedMel.transcribe: audio_to_gpu=0.2ms, features=0.6ms, model=10.3ms, decode=2.2ms | TOTAL=13.3ms for 1200ms audio (RTF=0.01x)
[TIMING] stream_chunk[experiment-a790c97a2bb04b75a0663d6bc48f1f69](live_neural): decode=0.1ms, inference=15.0ms, second_pass=0.0ms, contention=0.0ms, TOTAL=15.2ms | audio=600ms, RTF=0.03x | model=enhanced_mel, neural_total=14.7ms, model_inference=10.3ms
[TIMING] EnhancedMel.transcribe: audio_to_gpu=0.3ms, features=0.8ms, model=22.1ms, decode=3.3ms | TOTAL=26.3ms for 1800ms audio (RTF=0.01x)
[TIMING] stream_chunk[experiment-a790c97a2bb04b75a0663d6bc48f1f69](live_neural): decode=0.1ms, inference=28.3ms, second_pass=0.0ms, contention=0.0ms, TOTAL=28.6ms | audio=600ms, RTF=0.05x | model=enhanced_mel, neural_total=28.0ms, model_inference=22.1ms
[TIMING] EnhancedMel.transcribe: audio_to_gpu=0.2ms, features=0.5ms, model=12.0ms, decode=5.7ms | TOTAL=18.4ms for 2400ms audio (RTF=0.01x)
[TIMING] stream_chunk[experiment-a790c97a2bb04b75a0663d6bc48f1f69](live_neural): decode=0.1ms, inference=20.5ms, second_pass=0.0ms, contention=0.0ms, TOTAL=20.8ms | audio=600ms, RTF=0.03x | model=enhanced_mel, neural_total=20.1ms, model_inference=12.0ms
[TIMING] EnhancedMel.transcribe: audio_to_gpu=0.2ms, features=0.5ms, model=13.7ms, decode=5.8ms | TOTAL=20.2ms for 3000ms audio (RTF=0.01x)
[TIMING] stream_chunk[experiment-a790c97a2bb04b75a0663d6bc48f1f69](live_neural): decode=0.1ms, inference=23.0ms, second_pass=0.0ms, contention=0.0ms, TOTAL=23.3ms | audio=600ms, RTF=0.04x | model=enhanced_mel, neural_total=22.5ms, model_inference=13.7ms
[TIMING] EnhancedMel.transcribe: audio_to_gpu=0.4ms, features=1.4ms, model=14.1ms, decode=7.5ms | TOTAL=23.4ms for 3000ms audio (RTF=0.01x)
[TIMING] stream_chunk[experiment-a790c97a2bb04b75a0663d6bc48f1f69](live_neural): decode=0.1ms, inference=26.3ms, second_pass=0.0ms, contention=0.0ms, TOTAL=26.6ms | audio=600ms, RTF=0.04x | model=enhanced_mel, neural_total=25.9ms, model_inference=14.1ms
[TIMING] EnhancedMel.transcribe: audio_to_gpu=0.8ms, features=0.8ms, model=23.2ms, decode=6.2ms | TOTAL=31.0ms for 3000ms audio (RTF=0.01x)
[TIMING] stream_chunk[experiment-a790c97a2bb04b75a0663d6bc48f1f69](live_neural): decode=0.1ms, inference=33.3ms, second_pass=0.0ms, contention=0.0ms, TOTAL=33.5ms | audio=600ms, RTF=0.06x | model=enhanced_mel, neural_total=32.8ms, model_inference=23.2ms
[TIMING] EnhancedMel.transcribe: audio_to_gpu=0.3ms, features=0.5ms, model=13.7ms, decode=5.3ms | TOTAL=19.8ms for 3000ms audio (RTF=0.01x)
[TIMING] stream_chunk[experiment-a790c97a2bb04b75a0663d6bc48f1f69](live_neural): decode=0.1ms, inference=22.8ms, second_pass=0.0ms, contention=0.0ms, TOTAL=23.0ms | audio=600ms, RTF=0.04x | model=enhanced_mel, neural_total=22.4ms, model_inference=13.7ms
[TIMING] EnhancedMel.transcribe: audio_to_gpu=0.3ms, features=0.5ms, model=12.9ms, decode=5.3ms | TOTAL=19.0ms for 3000ms audio (RTF=0.01x)
[TIMING] stream_chunk[experiment-a790c97a2bb04b75a0663d6bc48f1f69](live_neural): decode=0.1ms, inference=21.4ms, second_pass=0.0ms, contention=0.0ms, TOTAL=21.6ms | audio=600ms, RTF=0.04x | model=enhanced_mel, neural_total=20.9ms, model_inference=12.9ms
[TIMING] EnhancedMel.transcribe: audio_to_gpu=0.4ms, features=0.5ms, model=12.6ms, decode=5.6ms | TOTAL=19.1ms for 3000ms audio (RTF=0.01x)
[TIMING] stream_chunk[experiment-a790c97a2bb04b75a0663d6bc48f1f69](live_neural): decode=0.2ms, inference=21.4ms, second_pass=0.0ms, contention=0.0ms, TOTAL=21.7ms | audio=600ms, RTF=0.04x | model=enhanced_mel, neural_total=21.0ms, model_inference=12.6ms

[CLIP_047] Etude Op. 42, Nos. 4 & 5
  excerpt: start=57.00s end=63.00s duration=6.00s gt_notes=51 rms=0.0933 peak=0.5488 crest=5.883 rms_std=0.0336
    control:
      note metrics: precision=0.875 recall=0.961 f1=0.916 matched=49/51 pred=56
      strict onset f1: 10ms=0.785 20ms=0.897 30ms=0.897
      timing metrics: offset_f1=0.374 rhythm_precision=0.408 note_value_acc=0.122 note_value_n=49 avg_beat_error=0.388
      duplicate metrics: duplicates=1 per_100_notes=1.79
      boundary metrics: gt=13 matched=13 missed=0 miss_rate=0.000
      latency: avg_chunk_ms=22.07 p95_chunk_ms=27.80 avg_rtf=0.037
      notation metrics: first_correct_ms=33.2 visible_p50_ms=365.1 visible_p95_ms=618.4 stabilize_p50_ms=1733.5 stabilize_p95_ms=2260.3 avg_revisions=2.14 matched=42 refined=42 snapshots=21
      algorithmic latency: first_correct_ms=9.9 visible_p50_ms=343.6 visible_p95_ms=596.6 stabilize_p50_ms=1067.8 stabilize_p95_ms=1737.9
      final display note metrics: precision=0.891 recall=0.961 f1=0.925 matched=49/51 pred=55
      final display strict onset f1: 10ms=0.792 20ms=0.906 30ms=0.906
      final display timing: offset_f1=0.377 rhythm_precision=0.408 note_value_acc=0.041 note_value_n=49 avg_beat_error=0.414
      final display structure: cluster_f1=0.759 onset_align_recall=0.947 avg_jaccard=0.921 exact=30/38 pred=41 over=4 under=2 pitch_conflicts=0 missed_gt=2
      threshold profiles: hit_rate=0.000 thresholds=[0.75] profiles={'fixed_baseline': 10}
    treatment:
      note metrics: precision=0.875 recall=0.961 f1=0.916 matched=49/51 pred=56
      strict onset f1: 10ms=0.785 20ms=0.897 30ms=0.897
      timing metrics: offset_f1=0.374 rhythm_precision=0.408 note_value_acc=0.122 note_value_n=49 avg_beat_error=0.388
      duplicate metrics: duplicates=1 per_100_notes=1.79
      boundary metrics: gt=13 matched=13 missed=0 miss_rate=0.000
      latency: avg_chunk_ms=22.93 p95_chunk_ms=31.32 avg_rtf=0.038
      notation metrics: first_correct_ms=35.1 visible_p50_ms=361.6 visible_p95_ms=622.4 stabilize_p50_ms=1735.2 stabilize_p95_ms=2263.6 avg_revisions=2.14 matched=42 refined=42 snapshots=21
      algorithmic latency: first_correct_ms=9.9 visible_p50_ms=343.6 visible_p95_ms=596.6 stabilize_p50_ms=1067.8 stabilize_p95_ms=1737.9
      final display note metrics: precision=0.891 recall=0.961 f1=0.925 matched=49/51 pred=55
      final display strict onset f1: 10ms=0.792 20ms=0.906 30ms=0.906
      final display timing: offset_f1=0.377 rhythm_precision=0.408 note_value_acc=0.041 note_value_n=49 avg_beat_error=0.414
      final display structure: cluster_f1=0.759 onset_align_recall=0.947 avg_jaccard=0.921 exact=30/38 pred=41 over=4 under=2 pitch_conflicts=0 missed_gt=2
      threshold profiles: hit_rate=0.000 thresholds=[0.75] profiles={'baseline_nominal': 10}
    delta treatment-control: precision=+0.000 recall=+0.000 f1=+0.000 offset_f1=+0.000 note_value_acc=+0.000 dup_per_100=+0.00 boundary_miss_rate=+0.000 p95_chunk_ms=+3.51 f1_10ms=+0.000 f1_20ms=+0.000 f1_30ms=+0.000 visible_p50_ms=-3.5 stabilize_p50_ms=+1.7 algo_visible_p50_ms=+0.0 algo_stabilize_p50_ms=+0.0 avg_revisions=+0.00 display_note_f1=+0.000 display_offset_f1=+0.000 display_cluster_f1=+0.000 display_cluster_jaccard=+0.000
    failure buckets: ['high_revision_slow_stabilization', 'note_value_offset_failure']
[TIMING] EnhancedMel.transcribe: audio_to_gpu=0.5ms, features=0.7ms, model=22.1ms, decode=2.8ms | TOTAL=26.0ms for 600ms audio (RTF=0.04x)
[TIMING] stream_chunk[experiment-a32e43d1f3484c05b0ca723890705fd2](live_neural): decode=0.2ms, inference=27.9ms, second_pass=0.0ms, contention=0.0ms, TOTAL=28.2ms | audio=600ms, RTF=0.05x | model=enhanced_mel, neural_total=27.3ms, model_inference=22.1ms
[TIMING] EnhancedMel.transcribe: audio_to_gpu=0.3ms, features=0.7ms, model=32.9ms, decode=3.5ms | TOTAL=37.5ms for 1200ms audio (RTF=0.03x)
[TIMING] stream_chunk[experiment-a32e43d1f3484c05b0ca723890705fd2](live_neural): decode=0.2ms, inference=42.8ms, second_pass=0.0ms, contention=0.0ms, TOTAL=43.1ms | audio=600ms, RTF=0.07x | model=enhanced_mel, neural_total=42.4ms, model_inference=32.9ms
[TIMING] EnhancedMel.transcribe: audio_to_gpu=0.4ms, features=0.7ms, model=13.5ms, decode=4.6ms | TOTAL=19.1ms for 1800ms audio (RTF=0.01x)
[TIMING] stream_chunk[experiment-a32e43d1f3484c05b0ca723890705fd2](live_neural): decode=0.1ms, inference=21.5ms, second_pass=0.0ms, contention=0.0ms, TOTAL=21.8ms | audio=600ms, RTF=0.04x | model=enhanced_mel, neural_total=21.0ms, model_inference=13.5ms
[TIMING] EnhancedMel.transcribe: audio_to_gpu=0.3ms, features=0.6ms, model=18.7ms, decode=6.9ms | TOTAL=26.5ms for 2400ms audio (RTF=0.01x)
[TIMING] stream_chunk[experiment-a32e43d1f3484c05b0ca723890705fd2](live_neural): decode=0.1ms, inference=29.2ms, second_pass=0.0ms, contention=0.0ms, TOTAL=29.5ms | audio=600ms, RTF=0.05x | model=enhanced_mel, neural_total=28.7ms, model_inference=18.7ms
[TIMING] EnhancedMel.transcribe: audio_to_gpu=0.3ms, features=0.8ms, model=17.6ms, decode=15.1ms | TOTAL=33.8ms for 3000ms audio (RTF=0.01x)
[TIMING] stream_chunk[experiment-a32e43d1f3484c05b0ca723890705fd2](live_neural): decode=0.2ms, inference=37.7ms, second_pass=0.0ms, contention=0.0ms, TOTAL=38.2ms | audio=600ms, RTF=0.06x | model=enhanced_mel, neural_total=37.2ms, model_inference=17.6ms
[TIMING] EnhancedMel.transcribe: audio_to_gpu=0.3ms, features=0.7ms, model=26.3ms, decode=18.5ms | TOTAL=45.8ms for 3000ms audio (RTF=0.02x)
[TIMING] stream_chunk[experiment-a32e43d1f3484c05b0ca723890705fd2](live_neural): decode=0.3ms, inference=49.9ms, second_pass=0.0ms, contention=0.0ms, TOTAL=50.5ms | audio=600ms, RTF=0.08x | model=enhanced_mel, neural_total=49.3ms, model_inference=26.3ms
[TIMING] EnhancedMel.transcribe: audio_to_gpu=0.5ms, features=1.3ms, model=31.5ms, decode=10.7ms | TOTAL=43.9ms for 3000ms audio (RTF=0.01x)
[TIMING] stream_chunk[experiment-a32e43d1f3484c05b0ca723890705fd2](live_neural): decode=0.4ms, inference=54.3ms, second_pass=0.0ms, contention=0.0ms, TOTAL=54.9ms | audio=600ms, RTF=0.09x | model=enhanced_mel, neural_total=53.8ms, model_inference=31.5ms
[TIMING] EnhancedMel.transcribe: audio_to_gpu=0.5ms, features=1.4ms, model=20.0ms, decode=9.5ms | TOTAL=31.4ms for 3000ms audio (RTF=0.01x)
[TIMING] stream_chunk[experiment-a32e43d1f3484c05b0ca723890705fd2](live_neural): decode=0.2ms, inference=35.8ms, second_pass=0.0ms, contention=0.0ms, TOTAL=36.3ms | audio=600ms, RTF=0.06x | model=enhanced_mel, neural_total=35.2ms, model_inference=20.0ms
[TIMING] EnhancedMel.transcribe: audio_to_gpu=0.3ms, features=0.7ms, model=24.9ms, decode=8.6ms | TOTAL=34.5ms for 3000ms audio (RTF=0.01x)
[TIMING] stream_chunk[experiment-a32e43d1f3484c05b0ca723890705fd2](live_neural): decode=0.3ms, inference=38.7ms, second_pass=0.0ms, contention=0.0ms, TOTAL=39.3ms | audio=600ms, RTF=0.07x | model=enhanced_mel, neural_total=38.0ms, model_inference=24.9ms
[TIMING] EnhancedMel.transcribe: audio_to_gpu=0.5ms, features=0.8ms, model=19.0ms, decode=7.7ms | TOTAL=28.1ms for 3000ms audio (RTF=0.01x)
[TIMING] stream_chunk[experiment-a32e43d1f3484c05b0ca723890705fd2](live_neural): decode=0.2ms, inference=31.9ms, second_pass=0.0ms, contention=0.0ms, TOTAL=32.3ms | audio=600ms, RTF=0.05x | model=enhanced_mel, neural_total=31.4ms, model_inference=19.0ms
[TIMING] EnhancedMel.transcribe: audio_to_gpu=0.6ms, features=0.7ms, model=15.0ms, decode=2.0ms | TOTAL=18.4ms for 600ms audio (RTF=0.03x)
[TIMING] stream_chunk[experiment-ac43fea61c1746e996941070defdb8de](live_neural): decode=0.2ms, inference=21.7ms, second_pass=0.0ms, contention=0.0ms, TOTAL=22.0ms | audio=600ms, RTF=0.04x | model=enhanced_mel, neural_total=21.2ms, model_inference=15.0ms
[TIMING] EnhancedMel.transcribe: audio_to_gpu=0.2ms, features=4.1ms, model=19.5ms, decode=3.6ms | TOTAL=27.4ms for 1200ms audio (RTF=0.02x)
[TIMING] stream_chunk[experiment-ac43fea61c1746e996941070defdb8de](live_neural): decode=0.2ms, inference=30.8ms, second_pass=0.0ms, contention=0.0ms, TOTAL=31.1ms | audio=600ms, RTF=0.05x | model=enhanced_mel, neural_total=29.9ms, model_inference=19.5ms
[TIMING] EnhancedMel.transcribe: audio_to_gpu=0.3ms, features=0.8ms, model=19.5ms, decode=4.8ms | TOTAL=25.3ms for 1800ms audio (RTF=0.01x)
[TIMING] stream_chunk[experiment-ac43fea61c1746e996941070defdb8de](live_neural): decode=0.2ms, inference=28.9ms, second_pass=0.0ms, contention=0.0ms, TOTAL=29.3ms | audio=600ms, RTF=0.05x | model=enhanced_mel, neural_total=28.3ms, model_inference=19.5ms
[TIMING] EnhancedMel.transcribe: audio_to_gpu=0.4ms, features=0.7ms, model=19.7ms, decode=8.0ms | TOTAL=28.9ms for 2400ms audio (RTF=0.01x)
[TIMING] stream_chunk[experiment-ac43fea61c1746e996941070defdb8de](live_neural): decode=0.2ms, inference=32.4ms, second_pass=0.0ms, contention=0.0ms, TOTAL=32.7ms | audio=600ms, RTF=0.05x | model=enhanced_mel, neural_total=31.9ms, model_inference=19.7ms
[TIMING] EnhancedMel.transcribe: audio_to_gpu=0.3ms, features=0.9ms, model=16.6ms, decode=7.6ms | TOTAL=25.4ms for 3000ms audio (RTF=0.01x)
[TIMING] stream_chunk[experiment-ac43fea61c1746e996941070defdb8de](live_neural): decode=0.2ms, inference=29.3ms, second_pass=0.0ms, contention=0.0ms, TOTAL=29.7ms | audio=600ms, RTF=0.05x | model=enhanced_mel, neural_total=28.8ms, model_inference=16.6ms
[TIMING] EnhancedMel.transcribe: audio_to_gpu=0.4ms, features=0.7ms, model=16.2ms, decode=7.7ms | TOTAL=25.0ms for 3000ms audio (RTF=0.01x)
[TIMING] stream_chunk[experiment-ac43fea61c1746e996941070defdb8de](live_neural): decode=0.2ms, inference=28.7ms, second_pass=0.0ms, contention=0.0ms, TOTAL=29.1ms | audio=600ms, RTF=0.05x | model=enhanced_mel, neural_total=28.2ms, model_inference=16.2ms
[TIMING] EnhancedMel.transcribe: audio_to_gpu=0.3ms, features=0.8ms, model=19.9ms, decode=7.9ms | TOTAL=28.9ms for 3000ms audio (RTF=0.01x)
[TIMING] stream_chunk[experiment-ac43fea61c1746e996941070defdb8de](live_neural): decode=0.2ms, inference=32.6ms, second_pass=0.0ms, contention=0.0ms, TOTAL=32.9ms | audio=600ms, RTF=0.05x | model=enhanced_mel, neural_total=32.1ms, model_inference=19.9ms
[TIMING] EnhancedMel.transcribe: audio_to_gpu=0.3ms, features=0.7ms, model=22.4ms, decode=7.6ms | TOTAL=30.9ms for 3000ms audio (RTF=0.01x)
[TIMING] stream_chunk[experiment-ac43fea61c1746e996941070defdb8de](live_neural): decode=0.2ms, inference=34.7ms, second_pass=0.0ms, contention=0.0ms, TOTAL=35.1ms | audio=600ms, RTF=0.06x | model=enhanced_mel, neural_total=34.3ms, model_inference=22.4ms
[TIMING] EnhancedMel.transcribe: audio_to_gpu=0.3ms, features=0.7ms, model=17.9ms, decode=9.0ms | TOTAL=27.9ms for 3000ms audio (RTF=0.01x)
[TIMING] stream_chunk[experiment-ac43fea61c1746e996941070defdb8de](live_neural): decode=0.2ms, inference=31.7ms, second_pass=0.0ms, contention=0.0ms, TOTAL=32.1ms | audio=600ms, RTF=0.05x | model=enhanced_mel, neural_total=31.2ms, model_inference=17.9ms
[TIMING] EnhancedMel.transcribe: audio_to_gpu=0.3ms, features=2.0ms, model=18.4ms, decode=7.6ms | TOTAL=28.4ms for 3000ms audio (RTF=0.01x)
[TIMING] stream_chunk[experiment-ac43fea61c1746e996941070defdb8de](live_neural): decode=0.2ms, inference=32.5ms, second_pass=0.0ms, contention=0.0ms, TOTAL=33.0ms | audio=600ms, RTF=0.05x | model=enhanced_mel, neural_total=32.1ms, model_inference=18.4ms

[CLIP_048] Sonata, K239
  excerpt: start=39.00s end=45.00s duration=6.00s gt_notes=65 rms=0.1394 peak=0.6552 crest=4.699 rms_std=0.0445
    control:
      note metrics: precision=0.985 recall=1.000 f1=0.992 matched=65/65 pred=66
      strict onset f1: 10ms=0.794 20ms=0.962 30ms=0.992
      timing metrics: offset_f1=0.809 rhythm_precision=0.800 note_value_acc=0.215 note_value_n=65 avg_beat_error=0.145
      duplicate metrics: duplicates=1 per_100_notes=1.52
      boundary metrics: gt=19 matched=19 missed=0 miss_rate=0.000
      latency: avg_chunk_ms=37.41 p95_chunk_ms=52.92 avg_rtf=0.062
      notation metrics: first_correct_ms=45.9 visible_p50_ms=324.1 visible_p95_ms=608.8 stabilize_p50_ms=1116.6 stabilize_p95_ms=1930.3 avg_revisions=0.91 matched=46 refined=46 snapshots=21
      algorithmic latency: first_correct_ms=17.7 visible_p50_ms=283.3 visible_p95_ms=577.1 stabilize_p50_ms=676.0 stabilize_p95_ms=1484.4
      final display note metrics: precision=1.000 recall=1.000 f1=1.000 matched=65/65 pred=65
      final display strict onset f1: 10ms=0.800 20ms=0.969 30ms=1.000
      final display timing: offset_f1=0.800 rhythm_precision=0.800 note_value_acc=0.308 note_value_n=65 avg_beat_error=0.165
      final display structure: cluster_f1=1.000 onset_align_recall=1.000 avg_jaccard=1.000 exact=55/55 pred=55 over=0 under=0 pitch_conflicts=0 missed_gt=0
      threshold profiles: hit_rate=0.000 thresholds=[0.75] profiles={'fixed_baseline': 10}
    treatment:
      note metrics: precision=0.985 recall=1.000 f1=0.992 matched=65/65 pred=66
      strict onset f1: 10ms=0.794 20ms=0.962 30ms=0.992
      timing metrics: offset_f1=0.809 rhythm_precision=0.800 note_value_acc=0.215 note_value_n=65 avg_beat_error=0.145
      duplicate metrics: duplicates=1 per_100_notes=1.52
      boundary metrics: gt=19 matched=19 missed=0 miss_rate=0.000
      latency: avg_chunk_ms=30.70 p95_chunk_ms=34.15 avg_rtf=0.051
      notation metrics: first_correct_ms=39.7 visible_p50_ms=315.7 visible_p95_ms=609.1 stabilize_p50_ms=1107.8 stabilize_p95_ms=1916.6 avg_revisions=0.91 matched=46 refined=46 snapshots=21
      algorithmic latency: first_correct_ms=17.7 visible_p50_ms=283.3 visible_p95_ms=577.1 stabilize_p50_ms=676.0 stabilize_p95_ms=1484.4
      final display note metrics: precision=1.000 recall=1.000 f1=1.000 matched=65/65 pred=65
      final display strict onset f1: 10ms=0.800 20ms=0.969 30ms=1.000
      final display timing: offset_f1=0.800 rhythm_precision=0.800 note_value_acc=0.308 note_value_n=65 avg_beat_error=0.165
      final display structure: cluster_f1=1.000 onset_align_recall=1.000 avg_jaccard=1.000 exact=55/55 pred=55 over=0 under=0 pitch_conflicts=0 missed_gt=0
      threshold profiles: hit_rate=1.000 thresholds=[0.77] profiles={'loud_dense_precision': 10}
    delta treatment-control: precision=+0.000 recall=+0.000 f1=+0.000 offset_f1=+0.000 note_value_acc=+0.000 dup_per_100=+0.00 boundary_miss_rate=+0.000 p95_chunk_ms=-18.77 f1_10ms=+0.000 f1_20ms=+0.000 f1_30ms=+0.000 visible_p50_ms=-8.4 stabilize_p50_ms=-8.7 algo_visible_p50_ms=+0.0 algo_stabilize_p50_ms=+0.0 avg_revisions=+0.00 display_note_f1=+0.000 display_offset_f1=+0.000 display_cluster_f1=+0.000 display_cluster_jaccard=+0.000
    failure buckets: ['runtime_only_win', 'high_revision_slow_stabilization', 'note_value_offset_failure']
    paired_stats treatment-control:
      display_cluster_f1: ref=0.6949 cand=0.6987 diff=+0.0038 95%CI=[-0.0053, +0.0166] p=0.6185 signs=7/5/36 best=clip_007 +0.2500 worst=clip_014 -0.1053
      display_note_f1: ref=0.9190 cand=0.9171 diff=-0.0019 95%CI=[-0.0053, +0.0008] p=0.2628 signs=7/8/33 best=clip_004 +0.0188 worst=clip_014 -0.0500
      display_offset_f1: ref=0.7372 cand=0.7362 diff=-0.0010 95%CI=[-0.0027, +0.0006] p=0.2623 signs=6/8/34 best=clip_004 +0.0185 worst=clip_012 -0.0227

Failure buckets:
  runtime_only_win: 14 clips -> clip_001, clip_002, clip_006, clip_008, clip_011, clip_013, clip_021, clip_030, clip_034, clip_039, clip_040, clip_043, clip_046, clip_048
  boundary_miss_failure: 33 clips -> clip_001, clip_002, clip_004, clip_006, clip_008, clip_010, clip_012, clip_015, clip_016, clip_017, clip_018, clip_019, clip_020, clip_021, clip_022, clip_023, clip_024, clip_025, clip_026, clip_027, clip_028, clip_029, clip_030, clip_031, clip_032, clip_033, clip_034, clip_035, clip_037, clip_040, clip_041, clip_044, clip_045
  high_revision_slow_stabilization: 46 clips -> clip_001, clip_002, clip_003, clip_005, clip_006, clip_008, clip_009, clip_010, clip_011, clip_012, clip_013, clip_014, clip_015, clip_016, clip_017, clip_018, clip_019, clip_020, clip_021, clip_022, clip_023, clip_024, clip_025, clip_026, clip_027, clip_028, clip_029, clip_030, clip_031, clip_032, clip_033, clip_034, clip_035, clip_036, clip_037, clip_038, clip_039, clip_040, clip_041, clip_042, clip_043, clip_044, clip_045, clip_046, clip_047, clip_048
  note_value_offset_failure: 26 clips -> clip_001, clip_002, clip_003, clip_004, clip_005, clip_007, clip_009, clip_011, clip_013, clip_014, clip_025, clip_026, clip_029, clip_030, clip_033, clip_035, clip_037, clip_038, clip_039, clip_040, clip_041, clip_043, clip_044, clip_046, clip_047, clip_048

Boundary failure tags:
  control_boundary_miss: 136
  no_control_coarse_candidate: 130
  control_timing_or_quantization_drift: 6
  treatment_candidate_not_retained: 6
  treatment_recovers_boundary_note: 1

Saved full results to C:\Users\ToniH\Documents\GitHub\LiveScore\backend\live_benchmark_replay_auto_v2_results_20260602_enhancedheur_merge008.json
