C:\Users\ToniH\Documents\GitHub\LiveScore\backend\env\Lib\site-packages\pretty_midi\instrument.py:11: UserWarning: pkg_resources is deprecated as an API. See https://setuptools.pypa.io/en/latest/pkg_resources.html. The pkg_resources package is slated for removal as early as 2025-11-30. Refrain from using this package or pin to Setuptools<81.
  import pkg_resources
[GPU] Using NVIDIA GeForce RTX 5070 Ti Laptop GPU
[GPU] VRAM: 12.8 GB
Warming live neural path...
[GPU EnhancedMel] Loaded from C:\Users\ToniH\Documents\GitHub\LiveScore\backend\rhythm_training\enhanced_mel_transcription.pt (43,225,009 params)
[TIMING] EnhancedMel.transcribe: audio_to_gpu=0.2ms, features=126.9ms, model=230.6ms, decode=1.1ms | TOTAL=358.9ms for 600ms audio (RTF=0.60x)
[TIMING] stream_chunk[experiment-e9d4333f638c45ee9512730114fa48b7](live_neural): decode=0.3ms, inference=1511.1ms, second_pass=0.0ms, contention=0.0ms, TOTAL=1511.4ms | audio=600ms, RTF=2.52x | model=enhanced_mel, neural_total=1504.5ms, model_inference=230.6ms
[TIMING] EnhancedMel.transcribe: audio_to_gpu=0.6ms, features=0.8ms, model=26.2ms, decode=3.0ms | TOTAL=30.7ms for 600ms audio (RTF=0.05x)
[TIMING] stream_chunk[experiment-84e668f1ef7b461f8dcfc82a9ba3f455](live_neural): decode=0.2ms, inference=33.5ms, second_pass=0.0ms, contention=0.0ms, TOTAL=33.8ms | audio=600ms, RTF=0.06x | model=enhanced_mel, neural_total=32.9ms, model_inference=26.2ms
[TIMING] EnhancedMel.transcribe: audio_to_gpu=0.2ms, features=1.6ms, model=32.7ms, decode=4.8ms | TOTAL=39.3ms for 1200ms audio (RTF=0.03x)
[TIMING] stream_chunk[experiment-84e668f1ef7b461f8dcfc82a9ba3f455](live_neural): decode=0.3ms, inference=42.6ms, second_pass=0.0ms, contention=0.0ms, TOTAL=43.0ms | audio=600ms, RTF=0.07x | model=enhanced_mel, neural_total=42.0ms, model_inference=32.7ms
[TIMING] EnhancedMel.transcribe: audio_to_gpu=0.2ms, features=2.2ms, model=29.2ms, decode=5.5ms | TOTAL=37.1ms for 1800ms audio (RTF=0.02x)
[TIMING] stream_chunk[experiment-84e668f1ef7b461f8dcfc82a9ba3f455](live_neural): decode=0.1ms, inference=41.0ms, second_pass=0.0ms, contention=0.0ms, TOTAL=41.4ms | audio=600ms, RTF=0.07x | model=enhanced_mel, neural_total=40.5ms, model_inference=29.2ms
[TIMING] EnhancedMel.transcribe: audio_to_gpu=0.2ms, features=1.4ms, model=18.0ms, decode=4.5ms | TOTAL=24.1ms for 2400ms audio (RTF=0.01x)
[TIMING] stream_chunk[experiment-84e668f1ef7b461f8dcfc82a9ba3f455](live_neural): decode=0.2ms, inference=26.5ms, second_pass=0.0ms, contention=0.0ms, TOTAL=26.8ms | audio=600ms, RTF=0.04x | model=enhanced_mel, neural_total=26.1ms, model_inference=18.0ms
[TIMING] EnhancedMel.transcribe: audio_to_gpu=0.5ms, features=4.6ms, model=21.6ms, decode=5.8ms | TOTAL=32.5ms for 3000ms audio (RTF=0.01x)
[TIMING] stream_chunk[experiment-84e668f1ef7b461f8dcfc82a9ba3f455](live_neural): decode=0.2ms, inference=35.3ms, second_pass=0.0ms, contention=0.0ms, TOTAL=35.7ms | audio=600ms, RTF=0.06x | model=enhanced_mel, neural_total=34.7ms, model_inference=21.6ms
[TIMING] EnhancedMel.transcribe: audio_to_gpu=0.2ms, features=2.3ms, model=19.7ms, decode=6.7ms | TOTAL=28.9ms for 3000ms audio (RTF=0.01x)
[TIMING] stream_chunk[experiment-84e668f1ef7b461f8dcfc82a9ba3f455](live_neural): decode=0.3ms, inference=31.8ms, second_pass=0.0ms, contention=0.0ms, TOTAL=32.3ms | audio=600ms, RTF=0.05x | model=enhanced_mel, neural_total=31.3ms, model_inference=19.7ms
[TIMING] EnhancedMel.transcribe: audio_to_gpu=0.2ms, features=0.5ms, model=18.2ms, decode=10.6ms | TOTAL=29.6ms for 3000ms audio (RTF=0.01x)
[TIMING] stream_chunk[experiment-84e668f1ef7b461f8dcfc82a9ba3f455](live_neural): decode=0.1ms, inference=33.2ms, second_pass=0.0ms, contention=0.0ms, TOTAL=33.4ms | audio=600ms, RTF=0.06x | model=enhanced_mel, neural_total=32.5ms, model_inference=18.2ms
[TIMING] EnhancedMel.transcribe: audio_to_gpu=0.5ms, features=3.1ms, model=17.9ms, decode=6.2ms | TOTAL=27.6ms for 3000ms audio (RTF=0.01x)
[TIMING] stream_chunk[experiment-84e668f1ef7b461f8dcfc82a9ba3f455](live_neural): decode=0.3ms, inference=33.2ms, second_pass=0.0ms, contention=0.0ms, TOTAL=33.6ms | audio=600ms, RTF=0.06x | model=enhanced_mel, neural_total=32.7ms, model_inference=17.9ms
[TIMING] EnhancedMel.transcribe: audio_to_gpu=0.2ms, features=0.5ms, model=16.2ms, decode=6.2ms | TOTAL=23.1ms for 3000ms audio (RTF=0.01x)
[TIMING] stream_chunk[experiment-84e668f1ef7b461f8dcfc82a9ba3f455](live_neural): decode=0.2ms, inference=26.3ms, second_pass=0.0ms, contention=0.0ms, TOTAL=26.8ms | audio=600ms, RTF=0.04x | model=enhanced_mel, neural_total=25.8ms, model_inference=16.2ms
[TIMING] EnhancedMel.transcribe: audio_to_gpu=0.3ms, features=2.9ms, model=16.1ms, decode=5.8ms | TOTAL=25.1ms for 3000ms audio (RTF=0.01x)
[TIMING] stream_chunk[experiment-84e668f1ef7b461f8dcfc82a9ba3f455](live_neural): decode=0.1ms, inference=27.8ms, second_pass=0.0ms, contention=0.0ms, TOTAL=28.1ms | audio=600ms, RTF=0.05x | model=enhanced_mel, neural_total=27.4ms, model_inference=16.1ms
[TIMING] EnhancedMel.transcribe: audio_to_gpu=0.4ms, features=1.1ms, model=16.5ms, decode=1.5ms | TOTAL=19.6ms for 600ms audio (RTF=0.03x)
[TIMING] stream_chunk[experiment-63a80b5694cd468eaf8f737c62dd7370](live_neural): decode=0.2ms, inference=21.3ms, second_pass=0.0ms, contention=0.0ms, TOTAL=21.5ms | audio=600ms, RTF=0.04x | model=enhanced_mel, neural_total=20.8ms, model_inference=16.5ms
[TIMING] EnhancedMel.transcribe: audio_to_gpu=0.1ms, features=0.4ms, model=14.0ms, decode=2.7ms | TOTAL=17.2ms for 1200ms audio (RTF=0.01x)
[TIMING] stream_chunk[experiment-63a80b5694cd468eaf8f737c62dd7370](live_neural): decode=0.2ms, inference=19.2ms, second_pass=0.0ms, contention=0.0ms, TOTAL=19.6ms | audio=600ms, RTF=0.03x | model=enhanced_mel, neural_total=18.7ms, model_inference=14.0ms
[TIMING] EnhancedMel.transcribe: audio_to_gpu=0.3ms, features=0.7ms, model=13.2ms, decode=3.7ms | TOTAL=17.9ms for 1800ms audio (RTF=0.01x)
[TIMING] stream_chunk[experiment-63a80b5694cd468eaf8f737c62dd7370](live_neural): decode=0.1ms, inference=20.1ms, second_pass=0.0ms, contention=0.0ms, TOTAL=20.3ms | audio=600ms, RTF=0.03x | model=enhanced_mel, neural_total=19.6ms, model_inference=13.2ms
[TIMING] EnhancedMel.transcribe: audio_to_gpu=0.2ms, features=0.5ms, model=14.1ms, decode=5.1ms | TOTAL=19.9ms for 2400ms audio (RTF=0.01x)
[TIMING] stream_chunk[experiment-63a80b5694cd468eaf8f737c62dd7370](live_neural): decode=0.2ms, inference=22.4ms, second_pass=0.0ms, contention=0.0ms, TOTAL=22.8ms | audio=600ms, RTF=0.04x | model=enhanced_mel, neural_total=21.8ms, model_inference=14.1ms
[TIMING] EnhancedMel.transcribe: audio_to_gpu=0.3ms, features=1.0ms, model=17.2ms, decode=6.1ms | TOTAL=24.6ms for 3000ms audio (RTF=0.01x)
[TIMING] stream_chunk[experiment-63a80b5694cd468eaf8f737c62dd7370](live_neural): decode=0.3ms, inference=30.2ms, second_pass=0.0ms, contention=0.0ms, TOTAL=32.6ms | audio=600ms, RTF=0.05x | model=enhanced_mel, neural_total=29.7ms, model_inference=17.2ms
[TIMING] EnhancedMel.transcribe: audio_to_gpu=0.3ms, features=0.7ms, model=16.0ms, decode=12.6ms | TOTAL=29.6ms for 3000ms audio (RTF=0.01x)
[TIMING] stream_chunk[experiment-63a80b5694cd468eaf8f737c62dd7370](live_neural): decode=0.2ms, inference=33.3ms, second_pass=0.0ms, contention=0.0ms, TOTAL=33.7ms | audio=600ms, RTF=0.06x | model=enhanced_mel, neural_total=32.8ms, model_inference=16.0ms
[TIMING] EnhancedMel.transcribe: audio_to_gpu=0.5ms, features=0.7ms, model=17.4ms, decode=7.4ms | TOTAL=26.0ms for 3000ms audio (RTF=0.01x)
[TIMING] stream_chunk[experiment-63a80b5694cd468eaf8f737c62dd7370](live_neural): decode=0.2ms, inference=30.0ms, second_pass=0.0ms, contention=0.0ms, TOTAL=30.4ms | audio=600ms, RTF=0.05x | model=enhanced_mel, neural_total=29.4ms, model_inference=17.4ms
[TIMING] EnhancedMel.transcribe: audio_to_gpu=0.3ms, features=0.6ms, model=13.4ms, decode=5.7ms | TOTAL=20.0ms for 3000ms audio (RTF=0.01x)
[TIMING] stream_chunk[experiment-63a80b5694cd468eaf8f737c62dd7370](live_neural): decode=0.2ms, inference=23.3ms, second_pass=0.0ms, contention=0.0ms, TOTAL=23.7ms | audio=600ms, RTF=0.04x | model=enhanced_mel, neural_total=22.8ms, model_inference=13.4ms
[TIMING] EnhancedMel.transcribe: audio_to_gpu=0.3ms, features=0.5ms, model=12.3ms, decode=6.5ms | TOTAL=19.6ms for 3000ms audio (RTF=0.01x)
[TIMING] stream_chunk[experiment-63a80b5694cd468eaf8f737c62dd7370](live_neural): decode=0.2ms, inference=22.1ms, second_pass=0.0ms, contention=0.0ms, TOTAL=22.3ms | audio=600ms, RTF=0.04x | model=enhanced_mel, neural_total=21.6ms, model_inference=12.3ms
[TIMING] EnhancedMel.transcribe: audio_to_gpu=0.2ms, features=0.7ms, model=17.1ms, decode=7.2ms | TOTAL=25.3ms for 3000ms audio (RTF=0.01x)
[TIMING] stream_chunk[experiment-63a80b5694cd468eaf8f737c62dd7370](live_neural): decode=0.1ms, inference=41.5ms, second_pass=0.0ms, contention=0.0ms, TOTAL=41.7ms | audio=600ms, RTF=0.07x | model=enhanced_mel, neural_total=41.0ms, model_inference=17.1ms

[CLIP_001] Sonata in D Minor, K. 9
  excerpt: start=42.00s end=48.00s duration=6.00s gt_notes=26 rms=0.0058 peak=0.0376 crest=6.423 rms_std=0.0029
    control:
      note metrics: precision=1.000 recall=0.923 f1=0.960 matched=24/26 pred=24
      strict onset f1: 10ms=0.840 20ms=0.960 30ms=0.960
      timing metrics: offset_f1=0.480 rhythm_precision=0.500 note_value_acc=0.250 note_value_n=24 avg_beat_error=0.505
      duplicate metrics: duplicates=0 per_100_notes=0.00
      boundary metrics: gt=8 matched=7 missed=1 miss_rate=0.125
      latency: avg_chunk_ms=33.48 p95_chunk_ms=42.25 avg_rtf=0.056
      notation metrics: first_correct_ms=60.9 visible_p50_ms=362.4 visible_p95_ms=582.1 stabilize_p50_ms=1152.2 stabilize_p95_ms=4076.2 avg_revisions=0.82 matched=22 refined=22 snapshots=17
      algorithmic latency: first_correct_ms=34.1 visible_p50_ms=335.5 visible_p95_ms=540.6 stabilize_p50_ms=725.3 stabilize_p95_ms=3587.1
      final display note metrics: precision=1.000 recall=0.923 f1=0.960 matched=24/26 pred=24
      final display strict onset f1: 10ms=0.840 20ms=0.960 30ms=0.960
      final display timing: offset_f1=0.480 rhythm_precision=0.500 note_value_acc=0.208 note_value_n=24 avg_beat_error=0.720
      final display structure: cluster_f1=0.923 onset_align_recall=0.950 avg_jaccard=0.987 exact=18/20 pred=19 over=0 under=1 pitch_conflicts=0 missed_gt=1
      threshold profiles: hit_rate=0.000 thresholds=[0.75] profiles={'fixed_baseline': 10}
    treatment:
      note metrics: precision=1.000 recall=0.923 f1=0.960 matched=24/26 pred=24
      strict onset f1: 10ms=0.840 20ms=0.960 30ms=0.960
      timing metrics: offset_f1=0.480 rhythm_precision=0.500 note_value_acc=0.250 note_value_n=24 avg_beat_error=0.505
      duplicate metrics: duplicates=0 per_100_notes=0.00
      boundary metrics: gt=8 matched=7 missed=1 miss_rate=0.125
      latency: avg_chunk_ms=26.85 p95_chunk_ms=38.11 avg_rtf=0.045
      notation metrics: first_correct_ms=56.5 visible_p50_ms=358.3 visible_p95_ms=560.9 stabilize_p50_ms=1139.5 stabilize_p95_ms=4071.8 avg_revisions=0.82 matched=22 refined=22 snapshots=17
      algorithmic latency: first_correct_ms=34.1 visible_p50_ms=335.5 visible_p95_ms=540.6 stabilize_p50_ms=725.3 stabilize_p95_ms=3587.1
      final display note metrics: precision=1.000 recall=0.923 f1=0.960 matched=24/26 pred=24
      final display strict onset f1: 10ms=0.840 20ms=0.960 30ms=0.960
      final display timing: offset_f1=0.480 rhythm_precision=0.500 note_value_acc=0.208 note_value_n=24 avg_beat_error=0.720
      final display structure: cluster_f1=0.923 onset_align_recall=0.950 avg_jaccard=0.987 exact=18/20 pred=19 over=0 under=1 pitch_conflicts=0 missed_gt=1
      threshold profiles: hit_rate=1.000 thresholds=[0.71] profiles={'soft_sparse_recall': 10}
    delta treatment-control: precision=+0.000 recall=+0.000 f1=+0.000 offset_f1=+0.000 note_value_acc=+0.000 dup_per_100=+0.00 boundary_miss_rate=+0.000 p95_chunk_ms=-4.13 f1_10ms=+0.000 f1_20ms=+0.000 f1_30ms=+0.000 visible_p50_ms=-4.0 stabilize_p50_ms=-12.7 algo_visible_p50_ms=+0.0 algo_stabilize_p50_ms=+0.0 avg_revisions=+0.00 display_note_f1=+0.000 display_offset_f1=+0.000 display_cluster_f1=+0.000 display_cluster_jaccard=+0.000
    failure buckets: ['runtime_only_win', 'boundary_miss_failure', 'high_revision_slow_stabilization', 'note_value_offset_failure']
      boundary diagnostics: missed=1 by_arm={'control': 1, 'treatment': 1} tags={'control_boundary_miss': 1, 'no_control_coarse_candidate': 1}
        miss: pitch=53 onset=1.719s boundary_delta_ms=-81.3 control_coarse=False treatment_coarse=False retro=n/a
[TIMING] EnhancedMel.transcribe: audio_to_gpu=1.8ms, features=0.8ms, model=17.4ms, decode=2.1ms | TOTAL=22.0ms for 600ms audio (RTF=0.04x)
[TIMING] stream_chunk[experiment-03b2f93a87a34fd98b5ff5858c7d1a9b](live_neural): decode=0.2ms, inference=26.1ms, second_pass=0.0ms, contention=0.0ms, TOTAL=26.4ms | audio=600ms, RTF=0.04x | model=enhanced_mel, neural_total=25.6ms, model_inference=17.4ms
[TIMING] EnhancedMel.transcribe: audio_to_gpu=0.1ms, features=0.5ms, model=15.7ms, decode=3.6ms | TOTAL=19.9ms for 1200ms audio (RTF=0.02x)
[TIMING] stream_chunk[experiment-03b2f93a87a34fd98b5ff5858c7d1a9b](live_neural): decode=0.2ms, inference=23.0ms, second_pass=0.0ms, contention=0.0ms, TOTAL=23.2ms | audio=600ms, RTF=0.04x | model=enhanced_mel, neural_total=22.4ms, model_inference=15.7ms
[TIMING] EnhancedMel.transcribe: audio_to_gpu=0.2ms, features=0.6ms, model=14.4ms, decode=5.3ms | TOTAL=20.5ms for 1800ms audio (RTF=0.01x)
[TIMING] stream_chunk[experiment-03b2f93a87a34fd98b5ff5858c7d1a9b](live_neural): decode=0.1ms, inference=23.6ms, second_pass=0.0ms, contention=0.0ms, TOTAL=24.0ms | audio=600ms, RTF=0.04x | model=enhanced_mel, neural_total=23.1ms, model_inference=14.4ms
[TIMING] EnhancedMel.transcribe: audio_to_gpu=0.2ms, features=0.6ms, model=15.1ms, decode=7.0ms | TOTAL=22.9ms for 2400ms audio (RTF=0.01x)
[TIMING] stream_chunk[experiment-03b2f93a87a34fd98b5ff5858c7d1a9b](live_neural): decode=0.2ms, inference=26.6ms, second_pass=0.0ms, contention=0.0ms, TOTAL=27.1ms | audio=600ms, RTF=0.05x | model=enhanced_mel, neural_total=26.1ms, model_inference=15.1ms
[TIMING] EnhancedMel.transcribe: audio_to_gpu=1.7ms, features=0.8ms, model=23.2ms, decode=8.5ms | TOTAL=34.2ms for 3000ms audio (RTF=0.01x)
[TIMING] stream_chunk[experiment-03b2f93a87a34fd98b5ff5858c7d1a9b](live_neural): decode=0.3ms, inference=38.7ms, second_pass=0.0ms, contention=0.0ms, TOTAL=39.2ms | audio=600ms, RTF=0.07x | model=enhanced_mel, neural_total=38.1ms, model_inference=23.2ms
[TIMING] EnhancedMel.transcribe: audio_to_gpu=0.3ms, features=0.6ms, model=20.7ms, decode=9.1ms | TOTAL=30.8ms for 3000ms audio (RTF=0.01x)
[TIMING] stream_chunk[experiment-03b2f93a87a34fd98b5ff5858c7d1a9b](live_neural): decode=0.2ms, inference=35.7ms, second_pass=0.0ms, contention=0.0ms, TOTAL=36.3ms | audio=600ms, RTF=0.06x | model=enhanced_mel, neural_total=35.0ms, model_inference=20.7ms
[TIMING] EnhancedMel.transcribe: audio_to_gpu=0.4ms, features=0.8ms, model=24.1ms, decode=8.3ms | TOTAL=33.6ms for 3000ms audio (RTF=0.01x)
[TIMING] stream_chunk[experiment-03b2f93a87a34fd98b5ff5858c7d1a9b](live_neural): decode=0.3ms, inference=39.5ms, second_pass=0.0ms, contention=0.0ms, TOTAL=40.0ms | audio=600ms, RTF=0.07x | model=enhanced_mel, neural_total=38.9ms, model_inference=24.1ms
[TIMING] EnhancedMel.transcribe: audio_to_gpu=0.5ms, features=0.7ms, model=18.6ms, decode=13.4ms | TOTAL=33.2ms for 3000ms audio (RTF=0.01x)
[TIMING] stream_chunk[experiment-03b2f93a87a34fd98b5ff5858c7d1a9b](live_neural): decode=0.2ms, inference=36.5ms, second_pass=0.0ms, contention=0.0ms, TOTAL=37.0ms | audio=600ms, RTF=0.06x | model=enhanced_mel, neural_total=35.9ms, model_inference=18.6ms
[TIMING] EnhancedMel.transcribe: audio_to_gpu=0.3ms, features=0.9ms, model=26.2ms, decode=10.7ms | TOTAL=38.2ms for 3000ms audio (RTF=0.01x)
[TIMING] stream_chunk[experiment-03b2f93a87a34fd98b5ff5858c7d1a9b](live_neural): decode=0.4ms, inference=44.1ms, second_pass=0.0ms, contention=0.0ms, TOTAL=44.8ms | audio=600ms, RTF=0.07x | model=enhanced_mel, neural_total=43.5ms, model_inference=26.2ms
[TIMING] EnhancedMel.transcribe: audio_to_gpu=0.4ms, features=0.7ms, model=16.4ms, decode=7.5ms | TOTAL=25.0ms for 3000ms audio (RTF=0.01x)
[TIMING] stream_chunk[experiment-03b2f93a87a34fd98b5ff5858c7d1a9b](live_neural): decode=0.2ms, inference=28.8ms, second_pass=0.0ms, contention=0.0ms, TOTAL=29.3ms | audio=600ms, RTF=0.05x | model=enhanced_mel, neural_total=28.3ms, model_inference=16.4ms
[TIMING] EnhancedMel.transcribe: audio_to_gpu=0.5ms, features=1.0ms, model=19.4ms, decode=2.1ms | TOTAL=23.1ms for 600ms audio (RTF=0.04x)
[TIMING] stream_chunk[experiment-5054568a159d447e96e468546601fdb2](live_neural): decode=0.2ms, inference=24.8ms, second_pass=0.0ms, contention=0.0ms, TOTAL=25.0ms | audio=600ms, RTF=0.04x | model=enhanced_mel, neural_total=24.4ms, model_inference=19.4ms
[TIMING] EnhancedMel.transcribe: audio_to_gpu=0.2ms, features=0.5ms, model=13.8ms, decode=5.6ms | TOTAL=20.1ms for 1200ms audio (RTF=0.02x)
[TIMING] stream_chunk[experiment-5054568a159d447e96e468546601fdb2](live_neural): decode=0.3ms, inference=23.2ms, second_pass=0.0ms, contention=0.0ms, TOTAL=23.6ms | audio=600ms, RTF=0.04x | model=enhanced_mel, neural_total=22.7ms, model_inference=13.8ms
[TIMING] EnhancedMel.transcribe: audio_to_gpu=0.2ms, features=0.6ms, model=18.6ms, decode=7.3ms | TOTAL=26.7ms for 1800ms audio (RTF=0.01x)
[TIMING] stream_chunk[experiment-5054568a159d447e96e468546601fdb2](live_neural): decode=0.2ms, inference=32.9ms, second_pass=0.0ms, contention=0.0ms, TOTAL=33.4ms | audio=600ms, RTF=0.06x | model=enhanced_mel, neural_total=32.2ms, model_inference=18.6ms
[TIMING] EnhancedMel.transcribe: audio_to_gpu=0.3ms, features=0.8ms, model=20.0ms, decode=12.1ms | TOTAL=33.2ms for 2400ms audio (RTF=0.01x)
[TIMING] stream_chunk[experiment-5054568a159d447e96e468546601fdb2](live_neural): decode=0.3ms, inference=36.9ms, second_pass=0.0ms, contention=0.0ms, TOTAL=37.6ms | audio=600ms, RTF=0.06x | model=enhanced_mel, neural_total=36.2ms, model_inference=20.0ms
[TIMING] EnhancedMel.transcribe: audio_to_gpu=0.3ms, features=0.9ms, model=19.1ms, decode=8.5ms | TOTAL=28.8ms for 3000ms audio (RTF=0.01x)
[TIMING] stream_chunk[experiment-5054568a159d447e96e468546601fdb2](live_neural): decode=0.2ms, inference=34.5ms, second_pass=0.0ms, contention=0.0ms, TOTAL=35.1ms | audio=600ms, RTF=0.06x | model=enhanced_mel, neural_total=33.8ms, model_inference=19.1ms
[TIMING] EnhancedMel.transcribe: audio_to_gpu=0.4ms, features=0.7ms, model=15.6ms, decode=7.6ms | TOTAL=24.2ms for 3000ms audio (RTF=0.01x)
[TIMING] stream_chunk[experiment-5054568a159d447e96e468546601fdb2](live_neural): decode=0.2ms, inference=28.2ms, second_pass=0.0ms, contention=0.0ms, TOTAL=28.6ms | audio=600ms, RTF=0.05x | model=enhanced_mel, neural_total=27.6ms, model_inference=15.6ms
[TIMING] EnhancedMel.transcribe: audio_to_gpu=0.4ms, features=0.6ms, model=18.4ms, decode=7.7ms | TOTAL=27.0ms for 3000ms audio (RTF=0.01x)
[TIMING] stream_chunk[experiment-5054568a159d447e96e468546601fdb2](live_neural): decode=0.2ms, inference=30.9ms, second_pass=0.0ms, contention=0.0ms, TOTAL=31.3ms | audio=600ms, RTF=0.05x | model=enhanced_mel, neural_total=30.3ms, model_inference=18.4ms
[TIMING] EnhancedMel.transcribe: audio_to_gpu=0.3ms, features=0.6ms, model=17.5ms, decode=6.0ms | TOTAL=24.5ms for 3000ms audio (RTF=0.01x)
[TIMING] stream_chunk[experiment-5054568a159d447e96e468546601fdb2](live_neural): decode=0.1ms, inference=28.3ms, second_pass=0.0ms, contention=0.0ms, TOTAL=28.5ms | audio=600ms, RTF=0.05x | model=enhanced_mel, neural_total=27.8ms, model_inference=17.5ms
[TIMING] EnhancedMel.transcribe: audio_to_gpu=0.3ms, features=0.7ms, model=19.7ms, decode=8.9ms | TOTAL=29.7ms for 3000ms audio (RTF=0.01x)
[TIMING] stream_chunk[experiment-5054568a159d447e96e468546601fdb2](live_neural): decode=0.2ms, inference=35.1ms, second_pass=0.0ms, contention=0.0ms, TOTAL=35.6ms | audio=600ms, RTF=0.06x | model=enhanced_mel, neural_total=34.6ms, model_inference=19.7ms
[TIMING] EnhancedMel.transcribe: audio_to_gpu=0.5ms, features=0.8ms, model=20.5ms, decode=7.7ms | TOTAL=29.5ms for 3000ms audio (RTF=0.01x)
[TIMING] stream_chunk[experiment-5054568a159d447e96e468546601fdb2](live_neural): decode=0.1ms, inference=32.1ms, second_pass=0.0ms, contention=0.0ms, TOTAL=32.4ms | audio=600ms, RTF=0.05x | model=enhanced_mel, neural_total=31.6ms, model_inference=20.5ms

[CLIP_002] Two Sonatas
  excerpt: start=21.00s end=27.00s duration=6.00s gt_notes=95 rms=0.1706 peak=0.8416 crest=4.933 rms_std=0.0350
    control:
      note metrics: precision=0.937 recall=0.937 f1=0.937 matched=89/95 pred=95
      strict onset f1: 10ms=0.884 20ms=0.937 30ms=0.937
      timing metrics: offset_f1=0.832 rhythm_precision=0.888 note_value_acc=0.360 note_value_n=89 avg_beat_error=0.134
      duplicate metrics: duplicates=4 per_100_notes=4.21
      boundary metrics: gt=30 matched=29 missed=1 miss_rate=0.033
      latency: avg_chunk_ms=32.73 p95_chunk_ms=42.64 avg_rtf=0.055
      notation metrics: first_correct_ms=57.4 visible_p50_ms=358.7 visible_p95_ms=619.0 stabilize_p50_ms=1022.3 stabilize_p95_ms=2212.9 avg_revisions=0.93 matched=30 refined=30 snapshots=20
      algorithmic latency: first_correct_ms=18.2 visible_p50_ms=316.3 visible_p95_ms=585.2 stabilize_p50_ms=661.8 stabilize_p95_ms=1771.9
      final display note metrics: precision=0.967 recall=0.937 f1=0.952 matched=89/95 pred=92
      final display strict onset f1: 10ms=0.898 20ms=0.952 30ms=0.952
      final display timing: offset_f1=0.845 rhythm_precision=0.888 note_value_acc=0.270 note_value_n=89 avg_beat_error=0.211
      final display structure: cluster_f1=0.846 onset_align_recall=1.000 avg_jaccard=0.934 exact=44/52 pred=52 over=3 under=5 pitch_conflicts=0 missed_gt=0
      threshold profiles: hit_rate=0.000 thresholds=[0.75] profiles={'fixed_baseline': 10}
    treatment:
      note metrics: precision=0.957 recall=0.937 f1=0.947 matched=89/95 pred=93
      strict onset f1: 10ms=0.894 20ms=0.947 30ms=0.947
      timing metrics: offset_f1=0.840 rhythm_precision=0.888 note_value_acc=0.360 note_value_n=89 avg_beat_error=0.134
      duplicate metrics: duplicates=3 per_100_notes=3.23
      boundary metrics: gt=30 matched=29 missed=1 miss_rate=0.033
      latency: avg_chunk_ms=31.10 p95_chunk_ms=36.68 avg_rtf=0.052
      notation metrics: first_correct_ms=53.3 visible_p50_ms=329.8 visible_p95_ms=582.1 stabilize_p50_ms=1022.4 stabilize_p95_ms=2027.6 avg_revisions=0.90 matched=30 refined=30 snapshots=20
      algorithmic latency: first_correct_ms=18.2 visible_p50_ms=297.0 visible_p95_ms=546.9 stabilize_p50_ms=661.8 stabilize_p95_ms=1597.1
      final display note metrics: precision=0.978 recall=0.937 f1=0.957 matched=89/95 pred=91
      final display strict onset f1: 10ms=0.903 20ms=0.957 30ms=0.957
      final display timing: offset_f1=0.849 rhythm_precision=0.888 note_value_acc=0.258 note_value_n=89 avg_beat_error=0.222
      final display structure: cluster_f1=0.865 onset_align_recall=1.000 avg_jaccard=0.944 exact=45/52 pred=52 over=2 under=5 pitch_conflicts=0 missed_gt=0
      threshold profiles: hit_rate=1.000 thresholds=[0.77] profiles={'loud_dense_precision': 10}
    delta treatment-control: precision=+0.020 recall=+0.000 f1=+0.010 offset_f1=+0.009 note_value_acc=+0.000 dup_per_100=-0.98 boundary_miss_rate=+0.000 p95_chunk_ms=-5.96 f1_10ms=+0.009 f1_20ms=+0.010 f1_30ms=+0.010 visible_p50_ms=-28.9 stabilize_p50_ms=+0.1 algo_visible_p50_ms=-19.3 algo_stabilize_p50_ms=+0.0 avg_revisions=-0.03 display_note_f1=+0.005 display_offset_f1=+0.005 display_cluster_f1=+0.019 display_cluster_jaccard=+0.010
    failure buckets: ['runtime_only_win', 'boundary_miss_failure', 'high_revision_slow_stabilization', 'note_value_offset_failure']
      boundary diagnostics: missed=1 by_arm={'control': 1, 'treatment': 1} tags={'control_boundary_miss': 1, 'no_control_coarse_candidate': 1}
        miss: pitch=34 onset=5.949s boundary_delta_ms=-50.8 control_coarse=False treatment_coarse=False retro=n/a
[TIMING] EnhancedMel.transcribe: audio_to_gpu=0.3ms, features=0.8ms, model=20.7ms, decode=1.4ms | TOTAL=23.3ms for 600ms audio (RTF=0.04x)
[TIMING] stream_chunk[experiment-1bdefe019c73400bab421203b43976a1](live_neural): decode=0.2ms, inference=26.9ms, second_pass=0.0ms, contention=0.0ms, TOTAL=27.2ms | audio=600ms, RTF=0.05x | model=enhanced_mel, neural_total=26.4ms, model_inference=20.7ms
[TIMING] EnhancedMel.transcribe: audio_to_gpu=0.2ms, features=0.7ms, model=15.3ms, decode=2.1ms | TOTAL=18.3ms for 1200ms audio (RTF=0.02x)
[TIMING] stream_chunk[experiment-1bdefe019c73400bab421203b43976a1](live_neural): decode=0.1ms, inference=19.8ms, second_pass=0.0ms, contention=0.0ms, TOTAL=20.0ms | audio=600ms, RTF=0.03x | model=enhanced_mel, neural_total=19.5ms, model_inference=15.3ms
[TIMING] EnhancedMel.transcribe: audio_to_gpu=0.1ms, features=0.6ms, model=15.8ms, decode=3.1ms | TOTAL=19.6ms for 1800ms audio (RTF=0.01x)
[TIMING] stream_chunk[experiment-1bdefe019c73400bab421203b43976a1](live_neural): decode=0.1ms, inference=21.4ms, second_pass=0.0ms, contention=0.0ms, TOTAL=21.7ms | audio=600ms, RTF=0.04x | model=enhanced_mel, neural_total=21.1ms, model_inference=15.8ms
[TIMING] EnhancedMel.transcribe: audio_to_gpu=0.4ms, features=0.6ms, model=21.3ms, decode=6.9ms | TOTAL=29.2ms for 2400ms audio (RTF=0.01x)
[TIMING] stream_chunk[experiment-1bdefe019c73400bab421203b43976a1](live_neural): decode=0.3ms, inference=32.9ms, second_pass=0.0ms, contention=0.0ms, TOTAL=33.3ms | audio=600ms, RTF=0.06x | model=enhanced_mel, neural_total=32.4ms, model_inference=21.3ms
[TIMING] EnhancedMel.transcribe: audio_to_gpu=0.6ms, features=0.7ms, model=14.9ms, decode=5.7ms | TOTAL=21.9ms for 3000ms audio (RTF=0.01x)
[TIMING] stream_chunk[experiment-1bdefe019c73400bab421203b43976a1](live_neural): decode=0.2ms, inference=27.7ms, second_pass=0.0ms, contention=0.0ms, TOTAL=28.1ms | audio=600ms, RTF=0.05x | model=enhanced_mel, neural_total=27.2ms, model_inference=14.9ms
[TIMING] EnhancedMel.transcribe: audio_to_gpu=0.3ms, features=0.5ms, model=19.8ms, decode=7.1ms | TOTAL=27.7ms for 3000ms audio (RTF=0.01x)
[TIMING] stream_chunk[experiment-1bdefe019c73400bab421203b43976a1](live_neural): decode=0.2ms, inference=30.6ms, second_pass=0.0ms, contention=0.0ms, TOTAL=30.9ms | audio=600ms, RTF=0.05x | model=enhanced_mel, neural_total=30.2ms, model_inference=19.8ms
[TIMING] EnhancedMel.transcribe: audio_to_gpu=0.2ms, features=0.7ms, model=16.8ms, decode=6.9ms | TOTAL=24.6ms for 3000ms audio (RTF=0.01x)
[TIMING] stream_chunk[experiment-1bdefe019c73400bab421203b43976a1](live_neural): decode=0.2ms, inference=29.7ms, second_pass=0.0ms, contention=0.0ms, TOTAL=30.0ms | audio=600ms, RTF=0.05x | model=enhanced_mel, neural_total=29.3ms, model_inference=16.8ms
[TIMING] EnhancedMel.transcribe: audio_to_gpu=0.2ms, features=0.7ms, model=21.9ms, decode=11.3ms | TOTAL=34.1ms for 3000ms audio (RTF=0.01x)
[TIMING] stream_chunk[experiment-1bdefe019c73400bab421203b43976a1](live_neural): decode=0.2ms, inference=38.8ms, second_pass=0.0ms, contention=0.0ms, TOTAL=39.1ms | audio=600ms, RTF=0.07x | model=enhanced_mel, neural_total=38.2ms, model_inference=21.9ms
[TIMING] EnhancedMel.transcribe: audio_to_gpu=0.2ms, features=0.5ms, model=21.0ms, decode=9.0ms | TOTAL=30.7ms for 3000ms audio (RTF=0.01x)
[TIMING] stream_chunk[experiment-1bdefe019c73400bab421203b43976a1](live_neural): decode=0.2ms, inference=34.1ms, second_pass=0.0ms, contention=0.0ms, TOTAL=34.5ms | audio=600ms, RTF=0.06x | model=enhanced_mel, neural_total=33.7ms, model_inference=21.0ms
[TIMING] EnhancedMel.transcribe: audio_to_gpu=0.2ms, features=0.5ms, model=21.7ms, decode=10.3ms | TOTAL=32.8ms for 3000ms audio (RTF=0.01x)
[TIMING] stream_chunk[experiment-1bdefe019c73400bab421203b43976a1](live_neural): decode=0.1ms, inference=37.6ms, second_pass=0.0ms, contention=0.0ms, TOTAL=37.9ms | audio=600ms, RTF=0.06x | model=enhanced_mel, neural_total=37.2ms, model_inference=21.7ms
[TIMING] EnhancedMel.transcribe: audio_to_gpu=0.4ms, features=0.7ms, model=16.4ms, decode=2.3ms | TOTAL=19.7ms for 600ms audio (RTF=0.03x)
[TIMING] stream_chunk[experiment-b358e992f78141ea884b6b000295728c](live_neural): decode=0.2ms, inference=23.5ms, second_pass=0.0ms, contention=0.0ms, TOTAL=23.8ms | audio=600ms, RTF=0.04x | model=enhanced_mel, neural_total=22.8ms, model_inference=16.4ms
[TIMING] EnhancedMel.transcribe: audio_to_gpu=0.2ms, features=0.5ms, model=16.3ms, decode=4.7ms | TOTAL=21.8ms for 1200ms audio (RTF=0.02x)
[TIMING] stream_chunk[experiment-b358e992f78141ea884b6b000295728c](live_neural): decode=0.3ms, inference=24.8ms, second_pass=0.0ms, contention=0.0ms, TOTAL=25.3ms | audio=600ms, RTF=0.04x | model=enhanced_mel, neural_total=24.2ms, model_inference=16.3ms
[TIMING] EnhancedMel.transcribe: audio_to_gpu=0.3ms, features=0.8ms, model=22.9ms, decode=6.6ms | TOTAL=30.6ms for 1800ms audio (RTF=0.02x)
[TIMING] stream_chunk[experiment-b358e992f78141ea884b6b000295728c](live_neural): decode=0.2ms, inference=36.2ms, second_pass=0.0ms, contention=0.0ms, TOTAL=36.5ms | audio=600ms, RTF=0.06x | model=enhanced_mel, neural_total=34.6ms, model_inference=22.9ms
[TIMING] EnhancedMel.transcribe: audio_to_gpu=0.3ms, features=0.5ms, model=12.4ms, decode=4.6ms | TOTAL=17.8ms for 2400ms audio (RTF=0.01x)
[TIMING] stream_chunk[experiment-b358e992f78141ea884b6b000295728c](live_neural): decode=0.2ms, inference=20.7ms, second_pass=0.0ms, contention=0.0ms, TOTAL=21.1ms | audio=600ms, RTF=0.04x | model=enhanced_mel, neural_total=20.3ms, model_inference=12.4ms
[TIMING] EnhancedMel.transcribe: audio_to_gpu=0.2ms, features=0.7ms, model=14.8ms, decode=13.1ms | TOTAL=28.7ms for 3000ms audio (RTF=0.01x)
[TIMING] stream_chunk[experiment-b358e992f78141ea884b6b000295728c](live_neural): decode=0.1ms, inference=32.3ms, second_pass=0.0ms, contention=0.0ms, TOTAL=32.6ms | audio=600ms, RTF=0.05x | model=enhanced_mel, neural_total=31.8ms, model_inference=14.8ms
[TIMING] EnhancedMel.transcribe: audio_to_gpu=0.3ms, features=0.6ms, model=19.7ms, decode=11.2ms | TOTAL=31.8ms for 3000ms audio (RTF=0.01x)
[TIMING] stream_chunk[experiment-b358e992f78141ea884b6b000295728c](live_neural): decode=0.2ms, inference=35.8ms, second_pass=0.0ms, contention=0.0ms, TOTAL=36.1ms | audio=600ms, RTF=0.06x | model=enhanced_mel, neural_total=35.3ms, model_inference=19.7ms
[TIMING] EnhancedMel.transcribe: audio_to_gpu=0.5ms, features=0.7ms, model=16.7ms, decode=8.7ms | TOTAL=26.6ms for 3000ms audio (RTF=0.01x)
[TIMING] stream_chunk[experiment-b358e992f78141ea884b6b000295728c](live_neural): decode=0.2ms, inference=31.7ms, second_pass=0.0ms, contention=0.0ms, TOTAL=31.9ms | audio=600ms, RTF=0.05x | model=enhanced_mel, neural_total=31.3ms, model_inference=16.7ms
[TIMING] EnhancedMel.transcribe: audio_to_gpu=0.2ms, features=0.5ms, model=18.0ms, decode=7.2ms | TOTAL=25.9ms for 3000ms audio (RTF=0.01x)
[TIMING] stream_chunk[experiment-b358e992f78141ea884b6b000295728c](live_neural): decode=0.2ms, inference=29.9ms, second_pass=0.0ms, contention=0.0ms, TOTAL=30.1ms | audio=600ms, RTF=0.05x | model=enhanced_mel, neural_total=29.3ms, model_inference=18.0ms
[TIMING] EnhancedMel.transcribe: audio_to_gpu=0.3ms, features=0.7ms, model=16.9ms, decode=6.4ms | TOTAL=24.2ms for 3000ms audio (RTF=0.01x)
[TIMING] stream_chunk[experiment-b358e992f78141ea884b6b000295728c](live_neural): decode=0.1ms, inference=27.5ms, second_pass=0.0ms, contention=0.0ms, TOTAL=27.8ms | audio=600ms, RTF=0.05x | model=enhanced_mel, neural_total=27.1ms, model_inference=16.9ms
[TIMING] EnhancedMel.transcribe: audio_to_gpu=0.3ms, features=0.7ms, model=16.5ms, decode=6.8ms | TOTAL=24.3ms for 3000ms audio (RTF=0.01x)
[TIMING] stream_chunk[experiment-b358e992f78141ea884b6b000295728c](live_neural): decode=0.2ms, inference=28.6ms, second_pass=0.0ms, contention=0.0ms, TOTAL=28.9ms | audio=600ms, RTF=0.05x | model=enhanced_mel, neural_total=28.0ms, model_inference=16.5ms

[CLIP_003] Sonata in D Minor, K. 213
  excerpt: start=9.00s end=15.00s duration=6.00s gt_notes=18 rms=0.0079 peak=0.0465 crest=5.877 rms_std=0.0026
    control:
      note metrics: precision=0.818 recall=1.000 f1=0.900 matched=18/18 pred=22
      strict onset f1: 10ms=0.850 20ms=0.900 30ms=0.900
      timing metrics: offset_f1=0.450 rhythm_precision=0.500 note_value_acc=0.056 note_value_n=18 avg_beat_error=0.924
      duplicate metrics: duplicates=1 per_100_notes=4.55
      boundary metrics: gt=8 matched=8 missed=0 miss_rate=0.000
      latency: avg_chunk_ms=30.25 p95_chunk_ms=38.56 avg_rtf=0.050
      notation metrics: first_correct_ms=53.5 visible_p50_ms=321.2 visible_p95_ms=572.1 stabilize_p50_ms=1673.2 stabilize_p95_ms=3555.4 avg_revisions=1.88 matched=17 refined=17 snapshots=19
      algorithmic latency: first_correct_ms=15.6 visible_p50_ms=286.7 visible_p95_ms=551.8 stabilize_p50_ms=1395.1 stabilize_p95_ms=2920.6
      final display note metrics: precision=0.857 recall=1.000 f1=0.923 matched=18/18 pred=21
      final display strict onset f1: 10ms=0.872 20ms=0.923 30ms=0.923
      final display timing: offset_f1=0.462 rhythm_precision=0.500 note_value_acc=0.222 note_value_n=18 avg_beat_error=0.677
      final display structure: cluster_f1=0.889 onset_align_recall=1.000 avg_jaccard=0.971 exact=16/17 pred=19 over=1 under=0 pitch_conflicts=0 missed_gt=0
      threshold profiles: hit_rate=0.000 thresholds=[0.75] profiles={'fixed_baseline': 10}
    treatment:
      note metrics: precision=0.783 recall=1.000 f1=0.878 matched=18/18 pred=23
      strict onset f1: 10ms=0.829 20ms=0.878 30ms=0.878
      timing metrics: offset_f1=0.439 rhythm_precision=0.500 note_value_acc=0.056 note_value_n=18 avg_beat_error=0.924
      duplicate metrics: duplicates=1 per_100_notes=4.35
      boundary metrics: gt=8 matched=8 missed=0 miss_rate=0.000
      latency: avg_chunk_ms=29.42 p95_chunk_ms=36.35 avg_rtf=0.049
      notation metrics: first_correct_ms=44.6 visible_p50_ms=314.5 visible_p95_ms=579.3 stabilize_p50_ms=1740.0 stabilize_p95_ms=3233.4 avg_revisions=2.41 matched=17 refined=17 snapshots=20
      algorithmic latency: first_correct_ms=15.6 visible_p50_ms=286.7 visible_p95_ms=551.8 stabilize_p50_ms=1617.7 stabilize_p95_ms=2605.5
      final display note metrics: precision=0.818 recall=1.000 f1=0.900 matched=18/18 pred=22
      final display strict onset f1: 10ms=0.850 20ms=0.900 30ms=0.900
      final display timing: offset_f1=0.450 rhythm_precision=0.500 note_value_acc=0.222 note_value_n=18 avg_beat_error=0.705
      final display structure: cluster_f1=0.865 onset_align_recall=1.000 avg_jaccard=0.971 exact=16/17 pred=20 over=1 under=0 pitch_conflicts=0 missed_gt=0
      threshold profiles: hit_rate=1.000 thresholds=[0.71] profiles={'soft_sparse_recall': 10}
    delta treatment-control: precision=-0.036 recall=+0.000 f1=-0.022 offset_f1=-0.011 note_value_acc=+0.000 dup_per_100=-0.20 boundary_miss_rate=+0.000 p95_chunk_ms=-2.21 f1_10ms=-0.021 f1_20ms=-0.022 f1_30ms=-0.022 visible_p50_ms=-6.6 stabilize_p50_ms=+66.8 algo_visible_p50_ms=+0.0 algo_stabilize_p50_ms=+222.7 avg_revisions=+0.53 display_note_f1=-0.023 display_offset_f1=-0.012 display_cluster_f1=-0.024 display_cluster_jaccard=+0.000
    failure buckets: ['high_revision_slow_stabilization', 'note_value_offset_failure']
[TIMING] EnhancedMel.transcribe: audio_to_gpu=0.5ms, features=0.8ms, model=19.1ms, decode=2.6ms | TOTAL=23.0ms for 600ms audio (RTF=0.04x)
[TIMING] stream_chunk[experiment-16482bbc3f854ec3b882e2bb0640a615](live_neural): decode=0.2ms, inference=26.6ms, second_pass=0.0ms, contention=0.0ms, TOTAL=26.9ms | audio=600ms, RTF=0.04x | model=enhanced_mel, neural_total=26.1ms, model_inference=19.1ms
[TIMING] EnhancedMel.transcribe: audio_to_gpu=0.2ms, features=0.4ms, model=14.2ms, decode=3.4ms | TOTAL=18.1ms for 1200ms audio (RTF=0.02x)
[TIMING] stream_chunk[experiment-16482bbc3f854ec3b882e2bb0640a615](live_neural): decode=0.2ms, inference=20.8ms, second_pass=0.0ms, contention=0.0ms, TOTAL=21.1ms | audio=600ms, RTF=0.04x | model=enhanced_mel, neural_total=20.3ms, model_inference=14.2ms
[TIMING] EnhancedMel.transcribe: audio_to_gpu=0.2ms, features=0.4ms, model=13.2ms, decode=4.9ms | TOTAL=18.7ms for 1800ms audio (RTF=0.01x)
[TIMING] stream_chunk[experiment-16482bbc3f854ec3b882e2bb0640a615](live_neural): decode=0.2ms, inference=21.8ms, second_pass=0.0ms, contention=0.0ms, TOTAL=22.1ms | audio=600ms, RTF=0.04x | model=enhanced_mel, neural_total=21.2ms, model_inference=13.2ms
[TIMING] EnhancedMel.transcribe: audio_to_gpu=0.4ms, features=0.6ms, model=14.8ms, decode=6.4ms | TOTAL=22.1ms for 2400ms audio (RTF=0.01x)
[TIMING] stream_chunk[experiment-16482bbc3f854ec3b882e2bb0640a615](live_neural): decode=0.3ms, inference=27.2ms, second_pass=0.0ms, contention=0.0ms, TOTAL=27.7ms | audio=600ms, RTF=0.05x | model=enhanced_mel, neural_total=26.6ms, model_inference=14.8ms
[TIMING] EnhancedMel.transcribe: audio_to_gpu=0.3ms, features=2.5ms, model=17.2ms, decode=5.9ms | TOTAL=25.9ms for 3000ms audio (RTF=0.01x)
[TIMING] stream_chunk[experiment-16482bbc3f854ec3b882e2bb0640a615](live_neural): decode=0.2ms, inference=29.5ms, second_pass=0.0ms, contention=0.0ms, TOTAL=30.0ms | audio=600ms, RTF=0.05x | model=enhanced_mel, neural_total=29.0ms, model_inference=17.2ms
[TIMING] EnhancedMel.transcribe: audio_to_gpu=0.3ms, features=1.9ms, model=22.5ms, decode=7.8ms | TOTAL=32.5ms for 3000ms audio (RTF=0.01x)
[TIMING] stream_chunk[experiment-16482bbc3f854ec3b882e2bb0640a615](live_neural): decode=0.2ms, inference=36.8ms, second_pass=0.0ms, contention=0.0ms, TOTAL=37.2ms | audio=600ms, RTF=0.06x | model=enhanced_mel, neural_total=36.3ms, model_inference=22.5ms
[TIMING] EnhancedMel.transcribe: audio_to_gpu=0.2ms, features=0.5ms, model=16.4ms, decode=7.1ms | TOTAL=24.2ms for 3000ms audio (RTF=0.01x)
[TIMING] stream_chunk[experiment-16482bbc3f854ec3b882e2bb0640a615](live_neural): decode=0.3ms, inference=27.7ms, second_pass=0.0ms, contention=0.0ms, TOTAL=28.1ms | audio=600ms, RTF=0.05x | model=enhanced_mel, neural_total=27.2ms, model_inference=16.4ms
[TIMING] EnhancedMel.transcribe: audio_to_gpu=0.3ms, features=0.5ms, model=18.0ms, decode=12.0ms | TOTAL=30.8ms for 3000ms audio (RTF=0.01x)
[TIMING] stream_chunk[experiment-16482bbc3f854ec3b882e2bb0640a615](live_neural): decode=0.2ms, inference=34.3ms, second_pass=0.0ms, contention=0.0ms, TOTAL=34.7ms | audio=600ms, RTF=0.06x | model=enhanced_mel, neural_total=33.8ms, model_inference=18.0ms
[TIMING] EnhancedMel.transcribe: audio_to_gpu=0.5ms, features=1.4ms, model=19.0ms, decode=9.8ms | TOTAL=30.7ms for 3000ms audio (RTF=0.01x)
[TIMING] stream_chunk[experiment-16482bbc3f854ec3b882e2bb0640a615](live_neural): decode=0.2ms, inference=35.9ms, second_pass=0.0ms, contention=0.0ms, TOTAL=36.2ms | audio=600ms, RTF=0.06x | model=enhanced_mel, neural_total=35.3ms, model_inference=19.0ms
[TIMING] EnhancedMel.transcribe: audio_to_gpu=0.6ms, features=0.7ms, model=17.1ms, decode=6.9ms | TOTAL=25.3ms for 3000ms audio (RTF=0.01x)
[TIMING] stream_chunk[experiment-16482bbc3f854ec3b882e2bb0640a615](live_neural): decode=0.2ms, inference=30.8ms, second_pass=0.0ms, contention=0.0ms, TOTAL=31.2ms | audio=600ms, RTF=0.05x | model=enhanced_mel, neural_total=30.2ms, model_inference=17.1ms
[TIMING] EnhancedMel.transcribe: audio_to_gpu=4.0ms, features=0.7ms, model=13.4ms, decode=1.8ms | TOTAL=19.9ms for 600ms audio (RTF=0.03x)
[TIMING] stream_chunk[experiment-469735c7e49945e6b6584938d9878cfe](live_neural): decode=0.2ms, inference=22.7ms, second_pass=0.0ms, contention=0.0ms, TOTAL=23.0ms | audio=600ms, RTF=0.04x | model=enhanced_mel, neural_total=22.1ms, model_inference=13.4ms
[TIMING] EnhancedMel.transcribe: audio_to_gpu=0.1ms, features=0.4ms, model=12.5ms, decode=3.3ms | TOTAL=16.4ms for 1200ms audio (RTF=0.01x)
[TIMING] stream_chunk[experiment-469735c7e49945e6b6584938d9878cfe](live_neural): decode=0.1ms, inference=19.1ms, second_pass=0.0ms, contention=0.0ms, TOTAL=19.4ms | audio=600ms, RTF=0.03x | model=enhanced_mel, neural_total=18.8ms, model_inference=12.5ms
[TIMING] EnhancedMel.transcribe: audio_to_gpu=0.2ms, features=0.4ms, model=13.0ms, decode=5.0ms | TOTAL=18.7ms for 1800ms audio (RTF=0.01x)
[TIMING] stream_chunk[experiment-469735c7e49945e6b6584938d9878cfe](live_neural): decode=0.2ms, inference=21.6ms, second_pass=0.0ms, contention=0.0ms, TOTAL=21.8ms | audio=600ms, RTF=0.04x | model=enhanced_mel, neural_total=21.1ms, model_inference=13.0ms
[TIMING] EnhancedMel.transcribe: audio_to_gpu=0.1ms, features=0.4ms, model=13.4ms, decode=6.5ms | TOTAL=20.5ms for 2400ms audio (RTF=0.01x)
[TIMING] stream_chunk[experiment-469735c7e49945e6b6584938d9878cfe](live_neural): decode=0.2ms, inference=23.9ms, second_pass=0.0ms, contention=0.0ms, TOTAL=24.3ms | audio=600ms, RTF=0.04x | model=enhanced_mel, neural_total=23.4ms, model_inference=13.4ms
[TIMING] EnhancedMel.transcribe: audio_to_gpu=0.4ms, features=0.8ms, model=16.6ms, decode=10.1ms | TOTAL=27.9ms for 3000ms audio (RTF=0.01x)
[TIMING] stream_chunk[experiment-469735c7e49945e6b6584938d9878cfe](live_neural): decode=0.2ms, inference=31.6ms, second_pass=0.0ms, contention=0.0ms, TOTAL=32.0ms | audio=600ms, RTF=0.05x | model=enhanced_mel, neural_total=31.2ms, model_inference=16.6ms
[TIMING] EnhancedMel.transcribe: audio_to_gpu=0.5ms, features=1.0ms, model=24.8ms, decode=5.4ms | TOTAL=31.6ms for 3000ms audio (RTF=0.01x)
[TIMING] stream_chunk[experiment-469735c7e49945e6b6584938d9878cfe](live_neural): decode=0.2ms, inference=35.6ms, second_pass=0.0ms, contention=0.0ms, TOTAL=36.0ms | audio=600ms, RTF=0.06x | model=enhanced_mel, neural_total=35.0ms, model_inference=24.8ms
[TIMING] EnhancedMel.transcribe: audio_to_gpu=0.2ms, features=0.5ms, model=23.2ms, decode=5.2ms | TOTAL=29.1ms for 3000ms audio (RTF=0.01x)
[TIMING] stream_chunk[experiment-469735c7e49945e6b6584938d9878cfe](live_neural): decode=0.3ms, inference=31.6ms, second_pass=0.0ms, contention=0.0ms, TOTAL=32.0ms | audio=600ms, RTF=0.05x | model=enhanced_mel, neural_total=31.2ms, model_inference=23.2ms
[TIMING] EnhancedMel.transcribe: audio_to_gpu=0.3ms, features=1.4ms, model=17.7ms, decode=7.4ms | TOTAL=26.8ms for 3000ms audio (RTF=0.01x)
[TIMING] stream_chunk[experiment-469735c7e49945e6b6584938d9878cfe](live_neural): decode=0.2ms, inference=29.4ms, second_pass=0.0ms, contention=0.0ms, TOTAL=29.7ms | audio=600ms, RTF=0.05x | model=enhanced_mel, neural_total=28.8ms, model_inference=17.7ms
[TIMING] EnhancedMel.transcribe: audio_to_gpu=0.3ms, features=0.7ms, model=19.1ms, decode=4.9ms | TOTAL=25.0ms for 3000ms audio (RTF=0.01x)
[TIMING] stream_chunk[experiment-469735c7e49945e6b6584938d9878cfe](live_neural): decode=0.2ms, inference=27.5ms, second_pass=0.0ms, contention=0.0ms, TOTAL=27.9ms | audio=600ms, RTF=0.05x | model=enhanced_mel, neural_total=26.9ms, model_inference=19.1ms
[TIMING] EnhancedMel.transcribe: audio_to_gpu=0.3ms, features=0.6ms, model=16.7ms, decode=6.9ms | TOTAL=24.5ms for 3000ms audio (RTF=0.01x)
[TIMING] stream_chunk[experiment-469735c7e49945e6b6584938d9878cfe](live_neural): decode=0.4ms, inference=28.2ms, second_pass=0.0ms, contention=0.0ms, TOTAL=28.7ms | audio=600ms, RTF=0.05x | model=enhanced_mel, neural_total=27.7ms, model_inference=16.7ms

[CLIP_004] Two Sonatas
  excerpt: start=51.00s end=57.00s duration=6.00s gt_notes=50 rms=0.1572 peak=0.7955 crest=5.060 rms_std=0.0687
    control:
      note metrics: precision=0.907 recall=0.980 f1=0.942 matched=49/50 pred=54
      strict onset f1: 10ms=0.827 20ms=0.942 30ms=0.942
      timing metrics: offset_f1=0.923 rhythm_precision=0.980 note_value_acc=0.286 note_value_n=49 avg_beat_error=0.097
      duplicate metrics: duplicates=1 per_100_notes=1.85
      boundary metrics: gt=16 matched=15 missed=1 miss_rate=0.062
      latency: avg_chunk_ms=29.52 p95_chunk_ms=36.75 avg_rtf=0.049
      notation metrics: first_correct_ms=43.4 visible_p50_ms=341.2 visible_p95_ms=613.6 stabilize_p50_ms=492.2 stabilize_p95_ms=1385.5 avg_revisions=0.28 matched=29 refined=29 snapshots=21
      algorithmic latency: first_correct_ms=6.3 visible_p50_ms=306.5 visible_p95_ms=586.2 stabilize_p50_ms=456.0 stabilize_p95_ms=958.3
      final display note metrics: precision=0.925 recall=0.980 f1=0.951 matched=49/50 pred=53
      final display strict onset f1: 10ms=0.835 20ms=0.951 30ms=0.951
      final display timing: offset_f1=0.932 rhythm_precision=0.980 note_value_acc=0.286 note_value_n=49 avg_beat_error=0.185
      final display structure: cluster_f1=0.933 onset_align_recall=1.000 avg_jaccard=0.986 exact=35/36 pred=39 over=0 under=1 pitch_conflicts=0 missed_gt=0
      threshold profiles: hit_rate=0.000 thresholds=[0.75] profiles={'fixed_baseline': 10}
    treatment:
      note metrics: precision=0.942 recall=0.980 f1=0.961 matched=49/50 pred=52
      strict onset f1: 10ms=0.843 20ms=0.961 30ms=0.961
      timing metrics: offset_f1=0.941 rhythm_precision=0.980 note_value_acc=0.286 note_value_n=49 avg_beat_error=0.097
      duplicate metrics: duplicates=1 per_100_notes=1.92
      boundary metrics: gt=16 matched=15 missed=1 miss_rate=0.062
      latency: avg_chunk_ms=27.47 p95_chunk_ms=34.21 avg_rtf=0.046
      notation metrics: first_correct_ms=42.3 visible_p50_ms=336.2 visible_p95_ms=613.4 stabilize_p50_ms=514.1 stabilize_p95_ms=1259.9 avg_revisions=0.28 matched=29 refined=29 snapshots=21
      algorithmic latency: first_correct_ms=6.3 visible_p50_ms=306.5 visible_p95_ms=586.2 stabilize_p50_ms=489.8 stabilize_p95_ms=835.1
      final display note metrics: precision=0.961 recall=0.980 f1=0.970 matched=49/50 pred=51
      final display strict onset f1: 10ms=0.851 20ms=0.970 30ms=0.970
      final display timing: offset_f1=0.950 rhythm_precision=0.980 note_value_acc=0.286 note_value_n=49 avg_beat_error=0.170
      final display structure: cluster_f1=0.946 onset_align_recall=1.000 avg_jaccard=0.986 exact=35/36 pred=38 over=0 under=1 pitch_conflicts=0 missed_gt=0
      threshold profiles: hit_rate=1.000 thresholds=[0.77] profiles={'loud_dense_precision': 10}
    delta treatment-control: precision=+0.035 recall=+0.000 f1=+0.018 offset_f1=+0.018 note_value_acc=+0.000 dup_per_100=+0.07 boundary_miss_rate=+0.000 p95_chunk_ms=-2.54 f1_10ms=+0.016 f1_20ms=+0.018 f1_30ms=+0.018 visible_p50_ms=-4.9 stabilize_p50_ms=+21.9 algo_visible_p50_ms=+0.0 algo_stabilize_p50_ms=+33.9 avg_revisions=+0.00 display_note_f1=+0.019 display_offset_f1=+0.018 display_cluster_f1=+0.013 display_cluster_jaccard=+0.000
    failure buckets: ['boundary_miss_failure', 'note_value_offset_failure']
      boundary diagnostics: missed=1 by_arm={'control': 1, 'treatment': 1} tags={'control_boundary_miss': 1, 'control_timing_or_quantization_drift': 1, 'treatment_candidate_not_retained': 1}
        miss: pitch=67 onset=1.895s boundary_delta_ms=+94.5 control_coarse=True treatment_coarse=True retro=n/a
[TIMING] EnhancedMel.transcribe: audio_to_gpu=0.5ms, features=0.9ms, model=18.3ms, decode=1.6ms | TOTAL=21.2ms for 600ms audio (RTF=0.04x)
[TIMING] stream_chunk[experiment-f6f425a2b43e417aa8fc6c69f21105d6](live_neural): decode=0.2ms, inference=24.7ms, second_pass=0.0ms, contention=0.0ms, TOTAL=25.0ms | audio=600ms, RTF=0.04x | model=enhanced_mel, neural_total=24.2ms, model_inference=18.3ms
[TIMING] EnhancedMel.transcribe: audio_to_gpu=0.3ms, features=0.8ms, model=15.2ms, decode=2.2ms | TOTAL=18.5ms for 1200ms audio (RTF=0.02x)
[TIMING] stream_chunk[experiment-f6f425a2b43e417aa8fc6c69f21105d6](live_neural): decode=0.2ms, inference=21.2ms, second_pass=0.0ms, contention=0.0ms, TOTAL=21.6ms | audio=600ms, RTF=0.04x | model=enhanced_mel, neural_total=20.8ms, model_inference=15.2ms
[TIMING] EnhancedMel.transcribe: audio_to_gpu=0.2ms, features=0.6ms, model=20.3ms, decode=6.4ms | TOTAL=27.5ms for 1800ms audio (RTF=0.02x)
[TIMING] stream_chunk[experiment-f6f425a2b43e417aa8fc6c69f21105d6](live_neural): decode=0.2ms, inference=29.6ms, second_pass=0.0ms, contention=0.0ms, TOTAL=29.9ms | audio=600ms, RTF=0.05x | model=enhanced_mel, neural_total=29.1ms, model_inference=20.3ms
[TIMING] EnhancedMel.transcribe: audio_to_gpu=0.2ms, features=0.6ms, model=19.3ms, decode=8.6ms | TOTAL=28.8ms for 2400ms audio (RTF=0.01x)
[TIMING] stream_chunk[experiment-f6f425a2b43e417aa8fc6c69f21105d6](live_neural): decode=0.2ms, inference=33.2ms, second_pass=0.0ms, contention=0.0ms, TOTAL=33.6ms | audio=600ms, RTF=0.06x | model=enhanced_mel, neural_total=32.6ms, model_inference=19.3ms
[TIMING] EnhancedMel.transcribe: audio_to_gpu=0.4ms, features=0.6ms, model=16.5ms, decode=11.6ms | TOTAL=29.0ms for 3000ms audio (RTF=0.01x)
[TIMING] stream_chunk[experiment-f6f425a2b43e417aa8fc6c69f21105d6](live_neural): decode=0.3ms, inference=33.8ms, second_pass=0.0ms, contention=0.0ms, TOTAL=34.3ms | audio=600ms, RTF=0.06x | model=enhanced_mel, neural_total=33.2ms, model_inference=16.5ms
[TIMING] EnhancedMel.transcribe: audio_to_gpu=0.3ms, features=0.7ms, model=19.7ms, decode=6.7ms | TOTAL=27.4ms for 3000ms audio (RTF=0.01x)
[TIMING] stream_chunk[experiment-f6f425a2b43e417aa8fc6c69f21105d6](live_neural): decode=0.3ms, inference=31.7ms, second_pass=0.0ms, contention=0.0ms, TOTAL=32.0ms | audio=600ms, RTF=0.05x | model=enhanced_mel, neural_total=31.1ms, model_inference=19.7ms
[TIMING] EnhancedMel.transcribe: audio_to_gpu=0.3ms, features=0.7ms, model=20.4ms, decode=7.4ms | TOTAL=28.8ms for 3000ms audio (RTF=0.01x)
[TIMING] stream_chunk[experiment-f6f425a2b43e417aa8fc6c69f21105d6](live_neural): decode=0.2ms, inference=31.2ms, second_pass=0.0ms, contention=0.0ms, TOTAL=31.4ms | audio=600ms, RTF=0.05x | model=enhanced_mel, neural_total=30.7ms, model_inference=20.4ms
[TIMING] EnhancedMel.transcribe: audio_to_gpu=0.3ms, features=0.5ms, model=14.0ms, decode=6.6ms | TOTAL=21.4ms for 3000ms audio (RTF=0.01x)
[TIMING] stream_chunk[experiment-f6f425a2b43e417aa8fc6c69f21105d6](live_neural): decode=0.4ms, inference=25.1ms, second_pass=0.0ms, contention=0.0ms, TOTAL=25.6ms | audio=600ms, RTF=0.04x | model=enhanced_mel, neural_total=24.3ms, model_inference=14.0ms
[TIMING] EnhancedMel.transcribe: audio_to_gpu=0.2ms, features=0.6ms, model=17.0ms, decode=7.1ms | TOTAL=24.9ms for 3000ms audio (RTF=0.01x)
[TIMING] stream_chunk[experiment-f6f425a2b43e417aa8fc6c69f21105d6](live_neural): decode=0.1ms, inference=29.1ms, second_pass=0.0ms, contention=0.0ms, TOTAL=29.3ms | audio=600ms, RTF=0.05x | model=enhanced_mel, neural_total=28.7ms, model_inference=17.0ms
[TIMING] EnhancedMel.transcribe: audio_to_gpu=0.2ms, features=4.1ms, model=17.0ms, decode=6.5ms | TOTAL=27.8ms for 3000ms audio (RTF=0.01x)
[TIMING] stream_chunk[experiment-f6f425a2b43e417aa8fc6c69f21105d6](live_neural): decode=0.1ms, inference=33.0ms, second_pass=0.0ms, contention=0.0ms, TOTAL=33.2ms | audio=600ms, RTF=0.06x | model=enhanced_mel, neural_total=32.6ms, model_inference=17.0ms
[TIMING] EnhancedMel.transcribe: audio_to_gpu=2.4ms, features=0.8ms, model=12.8ms, decode=3.4ms | TOTAL=19.3ms for 600ms audio (RTF=0.03x)
[TIMING] stream_chunk[experiment-937ed167ab694284ac9f9644e70d1d9d](live_neural): decode=0.2ms, inference=22.8ms, second_pass=0.0ms, contention=0.0ms, TOTAL=23.0ms | audio=600ms, RTF=0.04x | model=enhanced_mel, neural_total=22.4ms, model_inference=12.8ms
[TIMING] EnhancedMel.transcribe: audio_to_gpu=0.1ms, features=0.4ms, model=15.5ms, decode=2.9ms | TOTAL=18.9ms for 1200ms audio (RTF=0.02x)
[TIMING] stream_chunk[experiment-937ed167ab694284ac9f9644e70d1d9d](live_neural): decode=0.2ms, inference=22.0ms, second_pass=0.0ms, contention=0.0ms, TOTAL=22.2ms | audio=600ms, RTF=0.04x | model=enhanced_mel, neural_total=21.6ms, model_inference=15.5ms
[TIMING] EnhancedMel.transcribe: audio_to_gpu=0.1ms, features=0.3ms, model=16.0ms, decode=6.0ms | TOTAL=22.5ms for 1800ms audio (RTF=0.01x)
[TIMING] stream_chunk[experiment-937ed167ab694284ac9f9644e70d1d9d](live_neural): decode=0.1ms, inference=25.3ms, second_pass=0.0ms, contention=0.0ms, TOTAL=25.6ms | audio=600ms, RTF=0.04x | model=enhanced_mel, neural_total=24.9ms, model_inference=16.0ms
[TIMING] EnhancedMel.transcribe: audio_to_gpu=0.3ms, features=0.7ms, model=17.5ms, decode=6.2ms | TOTAL=24.7ms for 2400ms audio (RTF=0.01x)
[TIMING] stream_chunk[experiment-937ed167ab694284ac9f9644e70d1d9d](live_neural): decode=0.3ms, inference=29.6ms, second_pass=0.0ms, contention=0.0ms, TOTAL=30.0ms | audio=600ms, RTF=0.05x | model=enhanced_mel, neural_total=29.1ms, model_inference=17.5ms
[TIMING] EnhancedMel.transcribe: audio_to_gpu=0.2ms, features=0.6ms, model=24.1ms, decode=11.5ms | TOTAL=36.4ms for 3000ms audio (RTF=0.01x)
[TIMING] stream_chunk[experiment-937ed167ab694284ac9f9644e70d1d9d](live_neural): decode=0.2ms, inference=42.2ms, second_pass=0.0ms, contention=0.0ms, TOTAL=42.6ms | audio=600ms, RTF=0.07x | model=enhanced_mel, neural_total=41.1ms, model_inference=24.1ms
[TIMING] EnhancedMel.transcribe: audio_to_gpu=0.2ms, features=0.5ms, model=15.1ms, decode=6.7ms | TOTAL=22.5ms for 3000ms audio (RTF=0.01x)
[TIMING] stream_chunk[experiment-937ed167ab694284ac9f9644e70d1d9d](live_neural): decode=0.3ms, inference=26.6ms, second_pass=0.0ms, contention=0.0ms, TOTAL=27.0ms | audio=600ms, RTF=0.04x | model=enhanced_mel, neural_total=26.2ms, model_inference=15.1ms
[TIMING] EnhancedMel.transcribe: audio_to_gpu=0.3ms, features=0.4ms, model=14.3ms, decode=11.9ms | TOTAL=26.9ms for 3000ms audio (RTF=0.01x)
[TIMING] stream_chunk[experiment-937ed167ab694284ac9f9644e70d1d9d](live_neural): decode=0.2ms, inference=30.6ms, second_pass=0.0ms, contention=0.0ms, TOTAL=30.9ms | audio=600ms, RTF=0.05x | model=enhanced_mel, neural_total=30.1ms, model_inference=14.3ms
[TIMING] EnhancedMel.transcribe: audio_to_gpu=0.3ms, features=0.8ms, model=22.8ms, decode=12.2ms | TOTAL=36.1ms for 3000ms audio (RTF=0.01x)
[TIMING] stream_chunk[experiment-937ed167ab694284ac9f9644e70d1d9d](live_neural): decode=1.6ms, inference=38.9ms, second_pass=0.0ms, contention=0.0ms, TOTAL=40.6ms | audio=600ms, RTF=0.07x | model=enhanced_mel, neural_total=38.3ms, model_inference=22.8ms
[TIMING] EnhancedMel.transcribe: audio_to_gpu=0.4ms, features=0.7ms, model=21.4ms, decode=8.7ms | TOTAL=31.3ms for 3000ms audio (RTF=0.01x)
[TIMING] stream_chunk[experiment-937ed167ab694284ac9f9644e70d1d9d](live_neural): decode=0.2ms, inference=36.8ms, second_pass=0.0ms, contention=0.0ms, TOTAL=37.1ms | audio=600ms, RTF=0.06x | model=enhanced_mel, neural_total=36.2ms, model_inference=21.4ms
[TIMING] EnhancedMel.transcribe: audio_to_gpu=0.3ms, features=0.6ms, model=14.3ms, decode=6.5ms | TOTAL=21.7ms for 3000ms audio (RTF=0.01x)
[TIMING] stream_chunk[experiment-937ed167ab694284ac9f9644e70d1d9d](live_neural): decode=0.5ms, inference=24.9ms, second_pass=0.0ms, contention=0.0ms, TOTAL=25.5ms | audio=600ms, RTF=0.04x | model=enhanced_mel, neural_total=24.5ms, model_inference=14.3ms

[CLIP_005] Hungarian Rhapsody No. 9
  excerpt: start=48.00s end=54.00s duration=6.00s gt_notes=8 rms=0.0260 peak=0.1356 crest=5.209 rms_std=0.0157
    control:
      note metrics: precision=0.889 recall=1.000 f1=0.941 matched=8/8 pred=9
      strict onset f1: 10ms=0.941 20ms=0.941 30ms=0.941
      timing metrics: offset_f1=0.353 rhythm_precision=0.375 note_value_acc=0.000 note_value_n=8 avg_beat_error=1.734
      duplicate metrics: duplicates=0 per_100_notes=0.00
      boundary metrics: gt=3 matched=3 missed=0 miss_rate=0.000
      latency: avg_chunk_ms=29.60 p95_chunk_ms=33.93 avg_rtf=0.049
      notation metrics: first_correct_ms=202.1 visible_p50_ms=454.8 visible_p95_ms=607.3 stabilize_p50_ms=1646.6 stabilize_p95_ms=2520.1 avg_revisions=1.38 matched=8 refined=8 snapshots=15
      algorithmic latency: first_correct_ms=180.5 visible_p50_ms=429.0 visible_p95_ms=576.1 stabilize_p50_ms=1105.1 stabilize_p95_ms=1978.5
      final display note metrics: precision=0.889 recall=1.000 f1=0.941 matched=8/8 pred=9
      final display strict onset f1: 10ms=0.941 20ms=0.941 30ms=0.941
      final display timing: offset_f1=0.353 rhythm_precision=0.375 note_value_acc=0.250 note_value_n=8 avg_beat_error=1.375
      final display structure: cluster_f1=0.875 onset_align_recall=1.000 avg_jaccard=0.938 exact=7/8 pred=8 over=1 under=0 pitch_conflicts=0 missed_gt=0
      threshold profiles: hit_rate=0.000 thresholds=[0.75] profiles={'fixed_baseline': 10}
    treatment:
      note metrics: precision=0.889 recall=1.000 f1=0.941 matched=8/8 pred=9
      strict onset f1: 10ms=0.941 20ms=0.941 30ms=0.941
      timing metrics: offset_f1=0.353 rhythm_precision=0.375 note_value_acc=0.000 note_value_n=8 avg_beat_error=1.734
      duplicate metrics: duplicates=0 per_100_notes=0.00
      boundary metrics: gt=3 matched=3 missed=0 miss_rate=0.000
      latency: avg_chunk_ms=30.44 p95_chunk_ms=41.66 avg_rtf=0.051
      notation metrics: first_correct_ms=202.7 visible_p50_ms=452.9 visible_p95_ms=603.2 stabilize_p50_ms=1642.0 stabilize_p95_ms=2515.5 avg_revisions=1.38 matched=8 refined=8 snapshots=15
      algorithmic latency: first_correct_ms=180.5 visible_p50_ms=429.0 visible_p95_ms=576.1 stabilize_p50_ms=1105.1 stabilize_p95_ms=1978.5
      final display note metrics: precision=0.889 recall=1.000 f1=0.941 matched=8/8 pred=9
      final display strict onset f1: 10ms=0.941 20ms=0.941 30ms=0.941
      final display timing: offset_f1=0.353 rhythm_precision=0.375 note_value_acc=0.250 note_value_n=8 avg_beat_error=1.375
      final display structure: cluster_f1=0.875 onset_align_recall=1.000 avg_jaccard=0.938 exact=7/8 pred=8 over=1 under=0 pitch_conflicts=0 missed_gt=0
      threshold profiles: hit_rate=0.300 thresholds=[0.71, 0.75] profiles={'baseline_nominal': 7, 'soft_sparse_recall': 3}
    delta treatment-control: precision=+0.000 recall=+0.000 f1=+0.000 offset_f1=+0.000 note_value_acc=+0.000 dup_per_100=+0.00 boundary_miss_rate=+0.000 p95_chunk_ms=+7.73 f1_10ms=+0.000 f1_20ms=+0.000 f1_30ms=+0.000 visible_p50_ms=-1.9 stabilize_p50_ms=-4.6 algo_visible_p50_ms=+0.0 algo_stabilize_p50_ms=+0.0 avg_revisions=+0.00 display_note_f1=+0.000 display_offset_f1=+0.000 display_cluster_f1=+0.000 display_cluster_jaccard=+0.000
    failure buckets: ['high_revision_slow_stabilization', 'note_value_offset_failure']
[TIMING] EnhancedMel.transcribe: audio_to_gpu=0.3ms, features=0.8ms, model=19.5ms, decode=3.2ms | TOTAL=23.8ms for 600ms audio (RTF=0.04x)
[TIMING] stream_chunk[experiment-6c668372b4b140eb84f6624f55031e96](live_neural): decode=0.3ms, inference=28.0ms, second_pass=0.0ms, contention=0.0ms, TOTAL=28.4ms | audio=600ms, RTF=0.05x | model=enhanced_mel, neural_total=27.4ms, model_inference=19.5ms
[TIMING] EnhancedMel.transcribe: audio_to_gpu=0.2ms, features=0.6ms, model=16.4ms, decode=3.6ms | TOTAL=20.9ms for 1200ms audio (RTF=0.02x)
[TIMING] stream_chunk[experiment-6c668372b4b140eb84f6624f55031e96](live_neural): decode=0.2ms, inference=25.0ms, second_pass=0.0ms, contention=0.0ms, TOTAL=25.4ms | audio=600ms, RTF=0.04x | model=enhanced_mel, neural_total=24.5ms, model_inference=16.4ms
[TIMING] EnhancedMel.transcribe: audio_to_gpu=0.2ms, features=0.4ms, model=24.5ms, decode=3.8ms | TOTAL=28.9ms for 1800ms audio (RTF=0.02x)
[TIMING] stream_chunk[experiment-6c668372b4b140eb84f6624f55031e96](live_neural): decode=0.2ms, inference=32.0ms, second_pass=0.0ms, contention=0.0ms, TOTAL=32.5ms | audio=600ms, RTF=0.05x | model=enhanced_mel, neural_total=31.5ms, model_inference=24.5ms
[TIMING] EnhancedMel.transcribe: audio_to_gpu=0.3ms, features=0.7ms, model=20.2ms, decode=6.3ms | TOTAL=27.5ms for 2400ms audio (RTF=0.01x)
[TIMING] stream_chunk[experiment-6c668372b4b140eb84f6624f55031e96](live_neural): decode=0.3ms, inference=30.3ms, second_pass=0.0ms, contention=0.0ms, TOTAL=30.8ms | audio=600ms, RTF=0.05x | model=enhanced_mel, neural_total=29.7ms, model_inference=20.2ms
[TIMING] EnhancedMel.transcribe: audio_to_gpu=0.3ms, features=0.6ms, model=22.6ms, decode=8.1ms | TOTAL=31.7ms for 3000ms audio (RTF=0.01x)
[TIMING] stream_chunk[experiment-6c668372b4b140eb84f6624f55031e96](live_neural): decode=0.2ms, inference=34.6ms, second_pass=0.0ms, contention=0.0ms, TOTAL=35.0ms | audio=600ms, RTF=0.06x | model=enhanced_mel, neural_total=34.1ms, model_inference=22.6ms
[TIMING] EnhancedMel.transcribe: audio_to_gpu=0.4ms, features=0.6ms, model=12.7ms, decode=14.8ms | TOTAL=28.4ms for 3000ms audio (RTF=0.01x)
[TIMING] stream_chunk[experiment-6c668372b4b140eb84f6624f55031e96](live_neural): decode=0.2ms, inference=32.2ms, second_pass=0.0ms, contention=0.0ms, TOTAL=32.8ms | audio=600ms, RTF=0.05x | model=enhanced_mel, neural_total=31.6ms, model_inference=12.7ms
[TIMING] EnhancedMel.transcribe: audio_to_gpu=0.3ms, features=0.7ms, model=21.5ms, decode=11.3ms | TOTAL=33.8ms for 3000ms audio (RTF=0.01x)
[TIMING] stream_chunk[experiment-6c668372b4b140eb84f6624f55031e96](live_neural): decode=0.2ms, inference=39.6ms, second_pass=0.0ms, contention=0.0ms, TOTAL=40.2ms | audio=600ms, RTF=0.07x | model=enhanced_mel, neural_total=39.0ms, model_inference=21.5ms
[TIMING] EnhancedMel.transcribe: audio_to_gpu=0.3ms, features=0.5ms, model=15.5ms, decode=6.2ms | TOTAL=22.4ms for 3000ms audio (RTF=0.01x)
[TIMING] stream_chunk[experiment-6c668372b4b140eb84f6624f55031e96](live_neural): decode=0.2ms, inference=25.7ms, second_pass=0.0ms, contention=0.0ms, TOTAL=26.1ms | audio=600ms, RTF=0.04x | model=enhanced_mel, neural_total=25.3ms, model_inference=15.5ms
[TIMING] EnhancedMel.transcribe: audio_to_gpu=0.2ms, features=0.9ms, model=18.3ms, decode=7.4ms | TOTAL=26.8ms for 3000ms audio (RTF=0.01x)
[TIMING] stream_chunk[experiment-6c668372b4b140eb84f6624f55031e96](live_neural): decode=0.2ms, inference=29.4ms, second_pass=0.0ms, contention=0.0ms, TOTAL=30.0ms | audio=600ms, RTF=0.05x | model=enhanced_mel, neural_total=28.9ms, model_inference=18.3ms
[TIMING] EnhancedMel.transcribe: audio_to_gpu=0.3ms, features=0.7ms, model=14.7ms, decode=13.1ms | TOTAL=28.7ms for 3000ms audio (RTF=0.01x)
[TIMING] stream_chunk[experiment-6c668372b4b140eb84f6624f55031e96](live_neural): decode=0.2ms, inference=32.9ms, second_pass=0.0ms, contention=0.0ms, TOTAL=33.6ms | audio=600ms, RTF=0.06x | model=enhanced_mel, neural_total=32.5ms, model_inference=14.7ms
[TIMING] EnhancedMel.transcribe: audio_to_gpu=0.4ms, features=0.9ms, model=20.1ms, decode=2.2ms | TOTAL=23.5ms for 600ms audio (RTF=0.04x)
[TIMING] stream_chunk[experiment-6b069fc462404ecd8a9d48e516dfa931](live_neural): decode=0.3ms, inference=27.1ms, second_pass=0.0ms, contention=0.0ms, TOTAL=27.4ms | audio=600ms, RTF=0.05x | model=enhanced_mel, neural_total=26.6ms, model_inference=20.1ms
[TIMING] EnhancedMel.transcribe: audio_to_gpu=0.1ms, features=0.4ms, model=13.1ms, decode=3.6ms | TOTAL=17.2ms for 1200ms audio (RTF=0.01x)
[TIMING] stream_chunk[experiment-6b069fc462404ecd8a9d48e516dfa931](live_neural): decode=0.1ms, inference=19.9ms, second_pass=0.0ms, contention=0.0ms, TOTAL=20.2ms | audio=600ms, RTF=0.03x | model=enhanced_mel, neural_total=19.4ms, model_inference=13.1ms
[TIMING] EnhancedMel.transcribe: audio_to_gpu=0.2ms, features=0.4ms, model=13.3ms, decode=6.0ms | TOTAL=19.9ms for 1800ms audio (RTF=0.01x)
[TIMING] stream_chunk[experiment-6b069fc462404ecd8a9d48e516dfa931](live_neural): decode=0.2ms, inference=23.1ms, second_pass=0.0ms, contention=0.0ms, TOTAL=23.5ms | audio=600ms, RTF=0.04x | model=enhanced_mel, neural_total=22.7ms, model_inference=13.3ms
[TIMING] EnhancedMel.transcribe: audio_to_gpu=0.2ms, features=0.5ms, model=16.4ms, decode=7.3ms | TOTAL=24.4ms for 2400ms audio (RTF=0.01x)
[TIMING] stream_chunk[experiment-6b069fc462404ecd8a9d48e516dfa931](live_neural): decode=0.2ms, inference=27.7ms, second_pass=0.0ms, contention=0.0ms, TOTAL=28.1ms | audio=600ms, RTF=0.05x | model=enhanced_mel, neural_total=27.3ms, model_inference=16.4ms
[TIMING] EnhancedMel.transcribe: audio_to_gpu=0.2ms, features=0.5ms, model=14.5ms, decode=8.9ms | TOTAL=24.1ms for 3000ms audio (RTF=0.01x)
[TIMING] stream_chunk[experiment-6b069fc462404ecd8a9d48e516dfa931](live_neural): decode=0.2ms, inference=27.7ms, second_pass=0.0ms, contention=0.0ms, TOTAL=28.2ms | audio=600ms, RTF=0.05x | model=enhanced_mel, neural_total=27.3ms, model_inference=14.5ms
[TIMING] EnhancedMel.transcribe: audio_to_gpu=0.4ms, features=1.7ms, model=21.1ms, decode=8.6ms | TOTAL=31.8ms for 3000ms audio (RTF=0.01x)
[TIMING] stream_chunk[experiment-6b069fc462404ecd8a9d48e516dfa931](live_neural): decode=0.2ms, inference=35.8ms, second_pass=0.0ms, contention=0.0ms, TOTAL=37.2ms | audio=600ms, RTF=0.06x | model=enhanced_mel, neural_total=35.3ms, model_inference=21.1ms
[TIMING] EnhancedMel.transcribe: audio_to_gpu=0.2ms, features=0.6ms, model=15.8ms, decode=7.6ms | TOTAL=24.3ms for 3000ms audio (RTF=0.01x)
[TIMING] stream_chunk[experiment-6b069fc462404ecd8a9d48e516dfa931](live_neural): decode=0.2ms, inference=28.0ms, second_pass=0.0ms, contention=0.0ms, TOTAL=28.4ms | audio=600ms, RTF=0.05x | model=enhanced_mel, neural_total=27.5ms, model_inference=15.8ms
[TIMING] EnhancedMel.transcribe: audio_to_gpu=0.3ms, features=0.4ms, model=19.7ms, decode=8.3ms | TOTAL=28.6ms for 3000ms audio (RTF=0.01x)
[TIMING] stream_chunk[experiment-6b069fc462404ecd8a9d48e516dfa931](live_neural): decode=0.1ms, inference=31.1ms, second_pass=0.0ms, contention=0.0ms, TOTAL=31.5ms | audio=600ms, RTF=0.05x | model=enhanced_mel, neural_total=30.5ms, model_inference=19.7ms
[TIMING] EnhancedMel.transcribe: audio_to_gpu=0.4ms, features=1.1ms, model=21.2ms, decode=7.6ms | TOTAL=30.5ms for 3000ms audio (RTF=0.01x)
[TIMING] stream_chunk[experiment-6b069fc462404ecd8a9d48e516dfa931](live_neural): decode=0.3ms, inference=33.6ms, second_pass=0.0ms, contention=0.0ms, TOTAL=34.2ms | audio=600ms, RTF=0.06x | model=enhanced_mel, neural_total=33.0ms, model_inference=21.2ms
[TIMING] EnhancedMel.transcribe: audio_to_gpu=0.3ms, features=0.6ms, model=16.5ms, decode=9.1ms | TOTAL=26.5ms for 3000ms audio (RTF=0.01x)
[TIMING] stream_chunk[experiment-6b069fc462404ecd8a9d48e516dfa931](live_neural): decode=0.2ms, inference=31.0ms, second_pass=0.0ms, contention=0.0ms, TOTAL=31.5ms | audio=600ms, RTF=0.05x | model=enhanced_mel, neural_total=30.4ms, model_inference=16.5ms

[CLIP_006] Pour le piano (Complete)
  excerpt: start=57.00s end=63.00s duration=6.00s gt_notes=204 rms=0.0936 peak=0.4392 crest=4.692 rms_std=0.0147
    control:
      note metrics: precision=0.906 recall=0.848 f1=0.876 matched=173/204 pred=191
      strict onset f1: 10ms=0.628 20ms=0.851 30ms=0.876
      timing metrics: offset_f1=0.825 rhythm_precision=0.942 note_value_acc=0.572 note_value_n=173 avg_beat_error=0.085
      duplicate metrics: duplicates=10 per_100_notes=5.24
      boundary metrics: gt=63 matched=52 missed=11 miss_rate=0.175
      latency: avg_chunk_ms=31.48 p95_chunk_ms=37.85 avg_rtf=0.052
      notation metrics: first_correct_ms=28.9 visible_p50_ms=401.3 visible_p95_ms=649.1 stabilize_p50_ms=834.5 stabilize_p95_ms=2783.5 avg_revisions=0.90 matched=31 refined=31 snapshots=18
      algorithmic latency: first_correct_ms=0.0 visible_p50_ms=367.7 visible_p95_ms=616.7 stabilize_p50_ms=759.4 stabilize_p95_ms=2547.9
      final display note metrics: precision=0.958 recall=0.775 f1=0.856 matched=158/204 pred=165
      final display strict onset f1: 10ms=0.629 20ms=0.835 30ms=0.856
      final display timing: offset_f1=0.808 rhythm_precision=0.943 note_value_acc=0.278 note_value_n=158 avg_beat_error=0.204
      final display structure: cluster_f1=0.268 onset_align_recall=0.841 avg_jaccard=0.734 exact=11/44 pred=38 over=5 under=16 pitch_conflicts=5 missed_gt=7
      threshold profiles: hit_rate=0.000 thresholds=[0.75] profiles={'fixed_baseline': 10}
    treatment:
      note metrics: precision=0.906 recall=0.848 f1=0.876 matched=173/204 pred=191
      strict onset f1: 10ms=0.628 20ms=0.851 30ms=0.876
      timing metrics: offset_f1=0.825 rhythm_precision=0.942 note_value_acc=0.572 note_value_n=173 avg_beat_error=0.085
      duplicate metrics: duplicates=10 per_100_notes=5.24
      boundary metrics: gt=63 matched=52 missed=11 miss_rate=0.175
      latency: avg_chunk_ms=29.01 p95_chunk_ms=35.86 avg_rtf=0.048
      notation metrics: first_correct_ms=33.1 visible_p50_ms=395.3 visible_p95_ms=640.1 stabilize_p50_ms=838.5 stabilize_p95_ms=2787.4 avg_revisions=0.90 matched=31 refined=31 snapshots=18
      algorithmic latency: first_correct_ms=0.0 visible_p50_ms=367.7 visible_p95_ms=616.7 stabilize_p50_ms=759.4 stabilize_p95_ms=2547.9
      final display note metrics: precision=0.958 recall=0.775 f1=0.856 matched=158/204 pred=165
      final display strict onset f1: 10ms=0.629 20ms=0.835 30ms=0.856
      final display timing: offset_f1=0.808 rhythm_precision=0.943 note_value_acc=0.278 note_value_n=158 avg_beat_error=0.204
      final display structure: cluster_f1=0.268 onset_align_recall=0.841 avg_jaccard=0.734 exact=11/44 pred=38 over=5 under=16 pitch_conflicts=5 missed_gt=7
      threshold profiles: hit_rate=0.000 thresholds=[0.75] profiles={'baseline_nominal': 10}
    delta treatment-control: precision=+0.000 recall=+0.000 f1=+0.000 offset_f1=+0.000 note_value_acc=+0.000 dup_per_100=+0.00 boundary_miss_rate=+0.000 p95_chunk_ms=-1.99 f1_10ms=+0.000 f1_20ms=+0.000 f1_30ms=+0.000 visible_p50_ms=-5.9 stabilize_p50_ms=+4.0 algo_visible_p50_ms=+0.0 algo_stabilize_p50_ms=+0.0 avg_revisions=+0.00 display_note_f1=+0.000 display_offset_f1=+0.000 display_cluster_f1=+0.000 display_cluster_jaccard=+0.000
    failure buckets: ['boundary_miss_failure', 'high_revision_slow_stabilization']
      boundary diagnostics: missed=11 by_arm={'control': 11, 'treatment': 11} tags={'control_boundary_miss': 11, 'no_control_coarse_candidate': 11}
        miss: pitch=75 onset=0.662s boundary_delta_ms=+62.5 control_coarse=False treatment_coarse=False retro=n/a
        miss: pitch=56 onset=0.683s boundary_delta_ms=+83.3 control_coarse=False treatment_coarse=False retro=n/a
        miss: pitch=73 onset=0.689s boundary_delta_ms=+88.5 control_coarse=False treatment_coarse=False retro=n/a
        ... 8 more missed boundary notes in diagnostics JSON
[TIMING] EnhancedMel.transcribe: audio_to_gpu=0.6ms, features=1.1ms, model=17.7ms, decode=1.1ms | TOTAL=20.5ms for 600ms audio (RTF=0.03x)
[TIMING] stream_chunk[experiment-d8358308878b4a2b9b8445a70f011d2b](live_neural): decode=0.3ms, inference=25.2ms, second_pass=0.0ms, contention=0.0ms, TOTAL=25.5ms | audio=600ms, RTF=0.04x | model=enhanced_mel, neural_total=24.5ms, model_inference=17.7ms
[TIMING] EnhancedMel.transcribe: audio_to_gpu=0.1ms, features=0.3ms, model=16.1ms, decode=4.7ms | TOTAL=21.2ms for 1200ms audio (RTF=0.02x)
[TIMING] stream_chunk[experiment-d8358308878b4a2b9b8445a70f011d2b](live_neural): decode=0.2ms, inference=23.2ms, second_pass=0.0ms, contention=0.0ms, TOTAL=23.4ms | audio=600ms, RTF=0.04x | model=enhanced_mel, neural_total=22.6ms, model_inference=16.1ms
[TIMING] EnhancedMel.transcribe: audio_to_gpu=0.2ms, features=0.5ms, model=15.7ms, decode=4.0ms | TOTAL=20.4ms for 1800ms audio (RTF=0.01x)
[TIMING] stream_chunk[experiment-d8358308878b4a2b9b8445a70f011d2b](live_neural): decode=0.2ms, inference=23.9ms, second_pass=0.0ms, contention=0.0ms, TOTAL=24.2ms | audio=600ms, RTF=0.04x | model=enhanced_mel, neural_total=23.4ms, model_inference=15.7ms
[TIMING] EnhancedMel.transcribe: audio_to_gpu=0.1ms, features=0.5ms, model=16.7ms, decode=6.7ms | TOTAL=24.1ms for 2400ms audio (RTF=0.01x)
[TIMING] stream_chunk[experiment-d8358308878b4a2b9b8445a70f011d2b](live_neural): decode=0.1ms, inference=27.4ms, second_pass=0.0ms, contention=0.0ms, TOTAL=27.7ms | audio=600ms, RTF=0.05x | model=enhanced_mel, neural_total=26.8ms, model_inference=16.7ms
[TIMING] EnhancedMel.transcribe: audio_to_gpu=0.5ms, features=0.5ms, model=21.6ms, decode=7.7ms | TOTAL=30.4ms for 3000ms audio (RTF=0.01x)
[TIMING] stream_chunk[experiment-d8358308878b4a2b9b8445a70f011d2b](live_neural): decode=0.2ms, inference=32.8ms, second_pass=0.0ms, contention=0.0ms, TOTAL=33.1ms | audio=600ms, RTF=0.06x | model=enhanced_mel, neural_total=32.4ms, model_inference=21.6ms
[TIMING] EnhancedMel.transcribe: audio_to_gpu=0.3ms, features=0.6ms, model=16.6ms, decode=6.1ms | TOTAL=23.6ms for 3000ms audio (RTF=0.01x)
[TIMING] stream_chunk[experiment-d8358308878b4a2b9b8445a70f011d2b](live_neural): decode=0.2ms, inference=27.0ms, second_pass=0.0ms, contention=0.0ms, TOTAL=27.3ms | audio=600ms, RTF=0.05x | model=enhanced_mel, neural_total=26.5ms, model_inference=16.6ms
[TIMING] EnhancedMel.transcribe: audio_to_gpu=0.4ms, features=0.5ms, model=21.8ms, decode=7.8ms | TOTAL=30.5ms for 3000ms audio (RTF=0.01x)
[TIMING] stream_chunk[experiment-d8358308878b4a2b9b8445a70f011d2b](live_neural): decode=0.3ms, inference=32.8ms, second_pass=0.0ms, contention=0.0ms, TOTAL=33.1ms | audio=600ms, RTF=0.06x | model=enhanced_mel, neural_total=32.3ms, model_inference=21.8ms
[TIMING] EnhancedMel.transcribe: audio_to_gpu=0.2ms, features=0.6ms, model=16.7ms, decode=11.1ms | TOTAL=28.7ms for 3000ms audio (RTF=0.01x)
[TIMING] stream_chunk[experiment-d8358308878b4a2b9b8445a70f011d2b](live_neural): decode=0.3ms, inference=32.0ms, second_pass=0.0ms, contention=0.0ms, TOTAL=32.4ms | audio=600ms, RTF=0.05x | model=enhanced_mel, neural_total=31.5ms, model_inference=16.7ms
[TIMING] EnhancedMel.transcribe: audio_to_gpu=0.2ms, features=0.6ms, model=16.3ms, decode=6.7ms | TOTAL=23.8ms for 3000ms audio (RTF=0.01x)
[TIMING] stream_chunk[experiment-d8358308878b4a2b9b8445a70f011d2b](live_neural): decode=0.3ms, inference=28.5ms, second_pass=0.0ms, contention=0.0ms, TOTAL=29.0ms | audio=600ms, RTF=0.05x | model=enhanced_mel, neural_total=28.1ms, model_inference=16.3ms
[TIMING] EnhancedMel.transcribe: audio_to_gpu=0.2ms, features=0.5ms, model=20.1ms, decode=7.0ms | TOTAL=27.9ms for 3000ms audio (RTF=0.01x)
[TIMING] stream_chunk[experiment-d8358308878b4a2b9b8445a70f011d2b](live_neural): decode=0.2ms, inference=32.4ms, second_pass=0.0ms, contention=0.0ms, TOTAL=32.7ms | audio=600ms, RTF=0.05x | model=enhanced_mel, neural_total=31.9ms, model_inference=20.1ms
[TIMING] EnhancedMel.transcribe: audio_to_gpu=0.2ms, features=0.6ms, model=15.9ms, decode=1.5ms | TOTAL=18.1ms for 600ms audio (RTF=0.03x)
[TIMING] stream_chunk[experiment-d4484ff5bf1840cf86eb2d7097f79646](live_neural): decode=0.2ms, inference=21.3ms, second_pass=0.0ms, contention=0.0ms, TOTAL=21.5ms | audio=600ms, RTF=0.04x | model=enhanced_mel, neural_total=20.8ms, model_inference=15.9ms
[TIMING] EnhancedMel.transcribe: audio_to_gpu=0.1ms, features=0.6ms, model=15.5ms, decode=2.9ms | TOTAL=19.1ms for 1200ms audio (RTF=0.02x)
[TIMING] stream_chunk[experiment-d4484ff5bf1840cf86eb2d7097f79646](live_neural): decode=0.2ms, inference=22.9ms, second_pass=0.0ms, contention=0.0ms, TOTAL=23.1ms | audio=600ms, RTF=0.04x | model=enhanced_mel, neural_total=22.4ms, model_inference=15.5ms
[TIMING] EnhancedMel.transcribe: audio_to_gpu=0.2ms, features=0.4ms, model=17.0ms, decode=6.7ms | TOTAL=24.3ms for 1800ms audio (RTF=0.01x)
[TIMING] stream_chunk[experiment-d4484ff5bf1840cf86eb2d7097f79646](live_neural): decode=0.2ms, inference=27.3ms, second_pass=0.0ms, contention=0.0ms, TOTAL=27.6ms | audio=600ms, RTF=0.05x | model=enhanced_mel, neural_total=26.9ms, model_inference=17.0ms
[TIMING] EnhancedMel.transcribe: audio_to_gpu=0.3ms, features=0.5ms, model=15.1ms, decode=5.1ms | TOTAL=20.9ms for 2400ms audio (RTF=0.01x)
[TIMING] stream_chunk[experiment-d4484ff5bf1840cf86eb2d7097f79646](live_neural): decode=0.3ms, inference=24.9ms, second_pass=0.0ms, contention=0.0ms, TOTAL=25.3ms | audio=600ms, RTF=0.04x | model=enhanced_mel, neural_total=24.4ms, model_inference=15.1ms
[TIMING] EnhancedMel.transcribe: audio_to_gpu=0.1ms, features=0.4ms, model=23.0ms, decode=7.6ms | TOTAL=31.2ms for 3000ms audio (RTF=0.01x)
[TIMING] stream_chunk[experiment-d4484ff5bf1840cf86eb2d7097f79646](live_neural): decode=0.2ms, inference=34.4ms, second_pass=0.0ms, contention=0.0ms, TOTAL=34.7ms | audio=600ms, RTF=0.06x | model=enhanced_mel, neural_total=34.0ms, model_inference=23.0ms
[TIMING] EnhancedMel.transcribe: audio_to_gpu=0.3ms, features=0.7ms, model=15.3ms, decode=5.2ms | TOTAL=21.4ms for 3000ms audio (RTF=0.01x)
[TIMING] stream_chunk[experiment-d4484ff5bf1840cf86eb2d7097f79646](live_neural): decode=0.2ms, inference=24.8ms, second_pass=0.0ms, contention=0.0ms, TOTAL=25.0ms | audio=600ms, RTF=0.04x | model=enhanced_mel, neural_total=24.4ms, model_inference=15.3ms
[TIMING] EnhancedMel.transcribe: audio_to_gpu=0.2ms, features=0.8ms, model=14.5ms, decode=4.5ms | TOTAL=20.0ms for 3000ms audio (RTF=0.01x)
[TIMING] stream_chunk[experiment-d4484ff5bf1840cf86eb2d7097f79646](live_neural): decode=0.1ms, inference=23.3ms, second_pass=0.0ms, contention=0.0ms, TOTAL=23.5ms | audio=600ms, RTF=0.04x | model=enhanced_mel, neural_total=22.9ms, model_inference=14.5ms
[TIMING] EnhancedMel.transcribe: audio_to_gpu=0.3ms, features=0.6ms, model=23.2ms, decode=9.1ms | TOTAL=33.2ms for 3000ms audio (RTF=0.01x)
[TIMING] stream_chunk[experiment-d4484ff5bf1840cf86eb2d7097f79646](live_neural): decode=2.0ms, inference=37.0ms, second_pass=0.0ms, contention=0.0ms, TOTAL=39.1ms | audio=600ms, RTF=0.07x | model=enhanced_mel, neural_total=36.4ms, model_inference=23.2ms
[TIMING] EnhancedMel.transcribe: audio_to_gpu=0.3ms, features=0.7ms, model=23.7ms, decode=12.5ms | TOTAL=37.2ms for 3000ms audio (RTF=0.01x)
[TIMING] stream_chunk[experiment-d4484ff5bf1840cf86eb2d7097f79646](live_neural): decode=0.3ms, inference=41.5ms, second_pass=0.0ms, contention=0.0ms, TOTAL=42.0ms | audio=600ms, RTF=0.07x | model=enhanced_mel, neural_total=41.0ms, model_inference=23.7ms
[TIMING] EnhancedMel.transcribe: audio_to_gpu=0.3ms, features=0.6ms, model=15.3ms, decode=8.4ms | TOTAL=24.5ms for 3000ms audio (RTF=0.01x)
[TIMING] stream_chunk[experiment-d4484ff5bf1840cf86eb2d7097f79646](live_neural): decode=0.2ms, inference=28.5ms, second_pass=0.0ms, contention=0.0ms, TOTAL=28.8ms | audio=600ms, RTF=0.05x | model=enhanced_mel, neural_total=28.0ms, model_inference=15.3ms

[CLIP_007] Etude "Pour les accords"
  excerpt: start=66.00s end=72.00s duration=6.00s gt_notes=10 rms=0.0115 peak=0.0641 crest=5.566 rms_std=0.0051
    control:
      note metrics: precision=0.692 recall=0.900 f1=0.783 matched=9/10 pred=13
      strict onset f1: 10ms=0.696 20ms=0.783 30ms=0.783
      timing metrics: offset_f1=0.348 rhythm_precision=0.444 note_value_acc=0.000 note_value_n=9 avg_beat_error=0.799
      duplicate metrics: duplicates=3 per_100_notes=23.08
      boundary metrics: gt=4 matched=4 missed=0 miss_rate=0.000
      latency: avg_chunk_ms=28.84 p95_chunk_ms=33.11 avg_rtf=0.048
      notation metrics: first_correct_ms=61.8 visible_p50_ms=385.8 visible_p95_ms=677.4 stabilize_p50_ms=687.7 stabilize_p95_ms=707.6 avg_revisions=1.00 matched=2 refined=2 snapshots=11
      algorithmic latency: first_correct_ms=32.8 visible_p50_ms=354.9 visible_p95_ms=644.9 stabilize_p50_ms=654.9 stabilize_p95_ms=674.9
      final display note metrics: precision=0.900 recall=0.900 f1=0.900 matched=9/10 pred=10
      final display strict onset f1: 10ms=0.800 20ms=0.900 30ms=0.900
      final display timing: offset_f1=0.400 rhythm_precision=0.444 note_value_acc=0.333 note_value_n=9 avg_beat_error=0.704
      final display structure: cluster_f1=0.250 onset_align_recall=1.000 avg_jaccard=0.806 exact=1/3 pred=5 over=0 under=2 pitch_conflicts=0 missed_gt=0
      threshold profiles: hit_rate=0.000 thresholds=[0.75] profiles={'fixed_baseline': 10}
    treatment:
      note metrics: precision=0.600 recall=0.900 f1=0.720 matched=9/10 pred=15
      strict onset f1: 10ms=0.640 20ms=0.720 30ms=0.720
      timing metrics: offset_f1=0.320 rhythm_precision=0.444 note_value_acc=0.000 note_value_n=9 avg_beat_error=0.799
      duplicate metrics: duplicates=4 per_100_notes=26.67
      boundary metrics: gt=4 matched=4 missed=0 miss_rate=0.000
      latency: avg_chunk_ms=29.05 p95_chunk_ms=40.68 avg_rtf=0.049
      notation metrics: first_correct_ms=705.9 visible_p50_ms=705.9 visible_p95_ms=705.9 stabilize_p50_ms=705.9 stabilize_p95_ms=705.9 avg_revisions=1.00 matched=1 refined=1 snapshots=11
      algorithmic latency: first_correct_ms=677.1 visible_p50_ms=677.1 visible_p95_ms=677.1 stabilize_p50_ms=677.1 stabilize_p95_ms=677.1
      final display note metrics: precision=0.818 recall=0.900 f1=0.857 matched=9/10 pred=11
      final display strict onset f1: 10ms=0.762 20ms=0.857 30ms=0.857
      final display timing: offset_f1=0.381 rhythm_precision=0.444 note_value_acc=0.333 note_value_n=9 avg_beat_error=0.630
      final display structure: cluster_f1=0.500 onset_align_recall=1.000 avg_jaccard=0.889 exact=2/3 pred=5 over=0 under=1 pitch_conflicts=0 missed_gt=0
      threshold profiles: hit_rate=1.000 thresholds=[0.71] profiles={'soft_sparse_recall': 10}
    delta treatment-control: precision=-0.092 recall=+0.000 f1=-0.063 offset_f1=-0.028 note_value_acc=+0.000 dup_per_100=+3.59 boundary_miss_rate=+0.000 p95_chunk_ms=+7.56 f1_10ms=-0.056 f1_20ms=-0.063 f1_30ms=-0.063 visible_p50_ms=+320.1 stabilize_p50_ms=+18.2 algo_visible_p50_ms=+322.1 algo_stabilize_p50_ms=+22.1 avg_revisions=+0.00 display_note_f1=-0.043 display_offset_f1=-0.019 display_cluster_f1=+0.250 display_cluster_jaccard=+0.083
    failure buckets: ['note_value_offset_failure']
[TIMING] EnhancedMel.transcribe: audio_to_gpu=0.3ms, features=0.8ms, model=16.3ms, decode=3.3ms | TOTAL=20.7ms for 600ms audio (RTF=0.03x)
[TIMING] stream_chunk[experiment-624e3a4d9dfd4997a58b5c92e1b2e167](live_neural): decode=0.2ms, inference=22.8ms, second_pass=0.0ms, contention=0.0ms, TOTAL=23.1ms | audio=600ms, RTF=0.04x | model=enhanced_mel, neural_total=22.3ms, model_inference=16.3ms
[TIMING] EnhancedMel.transcribe: audio_to_gpu=0.4ms, features=0.7ms, model=18.3ms, decode=3.8ms | TOTAL=23.1ms for 1200ms audio (RTF=0.02x)
[TIMING] stream_chunk[experiment-624e3a4d9dfd4997a58b5c92e1b2e167](live_neural): decode=0.4ms, inference=26.9ms, second_pass=0.0ms, contention=0.0ms, TOTAL=27.6ms | audio=600ms, RTF=0.05x | model=enhanced_mel, neural_total=26.4ms, model_inference=18.3ms
[TIMING] EnhancedMel.transcribe: audio_to_gpu=0.2ms, features=0.5ms, model=13.4ms, decode=5.3ms | TOTAL=19.4ms for 1800ms audio (RTF=0.01x)
[TIMING] stream_chunk[experiment-624e3a4d9dfd4997a58b5c92e1b2e167](live_neural): decode=0.2ms, inference=22.7ms, second_pass=0.0ms, contention=0.0ms, TOTAL=23.2ms | audio=600ms, RTF=0.04x | model=enhanced_mel, neural_total=22.2ms, model_inference=13.4ms
[TIMING] EnhancedMel.transcribe: audio_to_gpu=0.2ms, features=0.6ms, model=13.9ms, decode=7.8ms | TOTAL=22.4ms for 2400ms audio (RTF=0.01x)
[TIMING] stream_chunk[experiment-624e3a4d9dfd4997a58b5c92e1b2e167](live_neural): decode=0.2ms, inference=26.1ms, second_pass=0.0ms, contention=0.0ms, TOTAL=26.6ms | audio=600ms, RTF=0.04x | model=enhanced_mel, neural_total=25.5ms, model_inference=13.9ms
[TIMING] EnhancedMel.transcribe: audio_to_gpu=0.2ms, features=0.5ms, model=18.1ms, decode=10.6ms | TOTAL=29.4ms for 3000ms audio (RTF=0.01x)
[TIMING] stream_chunk[experiment-624e3a4d9dfd4997a58b5c92e1b2e167](live_neural): decode=0.2ms, inference=33.8ms, second_pass=0.0ms, contention=0.0ms, TOTAL=34.4ms | audio=600ms, RTF=0.06x | model=enhanced_mel, neural_total=33.3ms, model_inference=18.1ms
[TIMING] EnhancedMel.transcribe: audio_to_gpu=0.4ms, features=0.6ms, model=15.0ms, decode=8.6ms | TOTAL=24.6ms for 3000ms audio (RTF=0.01x)
[TIMING] stream_chunk[experiment-624e3a4d9dfd4997a58b5c92e1b2e167](live_neural): decode=0.3ms, inference=30.9ms, second_pass=0.0ms, contention=0.0ms, TOTAL=31.5ms | audio=600ms, RTF=0.05x | model=enhanced_mel, neural_total=30.1ms, model_inference=15.0ms
[TIMING] EnhancedMel.transcribe: audio_to_gpu=0.3ms, features=0.6ms, model=18.1ms, decode=8.5ms | TOTAL=27.5ms for 3000ms audio (RTF=0.01x)
[TIMING] stream_chunk[experiment-624e3a4d9dfd4997a58b5c92e1b2e167](live_neural): decode=0.2ms, inference=31.5ms, second_pass=0.0ms, contention=0.0ms, TOTAL=31.9ms | audio=600ms, RTF=0.05x | model=enhanced_mel, neural_total=31.1ms, model_inference=18.1ms
[TIMING] EnhancedMel.transcribe: audio_to_gpu=0.3ms, features=0.7ms, model=20.6ms, decode=8.9ms | TOTAL=30.4ms for 3000ms audio (RTF=0.01x)
[TIMING] stream_chunk[experiment-624e3a4d9dfd4997a58b5c92e1b2e167](live_neural): decode=0.2ms, inference=35.4ms, second_pass=0.0ms, contention=0.0ms, TOTAL=35.9ms | audio=600ms, RTF=0.06x | model=enhanced_mel, neural_total=34.8ms, model_inference=20.6ms
[TIMING] EnhancedMel.transcribe: audio_to_gpu=0.3ms, features=0.7ms, model=20.9ms, decode=9.1ms | TOTAL=32.5ms for 3000ms audio (RTF=0.01x)
[TIMING] stream_chunk[experiment-624e3a4d9dfd4997a58b5c92e1b2e167](live_neural): decode=0.2ms, inference=38.0ms, second_pass=0.0ms, contention=0.0ms, TOTAL=38.5ms | audio=600ms, RTF=0.06x | model=enhanced_mel, neural_total=37.4ms, model_inference=20.9ms
[TIMING] EnhancedMel.transcribe: audio_to_gpu=0.3ms, features=0.6ms, model=14.5ms, decode=8.9ms | TOTAL=24.4ms for 3000ms audio (RTF=0.01x)
[TIMING] stream_chunk[experiment-624e3a4d9dfd4997a58b5c92e1b2e167](live_neural): decode=0.2ms, inference=28.0ms, second_pass=0.0ms, contention=0.0ms, TOTAL=28.6ms | audio=600ms, RTF=0.05x | model=enhanced_mel, neural_total=27.6ms, model_inference=14.5ms
[TIMING] EnhancedMel.transcribe: audio_to_gpu=0.3ms, features=0.7ms, model=20.8ms, decode=2.3ms | TOTAL=24.2ms for 600ms audio (RTF=0.04x)
[TIMING] stream_chunk[experiment-443369cf428841c28b5f0825aa2b053c](live_neural): decode=0.2ms, inference=27.5ms, second_pass=0.0ms, contention=0.0ms, TOTAL=27.9ms | audio=600ms, RTF=0.05x | model=enhanced_mel, neural_total=26.9ms, model_inference=20.8ms
[TIMING] EnhancedMel.transcribe: audio_to_gpu=0.1ms, features=0.4ms, model=12.9ms, decode=7.1ms | TOTAL=20.5ms for 1200ms audio (RTF=0.02x)
[TIMING] stream_chunk[experiment-443369cf428841c28b5f0825aa2b053c](live_neural): decode=0.2ms, inference=23.9ms, second_pass=0.0ms, contention=0.0ms, TOTAL=24.3ms | audio=600ms, RTF=0.04x | model=enhanced_mel, neural_total=23.3ms, model_inference=12.9ms
[TIMING] EnhancedMel.transcribe: audio_to_gpu=0.2ms, features=0.6ms, model=18.0ms, decode=6.4ms | TOTAL=25.2ms for 1800ms audio (RTF=0.01x)
[TIMING] stream_chunk[experiment-443369cf428841c28b5f0825aa2b053c](live_neural): decode=0.2ms, inference=28.6ms, second_pass=0.0ms, contention=0.0ms, TOTAL=29.1ms | audio=600ms, RTF=0.05x | model=enhanced_mel, neural_total=28.2ms, model_inference=18.0ms
[TIMING] EnhancedMel.transcribe: audio_to_gpu=0.3ms, features=0.6ms, model=15.3ms, decode=6.9ms | TOTAL=23.1ms for 2400ms audio (RTF=0.01x)
[TIMING] stream_chunk[experiment-443369cf428841c28b5f0825aa2b053c](live_neural): decode=0.2ms, inference=26.8ms, second_pass=0.0ms, contention=0.0ms, TOTAL=27.2ms | audio=600ms, RTF=0.05x | model=enhanced_mel, neural_total=26.4ms, model_inference=15.3ms
[TIMING] EnhancedMel.transcribe: audio_to_gpu=0.2ms, features=0.7ms, model=19.2ms, decode=9.4ms | TOTAL=29.4ms for 3000ms audio (RTF=0.01x)
[TIMING] stream_chunk[experiment-443369cf428841c28b5f0825aa2b053c](live_neural): decode=0.2ms, inference=34.7ms, second_pass=0.0ms, contention=0.0ms, TOTAL=35.2ms | audio=600ms, RTF=0.06x | model=enhanced_mel, neural_total=34.2ms, model_inference=19.2ms
[TIMING] EnhancedMel.transcribe: audio_to_gpu=0.3ms, features=0.8ms, model=23.4ms, decode=9.1ms | TOTAL=33.6ms for 3000ms audio (RTF=0.01x)
[TIMING] stream_chunk[experiment-443369cf428841c28b5f0825aa2b053c](live_neural): decode=0.3ms, inference=39.3ms, second_pass=0.0ms, contention=0.0ms, TOTAL=39.9ms | audio=600ms, RTF=0.07x | model=enhanced_mel, neural_total=38.6ms, model_inference=23.4ms
[TIMING] EnhancedMel.transcribe: audio_to_gpu=1.2ms, features=0.8ms, model=15.9ms, decode=9.3ms | TOTAL=27.2ms for 3000ms audio (RTF=0.01x)
[TIMING] stream_chunk[experiment-443369cf428841c28b5f0825aa2b053c](live_neural): decode=0.2ms, inference=31.2ms, second_pass=0.0ms, contention=0.0ms, TOTAL=31.6ms | audio=600ms, RTF=0.05x | model=enhanced_mel, neural_total=30.6ms, model_inference=15.9ms
[TIMING] EnhancedMel.transcribe: audio_to_gpu=0.3ms, features=0.8ms, model=20.6ms, decode=8.4ms | TOTAL=30.2ms for 3000ms audio (RTF=0.01x)
[TIMING] stream_chunk[experiment-443369cf428841c28b5f0825aa2b053c](live_neural): decode=0.2ms, inference=35.6ms, second_pass=0.0ms, contention=0.0ms, TOTAL=36.1ms | audio=600ms, RTF=0.06x | model=enhanced_mel, neural_total=35.1ms, model_inference=20.6ms
[TIMING] EnhancedMel.transcribe: audio_to_gpu=0.5ms, features=0.7ms, model=19.6ms, decode=14.3ms | TOTAL=35.1ms for 3000ms audio (RTF=0.01x)
[TIMING] stream_chunk[experiment-443369cf428841c28b5f0825aa2b053c](live_neural): decode=0.1ms, inference=41.1ms, second_pass=0.0ms, contention=0.0ms, TOTAL=41.5ms | audio=600ms, RTF=0.07x | model=enhanced_mel, neural_total=40.2ms, model_inference=19.6ms
[TIMING] EnhancedMel.transcribe: audio_to_gpu=0.3ms, features=0.7ms, model=17.0ms, decode=6.0ms | TOTAL=24.0ms for 3000ms audio (RTF=0.01x)
[TIMING] stream_chunk[experiment-443369cf428841c28b5f0825aa2b053c](live_neural): decode=0.3ms, inference=28.1ms, second_pass=0.0ms, contention=0.0ms, TOTAL=28.5ms | audio=600ms, RTF=0.05x | model=enhanced_mel, neural_total=27.6ms, model_inference=17.0ms

[CLIP_008] Concert Etude No. 2, "Gnomenreigen", S. 145/2
  excerpt: start=57.00s end=63.00s duration=6.00s gt_notes=168 rms=0.1152 peak=0.5883 crest=5.105 rms_std=0.0373
    control:
      note metrics: precision=0.915 recall=0.899 f1=0.907 matched=151/168 pred=165
      strict onset f1: 10ms=0.709 20ms=0.895 30ms=0.907
      timing metrics: offset_f1=0.895 rhythm_precision=0.987 note_value_acc=0.821 note_value_n=151 avg_beat_error=0.019
      duplicate metrics: duplicates=9 per_100_notes=5.45
      boundary metrics: gt=57 matched=53 missed=4 miss_rate=0.070
      latency: avg_chunk_ms=30.12 p95_chunk_ms=37.32 avg_rtf=0.050
      notation metrics: first_correct_ms=58.0 visible_p50_ms=403.3 visible_p95_ms=633.8 stabilize_p50_ms=1653.0 stabilize_p95_ms=2190.7 avg_revisions=1.27 matched=59 refined=59 snapshots=20
      algorithmic latency: first_correct_ms=34.9 visible_p50_ms=379.9 visible_p95_ms=602.0 stabilize_p50_ms=1179.7 stabilize_p95_ms=1933.1
      final display note metrics: precision=0.973 recall=0.857 f1=0.911 matched=144/168 pred=148
      final display strict onset f1: 10ms=0.696 20ms=0.892 30ms=0.911
      final display timing: offset_f1=0.892 rhythm_precision=0.979 note_value_acc=0.417 note_value_n=144 avg_beat_error=0.080
      final display structure: cluster_f1=0.706 onset_align_recall=0.924 avg_jaccard=0.884 exact=54/79 pred=74 over=3 under=10 pitch_conflicts=6 missed_gt=6
      threshold profiles: hit_rate=0.000 thresholds=[0.75] profiles={'fixed_baseline': 10}
    treatment:
      note metrics: precision=0.925 recall=0.887 f1=0.906 matched=149/168 pred=161
      strict onset f1: 10ms=0.705 20ms=0.894 30ms=0.906
      timing metrics: offset_f1=0.894 rhythm_precision=0.987 note_value_acc=0.819 note_value_n=149 avg_beat_error=0.020
      duplicate metrics: duplicates=7 per_100_notes=4.35
      boundary metrics: gt=57 matched=53 missed=4 miss_rate=0.070
      latency: avg_chunk_ms=32.13 p95_chunk_ms=40.77 avg_rtf=0.054
      notation metrics: first_correct_ms=62.8 visible_p50_ms=422.7 visible_p95_ms=644.3 stabilize_p50_ms=1646.6 stabilize_p95_ms=2194.0 avg_revisions=1.27 matched=60 refined=60 snapshots=20
      algorithmic latency: first_correct_ms=34.9 visible_p50_ms=395.2 visible_p95_ms=608.7 stabilize_p50_ms=1164.2 stabilize_p95_ms=1925.8
      final display note metrics: precision=0.972 recall=0.839 f1=0.901 matched=141/168 pred=145
      final display strict onset f1: 10ms=0.690 20ms=0.882 30ms=0.901
      final display timing: offset_f1=0.882 rhythm_precision=0.979 note_value_acc=0.440 note_value_n=141 avg_beat_error=0.079
      final display structure: cluster_f1=0.662 onset_align_recall=0.937 avg_jaccard=0.866 exact=51/79 pred=75 over=3 under=14 pitch_conflicts=6 missed_gt=5
      threshold profiles: hit_rate=0.700 thresholds=[0.75, 0.77] profiles={'baseline_nominal': 3, 'loud_dense_precision': 7}
    delta treatment-control: precision=+0.010 recall=-0.012 f1=-0.001 offset_f1=-0.001 note_value_acc=-0.002 dup_per_100=-1.11 boundary_miss_rate=+0.000 p95_chunk_ms=+3.45 f1_10ms=-0.004 f1_20ms=-0.001 f1_30ms=-0.001 visible_p50_ms=+19.4 stabilize_p50_ms=-6.5 algo_visible_p50_ms=+15.2 algo_stabilize_p50_ms=-15.5 avg_revisions=-0.00 display_note_f1=-0.010 display_offset_f1=-0.011 display_cluster_f1=-0.044 display_cluster_jaccard=-0.018
    failure buckets: ['boundary_miss_failure', 'high_revision_slow_stabilization']
      boundary diagnostics: missed=4 by_arm={'control': 4, 'treatment': 4} tags={'control_boundary_miss': 4, 'no_control_coarse_candidate': 4}
        miss: pitch=76 onset=1.727s boundary_delta_ms=-73.4 control_coarse=False treatment_coarse=False retro=n/a
        miss: pitch=76 onset=1.835s boundary_delta_ms=+34.6 control_coarse=False treatment_coarse=False retro=n/a
        miss: pitch=78 onset=4.191s boundary_delta_ms=-8.6 control_coarse=False treatment_coarse=False retro=n/a
        ... 1 more missed boundary notes in diagnostics JSON
[TIMING] EnhancedMel.transcribe: audio_to_gpu=0.3ms, features=0.6ms, model=13.3ms, decode=1.2ms | TOTAL=15.4ms for 600ms audio (RTF=0.03x)
[TIMING] stream_chunk[experiment-e5ba15a15b5f46e29ba7d2c237a48690](live_neural): decode=0.2ms, inference=18.0ms, second_pass=0.0ms, contention=0.0ms, TOTAL=18.2ms | audio=600ms, RTF=0.03x | model=enhanced_mel, neural_total=17.5ms, model_inference=13.3ms
[TIMING] EnhancedMel.transcribe: audio_to_gpu=0.2ms, features=0.6ms, model=18.4ms, decode=4.3ms | TOTAL=23.4ms for 1200ms audio (RTF=0.02x)
[TIMING] stream_chunk[experiment-e5ba15a15b5f46e29ba7d2c237a48690](live_neural): decode=0.1ms, inference=26.4ms, second_pass=0.0ms, contention=0.0ms, TOTAL=26.7ms | audio=600ms, RTF=0.04x | model=enhanced_mel, neural_total=25.8ms, model_inference=18.4ms
[TIMING] EnhancedMel.transcribe: audio_to_gpu=0.3ms, features=0.6ms, model=17.1ms, decode=4.2ms | TOTAL=22.2ms for 1800ms audio (RTF=0.01x)
[TIMING] stream_chunk[experiment-e5ba15a15b5f46e29ba7d2c237a48690](live_neural): decode=0.3ms, inference=24.2ms, second_pass=0.0ms, contention=0.0ms, TOTAL=24.6ms | audio=600ms, RTF=0.04x | model=enhanced_mel, neural_total=23.8ms, model_inference=17.1ms
[TIMING] EnhancedMel.transcribe: audio_to_gpu=0.4ms, features=0.6ms, model=14.2ms, decode=6.4ms | TOTAL=21.6ms for 2400ms audio (RTF=0.01x)
[TIMING] stream_chunk[experiment-e5ba15a15b5f46e29ba7d2c237a48690](live_neural): decode=0.2ms, inference=24.7ms, second_pass=0.0ms, contention=0.0ms, TOTAL=25.0ms | audio=600ms, RTF=0.04x | model=enhanced_mel, neural_total=23.6ms, model_inference=14.2ms
[TIMING] EnhancedMel.transcribe: audio_to_gpu=0.2ms, features=0.6ms, model=16.2ms, decode=7.3ms | TOTAL=24.3ms for 3000ms audio (RTF=0.01x)
[TIMING] stream_chunk[experiment-e5ba15a15b5f46e29ba7d2c237a48690](live_neural): decode=0.3ms, inference=27.6ms, second_pass=0.0ms, contention=0.0ms, TOTAL=28.0ms | audio=600ms, RTF=0.05x | model=enhanced_mel, neural_total=27.1ms, model_inference=16.2ms
[TIMING] EnhancedMel.transcribe: audio_to_gpu=0.2ms, features=0.5ms, model=14.3ms, decode=10.4ms | TOTAL=25.4ms for 3000ms audio (RTF=0.01x)
[TIMING] stream_chunk[experiment-e5ba15a15b5f46e29ba7d2c237a48690](live_neural): decode=0.2ms, inference=28.9ms, second_pass=0.0ms, contention=0.0ms, TOTAL=29.3ms | audio=600ms, RTF=0.05x | model=enhanced_mel, neural_total=28.3ms, model_inference=14.3ms
[TIMING] EnhancedMel.transcribe: audio_to_gpu=0.3ms, features=0.7ms, model=23.0ms, decode=6.8ms | TOTAL=30.8ms for 3000ms audio (RTF=0.01x)
[TIMING] stream_chunk[experiment-e5ba15a15b5f46e29ba7d2c237a48690](live_neural): decode=0.2ms, inference=34.9ms, second_pass=0.0ms, contention=0.0ms, TOTAL=35.3ms | audio=600ms, RTF=0.06x | model=enhanced_mel, neural_total=34.5ms, model_inference=23.0ms
[TIMING] EnhancedMel.transcribe: audio_to_gpu=0.3ms, features=0.5ms, model=15.1ms, decode=6.8ms | TOTAL=22.6ms for 3000ms audio (RTF=0.01x)
[TIMING] stream_chunk[experiment-e5ba15a15b5f46e29ba7d2c237a48690](live_neural): decode=0.1ms, inference=25.2ms, second_pass=0.0ms, contention=0.0ms, TOTAL=25.4ms | audio=600ms, RTF=0.04x | model=enhanced_mel, neural_total=24.8ms, model_inference=15.1ms
[TIMING] EnhancedMel.transcribe: audio_to_gpu=0.3ms, features=0.6ms, model=16.5ms, decode=6.7ms | TOTAL=24.0ms for 3000ms audio (RTF=0.01x)
[TIMING] stream_chunk[experiment-e5ba15a15b5f46e29ba7d2c237a48690](live_neural): decode=0.2ms, inference=27.4ms, second_pass=0.0ms, contention=0.0ms, TOTAL=27.8ms | audio=600ms, RTF=0.05x | model=enhanced_mel, neural_total=27.0ms, model_inference=16.5ms
[TIMING] EnhancedMel.transcribe: audio_to_gpu=0.3ms, features=0.6ms, model=14.7ms, decode=6.9ms | TOTAL=22.5ms for 3000ms audio (RTF=0.01x)
[TIMING] stream_chunk[experiment-e5ba15a15b5f46e29ba7d2c237a48690](live_neural): decode=0.2ms, inference=28.1ms, second_pass=0.0ms, contention=0.0ms, TOTAL=28.4ms | audio=600ms, RTF=0.05x | model=enhanced_mel, neural_total=27.6ms, model_inference=14.7ms
[TIMING] EnhancedMel.transcribe: audio_to_gpu=0.3ms, features=0.7ms, model=18.8ms, decode=2.7ms | TOTAL=22.4ms for 600ms audio (RTF=0.04x)
[TIMING] stream_chunk[experiment-4788f3b0ef5147eba0af99f96eb634a0](live_neural): decode=0.3ms, inference=25.1ms, second_pass=0.0ms, contention=0.0ms, TOTAL=25.4ms | audio=600ms, RTF=0.04x | model=enhanced_mel, neural_total=24.5ms, model_inference=18.8ms
[TIMING] EnhancedMel.transcribe: audio_to_gpu=0.1ms, features=0.5ms, model=16.2ms, decode=3.5ms | TOTAL=20.4ms for 1200ms audio (RTF=0.02x)
[TIMING] stream_chunk[experiment-4788f3b0ef5147eba0af99f96eb634a0](live_neural): decode=0.2ms, inference=24.3ms, second_pass=0.0ms, contention=0.0ms, TOTAL=24.6ms | audio=600ms, RTF=0.04x | model=enhanced_mel, neural_total=23.8ms, model_inference=16.2ms
[TIMING] EnhancedMel.transcribe: audio_to_gpu=0.2ms, features=0.7ms, model=14.8ms, decode=4.2ms | TOTAL=19.9ms for 1800ms audio (RTF=0.01x)
[TIMING] stream_chunk[experiment-4788f3b0ef5147eba0af99f96eb634a0](live_neural): decode=0.2ms, inference=21.7ms, second_pass=0.0ms, contention=0.0ms, TOTAL=21.9ms | audio=600ms, RTF=0.04x | model=enhanced_mel, neural_total=21.3ms, model_inference=14.8ms
[TIMING] EnhancedMel.transcribe: audio_to_gpu=0.1ms, features=0.3ms, model=14.4ms, decode=6.8ms | TOTAL=21.6ms for 2400ms audio (RTF=0.01x)
[TIMING] stream_chunk[experiment-4788f3b0ef5147eba0af99f96eb634a0](live_neural): decode=0.1ms, inference=24.9ms, second_pass=0.0ms, contention=0.0ms, TOTAL=25.1ms | audio=600ms, RTF=0.04x | model=enhanced_mel, neural_total=24.5ms, model_inference=14.4ms
[TIMING] EnhancedMel.transcribe: audio_to_gpu=0.3ms, features=0.6ms, model=17.0ms, decode=8.3ms | TOTAL=26.1ms for 3000ms audio (RTF=0.01x)
[TIMING] stream_chunk[experiment-4788f3b0ef5147eba0af99f96eb634a0](live_neural): decode=0.2ms, inference=29.6ms, second_pass=0.0ms, contention=0.0ms, TOTAL=29.9ms | audio=600ms, RTF=0.05x | model=enhanced_mel, neural_total=29.2ms, model_inference=17.0ms
[TIMING] EnhancedMel.transcribe: audio_to_gpu=0.2ms, features=0.4ms, model=15.6ms, decode=8.7ms | TOTAL=25.0ms for 3000ms audio (RTF=0.01x)
[TIMING] stream_chunk[experiment-4788f3b0ef5147eba0af99f96eb634a0](live_neural): decode=0.2ms, inference=28.5ms, second_pass=0.0ms, contention=0.0ms, TOTAL=28.7ms | audio=600ms, RTF=0.05x | model=enhanced_mel, neural_total=28.0ms, model_inference=15.6ms
[TIMING] EnhancedMel.transcribe: audio_to_gpu=0.2ms, features=0.4ms, model=15.8ms, decode=8.2ms | TOTAL=24.7ms for 3000ms audio (RTF=0.01x)
[TIMING] stream_chunk[experiment-4788f3b0ef5147eba0af99f96eb634a0](live_neural): decode=0.1ms, inference=28.0ms, second_pass=0.0ms, contention=0.0ms, TOTAL=28.3ms | audio=600ms, RTF=0.05x | model=enhanced_mel, neural_total=27.6ms, model_inference=15.8ms
[TIMING] EnhancedMel.transcribe: audio_to_gpu=0.3ms, features=0.5ms, model=16.0ms, decode=11.4ms | TOTAL=28.3ms for 3000ms audio (RTF=0.01x)
[TIMING] stream_chunk[experiment-4788f3b0ef5147eba0af99f96eb634a0](live_neural): decode=0.1ms, inference=31.0ms, second_pass=0.0ms, contention=0.0ms, TOTAL=31.3ms | audio=600ms, RTF=0.05x | model=enhanced_mel, neural_total=30.6ms, model_inference=16.0ms
[TIMING] EnhancedMel.transcribe: audio_to_gpu=0.2ms, features=0.5ms, model=14.5ms, decode=11.0ms | TOTAL=26.3ms for 3000ms audio (RTF=0.01x)
[TIMING] stream_chunk[experiment-4788f3b0ef5147eba0af99f96eb634a0](live_neural): decode=0.2ms, inference=29.2ms, second_pass=0.0ms, contention=0.0ms, TOTAL=29.5ms | audio=600ms, RTF=0.05x | model=enhanced_mel, neural_total=28.7ms, model_inference=14.5ms
[TIMING] EnhancedMel.transcribe: audio_to_gpu=0.3ms, features=0.7ms, model=21.7ms, decode=11.7ms | TOTAL=34.4ms for 3000ms audio (RTF=0.01x)
[TIMING] stream_chunk[experiment-4788f3b0ef5147eba0af99f96eb634a0](live_neural): decode=0.2ms, inference=39.6ms, second_pass=0.0ms, contention=0.0ms, TOTAL=39.9ms | audio=600ms, RTF=0.07x | model=enhanced_mel, neural_total=39.1ms, model_inference=21.7ms

[CLIP_009] Sonata in A Major, K. 208
  excerpt: start=3.00s end=9.00s duration=6.00s gt_notes=10 rms=0.0080 peak=0.0538 crest=6.725 rms_std=0.0041
    control:
      note metrics: precision=0.714 recall=1.000 f1=0.833 matched=10/10 pred=14
      strict onset f1: 10ms=0.833 20ms=0.833 30ms=0.833
      timing metrics: offset_f1=0.167 rhythm_precision=0.200 note_value_acc=0.000 note_value_n=10 avg_beat_error=1.481
      duplicate metrics: duplicates=0 per_100_notes=0.00
      boundary metrics: gt=2 matched=2 missed=0 miss_rate=0.000
      latency: avg_chunk_ms=26.87 p95_chunk_ms=32.59 avg_rtf=0.045
      notation metrics: first_correct_ms=143.7 visible_p50_ms=372.9 visible_p95_ms=619.0 stabilize_p50_ms=2043.0 stabilize_p95_ms=3091.0 avg_revisions=2.00 matched=10 refined=10 snapshots=18
      algorithmic latency: first_correct_ms=118.7 visible_p50_ms=341.9 visible_p95_ms=590.1 stabilize_p50_ms=1493.2 stabilize_p95_ms=2594.8
      final display note metrics: precision=0.714 recall=1.000 f1=0.833 matched=10/10 pred=14
      final display strict onset f1: 10ms=0.833 20ms=0.833 30ms=0.833
      final display timing: offset_f1=0.167 rhythm_precision=0.200 note_value_acc=0.100 note_value_n=10 avg_beat_error=1.075
      final display structure: cluster_f1=0.833 onset_align_recall=1.000 avg_jaccard=1.000 exact=10/10 pred=14 over=0 under=0 pitch_conflicts=0 missed_gt=0
      threshold profiles: hit_rate=0.000 thresholds=[0.75] profiles={'fixed_baseline': 10}
    treatment:
      note metrics: precision=0.714 recall=1.000 f1=0.833 matched=10/10 pred=14
      strict onset f1: 10ms=0.833 20ms=0.833 30ms=0.833
      timing metrics: offset_f1=0.167 rhythm_precision=0.200 note_value_acc=0.000 note_value_n=10 avg_beat_error=1.481
      duplicate metrics: duplicates=0 per_100_notes=0.00
      boundary metrics: gt=2 matched=2 missed=0 miss_rate=0.000
      latency: avg_chunk_ms=28.46 p95_chunk_ms=36.01 avg_rtf=0.047
      notation metrics: first_correct_ms=143.9 visible_p50_ms=368.4 visible_p95_ms=623.8 stabilize_p50_ms=2041.2 stabilize_p95_ms=3087.2 avg_revisions=2.00 matched=10 refined=10 snapshots=18
      algorithmic latency: first_correct_ms=118.7 visible_p50_ms=341.9 visible_p95_ms=590.1 stabilize_p50_ms=1493.2 stabilize_p95_ms=2594.8
      final display note metrics: precision=0.714 recall=1.000 f1=0.833 matched=10/10 pred=14
      final display strict onset f1: 10ms=0.833 20ms=0.833 30ms=0.833
      final display timing: offset_f1=0.167 rhythm_precision=0.200 note_value_acc=0.100 note_value_n=10 avg_beat_error=1.075
      final display structure: cluster_f1=0.833 onset_align_recall=1.000 avg_jaccard=1.000 exact=10/10 pred=14 over=0 under=0 pitch_conflicts=0 missed_gt=0
      threshold profiles: hit_rate=1.000 thresholds=[0.71] profiles={'soft_sparse_recall': 10}
    delta treatment-control: precision=+0.000 recall=+0.000 f1=+0.000 offset_f1=+0.000 note_value_acc=+0.000 dup_per_100=+0.00 boundary_miss_rate=+0.000 p95_chunk_ms=+3.41 f1_10ms=+0.000 f1_20ms=+0.000 f1_30ms=+0.000 visible_p50_ms=-4.5 stabilize_p50_ms=-1.8 algo_visible_p50_ms=+0.0 algo_stabilize_p50_ms=+0.0 avg_revisions=+0.00 display_note_f1=+0.000 display_offset_f1=+0.000 display_cluster_f1=+0.000 display_cluster_jaccard=+0.000
    failure buckets: ['high_revision_slow_stabilization', 'note_value_offset_failure']
[TIMING] EnhancedMel.transcribe: audio_to_gpu=0.3ms, features=0.6ms, model=15.1ms, decode=1.5ms | TOTAL=17.4ms for 600ms audio (RTF=0.03x)
[TIMING] stream_chunk[experiment-02255d48263649289c6969a06e1c4dd8](live_neural): decode=0.2ms, inference=20.3ms, second_pass=0.0ms, contention=0.0ms, TOTAL=20.5ms | audio=600ms, RTF=0.03x | model=enhanced_mel, neural_total=19.7ms, model_inference=15.1ms
[TIMING] EnhancedMel.transcribe: audio_to_gpu=0.1ms, features=0.5ms, model=12.5ms, decode=3.0ms | TOTAL=16.2ms for 1200ms audio (RTF=0.01x)
[TIMING] stream_chunk[experiment-02255d48263649289c6969a06e1c4dd8](live_neural): decode=0.3ms, inference=19.3ms, second_pass=0.0ms, contention=0.0ms, TOTAL=19.6ms | audio=600ms, RTF=0.03x | model=enhanced_mel, neural_total=18.9ms, model_inference=12.5ms
[TIMING] EnhancedMel.transcribe: audio_to_gpu=0.2ms, features=0.4ms, model=12.1ms, decode=4.4ms | TOTAL=17.1ms for 1800ms audio (RTF=0.01x)
[TIMING] stream_chunk[experiment-02255d48263649289c6969a06e1c4dd8](live_neural): decode=0.1ms, inference=20.1ms, second_pass=0.0ms, contention=0.0ms, TOTAL=20.2ms | audio=600ms, RTF=0.03x | model=enhanced_mel, neural_total=19.7ms, model_inference=12.1ms
[TIMING] EnhancedMel.transcribe: audio_to_gpu=0.1ms, features=0.4ms, model=13.2ms, decode=4.3ms | TOTAL=18.1ms for 2400ms audio (RTF=0.01x)
[TIMING] stream_chunk[experiment-02255d48263649289c6969a06e1c4dd8](live_neural): decode=0.1ms, inference=20.0ms, second_pass=0.0ms, contention=0.0ms, TOTAL=20.2ms | audio=600ms, RTF=0.03x | model=enhanced_mel, neural_total=19.7ms, model_inference=13.2ms
[TIMING] EnhancedMel.transcribe: audio_to_gpu=0.2ms, features=0.6ms, model=15.0ms, decode=8.2ms | TOTAL=24.1ms for 3000ms audio (RTF=0.01x)
[TIMING] stream_chunk[experiment-02255d48263649289c6969a06e1c4dd8](live_neural): decode=0.2ms, inference=27.1ms, second_pass=0.0ms, contention=0.0ms, TOTAL=27.4ms | audio=600ms, RTF=0.05x | model=enhanced_mel, neural_total=26.7ms, model_inference=15.0ms
[TIMING] EnhancedMel.transcribe: audio_to_gpu=0.3ms, features=0.6ms, model=20.8ms, decode=13.3ms | TOTAL=34.9ms for 3000ms audio (RTF=0.01x)
[TIMING] stream_chunk[experiment-02255d48263649289c6969a06e1c4dd8](live_neural): decode=0.2ms, inference=38.6ms, second_pass=0.0ms, contention=0.0ms, TOTAL=38.9ms | audio=600ms, RTF=0.06x | model=enhanced_mel, neural_total=38.0ms, model_inference=20.8ms
[TIMING] EnhancedMel.transcribe: audio_to_gpu=0.3ms, features=0.8ms, model=20.7ms, decode=14.9ms | TOTAL=36.6ms for 3000ms audio (RTF=0.01x)
[TIMING] stream_chunk[experiment-02255d48263649289c6969a06e1c4dd8](live_neural): decode=0.2ms, inference=42.6ms, second_pass=0.0ms, contention=0.0ms, TOTAL=43.1ms | audio=600ms, RTF=0.07x | model=enhanced_mel, neural_total=41.9ms, model_inference=20.7ms
[TIMING] EnhancedMel.transcribe: audio_to_gpu=0.3ms, features=0.6ms, model=15.4ms, decode=7.2ms | TOTAL=23.5ms for 3000ms audio (RTF=0.01x)
[TIMING] stream_chunk[experiment-02255d48263649289c6969a06e1c4dd8](live_neural): decode=0.2ms, inference=27.3ms, second_pass=0.0ms, contention=0.0ms, TOTAL=27.8ms | audio=600ms, RTF=0.05x | model=enhanced_mel, neural_total=26.7ms, model_inference=15.4ms
[TIMING] EnhancedMel.transcribe: audio_to_gpu=0.3ms, features=0.6ms, model=22.8ms, decode=9.2ms | TOTAL=32.9ms for 3000ms audio (RTF=0.01x)
[TIMING] stream_chunk[experiment-02255d48263649289c6969a06e1c4dd8](live_neural): decode=0.2ms, inference=36.6ms, second_pass=0.0ms, contention=0.0ms, TOTAL=37.1ms | audio=600ms, RTF=0.06x | model=enhanced_mel, neural_total=36.2ms, model_inference=22.8ms
[TIMING] EnhancedMel.transcribe: audio_to_gpu=0.3ms, features=1.0ms, model=15.8ms, decode=8.0ms | TOTAL=25.1ms for 3000ms audio (RTF=0.01x)
[TIMING] stream_chunk[experiment-02255d48263649289c6969a06e1c4dd8](live_neural): decode=0.3ms, inference=30.6ms, second_pass=0.0ms, contention=0.0ms, TOTAL=31.2ms | audio=600ms, RTF=0.05x | model=enhanced_mel, neural_total=30.1ms, model_inference=15.8ms
[TIMING] EnhancedMel.transcribe: audio_to_gpu=0.2ms, features=0.6ms, model=13.9ms, decode=1.2ms | TOTAL=15.9ms for 600ms audio (RTF=0.03x)
[TIMING] stream_chunk[experiment-9cab08f1d82e434b8f85a195c3343ae3](live_neural): decode=0.3ms, inference=18.2ms, second_pass=0.0ms, contention=0.0ms, TOTAL=18.5ms | audio=600ms, RTF=0.03x | model=enhanced_mel, neural_total=17.7ms, model_inference=13.9ms
[TIMING] EnhancedMel.transcribe: audio_to_gpu=0.1ms, features=0.4ms, model=15.5ms, decode=2.3ms | TOTAL=18.3ms for 1200ms audio (RTF=0.02x)
[TIMING] stream_chunk[experiment-9cab08f1d82e434b8f85a195c3343ae3](live_neural): decode=0.2ms, inference=20.2ms, second_pass=0.0ms, contention=0.0ms, TOTAL=20.4ms | audio=600ms, RTF=0.03x | model=enhanced_mel, neural_total=19.8ms, model_inference=15.5ms
[TIMING] EnhancedMel.transcribe: audio_to_gpu=0.2ms, features=0.5ms, model=13.8ms, decode=4.5ms | TOTAL=19.0ms for 1800ms audio (RTF=0.01x)
[TIMING] stream_chunk[experiment-9cab08f1d82e434b8f85a195c3343ae3](live_neural): decode=0.1ms, inference=21.4ms, second_pass=0.0ms, contention=0.0ms, TOTAL=21.7ms | audio=600ms, RTF=0.04x | model=enhanced_mel, neural_total=21.0ms, model_inference=13.8ms
[TIMING] EnhancedMel.transcribe: audio_to_gpu=0.1ms, features=0.7ms, model=17.4ms, decode=10.7ms | TOTAL=28.9ms for 2400ms audio (RTF=0.01x)
[TIMING] stream_chunk[experiment-9cab08f1d82e434b8f85a195c3343ae3](live_neural): decode=0.1ms, inference=31.2ms, second_pass=0.0ms, contention=0.0ms, TOTAL=31.6ms | audio=600ms, RTF=0.05x | model=enhanced_mel, neural_total=30.8ms, model_inference=17.4ms
[TIMING] EnhancedMel.transcribe: audio_to_gpu=0.3ms, features=0.7ms, model=22.5ms, decode=11.0ms | TOTAL=34.6ms for 3000ms audio (RTF=0.01x)
[TIMING] stream_chunk[experiment-9cab08f1d82e434b8f85a195c3343ae3](live_neural): decode=0.2ms, inference=40.8ms, second_pass=0.0ms, contention=0.0ms, TOTAL=41.2ms | audio=600ms, RTF=0.07x | model=enhanced_mel, neural_total=40.1ms, model_inference=22.5ms
[TIMING] EnhancedMel.transcribe: audio_to_gpu=0.4ms, features=0.6ms, model=17.2ms, decode=11.8ms | TOTAL=29.9ms for 3000ms audio (RTF=0.01x)
[TIMING] stream_chunk[experiment-9cab08f1d82e434b8f85a195c3343ae3](live_neural): decode=0.1ms, inference=34.2ms, second_pass=0.0ms, contention=0.0ms, TOTAL=34.6ms | audio=600ms, RTF=0.06x | model=enhanced_mel, neural_total=33.7ms, model_inference=17.2ms
[TIMING] EnhancedMel.transcribe: audio_to_gpu=0.4ms, features=0.7ms, model=15.5ms, decode=14.0ms | TOTAL=30.7ms for 3000ms audio (RTF=0.01x)
[TIMING] stream_chunk[experiment-9cab08f1d82e434b8f85a195c3343ae3](live_neural): decode=0.2ms, inference=35.9ms, second_pass=0.0ms, contention=0.0ms, TOTAL=36.4ms | audio=600ms, RTF=0.06x | model=enhanced_mel, neural_total=35.3ms, model_inference=15.5ms
[TIMING] EnhancedMel.transcribe: audio_to_gpu=0.3ms, features=0.7ms, model=22.1ms, decode=8.1ms | TOTAL=31.3ms for 3000ms audio (RTF=0.01x)
[TIMING] stream_chunk[experiment-9cab08f1d82e434b8f85a195c3343ae3](live_neural): decode=0.2ms, inference=36.7ms, second_pass=0.0ms, contention=0.0ms, TOTAL=37.2ms | audio=600ms, RTF=0.06x | model=enhanced_mel, neural_total=36.2ms, model_inference=22.1ms
[TIMING] EnhancedMel.transcribe: audio_to_gpu=0.3ms, features=0.5ms, model=21.0ms, decode=8.1ms | TOTAL=30.0ms for 3000ms audio (RTF=0.01x)
[TIMING] stream_chunk[experiment-9cab08f1d82e434b8f85a195c3343ae3](live_neural): decode=0.2ms, inference=34.1ms, second_pass=0.0ms, contention=0.0ms, TOTAL=34.6ms | audio=600ms, RTF=0.06x | model=enhanced_mel, neural_total=33.4ms, model_inference=21.0ms
[TIMING] EnhancedMel.transcribe: audio_to_gpu=0.2ms, features=0.6ms, model=16.5ms, decode=9.9ms | TOTAL=27.2ms for 3000ms audio (RTF=0.01x)
[TIMING] stream_chunk[experiment-9cab08f1d82e434b8f85a195c3343ae3](live_neural): decode=0.2ms, inference=30.6ms, second_pass=0.0ms, contention=0.0ms, TOTAL=31.0ms | audio=600ms, RTF=0.05x | model=enhanced_mel, neural_total=30.2ms, model_inference=16.5ms

[CLIP_010] Etude "Pour les accords"
  excerpt: start=0.00s end=6.00s duration=6.00s gt_notes=108 rms=0.0820 peak=0.5182 crest=6.319 rms_std=0.0389
    control:
      note metrics: precision=0.863 recall=0.935 f1=0.898 matched=101/108 pred=117
      strict onset f1: 10ms=0.667 20ms=0.880 30ms=0.898
      timing metrics: offset_f1=0.898 rhythm_precision=1.000 note_value_acc=0.941 note_value_n=101 avg_beat_error=0.006
      duplicate metrics: duplicates=14 per_100_notes=11.97
      boundary metrics: gt=34 matched=31 missed=3 miss_rate=0.088
      latency: avg_chunk_ms=28.60 p95_chunk_ms=41.20 avg_rtf=0.048
      notation metrics: first_correct_ms=139.0 visible_p50_ms=286.9 visible_p95_ms=322.9 stabilize_p50_ms=3225.5 stabilize_p95_ms=3708.9 avg_revisions=2.00 matched=4 refined=4 snapshots=14
      algorithmic latency: first_correct_ms=111.2 visible_p50_ms=263.2 visible_p95_ms=295.6 stabilize_p50_ms=2686.5 stabilize_p95_ms=3169.9
      final display note metrics: precision=0.979 recall=0.870 f1=0.922 matched=94/108 pred=96
      final display strict onset f1: 10ms=0.627 20ms=0.902 30ms=0.922
      final display timing: offset_f1=0.922 rhythm_precision=1.000 note_value_acc=0.947 note_value_n=94 avg_beat_error=0.053
      final display structure: cluster_f1=0.650 onset_align_recall=0.950 avg_jaccard=0.864 exact=13/20 pred=20 over=0 under=5 pitch_conflicts=1 missed_gt=1
      threshold profiles: hit_rate=0.000 thresholds=[0.75] profiles={'fixed_baseline': 10}
    treatment:
      note metrics: precision=0.863 recall=0.935 f1=0.898 matched=101/108 pred=117
      strict onset f1: 10ms=0.667 20ms=0.880 30ms=0.898
      timing metrics: offset_f1=0.898 rhythm_precision=1.000 note_value_acc=0.941 note_value_n=101 avg_beat_error=0.006
      duplicate metrics: duplicates=14 per_100_notes=11.97
      boundary metrics: gt=34 matched=31 missed=3 miss_rate=0.088
      latency: avg_chunk_ms=30.72 p95_chunk_ms=39.40 avg_rtf=0.051
      notation metrics: first_correct_ms=148.4 visible_p50_ms=299.5 visible_p95_ms=336.7 stabilize_p50_ms=3235.1 stabilize_p95_ms=3718.5 avg_revisions=2.00 matched=4 refined=4 snapshots=14
      algorithmic latency: first_correct_ms=111.2 visible_p50_ms=263.2 visible_p95_ms=295.6 stabilize_p50_ms=2686.5 stabilize_p95_ms=3169.9
      final display note metrics: precision=0.979 recall=0.870 f1=0.922 matched=94/108 pred=96
      final display strict onset f1: 10ms=0.627 20ms=0.902 30ms=0.922
      final display timing: offset_f1=0.922 rhythm_precision=1.000 note_value_acc=0.947 note_value_n=94 avg_beat_error=0.053
      final display structure: cluster_f1=0.650 onset_align_recall=0.950 avg_jaccard=0.864 exact=13/20 pred=20 over=0 under=5 pitch_conflicts=1 missed_gt=1
      threshold profiles: hit_rate=0.100 thresholds=[0.71, 0.75] profiles={'baseline_nominal': 9, 'soft_sparse_recall': 1}
    delta treatment-control: precision=+0.000 recall=+0.000 f1=+0.000 offset_f1=+0.000 note_value_acc=+0.000 dup_per_100=+0.00 boundary_miss_rate=+0.000 p95_chunk_ms=-1.80 f1_10ms=+0.000 f1_20ms=+0.000 f1_30ms=+0.000 visible_p50_ms=+12.6 stabilize_p50_ms=+9.5 algo_visible_p50_ms=+0.0 algo_stabilize_p50_ms=+0.0 avg_revisions=+0.00 display_note_f1=+0.000 display_offset_f1=+0.000 display_cluster_f1=+0.000 display_cluster_jaccard=+0.000
    failure buckets: ['boundary_miss_failure', 'high_revision_slow_stabilization']
      boundary diagnostics: missed=3 by_arm={'control': 3, 'treatment': 3} tags={'control_boundary_miss': 3, 'no_control_coarse_candidate': 3}
        miss: pitch=56 onset=1.172s boundary_delta_ms=-28.1 control_coarse=False treatment_coarse=False retro=n/a
        miss: pitch=59 onset=2.974s boundary_delta_ms=-26.0 control_coarse=False treatment_coarse=False retro=n/a
        miss: pitch=52 onset=2.986s boundary_delta_ms=-14.3 control_coarse=False treatment_coarse=False retro=n/a
[TIMING] EnhancedMel.transcribe: audio_to_gpu=0.9ms, features=0.9ms, model=14.6ms, decode=2.4ms | TOTAL=18.8ms for 600ms audio (RTF=0.03x)
[TIMING] stream_chunk[experiment-6f1f72afce4545669e237c7a2852820c](live_neural): decode=0.2ms, inference=21.8ms, second_pass=0.0ms, contention=0.0ms, TOTAL=22.1ms | audio=600ms, RTF=0.04x | model=enhanced_mel, neural_total=21.2ms, model_inference=14.6ms
[TIMING] EnhancedMel.transcribe: audio_to_gpu=0.1ms, features=0.3ms, model=16.5ms, decode=2.9ms | TOTAL=19.9ms for 1200ms audio (RTF=0.02x)
[TIMING] stream_chunk[experiment-6f1f72afce4545669e237c7a2852820c](live_neural): decode=0.1ms, inference=22.0ms, second_pass=0.0ms, contention=0.0ms, TOTAL=22.2ms | audio=600ms, RTF=0.04x | model=enhanced_mel, neural_total=21.5ms, model_inference=16.5ms
[TIMING] EnhancedMel.transcribe: audio_to_gpu=0.1ms, features=0.4ms, model=20.4ms, decode=4.4ms | TOTAL=25.4ms for 1800ms audio (RTF=0.01x)
[TIMING] stream_chunk[experiment-6f1f72afce4545669e237c7a2852820c](live_neural): decode=0.1ms, inference=28.4ms, second_pass=0.0ms, contention=0.0ms, TOTAL=28.6ms | audio=600ms, RTF=0.05x | model=enhanced_mel, neural_total=27.9ms, model_inference=20.4ms
[TIMING] EnhancedMel.transcribe: audio_to_gpu=0.2ms, features=0.6ms, model=16.2ms, decode=5.5ms | TOTAL=22.5ms for 2400ms audio (RTF=0.01x)
[TIMING] stream_chunk[experiment-6f1f72afce4545669e237c7a2852820c](live_neural): decode=0.1ms, inference=25.9ms, second_pass=0.0ms, contention=0.0ms, TOTAL=26.2ms | audio=600ms, RTF=0.04x | model=enhanced_mel, neural_total=25.3ms, model_inference=16.2ms
[TIMING] EnhancedMel.transcribe: audio_to_gpu=0.2ms, features=0.4ms, model=14.9ms, decode=6.7ms | TOTAL=22.3ms for 3000ms audio (RTF=0.01x)
[TIMING] stream_chunk[experiment-6f1f72afce4545669e237c7a2852820c](live_neural): decode=0.3ms, inference=26.5ms, second_pass=0.0ms, contention=0.0ms, TOTAL=26.8ms | audio=600ms, RTF=0.04x | model=enhanced_mel, neural_total=26.0ms, model_inference=14.9ms
[TIMING] EnhancedMel.transcribe: audio_to_gpu=0.4ms, features=0.7ms, model=16.6ms, decode=8.7ms | TOTAL=26.3ms for 3000ms audio (RTF=0.01x)
[TIMING] stream_chunk[experiment-6f1f72afce4545669e237c7a2852820c](live_neural): decode=0.1ms, inference=31.1ms, second_pass=0.0ms, contention=0.0ms, TOTAL=31.3ms | audio=600ms, RTF=0.05x | model=enhanced_mel, neural_total=30.6ms, model_inference=16.6ms
[TIMING] EnhancedMel.transcribe: audio_to_gpu=0.5ms, features=0.7ms, model=20.6ms, decode=10.2ms | TOTAL=32.0ms for 3000ms audio (RTF=0.01x)
[TIMING] stream_chunk[experiment-6f1f72afce4545669e237c7a2852820c](live_neural): decode=0.2ms, inference=35.3ms, second_pass=0.0ms, contention=0.0ms, TOTAL=35.6ms | audio=600ms, RTF=0.06x | model=enhanced_mel, neural_total=34.5ms, model_inference=20.6ms
[TIMING] EnhancedMel.transcribe: audio_to_gpu=0.3ms, features=0.6ms, model=18.3ms, decode=7.4ms | TOTAL=26.6ms for 3000ms audio (RTF=0.01x)
[TIMING] stream_chunk[experiment-6f1f72afce4545669e237c7a2852820c](live_neural): decode=0.2ms, inference=30.8ms, second_pass=0.0ms, contention=0.0ms, TOTAL=31.1ms | audio=600ms, RTF=0.05x | model=enhanced_mel, neural_total=30.3ms, model_inference=18.3ms
[TIMING] EnhancedMel.transcribe: audio_to_gpu=0.2ms, features=0.5ms, model=18.0ms, decode=8.7ms | TOTAL=27.4ms for 3000ms audio (RTF=0.01x)
[TIMING] stream_chunk[experiment-6f1f72afce4545669e237c7a2852820c](live_neural): decode=0.2ms, inference=31.7ms, second_pass=0.0ms, contention=0.0ms, TOTAL=32.0ms | audio=600ms, RTF=0.05x | model=enhanced_mel, neural_total=31.2ms, model_inference=18.0ms
[TIMING] EnhancedMel.transcribe: audio_to_gpu=0.3ms, features=0.7ms, model=20.9ms, decode=6.9ms | TOTAL=28.8ms for 3000ms audio (RTF=0.01x)
[TIMING] stream_chunk[experiment-6f1f72afce4545669e237c7a2852820c](live_neural): decode=0.2ms, inference=34.0ms, second_pass=0.0ms, contention=0.0ms, TOTAL=34.3ms | audio=600ms, RTF=0.06x | model=enhanced_mel, neural_total=33.6ms, model_inference=20.9ms
[TIMING] EnhancedMel.transcribe: audio_to_gpu=0.6ms, features=0.5ms, model=13.4ms, decode=1.6ms | TOTAL=16.1ms for 600ms audio (RTF=0.03x)
[TIMING] stream_chunk[experiment-97c740e1a4e0461eb090133261969396](live_neural): decode=0.2ms, inference=19.6ms, second_pass=0.0ms, contention=0.0ms, TOTAL=19.8ms | audio=600ms, RTF=0.03x | model=enhanced_mel, neural_total=19.2ms, model_inference=13.4ms
[TIMING] EnhancedMel.transcribe: audio_to_gpu=0.7ms, features=0.4ms, model=11.4ms, decode=6.5ms | TOTAL=19.0ms for 1200ms audio (RTF=0.02x)
[TIMING] stream_chunk[experiment-97c740e1a4e0461eb090133261969396](live_neural): decode=0.1ms, inference=21.7ms, second_pass=0.0ms, contention=0.0ms, TOTAL=21.9ms | audio=600ms, RTF=0.04x | model=enhanced_mel, neural_total=21.3ms, model_inference=11.4ms
[TIMING] EnhancedMel.transcribe: audio_to_gpu=0.3ms, features=0.6ms, model=20.9ms, decode=5.3ms | TOTAL=27.1ms for 1800ms audio (RTF=0.02x)
[TIMING] stream_chunk[experiment-97c740e1a4e0461eb090133261969396](live_neural): decode=0.2ms, inference=31.5ms, second_pass=0.0ms, contention=0.0ms, TOTAL=31.8ms | audio=600ms, RTF=0.05x | model=enhanced_mel, neural_total=31.0ms, model_inference=20.9ms
[TIMING] EnhancedMel.transcribe: audio_to_gpu=0.2ms, features=0.7ms, model=15.5ms, decode=5.7ms | TOTAL=22.1ms for 2400ms audio (RTF=0.01x)
[TIMING] stream_chunk[experiment-97c740e1a4e0461eb090133261969396](live_neural): decode=0.2ms, inference=26.9ms, second_pass=0.0ms, contention=0.0ms, TOTAL=27.1ms | audio=600ms, RTF=0.05x | model=enhanced_mel, neural_total=26.5ms, model_inference=15.5ms
[TIMING] EnhancedMel.transcribe: audio_to_gpu=0.4ms, features=0.6ms, model=19.4ms, decode=10.9ms | TOTAL=31.3ms for 3000ms audio (RTF=0.01x)
[TIMING] stream_chunk[experiment-97c740e1a4e0461eb090133261969396](live_neural): decode=0.2ms, inference=36.6ms, second_pass=0.0ms, contention=0.0ms, TOTAL=36.9ms | audio=600ms, RTF=0.06x | model=enhanced_mel, neural_total=36.2ms, model_inference=19.4ms
[TIMING] EnhancedMel.transcribe: audio_to_gpu=0.3ms, features=0.7ms, model=21.4ms, decode=7.0ms | TOTAL=29.4ms for 3000ms audio (RTF=0.01x)
[TIMING] stream_chunk[experiment-97c740e1a4e0461eb090133261969396](live_neural): decode=0.2ms, inference=34.5ms, second_pass=0.0ms, contention=0.0ms, TOTAL=34.9ms | audio=600ms, RTF=0.06x | model=enhanced_mel, neural_total=34.1ms, model_inference=21.4ms
[TIMING] EnhancedMel.transcribe: audio_to_gpu=0.3ms, features=0.5ms, model=17.8ms, decode=9.2ms | TOTAL=27.8ms for 3000ms audio (RTF=0.01x)
[TIMING] stream_chunk[experiment-97c740e1a4e0461eb090133261969396](live_neural): decode=0.2ms, inference=31.4ms, second_pass=0.0ms, contention=0.0ms, TOTAL=31.7ms | audio=600ms, RTF=0.05x | model=enhanced_mel, neural_total=30.8ms, model_inference=17.8ms
[TIMING] EnhancedMel.transcribe: audio_to_gpu=0.4ms, features=0.6ms, model=16.3ms, decode=6.8ms | TOTAL=24.1ms for 3000ms audio (RTF=0.01x)
[TIMING] stream_chunk[experiment-97c740e1a4e0461eb090133261969396](live_neural): decode=0.2ms, inference=26.5ms, second_pass=0.0ms, contention=0.0ms, TOTAL=26.8ms | audio=600ms, RTF=0.04x | model=enhanced_mel, neural_total=26.0ms, model_inference=16.3ms
[TIMING] EnhancedMel.transcribe: audio_to_gpu=0.4ms, features=0.7ms, model=21.6ms, decode=7.4ms | TOTAL=30.1ms for 3000ms audio (RTF=0.01x)
[TIMING] stream_chunk[experiment-97c740e1a4e0461eb090133261969396](live_neural): decode=0.5ms, inference=33.7ms, second_pass=0.0ms, contention=0.0ms, TOTAL=34.3ms | audio=600ms, RTF=0.06x | model=enhanced_mel, neural_total=33.3ms, model_inference=21.6ms
[TIMING] EnhancedMel.transcribe: audio_to_gpu=0.3ms, features=0.7ms, model=20.3ms, decode=9.4ms | TOTAL=30.7ms for 3000ms audio (RTF=0.01x)
[TIMING] stream_chunk[experiment-97c740e1a4e0461eb090133261969396](live_neural): decode=0.2ms, inference=35.9ms, second_pass=0.0ms, contention=0.0ms, TOTAL=36.2ms | audio=600ms, RTF=0.06x | model=enhanced_mel, neural_total=35.4ms, model_inference=20.3ms

[CLIP_011] Sonata No. 9, Op. 68, "Black Mass"
  excerpt: start=9.00s end=15.00s duration=6.00s gt_notes=16 rms=0.0125 peak=0.0693 crest=5.524 rms_std=0.0040
    control:
      note metrics: precision=0.941 recall=1.000 f1=0.970 matched=16/16 pred=17
      strict onset f1: 10ms=0.727 20ms=0.909 30ms=0.970
      timing metrics: offset_f1=0.121 rhythm_precision=0.125 note_value_acc=0.000 note_value_n=16 avg_beat_error=2.000
      duplicate metrics: duplicates=0 per_100_notes=0.00
      boundary metrics: gt=3 matched=3 missed=0 miss_rate=0.000
      latency: avg_chunk_ms=29.02 p95_chunk_ms=35.03 avg_rtf=0.048
      notation metrics: first_correct_ms=148.8 visible_p50_ms=423.7 visible_p95_ms=447.6 stabilize_p50_ms=1735.8 stabilize_p95_ms=2606.2 avg_revisions=1.80 matched=5 refined=5 snapshots=14
      algorithmic latency: first_correct_ms=122.7 visible_p50_ms=395.1 visible_p95_ms=418.1 stabilize_p50_ms=1343.5 stabilize_p95_ms=2213.8
      final display note metrics: precision=0.941 recall=1.000 f1=0.970 matched=16/16 pred=17
      final display strict onset f1: 10ms=0.727 20ms=0.909 30ms=0.970
      final display timing: offset_f1=0.121 rhythm_precision=0.125 note_value_acc=0.188 note_value_n=16 avg_beat_error=1.646
      final display structure: cluster_f1=0.933 onset_align_recall=1.000 avg_jaccard=1.000 exact=7/7 pred=8 over=0 under=0 pitch_conflicts=0 missed_gt=0
      threshold profiles: hit_rate=0.000 thresholds=[0.75] profiles={'fixed_baseline': 10}
    treatment:
      note metrics: precision=0.889 recall=1.000 f1=0.941 matched=16/16 pred=18
      strict onset f1: 10ms=0.706 20ms=0.882 30ms=0.941
      timing metrics: offset_f1=0.118 rhythm_precision=0.125 note_value_acc=0.000 note_value_n=16 avg_beat_error=2.000
      duplicate metrics: duplicates=0 per_100_notes=0.00
      boundary metrics: gt=3 matched=3 missed=0 miss_rate=0.000
      latency: avg_chunk_ms=30.17 p95_chunk_ms=36.60 avg_rtf=0.050
      notation metrics: first_correct_ms=149.8 visible_p50_ms=426.9 visible_p95_ms=451.1 stabilize_p50_ms=3175.6 stabilize_p95_ms=4098.6 avg_revisions=2.40 matched=5 refined=5 snapshots=15
      algorithmic latency: first_correct_ms=122.7 visible_p50_ms=395.1 visible_p95_ms=418.1 stabilize_p50_ms=2816.4 stabilize_p95_ms=3739.3
      final display note metrics: precision=0.889 recall=1.000 f1=0.941 matched=16/16 pred=18
      final display strict onset f1: 10ms=0.706 20ms=0.882 30ms=0.941
      final display timing: offset_f1=0.118 rhythm_precision=0.125 note_value_acc=0.188 note_value_n=16 avg_beat_error=1.456
      final display structure: cluster_f1=0.875 onset_align_recall=1.000 avg_jaccard=1.000 exact=7/7 pred=9 over=0 under=0 pitch_conflicts=0 missed_gt=0
      threshold profiles: hit_rate=1.000 thresholds=[0.71] profiles={'soft_sparse_recall': 10}
    delta treatment-control: precision=-0.052 recall=+0.000 f1=-0.029 offset_f1=-0.004 note_value_acc=+0.000 dup_per_100=+0.00 boundary_miss_rate=+0.000 p95_chunk_ms=+1.57 f1_10ms=-0.021 f1_20ms=-0.027 f1_30ms=-0.029 visible_p50_ms=+3.2 stabilize_p50_ms=+1439.8 algo_visible_p50_ms=+0.0 algo_stabilize_p50_ms=+1472.9 avg_revisions=+0.60 display_note_f1=-0.029 display_offset_f1=-0.004 display_cluster_f1=-0.058 display_cluster_jaccard=+0.000
    failure buckets: ['high_revision_slow_stabilization', 'note_value_offset_failure']
[TIMING] EnhancedMel.transcribe: audio_to_gpu=0.7ms, features=1.1ms, model=19.2ms, decode=2.7ms | TOTAL=23.6ms for 600ms audio (RTF=0.04x)
[TIMING] stream_chunk[experiment-f26dbcc1f4724871bda35e8dbcc4387a](live_neural): decode=0.3ms, inference=27.3ms, second_pass=0.0ms, contention=0.0ms, TOTAL=27.7ms | audio=600ms, RTF=0.05x | model=enhanced_mel, neural_total=26.7ms, model_inference=19.2ms
[TIMING] EnhancedMel.transcribe: audio_to_gpu=0.1ms, features=4.1ms, model=15.3ms, decode=3.2ms | TOTAL=22.7ms for 1200ms audio (RTF=0.02x)
[TIMING] stream_chunk[experiment-f26dbcc1f4724871bda35e8dbcc4387a](live_neural): decode=0.2ms, inference=25.7ms, second_pass=0.0ms, contention=0.0ms, TOTAL=26.0ms | audio=600ms, RTF=0.04x | model=enhanced_mel, neural_total=25.3ms, model_inference=15.3ms
[TIMING] EnhancedMel.transcribe: audio_to_gpu=0.4ms, features=0.8ms, model=17.2ms, decode=4.7ms | TOTAL=23.1ms for 1800ms audio (RTF=0.01x)
[TIMING] stream_chunk[experiment-f26dbcc1f4724871bda35e8dbcc4387a](live_neural): decode=0.2ms, inference=27.7ms, second_pass=0.0ms, contention=0.0ms, TOTAL=28.0ms | audio=600ms, RTF=0.05x | model=enhanced_mel, neural_total=27.2ms, model_inference=17.2ms
[TIMING] EnhancedMel.transcribe: audio_to_gpu=0.4ms, features=0.6ms, model=15.1ms, decode=5.9ms | TOTAL=22.0ms for 2400ms audio (RTF=0.01x)
[TIMING] stream_chunk[experiment-f26dbcc1f4724871bda35e8dbcc4387a](live_neural): decode=0.2ms, inference=25.4ms, second_pass=0.0ms, contention=0.0ms, TOTAL=25.8ms | audio=600ms, RTF=0.04x | model=enhanced_mel, neural_total=24.8ms, model_inference=15.1ms
[TIMING] EnhancedMel.transcribe: audio_to_gpu=0.3ms, features=0.6ms, model=15.0ms, decode=12.1ms | TOTAL=28.0ms for 3000ms audio (RTF=0.01x)
[TIMING] stream_chunk[experiment-f26dbcc1f4724871bda35e8dbcc4387a](live_neural): decode=0.2ms, inference=32.1ms, second_pass=0.0ms, contention=0.0ms, TOTAL=32.4ms | audio=600ms, RTF=0.05x | model=enhanced_mel, neural_total=31.6ms, model_inference=15.0ms
[TIMING] EnhancedMel.transcribe: audio_to_gpu=0.2ms, features=0.5ms, model=15.3ms, decode=6.9ms | TOTAL=23.0ms for 3000ms audio (RTF=0.01x)
[TIMING] stream_chunk[experiment-f26dbcc1f4724871bda35e8dbcc4387a](live_neural): decode=1.6ms, inference=26.8ms, second_pass=0.0ms, contention=0.0ms, TOTAL=28.5ms | audio=600ms, RTF=0.05x | model=enhanced_mel, neural_total=26.4ms, model_inference=15.3ms
[TIMING] EnhancedMel.transcribe: audio_to_gpu=0.3ms, features=0.6ms, model=14.4ms, decode=7.2ms | TOTAL=22.5ms for 3000ms audio (RTF=0.01x)
[TIMING] stream_chunk[experiment-f26dbcc1f4724871bda35e8dbcc4387a](live_neural): decode=0.2ms, inference=27.4ms, second_pass=0.0ms, contention=0.0ms, TOTAL=27.7ms | audio=600ms, RTF=0.05x | model=enhanced_mel, neural_total=26.8ms, model_inference=14.4ms
[TIMING] EnhancedMel.transcribe: audio_to_gpu=0.2ms, features=0.5ms, model=16.5ms, decode=8.4ms | TOTAL=25.6ms for 3000ms audio (RTF=0.01x)
[TIMING] stream_chunk[experiment-f26dbcc1f4724871bda35e8dbcc4387a](live_neural): decode=0.2ms, inference=29.0ms, second_pass=0.0ms, contention=0.0ms, TOTAL=29.3ms | audio=600ms, RTF=0.05x | model=enhanced_mel, neural_total=28.5ms, model_inference=16.5ms
[TIMING] EnhancedMel.transcribe: audio_to_gpu=0.3ms, features=0.5ms, model=16.5ms, decode=8.6ms | TOTAL=25.8ms for 3000ms audio (RTF=0.01x)
[TIMING] stream_chunk[experiment-f26dbcc1f4724871bda35e8dbcc4387a](live_neural): decode=0.2ms, inference=30.0ms, second_pass=0.0ms, contention=0.0ms, TOTAL=30.3ms | audio=600ms, RTF=0.05x | model=enhanced_mel, neural_total=29.5ms, model_inference=16.5ms
[TIMING] EnhancedMel.transcribe: audio_to_gpu=0.2ms, features=0.6ms, model=21.5ms, decode=8.7ms | TOTAL=31.0ms for 3000ms audio (RTF=0.01x)
[TIMING] stream_chunk[experiment-f26dbcc1f4724871bda35e8dbcc4387a](live_neural): decode=0.1ms, inference=35.7ms, second_pass=0.0ms, contention=0.0ms, TOTAL=36.0ms | audio=600ms, RTF=0.06x | model=enhanced_mel, neural_total=34.1ms, model_inference=21.5ms
[TIMING] EnhancedMel.transcribe: audio_to_gpu=0.4ms, features=0.5ms, model=14.0ms, decode=1.6ms | TOTAL=16.5ms for 600ms audio (RTF=0.03x)
[TIMING] stream_chunk[experiment-a0ffcbbbf4054d42a25dd6a85a954555](live_neural): decode=0.2ms, inference=19.2ms, second_pass=0.0ms, contention=0.0ms, TOTAL=19.4ms | audio=600ms, RTF=0.03x | model=enhanced_mel, neural_total=18.8ms, model_inference=14.0ms
[TIMING] EnhancedMel.transcribe: audio_to_gpu=0.2ms, features=0.4ms, model=12.4ms, decode=5.4ms | TOTAL=18.4ms for 1200ms audio (RTF=0.02x)
[TIMING] stream_chunk[experiment-a0ffcbbbf4054d42a25dd6a85a954555](live_neural): decode=0.1ms, inference=21.0ms, second_pass=0.0ms, contention=0.0ms, TOTAL=21.2ms | audio=600ms, RTF=0.04x | model=enhanced_mel, neural_total=20.2ms, model_inference=12.4ms
[TIMING] EnhancedMel.transcribe: audio_to_gpu=0.2ms, features=0.6ms, model=13.9ms, decode=4.6ms | TOTAL=19.3ms for 1800ms audio (RTF=0.01x)
[TIMING] stream_chunk[experiment-a0ffcbbbf4054d42a25dd6a85a954555](live_neural): decode=0.1ms, inference=21.2ms, second_pass=0.0ms, contention=0.0ms, TOTAL=21.5ms | audio=600ms, RTF=0.04x | model=enhanced_mel, neural_total=20.8ms, model_inference=13.9ms
[TIMING] EnhancedMel.transcribe: audio_to_gpu=0.3ms, features=0.5ms, model=13.3ms, decode=6.0ms | TOTAL=20.0ms for 2400ms audio (RTF=0.01x)
[TIMING] stream_chunk[experiment-a0ffcbbbf4054d42a25dd6a85a954555](live_neural): decode=0.1ms, inference=23.5ms, second_pass=0.0ms, contention=0.0ms, TOTAL=23.7ms | audio=600ms, RTF=0.04x | model=enhanced_mel, neural_total=23.1ms, model_inference=13.3ms
[TIMING] EnhancedMel.transcribe: audio_to_gpu=0.1ms, features=0.5ms, model=16.1ms, decode=11.7ms | TOTAL=28.5ms for 3000ms audio (RTF=0.01x)
[TIMING] stream_chunk[experiment-a0ffcbbbf4054d42a25dd6a85a954555](live_neural): decode=0.2ms, inference=32.2ms, second_pass=0.0ms, contention=0.0ms, TOTAL=32.5ms | audio=600ms, RTF=0.05x | model=enhanced_mel, neural_total=31.7ms, model_inference=16.1ms
[TIMING] EnhancedMel.transcribe: audio_to_gpu=0.5ms, features=0.6ms, model=18.8ms, decode=7.1ms | TOTAL=27.1ms for 3000ms audio (RTF=0.01x)
[TIMING] stream_chunk[experiment-a0ffcbbbf4054d42a25dd6a85a954555](live_neural): decode=0.1ms, inference=32.2ms, second_pass=0.0ms, contention=0.0ms, TOTAL=32.5ms | audio=600ms, RTF=0.05x | model=enhanced_mel, neural_total=31.6ms, model_inference=18.8ms
[TIMING] EnhancedMel.transcribe: audio_to_gpu=0.2ms, features=0.5ms, model=13.5ms, decode=7.6ms | TOTAL=21.7ms for 3000ms audio (RTF=0.01x)
[TIMING] stream_chunk[experiment-a0ffcbbbf4054d42a25dd6a85a954555](live_neural): decode=0.3ms, inference=25.4ms, second_pass=0.0ms, contention=0.0ms, TOTAL=25.7ms | audio=600ms, RTF=0.04x | model=enhanced_mel, neural_total=24.7ms, model_inference=13.5ms
[TIMING] EnhancedMel.transcribe: audio_to_gpu=0.3ms, features=0.7ms, model=23.4ms, decode=7.5ms | TOTAL=31.8ms for 3000ms audio (RTF=0.01x)
[TIMING] stream_chunk[experiment-a0ffcbbbf4054d42a25dd6a85a954555](live_neural): decode=0.4ms, inference=34.6ms, second_pass=0.0ms, contention=0.0ms, TOTAL=35.0ms | audio=600ms, RTF=0.06x | model=enhanced_mel, neural_total=34.1ms, model_inference=23.4ms
[TIMING] EnhancedMel.transcribe: audio_to_gpu=0.1ms, features=0.5ms, model=20.3ms, decode=9.0ms | TOTAL=29.9ms for 3000ms audio (RTF=0.01x)
[TIMING] stream_chunk[experiment-a0ffcbbbf4054d42a25dd6a85a954555](live_neural): decode=0.2ms, inference=33.7ms, second_pass=0.0ms, contention=0.0ms, TOTAL=34.0ms | audio=600ms, RTF=0.06x | model=enhanced_mel, neural_total=33.2ms, model_inference=20.3ms
[TIMING] EnhancedMel.transcribe: audio_to_gpu=0.3ms, features=0.7ms, model=17.5ms, decode=7.3ms | TOTAL=25.8ms for 3000ms audio (RTF=0.01x)
[TIMING] stream_chunk[experiment-a0ffcbbbf4054d42a25dd6a85a954555](live_neural): decode=0.2ms, inference=31.3ms, second_pass=0.0ms, contention=0.0ms, TOTAL=31.6ms | audio=600ms, RTF=0.05x | model=enhanced_mel, neural_total=30.7ms, model_inference=17.5ms

[CLIP_012] Entragete, Op.63
  excerpt: start=75.00s end=81.00s duration=6.00s gt_notes=50 rms=0.0549 peak=0.8432 crest=15.372 rms_std=0.0369
    control:
      note metrics: precision=0.925 recall=0.740 f1=0.822 matched=37/50 pred=40
      strict onset f1: 10ms=0.533 20ms=0.822 30ms=0.822
      timing metrics: offset_f1=0.756 rhythm_precision=0.919 note_value_acc=0.676 note_value_n=37 avg_beat_error=0.147
      duplicate metrics: duplicates=1 per_100_notes=2.50
      boundary metrics: gt=11 matched=9 missed=2 miss_rate=0.182
      latency: avg_chunk_ms=29.16 p95_chunk_ms=34.37 avg_rtf=0.049
      notation metrics: first_correct_ms=45.0 visible_p50_ms=273.0 visible_p95_ms=565.1 stabilize_p50_ms=2314.1 stabilize_p95_ms=4348.2 avg_revisions=0.77 matched=22 refined=22 snapshots=13
      algorithmic latency: first_correct_ms=19.0 visible_p50_ms=243.9 visible_p95_ms=538.7 stabilize_p50_ms=2083.5 stabilize_p95_ms=4318.0
      final display note metrics: precision=0.949 recall=0.740 f1=0.831 matched=37/50 pred=39
      final display strict onset f1: 10ms=0.539 20ms=0.831 30ms=0.831
      final display timing: offset_f1=0.764 rhythm_precision=0.919 note_value_acc=0.216 note_value_n=37 avg_beat_error=0.144
      final display structure: cluster_f1=0.596 onset_align_recall=0.917 avg_jaccard=0.820 exact=14/24 pred=23 over=3 under=5 pitch_conflicts=0 missed_gt=2
      threshold profiles: hit_rate=0.000 thresholds=[0.75] profiles={'fixed_baseline': 10}
    treatment:
      note metrics: precision=0.949 recall=0.740 f1=0.831 matched=37/50 pred=39
      strict onset f1: 10ms=0.539 20ms=0.809 30ms=0.831
      timing metrics: offset_f1=0.742 rhythm_precision=0.892 note_value_acc=0.676 note_value_n=37 avg_beat_error=0.147
      duplicate metrics: duplicates=0 per_100_notes=0.00
      boundary metrics: gt=11 matched=9 missed=2 miss_rate=0.182
      latency: avg_chunk_ms=27.72 p95_chunk_ms=34.57 avg_rtf=0.046
      notation metrics: first_correct_ms=40.2 visible_p50_ms=290.8 visible_p95_ms=563.0 stabilize_p50_ms=3573.3 stabilize_p95_ms=4354.6 avg_revisions=0.81 matched=21 refined=21 snapshots=13
      algorithmic latency: first_correct_ms=19.0 visible_p50_ms=256.8 visible_p95_ms=539.3 stabilize_p50_ms=3539.3 stabilize_p95_ms=4320.6
      final display note metrics: precision=0.949 recall=0.740 f1=0.831 matched=37/50 pred=39
      final display strict onset f1: 10ms=0.539 20ms=0.809 30ms=0.831
      final display timing: offset_f1=0.742 rhythm_precision=0.892 note_value_acc=0.189 note_value_n=37 avg_beat_error=0.159
      final display structure: cluster_f1=0.596 onset_align_recall=0.917 avg_jaccard=0.820 exact=14/24 pred=23 over=3 under=5 pitch_conflicts=0 missed_gt=2
      threshold profiles: hit_rate=0.200 thresholds=[0.71, 0.75, 0.77] profiles={'baseline_nominal': 8, 'loud_dense_precision': 1, 'soft_sparse_recall': 1}
    delta treatment-control: precision=+0.024 recall=+0.000 f1=+0.009 offset_f1=-0.014 note_value_acc=+0.000 dup_per_100=-2.50 boundary_miss_rate=+0.000 p95_chunk_ms=+0.21 f1_10ms=+0.006 f1_20ms=-0.013 f1_30ms=+0.009 visible_p50_ms=+17.7 stabilize_p50_ms=+1259.2 algo_visible_p50_ms=+12.9 algo_stabilize_p50_ms=+1455.9 avg_revisions=+0.04 display_note_f1=+0.000 display_offset_f1=-0.022 display_cluster_f1=+0.000 display_cluster_jaccard=+0.000
    failure buckets: ['boundary_miss_failure', 'high_revision_slow_stabilization']
      boundary diagnostics: missed=2 by_arm={'control': 2, 'treatment': 2} tags={'control_boundary_miss': 2, 'no_control_coarse_candidate': 2}
        miss: pitch=81 onset=1.704s boundary_delta_ms=-95.6 control_coarse=False treatment_coarse=False retro=n/a
        miss: pitch=98 onset=5.426s boundary_delta_ms=+25.8 control_coarse=False treatment_coarse=False retro=n/a
[TIMING] EnhancedMel.transcribe: audio_to_gpu=0.7ms, features=0.9ms, model=16.9ms, decode=1.5ms | TOTAL=20.0ms for 600ms audio (RTF=0.03x)
[TIMING] stream_chunk[experiment-292a1ab683ab416faab27d520de2ddbc](live_neural): decode=0.3ms, inference=23.8ms, second_pass=0.0ms, contention=0.0ms, TOTAL=24.1ms | audio=600ms, RTF=0.04x | model=enhanced_mel, neural_total=23.1ms, model_inference=16.9ms
[TIMING] EnhancedMel.transcribe: audio_to_gpu=0.2ms, features=0.4ms, model=20.6ms, decode=5.1ms | TOTAL=26.3ms for 1200ms audio (RTF=0.02x)
[TIMING] stream_chunk[experiment-292a1ab683ab416faab27d520de2ddbc](live_neural): decode=0.3ms, inference=29.1ms, second_pass=0.0ms, contention=0.0ms, TOTAL=29.5ms | audio=600ms, RTF=0.05x | model=enhanced_mel, neural_total=28.5ms, model_inference=20.6ms
[TIMING] EnhancedMel.transcribe: audio_to_gpu=0.2ms, features=0.6ms, model=15.1ms, decode=5.2ms | TOTAL=21.1ms for 1800ms audio (RTF=0.01x)
[TIMING] stream_chunk[experiment-292a1ab683ab416faab27d520de2ddbc](live_neural): decode=0.2ms, inference=25.5ms, second_pass=0.0ms, contention=0.0ms, TOTAL=25.8ms | audio=600ms, RTF=0.04x | model=enhanced_mel, neural_total=25.0ms, model_inference=15.1ms
[TIMING] EnhancedMel.transcribe: audio_to_gpu=0.2ms, features=0.9ms, model=18.8ms, decode=7.2ms | TOTAL=27.2ms for 2400ms audio (RTF=0.01x)
[TIMING] stream_chunk[experiment-292a1ab683ab416faab27d520de2ddbc](live_neural): decode=0.3ms, inference=30.7ms, second_pass=0.0ms, contention=0.0ms, TOTAL=31.2ms | audio=600ms, RTF=0.05x | model=enhanced_mel, neural_total=30.2ms, model_inference=18.8ms
[TIMING] EnhancedMel.transcribe: audio_to_gpu=0.3ms, features=0.6ms, model=15.8ms, decode=6.8ms | TOTAL=23.5ms for 3000ms audio (RTF=0.01x)
[TIMING] stream_chunk[experiment-292a1ab683ab416faab27d520de2ddbc](live_neural): decode=0.2ms, inference=27.0ms, second_pass=0.0ms, contention=0.0ms, TOTAL=27.3ms | audio=600ms, RTF=0.05x | model=enhanced_mel, neural_total=26.4ms, model_inference=15.8ms
[TIMING] EnhancedMel.transcribe: audio_to_gpu=0.3ms, features=0.7ms, model=16.9ms, decode=9.4ms | TOTAL=27.3ms for 3000ms audio (RTF=0.01x)
[TIMING] stream_chunk[experiment-292a1ab683ab416faab27d520de2ddbc](live_neural): decode=0.2ms, inference=31.6ms, second_pass=0.0ms, contention=0.0ms, TOTAL=31.9ms | audio=600ms, RTF=0.05x | model=enhanced_mel, neural_total=31.1ms, model_inference=16.9ms
[TIMING] EnhancedMel.transcribe: audio_to_gpu=0.4ms, features=2.2ms, model=21.0ms, decode=6.8ms | TOTAL=30.4ms for 3000ms audio (RTF=0.01x)
[TIMING] stream_chunk[experiment-292a1ab683ab416faab27d520de2ddbc](live_neural): decode=0.2ms, inference=35.3ms, second_pass=0.0ms, contention=0.0ms, TOTAL=35.6ms | audio=600ms, RTF=0.06x | model=enhanced_mel, neural_total=34.8ms, model_inference=21.0ms
[TIMING] EnhancedMel.transcribe: audio_to_gpu=0.1ms, features=0.6ms, model=23.7ms, decode=6.9ms | TOTAL=31.3ms for 3000ms audio (RTF=0.01x)
[TIMING] stream_chunk[experiment-292a1ab683ab416faab27d520de2ddbc](live_neural): decode=0.2ms, inference=34.7ms, second_pass=0.0ms, contention=0.0ms, TOTAL=35.0ms | audio=600ms, RTF=0.06x | model=enhanced_mel, neural_total=34.2ms, model_inference=23.7ms
[TIMING] EnhancedMel.transcribe: audio_to_gpu=0.2ms, features=0.4ms, model=14.4ms, decode=6.8ms | TOTAL=21.9ms for 3000ms audio (RTF=0.01x)
[TIMING] stream_chunk[experiment-292a1ab683ab416faab27d520de2ddbc](live_neural): decode=0.2ms, inference=26.1ms, second_pass=0.0ms, contention=0.0ms, TOTAL=26.3ms | audio=600ms, RTF=0.04x | model=enhanced_mel, neural_total=25.6ms, model_inference=14.4ms
[TIMING] EnhancedMel.transcribe: audio_to_gpu=0.2ms, features=0.6ms, model=15.0ms, decode=7.0ms | TOTAL=22.9ms for 3000ms audio (RTF=0.01x)
[TIMING] stream_chunk[experiment-292a1ab683ab416faab27d520de2ddbc](live_neural): decode=0.1ms, inference=28.3ms, second_pass=0.0ms, contention=0.0ms, TOTAL=28.6ms | audio=600ms, RTF=0.05x | model=enhanced_mel, neural_total=27.8ms, model_inference=15.0ms
[TIMING] EnhancedMel.transcribe: audio_to_gpu=0.3ms, features=0.5ms, model=19.9ms, decode=2.2ms | TOTAL=22.8ms for 600ms audio (RTF=0.04x)
[TIMING] stream_chunk[experiment-66ec7d97e7d5433b8db232b7afca7136](live_neural): decode=0.2ms, inference=25.9ms, second_pass=0.0ms, contention=0.0ms, TOTAL=26.1ms | audio=600ms, RTF=0.04x | model=enhanced_mel, neural_total=25.4ms, model_inference=19.9ms
[TIMING] EnhancedMel.transcribe: audio_to_gpu=0.2ms, features=0.4ms, model=12.5ms, decode=2.8ms | TOTAL=15.9ms for 1200ms audio (RTF=0.01x)
[TIMING] stream_chunk[experiment-66ec7d97e7d5433b8db232b7afca7136](live_neural): decode=0.2ms, inference=18.9ms, second_pass=0.0ms, contention=0.0ms, TOTAL=19.3ms | audio=600ms, RTF=0.03x | model=enhanced_mel, neural_total=18.5ms, model_inference=12.5ms
[TIMING] EnhancedMel.transcribe: audio_to_gpu=0.1ms, features=0.3ms, model=14.7ms, decode=4.9ms | TOTAL=20.0ms for 1800ms audio (RTF=0.01x)
[TIMING] stream_chunk[experiment-66ec7d97e7d5433b8db232b7afca7136](live_neural): decode=0.2ms, inference=22.9ms, second_pass=0.0ms, contention=0.0ms, TOTAL=23.3ms | audio=600ms, RTF=0.04x | model=enhanced_mel, neural_total=22.3ms, model_inference=14.7ms
[TIMING] EnhancedMel.transcribe: audio_to_gpu=0.2ms, features=0.4ms, model=14.9ms, decode=5.4ms | TOTAL=21.0ms for 2400ms audio (RTF=0.01x)
[TIMING] stream_chunk[experiment-66ec7d97e7d5433b8db232b7afca7136](live_neural): decode=0.2ms, inference=24.0ms, second_pass=0.0ms, contention=0.0ms, TOTAL=24.4ms | audio=600ms, RTF=0.04x | model=enhanced_mel, neural_total=23.6ms, model_inference=14.9ms
[TIMING] EnhancedMel.transcribe: audio_to_gpu=0.3ms, features=0.7ms, model=23.1ms, decode=9.1ms | TOTAL=33.2ms for 3000ms audio (RTF=0.01x)
[TIMING] stream_chunk[experiment-66ec7d97e7d5433b8db232b7afca7136](live_neural): decode=0.2ms, inference=39.0ms, second_pass=0.0ms, contention=0.0ms, TOTAL=39.3ms | audio=600ms, RTF=0.07x | model=enhanced_mel, neural_total=38.7ms, model_inference=23.1ms
[TIMING] EnhancedMel.transcribe: audio_to_gpu=0.2ms, features=0.5ms, model=18.4ms, decode=11.1ms | TOTAL=30.1ms for 3000ms audio (RTF=0.01x)
[TIMING] stream_chunk[experiment-66ec7d97e7d5433b8db232b7afca7136](live_neural): decode=0.1ms, inference=34.0ms, second_pass=0.0ms, contention=0.0ms, TOTAL=34.3ms | audio=600ms, RTF=0.06x | model=enhanced_mel, neural_total=33.5ms, model_inference=18.4ms
[TIMING] EnhancedMel.transcribe: audio_to_gpu=0.4ms, features=0.6ms, model=15.3ms, decode=11.0ms | TOTAL=27.3ms for 3000ms audio (RTF=0.01x)
[TIMING] stream_chunk[experiment-66ec7d97e7d5433b8db232b7afca7136](live_neural): decode=0.2ms, inference=33.5ms, second_pass=0.0ms, contention=0.0ms, TOTAL=33.9ms | audio=600ms, RTF=0.06x | model=enhanced_mel, neural_total=32.8ms, model_inference=15.3ms
[TIMING] EnhancedMel.transcribe: audio_to_gpu=0.3ms, features=0.6ms, model=16.7ms, decode=6.9ms | TOTAL=24.5ms for 3000ms audio (RTF=0.01x)
[TIMING] stream_chunk[experiment-66ec7d97e7d5433b8db232b7afca7136](live_neural): decode=0.2ms, inference=28.2ms, second_pass=0.0ms, contention=0.0ms, TOTAL=28.6ms | audio=600ms, RTF=0.05x | model=enhanced_mel, neural_total=27.8ms, model_inference=16.7ms
[TIMING] EnhancedMel.transcribe: audio_to_gpu=0.2ms, features=0.4ms, model=13.6ms, decode=7.0ms | TOTAL=21.2ms for 3000ms audio (RTF=0.01x)
[TIMING] stream_chunk[experiment-66ec7d97e7d5433b8db232b7afca7136](live_neural): decode=0.2ms, inference=24.3ms, second_pass=0.0ms, contention=0.0ms, TOTAL=24.6ms | audio=600ms, RTF=0.04x | model=enhanced_mel, neural_total=24.0ms, model_inference=13.6ms
[TIMING] EnhancedMel.transcribe: audio_to_gpu=0.3ms, features=1.4ms, model=19.9ms, decode=6.9ms | TOTAL=28.4ms for 3000ms audio (RTF=0.01x)
[TIMING] stream_chunk[experiment-66ec7d97e7d5433b8db232b7afca7136](live_neural): decode=0.1ms, inference=33.3ms, second_pass=0.0ms, contention=0.0ms, TOTAL=33.6ms | audio=600ms, RTF=0.06x | model=enhanced_mel, neural_total=32.9ms, model_inference=19.9ms

[CLIP_013] Sonata No. 9
  excerpt: start=0.00s end=6.00s duration=6.00s gt_notes=18 rms=0.0169 peak=0.0999 crest=5.898 rms_std=0.0093
    control:
      note metrics: precision=0.857 recall=1.000 f1=0.923 matched=18/18 pred=21
      strict onset f1: 10ms=0.821 20ms=0.923 30ms=0.923
      timing metrics: offset_f1=0.154 rhythm_precision=0.167 note_value_acc=0.000 note_value_n=18 avg_beat_error=1.594
      duplicate metrics: duplicates=0 per_100_notes=0.00
      boundary metrics: gt=1 matched=1 missed=0 miss_rate=0.000
      latency: avg_chunk_ms=29.53 p95_chunk_ms=35.29 avg_rtf=0.049
      notation metrics: first_correct_ms=160.5 visible_p50_ms=281.1 visible_p95_ms=410.9 stabilize_p50_ms=1384.3 stabilize_p95_ms=3215.6 avg_revisions=1.60 matched=5 refined=5 snapshots=15
      algorithmic latency: first_correct_ms=131.0 visible_p50_ms=245.6 visible_p95_ms=379.7 stabilize_p50_ms=1353.1 stabilize_p95_ms=2779.7
      final display note metrics: precision=0.857 recall=1.000 f1=0.923 matched=18/18 pred=21
      final display strict onset f1: 10ms=0.821 20ms=0.923 30ms=0.923
      final display timing: offset_f1=0.154 rhythm_precision=0.167 note_value_acc=0.000 note_value_n=18 avg_beat_error=1.373
      final display structure: cluster_f1=0.667 onset_align_recall=1.000 avg_jaccard=0.852 exact=7/9 pred=12 over=1 under=1 pitch_conflicts=0 missed_gt=0
      threshold profiles: hit_rate=0.000 thresholds=[0.75] profiles={'fixed_baseline': 10}
    treatment:
      note metrics: precision=0.857 recall=1.000 f1=0.923 matched=18/18 pred=21
      strict onset f1: 10ms=0.821 20ms=0.923 30ms=0.923
      timing metrics: offset_f1=0.154 rhythm_precision=0.167 note_value_acc=0.000 note_value_n=18 avg_beat_error=1.594
      duplicate metrics: duplicates=0 per_100_notes=0.00
      boundary metrics: gt=1 matched=1 missed=0 miss_rate=0.000
      latency: avg_chunk_ms=28.73 p95_chunk_ms=37.05 avg_rtf=0.048
      notation metrics: first_correct_ms=150.3 visible_p50_ms=279.5 visible_p95_ms=404.1 stabilize_p50_ms=1377.5 stabilize_p95_ms=3214.2 avg_revisions=1.60 matched=5 refined=5 snapshots=15
      algorithmic latency: first_correct_ms=131.0 visible_p50_ms=245.6 visible_p95_ms=379.7 stabilize_p50_ms=1353.1 stabilize_p95_ms=2779.7
      final display note metrics: precision=0.857 recall=1.000 f1=0.923 matched=18/18 pred=21
      final display strict onset f1: 10ms=0.821 20ms=0.923 30ms=0.923
      final display timing: offset_f1=0.154 rhythm_precision=0.167 note_value_acc=0.000 note_value_n=18 avg_beat_error=1.373
      final display structure: cluster_f1=0.667 onset_align_recall=1.000 avg_jaccard=0.852 exact=7/9 pred=12 over=1 under=1 pitch_conflicts=0 missed_gt=0
      threshold profiles: hit_rate=1.000 thresholds=[0.71] profiles={'soft_sparse_recall': 10}
    delta treatment-control: precision=+0.000 recall=+0.000 f1=+0.000 offset_f1=+0.000 note_value_acc=+0.000 dup_per_100=+0.00 boundary_miss_rate=+0.000 p95_chunk_ms=+1.76 f1_10ms=+0.000 f1_20ms=+0.000 f1_30ms=+0.000 visible_p50_ms=-1.6 stabilize_p50_ms=-6.8 algo_visible_p50_ms=+0.0 algo_stabilize_p50_ms=+0.0 avg_revisions=+0.00 display_note_f1=+0.000 display_offset_f1=+0.000 display_cluster_f1=+0.000 display_cluster_jaccard=+0.000
    failure buckets: ['high_revision_slow_stabilization', 'note_value_offset_failure']
[TIMING] EnhancedMel.transcribe: audio_to_gpu=1.5ms, features=1.1ms, model=11.0ms, decode=1.1ms | TOTAL=14.7ms for 600ms audio (RTF=0.02x)
[TIMING] stream_chunk[experiment-b2919337bd6c40cf917cd6c1122d7a4d](live_neural): decode=0.2ms, inference=18.2ms, second_pass=0.0ms, contention=0.0ms, TOTAL=18.4ms | audio=600ms, RTF=0.03x | model=enhanced_mel, neural_total=17.7ms, model_inference=11.0ms
[TIMING] EnhancedMel.transcribe: audio_to_gpu=0.2ms, features=0.4ms, model=16.0ms, decode=2.7ms | TOTAL=19.3ms for 1200ms audio (RTF=0.02x)
[TIMING] stream_chunk[experiment-b2919337bd6c40cf917cd6c1122d7a4d](live_neural): decode=0.2ms, inference=21.2ms, second_pass=0.0ms, contention=0.0ms, TOTAL=21.6ms | audio=600ms, RTF=0.04x | model=enhanced_mel, neural_total=20.7ms, model_inference=16.0ms
[TIMING] EnhancedMel.transcribe: audio_to_gpu=0.1ms, features=0.4ms, model=19.5ms, decode=8.4ms | TOTAL=28.4ms for 1800ms audio (RTF=0.02x)
[TIMING] stream_chunk[experiment-b2919337bd6c40cf917cd6c1122d7a4d](live_neural): decode=0.2ms, inference=30.5ms, second_pass=0.0ms, contention=0.0ms, TOTAL=30.7ms | audio=600ms, RTF=0.05x | model=enhanced_mel, neural_total=30.0ms, model_inference=19.5ms
[TIMING] EnhancedMel.transcribe: audio_to_gpu=0.3ms, features=0.6ms, model=19.1ms, decode=5.5ms | TOTAL=25.5ms for 2400ms audio (RTF=0.01x)
[TIMING] stream_chunk[experiment-b2919337bd6c40cf917cd6c1122d7a4d](live_neural): decode=0.3ms, inference=27.8ms, second_pass=0.0ms, contention=0.0ms, TOTAL=28.3ms | audio=600ms, RTF=0.05x | model=enhanced_mel, neural_total=27.4ms, model_inference=19.1ms
[TIMING] EnhancedMel.transcribe: audio_to_gpu=0.4ms, features=0.4ms, model=14.1ms, decode=6.8ms | TOTAL=21.8ms for 3000ms audio (RTF=0.01x)
[TIMING] stream_chunk[experiment-b2919337bd6c40cf917cd6c1122d7a4d](live_neural): decode=0.2ms, inference=24.5ms, second_pass=0.0ms, contention=0.0ms, TOTAL=24.9ms | audio=600ms, RTF=0.04x | model=enhanced_mel, neural_total=24.1ms, model_inference=14.1ms
[TIMING] EnhancedMel.transcribe: audio_to_gpu=0.2ms, features=4.3ms, model=16.8ms, decode=6.9ms | TOTAL=28.1ms for 3000ms audio (RTF=0.01x)
[TIMING] stream_chunk[experiment-b2919337bd6c40cf917cd6c1122d7a4d](live_neural): decode=0.1ms, inference=32.5ms, second_pass=0.0ms, contention=0.0ms, TOTAL=32.7ms | audio=600ms, RTF=0.05x | model=enhanced_mel, neural_total=32.0ms, model_inference=16.8ms
[TIMING] EnhancedMel.transcribe: audio_to_gpu=0.5ms, features=0.8ms, model=22.1ms, decode=10.6ms | TOTAL=34.1ms for 3000ms audio (RTF=0.01x)
[TIMING] stream_chunk[experiment-b2919337bd6c40cf917cd6c1122d7a4d](live_neural): decode=0.2ms, inference=38.5ms, second_pass=0.0ms, contention=0.0ms, TOTAL=38.8ms | audio=600ms, RTF=0.06x | model=enhanced_mel, neural_total=38.0ms, model_inference=22.1ms
[TIMING] EnhancedMel.transcribe: audio_to_gpu=0.3ms, features=0.7ms, model=18.5ms, decode=8.4ms | TOTAL=27.8ms for 3000ms audio (RTF=0.01x)
[TIMING] stream_chunk[experiment-b2919337bd6c40cf917cd6c1122d7a4d](live_neural): decode=0.2ms, inference=33.4ms, second_pass=0.0ms, contention=0.0ms, TOTAL=33.7ms | audio=600ms, RTF=0.06x | model=enhanced_mel, neural_total=32.8ms, model_inference=18.5ms
[TIMING] EnhancedMel.transcribe: audio_to_gpu=0.4ms, features=0.6ms, model=14.7ms, decode=7.0ms | TOTAL=22.8ms for 3000ms audio (RTF=0.01x)
[TIMING] stream_chunk[experiment-b2919337bd6c40cf917cd6c1122d7a4d](live_neural): decode=0.2ms, inference=27.4ms, second_pass=0.0ms, contention=0.0ms, TOTAL=27.7ms | audio=600ms, RTF=0.05x | model=enhanced_mel, neural_total=26.8ms, model_inference=14.7ms
[TIMING] EnhancedMel.transcribe: audio_to_gpu=0.2ms, features=0.6ms, model=24.7ms, decode=9.4ms | TOTAL=34.9ms for 3000ms audio (RTF=0.01x)
[TIMING] stream_chunk[experiment-b2919337bd6c40cf917cd6c1122d7a4d](live_neural): decode=0.2ms, inference=40.6ms, second_pass=0.0ms, contention=0.0ms, TOTAL=40.9ms | audio=600ms, RTF=0.07x | model=enhanced_mel, neural_total=40.2ms, model_inference=24.7ms
[TIMING] EnhancedMel.transcribe: audio_to_gpu=0.5ms, features=0.8ms, model=17.2ms, decode=1.5ms | TOTAL=20.0ms for 600ms audio (RTF=0.03x)
[TIMING] stream_chunk[experiment-ed32d49c8f0e482dac829a123760270f](live_neural): decode=0.2ms, inference=23.4ms, second_pass=0.0ms, contention=0.0ms, TOTAL=23.7ms | audio=600ms, RTF=0.04x | model=enhanced_mel, neural_total=23.0ms, model_inference=17.2ms
[TIMING] EnhancedMel.transcribe: audio_to_gpu=0.2ms, features=0.5ms, model=12.1ms, decode=4.8ms | TOTAL=17.6ms for 1200ms audio (RTF=0.01x)
[TIMING] stream_chunk[experiment-ed32d49c8f0e482dac829a123760270f](live_neural): decode=0.2ms, inference=21.0ms, second_pass=0.0ms, contention=0.0ms, TOTAL=21.2ms | audio=600ms, RTF=0.04x | model=enhanced_mel, neural_total=20.6ms, model_inference=12.1ms
[TIMING] EnhancedMel.transcribe: audio_to_gpu=0.2ms, features=0.4ms, model=15.9ms, decode=4.2ms | TOTAL=20.7ms for 1800ms audio (RTF=0.01x)
[TIMING] stream_chunk[experiment-ed32d49c8f0e482dac829a123760270f](live_neural): decode=0.2ms, inference=24.3ms, second_pass=0.0ms, contention=0.0ms, TOTAL=24.5ms | audio=600ms, RTF=0.04x | model=enhanced_mel, neural_total=23.8ms, model_inference=15.9ms
[TIMING] EnhancedMel.transcribe: audio_to_gpu=0.2ms, features=0.5ms, model=13.8ms, decode=9.4ms | TOTAL=23.8ms for 2400ms audio (RTF=0.01x)
[TIMING] stream_chunk[experiment-ed32d49c8f0e482dac829a123760270f](live_neural): decode=0.1ms, inference=28.1ms, second_pass=0.0ms, contention=0.0ms, TOTAL=28.4ms | audio=600ms, RTF=0.05x | model=enhanced_mel, neural_total=27.6ms, model_inference=13.8ms
[TIMING] EnhancedMel.transcribe: audio_to_gpu=0.3ms, features=0.5ms, model=16.6ms, decode=7.4ms | TOTAL=24.8ms for 3000ms audio (RTF=0.01x)
[TIMING] stream_chunk[experiment-ed32d49c8f0e482dac829a123760270f](live_neural): decode=0.3ms, inference=29.7ms, second_pass=0.0ms, contention=0.0ms, TOTAL=30.1ms | audio=600ms, RTF=0.05x | model=enhanced_mel, neural_total=29.2ms, model_inference=16.6ms
[TIMING] EnhancedMel.transcribe: audio_to_gpu=0.2ms, features=0.8ms, model=18.5ms, decode=7.1ms | TOTAL=26.6ms for 3000ms audio (RTF=0.01x)
[TIMING] stream_chunk[experiment-ed32d49c8f0e482dac829a123760270f](live_neural): decode=0.2ms, inference=30.3ms, second_pass=0.0ms, contention=0.0ms, TOTAL=30.6ms | audio=600ms, RTF=0.05x | model=enhanced_mel, neural_total=29.7ms, model_inference=18.5ms
[TIMING] EnhancedMel.transcribe: audio_to_gpu=0.1ms, features=0.5ms, model=14.4ms, decode=8.6ms | TOTAL=23.6ms for 3000ms audio (RTF=0.01x)
[TIMING] stream_chunk[experiment-ed32d49c8f0e482dac829a123760270f](live_neural): decode=0.2ms, inference=27.4ms, second_pass=0.0ms, contention=0.0ms, TOTAL=27.8ms | audio=600ms, RTF=0.05x | model=enhanced_mel, neural_total=26.9ms, model_inference=14.4ms
[TIMING] EnhancedMel.transcribe: audio_to_gpu=0.3ms, features=4.5ms, model=22.5ms, decode=10.2ms | TOTAL=37.5ms for 3000ms audio (RTF=0.01x)
[TIMING] stream_chunk[experiment-ed32d49c8f0e482dac829a123760270f](live_neural): decode=0.2ms, inference=42.7ms, second_pass=0.0ms, contention=0.0ms, TOTAL=43.0ms | audio=600ms, RTF=0.07x | model=enhanced_mel, neural_total=42.3ms, model_inference=22.5ms
[TIMING] EnhancedMel.transcribe: audio_to_gpu=0.3ms, features=0.8ms, model=20.1ms, decode=5.3ms | TOTAL=26.5ms for 3000ms audio (RTF=0.01x)
[TIMING] stream_chunk[experiment-ed32d49c8f0e482dac829a123760270f](live_neural): decode=0.2ms, inference=30.4ms, second_pass=0.0ms, contention=0.0ms, TOTAL=30.7ms | audio=600ms, RTF=0.05x | model=enhanced_mel, neural_total=30.0ms, model_inference=20.1ms
[TIMING] EnhancedMel.transcribe: audio_to_gpu=0.3ms, features=0.6ms, model=22.0ms, decode=8.9ms | TOTAL=31.7ms for 3000ms audio (RTF=0.01x)
[TIMING] stream_chunk[experiment-ed32d49c8f0e482dac829a123760270f](live_neural): decode=0.1ms, inference=35.2ms, second_pass=0.0ms, contention=0.0ms, TOTAL=35.5ms | audio=600ms, RTF=0.06x | model=enhanced_mel, neural_total=34.8ms, model_inference=22.0ms

[CLIP_014] Sonata No. 9
  excerpt: start=6.00s end=12.00s duration=6.00s gt_notes=18 rms=0.0208 peak=0.1336 crest=6.421 rms_std=0.0097
    control:
      note metrics: precision=0.818 recall=1.000 f1=0.900 matched=18/18 pred=22
      strict onset f1: 10ms=0.650 20ms=0.900 30ms=0.900
      timing metrics: offset_f1=0.250 rhythm_precision=0.278 note_value_acc=0.000 note_value_n=18 avg_beat_error=1.333
      duplicate metrics: duplicates=0 per_100_notes=0.00
      boundary metrics: gt=14 matched=14 missed=0 miss_rate=0.000
      latency: avg_chunk_ms=29.78 p95_chunk_ms=40.00 avg_rtf=0.050
      notation metrics: first_correct_ms=512.3 visible_p50_ms=565.6 visible_p95_ms=614.6 stabilize_p50_ms=2991.0 stabilize_p95_ms=3624.0 avg_revisions=3.00 matched=8 refined=8 snapshots=16
      algorithmic latency: first_correct_ms=471.4 visible_p50_ms=529.3 visible_p95_ms=584.4 stabilize_p50_ms=2031.9 stabilize_p95_ms=3584.3
      final display note metrics: precision=0.818 recall=1.000 f1=0.900 matched=18/18 pred=22
      final display strict onset f1: 10ms=0.650 20ms=0.900 30ms=0.900
      final display timing: offset_f1=0.250 rhythm_precision=0.278 note_value_acc=0.000 note_value_n=18 avg_beat_error=1.160
      final display structure: cluster_f1=0.526 onset_align_recall=1.000 avg_jaccard=0.815 exact=5/9 pred=10 over=3 under=0 pitch_conflicts=1 missed_gt=0
      threshold profiles: hit_rate=0.000 thresholds=[0.75] profiles={'fixed_baseline': 10}
    treatment:
      note metrics: precision=0.783 recall=1.000 f1=0.878 matched=18/18 pred=23
      strict onset f1: 10ms=0.634 20ms=0.878 30ms=0.878
      timing metrics: offset_f1=0.244 rhythm_precision=0.278 note_value_acc=0.000 note_value_n=18 avg_beat_error=1.333
      duplicate metrics: duplicates=0 per_100_notes=0.00
      boundary metrics: gt=14 matched=14 missed=0 miss_rate=0.000
      latency: avg_chunk_ms=29.56 p95_chunk_ms=39.63 avg_rtf=0.049
      notation metrics: first_correct_ms=506.9 visible_p50_ms=553.3 visible_p95_ms=600.3 stabilize_p50_ms=2971.6 stabilize_p95_ms=3425.4 avg_revisions=3.14 matched=7 refined=7 snapshots=15
      algorithmic latency: first_correct_ms=471.4 visible_p50_ms=525.5 visible_p95_ms=561.6 stabilize_p50_ms=1761.7 stabilize_p95_ms=3190.7
      final display note metrics: precision=0.773 recall=0.944 f1=0.850 matched=17/18 pred=22
      final display strict onset f1: 10ms=0.650 20ms=0.850 30ms=0.850
      final display timing: offset_f1=0.250 rhythm_precision=0.294 note_value_acc=0.000 note_value_n=17 avg_beat_error=1.147
      final display structure: cluster_f1=0.421 onset_align_recall=1.000 avg_jaccard=0.741 exact=4/9 pred=10 over=3 under=0 pitch_conflicts=2 missed_gt=0
      threshold profiles: hit_rate=0.600 thresholds=[0.71, 0.75] profiles={'baseline_nominal': 4, 'soft_sparse_recall': 6}
    delta treatment-control: precision=-0.036 recall=+0.000 f1=-0.022 offset_f1=-0.006 note_value_acc=+0.000 dup_per_100=+0.00 boundary_miss_rate=+0.000 p95_chunk_ms=-0.37 f1_10ms=-0.016 f1_20ms=-0.022 f1_30ms=-0.022 visible_p50_ms=-12.3 stabilize_p50_ms=-19.4 algo_visible_p50_ms=-3.8 algo_stabilize_p50_ms=-270.2 avg_revisions=+0.14 display_note_f1=-0.050 display_offset_f1=+0.000 display_cluster_f1=-0.105 display_cluster_jaccard=-0.074
    failure buckets: ['high_revision_slow_stabilization', 'note_value_offset_failure']
[TIMING] EnhancedMel.transcribe: audio_to_gpu=0.4ms, features=0.8ms, model=19.1ms, decode=2.1ms | TOTAL=22.4ms for 600ms audio (RTF=0.04x)
[TIMING] stream_chunk[experiment-c6ce5db858b2487ab358977d303221ba](live_neural): decode=0.3ms, inference=26.3ms, second_pass=0.0ms, contention=0.0ms, TOTAL=26.7ms | audio=600ms, RTF=0.04x | model=enhanced_mel, neural_total=25.6ms, model_inference=19.1ms
[TIMING] EnhancedMel.transcribe: audio_to_gpu=0.1ms, features=0.4ms, model=19.9ms, decode=5.8ms | TOTAL=26.2ms for 1200ms audio (RTF=0.02x)
[TIMING] stream_chunk[experiment-c6ce5db858b2487ab358977d303221ba](live_neural): decode=0.3ms, inference=29.1ms, second_pass=0.0ms, contention=0.0ms, TOTAL=29.5ms | audio=600ms, RTF=0.05x | model=enhanced_mel, neural_total=28.6ms, model_inference=19.9ms
[TIMING] EnhancedMel.transcribe: audio_to_gpu=0.4ms, features=0.5ms, model=13.2ms, decode=8.7ms | TOTAL=22.8ms for 1800ms audio (RTF=0.01x)
[TIMING] stream_chunk[experiment-c6ce5db858b2487ab358977d303221ba](live_neural): decode=0.2ms, inference=26.3ms, second_pass=0.0ms, contention=0.0ms, TOTAL=26.8ms | audio=600ms, RTF=0.04x | model=enhanced_mel, neural_total=25.7ms, model_inference=13.2ms
[TIMING] EnhancedMel.transcribe: audio_to_gpu=0.5ms, features=0.8ms, model=18.9ms, decode=6.8ms | TOTAL=26.9ms for 2400ms audio (RTF=0.01x)
[TIMING] stream_chunk[experiment-c6ce5db858b2487ab358977d303221ba](live_neural): decode=0.2ms, inference=31.3ms, second_pass=0.0ms, contention=0.0ms, TOTAL=32.0ms | audio=600ms, RTF=0.05x | model=enhanced_mel, neural_total=30.8ms, model_inference=18.9ms
[TIMING] EnhancedMel.transcribe: audio_to_gpu=0.3ms, features=0.5ms, model=18.1ms, decode=12.1ms | TOTAL=31.0ms for 3000ms audio (RTF=0.01x)
[TIMING] stream_chunk[experiment-c6ce5db858b2487ab358977d303221ba](live_neural): decode=0.2ms, inference=34.7ms, second_pass=0.0ms, contention=0.0ms, TOTAL=35.2ms | audio=600ms, RTF=0.06x | model=enhanced_mel, neural_total=34.2ms, model_inference=18.1ms
[TIMING] EnhancedMel.transcribe: audio_to_gpu=0.4ms, features=0.7ms, model=19.2ms, decode=8.6ms | TOTAL=28.9ms for 3000ms audio (RTF=0.01x)
[TIMING] stream_chunk[experiment-c6ce5db858b2487ab358977d303221ba](live_neural): decode=0.3ms, inference=34.5ms, second_pass=0.0ms, contention=0.0ms, TOTAL=35.2ms | audio=600ms, RTF=0.06x | model=enhanced_mel, neural_total=33.9ms, model_inference=19.2ms
[TIMING] EnhancedMel.transcribe: audio_to_gpu=0.3ms, features=0.8ms, model=19.1ms, decode=8.3ms | TOTAL=28.5ms for 3000ms audio (RTF=0.01x)
[TIMING] stream_chunk[experiment-c6ce5db858b2487ab358977d303221ba](live_neural): decode=0.2ms, inference=33.9ms, second_pass=0.0ms, contention=0.0ms, TOTAL=34.5ms | audio=600ms, RTF=0.06x | model=enhanced_mel, neural_total=33.4ms, model_inference=19.1ms
[TIMING] EnhancedMel.transcribe: audio_to_gpu=0.5ms, features=1.0ms, model=13.6ms, decode=13.4ms | TOTAL=28.4ms for 3000ms audio (RTF=0.01x)
[TIMING] stream_chunk[experiment-c6ce5db858b2487ab358977d303221ba](live_neural): decode=0.2ms, inference=32.4ms, second_pass=0.0ms, contention=0.0ms, TOTAL=32.8ms | audio=600ms, RTF=0.05x | model=enhanced_mel, neural_total=31.7ms, model_inference=13.6ms
[TIMING] EnhancedMel.transcribe: audio_to_gpu=0.3ms, features=0.6ms, model=20.3ms, decode=9.3ms | TOTAL=30.5ms for 3000ms audio (RTF=0.01x)
[TIMING] stream_chunk[experiment-c6ce5db858b2487ab358977d303221ba](live_neural): decode=0.2ms, inference=34.6ms, second_pass=0.0ms, contention=0.0ms, TOTAL=35.2ms | audio=600ms, RTF=0.06x | model=enhanced_mel, neural_total=34.1ms, model_inference=20.3ms
[TIMING] EnhancedMel.transcribe: audio_to_gpu=0.3ms, features=0.7ms, model=15.5ms, decode=9.7ms | TOTAL=26.2ms for 3000ms audio (RTF=0.01x)
[TIMING] stream_chunk[experiment-c6ce5db858b2487ab358977d303221ba](live_neural): decode=0.2ms, inference=30.5ms, second_pass=0.0ms, contention=0.0ms, TOTAL=31.1ms | audio=600ms, RTF=0.05x | model=enhanced_mel, neural_total=29.9ms, model_inference=15.5ms
[TIMING] EnhancedMel.transcribe: audio_to_gpu=1.3ms, features=0.9ms, model=15.4ms, decode=2.2ms | TOTAL=19.7ms for 600ms audio (RTF=0.03x)
[TIMING] stream_chunk[experiment-139dfca8b176428a84ea050b26dd7178](live_neural): decode=0.2ms, inference=22.8ms, second_pass=0.0ms, contention=0.0ms, TOTAL=23.1ms | audio=600ms, RTF=0.04x | model=enhanced_mel, neural_total=22.1ms, model_inference=15.4ms
[TIMING] EnhancedMel.transcribe: audio_to_gpu=0.1ms, features=0.4ms, model=13.7ms, decode=3.6ms | TOTAL=17.9ms for 1200ms audio (RTF=0.01x)
[TIMING] stream_chunk[experiment-139dfca8b176428a84ea050b26dd7178](live_neural): decode=0.2ms, inference=20.6ms, second_pass=0.0ms, contention=0.0ms, TOTAL=20.9ms | audio=600ms, RTF=0.03x | model=enhanced_mel, neural_total=20.2ms, model_inference=13.7ms
[TIMING] EnhancedMel.transcribe: audio_to_gpu=0.3ms, features=0.4ms, model=17.3ms, decode=5.9ms | TOTAL=23.9ms for 1800ms audio (RTF=0.01x)
[TIMING] stream_chunk[experiment-139dfca8b176428a84ea050b26dd7178](live_neural): decode=0.2ms, inference=27.0ms, second_pass=0.0ms, contention=0.0ms, TOTAL=27.3ms | audio=600ms, RTF=0.05x | model=enhanced_mel, neural_total=26.6ms, model_inference=17.3ms
[TIMING] EnhancedMel.transcribe: audio_to_gpu=0.3ms, features=0.7ms, model=12.8ms, decode=12.1ms | TOTAL=25.9ms for 2400ms audio (RTF=0.01x)
[TIMING] stream_chunk[experiment-139dfca8b176428a84ea050b26dd7178](live_neural): decode=0.1ms, inference=30.6ms, second_pass=0.0ms, contention=0.0ms, TOTAL=31.0ms | audio=600ms, RTF=0.05x | model=enhanced_mel, neural_total=30.1ms, model_inference=12.8ms
[TIMING] EnhancedMel.transcribe: audio_to_gpu=0.4ms, features=0.7ms, model=16.6ms, decode=7.3ms | TOTAL=24.9ms for 3000ms audio (RTF=0.01x)
[TIMING] stream_chunk[experiment-139dfca8b176428a84ea050b26dd7178](live_neural): decode=0.2ms, inference=30.8ms, second_pass=0.0ms, contention=0.0ms, TOTAL=31.3ms | audio=600ms, RTF=0.05x | model=enhanced_mel, neural_total=30.1ms, model_inference=16.6ms
[TIMING] EnhancedMel.transcribe: audio_to_gpu=0.2ms, features=0.5ms, model=17.4ms, decode=6.6ms | TOTAL=24.8ms for 3000ms audio (RTF=0.01x)
[TIMING] stream_chunk[experiment-139dfca8b176428a84ea050b26dd7178](live_neural): decode=0.1ms, inference=27.7ms, second_pass=0.0ms, contention=0.0ms, TOTAL=28.3ms | audio=600ms, RTF=0.05x | model=enhanced_mel, neural_total=27.3ms, model_inference=17.4ms
[TIMING] EnhancedMel.transcribe: audio_to_gpu=0.3ms, features=0.8ms, model=22.8ms, decode=8.8ms | TOTAL=32.6ms for 3000ms audio (RTF=0.01x)
[TIMING] stream_chunk[experiment-139dfca8b176428a84ea050b26dd7178](live_neural): decode=0.3ms, inference=38.2ms, second_pass=0.0ms, contention=0.0ms, TOTAL=38.7ms | audio=600ms, RTF=0.06x | model=enhanced_mel, neural_total=37.7ms, model_inference=22.8ms
[TIMING] EnhancedMel.transcribe: audio_to_gpu=0.4ms, features=0.8ms, model=21.6ms, decode=9.3ms | TOTAL=32.1ms for 3000ms audio (RTF=0.01x)
[TIMING] stream_chunk[experiment-139dfca8b176428a84ea050b26dd7178](live_neural): decode=0.2ms, inference=36.4ms, second_pass=0.0ms, contention=0.0ms, TOTAL=37.1ms | audio=600ms, RTF=0.06x | model=enhanced_mel, neural_total=35.6ms, model_inference=21.6ms
[TIMING] EnhancedMel.transcribe: audio_to_gpu=0.3ms, features=0.8ms, model=22.3ms, decode=8.7ms | TOTAL=32.1ms for 3000ms audio (RTF=0.01x)
[TIMING] stream_chunk[experiment-139dfca8b176428a84ea050b26dd7178](live_neural): decode=0.3ms, inference=37.8ms, second_pass=0.0ms, contention=0.0ms, TOTAL=38.5ms | audio=600ms, RTF=0.06x | model=enhanced_mel, neural_total=37.2ms, model_inference=22.3ms
[TIMING] EnhancedMel.transcribe: audio_to_gpu=0.6ms, features=0.8ms, model=21.1ms, decode=7.6ms | TOTAL=30.1ms for 3000ms audio (RTF=0.01x)
[TIMING] stream_chunk[experiment-139dfca8b176428a84ea050b26dd7178](live_neural): decode=0.2ms, inference=35.5ms, second_pass=0.0ms, contention=0.0ms, TOTAL=36.1ms | audio=600ms, RTF=0.06x | model=enhanced_mel, neural_total=35.0ms, model_inference=21.1ms

[CLIP_015] Concert Etude No. 2 "Gnomenreigen"
  excerpt: start=21.00s end=27.00s duration=6.00s gt_notes=182 rms=0.0327 peak=0.2179 crest=6.658 rms_std=0.0112
    control:
      note metrics: precision=0.976 recall=0.907 f1=0.940 matched=165/182 pred=169
      strict onset f1: 10ms=0.718 20ms=0.923 30ms=0.940
      timing metrics: offset_f1=0.934 rhythm_precision=0.994 note_value_acc=0.945 note_value_n=165 avg_beat_error=0.006
      duplicate metrics: duplicates=4 per_100_notes=2.37
      boundary metrics: gt=54 matched=50 missed=4 miss_rate=0.074
      latency: avg_chunk_ms=31.89 p95_chunk_ms=35.22 avg_rtf=0.053
      notation metrics: first_correct_ms=59.4 visible_p50_ms=324.1 visible_p95_ms=609.4 stabilize_p50_ms=1559.9 stabilize_p95_ms=2087.2 avg_revisions=1.59 matched=66 refined=66 snapshots=17
      algorithmic latency: first_correct_ms=26.6 visible_p50_ms=294.7 visible_p95_ms=576.1 stabilize_p50_ms=1359.4 stabilize_p95_ms=2053.8
      final display note metrics: precision=1.000 recall=0.907 f1=0.951 matched=165/182 pred=165
      final display strict onset f1: 10ms=0.720 20ms=0.934 30ms=0.951
      final display timing: offset_f1=0.945 rhythm_precision=0.994 note_value_acc=0.533 note_value_n=165 avg_beat_error=0.052
      final display structure: cluster_f1=0.403 onset_align_recall=0.846 avg_jaccard=0.779 exact=29/78 pred=66 over=18 under=17 pitch_conflicts=2 missed_gt=12
      threshold profiles: hit_rate=0.000 thresholds=[0.75] profiles={'fixed_baseline': 10}
    treatment:
      note metrics: precision=0.971 recall=0.907 f1=0.938 matched=165/182 pred=170
      strict onset f1: 10ms=0.716 20ms=0.920 30ms=0.938
      timing metrics: offset_f1=0.932 rhythm_precision=0.994 note_value_acc=0.945 note_value_n=165 avg_beat_error=0.006
      duplicate metrics: duplicates=4 per_100_notes=2.35
      boundary metrics: gt=54 matched=50 missed=4 miss_rate=0.074
      latency: avg_chunk_ms=31.24 p95_chunk_ms=38.65 avg_rtf=0.052
      notation metrics: first_correct_ms=63.6 visible_p50_ms=325.1 visible_p95_ms=609.0 stabilize_p50_ms=1575.2 stabilize_p95_ms=2052.4 avg_revisions=1.58 matched=65 refined=65 snapshots=17
      algorithmic latency: first_correct_ms=26.6 visible_p50_ms=289.1 visible_p95_ms=575.3 stabilize_p50_ms=1362.2 stabilize_p95_ms=2019.6
      final display note metrics: precision=0.994 recall=0.901 f1=0.945 matched=164/182 pred=165
      final display strict onset f1: 10ms=0.715 20ms=0.928 30ms=0.945
      final display timing: offset_f1=0.939 rhythm_precision=0.994 note_value_acc=0.488 note_value_n=164 avg_beat_error=0.059
      final display structure: cluster_f1=0.403 onset_align_recall=0.846 avg_jaccard=0.773 exact=29/78 pred=66 over=18 under=17 pitch_conflicts=2 missed_gt=12
      threshold profiles: hit_rate=0.100 thresholds=[0.71, 0.75] profiles={'baseline_nominal': 9, 'soft_sparse_recall': 1}
    delta treatment-control: precision=-0.006 recall=+0.000 f1=-0.003 offset_f1=-0.003 note_value_acc=+0.000 dup_per_100=-0.01 boundary_miss_rate=+0.000 p95_chunk_ms=+3.43 f1_10ms=-0.002 f1_20ms=-0.003 f1_30ms=-0.003 visible_p50_ms=+1.0 stabilize_p50_ms=+15.4 algo_visible_p50_ms=-5.6 algo_stabilize_p50_ms=+2.9 avg_revisions=-0.01 display_note_f1=-0.006 display_offset_f1=-0.006 display_cluster_f1=+0.000 display_cluster_jaccard=-0.005
    failure buckets: ['boundary_miss_failure', 'high_revision_slow_stabilization']
      boundary diagnostics: missed=4 by_arm={'control': 4, 'treatment': 4} tags={'control_boundary_miss': 4, 'no_control_coarse_candidate': 4}
        miss: pitch=64 onset=0.512s boundary_delta_ms=-88.3 control_coarse=False treatment_coarse=False retro=n/a
        miss: pitch=84 onset=1.797s boundary_delta_ms=-3.1 control_coarse=False treatment_coarse=False retro=n/a
        miss: pitch=83 onset=1.801s boundary_delta_ms=+0.8 control_coarse=False treatment_coarse=False retro=n/a
        ... 1 more missed boundary notes in diagnostics JSON
[TIMING] EnhancedMel.transcribe: audio_to_gpu=2.1ms, features=0.7ms, model=16.3ms, decode=3.3ms | TOTAL=22.4ms for 600ms audio (RTF=0.04x)
[TIMING] stream_chunk[experiment-e7fcbc7c1a5242dfa3313f65dd1eb8c1](live_neural): decode=0.3ms, inference=27.3ms, second_pass=0.0ms, contention=0.0ms, TOTAL=27.7ms | audio=600ms, RTF=0.05x | model=enhanced_mel, neural_total=25.6ms, model_inference=16.3ms
[TIMING] EnhancedMel.transcribe: audio_to_gpu=0.3ms, features=0.6ms, model=15.1ms, decode=3.8ms | TOTAL=19.9ms for 1200ms audio (RTF=0.02x)
[TIMING] stream_chunk[experiment-e7fcbc7c1a5242dfa3313f65dd1eb8c1](live_neural): decode=0.2ms, inference=24.3ms, second_pass=0.0ms, contention=0.0ms, TOTAL=24.7ms | audio=600ms, RTF=0.04x | model=enhanced_mel, neural_total=23.7ms, model_inference=15.1ms
[TIMING] EnhancedMel.transcribe: audio_to_gpu=0.1ms, features=4.2ms, model=13.6ms, decode=5.3ms | TOTAL=23.2ms for 1800ms audio (RTF=0.01x)
[TIMING] stream_chunk[experiment-e7fcbc7c1a5242dfa3313f65dd1eb8c1](live_neural): decode=0.3ms, inference=26.7ms, second_pass=0.0ms, contention=0.0ms, TOTAL=27.3ms | audio=600ms, RTF=0.05x | model=enhanced_mel, neural_total=26.2ms, model_inference=13.6ms
[TIMING] EnhancedMel.transcribe: audio_to_gpu=0.3ms, features=0.5ms, model=13.3ms, decode=4.9ms | TOTAL=19.0ms for 2400ms audio (RTF=0.01x)
[TIMING] stream_chunk[experiment-e7fcbc7c1a5242dfa3313f65dd1eb8c1](live_neural): decode=0.6ms, inference=23.5ms, second_pass=0.0ms, contention=0.0ms, TOTAL=24.4ms | audio=600ms, RTF=0.04x | model=enhanced_mel, neural_total=23.0ms, model_inference=13.3ms
[TIMING] EnhancedMel.transcribe: audio_to_gpu=0.4ms, features=0.7ms, model=16.8ms, decode=12.5ms | TOTAL=30.4ms for 3000ms audio (RTF=0.01x)
[TIMING] stream_chunk[experiment-e7fcbc7c1a5242dfa3313f65dd1eb8c1](live_neural): decode=0.2ms, inference=34.4ms, second_pass=0.0ms, contention=0.0ms, TOTAL=35.0ms | audio=600ms, RTF=0.06x | model=enhanced_mel, neural_total=33.9ms, model_inference=16.8ms
[TIMING] EnhancedMel.transcribe: audio_to_gpu=0.3ms, features=0.9ms, model=17.6ms, decode=14.9ms | TOTAL=33.7ms for 3000ms audio (RTF=0.01x)
[TIMING] stream_chunk[experiment-e7fcbc7c1a5242dfa3313f65dd1eb8c1](live_neural): decode=0.2ms, inference=38.2ms, second_pass=0.0ms, contention=0.0ms, TOTAL=38.7ms | audio=600ms, RTF=0.06x | model=enhanced_mel, neural_total=37.5ms, model_inference=17.6ms
[TIMING] EnhancedMel.transcribe: audio_to_gpu=0.3ms, features=0.7ms, model=15.8ms, decode=8.6ms | TOTAL=25.4ms for 3000ms audio (RTF=0.01x)
[TIMING] stream_chunk[experiment-e7fcbc7c1a5242dfa3313f65dd1eb8c1](live_neural): decode=0.2ms, inference=30.2ms, second_pass=0.0ms, contention=0.0ms, TOTAL=30.7ms | audio=600ms, RTF=0.05x | model=enhanced_mel, neural_total=29.6ms, model_inference=15.8ms
[TIMING] EnhancedMel.transcribe: audio_to_gpu=0.3ms, features=0.6ms, model=18.9ms, decode=9.1ms | TOTAL=28.9ms for 3000ms audio (RTF=0.01x)
[TIMING] stream_chunk[experiment-e7fcbc7c1a5242dfa3313f65dd1eb8c1](live_neural): decode=0.2ms, inference=33.0ms, second_pass=0.0ms, contention=0.0ms, TOTAL=33.5ms | audio=600ms, RTF=0.06x | model=enhanced_mel, neural_total=32.4ms, model_inference=18.9ms
[TIMING] EnhancedMel.transcribe: audio_to_gpu=0.4ms, features=0.6ms, model=15.0ms, decode=8.3ms | TOTAL=24.3ms for 3000ms audio (RTF=0.01x)
[TIMING] stream_chunk[experiment-e7fcbc7c1a5242dfa3313f65dd1eb8c1](live_neural): decode=0.3ms, inference=29.4ms, second_pass=0.0ms, contention=0.0ms, TOTAL=30.1ms | audio=600ms, RTF=0.05x | model=enhanced_mel, neural_total=28.7ms, model_inference=15.0ms
[TIMING] EnhancedMel.transcribe: audio_to_gpu=0.3ms, features=0.6ms, model=21.0ms, decode=9.5ms | TOTAL=31.4ms for 3000ms audio (RTF=0.01x)
[TIMING] stream_chunk[experiment-e7fcbc7c1a5242dfa3313f65dd1eb8c1](live_neural): decode=0.2ms, inference=35.8ms, second_pass=0.0ms, contention=0.0ms, TOTAL=36.3ms | audio=600ms, RTF=0.06x | model=enhanced_mel, neural_total=35.1ms, model_inference=21.0ms
[TIMING] EnhancedMel.transcribe: audio_to_gpu=0.5ms, features=1.0ms, model=14.9ms, decode=3.0ms | TOTAL=19.4ms for 600ms audio (RTF=0.03x)
[TIMING] stream_chunk[experiment-b5d22b6a5c2c47ae95a711f35b0f3506](live_neural): decode=0.2ms, inference=23.2ms, second_pass=0.0ms, contention=0.0ms, TOTAL=23.5ms | audio=600ms, RTF=0.04x | model=enhanced_mel, neural_total=22.6ms, model_inference=14.9ms
[TIMING] EnhancedMel.transcribe: audio_to_gpu=0.1ms, features=0.4ms, model=13.9ms, decode=3.1ms | TOTAL=17.6ms for 1200ms audio (RTF=0.01x)
[TIMING] stream_chunk[experiment-b5d22b6a5c2c47ae95a711f35b0f3506](live_neural): decode=0.2ms, inference=20.4ms, second_pass=0.0ms, contention=0.0ms, TOTAL=20.7ms | audio=600ms, RTF=0.03x | model=enhanced_mel, neural_total=20.0ms, model_inference=13.9ms
[TIMING] EnhancedMel.transcribe: audio_to_gpu=0.2ms, features=0.5ms, model=21.2ms, decode=8.9ms | TOTAL=30.8ms for 1800ms audio (RTF=0.02x)
[TIMING] stream_chunk[experiment-b5d22b6a5c2c47ae95a711f35b0f3506](live_neural): decode=0.1ms, inference=34.3ms, second_pass=0.0ms, contention=0.0ms, TOTAL=34.6ms | audio=600ms, RTF=0.06x | model=enhanced_mel, neural_total=33.6ms, model_inference=21.2ms
[TIMING] EnhancedMel.transcribe: audio_to_gpu=0.2ms, features=0.5ms, model=14.9ms, decode=7.0ms | TOTAL=22.7ms for 2400ms audio (RTF=0.01x)
[TIMING] stream_chunk[experiment-b5d22b6a5c2c47ae95a711f35b0f3506](live_neural): decode=0.2ms, inference=26.9ms, second_pass=0.0ms, contention=0.0ms, TOTAL=27.4ms | audio=600ms, RTF=0.05x | model=enhanced_mel, neural_total=26.3ms, model_inference=14.9ms
[TIMING] EnhancedMel.transcribe: audio_to_gpu=0.4ms, features=0.6ms, model=14.8ms, decode=8.5ms | TOTAL=24.2ms for 3000ms audio (RTF=0.01x)
[TIMING] stream_chunk[experiment-b5d22b6a5c2c47ae95a711f35b0f3506](live_neural): decode=0.2ms, inference=29.7ms, second_pass=0.0ms, contention=0.0ms, TOTAL=30.3ms | audio=600ms, RTF=0.05x | model=enhanced_mel, neural_total=29.1ms, model_inference=14.8ms
[TIMING] EnhancedMel.transcribe: audio_to_gpu=0.3ms, features=0.6ms, model=17.3ms, decode=8.5ms | TOTAL=26.7ms for 3000ms audio (RTF=0.01x)
[TIMING] stream_chunk[experiment-b5d22b6a5c2c47ae95a711f35b0f3506](live_neural): decode=0.2ms, inference=31.3ms, second_pass=0.0ms, contention=0.0ms, TOTAL=31.8ms | audio=600ms, RTF=0.05x | model=enhanced_mel, neural_total=30.7ms, model_inference=17.3ms
[TIMING] EnhancedMel.transcribe: audio_to_gpu=0.3ms, features=0.6ms, model=19.0ms, decode=9.8ms | TOTAL=29.7ms for 3000ms audio (RTF=0.01x)
[TIMING] stream_chunk[experiment-b5d22b6a5c2c47ae95a711f35b0f3506](live_neural): decode=0.2ms, inference=33.7ms, second_pass=0.0ms, contention=0.0ms, TOTAL=34.2ms | audio=600ms, RTF=0.06x | model=enhanced_mel, neural_total=33.1ms, model_inference=19.0ms
[TIMING] EnhancedMel.transcribe: audio_to_gpu=0.3ms, features=0.7ms, model=16.5ms, decode=9.3ms | TOTAL=26.7ms for 3000ms audio (RTF=0.01x)
[TIMING] stream_chunk[experiment-b5d22b6a5c2c47ae95a711f35b0f3506](live_neural): decode=0.2ms, inference=31.2ms, second_pass=0.0ms, contention=0.0ms, TOTAL=31.7ms | audio=600ms, RTF=0.05x | model=enhanced_mel, neural_total=30.5ms, model_inference=16.5ms
[TIMING] EnhancedMel.transcribe: audio_to_gpu=0.3ms, features=0.6ms, model=15.6ms, decode=10.1ms | TOTAL=26.5ms for 3000ms audio (RTF=0.01x)
[TIMING] stream_chunk[experiment-b5d22b6a5c2c47ae95a711f35b0f3506](live_neural): decode=0.2ms, inference=30.9ms, second_pass=0.0ms, contention=0.0ms, TOTAL=31.3ms | audio=600ms, RTF=0.05x | model=enhanced_mel, neural_total=30.2ms, model_inference=15.6ms
[TIMING] EnhancedMel.transcribe: audio_to_gpu=0.4ms, features=0.6ms, model=20.3ms, decode=10.5ms | TOTAL=31.7ms for 3000ms audio (RTF=0.01x)
[TIMING] stream_chunk[experiment-b5d22b6a5c2c47ae95a711f35b0f3506](live_neural): decode=0.2ms, inference=36.8ms, second_pass=0.0ms, contention=0.0ms, TOTAL=37.2ms | audio=600ms, RTF=0.06x | model=enhanced_mel, neural_total=36.1ms, model_inference=20.3ms

[CLIP_016] Concert Etude "Gnomenreigen"
  excerpt: start=24.00s end=30.00s duration=6.00s gt_notes=169 rms=0.0769 peak=0.3682 crest=4.787 rms_std=0.0214
    control:
      note metrics: precision=0.966 recall=0.834 f1=0.895 matched=141/169 pred=146
      strict onset f1: 10ms=0.686 20ms=0.895 30ms=0.895
      timing metrics: offset_f1=0.794 rhythm_precision=0.887 note_value_acc=0.730 note_value_n=141 avg_beat_error=0.075
      duplicate metrics: duplicates=0 per_100_notes=0.00
      boundary metrics: gt=46 matched=41 missed=5 miss_rate=0.109
      latency: avg_chunk_ms=30.83 p95_chunk_ms=37.60 avg_rtf=0.051
      notation metrics: first_correct_ms=45.8 visible_p50_ms=346.2 visible_p95_ms=615.1 stabilize_p50_ms=647.9 stabilize_p95_ms=1914.7 avg_revisions=0.66 matched=50 refined=50 snapshots=20
      algorithmic latency: first_correct_ms=15.1 visible_p50_ms=313.3 visible_p95_ms=586.6 stabilize_p50_ms=616.8 stabilize_p95_ms=1424.2
      final display note metrics: precision=0.966 recall=0.834 f1=0.895 matched=141/169 pred=146
      final display strict onset f1: 10ms=0.686 20ms=0.895 30ms=0.895
      final display timing: offset_f1=0.794 rhythm_precision=0.887 note_value_acc=0.284 note_value_n=141 avg_beat_error=0.151
      final display structure: cluster_f1=0.604 onset_align_recall=0.878 avg_jaccard=0.850 exact=42/74 pred=65 over=7 under=14 pitch_conflicts=2 missed_gt=9
      threshold profiles: hit_rate=0.000 thresholds=[0.75] profiles={'fixed_baseline': 10}
    treatment:
      note metrics: precision=0.966 recall=0.834 f1=0.895 matched=141/169 pred=146
      strict onset f1: 10ms=0.686 20ms=0.895 30ms=0.895
      timing metrics: offset_f1=0.794 rhythm_precision=0.887 note_value_acc=0.730 note_value_n=141 avg_beat_error=0.075
      duplicate metrics: duplicates=0 per_100_notes=0.00
      boundary metrics: gt=46 matched=41 missed=5 miss_rate=0.109
      latency: avg_chunk_ms=30.28 p95_chunk_ms=36.04 avg_rtf=0.051
      notation metrics: first_correct_ms=49.3 visible_p50_ms=346.5 visible_p95_ms=619.7 stabilize_p50_ms=649.3 stabilize_p95_ms=1910.8 avg_revisions=0.66 matched=50 refined=50 snapshots=20
      algorithmic latency: first_correct_ms=15.1 visible_p50_ms=313.3 visible_p95_ms=586.6 stabilize_p50_ms=616.8 stabilize_p95_ms=1424.2
      final display note metrics: precision=0.966 recall=0.834 f1=0.895 matched=141/169 pred=146
      final display strict onset f1: 10ms=0.686 20ms=0.895 30ms=0.895
      final display timing: offset_f1=0.794 rhythm_precision=0.887 note_value_acc=0.284 note_value_n=141 avg_beat_error=0.151
      final display structure: cluster_f1=0.604 onset_align_recall=0.878 avg_jaccard=0.850 exact=42/74 pred=65 over=7 under=14 pitch_conflicts=2 missed_gt=9
      threshold profiles: hit_rate=0.000 thresholds=[0.75] profiles={'baseline_nominal': 10}
    delta treatment-control: precision=+0.000 recall=+0.000 f1=+0.000 offset_f1=+0.000 note_value_acc=+0.000 dup_per_100=+0.00 boundary_miss_rate=+0.000 p95_chunk_ms=-1.56 f1_10ms=+0.000 f1_20ms=+0.000 f1_30ms=+0.000 visible_p50_ms=+0.3 stabilize_p50_ms=+1.3 algo_visible_p50_ms=+0.0 algo_stabilize_p50_ms=+0.0 avg_revisions=+0.00 display_note_f1=+0.000 display_offset_f1=+0.000 display_cluster_f1=+0.000 display_cluster_jaccard=+0.000
    failure buckets: ['boundary_miss_failure', 'high_revision_slow_stabilization']
      boundary diagnostics: missed=5 by_arm={'control': 5, 'treatment': 5} tags={'control_boundary_miss': 5, 'no_control_coarse_candidate': 5}
        miss: pitch=81 onset=3.046s boundary_delta_ms=+45.6 control_coarse=False treatment_coarse=False retro=n/a
        miss: pitch=75 onset=3.557s boundary_delta_ms=-42.7 control_coarse=False treatment_coarse=False retro=n/a
        miss: pitch=69 onset=3.590s boundary_delta_ms=-10.2 control_coarse=False treatment_coarse=False retro=n/a
        ... 2 more missed boundary notes in diagnostics JSON
[TIMING] EnhancedMel.transcribe: audio_to_gpu=0.5ms, features=0.7ms, model=21.4ms, decode=4.7ms | TOTAL=27.3ms for 600ms audio (RTF=0.05x)
[TIMING] stream_chunk[experiment-e1a81d615f894e1ba8f1eadfa460af3d](live_neural): decode=0.2ms, inference=30.9ms, second_pass=0.0ms, contention=0.0ms, TOTAL=31.3ms | audio=600ms, RTF=0.05x | model=enhanced_mel, neural_total=30.3ms, model_inference=21.4ms
[TIMING] EnhancedMel.transcribe: audio_to_gpu=0.2ms, features=0.6ms, model=20.0ms, decode=5.1ms | TOTAL=25.9ms for 1200ms audio (RTF=0.02x)
[TIMING] stream_chunk[experiment-e1a81d615f894e1ba8f1eadfa460af3d](live_neural): decode=0.3ms, inference=30.3ms, second_pass=0.0ms, contention=0.0ms, TOTAL=30.8ms | audio=600ms, RTF=0.05x | model=enhanced_mel, neural_total=29.8ms, model_inference=20.0ms
[TIMING] EnhancedMel.transcribe: audio_to_gpu=0.3ms, features=0.7ms, model=21.7ms, decode=5.9ms | TOTAL=28.6ms for 1800ms audio (RTF=0.02x)
[TIMING] stream_chunk[experiment-e1a81d615f894e1ba8f1eadfa460af3d](live_neural): decode=0.2ms, inference=33.4ms, second_pass=0.0ms, contention=0.0ms, TOTAL=33.9ms | audio=600ms, RTF=0.06x | model=enhanced_mel, neural_total=32.8ms, model_inference=21.7ms
[TIMING] EnhancedMel.transcribe: audio_to_gpu=0.2ms, features=0.5ms, model=15.9ms, decode=7.1ms | TOTAL=23.7ms for 2400ms audio (RTF=0.01x)
[TIMING] stream_chunk[experiment-e1a81d615f894e1ba8f1eadfa460af3d](live_neural): decode=0.2ms, inference=27.6ms, second_pass=0.0ms, contention=0.0ms, TOTAL=28.1ms | audio=600ms, RTF=0.05x | model=enhanced_mel, neural_total=27.0ms, model_inference=15.9ms
[TIMING] EnhancedMel.transcribe: audio_to_gpu=0.5ms, features=0.7ms, model=20.4ms, decode=13.5ms | TOTAL=35.1ms for 3000ms audio (RTF=0.01x)
[TIMING] stream_chunk[experiment-e1a81d615f894e1ba8f1eadfa460af3d](live_neural): decode=0.2ms, inference=38.7ms, second_pass=0.0ms, contention=0.0ms, TOTAL=39.4ms | audio=600ms, RTF=0.07x | model=enhanced_mel, neural_total=38.1ms, model_inference=20.4ms
[TIMING] EnhancedMel.transcribe: audio_to_gpu=0.3ms, features=0.6ms, model=16.2ms, decode=8.5ms | TOTAL=25.6ms for 3000ms audio (RTF=0.01x)
[TIMING] stream_chunk[experiment-e1a81d615f894e1ba8f1eadfa460af3d](live_neural): decode=0.2ms, inference=31.5ms, second_pass=0.0ms, contention=0.0ms, TOTAL=32.0ms | audio=600ms, RTF=0.05x | model=enhanced_mel, neural_total=31.0ms, model_inference=16.2ms
[TIMING] EnhancedMel.transcribe: audio_to_gpu=0.3ms, features=0.6ms, model=16.8ms, decode=9.0ms | TOTAL=26.7ms for 3000ms audio (RTF=0.01x)
[TIMING] stream_chunk[experiment-e1a81d615f894e1ba8f1eadfa460af3d](live_neural): decode=0.2ms, inference=30.4ms, second_pass=0.0ms, contention=0.0ms, TOTAL=30.7ms | audio=600ms, RTF=0.05x | model=enhanced_mel, neural_total=29.9ms, model_inference=16.8ms
[TIMING] EnhancedMel.transcribe: audio_to_gpu=0.3ms, features=0.9ms, model=21.7ms, decode=14.1ms | TOTAL=37.1ms for 3000ms audio (RTF=0.01x)
[TIMING] stream_chunk[experiment-e1a81d615f894e1ba8f1eadfa460af3d](live_neural): decode=0.3ms, inference=43.1ms, second_pass=0.0ms, contention=0.0ms, TOTAL=43.8ms | audio=600ms, RTF=0.07x | model=enhanced_mel, neural_total=42.3ms, model_inference=21.7ms
[TIMING] EnhancedMel.transcribe: audio_to_gpu=0.3ms, features=0.6ms, model=14.1ms, decode=8.5ms | TOTAL=23.5ms for 3000ms audio (RTF=0.01x)
[TIMING] stream_chunk[experiment-e1a81d615f894e1ba8f1eadfa460af3d](live_neural): decode=0.2ms, inference=27.6ms, second_pass=0.0ms, contention=0.0ms, TOTAL=28.1ms | audio=600ms, RTF=0.05x | model=enhanced_mel, neural_total=27.1ms, model_inference=14.1ms
[TIMING] EnhancedMel.transcribe: audio_to_gpu=0.3ms, features=0.6ms, model=14.1ms, decode=11.5ms | TOTAL=26.6ms for 3000ms audio (RTF=0.01x)
[TIMING] stream_chunk[experiment-e1a81d615f894e1ba8f1eadfa460af3d](live_neural): decode=0.2ms, inference=31.2ms, second_pass=0.0ms, contention=0.0ms, TOTAL=31.6ms | audio=600ms, RTF=0.05x | model=enhanced_mel, neural_total=30.6ms, model_inference=14.1ms
[TIMING] EnhancedMel.transcribe: audio_to_gpu=0.4ms, features=0.7ms, model=17.3ms, decode=2.0ms | TOTAL=20.5ms for 600ms audio (RTF=0.03x)
[TIMING] stream_chunk[experiment-c948a9bd414b46139eb2813c6b2fdb6a](live_neural): decode=0.1ms, inference=22.7ms, second_pass=0.0ms, contention=0.0ms, TOTAL=22.9ms | audio=600ms, RTF=0.04x | model=enhanced_mel, neural_total=22.2ms, model_inference=17.3ms
[TIMING] EnhancedMel.transcribe: audio_to_gpu=0.1ms, features=0.4ms, model=18.6ms, decode=5.7ms | TOTAL=24.8ms for 1200ms audio (RTF=0.02x)
[TIMING] stream_chunk[experiment-c948a9bd414b46139eb2813c6b2fdb6a](live_neural): decode=0.3ms, inference=27.5ms, second_pass=0.0ms, contention=0.0ms, TOTAL=28.0ms | audio=600ms, RTF=0.05x | model=enhanced_mel, neural_total=27.0ms, model_inference=18.6ms
[TIMING] EnhancedMel.transcribe: audio_to_gpu=0.2ms, features=0.6ms, model=19.7ms, decode=9.4ms | TOTAL=30.0ms for 1800ms audio (RTF=0.02x)
[TIMING] stream_chunk[experiment-c948a9bd414b46139eb2813c6b2fdb6a](live_neural): decode=0.2ms, inference=35.1ms, second_pass=0.0ms, contention=0.0ms, TOTAL=35.6ms | audio=600ms, RTF=0.06x | model=enhanced_mel, neural_total=34.5ms, model_inference=19.7ms
[TIMING] EnhancedMel.transcribe: audio_to_gpu=0.3ms, features=0.7ms, model=14.5ms, decode=7.2ms | TOTAL=22.7ms for 2400ms audio (RTF=0.01x)
[TIMING] stream_chunk[experiment-c948a9bd414b46139eb2813c6b2fdb6a](live_neural): decode=0.2ms, inference=27.0ms, second_pass=0.0ms, contention=0.0ms, TOTAL=27.4ms | audio=600ms, RTF=0.05x | model=enhanced_mel, neural_total=26.6ms, model_inference=14.5ms
[TIMING] EnhancedMel.transcribe: audio_to_gpu=0.3ms, features=0.5ms, model=16.1ms, decode=8.8ms | TOTAL=25.8ms for 3000ms audio (RTF=0.01x)
[TIMING] stream_chunk[experiment-c948a9bd414b46139eb2813c6b2fdb6a](live_neural): decode=0.2ms, inference=29.5ms, second_pass=0.0ms, contention=0.0ms, TOTAL=30.0ms | audio=600ms, RTF=0.05x | model=enhanced_mel, neural_total=29.0ms, model_inference=16.1ms
[TIMING] EnhancedMel.transcribe: audio_to_gpu=0.4ms, features=0.6ms, model=16.1ms, decode=9.4ms | TOTAL=26.6ms for 3000ms audio (RTF=0.01x)
[TIMING] stream_chunk[experiment-c948a9bd414b46139eb2813c6b2fdb6a](live_neural): decode=0.2ms, inference=32.1ms, second_pass=0.0ms, contention=0.0ms, TOTAL=32.5ms | audio=600ms, RTF=0.05x | model=enhanced_mel, neural_total=31.5ms, model_inference=16.1ms
[TIMING] EnhancedMel.transcribe: audio_to_gpu=0.2ms, features=0.5ms, model=16.7ms, decode=14.0ms | TOTAL=31.4ms for 3000ms audio (RTF=0.01x)
[TIMING] stream_chunk[experiment-c948a9bd414b46139eb2813c6b2fdb6a](live_neural): decode=0.3ms, inference=35.1ms, second_pass=0.0ms, contention=0.0ms, TOTAL=35.7ms | audio=600ms, RTF=0.06x | model=enhanced_mel, neural_total=34.7ms, model_inference=16.8ms
[TIMING] EnhancedMel.transcribe: audio_to_gpu=0.4ms, features=0.7ms, model=16.2ms, decode=9.7ms | TOTAL=27.0ms for 3000ms audio (RTF=0.01x)
[TIMING] stream_chunk[experiment-c948a9bd414b46139eb2813c6b2fdb6a](live_neural): decode=0.2ms, inference=31.2ms, second_pass=0.0ms, contention=0.0ms, TOTAL=31.6ms | audio=600ms, RTF=0.05x | model=enhanced_mel, neural_total=30.5ms, model_inference=16.2ms
[TIMING] EnhancedMel.transcribe: audio_to_gpu=0.3ms, features=0.9ms, model=20.8ms, decode=10.8ms | TOTAL=32.8ms for 3000ms audio (RTF=0.01x)
[TIMING] stream_chunk[experiment-c948a9bd414b46139eb2813c6b2fdb6a](live_neural): decode=0.2ms, inference=37.7ms, second_pass=0.0ms, contention=0.0ms, TOTAL=38.2ms | audio=600ms, RTF=0.06x | model=enhanced_mel, neural_total=37.0ms, model_inference=20.8ms
[TIMING] EnhancedMel.transcribe: audio_to_gpu=0.3ms, features=0.8ms, model=23.2ms, decode=7.5ms | TOTAL=31.8ms for 3000ms audio (RTF=0.01x)
[TIMING] stream_chunk[experiment-c948a9bd414b46139eb2813c6b2fdb6a](live_neural): decode=0.2ms, inference=37.1ms, second_pass=0.0ms, contention=0.0ms, TOTAL=37.5ms | audio=600ms, RTF=0.06x | model=enhanced_mel, neural_total=36.6ms, model_inference=23.2ms

[CLIP_017] Pour le piano (Complete)
  excerpt: start=51.00s end=57.00s duration=6.00s gt_notes=197 rms=0.0898 peak=0.4396 crest=4.895 rms_std=0.0142
    control:
      note metrics: precision=0.850 recall=0.807 f1=0.828 matched=159/197 pred=187
      strict onset f1: 10ms=0.604 20ms=0.818 30ms=0.828
      timing metrics: offset_f1=0.818 rhythm_precision=0.981 note_value_acc=0.553 note_value_n=159 avg_beat_error=0.053
      duplicate metrics: duplicates=21 per_100_notes=11.23
      boundary metrics: gt=67 matched=61 missed=6 miss_rate=0.090
      latency: avg_chunk_ms=32.97 p95_chunk_ms=41.82 avg_rtf=0.055
      notation metrics: first_correct_ms=63.4 visible_p50_ms=369.4 visible_p95_ms=606.6 stabilize_p50_ms=2039.6 stabilize_p95_ms=2955.5 avg_revisions=2.65 matched=26 refined=26 snapshots=19
      algorithmic latency: first_correct_ms=24.0 visible_p50_ms=332.8 visible_p95_ms=569.0 stabilize_p50_ms=1815.6 stabilize_p95_ms=2409.6
      final display note metrics: precision=0.963 recall=0.797 f1=0.872 matched=157/197 pred=163
      final display strict onset f1: 10ms=0.600 20ms=0.861 30ms=0.872
      final display timing: offset_f1=0.856 rhythm_precision=0.981 note_value_acc=0.299 note_value_n=157 avg_beat_error=0.111
      final display structure: cluster_f1=0.184 onset_align_recall=0.829 avg_jaccard=0.753 exact=7/41 pred=35 over=4 under=19 pitch_conflicts=4 missed_gt=7
      threshold profiles: hit_rate=0.000 thresholds=[0.75] profiles={'fixed_baseline': 10}
    treatment:
      note metrics: precision=0.850 recall=0.807 f1=0.828 matched=159/197 pred=187
      strict onset f1: 10ms=0.604 20ms=0.818 30ms=0.828
      timing metrics: offset_f1=0.818 rhythm_precision=0.981 note_value_acc=0.553 note_value_n=159 avg_beat_error=0.053
      duplicate metrics: duplicates=21 per_100_notes=11.23
      boundary metrics: gt=67 matched=61 missed=6 miss_rate=0.090
      latency: avg_chunk_ms=31.95 p95_chunk_ms=37.84 avg_rtf=0.053
      notation metrics: first_correct_ms=54.0 visible_p50_ms=365.6 visible_p95_ms=599.7 stabilize_p50_ms=2037.8 stabilize_p95_ms=2950.5 avg_revisions=2.65 matched=26 refined=26 snapshots=19
      algorithmic latency: first_correct_ms=24.0 visible_p50_ms=332.8 visible_p95_ms=569.0 stabilize_p50_ms=1815.6 stabilize_p95_ms=2409.6
      final display note metrics: precision=0.963 recall=0.797 f1=0.872 matched=157/197 pred=163
      final display strict onset f1: 10ms=0.600 20ms=0.861 30ms=0.872
      final display timing: offset_f1=0.856 rhythm_precision=0.981 note_value_acc=0.299 note_value_n=157 avg_beat_error=0.111
      final display structure: cluster_f1=0.184 onset_align_recall=0.829 avg_jaccard=0.753 exact=7/41 pred=35 over=4 under=19 pitch_conflicts=4 missed_gt=7
      threshold profiles: hit_rate=0.000 thresholds=[0.75] profiles={'baseline_nominal': 10}
    delta treatment-control: precision=+0.000 recall=+0.000 f1=+0.000 offset_f1=+0.000 note_value_acc=+0.000 dup_per_100=+0.00 boundary_miss_rate=+0.000 p95_chunk_ms=-3.97 f1_10ms=+0.000 f1_20ms=+0.000 f1_30ms=+0.000 visible_p50_ms=-3.8 stabilize_p50_ms=-1.8 algo_visible_p50_ms=+0.0 algo_stabilize_p50_ms=+0.0 avg_revisions=+0.00 display_note_f1=+0.000 display_offset_f1=+0.000 display_cluster_f1=+0.000 display_cluster_jaccard=+0.000
    failure buckets: ['runtime_only_win', 'boundary_miss_failure', 'high_revision_slow_stabilization']
      boundary diagnostics: missed=6 by_arm={'control': 6, 'treatment': 6} tags={'control_boundary_miss': 6, 'no_control_coarse_candidate': 6}
        miss: pitch=70 onset=0.595s boundary_delta_ms=-5.2 control_coarse=False treatment_coarse=False retro=n/a
        miss: pitch=77 onset=0.614s boundary_delta_ms=+13.5 control_coarse=False treatment_coarse=False retro=n/a
        miss: pitch=84 onset=3.560s boundary_delta_ms=-39.6 control_coarse=False treatment_coarse=False retro=n/a
        ... 3 more missed boundary notes in diagnostics JSON
[TIMING] EnhancedMel.transcribe: audio_to_gpu=0.6ms, features=0.6ms, model=16.7ms, decode=2.5ms | TOTAL=20.4ms for 600ms audio (RTF=0.03x)
[TIMING] stream_chunk[experiment-89e40f63740a4e51bc907152683b5291](live_neural): decode=0.2ms, inference=23.0ms, second_pass=0.0ms, contention=0.0ms, TOTAL=23.3ms | audio=600ms, RTF=0.04x | model=enhanced_mel, neural_total=22.5ms, model_inference=16.7ms
[TIMING] EnhancedMel.transcribe: audio_to_gpu=0.2ms, features=0.3ms, model=16.1ms, decode=5.6ms | TOTAL=22.2ms for 1200ms audio (RTF=0.02x)
[TIMING] stream_chunk[experiment-89e40f63740a4e51bc907152683b5291](live_neural): decode=0.2ms, inference=25.3ms, second_pass=0.0ms, contention=0.0ms, TOTAL=25.7ms | audio=600ms, RTF=0.04x | model=enhanced_mel, neural_total=24.8ms, model_inference=16.1ms
[TIMING] EnhancedMel.transcribe: audio_to_gpu=0.3ms, features=0.7ms, model=16.5ms, decode=6.2ms | TOTAL=23.7ms for 1800ms audio (RTF=0.01x)
[TIMING] stream_chunk[experiment-89e40f63740a4e51bc907152683b5291](live_neural): decode=0.2ms, inference=28.7ms, second_pass=0.0ms, contention=0.0ms, TOTAL=29.2ms | audio=600ms, RTF=0.05x | model=enhanced_mel, neural_total=28.1ms, model_inference=16.5ms
[TIMING] EnhancedMel.transcribe: audio_to_gpu=0.3ms, features=0.6ms, model=16.0ms, decode=8.3ms | TOTAL=25.2ms for 2400ms audio (RTF=0.01x)
[TIMING] stream_chunk[experiment-89e40f63740a4e51bc907152683b5291](live_neural): decode=0.2ms, inference=28.9ms, second_pass=0.0ms, contention=0.0ms, TOTAL=29.4ms | audio=600ms, RTF=0.05x | model=enhanced_mel, neural_total=28.5ms, model_inference=16.0ms
[TIMING] EnhancedMel.transcribe: audio_to_gpu=0.4ms, features=0.7ms, model=16.6ms, decode=6.4ms | TOTAL=24.0ms for 3000ms audio (RTF=0.01x)
[TIMING] stream_chunk[experiment-89e40f63740a4e51bc907152683b5291](live_neural): decode=0.2ms, inference=27.8ms, second_pass=0.0ms, contention=0.0ms, TOTAL=28.2ms | audio=600ms, RTF=0.05x | model=enhanced_mel, neural_total=27.3ms, model_inference=16.6ms
[TIMING] EnhancedMel.transcribe: audio_to_gpu=0.2ms, features=0.5ms, model=19.8ms, decode=11.7ms | TOTAL=32.2ms for 3000ms audio (RTF=0.01x)
[TIMING] stream_chunk[experiment-89e40f63740a4e51bc907152683b5291](live_neural): decode=0.1ms, inference=36.1ms, second_pass=0.0ms, contention=0.0ms, TOTAL=36.4ms | audio=600ms, RTF=0.06x | model=enhanced_mel, neural_total=35.6ms, model_inference=19.8ms
[TIMING] EnhancedMel.transcribe: audio_to_gpu=0.4ms, features=2.2ms, model=16.6ms, decode=8.6ms | TOTAL=27.9ms for 3000ms audio (RTF=0.01x)
[TIMING] stream_chunk[experiment-89e40f63740a4e51bc907152683b5291](live_neural): decode=0.2ms, inference=33.3ms, second_pass=0.0ms, contention=0.0ms, TOTAL=33.8ms | audio=600ms, RTF=0.06x | model=enhanced_mel, neural_total=32.8ms, model_inference=16.6ms
[TIMING] EnhancedMel.transcribe: audio_to_gpu=0.4ms, features=0.9ms, model=19.2ms, decode=7.6ms | TOTAL=28.1ms for 3000ms audio (RTF=0.01x)
[TIMING] stream_chunk[experiment-89e40f63740a4e51bc907152683b5291](live_neural): decode=0.3ms, inference=33.0ms, second_pass=0.0ms, contention=0.0ms, TOTAL=33.5ms | audio=600ms, RTF=0.06x | model=enhanced_mel, neural_total=32.5ms, model_inference=19.2ms
[TIMING] EnhancedMel.transcribe: audio_to_gpu=0.4ms, features=1.2ms, model=23.4ms, decode=14.3ms | TOTAL=39.3ms for 3000ms audio (RTF=0.01x)
[TIMING] stream_chunk[experiment-89e40f63740a4e51bc907152683b5291](live_neural): decode=0.3ms, inference=43.2ms, second_pass=0.0ms, contention=0.0ms, TOTAL=43.7ms | audio=600ms, RTF=0.07x | model=enhanced_mel, neural_total=42.6ms, model_inference=23.4ms
[TIMING] EnhancedMel.transcribe: audio_to_gpu=0.4ms, features=2.7ms, model=17.4ms, decode=8.4ms | TOTAL=29.0ms for 3000ms audio (RTF=0.01x)
[TIMING] stream_chunk[experiment-89e40f63740a4e51bc907152683b5291](live_neural): decode=0.2ms, inference=33.5ms, second_pass=0.0ms, contention=0.0ms, TOTAL=33.9ms | audio=600ms, RTF=0.06x | model=enhanced_mel, neural_total=33.0ms, model_inference=17.4ms
[TIMING] EnhancedMel.transcribe: audio_to_gpu=0.4ms, features=0.9ms, model=20.8ms, decode=3.2ms | TOTAL=25.3ms for 600ms audio (RTF=0.04x)
[TIMING] stream_chunk[experiment-f2a734fd13d748e69214962a05f6a7df](live_neural): decode=0.2ms, inference=29.1ms, second_pass=0.0ms, contention=0.0ms, TOTAL=29.5ms | audio=600ms, RTF=0.05x | model=enhanced_mel, neural_total=28.5ms, model_inference=20.8ms
[TIMING] EnhancedMel.transcribe: audio_to_gpu=0.2ms, features=0.5ms, model=14.0ms, decode=3.5ms | TOTAL=18.2ms for 1200ms audio (RTF=0.02x)
[TIMING] stream_chunk[experiment-f2a734fd13d748e69214962a05f6a7df](live_neural): decode=0.2ms, inference=20.8ms, second_pass=0.0ms, contention=0.0ms, TOTAL=21.2ms | audio=600ms, RTF=0.04x | model=enhanced_mel, neural_total=20.3ms, model_inference=14.0ms
[TIMING] EnhancedMel.transcribe: audio_to_gpu=0.2ms, features=0.6ms, model=19.5ms, decode=5.6ms | TOTAL=25.9ms for 1800ms audio (RTF=0.01x)
[TIMING] stream_chunk[experiment-f2a734fd13d748e69214962a05f6a7df](live_neural): decode=0.2ms, inference=30.4ms, second_pass=0.0ms, contention=0.0ms, TOTAL=31.0ms | audio=600ms, RTF=0.05x | model=enhanced_mel, neural_total=29.9ms, model_inference=19.5ms
[TIMING] EnhancedMel.transcribe: audio_to_gpu=0.4ms, features=0.6ms, model=17.8ms, decode=11.8ms | TOTAL=30.6ms for 2400ms audio (RTF=0.01x)
[TIMING] stream_chunk[experiment-f2a734fd13d748e69214962a05f6a7df](live_neural): decode=0.2ms, inference=34.6ms, second_pass=0.0ms, contention=0.0ms, TOTAL=35.1ms | audio=600ms, RTF=0.06x | model=enhanced_mel, neural_total=34.1ms, model_inference=17.8ms
[TIMING] EnhancedMel.transcribe: audio_to_gpu=0.3ms, features=0.6ms, model=16.1ms, decode=11.3ms | TOTAL=28.4ms for 3000ms audio (RTF=0.01x)
[TIMING] stream_chunk[experiment-f2a734fd13d748e69214962a05f6a7df](live_neural): decode=0.2ms, inference=32.3ms, second_pass=0.0ms, contention=0.0ms, TOTAL=32.7ms | audio=600ms, RTF=0.05x | model=enhanced_mel, neural_total=31.8ms, model_inference=16.1ms
[TIMING] EnhancedMel.transcribe: audio_to_gpu=0.3ms, features=1.6ms, model=14.5ms, decode=14.0ms | TOTAL=30.5ms for 3000ms audio (RTF=0.01x)
[TIMING] stream_chunk[experiment-f2a734fd13d748e69214962a05f6a7df](live_neural): decode=0.1ms, inference=34.5ms, second_pass=0.0ms, contention=0.0ms, TOTAL=34.9ms | audio=600ms, RTF=0.06x | model=enhanced_mel, neural_total=33.9ms, model_inference=14.5ms
[TIMING] EnhancedMel.transcribe: audio_to_gpu=0.4ms, features=0.8ms, model=19.3ms, decode=7.4ms | TOTAL=27.9ms for 3000ms audio (RTF=0.01x)
[TIMING] stream_chunk[experiment-f2a734fd13d748e69214962a05f6a7df](live_neural): decode=0.2ms, inference=33.1ms, second_pass=0.0ms, contention=0.0ms, TOTAL=33.5ms | audio=600ms, RTF=0.06x | model=enhanced_mel, neural_total=32.7ms, model_inference=19.3ms
[TIMING] EnhancedMel.transcribe: audio_to_gpu=0.4ms, features=0.6ms, model=16.8ms, decode=6.3ms | TOTAL=24.2ms for 3000ms audio (RTF=0.01x)
[TIMING] stream_chunk[experiment-f2a734fd13d748e69214962a05f6a7df](live_neural): decode=0.1ms, inference=28.0ms, second_pass=0.0ms, contention=0.0ms, TOTAL=28.3ms | audio=600ms, RTF=0.05x | model=enhanced_mel, neural_total=27.6ms, model_inference=16.8ms
[TIMING] EnhancedMel.transcribe: audio_to_gpu=0.4ms, features=0.7ms, model=20.7ms, decode=8.2ms | TOTAL=30.1ms for 3000ms audio (RTF=0.01x)
[TIMING] stream_chunk[experiment-f2a734fd13d748e69214962a05f6a7df](live_neural): decode=0.2ms, inference=35.7ms, second_pass=0.0ms, contention=0.0ms, TOTAL=36.2ms | audio=600ms, RTF=0.06x | model=enhanced_mel, neural_total=35.1ms, model_inference=20.7ms
[TIMING] EnhancedMel.transcribe: audio_to_gpu=0.5ms, features=3.8ms, model=15.3ms, decode=8.3ms | TOTAL=27.8ms for 3000ms audio (RTF=0.01x)
[TIMING] stream_chunk[experiment-f2a734fd13d748e69214962a05f6a7df](live_neural): decode=0.2ms, inference=32.2ms, second_pass=0.0ms, contention=0.0ms, TOTAL=32.6ms | audio=600ms, RTF=0.05x | model=enhanced_mel, neural_total=31.6ms, model_inference=15.3ms

[CLIP_018] Sonata in D Major, K96
  excerpt: start=9.00s end=15.00s duration=6.00s gt_notes=135 rms=0.0710 peak=0.4131 crest=5.817 rms_std=0.0138
    control:
      note metrics: precision=0.914 recall=0.948 f1=0.931 matched=128/135 pred=140
      strict onset f1: 10ms=0.851 20ms=0.924 30ms=0.931
      timing metrics: offset_f1=0.865 rhythm_precision=0.930 note_value_acc=0.852 note_value_n=128 avg_beat_error=0.024
      duplicate metrics: duplicates=9 per_100_notes=6.43
      boundary metrics: gt=46 matched=44 missed=2 miss_rate=0.043
      latency: avg_chunk_ms=31.71 p95_chunk_ms=40.41 avg_rtf=0.053
      notation metrics: first_correct_ms=76.4 visible_p50_ms=439.4 visible_p95_ms=615.3 stabilize_p50_ms=2083.8 stabilize_p95_ms=2433.5 avg_revisions=2.21 matched=14 refined=14 snapshots=15
      algorithmic latency: first_correct_ms=53.1 visible_p50_ms=415.0 visible_p95_ms=587.2 stabilize_p50_ms=1946.0 stabilize_p95_ms=2299.3
      final display note metrics: precision=0.977 recall=0.941 f1=0.958 matched=127/135 pred=130
      final display strict onset f1: 10ms=0.868 20ms=0.951 30ms=0.958
      final display timing: offset_f1=0.891 rhythm_precision=0.929 note_value_acc=0.417 note_value_n=127 avg_beat_error=0.116
      final display structure: cluster_f1=0.659 onset_align_recall=0.932 avg_jaccard=0.885 exact=28/44 pred=41 over=5 under=6 pitch_conflicts=2 missed_gt=3
      threshold profiles: hit_rate=0.000 thresholds=[0.75] profiles={'fixed_baseline': 10}
    treatment:
      note metrics: precision=0.914 recall=0.948 f1=0.931 matched=128/135 pred=140
      strict onset f1: 10ms=0.851 20ms=0.924 30ms=0.931
      timing metrics: offset_f1=0.865 rhythm_precision=0.930 note_value_acc=0.852 note_value_n=128 avg_beat_error=0.024
      duplicate metrics: duplicates=9 per_100_notes=6.43
      boundary metrics: gt=46 matched=44 missed=2 miss_rate=0.043
      latency: avg_chunk_ms=31.51 p95_chunk_ms=35.72 avg_rtf=0.052
      notation metrics: first_correct_ms=82.6 visible_p50_ms=440.3 visible_p95_ms=617.4 stabilize_p50_ms=2082.4 stabilize_p95_ms=2435.0 avg_revisions=2.21 matched=14 refined=14 snapshots=15
      algorithmic latency: first_correct_ms=53.1 visible_p50_ms=415.0 visible_p95_ms=587.2 stabilize_p50_ms=1946.0 stabilize_p95_ms=2299.3
      final display note metrics: precision=0.977 recall=0.941 f1=0.958 matched=127/135 pred=130
      final display strict onset f1: 10ms=0.868 20ms=0.951 30ms=0.958
      final display timing: offset_f1=0.891 rhythm_precision=0.929 note_value_acc=0.417 note_value_n=127 avg_beat_error=0.116
      final display structure: cluster_f1=0.659 onset_align_recall=0.932 avg_jaccard=0.885 exact=28/44 pred=41 over=5 under=6 pitch_conflicts=2 missed_gt=3
      threshold profiles: hit_rate=0.000 thresholds=[0.75] profiles={'baseline_nominal': 10}
    delta treatment-control: precision=+0.000 recall=+0.000 f1=+0.000 offset_f1=+0.000 note_value_acc=+0.000 dup_per_100=+0.00 boundary_miss_rate=+0.000 p95_chunk_ms=-4.69 f1_10ms=+0.000 f1_20ms=+0.000 f1_30ms=+0.000 visible_p50_ms=+0.9 stabilize_p50_ms=-1.4 algo_visible_p50_ms=+0.0 algo_stabilize_p50_ms=+0.0 avg_revisions=+0.00 display_note_f1=+0.000 display_offset_f1=+0.000 display_cluster_f1=+0.000 display_cluster_jaccard=+0.000
    failure buckets: ['runtime_only_win', 'boundary_miss_failure', 'high_revision_slow_stabilization']
      boundary diagnostics: missed=2 by_arm={'control': 2, 'treatment': 2} tags={'control_boundary_miss': 2, 'no_control_coarse_candidate': 2}
        miss: pitch=81 onset=4.704s boundary_delta_ms=-95.6 control_coarse=False treatment_coarse=False retro=n/a
        miss: pitch=69 onset=5.457s boundary_delta_ms=+57.0 control_coarse=False treatment_coarse=False retro=n/a
[TIMING] EnhancedMel.transcribe: audio_to_gpu=0.5ms, features=1.2ms, model=16.5ms, decode=2.8ms | TOTAL=21.1ms for 600ms audio (RTF=0.04x)
[TIMING] stream_chunk[experiment-606f62a7672444c5b2d6f68ff38a2bb6](live_neural): decode=0.4ms, inference=25.3ms, second_pass=0.0ms, contention=0.0ms, TOTAL=25.8ms | audio=600ms, RTF=0.04x | model=enhanced_mel, neural_total=24.5ms, model_inference=16.5ms
[TIMING] EnhancedMel.transcribe: audio_to_gpu=0.2ms, features=0.6ms, model=13.8ms, decode=4.4ms | TOTAL=18.9ms for 1200ms audio (RTF=0.02x)
[TIMING] stream_chunk[experiment-606f62a7672444c5b2d6f68ff38a2bb6](live_neural): decode=0.3ms, inference=23.5ms, second_pass=0.0ms, contention=0.0ms, TOTAL=24.0ms | audio=600ms, RTF=0.04x | model=enhanced_mel, neural_total=22.9ms, model_inference=13.8ms
[TIMING] EnhancedMel.transcribe: audio_to_gpu=0.2ms, features=0.6ms, model=18.2ms, decode=6.4ms | TOTAL=25.5ms for 1800ms audio (RTF=0.01x)
[TIMING] stream_chunk[experiment-606f62a7672444c5b2d6f68ff38a2bb6](live_neural): decode=0.2ms, inference=30.1ms, second_pass=0.0ms, contention=0.0ms, TOTAL=30.4ms | audio=600ms, RTF=0.05x | model=enhanced_mel, neural_total=29.6ms, model_inference=18.2ms
[TIMING] EnhancedMel.transcribe: audio_to_gpu=0.5ms, features=0.9ms, model=19.4ms, decode=7.3ms | TOTAL=28.0ms for 2400ms audio (RTF=0.01x)
[TIMING] stream_chunk[experiment-606f62a7672444c5b2d6f68ff38a2bb6](live_neural): decode=0.2ms, inference=34.3ms, second_pass=0.0ms, contention=0.0ms, TOTAL=34.8ms | audio=600ms, RTF=0.06x | model=enhanced_mel, neural_total=33.7ms, model_inference=19.4ms
[TIMING] EnhancedMel.transcribe: audio_to_gpu=0.5ms, features=0.7ms, model=15.1ms, decode=14.0ms | TOTAL=30.5ms for 3000ms audio (RTF=0.01x)
[TIMING] stream_chunk[experiment-606f62a7672444c5b2d6f68ff38a2bb6](live_neural): decode=0.2ms, inference=35.9ms, second_pass=0.0ms, contention=0.0ms, TOTAL=36.6ms | audio=600ms, RTF=0.06x | model=enhanced_mel, neural_total=35.2ms, model_inference=15.1ms
[TIMING] EnhancedMel.transcribe: audio_to_gpu=0.4ms, features=0.8ms, model=19.8ms, decode=8.6ms | TOTAL=29.6ms for 3000ms audio (RTF=0.01x)
[TIMING] stream_chunk[experiment-606f62a7672444c5b2d6f68ff38a2bb6](live_neural): decode=0.2ms, inference=35.5ms, second_pass=0.0ms, contention=0.0ms, TOTAL=35.9ms | audio=600ms, RTF=0.06x | model=enhanced_mel, neural_total=34.9ms, model_inference=19.8ms
[TIMING] EnhancedMel.transcribe: audio_to_gpu=0.4ms, features=0.6ms, model=18.7ms, decode=14.9ms | TOTAL=34.6ms for 3000ms audio (RTF=0.01x)
[TIMING] stream_chunk[experiment-606f62a7672444c5b2d6f68ff38a2bb6](live_neural): decode=0.3ms, inference=39.7ms, second_pass=0.0ms, contention=0.0ms, TOTAL=40.3ms | audio=600ms, RTF=0.07x | model=enhanced_mel, neural_total=39.0ms, model_inference=18.7ms
[TIMING] EnhancedMel.transcribe: audio_to_gpu=0.4ms, features=0.8ms, model=24.2ms, decode=11.8ms | TOTAL=37.2ms for 3000ms audio (RTF=0.01x)
[TIMING] stream_chunk[experiment-606f62a7672444c5b2d6f68ff38a2bb6](live_neural): decode=0.2ms, inference=43.2ms, second_pass=0.0ms, contention=0.0ms, TOTAL=43.7ms | audio=600ms, RTF=0.07x | model=enhanced_mel, neural_total=42.4ms, model_inference=24.2ms
[TIMING] EnhancedMel.transcribe: audio_to_gpu=0.3ms, features=0.6ms, model=16.6ms, decode=11.1ms | TOTAL=28.5ms for 3000ms audio (RTF=0.01x)
[TIMING] stream_chunk[experiment-606f62a7672444c5b2d6f68ff38a2bb6](live_neural): decode=0.2ms, inference=32.7ms, second_pass=0.0ms, contention=0.0ms, TOTAL=33.2ms | audio=600ms, RTF=0.06x | model=enhanced_mel, neural_total=32.2ms, model_inference=16.6ms
[TIMING] EnhancedMel.transcribe: audio_to_gpu=0.4ms, features=0.8ms, model=19.4ms, decode=14.6ms | TOTAL=35.2ms for 3000ms audio (RTF=0.01x)
[TIMING] stream_chunk[experiment-606f62a7672444c5b2d6f68ff38a2bb6](live_neural): decode=0.3ms, inference=40.0ms, second_pass=0.0ms, contention=0.0ms, TOTAL=40.7ms | audio=600ms, RTF=0.07x | model=enhanced_mel, neural_total=39.5ms, model_inference=19.4ms
[TIMING] EnhancedMel.transcribe: audio_to_gpu=0.5ms, features=0.7ms, model=14.2ms, decode=2.0ms | TOTAL=17.4ms for 600ms audio (RTF=0.03x)
[TIMING] stream_chunk[experiment-b94e9f7ba97043ba88c6e64bafbecbd6](live_neural): decode=0.2ms, inference=20.6ms, second_pass=0.0ms, contention=0.0ms, TOTAL=20.9ms | audio=600ms, RTF=0.03x | model=enhanced_mel, neural_total=20.1ms, model_inference=14.2ms
[TIMING] EnhancedMel.transcribe: audio_to_gpu=0.2ms, features=0.4ms, model=13.1ms, decode=3.5ms | TOTAL=17.2ms for 1200ms audio (RTF=0.01x)
[TIMING] stream_chunk[experiment-b94e9f7ba97043ba88c6e64bafbecbd6](live_neural): decode=0.1ms, inference=19.9ms, second_pass=0.0ms, contention=0.0ms, TOTAL=20.2ms | audio=600ms, RTF=0.03x | model=enhanced_mel, neural_total=19.5ms, model_inference=13.1ms
[TIMING] EnhancedMel.transcribe: audio_to_gpu=0.3ms, features=0.7ms, model=16.3ms, decode=5.2ms | TOTAL=22.5ms for 1800ms audio (RTF=0.01x)
[TIMING] stream_chunk[experiment-b94e9f7ba97043ba88c6e64bafbecbd6](live_neural): decode=0.2ms, inference=24.9ms, second_pass=0.0ms, contention=0.0ms, TOTAL=25.2ms | audio=600ms, RTF=0.04x | model=enhanced_mel, neural_total=24.3ms, model_inference=16.3ms
[TIMING] EnhancedMel.transcribe: audio_to_gpu=0.3ms, features=0.5ms, model=13.8ms, decode=7.4ms | TOTAL=22.0ms for 2400ms audio (RTF=0.01x)
[TIMING] stream_chunk[experiment-b94e9f7ba97043ba88c6e64bafbecbd6](live_neural): decode=0.2ms, inference=25.7ms, second_pass=0.0ms, contention=0.0ms, TOTAL=26.1ms | audio=600ms, RTF=0.04x | model=enhanced_mel, neural_total=25.4ms, model_inference=13.8ms
[TIMING] EnhancedMel.transcribe: audio_to_gpu=0.3ms, features=0.6ms, model=15.4ms, decode=8.4ms | TOTAL=24.7ms for 3000ms audio (RTF=0.01x)
[TIMING] stream_chunk[experiment-b94e9f7ba97043ba88c6e64bafbecbd6](live_neural): decode=0.3ms, inference=28.5ms, second_pass=0.0ms, contention=0.0ms, TOTAL=29.1ms | audio=600ms, RTF=0.05x | model=enhanced_mel, neural_total=27.8ms, model_inference=15.4ms
[TIMING] EnhancedMel.transcribe: audio_to_gpu=0.5ms, features=0.7ms, model=14.4ms, decode=8.3ms | TOTAL=23.9ms for 3000ms audio (RTF=0.01x)
[TIMING] stream_chunk[experiment-b94e9f7ba97043ba88c6e64bafbecbd6](live_neural): decode=0.3ms, inference=28.1ms, second_pass=0.0ms, contention=0.0ms, TOTAL=28.6ms | audio=600ms, RTF=0.05x | model=enhanced_mel, neural_total=27.5ms, model_inference=14.4ms
[TIMING] EnhancedMel.transcribe: audio_to_gpu=0.3ms, features=0.7ms, model=20.1ms, decode=9.2ms | TOTAL=30.3ms for 3000ms audio (RTF=0.01x)
[TIMING] stream_chunk[experiment-b94e9f7ba97043ba88c6e64bafbecbd6](live_neural): decode=0.2ms, inference=36.1ms, second_pass=0.0ms, contention=0.0ms, TOTAL=36.8ms | audio=600ms, RTF=0.06x | model=enhanced_mel, neural_total=35.4ms, model_inference=20.1ms
[TIMING] EnhancedMel.transcribe: audio_to_gpu=0.3ms, features=0.9ms, model=20.3ms, decode=9.1ms | TOTAL=30.6ms for 3000ms audio (RTF=0.01x)
[TIMING] stream_chunk[experiment-b94e9f7ba97043ba88c6e64bafbecbd6](live_neural): decode=0.2ms, inference=36.5ms, second_pass=0.0ms, contention=0.0ms, TOTAL=37.1ms | audio=600ms, RTF=0.06x | model=enhanced_mel, neural_total=36.0ms, model_inference=20.3ms
[TIMING] EnhancedMel.transcribe: audio_to_gpu=0.3ms, features=0.6ms, model=16.9ms, decode=15.6ms | TOTAL=33.5ms for 3000ms audio (RTF=0.01x)
[TIMING] stream_chunk[experiment-b94e9f7ba97043ba88c6e64bafbecbd6](live_neural): decode=0.2ms, inference=36.4ms, second_pass=0.0ms, contention=0.0ms, TOTAL=37.0ms | audio=600ms, RTF=0.06x | model=enhanced_mel, neural_total=35.8ms, model_inference=16.9ms
[TIMING] EnhancedMel.transcribe: audio_to_gpu=0.3ms, features=0.7ms, model=17.9ms, decode=8.8ms | TOTAL=27.7ms for 3000ms audio (RTF=0.01x)
[TIMING] stream_chunk[experiment-b94e9f7ba97043ba88c6e64bafbecbd6](live_neural): decode=0.4ms, inference=32.0ms, second_pass=0.0ms, contention=0.0ms, TOTAL=32.7ms | audio=600ms, RTF=0.05x | model=enhanced_mel, neural_total=31.4ms, model_inference=17.9ms

[CLIP_019] Concert Etude No. 2, "Gnomenreigen", S. 145/2
  excerpt: start=63.00s end=69.00s duration=6.00s gt_notes=178 rms=0.1284 peak=0.5428 crest=4.227 rms_std=0.0274
    control:
      note metrics: precision=0.931 recall=0.831 f1=0.878 matched=148/178 pred=159
      strict onset f1: 10ms=0.742 20ms=0.866 30ms=0.878
      timing metrics: offset_f1=0.866 rhythm_precision=0.986 note_value_acc=0.777 note_value_n=148 avg_beat_error=0.025
      duplicate metrics: duplicates=7 per_100_notes=4.40
      boundary metrics: gt=55 matched=48 missed=7 miss_rate=0.127
      latency: avg_chunk_ms=34.54 p95_chunk_ms=42.33 avg_rtf=0.058
      notation metrics: first_correct_ms=63.4 visible_p50_ms=356.0 visible_p95_ms=633.0 stabilize_p50_ms=1564.8 stabilize_p95_ms=2059.1 avg_revisions=1.68 matched=63 refined=63 snapshots=21
      algorithmic latency: first_correct_ms=29.9 visible_p50_ms=320.1 visible_p95_ms=596.7 stabilize_p50_ms=1103.9 stabilize_p95_ms=1591.6
      final display note metrics: precision=0.973 recall=0.820 f1=0.890 matched=146/178 pred=150
      final display strict onset f1: 10ms=0.756 20ms=0.878 30ms=0.890
      final display timing: offset_f1=0.878 rhythm_precision=0.986 note_value_acc=0.267 note_value_n=146 avg_beat_error=0.102
      final display structure: cluster_f1=0.523 onset_align_recall=0.897 avg_jaccard=0.790 exact=39/78 pred=71 over=8 under=19 pitch_conflicts=4 missed_gt=8
      threshold profiles: hit_rate=0.000 thresholds=[0.75] profiles={'fixed_baseline': 10}
    treatment:
      note metrics: precision=0.948 recall=0.820 f1=0.880 matched=146/178 pred=154
      strict onset f1: 10ms=0.735 20ms=0.867 30ms=0.880
      timing metrics: offset_f1=0.867 rhythm_precision=0.986 note_value_acc=0.774 note_value_n=146 avg_beat_error=0.026
      duplicate metrics: duplicates=6 per_100_notes=3.90
      boundary metrics: gt=55 matched=48 missed=7 miss_rate=0.127
      latency: avg_chunk_ms=29.36 p95_chunk_ms=37.04 avg_rtf=0.049
      notation metrics: first_correct_ms=62.7 visible_p50_ms=344.3 visible_p95_ms=635.9 stabilize_p50_ms=1255.7 stabilize_p95_ms=2051.6 avg_revisions=1.45 matched=66 refined=66 snapshots=21
      algorithmic latency: first_correct_ms=29.9 visible_p50_ms=313.7 visible_p95_ms=600.9 stabilize_p50_ms=793.2 stabilize_p95_ms=1590.4
      final display note metrics: precision=0.986 recall=0.809 f1=0.889 matched=144/178 pred=146
      final display strict onset f1: 10ms=0.741 20ms=0.877 30ms=0.889
      final display timing: offset_f1=0.877 rhythm_precision=0.986 note_value_acc=0.278 note_value_n=144 avg_beat_error=0.105
      final display structure: cluster_f1=0.537 onset_align_recall=0.897 avg_jaccard=0.787 exact=40/78 pred=71 over=7 under=19 pitch_conflicts=4 missed_gt=8
      threshold profiles: hit_rate=1.000 thresholds=[0.77] profiles={'loud_dense_precision': 10}
    delta treatment-control: precision=+0.017 recall=-0.011 f1=+0.001 offset_f1=+0.001 note_value_acc=-0.003 dup_per_100=-0.51 boundary_miss_rate=+0.000 p95_chunk_ms=-5.29 f1_10ms=-0.007 f1_20ms=+0.001 f1_30ms=+0.001 visible_p50_ms=-11.6 stabilize_p50_ms=-309.2 algo_visible_p50_ms=-6.4 algo_stabilize_p50_ms=-310.7 avg_revisions=-0.23 display_note_f1=-0.001 display_offset_f1=-0.002 display_cluster_f1=+0.013 display_cluster_jaccard=-0.003
    failure buckets: ['runtime_only_win', 'boundary_miss_failure', 'high_revision_slow_stabilization']
      boundary diagnostics: missed=7 by_arm={'control': 7, 'treatment': 7} tags={'control_boundary_miss': 7, 'no_control_coarse_candidate': 7}
        miss: pitch=73 onset=0.659s boundary_delta_ms=+58.9 control_coarse=False treatment_coarse=False retro=n/a
        miss: pitch=87 onset=1.128s boundary_delta_ms=-72.4 control_coarse=False treatment_coarse=False retro=n/a
        miss: pitch=88 onset=2.467s boundary_delta_ms=+67.4 control_coarse=False treatment_coarse=False retro=n/a
        ... 4 more missed boundary notes in diagnostics JSON
[TIMING] EnhancedMel.transcribe: audio_to_gpu=0.4ms, features=0.7ms, model=16.5ms, decode=2.0ms | TOTAL=19.7ms for 600ms audio (RTF=0.03x)
[TIMING] stream_chunk[experiment-eaeaeafc2238478d9890dc2385ea2aed](live_neural): decode=0.3ms, inference=23.7ms, second_pass=0.0ms, contention=0.0ms, TOTAL=24.1ms | audio=600ms, RTF=0.04x | model=enhanced_mel, neural_total=23.1ms, model_inference=16.5ms
[TIMING] EnhancedMel.transcribe: audio_to_gpu=0.3ms, features=0.5ms, model=14.5ms, decode=2.8ms | TOTAL=18.0ms for 1200ms audio (RTF=0.02x)
[TIMING] stream_chunk[experiment-eaeaeafc2238478d9890dc2385ea2aed](live_neural): decode=0.2ms, inference=20.7ms, second_pass=0.0ms, contention=0.0ms, TOTAL=21.1ms | audio=600ms, RTF=0.04x | model=enhanced_mel, neural_total=20.3ms, model_inference=14.5ms
[TIMING] EnhancedMel.transcribe: audio_to_gpu=0.2ms, features=0.5ms, model=13.6ms, decode=4.0ms | TOTAL=18.3ms for 1800ms audio (RTF=0.01x)
[TIMING] stream_chunk[experiment-eaeaeafc2238478d9890dc2385ea2aed](live_neural): decode=0.1ms, inference=20.5ms, second_pass=0.0ms, contention=0.0ms, TOTAL=21.0ms | audio=600ms, RTF=0.03x | model=enhanced_mel, neural_total=20.1ms, model_inference=13.6ms
[TIMING] EnhancedMel.transcribe: audio_to_gpu=0.4ms, features=0.9ms, model=15.7ms, decode=7.0ms | TOTAL=24.0ms for 2400ms audio (RTF=0.01x)
[TIMING] stream_chunk[experiment-eaeaeafc2238478d9890dc2385ea2aed](live_neural): decode=0.2ms, inference=27.9ms, second_pass=0.0ms, contention=0.0ms, TOTAL=28.6ms | audio=600ms, RTF=0.05x | model=enhanced_mel, neural_total=27.4ms, model_inference=15.7ms
[TIMING] EnhancedMel.transcribe: audio_to_gpu=0.4ms, features=0.7ms, model=18.2ms, decode=9.4ms | TOTAL=28.6ms for 3000ms audio (RTF=0.01x)
[TIMING] stream_chunk[experiment-eaeaeafc2238478d9890dc2385ea2aed](live_neural): decode=0.2ms, inference=33.2ms, second_pass=0.0ms, contention=0.0ms, TOTAL=33.9ms | audio=600ms, RTF=0.06x | model=enhanced_mel, neural_total=32.5ms, model_inference=18.2ms
[TIMING] EnhancedMel.transcribe: audio_to_gpu=0.5ms, features=0.8ms, model=16.2ms, decode=7.3ms | TOTAL=24.8ms for 3000ms audio (RTF=0.01x)
[TIMING] stream_chunk[experiment-eaeaeafc2238478d9890dc2385ea2aed](live_neural): decode=0.3ms, inference=29.0ms, second_pass=0.0ms, contention=0.0ms, TOTAL=29.7ms | audio=600ms, RTF=0.05x | model=enhanced_mel, neural_total=28.3ms, model_inference=16.2ms
[TIMING] EnhancedMel.transcribe: audio_to_gpu=0.3ms, features=0.6ms, model=15.1ms, decode=9.4ms | TOTAL=25.5ms for 3000ms audio (RTF=0.01x)
[TIMING] stream_chunk[experiment-eaeaeafc2238478d9890dc2385ea2aed](live_neural): decode=0.3ms, inference=29.6ms, second_pass=0.0ms, contention=0.0ms, TOTAL=30.2ms | audio=600ms, RTF=0.05x | model=enhanced_mel, neural_total=29.0ms, model_inference=15.1ms
[TIMING] EnhancedMel.transcribe: audio_to_gpu=0.4ms, features=0.9ms, model=19.9ms, decode=9.4ms | TOTAL=30.6ms for 3000ms audio (RTF=0.01x)
[TIMING] stream_chunk[experiment-eaeaeafc2238478d9890dc2385ea2aed](live_neural): decode=0.2ms, inference=36.9ms, second_pass=0.0ms, contention=0.0ms, TOTAL=37.5ms | audio=600ms, RTF=0.06x | model=enhanced_mel, neural_total=36.1ms, model_inference=19.9ms
[TIMING] EnhancedMel.transcribe: audio_to_gpu=0.4ms, features=0.7ms, model=18.2ms, decode=10.5ms | TOTAL=29.8ms for 3000ms audio (RTF=0.01x)
[TIMING] stream_chunk[experiment-eaeaeafc2238478d9890dc2385ea2aed](live_neural): decode=0.4ms, inference=34.6ms, second_pass=0.0ms, contention=0.0ms, TOTAL=35.4ms | audio=600ms, RTF=0.06x | model=enhanced_mel, neural_total=33.9ms, model_inference=18.2ms
[TIMING] EnhancedMel.transcribe: audio_to_gpu=0.5ms, features=0.6ms, model=14.7ms, decode=9.5ms | TOTAL=25.4ms for 3000ms audio (RTF=0.01x)
[TIMING] stream_chunk[experiment-eaeaeafc2238478d9890dc2385ea2aed](live_neural): decode=0.3ms, inference=29.6ms, second_pass=0.0ms, contention=0.0ms, TOTAL=30.1ms | audio=600ms, RTF=0.05x | model=enhanced_mel, neural_total=28.8ms, model_inference=14.7ms
[TIMING] EnhancedMel.transcribe: audio_to_gpu=0.4ms, features=0.6ms, model=15.5ms, decode=2.6ms | TOTAL=19.2ms for 600ms audio (RTF=0.03x)
[TIMING] stream_chunk[experiment-173dad8fa7bb4842a36d6a2a13ca9922](live_neural): decode=0.2ms, inference=21.1ms, second_pass=0.0ms, contention=0.0ms, TOTAL=21.3ms | audio=600ms, RTF=0.04x | model=enhanced_mel, neural_total=20.4ms, model_inference=15.5ms
[TIMING] EnhancedMel.transcribe: audio_to_gpu=0.2ms, features=4.3ms, model=14.6ms, decode=3.5ms | TOTAL=22.7ms for 1200ms audio (RTF=0.02x)
[TIMING] stream_chunk[experiment-173dad8fa7bb4842a36d6a2a13ca9922](live_neural): decode=0.2ms, inference=24.6ms, second_pass=0.0ms, contention=0.0ms, TOTAL=25.0ms | audio=600ms, RTF=0.04x | model=enhanced_mel, neural_total=24.2ms, model_inference=14.6ms
[TIMING] EnhancedMel.transcribe: audio_to_gpu=0.4ms, features=0.6ms, model=16.5ms, decode=5.5ms | TOTAL=23.0ms for 1800ms audio (RTF=0.01x)
[TIMING] stream_chunk[experiment-173dad8fa7bb4842a36d6a2a13ca9922](live_neural): decode=0.2ms, inference=26.2ms, second_pass=0.0ms, contention=0.0ms, TOTAL=26.6ms | audio=600ms, RTF=0.04x | model=enhanced_mel, neural_total=25.7ms, model_inference=16.5ms
[TIMING] EnhancedMel.transcribe: audio_to_gpu=0.3ms, features=0.5ms, model=13.8ms, decode=6.8ms | TOTAL=21.4ms for 2400ms audio (RTF=0.01x)
[TIMING] stream_chunk[experiment-173dad8fa7bb4842a36d6a2a13ca9922](live_neural): decode=0.2ms, inference=24.2ms, second_pass=0.0ms, contention=0.0ms, TOTAL=24.7ms | audio=600ms, RTF=0.04x | model=enhanced_mel, neural_total=23.6ms, model_inference=13.8ms
[TIMING] EnhancedMel.transcribe: audio_to_gpu=0.3ms, features=0.7ms, model=20.0ms, decode=9.4ms | TOTAL=30.4ms for 3000ms audio (RTF=0.01x)
[TIMING] stream_chunk[experiment-173dad8fa7bb4842a36d6a2a13ca9922](live_neural): decode=0.2ms, inference=36.3ms, second_pass=0.0ms, contention=0.0ms, TOTAL=36.7ms | audio=600ms, RTF=0.06x | model=enhanced_mel, neural_total=35.6ms, model_inference=20.0ms
[TIMING] EnhancedMel.transcribe: audio_to_gpu=0.3ms, features=1.4ms, model=13.6ms, decode=6.9ms | TOTAL=22.2ms for 3000ms audio (RTF=0.01x)
[TIMING] stream_chunk[experiment-173dad8fa7bb4842a36d6a2a13ca9922](live_neural): decode=0.1ms, inference=26.2ms, second_pass=0.0ms, contention=0.0ms, TOTAL=26.7ms | audio=600ms, RTF=0.04x | model=enhanced_mel, neural_total=25.6ms, model_inference=13.6ms
[TIMING] EnhancedMel.transcribe: audio_to_gpu=0.4ms, features=0.8ms, model=19.4ms, decode=10.1ms | TOTAL=30.6ms for 3000ms audio (RTF=0.01x)
[TIMING] stream_chunk[experiment-173dad8fa7bb4842a36d6a2a13ca9922](live_neural): decode=0.2ms, inference=36.2ms, second_pass=0.0ms, contention=0.0ms, TOTAL=36.6ms | audio=600ms, RTF=0.06x | model=enhanced_mel, neural_total=35.7ms, model_inference=19.4ms
[TIMING] EnhancedMel.transcribe: audio_to_gpu=0.5ms, features=0.7ms, model=19.6ms, decode=8.3ms | TOTAL=29.1ms for 3000ms audio (RTF=0.01x)
[TIMING] stream_chunk[experiment-173dad8fa7bb4842a36d6a2a13ca9922](live_neural): decode=0.2ms, inference=33.7ms, second_pass=0.0ms, contention=0.0ms, TOTAL=34.4ms | audio=600ms, RTF=0.06x | model=enhanced_mel, neural_total=33.2ms, model_inference=19.6ms
[TIMING] EnhancedMel.transcribe: audio_to_gpu=0.4ms, features=0.8ms, model=23.4ms, decode=11.5ms | TOTAL=36.1ms for 3000ms audio (RTF=0.01x)
[TIMING] stream_chunk[experiment-173dad8fa7bb4842a36d6a2a13ca9922](live_neural): decode=0.4ms, inference=42.6ms, second_pass=0.0ms, contention=0.0ms, TOTAL=43.4ms | audio=600ms, RTF=0.07x | model=enhanced_mel, neural_total=42.0ms, model_inference=23.4ms
[TIMING] EnhancedMel.transcribe: audio_to_gpu=0.3ms, features=0.8ms, model=18.5ms, decode=12.2ms | TOTAL=31.9ms for 3000ms audio (RTF=0.01x)
[TIMING] stream_chunk[experiment-173dad8fa7bb4842a36d6a2a13ca9922](live_neural): decode=0.2ms, inference=35.7ms, second_pass=0.0ms, contention=0.0ms, TOTAL=36.3ms | audio=600ms, RTF=0.06x | model=enhanced_mel, neural_total=35.2ms, model_inference=18.5ms

[CLIP_020] Concert Etude No. 2 "Gnomenreigen"
  excerpt: start=30.00s end=36.00s duration=6.00s gt_notes=177 rms=0.0476 peak=0.3012 crest=6.327 rms_std=0.0147
    control:
      note metrics: precision=0.963 recall=0.876 f1=0.917 matched=155/177 pred=161
      strict onset f1: 10ms=0.811 20ms=0.911 30ms=0.917
      timing metrics: offset_f1=0.917 rhythm_precision=1.000 note_value_acc=0.839 note_value_n=155 avg_beat_error=0.018
      duplicate metrics: duplicates=6 per_100_notes=3.73
      boundary metrics: gt=54 matched=50 missed=4 miss_rate=0.074
      latency: avg_chunk_ms=29.16 p95_chunk_ms=36.57 avg_rtf=0.049
      notation metrics: first_correct_ms=32.6 visible_p50_ms=372.4 visible_p95_ms=612.0 stabilize_p50_ms=1320.4 stabilize_p95_ms=2067.3 avg_revisions=1.11 matched=62 refined=62 snapshots=20
      algorithmic latency: first_correct_ms=0.0 visible_p50_ms=342.6 visible_p95_ms=582.1 stabilize_p50_ms=879.2 stabilize_p95_ms=1573.8
      final display note metrics: precision=1.000 recall=0.864 f1=0.927 matched=153/177 pred=153
      final display strict onset f1: 10ms=0.812 20ms=0.921 30ms=0.927
      final display timing: offset_f1=0.927 rhythm_precision=1.000 note_value_acc=0.353 note_value_n=153 avg_beat_error=0.105
      final display structure: cluster_f1=0.636 onset_align_recall=0.924 avg_jaccard=0.849 exact=49/79 pred=75 over=5 under=16 pitch_conflicts=3 missed_gt=6
      threshold profiles: hit_rate=0.000 thresholds=[0.75] profiles={'fixed_baseline': 10}
    treatment:
      note metrics: precision=0.963 recall=0.876 f1=0.917 matched=155/177 pred=161
      strict onset f1: 10ms=0.811 20ms=0.911 30ms=0.917
      timing metrics: offset_f1=0.917 rhythm_precision=1.000 note_value_acc=0.839 note_value_n=155 avg_beat_error=0.018
      duplicate metrics: duplicates=6 per_100_notes=3.73
      boundary metrics: gt=54 matched=50 missed=4 miss_rate=0.074
      latency: avg_chunk_ms=31.17 p95_chunk_ms=40.39 avg_rtf=0.052
      notation metrics: first_correct_ms=35.4 visible_p50_ms=374.2 visible_p95_ms=614.7 stabilize_p50_ms=1316.3 stabilize_p95_ms=2063.8 avg_revisions=1.11 matched=62 refined=62 snapshots=20
      algorithmic latency: first_correct_ms=0.0 visible_p50_ms=342.6 visible_p95_ms=582.1 stabilize_p50_ms=879.2 stabilize_p95_ms=1573.8
      final display note metrics: precision=1.000 recall=0.864 f1=0.927 matched=153/177 pred=153
      final display strict onset f1: 10ms=0.812 20ms=0.921 30ms=0.927
      final display timing: offset_f1=0.927 rhythm_precision=1.000 note_value_acc=0.353 note_value_n=153 avg_beat_error=0.105
      final display structure: cluster_f1=0.636 onset_align_recall=0.924 avg_jaccard=0.849 exact=49/79 pred=75 over=5 under=16 pitch_conflicts=3 missed_gt=6
      threshold profiles: hit_rate=0.000 thresholds=[0.75] profiles={'baseline_nominal': 10}
    delta treatment-control: precision=+0.000 recall=+0.000 f1=+0.000 offset_f1=+0.000 note_value_acc=+0.000 dup_per_100=+0.00 boundary_miss_rate=+0.000 p95_chunk_ms=+3.82 f1_10ms=+0.000 f1_20ms=+0.000 f1_30ms=+0.000 visible_p50_ms=+1.9 stabilize_p50_ms=-4.1 algo_visible_p50_ms=+0.0 algo_stabilize_p50_ms=+0.0 avg_revisions=+0.00 display_note_f1=+0.000 display_offset_f1=+0.000 display_cluster_f1=+0.000 display_cluster_jaccard=+0.000
    failure buckets: ['boundary_miss_failure', 'high_revision_slow_stabilization']
      boundary diagnostics: missed=4 by_arm={'control': 4, 'treatment': 4} tags={'control_boundary_miss': 4, 'control_timing_or_quantization_drift': 1, 'no_control_coarse_candidate': 3, 'treatment_candidate_not_retained': 1}
        miss: pitch=71 onset=2.350s boundary_delta_ms=-49.7 control_coarse=False treatment_coarse=False retro=n/a
        miss: pitch=78 onset=3.624s boundary_delta_ms=+23.7 control_coarse=False treatment_coarse=False retro=n/a
        miss: pitch=71 onset=4.159s boundary_delta_ms=-41.1 control_coarse=True treatment_coarse=True retro=n/a
        ... 1 more missed boundary notes in diagnostics JSON
[TIMING] EnhancedMel.transcribe: audio_to_gpu=1.6ms, features=0.7ms, model=11.1ms, decode=1.4ms | TOTAL=14.8ms for 600ms audio (RTF=0.02x)
[TIMING] stream_chunk[experiment-cd0bfe4d36694e9a92d2559203d152ca](live_neural): decode=0.1ms, inference=16.4ms, second_pass=0.0ms, contention=0.0ms, TOTAL=16.6ms | audio=600ms, RTF=0.03x | model=enhanced_mel, neural_total=16.0ms, model_inference=11.1ms
[TIMING] EnhancedMel.transcribe: audio_to_gpu=0.1ms, features=2.0ms, model=9.9ms, decode=2.2ms | TOTAL=14.2ms for 1200ms audio (RTF=0.01x)
[TIMING] stream_chunk[experiment-cd0bfe4d36694e9a92d2559203d152ca](live_neural): decode=0.1ms, inference=16.8ms, second_pass=0.0ms, contention=0.0ms, TOTAL=17.1ms | audio=600ms, RTF=0.03x | model=enhanced_mel, neural_total=16.5ms, model_inference=9.9ms
[TIMING] EnhancedMel.transcribe: audio_to_gpu=0.2ms, features=4.9ms, model=16.8ms, decode=9.0ms | TOTAL=30.9ms for 1800ms audio (RTF=0.02x)
[TIMING] stream_chunk[experiment-cd0bfe4d36694e9a92d2559203d152ca](live_neural): decode=0.2ms, inference=33.5ms, second_pass=0.0ms, contention=0.0ms, TOTAL=33.8ms | audio=600ms, RTF=0.06x | model=enhanced_mel, neural_total=33.0ms, model_inference=16.8ms
[TIMING] EnhancedMel.transcribe: audio_to_gpu=0.3ms, features=0.6ms, model=21.6ms, decode=10.3ms | TOTAL=32.7ms for 2400ms audio (RTF=0.01x)
[TIMING] stream_chunk[experiment-cd0bfe4d36694e9a92d2559203d152ca](live_neural): decode=0.3ms, inference=37.1ms, second_pass=0.0ms, contention=0.0ms, TOTAL=37.5ms | audio=600ms, RTF=0.06x | model=enhanced_mel, neural_total=36.5ms, model_inference=21.6ms
[TIMING] EnhancedMel.transcribe: audio_to_gpu=0.3ms, features=2.2ms, model=16.0ms, decode=9.2ms | TOTAL=27.7ms for 3000ms audio (RTF=0.01x)
[TIMING] stream_chunk[experiment-cd0bfe4d36694e9a92d2559203d152ca](live_neural): decode=0.2ms, inference=31.3ms, second_pass=0.0ms, contention=0.0ms, TOTAL=31.6ms | audio=600ms, RTF=0.05x | model=enhanced_mel, neural_total=30.8ms, model_inference=16.0ms
[TIMING] EnhancedMel.transcribe: audio_to_gpu=0.3ms, features=0.7ms, model=17.4ms, decode=6.2ms | TOTAL=24.6ms for 3000ms audio (RTF=0.01x)
[TIMING] stream_chunk[experiment-cd0bfe4d36694e9a92d2559203d152ca](live_neural): decode=0.2ms, inference=28.5ms, second_pass=0.0ms, contention=0.0ms, TOTAL=28.9ms | audio=600ms, RTF=0.05x | model=enhanced_mel, neural_total=28.0ms, model_inference=17.4ms
[TIMING] EnhancedMel.transcribe: audio_to_gpu=0.3ms, features=0.7ms, model=22.0ms, decode=6.3ms | TOTAL=29.3ms for 3000ms audio (RTF=0.01x)
[TIMING] stream_chunk[experiment-cd0bfe4d36694e9a92d2559203d152ca](live_neural): decode=0.2ms, inference=33.4ms, second_pass=0.0ms, contention=0.0ms, TOTAL=34.0ms | audio=600ms, RTF=0.06x | model=enhanced_mel, neural_total=32.7ms, model_inference=22.0ms
[TIMING] EnhancedMel.transcribe: audio_to_gpu=0.4ms, features=0.8ms, model=18.4ms, decode=9.4ms | TOTAL=29.1ms for 3000ms audio (RTF=0.01x)
[TIMING] stream_chunk[experiment-cd0bfe4d36694e9a92d2559203d152ca](live_neural): decode=0.3ms, inference=34.8ms, second_pass=0.0ms, contention=0.0ms, TOTAL=35.5ms | audio=600ms, RTF=0.06x | model=enhanced_mel, neural_total=34.0ms, model_inference=18.4ms
[TIMING] EnhancedMel.transcribe: audio_to_gpu=0.3ms, features=0.7ms, model=16.3ms, decode=8.5ms | TOTAL=25.8ms for 3000ms audio (RTF=0.01x)
[TIMING] stream_chunk[experiment-cd0bfe4d36694e9a92d2559203d152ca](live_neural): decode=0.2ms, inference=29.6ms, second_pass=0.0ms, contention=0.0ms, TOTAL=30.2ms | audio=600ms, RTF=0.05x | model=enhanced_mel, neural_total=29.0ms, model_inference=16.3ms
[TIMING] EnhancedMel.transcribe: audio_to_gpu=0.4ms, features=0.6ms, model=16.1ms, decode=9.1ms | TOTAL=26.1ms for 3000ms audio (RTF=0.01x)
[TIMING] stream_chunk[experiment-cd0bfe4d36694e9a92d2559203d152ca](live_neural): decode=0.2ms, inference=30.0ms, second_pass=0.0ms, contention=0.0ms, TOTAL=30.4ms | audio=600ms, RTF=0.05x | model=enhanced_mel, neural_total=29.4ms, model_inference=16.1ms
[TIMING] EnhancedMel.transcribe: audio_to_gpu=0.4ms, features=1.0ms, model=12.0ms, decode=1.5ms | TOTAL=14.9ms for 600ms audio (RTF=0.02x)
[TIMING] stream_chunk[experiment-ec739a50f4a04f33a54f3c7fa100be62](live_neural): decode=0.2ms, inference=17.3ms, second_pass=0.0ms, contention=0.0ms, TOTAL=17.5ms | audio=600ms, RTF=0.03x | model=enhanced_mel, neural_total=16.9ms, model_inference=12.0ms
[TIMING] EnhancedMel.transcribe: audio_to_gpu=0.2ms, features=2.0ms, model=16.5ms, decode=3.6ms | TOTAL=22.3ms for 1200ms audio (RTF=0.02x)
[TIMING] stream_chunk[experiment-ec739a50f4a04f33a54f3c7fa100be62](live_neural): decode=0.2ms, inference=25.2ms, second_pass=0.0ms, contention=0.0ms, TOTAL=25.5ms | audio=600ms, RTF=0.04x | model=enhanced_mel, neural_total=24.8ms, model_inference=16.5ms
[TIMING] EnhancedMel.transcribe: audio_to_gpu=0.2ms, features=0.4ms, model=15.0ms, decode=4.7ms | TOTAL=20.2ms for 1800ms audio (RTF=0.01x)
[TIMING] stream_chunk[experiment-ec739a50f4a04f33a54f3c7fa100be62](live_neural): decode=0.1ms, inference=23.1ms, second_pass=0.0ms, contention=0.0ms, TOTAL=23.3ms | audio=600ms, RTF=0.04x | model=enhanced_mel, neural_total=22.7ms, model_inference=15.0ms
[TIMING] EnhancedMel.transcribe: audio_to_gpu=0.2ms, features=0.5ms, model=19.5ms, decode=9.6ms | TOTAL=29.8ms for 2400ms audio (RTF=0.01x)
[TIMING] stream_chunk[experiment-ec739a50f4a04f33a54f3c7fa100be62](live_neural): decode=0.2ms, inference=33.3ms, second_pass=0.0ms, contention=0.0ms, TOTAL=33.7ms | audio=600ms, RTF=0.06x | model=enhanced_mel, neural_total=32.8ms, model_inference=19.5ms
[TIMING] EnhancedMel.transcribe: audio_to_gpu=0.3ms, features=2.4ms, model=15.1ms, decode=7.9ms | TOTAL=25.7ms for 3000ms audio (RTF=0.01x)
[TIMING] stream_chunk[experiment-ec739a50f4a04f33a54f3c7fa100be62](live_neural): decode=0.2ms, inference=30.3ms, second_pass=0.0ms, contention=0.0ms, TOTAL=30.7ms | audio=600ms, RTF=0.05x | model=enhanced_mel, neural_total=29.7ms, model_inference=15.1ms
[TIMING] EnhancedMel.transcribe: audio_to_gpu=0.3ms, features=3.2ms, model=18.8ms, decode=8.9ms | TOTAL=31.2ms for 3000ms audio (RTF=0.01x)
[TIMING] stream_chunk[experiment-ec739a50f4a04f33a54f3c7fa100be62](live_neural): decode=0.2ms, inference=36.8ms, second_pass=0.0ms, contention=0.0ms, TOTAL=37.4ms | audio=600ms, RTF=0.06x | model=enhanced_mel, neural_total=36.1ms, model_inference=18.8ms
[TIMING] EnhancedMel.transcribe: audio_to_gpu=0.3ms, features=0.6ms, model=14.7ms, decode=10.3ms | TOTAL=25.8ms for 3000ms audio (RTF=0.01x)
[TIMING] stream_chunk[experiment-ec739a50f4a04f33a54f3c7fa100be62](live_neural): decode=0.2ms, inference=30.4ms, second_pass=0.0ms, contention=0.0ms, TOTAL=30.8ms | audio=600ms, RTF=0.05x | model=enhanced_mel, neural_total=29.7ms, model_inference=14.7ms
[TIMING] EnhancedMel.transcribe: audio_to_gpu=0.3ms, features=0.8ms, model=18.0ms, decode=9.8ms | TOTAL=28.8ms for 3000ms audio (RTF=0.01x)
[TIMING] stream_chunk[experiment-ec739a50f4a04f33a54f3c7fa100be62](live_neural): decode=0.2ms, inference=34.4ms, second_pass=0.0ms, contention=0.0ms, TOTAL=35.0ms | audio=600ms, RTF=0.06x | model=enhanced_mel, neural_total=33.7ms, model_inference=18.0ms
[TIMING] EnhancedMel.transcribe: audio_to_gpu=0.4ms, features=0.6ms, model=16.9ms, decode=14.5ms | TOTAL=32.4ms for 3000ms audio (RTF=0.01x)
[TIMING] stream_chunk[experiment-ec739a50f4a04f33a54f3c7fa100be62](live_neural): decode=0.2ms, inference=38.0ms, second_pass=0.0ms, contention=0.0ms, TOTAL=38.5ms | audio=600ms, RTF=0.06x | model=enhanced_mel, neural_total=36.0ms, model_inference=16.9ms
[TIMING] EnhancedMel.transcribe: audio_to_gpu=0.3ms, features=0.6ms, model=16.1ms, decode=8.3ms | TOTAL=25.3ms for 3000ms audio (RTF=0.01x)
[TIMING] stream_chunk[experiment-ec739a50f4a04f33a54f3c7fa100be62](live_neural): decode=0.2ms, inference=29.9ms, second_pass=0.0ms, contention=0.0ms, TOTAL=30.3ms | audio=600ms, RTF=0.05x | model=enhanced_mel, neural_total=29.3ms, model_inference=16.1ms

[CLIP_021] Concert Etude "Gnomenreigen"
  excerpt: start=63.00s end=69.00s duration=6.00s gt_notes=141 rms=0.0904 peak=0.6430 crest=7.115 rms_std=0.0461
    control:
      note metrics: precision=0.873 recall=0.879 f1=0.876 matched=124/141 pred=142
      strict onset f1: 10ms=0.686 20ms=0.855 30ms=0.876
      timing metrics: offset_f1=0.784 rhythm_precision=0.895 note_value_acc=0.742 note_value_n=124 avg_beat_error=0.071
      duplicate metrics: duplicates=12 per_100_notes=8.45
      boundary metrics: gt=43 matched=40 missed=3 miss_rate=0.070
      latency: avg_chunk_ms=29.57 p95_chunk_ms=36.62 avg_rtf=0.049
      notation metrics: first_correct_ms=46.9 visible_p50_ms=369.0 visible_p95_ms=609.5 stabilize_p50_ms=1675.5 stabilize_p95_ms=2238.5 avg_revisions=1.57 matched=44 refined=44 snapshots=18
      algorithmic latency: first_correct_ms=18.0 visible_p50_ms=338.7 visible_p95_ms=579.1 stabilize_p50_ms=1247.9 stabilize_p95_ms=1757.4
      final display note metrics: precision=0.953 recall=0.858 f1=0.903 matched=121/141 pred=127
      final display strict onset f1: 10ms=0.679 20ms=0.873 30ms=0.903
      final display timing: offset_f1=0.806 rhythm_precision=0.893 note_value_acc=0.380 note_value_n=121 avg_beat_error=0.140
      final display structure: cluster_f1=0.564 onset_align_recall=0.949 avg_jaccard=0.841 exact=33/59 pred=58 over=4 under=15 pitch_conflicts=4 missed_gt=3
      threshold profiles: hit_rate=0.000 thresholds=[0.75] profiles={'fixed_baseline': 10}
    treatment:
      note metrics: precision=0.873 recall=0.879 f1=0.876 matched=124/141 pred=142
      strict onset f1: 10ms=0.686 20ms=0.855 30ms=0.876
      timing metrics: offset_f1=0.784 rhythm_precision=0.895 note_value_acc=0.742 note_value_n=124 avg_beat_error=0.071
      duplicate metrics: duplicates=12 per_100_notes=8.45
      boundary metrics: gt=43 matched=40 missed=3 miss_rate=0.070
      latency: avg_chunk_ms=30.26 p95_chunk_ms=38.02 avg_rtf=0.050
      notation metrics: first_correct_ms=55.4 visible_p50_ms=373.1 visible_p95_ms=614.7 stabilize_p50_ms=1681.6 stabilize_p95_ms=2245.0 avg_revisions=1.57 matched=44 refined=44 snapshots=18
      algorithmic latency: first_correct_ms=18.0 visible_p50_ms=338.7 visible_p95_ms=579.1 stabilize_p50_ms=1247.9 stabilize_p95_ms=1757.4
      final display note metrics: precision=0.953 recall=0.858 f1=0.903 matched=121/141 pred=127
      final display strict onset f1: 10ms=0.679 20ms=0.873 30ms=0.903
      final display timing: offset_f1=0.806 rhythm_precision=0.893 note_value_acc=0.380 note_value_n=121 avg_beat_error=0.140
      final display structure: cluster_f1=0.564 onset_align_recall=0.949 avg_jaccard=0.841 exact=33/59 pred=58 over=4 under=15 pitch_conflicts=4 missed_gt=3
      threshold profiles: hit_rate=0.100 thresholds=[0.75, 0.77] profiles={'baseline_nominal': 9, 'loud_dense_precision': 1}
    delta treatment-control: precision=+0.000 recall=+0.000 f1=+0.000 offset_f1=+0.000 note_value_acc=+0.000 dup_per_100=+0.00 boundary_miss_rate=+0.000 p95_chunk_ms=+1.40 f1_10ms=+0.000 f1_20ms=+0.000 f1_30ms=+0.000 visible_p50_ms=+4.1 stabilize_p50_ms=+6.1 algo_visible_p50_ms=+0.0 algo_stabilize_p50_ms=+0.0 avg_revisions=+0.00 display_note_f1=+0.000 display_offset_f1=+0.000 display_cluster_f1=+0.000 display_cluster_jaccard=+0.000
    failure buckets: ['boundary_miss_failure', 'high_revision_slow_stabilization']
      boundary diagnostics: missed=3 by_arm={'control': 3, 'treatment': 3} tags={'control_boundary_miss': 3, 'no_control_coarse_candidate': 3}
        miss: pitch=91 onset=2.411s boundary_delta_ms=+11.5 control_coarse=False treatment_coarse=False retro=n/a
        miss: pitch=69 onset=3.085s boundary_delta_ms=+84.6 control_coarse=False treatment_coarse=False retro=n/a
        miss: pitch=69 onset=5.466s boundary_delta_ms=+66.1 control_coarse=False treatment_coarse=False retro=n/a
[TIMING] EnhancedMel.transcribe: audio_to_gpu=0.6ms, features=0.7ms, model=20.1ms, decode=3.5ms | TOTAL=24.9ms for 600ms audio (RTF=0.04x)
[TIMING] stream_chunk[experiment-96ba22ba2ce2413ba142c45acaa1700e](live_neural): decode=0.2ms, inference=27.9ms, second_pass=0.0ms, contention=0.0ms, TOTAL=28.3ms | audio=600ms, RTF=0.05x | model=enhanced_mel, neural_total=27.1ms, model_inference=20.1ms
[TIMING] EnhancedMel.transcribe: audio_to_gpu=0.2ms, features=0.6ms, model=14.6ms, decode=4.2ms | TOTAL=19.6ms for 1200ms audio (RTF=0.02x)
[TIMING] stream_chunk[experiment-96ba22ba2ce2413ba142c45acaa1700e](live_neural): decode=0.3ms, inference=24.1ms, second_pass=0.0ms, contention=0.0ms, TOTAL=24.6ms | audio=600ms, RTF=0.04x | model=enhanced_mel, neural_total=23.5ms, model_inference=14.6ms
[TIMING] EnhancedMel.transcribe: audio_to_gpu=0.3ms, features=0.6ms, model=12.6ms, decode=5.0ms | TOTAL=18.6ms for 1800ms audio (RTF=0.01x)
[TIMING] stream_chunk[experiment-96ba22ba2ce2413ba142c45acaa1700e](live_neural): decode=0.2ms, inference=22.6ms, second_pass=0.0ms, contention=0.0ms, TOTAL=23.1ms | audio=600ms, RTF=0.04x | model=enhanced_mel, neural_total=22.0ms, model_inference=12.6ms
[TIMING] EnhancedMel.transcribe: audio_to_gpu=0.3ms, features=0.5ms, model=13.9ms, decode=6.7ms | TOTAL=21.3ms for 2400ms audio (RTF=0.01x)
[TIMING] stream_chunk[experiment-96ba22ba2ce2413ba142c45acaa1700e](live_neural): decode=0.2ms, inference=25.0ms, second_pass=0.0ms, contention=0.0ms, TOTAL=25.4ms | audio=600ms, RTF=0.04x | model=enhanced_mel, neural_total=24.5ms, model_inference=13.9ms
[TIMING] EnhancedMel.transcribe: audio_to_gpu=0.3ms, features=0.6ms, model=15.9ms, decode=8.4ms | TOTAL=25.2ms for 3000ms audio (RTF=0.01x)
[TIMING] stream_chunk[experiment-96ba22ba2ce2413ba142c45acaa1700e](live_neural): decode=0.2ms, inference=29.0ms, second_pass=0.0ms, contention=0.0ms, TOTAL=29.6ms | audio=600ms, RTF=0.05x | model=enhanced_mel, neural_total=28.5ms, model_inference=15.9ms
[TIMING] EnhancedMel.transcribe: audio_to_gpu=0.6ms, features=0.8ms, model=17.5ms, decode=8.2ms | TOTAL=27.2ms for 3000ms audio (RTF=0.01x)
[TIMING] stream_chunk[experiment-96ba22ba2ce2413ba142c45acaa1700e](live_neural): decode=0.2ms, inference=33.0ms, second_pass=0.0ms, contention=0.0ms, TOTAL=33.7ms | audio=600ms, RTF=0.06x | model=enhanced_mel, neural_total=32.5ms, model_inference=17.5ms
[TIMING] EnhancedMel.transcribe: audio_to_gpu=0.3ms, features=0.6ms, model=21.7ms, decode=9.6ms | TOTAL=32.2ms for 3000ms audio (RTF=0.01x)
[TIMING] stream_chunk[experiment-96ba22ba2ce2413ba142c45acaa1700e](live_neural): decode=0.2ms, inference=35.9ms, second_pass=0.0ms, contention=0.0ms, TOTAL=36.6ms | audio=600ms, RTF=0.06x | model=enhanced_mel, neural_total=35.4ms, model_inference=21.7ms
[TIMING] EnhancedMel.transcribe: audio_to_gpu=0.3ms, features=1.1ms, model=14.7ms, decode=7.6ms | TOTAL=23.8ms for 3000ms audio (RTF=0.01x)
[TIMING] stream_chunk[experiment-96ba22ba2ce2413ba142c45acaa1700e](live_neural): decode=0.2ms, inference=27.7ms, second_pass=0.0ms, contention=0.0ms, TOTAL=28.1ms | audio=600ms, RTF=0.05x | model=enhanced_mel, neural_total=27.0ms, model_inference=14.7ms
[TIMING] EnhancedMel.transcribe: audio_to_gpu=0.4ms, features=0.6ms, model=17.1ms, decode=9.9ms | TOTAL=28.1ms for 3000ms audio (RTF=0.01x)
[TIMING] stream_chunk[experiment-96ba22ba2ce2413ba142c45acaa1700e](live_neural): decode=0.1ms, inference=30.9ms, second_pass=0.0ms, contention=0.0ms, TOTAL=31.3ms | audio=600ms, RTF=0.05x | model=enhanced_mel, neural_total=30.4ms, model_inference=17.1ms
[TIMING] EnhancedMel.transcribe: audio_to_gpu=0.3ms, features=0.7ms, model=21.3ms, decode=8.7ms | TOTAL=31.0ms for 3000ms audio (RTF=0.01x)
[TIMING] stream_chunk[experiment-96ba22ba2ce2413ba142c45acaa1700e](live_neural): decode=0.2ms, inference=35.8ms, second_pass=0.0ms, contention=0.0ms, TOTAL=36.2ms | audio=600ms, RTF=0.06x | model=enhanced_mel, neural_total=35.3ms, model_inference=21.3ms
[TIMING] EnhancedMel.transcribe: audio_to_gpu=0.5ms, features=1.1ms, model=17.8ms, decode=2.7ms | TOTAL=22.1ms for 600ms audio (RTF=0.04x)
[TIMING] stream_chunk[experiment-af509f93f9294642ab54082cac70f125](live_neural): decode=0.2ms, inference=25.8ms, second_pass=0.0ms, contention=0.0ms, TOTAL=26.0ms | audio=600ms, RTF=0.04x | model=enhanced_mel, neural_total=25.3ms, model_inference=17.8ms
[TIMING] EnhancedMel.transcribe: audio_to_gpu=0.3ms, features=0.5ms, model=17.4ms, decode=3.6ms | TOTAL=21.9ms for 1200ms audio (RTF=0.02x)
[TIMING] stream_chunk[experiment-af509f93f9294642ab54082cac70f125](live_neural): decode=0.1ms, inference=24.5ms, second_pass=0.0ms, contention=0.0ms, TOTAL=24.8ms | audio=600ms, RTF=0.04x | model=enhanced_mel, neural_total=24.1ms, model_inference=17.4ms
[TIMING] EnhancedMel.transcribe: audio_to_gpu=0.3ms, features=0.6ms, model=16.8ms, decode=5.4ms | TOTAL=23.0ms for 1800ms audio (RTF=0.01x)
[TIMING] stream_chunk[experiment-af509f93f9294642ab54082cac70f125](live_neural): decode=0.2ms, inference=27.1ms, second_pass=0.0ms, contention=0.0ms, TOTAL=27.5ms | audio=600ms, RTF=0.05x | model=enhanced_mel, neural_total=26.7ms, model_inference=16.8ms
[TIMING] EnhancedMel.transcribe: audio_to_gpu=0.4ms, features=1.7ms, model=15.0ms, decode=6.7ms | TOTAL=23.7ms for 2400ms audio (RTF=0.01x)
[TIMING] stream_chunk[experiment-af509f93f9294642ab54082cac70f125](live_neural): decode=0.2ms, inference=27.9ms, second_pass=0.0ms, contention=0.0ms, TOTAL=28.5ms | audio=600ms, RTF=0.05x | model=enhanced_mel, neural_total=27.5ms, model_inference=15.0ms
[TIMING] EnhancedMel.transcribe: audio_to_gpu=0.3ms, features=2.2ms, model=18.3ms, decode=8.3ms | TOTAL=29.1ms for 3000ms audio (RTF=0.01x)
[TIMING] stream_chunk[experiment-af509f93f9294642ab54082cac70f125](live_neural): decode=0.2ms, inference=32.9ms, second_pass=0.0ms, contention=0.0ms, TOTAL=33.5ms | audio=600ms, RTF=0.06x | model=enhanced_mel, neural_total=32.3ms, model_inference=18.3ms
[TIMING] EnhancedMel.transcribe: audio_to_gpu=0.5ms, features=0.8ms, model=18.7ms, decode=8.3ms | TOTAL=28.3ms for 3000ms audio (RTF=0.01x)
[TIMING] stream_chunk[experiment-af509f93f9294642ab54082cac70f125](live_neural): decode=0.4ms, inference=32.6ms, second_pass=0.0ms, contention=0.0ms, TOTAL=33.5ms | audio=600ms, RTF=0.06x | model=enhanced_mel, neural_total=32.0ms, model_inference=18.7ms
[TIMING] EnhancedMel.transcribe: audio_to_gpu=0.3ms, features=0.8ms, model=19.0ms, decode=14.4ms | TOTAL=34.4ms for 3000ms audio (RTF=0.01x)
[TIMING] stream_chunk[experiment-af509f93f9294642ab54082cac70f125](live_neural): decode=0.3ms, inference=38.3ms, second_pass=0.0ms, contention=0.0ms, TOTAL=39.1ms | audio=600ms, RTF=0.07x | model=enhanced_mel, neural_total=37.6ms, model_inference=19.0ms
[TIMING] EnhancedMel.transcribe: audio_to_gpu=0.4ms, features=0.5ms, model=17.5ms, decode=15.5ms | TOTAL=33.9ms for 3000ms audio (RTF=0.01x)
[TIMING] stream_chunk[experiment-af509f93f9294642ab54082cac70f125](live_neural): decode=0.3ms, inference=38.4ms, second_pass=0.0ms, contention=0.0ms, TOTAL=40.7ms | audio=600ms, RTF=0.07x | model=enhanced_mel, neural_total=37.9ms, model_inference=17.5ms
[TIMING] EnhancedMel.transcribe: audio_to_gpu=0.3ms, features=0.7ms, model=16.4ms, decode=13.8ms | TOTAL=31.3ms for 3000ms audio (RTF=0.01x)
[TIMING] stream_chunk[experiment-af509f93f9294642ab54082cac70f125](live_neural): decode=0.3ms, inference=36.8ms, second_pass=0.0ms, contention=0.0ms, TOTAL=37.4ms | audio=600ms, RTF=0.06x | model=enhanced_mel, neural_total=36.2ms, model_inference=16.4ms
[TIMING] EnhancedMel.transcribe: audio_to_gpu=0.4ms, features=0.8ms, model=15.6ms, decode=5.9ms | TOTAL=22.7ms for 3000ms audio (RTF=0.01x)
[TIMING] stream_chunk[experiment-af509f93f9294642ab54082cac70f125](live_neural): decode=0.1ms, inference=28.2ms, second_pass=0.0ms, contention=0.0ms, TOTAL=28.5ms | audio=600ms, RTF=0.05x | model=enhanced_mel, neural_total=27.7ms, model_inference=15.6ms

[CLIP_022] Au bord d'une source
  excerpt: start=30.00s end=36.00s duration=6.00s gt_notes=137 rms=0.0340 peak=0.1971 crest=5.791 rms_std=0.0167
    control:
      note metrics: precision=0.909 recall=0.876 f1=0.892 matched=120/137 pred=132
      strict onset f1: 10ms=0.691 20ms=0.862 30ms=0.892
      timing metrics: offset_f1=0.833 rhythm_precision=0.933 note_value_acc=0.583 note_value_n=120 avg_beat_error=0.070
      duplicate metrics: duplicates=8 per_100_notes=6.06
      boundary metrics: gt=46 matched=42 missed=4 miss_rate=0.087
      latency: avg_chunk_ms=29.69 p95_chunk_ms=36.44 avg_rtf=0.049
      notation metrics: first_correct_ms=29.5 visible_p50_ms=309.9 visible_p95_ms=656.8 stabilize_p50_ms=866.8 stabilize_p95_ms=2832.8 avg_revisions=0.80 matched=20 refined=20 snapshots=19
      algorithmic latency: first_correct_ms=4.2 visible_p50_ms=277.3 visible_p95_ms=633.7 stabilize_p50_ms=643.6 stabilize_p95_ms=2400.4
      final display note metrics: precision=0.984 recall=0.876 f1=0.927 matched=120/137 pred=122
      final display strict onset f1: 10ms=0.710 20ms=0.896 30ms=0.927
      final display timing: offset_f1=0.865 rhythm_precision=0.933 note_value_acc=0.417 note_value_n=120 avg_beat_error=0.153
      final display structure: cluster_f1=0.678 onset_align_recall=1.000 avg_jaccard=0.885 exact=39/57 pred=58 over=1 under=17 pitch_conflicts=0 missed_gt=0
      threshold profiles: hit_rate=0.000 thresholds=[0.75] profiles={'fixed_baseline': 10}
    treatment:
      note metrics: precision=0.910 recall=0.883 f1=0.896 matched=121/137 pred=133
      strict onset f1: 10ms=0.689 20ms=0.867 30ms=0.896
      timing metrics: offset_f1=0.837 rhythm_precision=0.934 note_value_acc=0.570 note_value_n=121 avg_beat_error=0.071
      duplicate metrics: duplicates=8 per_100_notes=6.02
      boundary metrics: gt=46 matched=42 missed=4 miss_rate=0.087
      latency: avg_chunk_ms=31.95 p95_chunk_ms=40.00 avg_rtf=0.053
      notation metrics: first_correct_ms=32.6 visible_p50_ms=336.7 visible_p95_ms=662.9 stabilize_p50_ms=1049.8 stabilize_p95_ms=2870.9 avg_revisions=0.79 matched=19 refined=19 snapshots=19
      algorithmic latency: first_correct_ms=4.2 visible_p50_ms=303.1 visible_p95_ms=635.4 stabilize_p50_ms=665.9 stabilize_p95_ms=2433.7
      final display note metrics: precision=0.984 recall=0.883 f1=0.931 matched=121/137 pred=123
      final display strict onset f1: 10ms=0.708 20ms=0.900 30ms=0.931
      final display timing: offset_f1=0.869 rhythm_precision=0.934 note_value_acc=0.430 note_value_n=121 avg_beat_error=0.146
      final display structure: cluster_f1=0.696 onset_align_recall=1.000 avg_jaccard=0.893 exact=40/57 pred=58 over=1 under=16 pitch_conflicts=0 missed_gt=0
      threshold profiles: hit_rate=0.100 thresholds=[0.71, 0.75] profiles={'baseline_nominal': 9, 'soft_sparse_recall': 1}
    delta treatment-control: precision=+0.001 recall=+0.007 f1=+0.004 offset_f1=+0.004 note_value_acc=-0.013 dup_per_100=-0.05 boundary_miss_rate=+0.000 p95_chunk_ms=+3.56 f1_10ms=-0.003 f1_20ms=+0.004 f1_30ms=+0.004 visible_p50_ms=+26.8 stabilize_p50_ms=+183.0 algo_visible_p50_ms=+25.8 algo_stabilize_p50_ms=+22.3 avg_revisions=-0.01 display_note_f1=+0.004 display_offset_f1=+0.004 display_cluster_f1=+0.017 display_cluster_jaccard=+0.009
    failure buckets: ['boundary_miss_failure', 'high_revision_slow_stabilization']
      boundary diagnostics: missed=4 by_arm={'control': 4, 'treatment': 4} tags={'control_boundary_miss': 4, 'no_control_coarse_candidate': 4}
        miss: pitch=80 onset=0.663s boundary_delta_ms=+62.8 control_coarse=False treatment_coarse=False retro=n/a
        miss: pitch=95 onset=1.784s boundary_delta_ms=-16.1 control_coarse=False treatment_coarse=False retro=n/a
        miss: pitch=95 onset=4.753s boundary_delta_ms=-47.4 control_coarse=False treatment_coarse=False retro=n/a
        ... 1 more missed boundary notes in diagnostics JSON
[TIMING] EnhancedMel.transcribe: audio_to_gpu=0.4ms, features=0.8ms, model=19.6ms, decode=2.7ms | TOTAL=23.6ms for 600ms audio (RTF=0.04x)
[TIMING] stream_chunk[experiment-43b91777aeb54790a6df82b4b2711a9e](live_neural): decode=0.3ms, inference=27.5ms, second_pass=0.0ms, contention=0.0ms, TOTAL=27.9ms | audio=600ms, RTF=0.05x | model=enhanced_mel, neural_total=26.9ms, model_inference=19.6ms
[TIMING] EnhancedMel.transcribe: audio_to_gpu=0.4ms, features=0.6ms, model=18.2ms, decode=4.1ms | TOTAL=23.4ms for 1200ms audio (RTF=0.02x)
[TIMING] stream_chunk[experiment-43b91777aeb54790a6df82b4b2711a9e](live_neural): decode=0.2ms, inference=25.3ms, second_pass=0.0ms, contention=0.0ms, TOTAL=25.7ms | audio=600ms, RTF=0.04x | model=enhanced_mel, neural_total=25.0ms, model_inference=18.2ms
[TIMING] EnhancedMel.transcribe: audio_to_gpu=0.4ms, features=0.7ms, model=18.1ms, decode=8.8ms | TOTAL=28.0ms for 1800ms audio (RTF=0.02x)
[TIMING] stream_chunk[experiment-43b91777aeb54790a6df82b4b2711a9e](live_neural): decode=0.1ms, inference=30.5ms, second_pass=0.0ms, contention=0.0ms, TOTAL=30.9ms | audio=600ms, RTF=0.05x | model=enhanced_mel, neural_total=30.0ms, model_inference=18.1ms
[TIMING] EnhancedMel.transcribe: audio_to_gpu=0.4ms, features=0.6ms, model=21.9ms, decode=11.8ms | TOTAL=34.8ms for 2400ms audio (RTF=0.01x)
[TIMING] stream_chunk[experiment-43b91777aeb54790a6df82b4b2711a9e](live_neural): decode=0.2ms, inference=39.6ms, second_pass=0.0ms, contention=0.0ms, TOTAL=40.1ms | audio=600ms, RTF=0.07x | model=enhanced_mel, neural_total=39.0ms, model_inference=21.9ms
[TIMING] EnhancedMel.transcribe: audio_to_gpu=0.3ms, features=2.2ms, model=21.0ms, decode=8.4ms | TOTAL=31.8ms for 3000ms audio (RTF=0.01x)
[TIMING] stream_chunk[experiment-43b91777aeb54790a6df82b4b2711a9e](live_neural): decode=0.3ms, inference=37.6ms, second_pass=0.0ms, contention=0.0ms, TOTAL=38.2ms | audio=600ms, RTF=0.06x | model=enhanced_mel, neural_total=36.9ms, model_inference=21.0ms
[TIMING] EnhancedMel.transcribe: audio_to_gpu=0.3ms, features=0.6ms, model=15.8ms, decode=10.2ms | TOTAL=26.9ms for 3000ms audio (RTF=0.01x)
[TIMING] stream_chunk[experiment-43b91777aeb54790a6df82b4b2711a9e](live_neural): decode=0.2ms, inference=30.9ms, second_pass=0.0ms, contention=0.0ms, TOTAL=31.4ms | audio=600ms, RTF=0.05x | model=enhanced_mel, neural_total=30.4ms, model_inference=15.8ms
[TIMING] EnhancedMel.transcribe: audio_to_gpu=0.4ms, features=0.8ms, model=21.1ms, decode=8.6ms | TOTAL=30.9ms for 3000ms audio (RTF=0.01x)
[TIMING] stream_chunk[experiment-43b91777aeb54790a6df82b4b2711a9e](live_neural): decode=0.2ms, inference=36.5ms, second_pass=0.0ms, contention=0.0ms, TOTAL=37.1ms | audio=600ms, RTF=0.06x | model=enhanced_mel, neural_total=35.8ms, model_inference=21.1ms
[TIMING] EnhancedMel.transcribe: audio_to_gpu=0.3ms, features=0.6ms, model=15.4ms, decode=12.2ms | TOTAL=28.5ms for 3000ms audio (RTF=0.01x)
[TIMING] stream_chunk[experiment-43b91777aeb54790a6df82b4b2711a9e](live_neural): decode=0.2ms, inference=32.8ms, second_pass=0.0ms, contention=0.0ms, TOTAL=33.3ms | audio=600ms, RTF=0.06x | model=enhanced_mel, neural_total=32.2ms, model_inference=15.4ms
[TIMING] EnhancedMel.transcribe: audio_to_gpu=0.3ms, features=0.5ms, model=15.9ms, decode=6.2ms | TOTAL=23.0ms for 3000ms audio (RTF=0.01x)
[TIMING] stream_chunk[experiment-43b91777aeb54790a6df82b4b2711a9e](live_neural): decode=0.1ms, inference=26.2ms, second_pass=0.0ms, contention=0.0ms, TOTAL=26.5ms | audio=600ms, RTF=0.04x | model=enhanced_mel, neural_total=25.8ms, model_inference=15.9ms
[TIMING] EnhancedMel.transcribe: audio_to_gpu=0.4ms, features=0.7ms, model=22.1ms, decode=11.4ms | TOTAL=34.6ms for 3000ms audio (RTF=0.01x)
[TIMING] stream_chunk[experiment-43b91777aeb54790a6df82b4b2711a9e](live_neural): decode=0.3ms, inference=37.8ms, second_pass=0.0ms, contention=0.0ms, TOTAL=38.4ms | audio=600ms, RTF=0.06x | model=enhanced_mel, neural_total=37.2ms, model_inference=22.1ms
[TIMING] EnhancedMel.transcribe: audio_to_gpu=1.6ms, features=0.8ms, model=20.9ms, decode=3.3ms | TOTAL=26.6ms for 600ms audio (RTF=0.04x)
[TIMING] stream_chunk[experiment-235116fbaf344237ba2b5d44a25b85ac](live_neural): decode=0.3ms, inference=30.3ms, second_pass=0.0ms, contention=0.0ms, TOTAL=30.7ms | audio=600ms, RTF=0.05x | model=enhanced_mel, neural_total=29.8ms, model_inference=20.9ms
[TIMING] EnhancedMel.transcribe: audio_to_gpu=0.2ms, features=0.5ms, model=16.3ms, decode=5.0ms | TOTAL=22.1ms for 1200ms audio (RTF=0.02x)
[TIMING] stream_chunk[experiment-235116fbaf344237ba2b5d44a25b85ac](live_neural): decode=0.3ms, inference=25.1ms, second_pass=0.0ms, contention=0.0ms, TOTAL=25.5ms | audio=600ms, RTF=0.04x | model=enhanced_mel, neural_total=24.7ms, model_inference=16.4ms
[TIMING] EnhancedMel.transcribe: audio_to_gpu=0.2ms, features=0.5ms, model=14.7ms, decode=5.2ms | TOTAL=20.6ms for 1800ms audio (RTF=0.01x)
[TIMING] stream_chunk[experiment-235116fbaf344237ba2b5d44a25b85ac](live_neural): decode=0.2ms, inference=24.8ms, second_pass=0.0ms, contention=0.0ms, TOTAL=25.2ms | audio=600ms, RTF=0.04x | model=enhanced_mel, neural_total=24.3ms, model_inference=14.7ms
[TIMING] EnhancedMel.transcribe: audio_to_gpu=0.4ms, features=0.8ms, model=14.8ms, decode=5.4ms | TOTAL=21.4ms for 2400ms audio (RTF=0.01x)
[TIMING] stream_chunk[experiment-235116fbaf344237ba2b5d44a25b85ac](live_neural): decode=0.2ms, inference=24.9ms, second_pass=0.0ms, contention=0.0ms, TOTAL=25.4ms | audio=600ms, RTF=0.04x | model=enhanced_mel, neural_total=24.5ms, model_inference=14.8ms
[TIMING] EnhancedMel.transcribe: audio_to_gpu=0.3ms, features=0.6ms, model=14.2ms, decode=6.0ms | TOTAL=21.1ms for 3000ms audio (RTF=0.01x)
[TIMING] stream_chunk[experiment-235116fbaf344237ba2b5d44a25b85ac](live_neural): decode=0.2ms, inference=24.5ms, second_pass=0.0ms, contention=0.0ms, TOTAL=25.0ms | audio=600ms, RTF=0.04x | model=enhanced_mel, neural_total=24.2ms, model_inference=14.2ms
[TIMING] EnhancedMel.transcribe: audio_to_gpu=0.2ms, features=0.6ms, model=16.9ms, decode=8.6ms | TOTAL=26.2ms for 3000ms audio (RTF=0.01x)
[TIMING] stream_chunk[experiment-235116fbaf344237ba2b5d44a25b85ac](live_neural): decode=0.1ms, inference=30.2ms, second_pass=0.0ms, contention=0.0ms, TOTAL=30.7ms | audio=600ms, RTF=0.05x | model=enhanced_mel, neural_total=29.7ms, model_inference=16.9ms
[TIMING] EnhancedMel.transcribe: audio_to_gpu=0.3ms, features=0.7ms, model=22.8ms, decode=13.7ms | TOTAL=37.6ms for 3000ms audio (RTF=0.01x)
[TIMING] stream_chunk[experiment-235116fbaf344237ba2b5d44a25b85ac](live_neural): decode=0.2ms, inference=43.3ms, second_pass=0.0ms, contention=0.0ms, TOTAL=43.9ms | audio=600ms, RTF=0.07x | model=enhanced_mel, neural_total=42.6ms, model_inference=22.8ms
[TIMING] EnhancedMel.transcribe: audio_to_gpu=0.3ms, features=0.6ms, model=15.0ms, decode=8.5ms | TOTAL=24.5ms for 3000ms audio (RTF=0.01x)
[TIMING] stream_chunk[experiment-235116fbaf344237ba2b5d44a25b85ac](live_neural): decode=0.2ms, inference=28.7ms, second_pass=0.0ms, contention=0.0ms, TOTAL=29.2ms | audio=600ms, RTF=0.05x | model=enhanced_mel, neural_total=28.2ms, model_inference=15.0ms
[TIMING] EnhancedMel.transcribe: audio_to_gpu=0.5ms, features=0.7ms, model=20.3ms, decode=12.7ms | TOTAL=34.3ms for 3000ms audio (RTF=0.01x)
[TIMING] stream_chunk[experiment-235116fbaf344237ba2b5d44a25b85ac](live_neural): decode=0.3ms, inference=39.8ms, second_pass=0.0ms, contention=0.0ms, TOTAL=40.5ms | audio=600ms, RTF=0.07x | model=enhanced_mel, neural_total=39.2ms, model_inference=20.3ms
[TIMING] EnhancedMel.transcribe: audio_to_gpu=0.7ms, features=0.9ms, model=15.3ms, decode=13.4ms | TOTAL=30.3ms for 3000ms audio (RTF=0.01x)
[TIMING] stream_chunk[experiment-235116fbaf344237ba2b5d44a25b85ac](live_neural): decode=0.3ms, inference=36.4ms, second_pass=0.0ms, contention=0.0ms, TOTAL=37.1ms | audio=600ms, RTF=0.06x | model=enhanced_mel, neural_total=35.8ms, model_inference=15.3ms

[CLIP_023] Etude No. 7 "Study in Chromatic Steps"
  excerpt: start=78.00s end=84.00s duration=6.00s gt_notes=137 rms=0.1020 peak=0.5496 crest=5.387 rms_std=0.0281
    control:
      note metrics: precision=0.964 recall=0.971 f1=0.967 matched=133/137 pred=138
      strict onset f1: 10ms=0.742 20ms=0.960 30ms=0.967
      timing metrics: offset_f1=0.945 rhythm_precision=0.977 note_value_acc=0.594 note_value_n=133 avg_beat_error=0.045
      duplicate metrics: duplicates=4 per_100_notes=2.90
      boundary metrics: gt=36 matched=35 missed=1 miss_rate=0.028
      latency: avg_chunk_ms=32.97 p95_chunk_ms=39.38 avg_rtf=0.055
      notation metrics: first_correct_ms=53.8 visible_p50_ms=316.7 visible_p95_ms=600.9 stabilize_p50_ms=978.0 stabilize_p95_ms=1668.5 avg_revisions=1.18 matched=68 refined=68 snapshots=20
      algorithmic latency: first_correct_ms=28.1 visible_p50_ms=278.6 visible_p95_ms=568.6 stabilize_p50_ms=521.9 stabilize_p95_ms=1330.1
      final display note metrics: precision=0.978 recall=0.956 f1=0.967 matched=131/137 pred=134
      final display strict onset f1: 10ms=0.731 20ms=0.959 30ms=0.967
      final display timing: offset_f1=0.945 rhythm_precision=0.977 note_value_acc=0.183 note_value_n=131 avg_beat_error=0.105
      final display structure: cluster_f1=0.649 onset_align_recall=0.961 avg_jaccard=0.833 exact=49/77 pred=74 over=11 under=10 pitch_conflicts=4 missed_gt=3
      threshold profiles: hit_rate=0.000 thresholds=[0.75] profiles={'fixed_baseline': 10}
    treatment:
      note metrics: precision=0.964 recall=0.971 f1=0.967 matched=133/137 pred=138
      strict onset f1: 10ms=0.742 20ms=0.960 30ms=0.967
      timing metrics: offset_f1=0.945 rhythm_precision=0.977 note_value_acc=0.594 note_value_n=133 avg_beat_error=0.045
      duplicate metrics: duplicates=4 per_100_notes=2.90
      boundary metrics: gt=36 matched=35 missed=1 miss_rate=0.028
      latency: avg_chunk_ms=31.32 p95_chunk_ms=42.37 avg_rtf=0.052
      notation metrics: first_correct_ms=53.6 visible_p50_ms=313.3 visible_p95_ms=604.9 stabilize_p50_ms=984.2 stabilize_p95_ms=1664.4 avg_revisions=1.18 matched=68 refined=68 snapshots=20
      algorithmic latency: first_correct_ms=28.1 visible_p50_ms=278.6 visible_p95_ms=568.6 stabilize_p50_ms=521.9 stabilize_p95_ms=1330.1
      final display note metrics: precision=0.978 recall=0.956 f1=0.967 matched=131/137 pred=134
      final display strict onset f1: 10ms=0.731 20ms=0.959 30ms=0.967
      final display timing: offset_f1=0.945 rhythm_precision=0.977 note_value_acc=0.183 note_value_n=131 avg_beat_error=0.105
      final display structure: cluster_f1=0.649 onset_align_recall=0.961 avg_jaccard=0.833 exact=49/77 pred=74 over=11 under=10 pitch_conflicts=4 missed_gt=3
      threshold profiles: hit_rate=0.200 thresholds=[0.75, 0.77] profiles={'baseline_nominal': 8, 'loud_dense_precision': 2}
    delta treatment-control: precision=+0.000 recall=+0.000 f1=+0.000 offset_f1=+0.000 note_value_acc=+0.000 dup_per_100=+0.00 boundary_miss_rate=+0.000 p95_chunk_ms=+2.99 f1_10ms=+0.000 f1_20ms=+0.000 f1_30ms=+0.000 visible_p50_ms=-3.4 stabilize_p50_ms=+6.2 algo_visible_p50_ms=+0.0 algo_stabilize_p50_ms=+0.0 avg_revisions=+0.00 display_note_f1=+0.000 display_offset_f1=+0.000 display_cluster_f1=+0.000 display_cluster_jaccard=+0.000
    failure buckets: ['boundary_miss_failure', 'high_revision_slow_stabilization']
      boundary diagnostics: missed=1 by_arm={'control': 1, 'treatment': 1} tags={'control_boundary_miss': 1, 'no_control_coarse_candidate': 1}
        miss: pitch=72 onset=4.883s boundary_delta_ms=+83.3 control_coarse=False treatment_coarse=False retro=n/a
[TIMING] EnhancedMel.transcribe: audio_to_gpu=0.5ms, features=0.7ms, model=16.0ms, decode=1.9ms | TOTAL=19.1ms for 600ms audio (RTF=0.03x)
[TIMING] stream_chunk[experiment-3d1ccab18f9c4d2eacef2b9502a7a054](live_neural): decode=0.2ms, inference=22.2ms, second_pass=0.0ms, contention=0.0ms, TOTAL=22.5ms | audio=600ms, RTF=0.04x | model=enhanced_mel, neural_total=21.5ms, model_inference=16.0ms
[TIMING] EnhancedMel.transcribe: audio_to_gpu=0.3ms, features=0.6ms, model=12.9ms, decode=4.6ms | TOTAL=18.4ms for 1200ms audio (RTF=0.02x)
[TIMING] stream_chunk[experiment-3d1ccab18f9c4d2eacef2b9502a7a054](live_neural): decode=0.2ms, inference=21.6ms, second_pass=0.0ms, contention=0.0ms, TOTAL=21.9ms | audio=600ms, RTF=0.04x | model=enhanced_mel, neural_total=21.0ms, model_inference=12.9ms
[TIMING] EnhancedMel.transcribe: audio_to_gpu=0.3ms, features=0.6ms, model=17.6ms, decode=6.2ms | TOTAL=24.7ms for 1800ms audio (RTF=0.01x)
[TIMING] stream_chunk[experiment-3d1ccab18f9c4d2eacef2b9502a7a054](live_neural): decode=0.2ms, inference=27.8ms, second_pass=0.0ms, contention=0.0ms, TOTAL=28.2ms | audio=600ms, RTF=0.05x | model=enhanced_mel, neural_total=27.4ms, model_inference=17.6ms
[TIMING] EnhancedMel.transcribe: audio_to_gpu=0.4ms, features=0.6ms, model=15.2ms, decode=6.9ms | TOTAL=23.0ms for 2400ms audio (RTF=0.01x)
[TIMING] stream_chunk[experiment-3d1ccab18f9c4d2eacef2b9502a7a054](live_neural): decode=0.2ms, inference=26.3ms, second_pass=0.0ms, contention=0.0ms, TOTAL=26.7ms | audio=600ms, RTF=0.04x | model=enhanced_mel, neural_total=25.9ms, model_inference=15.2ms
[TIMING] EnhancedMel.transcribe: audio_to_gpu=0.3ms, features=0.6ms, model=14.6ms, decode=8.3ms | TOTAL=23.9ms for 3000ms audio (RTF=0.01x)
[TIMING] stream_chunk[experiment-3d1ccab18f9c4d2eacef2b9502a7a054](live_neural): decode=0.1ms, inference=26.8ms, second_pass=0.0ms, contention=0.0ms, TOTAL=27.2ms | audio=600ms, RTF=0.05x | model=enhanced_mel, neural_total=26.3ms, model_inference=14.6ms
[TIMING] EnhancedMel.transcribe: audio_to_gpu=0.4ms, features=0.8ms, model=12.9ms, decode=8.6ms | TOTAL=22.7ms for 3000ms audio (RTF=0.01x)
[TIMING] stream_chunk[experiment-3d1ccab18f9c4d2eacef2b9502a7a054](live_neural): decode=0.2ms, inference=26.4ms, second_pass=0.0ms, contention=0.0ms, TOTAL=26.8ms | audio=600ms, RTF=0.04x | model=enhanced_mel, neural_total=25.9ms, model_inference=12.9ms
[TIMING] EnhancedMel.transcribe: audio_to_gpu=0.3ms, features=0.6ms, model=16.0ms, decode=12.4ms | TOTAL=29.3ms for 3000ms audio (RTF=0.01x)
[TIMING] stream_chunk[experiment-3d1ccab18f9c4d2eacef2b9502a7a054](live_neural): decode=0.2ms, inference=33.3ms, second_pass=0.0ms, contention=0.0ms, TOTAL=33.7ms | audio=600ms, RTF=0.06x | model=enhanced_mel, neural_total=32.7ms, model_inference=16.0ms
[TIMING] EnhancedMel.transcribe: audio_to_gpu=0.3ms, features=2.4ms, model=14.5ms, decode=7.4ms | TOTAL=24.6ms for 3000ms audio (RTF=0.01x)
[TIMING] stream_chunk[experiment-3d1ccab18f9c4d2eacef2b9502a7a054](live_neural): decode=0.2ms, inference=28.6ms, second_pass=0.0ms, contention=0.0ms, TOTAL=29.0ms | audio=600ms, RTF=0.05x | model=enhanced_mel, neural_total=28.1ms, model_inference=14.5ms
[TIMING] EnhancedMel.transcribe: audio_to_gpu=0.2ms, features=0.4ms, model=17.0ms, decode=7.5ms | TOTAL=25.1ms for 3000ms audio (RTF=0.01x)
[TIMING] stream_chunk[experiment-3d1ccab18f9c4d2eacef2b9502a7a054](live_neural): decode=0.2ms, inference=28.7ms, second_pass=0.0ms, contention=0.0ms, TOTAL=28.9ms | audio=600ms, RTF=0.05x | model=enhanced_mel, neural_total=28.2ms, model_inference=17.0ms
[TIMING] EnhancedMel.transcribe: audio_to_gpu=0.2ms, features=0.5ms, model=15.0ms, decode=6.6ms | TOTAL=22.3ms for 3000ms audio (RTF=0.01x)
[TIMING] stream_chunk[experiment-3d1ccab18f9c4d2eacef2b9502a7a054](live_neural): decode=0.2ms, inference=25.0ms, second_pass=0.0ms, contention=0.0ms, TOTAL=25.3ms | audio=600ms, RTF=0.04x | model=enhanced_mel, neural_total=24.6ms, model_inference=15.0ms
[TIMING] EnhancedMel.transcribe: audio_to_gpu=0.5ms, features=0.5ms, model=12.7ms, decode=1.8ms | TOTAL=15.5ms for 600ms audio (RTF=0.03x)
[TIMING] stream_chunk[experiment-3b6838ae487a4bc3aa58564f84bed187](live_neural): decode=0.2ms, inference=18.0ms, second_pass=0.0ms, contention=0.0ms, TOTAL=18.2ms | audio=600ms, RTF=0.03x | model=enhanced_mel, neural_total=17.5ms, model_inference=12.7ms
[TIMING] EnhancedMel.transcribe: audio_to_gpu=0.2ms, features=0.5ms, model=16.4ms, decode=6.6ms | TOTAL=23.7ms for 1200ms audio (RTF=0.02x)
[TIMING] stream_chunk[experiment-3b6838ae487a4bc3aa58564f84bed187](live_neural): decode=0.1ms, inference=26.5ms, second_pass=0.0ms, contention=0.0ms, TOTAL=26.7ms | audio=600ms, RTF=0.04x | model=enhanced_mel, neural_total=26.0ms, model_inference=16.4ms
[TIMING] EnhancedMel.transcribe: audio_to_gpu=0.2ms, features=0.6ms, model=16.7ms, decode=6.5ms | TOTAL=24.0ms for 1800ms audio (RTF=0.01x)
[TIMING] stream_chunk[experiment-3b6838ae487a4bc3aa58564f84bed187](live_neural): decode=0.2ms, inference=27.0ms, second_pass=0.0ms, contention=0.0ms, TOTAL=27.3ms | audio=600ms, RTF=0.05x | model=enhanced_mel, neural_total=26.6ms, model_inference=16.7ms
[TIMING] EnhancedMel.transcribe: audio_to_gpu=0.3ms, features=0.6ms, model=19.0ms, decode=7.1ms | TOTAL=27.2ms for 2400ms audio (RTF=0.01x)
[TIMING] stream_chunk[experiment-3b6838ae487a4bc3aa58564f84bed187](live_neural): decode=0.1ms, inference=29.9ms, second_pass=0.0ms, contention=0.0ms, TOTAL=30.2ms | audio=600ms, RTF=0.05x | model=enhanced_mel, neural_total=29.5ms, model_inference=19.0ms
[TIMING] EnhancedMel.transcribe: audio_to_gpu=0.3ms, features=0.8ms, model=18.4ms, decode=5.9ms | TOTAL=25.5ms for 3000ms audio (RTF=0.01x)
[TIMING] stream_chunk[experiment-3b6838ae487a4bc3aa58564f84bed187](live_neural): decode=0.2ms, inference=29.7ms, second_pass=0.0ms, contention=0.0ms, TOTAL=30.1ms | audio=600ms, RTF=0.05x | model=enhanced_mel, neural_total=29.2ms, model_inference=18.4ms
[TIMING] EnhancedMel.transcribe: audio_to_gpu=0.3ms, features=0.6ms, model=18.3ms, decode=8.5ms | TOTAL=27.7ms for 3000ms audio (RTF=0.01x)
[TIMING] stream_chunk[experiment-3b6838ae487a4bc3aa58564f84bed187](live_neural): decode=0.2ms, inference=31.5ms, second_pass=0.0ms, contention=0.0ms, TOTAL=31.9ms | audio=600ms, RTF=0.05x | model=enhanced_mel, neural_total=31.0ms, model_inference=18.3ms
[TIMING] EnhancedMel.transcribe: audio_to_gpu=0.3ms, features=0.6ms, model=15.9ms, decode=8.0ms | TOTAL=24.8ms for 3000ms audio (RTF=0.01x)
[TIMING] stream_chunk[experiment-3b6838ae487a4bc3aa58564f84bed187](live_neural): decode=0.2ms, inference=27.4ms, second_pass=0.0ms, contention=0.0ms, TOTAL=27.7ms | audio=600ms, RTF=0.05x | model=enhanced_mel, neural_total=27.0ms, model_inference=15.9ms
[TIMING] EnhancedMel.transcribe: audio_to_gpu=0.3ms, features=0.6ms, model=21.3ms, decode=8.2ms | TOTAL=30.3ms for 3000ms audio (RTF=0.01x)
[TIMING] stream_chunk[experiment-3b6838ae487a4bc3aa58564f84bed187](live_neural): decode=0.2ms, inference=35.5ms, second_pass=0.0ms, contention=0.0ms, TOTAL=35.8ms | audio=600ms, RTF=0.06x | model=enhanced_mel, neural_total=35.1ms, model_inference=21.3ms
[TIMING] EnhancedMel.transcribe: audio_to_gpu=1.3ms, features=0.8ms, model=17.1ms, decode=12.1ms | TOTAL=31.2ms for 3000ms audio (RTF=0.01x)
[TIMING] stream_chunk[experiment-3b6838ae487a4bc3aa58564f84bed187](live_neural): decode=0.1ms, inference=35.5ms, second_pass=0.0ms, contention=0.0ms, TOTAL=35.7ms | audio=600ms, RTF=0.06x | model=enhanced_mel, neural_total=34.8ms, model_inference=17.1ms
[TIMING] EnhancedMel.transcribe: audio_to_gpu=0.5ms, features=0.8ms, model=20.5ms, decode=6.8ms | TOTAL=28.6ms for 3000ms audio (RTF=0.01x)
[TIMING] stream_chunk[experiment-3b6838ae487a4bc3aa58564f84bed187](live_neural): decode=0.3ms, inference=31.1ms, second_pass=0.0ms, contention=0.0ms, TOTAL=31.5ms | audio=600ms, RTF=0.05x | model=enhanced_mel, neural_total=30.6ms, model_inference=20.5ms

[CLIP_024] Hungarian Rhapsody No. 9 in E-flat Major, S. 244
  excerpt: start=21.00s end=27.00s duration=6.00s gt_notes=83 rms=0.0266 peak=0.2525 crest=9.478 rms_std=0.0179
    control:
      note metrics: precision=0.947 recall=0.867 f1=0.906 matched=72/83 pred=76
      strict onset f1: 10ms=0.780 20ms=0.906 30ms=0.906
      timing metrics: offset_f1=0.906 rhythm_precision=1.000 note_value_acc=0.931 note_value_n=72 avg_beat_error=0.010
      duplicate metrics: duplicates=1 per_100_notes=1.32
      boundary metrics: gt=26 matched=21 missed=5 miss_rate=0.192
      latency: avg_chunk_ms=27.01 p95_chunk_ms=31.58 avg_rtf=0.045
      notation metrics: first_correct_ms=31.3 visible_p50_ms=346.5 visible_p95_ms=604.2 stabilize_p50_ms=3965.7 stabilize_p95_ms=5282.7 avg_revisions=1.17 matched=6 refined=6 snapshots=14
      algorithmic latency: first_correct_ms=4.2 visible_p50_ms=322.9 visible_p95_ms=577.1 stabilize_p50_ms=2999.5 stabilize_p95_ms=4316.4
      final display note metrics: precision=0.960 recall=0.867 f1=0.911 matched=72/83 pred=75
      final display strict onset f1: 10ms=0.772 20ms=0.911 30ms=0.911
      final display timing: offset_f1=0.911 rhythm_precision=1.000 note_value_acc=0.375 note_value_n=72 avg_beat_error=0.262
      final display structure: cluster_f1=0.634 onset_align_recall=1.000 avg_jaccard=0.871 exact=13/20 pred=21 over=0 under=6 pitch_conflicts=1 missed_gt=0
      threshold profiles: hit_rate=0.000 thresholds=[0.75] profiles={'fixed_baseline': 10}
    treatment:
      note metrics: precision=0.947 recall=0.867 f1=0.906 matched=72/83 pred=76
      strict onset f1: 10ms=0.780 20ms=0.906 30ms=0.906
      timing metrics: offset_f1=0.906 rhythm_precision=1.000 note_value_acc=0.931 note_value_n=72 avg_beat_error=0.010
      duplicate metrics: duplicates=1 per_100_notes=1.32
      boundary metrics: gt=26 matched=21 missed=5 miss_rate=0.192
      latency: avg_chunk_ms=29.51 p95_chunk_ms=35.77 avg_rtf=0.049
      notation metrics: first_correct_ms=34.2 visible_p50_ms=352.0 visible_p95_ms=607.8 stabilize_p50_ms=3972.0 stabilize_p95_ms=5288.9 avg_revisions=1.17 matched=6 refined=6 snapshots=14
      algorithmic latency: first_correct_ms=4.2 visible_p50_ms=322.9 visible_p95_ms=577.1 stabilize_p50_ms=2999.5 stabilize_p95_ms=4316.4
      final display note metrics: precision=0.960 recall=0.867 f1=0.911 matched=72/83 pred=75
      final display strict onset f1: 10ms=0.772 20ms=0.911 30ms=0.911
      final display timing: offset_f1=0.911 rhythm_precision=1.000 note_value_acc=0.375 note_value_n=72 avg_beat_error=0.262
      final display structure: cluster_f1=0.634 onset_align_recall=1.000 avg_jaccard=0.871 exact=13/20 pred=21 over=0 under=6 pitch_conflicts=1 missed_gt=0
      threshold profiles: hit_rate=0.400 thresholds=[0.71, 0.75] profiles={'baseline_nominal': 6, 'soft_sparse_recall': 4}
    delta treatment-control: precision=+0.000 recall=+0.000 f1=+0.000 offset_f1=+0.000 note_value_acc=+0.000 dup_per_100=+0.00 boundary_miss_rate=+0.000 p95_chunk_ms=+4.20 f1_10ms=+0.000 f1_20ms=+0.000 f1_30ms=+0.000 visible_p50_ms=+5.5 stabilize_p50_ms=+6.3 algo_visible_p50_ms=+0.0 algo_stabilize_p50_ms=+0.0 avg_revisions=+0.00 display_note_f1=+0.000 display_offset_f1=+0.000 display_cluster_f1=+0.000 display_cluster_jaccard=+0.000
    failure buckets: ['boundary_miss_failure', 'high_revision_slow_stabilization']
      boundary diagnostics: missed=5 by_arm={'control': 5, 'treatment': 5} tags={'control_boundary_miss': 5, 'no_control_coarse_candidate': 5}
        miss: pitch=76 onset=1.791s boundary_delta_ms=-9.4 control_coarse=False treatment_coarse=False retro=n/a
        miss: pitch=85 onset=2.906s boundary_delta_ms=-93.8 control_coarse=False treatment_coarse=False retro=n/a
        miss: pitch=101 onset=2.906s boundary_delta_ms=-93.8 control_coarse=False treatment_coarse=False retro=n/a
        ... 2 more missed boundary notes in diagnostics JSON
[TIMING] EnhancedMel.transcribe: audio_to_gpu=0.6ms, features=0.7ms, model=15.7ms, decode=3.0ms | TOTAL=20.0ms for 600ms audio (RTF=0.03x)
[TIMING] stream_chunk[experiment-bf079d8120cb46d0a4e4b45258da8821](live_neural): decode=0.2ms, inference=23.4ms, second_pass=0.0ms, contention=0.0ms, TOTAL=23.7ms | audio=600ms, RTF=0.04x | model=enhanced_mel, neural_total=22.8ms, model_inference=15.7ms
[TIMING] EnhancedMel.transcribe: audio_to_gpu=0.2ms, features=0.6ms, model=14.7ms, decode=4.0ms | TOTAL=19.6ms for 1200ms audio (RTF=0.02x)
[TIMING] stream_chunk[experiment-bf079d8120cb46d0a4e4b45258da8821](live_neural): decode=0.5ms, inference=22.8ms, second_pass=0.0ms, contention=0.0ms, TOTAL=23.4ms | audio=600ms, RTF=0.04x | model=enhanced_mel, neural_total=22.2ms, model_inference=14.7ms
[TIMING] EnhancedMel.transcribe: audio_to_gpu=0.2ms, features=0.7ms, model=18.1ms, decode=8.2ms | TOTAL=27.3ms for 1800ms audio (RTF=0.02x)
[TIMING] stream_chunk[experiment-bf079d8120cb46d0a4e4b45258da8821](live_neural): decode=0.1ms, inference=29.6ms, second_pass=0.0ms, contention=0.0ms, TOTAL=29.9ms | audio=600ms, RTF=0.05x | model=enhanced_mel, neural_total=29.1ms, model_inference=18.1ms
[TIMING] EnhancedMel.transcribe: audio_to_gpu=1.7ms, features=0.7ms, model=15.4ms, decode=6.3ms | TOTAL=24.1ms for 2400ms audio (RTF=0.01x)
[TIMING] stream_chunk[experiment-bf079d8120cb46d0a4e4b45258da8821](live_neural): decode=0.2ms, inference=26.9ms, second_pass=0.0ms, contention=0.0ms, TOTAL=27.4ms | audio=600ms, RTF=0.05x | model=enhanced_mel, neural_total=26.5ms, model_inference=15.4ms
[TIMING] EnhancedMel.transcribe: audio_to_gpu=0.3ms, features=0.7ms, model=20.0ms, decode=10.1ms | TOTAL=31.1ms for 3000ms audio (RTF=0.01x)
[TIMING] stream_chunk[experiment-bf079d8120cb46d0a4e4b45258da8821](live_neural): decode=0.2ms, inference=36.2ms, second_pass=0.0ms, contention=0.0ms, TOTAL=36.5ms | audio=600ms, RTF=0.06x | model=enhanced_mel, neural_total=35.7ms, model_inference=20.0ms
[TIMING] EnhancedMel.transcribe: audio_to_gpu=0.5ms, features=0.6ms, model=15.4ms, decode=7.9ms | TOTAL=24.4ms for 3000ms audio (RTF=0.01x)
[TIMING] stream_chunk[experiment-bf079d8120cb46d0a4e4b45258da8821](live_neural): decode=0.1ms, inference=29.1ms, second_pass=0.0ms, contention=0.0ms, TOTAL=29.4ms | audio=600ms, RTF=0.05x | model=enhanced_mel, neural_total=28.7ms, model_inference=15.4ms
[TIMING] EnhancedMel.transcribe: audio_to_gpu=0.4ms, features=0.7ms, model=22.1ms, decode=8.7ms | TOTAL=31.8ms for 3000ms audio (RTF=0.01x)
[TIMING] stream_chunk[experiment-bf079d8120cb46d0a4e4b45258da8821](live_neural): decode=0.2ms, inference=35.8ms, second_pass=0.0ms, contention=0.0ms, TOTAL=36.3ms | audio=600ms, RTF=0.06x | model=enhanced_mel, neural_total=35.1ms, model_inference=22.1ms
[TIMING] EnhancedMel.transcribe: audio_to_gpu=0.4ms, features=1.3ms, model=14.5ms, decode=8.0ms | TOTAL=24.2ms for 3000ms audio (RTF=0.01x)
[TIMING] stream_chunk[experiment-bf079d8120cb46d0a4e4b45258da8821](live_neural): decode=0.2ms, inference=28.9ms, second_pass=0.0ms, contention=0.0ms, TOTAL=29.4ms | audio=600ms, RTF=0.05x | model=enhanced_mel, neural_total=28.3ms, model_inference=14.5ms
[TIMING] EnhancedMel.transcribe: audio_to_gpu=0.3ms, features=1.2ms, model=14.6ms, decode=8.8ms | TOTAL=24.9ms for 3000ms audio (RTF=0.01x)
[TIMING] stream_chunk[experiment-bf079d8120cb46d0a4e4b45258da8821](live_neural): decode=0.2ms, inference=29.8ms, second_pass=0.0ms, contention=0.0ms, TOTAL=30.3ms | audio=600ms, RTF=0.05x | model=enhanced_mel, neural_total=29.0ms, model_inference=14.6ms
[TIMING] EnhancedMel.transcribe: audio_to_gpu=0.4ms, features=0.6ms, model=15.1ms, decode=9.1ms | TOTAL=25.3ms for 3000ms audio (RTF=0.01x)
[TIMING] stream_chunk[experiment-bf079d8120cb46d0a4e4b45258da8821](live_neural): decode=0.2ms, inference=30.1ms, second_pass=0.0ms, contention=0.0ms, TOTAL=30.6ms | audio=600ms, RTF=0.05x | model=enhanced_mel, neural_total=29.3ms, model_inference=15.1ms
[TIMING] EnhancedMel.transcribe: audio_to_gpu=0.5ms, features=1.1ms, model=12.9ms, decode=1.7ms | TOTAL=16.2ms for 600ms audio (RTF=0.03x)
[TIMING] stream_chunk[experiment-315c808d05f64e7a8a1d6eabe9936750](live_neural): decode=0.2ms, inference=18.5ms, second_pass=0.0ms, contention=0.0ms, TOTAL=18.8ms | audio=600ms, RTF=0.03x | model=enhanced_mel, neural_total=18.1ms, model_inference=12.9ms
[TIMING] EnhancedMel.transcribe: audio_to_gpu=0.2ms, features=0.6ms, model=18.4ms, decode=5.2ms | TOTAL=24.5ms for 1200ms audio (RTF=0.02x)
[TIMING] stream_chunk[experiment-315c808d05f64e7a8a1d6eabe9936750](live_neural): decode=0.1ms, inference=27.4ms, second_pass=0.0ms, contention=0.0ms, TOTAL=27.7ms | audio=600ms, RTF=0.05x | model=enhanced_mel, neural_total=26.9ms, model_inference=18.4ms
[TIMING] EnhancedMel.transcribe: audio_to_gpu=0.2ms, features=0.7ms, model=20.7ms, decode=8.9ms | TOTAL=30.5ms for 1800ms audio (RTF=0.02x)
[TIMING] stream_chunk[experiment-315c808d05f64e7a8a1d6eabe9936750](live_neural): decode=0.2ms, inference=35.5ms, second_pass=0.0ms, contention=0.0ms, TOTAL=35.9ms | audio=600ms, RTF=0.06x | model=enhanced_mel, neural_total=34.8ms, model_inference=20.7ms
[TIMING] EnhancedMel.transcribe: audio_to_gpu=0.4ms, features=0.6ms, model=17.6ms, decode=6.4ms | TOTAL=25.0ms for 2400ms audio (RTF=0.01x)
[TIMING] stream_chunk[experiment-315c808d05f64e7a8a1d6eabe9936750](live_neural): decode=0.3ms, inference=28.7ms, second_pass=0.0ms, contention=0.0ms, TOTAL=29.3ms | audio=600ms, RTF=0.05x | model=enhanced_mel, neural_total=28.1ms, model_inference=17.6ms
[TIMING] EnhancedMel.transcribe: audio_to_gpu=0.3ms, features=0.7ms, model=15.8ms, decode=6.7ms | TOTAL=23.5ms for 3000ms audio (RTF=0.01x)
[TIMING] stream_chunk[experiment-315c808d05f64e7a8a1d6eabe9936750](live_neural): decode=0.3ms, inference=28.5ms, second_pass=0.0ms, contention=0.0ms, TOTAL=29.0ms | audio=600ms, RTF=0.05x | model=enhanced_mel, neural_total=28.0ms, model_inference=15.8ms
[TIMING] EnhancedMel.transcribe: audio_to_gpu=0.9ms, features=0.8ms, model=14.1ms, decode=8.6ms | TOTAL=24.5ms for 3000ms audio (RTF=0.01x)
[TIMING] stream_chunk[experiment-315c808d05f64e7a8a1d6eabe9936750](live_neural): decode=0.1ms, inference=28.2ms, second_pass=0.0ms, contention=0.0ms, TOTAL=28.5ms | audio=600ms, RTF=0.05x | model=enhanced_mel, neural_total=27.7ms, model_inference=14.1ms
[TIMING] EnhancedMel.transcribe: audio_to_gpu=0.4ms, features=1.0ms, model=21.1ms, decode=7.8ms | TOTAL=30.3ms for 3000ms audio (RTF=0.01x)
[TIMING] stream_chunk[experiment-315c808d05f64e7a8a1d6eabe9936750](live_neural): decode=0.2ms, inference=36.2ms, second_pass=0.0ms, contention=0.0ms, TOTAL=36.7ms | audio=600ms, RTF=0.06x | model=enhanced_mel, neural_total=35.5ms, model_inference=21.1ms
[TIMING] EnhancedMel.transcribe: audio_to_gpu=0.3ms, features=0.8ms, model=18.7ms, decode=8.1ms | TOTAL=27.9ms for 3000ms audio (RTF=0.01x)
[TIMING] stream_chunk[experiment-315c808d05f64e7a8a1d6eabe9936750](live_neural): decode=0.2ms, inference=33.4ms, second_pass=0.0ms, contention=0.0ms, TOTAL=33.9ms | audio=600ms, RTF=0.06x | model=enhanced_mel, neural_total=32.8ms, model_inference=18.7ms
[TIMING] EnhancedMel.transcribe: audio_to_gpu=0.5ms, features=1.1ms, model=16.9ms, decode=8.0ms | TOTAL=26.5ms for 3000ms audio (RTF=0.01x)
[TIMING] stream_chunk[experiment-315c808d05f64e7a8a1d6eabe9936750](live_neural): decode=0.2ms, inference=32.3ms, second_pass=0.0ms, contention=0.0ms, TOTAL=32.8ms | audio=600ms, RTF=0.05x | model=enhanced_mel, neural_total=31.6ms, model_inference=16.9ms
[TIMING] EnhancedMel.transcribe: audio_to_gpu=0.3ms, features=0.7ms, model=15.2ms, decode=8.1ms | TOTAL=24.3ms for 3000ms audio (RTF=0.01x)
[TIMING] stream_chunk[experiment-315c808d05f64e7a8a1d6eabe9936750](live_neural): decode=0.3ms, inference=29.2ms, second_pass=0.0ms, contention=0.0ms, TOTAL=29.7ms | audio=600ms, RTF=0.05x | model=enhanced_mel, neural_total=28.6ms, model_inference=15.2ms

[CLIP_025] Jardins sous la pluie from Estampes
  excerpt: start=78.00s end=84.00s duration=6.00s gt_notes=111 rms=0.1094 peak=0.6345 crest=5.802 rms_std=0.0496
    control:
      note metrics: precision=0.971 recall=0.919 f1=0.944 matched=102/111 pred=105
      strict onset f1: 10ms=0.815 20ms=0.944 30ms=0.944
      timing metrics: offset_f1=0.806 rhythm_precision=0.853 note_value_acc=0.422 note_value_n=102 avg_beat_error=0.077
      duplicate metrics: duplicates=1 per_100_notes=0.95
      boundary metrics: gt=35 matched=30 missed=5 miss_rate=0.143
      latency: avg_chunk_ms=29.71 p95_chunk_ms=36.43 avg_rtf=0.050
      notation metrics: first_correct_ms=45.0 visible_p50_ms=393.3 visible_p95_ms=615.8 stabilize_p50_ms=1219.1 stabilize_p95_ms=2170.3 avg_revisions=0.96 matched=47 refined=47 snapshots=20
      algorithmic latency: first_correct_ms=14.3 visible_p50_ms=369.5 visible_p95_ms=589.2 stabilize_p50_ms=703.1 stabilize_p95_ms=1759.8
      final display note metrics: precision=0.981 recall=0.919 f1=0.949 matched=102/111 pred=104
      final display strict onset f1: 10ms=0.819 20ms=0.949 30ms=0.949
      final display timing: offset_f1=0.809 rhythm_precision=0.853 note_value_acc=0.216 note_value_n=102 avg_beat_error=0.145
      final display structure: cluster_f1=0.797 onset_align_recall=0.971 avg_jaccard=0.909 exact=55/70 pred=68 over=4 under=9 pitch_conflicts=0 missed_gt=2
      threshold profiles: hit_rate=0.000 thresholds=[0.75] profiles={'fixed_baseline': 10}
    treatment:
      note metrics: precision=0.981 recall=0.919 f1=0.949 matched=102/111 pred=104
      strict onset f1: 10ms=0.819 20ms=0.949 30ms=0.949
      timing metrics: offset_f1=0.809 rhythm_precision=0.853 note_value_acc=0.422 note_value_n=102 avg_beat_error=0.077
      duplicate metrics: duplicates=1 per_100_notes=0.96
      boundary metrics: gt=35 matched=30 missed=5 miss_rate=0.143
      latency: avg_chunk_ms=30.24 p95_chunk_ms=36.33 avg_rtf=0.051
      notation metrics: first_correct_ms=44.0 visible_p50_ms=388.3 visible_p95_ms=618.6 stabilize_p50_ms=1220.9 stabilize_p95_ms=2171.7 avg_revisions=0.96 matched=47 refined=47 snapshots=20
      algorithmic latency: first_correct_ms=14.3 visible_p50_ms=369.5 visible_p95_ms=589.2 stabilize_p50_ms=703.1 stabilize_p95_ms=1759.8
      final display note metrics: precision=0.990 recall=0.919 f1=0.953 matched=102/111 pred=103
      final display strict onset f1: 10ms=0.822 20ms=0.953 30ms=0.953
      final display timing: offset_f1=0.813 rhythm_precision=0.853 note_value_acc=0.206 note_value_n=102 avg_beat_error=0.146
      final display structure: cluster_f1=0.812 onset_align_recall=0.971 avg_jaccard=0.914 exact=56/70 pred=68 over=3 under=9 pitch_conflicts=0 missed_gt=2
      threshold profiles: hit_rate=0.500 thresholds=[0.75, 0.77] profiles={'baseline_nominal': 5, 'loud_dense_precision': 5}
    delta treatment-control: precision=+0.009 recall=+0.000 f1=+0.004 offset_f1=+0.004 note_value_acc=+0.000 dup_per_100=+0.01 boundary_miss_rate=+0.000 p95_chunk_ms=-0.11 f1_10ms=+0.004 f1_20ms=+0.004 f1_30ms=+0.004 visible_p50_ms=-4.9 stabilize_p50_ms=+1.8 algo_visible_p50_ms=+0.0 algo_stabilize_p50_ms=+0.0 avg_revisions=+0.00 display_note_f1=+0.004 display_offset_f1=+0.004 display_cluster_f1=+0.014 display_cluster_jaccard=+0.005
    failure buckets: ['boundary_miss_failure', 'high_revision_slow_stabilization', 'note_value_offset_failure']
      boundary diagnostics: missed=5 by_arm={'control': 5, 'treatment': 5} tags={'control_boundary_miss': 5, 'no_control_coarse_candidate': 5}
        miss: pitch=77 onset=0.669s boundary_delta_ms=+69.3 control_coarse=False treatment_coarse=False retro=n/a
        miss: pitch=84 onset=2.951s boundary_delta_ms=-49.5 control_coarse=False treatment_coarse=False retro=n/a
        miss: pitch=84 onset=4.835s boundary_delta_ms=+34.6 control_coarse=False treatment_coarse=False retro=n/a
        ... 2 more missed boundary notes in diagnostics JSON
[TIMING] EnhancedMel.transcribe: audio_to_gpu=0.4ms, features=0.6ms, model=16.7ms, decode=1.7ms | TOTAL=19.4ms for 600ms audio (RTF=0.03x)
[TIMING] stream_chunk[experiment-e97aa538be7d48d0b0a623b2a4373d6b](live_neural): decode=0.2ms, inference=23.6ms, second_pass=0.0ms, contention=0.0ms, TOTAL=23.9ms | audio=600ms, RTF=0.04x | model=enhanced_mel, neural_total=23.0ms, model_inference=16.7ms
[TIMING] EnhancedMel.transcribe: audio_to_gpu=0.2ms, features=0.4ms, model=18.7ms, decode=5.4ms | TOTAL=24.7ms for 1200ms audio (RTF=0.02x)
[TIMING] stream_chunk[experiment-e97aa538be7d48d0b0a623b2a4373d6b](live_neural): decode=0.3ms, inference=27.5ms, second_pass=0.0ms, contention=0.0ms, TOTAL=27.9ms | audio=600ms, RTF=0.05x | model=enhanced_mel, neural_total=27.1ms, model_inference=18.7ms
[TIMING] EnhancedMel.transcribe: audio_to_gpu=0.3ms, features=0.7ms, model=18.2ms, decode=4.7ms | TOTAL=23.8ms for 1800ms audio (RTF=0.01x)
[TIMING] stream_chunk[experiment-e97aa538be7d48d0b0a623b2a4373d6b](live_neural): decode=0.3ms, inference=28.5ms, second_pass=0.0ms, contention=0.0ms, TOTAL=29.0ms | audio=600ms, RTF=0.05x | model=enhanced_mel, neural_total=28.0ms, model_inference=18.2ms
[TIMING] EnhancedMel.transcribe: audio_to_gpu=0.4ms, features=0.8ms, model=20.0ms, decode=8.6ms | TOTAL=29.7ms for 2400ms audio (RTF=0.01x)
[TIMING] stream_chunk[experiment-e97aa538be7d48d0b0a623b2a4373d6b](live_neural): decode=0.2ms, inference=33.7ms, second_pass=0.0ms, contention=0.0ms, TOTAL=34.1ms | audio=600ms, RTF=0.06x | model=enhanced_mel, neural_total=33.1ms, model_inference=20.0ms
[TIMING] EnhancedMel.transcribe: audio_to_gpu=0.3ms, features=0.8ms, model=21.8ms, decode=7.7ms | TOTAL=30.5ms for 3000ms audio (RTF=0.01x)
[TIMING] stream_chunk[experiment-e97aa538be7d48d0b0a623b2a4373d6b](live_neural): decode=0.3ms, inference=36.2ms, second_pass=0.0ms, contention=0.0ms, TOTAL=36.8ms | audio=600ms, RTF=0.06x | model=enhanced_mel, neural_total=35.7ms, model_inference=21.8ms
[TIMING] EnhancedMel.transcribe: audio_to_gpu=0.4ms, features=0.7ms, model=21.9ms, decode=11.4ms | TOTAL=34.4ms for 3000ms audio (RTF=0.01x)
[TIMING] stream_chunk[experiment-e97aa538be7d48d0b0a623b2a4373d6b](live_neural): decode=0.3ms, inference=38.1ms, second_pass=0.0ms, contention=0.0ms, TOTAL=38.6ms | audio=600ms, RTF=0.06x | model=enhanced_mel, neural_total=37.5ms, model_inference=21.9ms
[TIMING] EnhancedMel.transcribe: audio_to_gpu=0.4ms, features=0.8ms, model=22.8ms, decode=11.5ms | TOTAL=35.5ms for 3000ms audio (RTF=0.01x)
[TIMING] stream_chunk[experiment-e97aa538be7d48d0b0a623b2a4373d6b](live_neural): decode=0.2ms, inference=40.7ms, second_pass=0.0ms, contention=0.0ms, TOTAL=41.1ms | audio=600ms, RTF=0.07x | model=enhanced_mel, neural_total=40.1ms, model_inference=22.8ms
[TIMING] EnhancedMel.transcribe: audio_to_gpu=0.3ms, features=0.8ms, model=24.1ms, decode=7.9ms | TOTAL=33.2ms for 3000ms audio (RTF=0.01x)
[TIMING] stream_chunk[experiment-e97aa538be7d48d0b0a623b2a4373d6b](live_neural): decode=0.3ms, inference=38.8ms, second_pass=0.0ms, contention=0.0ms, TOTAL=39.4ms | audio=600ms, RTF=0.07x | model=enhanced_mel, neural_total=38.2ms, model_inference=24.1ms
[TIMING] EnhancedMel.transcribe: audio_to_gpu=0.4ms, features=0.7ms, model=20.3ms, decode=12.6ms | TOTAL=33.9ms for 3000ms audio (RTF=0.01x)
[TIMING] stream_chunk[experiment-e97aa538be7d48d0b0a623b2a4373d6b](live_neural): decode=0.2ms, inference=39.4ms, second_pass=0.0ms, contention=0.0ms, TOTAL=39.8ms | audio=600ms, RTF=0.07x | model=enhanced_mel, neural_total=38.9ms, model_inference=20.3ms
[TIMING] EnhancedMel.transcribe: audio_to_gpu=0.3ms, features=0.6ms, model=15.7ms, decode=7.6ms | TOTAL=24.2ms for 3000ms audio (RTF=0.01x)
[TIMING] stream_chunk[experiment-e97aa538be7d48d0b0a623b2a4373d6b](live_neural): decode=0.2ms, inference=27.8ms, second_pass=0.0ms, contention=0.0ms, TOTAL=28.3ms | audio=600ms, RTF=0.05x | model=enhanced_mel, neural_total=27.3ms, model_inference=15.7ms
[TIMING] EnhancedMel.transcribe: audio_to_gpu=0.3ms, features=0.6ms, model=14.4ms, decode=2.1ms | TOTAL=17.5ms for 600ms audio (RTF=0.03x)
[TIMING] stream_chunk[experiment-c70998ca835b4c72ba5ba6d2ffdadd96](live_neural): decode=0.1ms, inference=19.7ms, second_pass=0.0ms, contention=0.0ms, TOTAL=19.9ms | audio=600ms, RTF=0.03x | model=enhanced_mel, neural_total=19.2ms, model_inference=14.4ms
[TIMING] EnhancedMel.transcribe: audio_to_gpu=0.1ms, features=3.4ms, model=12.6ms, decode=2.3ms | TOTAL=18.4ms for 1200ms audio (RTF=0.02x)
[TIMING] stream_chunk[experiment-c70998ca835b4c72ba5ba6d2ffdadd96](live_neural): decode=0.2ms, inference=21.0ms, second_pass=0.0ms, contention=0.0ms, TOTAL=21.2ms | audio=600ms, RTF=0.04x | model=enhanced_mel, neural_total=20.5ms, model_inference=12.6ms
[TIMING] EnhancedMel.transcribe: audio_to_gpu=0.4ms, features=4.8ms, model=18.1ms, decode=4.8ms | TOTAL=28.0ms for 1800ms audio (RTF=0.02x)
[TIMING] stream_chunk[experiment-c70998ca835b4c72ba5ba6d2ffdadd96](live_neural): decode=0.1ms, inference=32.9ms, second_pass=0.0ms, contention=0.0ms, TOTAL=33.1ms | audio=600ms, RTF=0.06x | model=enhanced_mel, neural_total=32.4ms, model_inference=18.1ms
[TIMING] EnhancedMel.transcribe: audio_to_gpu=0.2ms, features=0.6ms, model=17.2ms, decode=6.0ms | TOTAL=24.0ms for 2400ms audio (RTF=0.01x)
[TIMING] stream_chunk[experiment-c70998ca835b4c72ba5ba6d2ffdadd96](live_neural): decode=0.2ms, inference=29.0ms, second_pass=0.0ms, contention=0.0ms, TOTAL=29.4ms | audio=600ms, RTF=0.05x | model=enhanced_mel, neural_total=28.5ms, model_inference=17.2ms
[TIMING] EnhancedMel.transcribe: audio_to_gpu=0.3ms, features=0.6ms, model=21.2ms, decode=10.2ms | TOTAL=32.2ms for 3000ms audio (RTF=0.01x)
[TIMING] stream_chunk[experiment-c70998ca835b4c72ba5ba6d2ffdadd96](live_neural): decode=0.2ms, inference=37.0ms, second_pass=0.0ms, contention=0.0ms, TOTAL=37.4ms | audio=600ms, RTF=0.06x | model=enhanced_mel, neural_total=36.5ms, model_inference=21.2ms
[TIMING] EnhancedMel.transcribe: audio_to_gpu=0.3ms, features=0.7ms, model=19.4ms, decode=10.1ms | TOTAL=30.5ms for 3000ms audio (RTF=0.01x)
[TIMING] stream_chunk[experiment-c70998ca835b4c72ba5ba6d2ffdadd96](live_neural): decode=0.2ms, inference=34.2ms, second_pass=0.0ms, contention=0.0ms, TOTAL=34.6ms | audio=600ms, RTF=0.06x | model=enhanced_mel, neural_total=33.7ms, model_inference=19.4ms
[TIMING] EnhancedMel.transcribe: audio_to_gpu=0.3ms, features=0.7ms, model=25.5ms, decode=5.8ms | TOTAL=32.3ms for 3000ms audio (RTF=0.01x)
[TIMING] stream_chunk[experiment-c70998ca835b4c72ba5ba6d2ffdadd96](live_neural): decode=0.3ms, inference=37.0ms, second_pass=0.0ms, contention=0.0ms, TOTAL=37.5ms | audio=600ms, RTF=0.06x | model=enhanced_mel, neural_total=36.3ms, model_inference=25.5ms
[TIMING] EnhancedMel.transcribe: audio_to_gpu=0.4ms, features=2.6ms, model=20.2ms, decode=12.3ms | TOTAL=35.5ms for 3000ms audio (RTF=0.01x)
[TIMING] stream_chunk[experiment-c70998ca835b4c72ba5ba6d2ffdadd96](live_neural): decode=0.3ms, inference=41.3ms, second_pass=0.0ms, contention=0.0ms, TOTAL=41.8ms | audio=600ms, RTF=0.07x | model=enhanced_mel, neural_total=40.6ms, model_inference=20.2ms
[TIMING] EnhancedMel.transcribe: audio_to_gpu=0.3ms, features=0.5ms, model=18.6ms, decode=12.7ms | TOTAL=32.2ms for 3000ms audio (RTF=0.01x)
[TIMING] stream_chunk[experiment-c70998ca835b4c72ba5ba6d2ffdadd96](live_neural): decode=0.2ms, inference=35.5ms, second_pass=0.0ms, contention=0.0ms, TOTAL=36.0ms | audio=600ms, RTF=0.06x | model=enhanced_mel, neural_total=34.9ms, model_inference=18.6ms
[TIMING] EnhancedMel.transcribe: audio_to_gpu=0.4ms, features=0.8ms, model=14.6ms, decode=8.2ms | TOTAL=23.9ms for 3000ms audio (RTF=0.01x)
[TIMING] stream_chunk[experiment-c70998ca835b4c72ba5ba6d2ffdadd96](live_neural): decode=0.2ms, inference=27.7ms, second_pass=0.0ms, contention=0.0ms, TOTAL=28.1ms | audio=600ms, RTF=0.05x | model=enhanced_mel, neural_total=27.2ms, model_inference=14.6ms

[CLIP_026] Concert Etude "Waldesrauschen"
  excerpt: start=12.00s end=18.00s duration=6.00s gt_notes=111 rms=0.0395 peak=0.1975 crest=5.006 rms_std=0.0126
    control:
      note metrics: precision=0.967 recall=0.793 f1=0.871 matched=88/111 pred=91
      strict onset f1: 10ms=0.713 20ms=0.871 30ms=0.871
      timing metrics: offset_f1=0.693 rhythm_precision=0.795 note_value_acc=0.318 note_value_n=88 avg_beat_error=0.165
      duplicate metrics: duplicates=2 per_100_notes=2.20
      boundary metrics: gt=41 matched=33 missed=8 miss_rate=0.195
      latency: avg_chunk_ms=33.89 p95_chunk_ms=40.55 avg_rtf=0.057
      notation metrics: first_correct_ms=51.7 visible_p50_ms=364.9 visible_p95_ms=609.9 stabilize_p50_ms=794.0 stabilize_p95_ms=1936.2 avg_revisions=0.85 matched=67 refined=67 snapshots=21
      algorithmic latency: first_correct_ms=23.4 visible_p50_ms=328.1 visible_p95_ms=576.8 stabilize_p50_ms=504.7 stabilize_p95_ms=1487.1
      final display note metrics: precision=0.989 recall=0.784 f1=0.874 matched=87/111 pred=88
      final display strict onset f1: 10ms=0.714 20ms=0.874 30ms=0.874
      final display timing: offset_f1=0.693 rhythm_precision=0.793 note_value_acc=0.172 note_value_n=87 avg_beat_error=0.194
      final display structure: cluster_f1=0.611 onset_align_recall=0.871 avg_jaccard=0.844 exact=40/70 pred=61 over=5 under=16 pitch_conflicts=0 missed_gt=9
      threshold profiles: hit_rate=0.000 thresholds=[0.75] profiles={'fixed_baseline': 10}
    treatment:
      note metrics: precision=0.967 recall=0.793 f1=0.871 matched=88/111 pred=91
      strict onset f1: 10ms=0.713 20ms=0.871 30ms=0.871
      timing metrics: offset_f1=0.693 rhythm_precision=0.795 note_value_acc=0.318 note_value_n=88 avg_beat_error=0.165
      duplicate metrics: duplicates=2 per_100_notes=2.20
      boundary metrics: gt=41 matched=33 missed=8 miss_rate=0.195
      latency: avg_chunk_ms=31.91 p95_chunk_ms=39.87 avg_rtf=0.053
      notation metrics: first_correct_ms=51.6 visible_p50_ms=365.6 visible_p95_ms=610.4 stabilize_p50_ms=798.3 stabilize_p95_ms=1938.2 avg_revisions=0.85 matched=67 refined=67 snapshots=21
      algorithmic latency: first_correct_ms=23.4 visible_p50_ms=328.1 visible_p95_ms=576.8 stabilize_p50_ms=504.7 stabilize_p95_ms=1487.1
      final display note metrics: precision=0.989 recall=0.784 f1=0.874 matched=87/111 pred=88
      final display strict onset f1: 10ms=0.714 20ms=0.874 30ms=0.874
      final display timing: offset_f1=0.693 rhythm_precision=0.793 note_value_acc=0.172 note_value_n=87 avg_beat_error=0.194
      final display structure: cluster_f1=0.611 onset_align_recall=0.871 avg_jaccard=0.844 exact=40/70 pred=61 over=5 under=16 pitch_conflicts=0 missed_gt=9
      threshold profiles: hit_rate=0.200 thresholds=[0.71, 0.75] profiles={'baseline_nominal': 8, 'soft_sparse_recall': 2}
    delta treatment-control: precision=+0.000 recall=+0.000 f1=+0.000 offset_f1=+0.000 note_value_acc=+0.000 dup_per_100=+0.00 boundary_miss_rate=+0.000 p95_chunk_ms=-0.67 f1_10ms=+0.000 f1_20ms=+0.000 f1_30ms=+0.000 visible_p50_ms=+0.7 stabilize_p50_ms=+4.3 algo_visible_p50_ms=+0.0 algo_stabilize_p50_ms=+0.0 avg_revisions=+0.00 display_note_f1=+0.000 display_offset_f1=+0.000 display_cluster_f1=+0.000 display_cluster_jaccard=+0.000
    failure buckets: ['boundary_miss_failure', 'high_revision_slow_stabilization', 'note_value_offset_failure']
      boundary diagnostics: missed=8 by_arm={'control': 8, 'treatment': 8} tags={'control_boundary_miss': 8, 'no_control_coarse_candidate': 8}
        miss: pitch=80 onset=0.542s boundary_delta_ms=-58.3 control_coarse=False treatment_coarse=False retro=n/a
        miss: pitch=77 onset=0.562s boundary_delta_ms=-37.5 control_coarse=False treatment_coarse=False retro=n/a
        miss: pitch=77 onset=1.107s boundary_delta_ms=-93.2 control_coarse=False treatment_coarse=False retro=n/a
        ... 5 more missed boundary notes in diagnostics JSON
[TIMING] EnhancedMel.transcribe: audio_to_gpu=1.6ms, features=1.0ms, model=21.4ms, decode=2.0ms | TOTAL=26.0ms for 600ms audio (RTF=0.04x)
[TIMING] stream_chunk[experiment-f4b0607a33f24778814e9df59850b151](live_neural): decode=0.2ms, inference=29.0ms, second_pass=0.0ms, contention=0.0ms, TOTAL=29.2ms | audio=600ms, RTF=0.05x | model=enhanced_mel, neural_total=28.4ms, model_inference=21.4ms
[TIMING] EnhancedMel.transcribe: audio_to_gpu=0.3ms, features=1.4ms, model=13.3ms, decode=3.3ms | TOTAL=18.3ms for 1200ms audio (RTF=0.02x)
[TIMING] stream_chunk[experiment-f4b0607a33f24778814e9df59850b151](live_neural): decode=0.3ms, inference=21.7ms, second_pass=0.0ms, contention=0.0ms, TOTAL=22.1ms | audio=600ms, RTF=0.04x | model=enhanced_mel, neural_total=21.2ms, model_inference=13.3ms
[TIMING] EnhancedMel.transcribe: audio_to_gpu=0.1ms, features=4.6ms, model=20.7ms, decode=5.0ms | TOTAL=30.4ms for 1800ms audio (RTF=0.02x)
[TIMING] stream_chunk[experiment-f4b0607a33f24778814e9df59850b151](live_neural): decode=0.2ms, inference=34.7ms, second_pass=0.0ms, contention=0.0ms, TOTAL=35.3ms | audio=600ms, RTF=0.06x | model=enhanced_mel, neural_total=34.0ms, model_inference=20.7ms
[TIMING] EnhancedMel.transcribe: audio_to_gpu=0.4ms, features=0.7ms, model=18.9ms, decode=7.0ms | TOTAL=27.0ms for 2400ms audio (RTF=0.01x)
[TIMING] stream_chunk[experiment-f4b0607a33f24778814e9df59850b151](live_neural): decode=0.2ms, inference=31.5ms, second_pass=0.0ms, contention=0.0ms, TOTAL=31.9ms | audio=600ms, RTF=0.05x | model=enhanced_mel, neural_total=31.1ms, model_inference=18.9ms
[TIMING] EnhancedMel.transcribe: audio_to_gpu=0.2ms, features=0.5ms, model=26.8ms, decode=6.3ms | TOTAL=33.8ms for 3000ms audio (RTF=0.01x)
[TIMING] stream_chunk[experiment-f4b0607a33f24778814e9df59850b151](live_neural): decode=0.2ms, inference=38.1ms, second_pass=0.0ms, contention=0.0ms, TOTAL=38.6ms | audio=600ms, RTF=0.06x | model=enhanced_mel, neural_total=37.6ms, model_inference=26.8ms
[TIMING] EnhancedMel.transcribe: audio_to_gpu=0.3ms, features=3.6ms, model=20.2ms, decode=7.9ms | TOTAL=32.1ms for 3000ms audio (RTF=0.01x)
[TIMING] stream_chunk[experiment-f4b0607a33f24778814e9df59850b151](live_neural): decode=0.2ms, inference=37.3ms, second_pass=0.0ms, contention=0.0ms, TOTAL=37.8ms | audio=600ms, RTF=0.06x | model=enhanced_mel, neural_total=36.6ms, model_inference=20.2ms
[TIMING] EnhancedMel.transcribe: audio_to_gpu=0.3ms, features=0.6ms, model=14.0ms, decode=9.0ms | TOTAL=23.9ms for 3000ms audio (RTF=0.01x)
[TIMING] stream_chunk[experiment-f4b0607a33f24778814e9df59850b151](live_neural): decode=0.2ms, inference=27.6ms, second_pass=0.0ms, contention=0.0ms, TOTAL=28.0ms | audio=600ms, RTF=0.05x | model=enhanced_mel, neural_total=27.2ms, model_inference=14.0ms
[TIMING] EnhancedMel.transcribe: audio_to_gpu=0.3ms, features=0.6ms, model=14.5ms, decode=10.5ms | TOTAL=25.9ms for 3000ms audio (RTF=0.01x)
[TIMING] stream_chunk[experiment-f4b0607a33f24778814e9df59850b151](live_neural): decode=0.2ms, inference=30.3ms, second_pass=0.0ms, contention=0.0ms, TOTAL=30.8ms | audio=600ms, RTF=0.05x | model=enhanced_mel, neural_total=29.3ms, model_inference=14.5ms
[TIMING] EnhancedMel.transcribe: audio_to_gpu=0.3ms, features=1.1ms, model=17.9ms, decode=8.2ms | TOTAL=27.5ms for 3000ms audio (RTF=0.01x)
[TIMING] stream_chunk[experiment-f4b0607a33f24778814e9df59850b151](live_neural): decode=0.2ms, inference=30.3ms, second_pass=0.0ms, contention=0.0ms, TOTAL=30.7ms | audio=600ms, RTF=0.05x | model=enhanced_mel, neural_total=29.8ms, model_inference=17.9ms
[TIMING] EnhancedMel.transcribe: audio_to_gpu=0.4ms, features=0.6ms, model=16.7ms, decode=9.0ms | TOTAL=26.7ms for 3000ms audio (RTF=0.01x)
[TIMING] stream_chunk[experiment-f4b0607a33f24778814e9df59850b151](live_neural): decode=0.2ms, inference=31.1ms, second_pass=0.0ms, contention=0.0ms, TOTAL=31.5ms | audio=600ms, RTF=0.05x | model=enhanced_mel, neural_total=30.5ms, model_inference=16.7ms
[TIMING] EnhancedMel.transcribe: audio_to_gpu=0.6ms, features=0.7ms, model=14.7ms, decode=1.8ms | TOTAL=17.9ms for 600ms audio (RTF=0.03x)
[TIMING] stream_chunk[experiment-d6664a502b1e4f09bd148e3b9e109a9f](live_neural): decode=0.2ms, inference=20.3ms, second_pass=0.0ms, contention=0.0ms, TOTAL=20.6ms | audio=600ms, RTF=0.03x | model=enhanced_mel, neural_total=19.9ms, model_inference=14.7ms
[TIMING] EnhancedMel.transcribe: audio_to_gpu=0.1ms, features=2.1ms, model=19.4ms, decode=5.2ms | TOTAL=26.9ms for 1200ms audio (RTF=0.02x)
[TIMING] stream_chunk[experiment-d6664a502b1e4f09bd148e3b9e109a9f](live_neural): decode=0.1ms, inference=29.7ms, second_pass=0.0ms, contention=0.0ms, TOTAL=29.9ms | audio=600ms, RTF=0.05x | model=enhanced_mel, neural_total=29.2ms, model_inference=19.4ms
[TIMING] EnhancedMel.transcribe: audio_to_gpu=0.3ms, features=0.7ms, model=20.1ms, decode=5.1ms | TOTAL=26.2ms for 1800ms audio (RTF=0.01x)
[TIMING] stream_chunk[experiment-d6664a502b1e4f09bd148e3b9e109a9f](live_neural): decode=0.1ms, inference=30.8ms, second_pass=0.0ms, contention=0.0ms, TOTAL=31.1ms | audio=600ms, RTF=0.05x | model=enhanced_mel, neural_total=30.3ms, model_inference=20.1ms
[TIMING] EnhancedMel.transcribe: audio_to_gpu=0.5ms, features=0.6ms, model=14.1ms, decode=6.6ms | TOTAL=21.8ms for 2400ms audio (RTF=0.01x)
[TIMING] stream_chunk[experiment-d6664a502b1e4f09bd148e3b9e109a9f](live_neural): decode=0.2ms, inference=25.3ms, second_pass=0.0ms, contention=0.0ms, TOTAL=25.7ms | audio=600ms, RTF=0.04x | model=enhanced_mel, neural_total=24.9ms, model_inference=14.1ms
[TIMING] EnhancedMel.transcribe: audio_to_gpu=0.3ms, features=3.9ms, model=20.8ms, decode=6.3ms | TOTAL=31.2ms for 3000ms audio (RTF=0.01x)
[TIMING] stream_chunk[experiment-d6664a502b1e4f09bd148e3b9e109a9f](live_neural): decode=0.2ms, inference=36.6ms, second_pass=0.0ms, contention=0.0ms, TOTAL=37.1ms | audio=600ms, RTF=0.06x | model=enhanced_mel, neural_total=36.1ms, model_inference=20.8ms
[TIMING] EnhancedMel.transcribe: audio_to_gpu=0.3ms, features=0.7ms, model=20.4ms, decode=11.6ms | TOTAL=33.0ms for 3000ms audio (RTF=0.01x)
[TIMING] stream_chunk[experiment-d6664a502b1e4f09bd148e3b9e109a9f](live_neural): decode=0.1ms, inference=38.7ms, second_pass=0.0ms, contention=0.0ms, TOTAL=39.1ms | audio=600ms, RTF=0.07x | model=enhanced_mel, neural_total=38.2ms, model_inference=20.4ms
[TIMING] EnhancedMel.transcribe: audio_to_gpu=0.4ms, features=0.8ms, model=22.0ms, decode=7.8ms | TOTAL=31.0ms for 3000ms audio (RTF=0.01x)
[TIMING] stream_chunk[experiment-d6664a502b1e4f09bd148e3b9e109a9f](live_neural): decode=0.3ms, inference=36.5ms, second_pass=0.0ms, contention=0.0ms, TOTAL=37.0ms | audio=600ms, RTF=0.06x | model=enhanced_mel, neural_total=35.9ms, model_inference=22.0ms
[TIMING] EnhancedMel.transcribe: audio_to_gpu=0.5ms, features=0.8ms, model=21.8ms, decode=8.9ms | TOTAL=32.0ms for 3000ms audio (RTF=0.01x)
[TIMING] stream_chunk[experiment-d6664a502b1e4f09bd148e3b9e109a9f](live_neural): decode=0.2ms, inference=36.4ms, second_pass=0.0ms, contention=0.0ms, TOTAL=36.8ms | audio=600ms, RTF=0.06x | model=enhanced_mel, neural_total=35.3ms, model_inference=21.8ms
[TIMING] EnhancedMel.transcribe: audio_to_gpu=0.4ms, features=0.6ms, model=17.1ms, decode=8.9ms | TOTAL=27.1ms for 3000ms audio (RTF=0.01x)
[TIMING] stream_chunk[experiment-d6664a502b1e4f09bd148e3b9e109a9f](live_neural): decode=0.3ms, inference=32.2ms, second_pass=0.0ms, contention=0.0ms, TOTAL=32.8ms | audio=600ms, RTF=0.05x | model=enhanced_mel, neural_total=31.6ms, model_inference=17.1ms
[TIMING] EnhancedMel.transcribe: audio_to_gpu=0.6ms, features=0.7ms, model=16.9ms, decode=8.2ms | TOTAL=26.5ms for 3000ms audio (RTF=0.01x)
[TIMING] stream_chunk[experiment-d6664a502b1e4f09bd148e3b9e109a9f](live_neural): decode=0.2ms, inference=29.1ms, second_pass=0.0ms, contention=0.0ms, TOTAL=29.6ms | audio=600ms, RTF=0.05x | model=enhanced_mel, neural_total=28.6ms, model_inference=16.9ms

[CLIP_027] Sonata in D Major, K. 96 L. 465
  excerpt: start=9.00s end=15.00s duration=6.00s gt_notes=124 rms=0.0589 peak=0.3158 crest=5.362 rms_std=0.0197
    control:
      note metrics: precision=0.895 recall=0.895 f1=0.895 matched=111/124 pred=124
      strict onset f1: 10ms=0.758 20ms=0.895 30ms=0.895
      timing metrics: offset_f1=0.823 rhythm_precision=0.919 note_value_acc=0.658 note_value_n=111 avg_beat_error=0.077
      duplicate metrics: duplicates=11 per_100_notes=8.87
      boundary metrics: gt=43 matched=37 missed=6 miss_rate=0.140
      latency: avg_chunk_ms=31.59 p95_chunk_ms=38.24 avg_rtf=0.053
      notation metrics: first_correct_ms=52.9 visible_p50_ms=391.4 visible_p95_ms=597.7 stabilize_p50_ms=1694.3 stabilize_p95_ms=2348.9 avg_revisions=1.17 matched=23 refined=23 snapshots=18
      algorithmic latency: first_correct_ms=24.5 visible_p50_ms=369.3 visible_p95_ms=568.2 stabilize_p50_ms=1162.8 stabilize_p95_ms=1817.3
      final display note metrics: precision=0.982 recall=0.871 f1=0.923 matched=108/124 pred=110
      final display strict onset f1: 10ms=0.786 20ms=0.923 30ms=0.923
      final display timing: offset_f1=0.846 rhythm_precision=0.917 note_value_acc=0.343 note_value_n=108 avg_beat_error=0.188
      final display structure: cluster_f1=0.753 onset_align_recall=0.979 avg_jaccard=0.905 exact=35/47 pred=46 over=0 under=10 pitch_conflicts=1 missed_gt=1
      threshold profiles: hit_rate=0.000 thresholds=[0.75] profiles={'fixed_baseline': 10}
    treatment:
      note metrics: precision=0.895 recall=0.895 f1=0.895 matched=111/124 pred=124
      strict onset f1: 10ms=0.758 20ms=0.895 30ms=0.895
      timing metrics: offset_f1=0.823 rhythm_precision=0.919 note_value_acc=0.658 note_value_n=111 avg_beat_error=0.077
      duplicate metrics: duplicates=11 per_100_notes=8.87
      boundary metrics: gt=43 matched=37 missed=6 miss_rate=0.140
      latency: avg_chunk_ms=31.97 p95_chunk_ms=38.19 avg_rtf=0.053
      notation metrics: first_correct_ms=45.1 visible_p50_ms=399.2 visible_p95_ms=589.3 stabilize_p50_ms=1687.8 stabilize_p95_ms=2342.4 avg_revisions=1.17 matched=23 refined=23 snapshots=18
      algorithmic latency: first_correct_ms=24.5 visible_p50_ms=369.3 visible_p95_ms=568.2 stabilize_p50_ms=1162.8 stabilize_p95_ms=1817.3
      final display note metrics: precision=0.982 recall=0.871 f1=0.923 matched=108/124 pred=110
      final display strict onset f1: 10ms=0.786 20ms=0.923 30ms=0.923
      final display timing: offset_f1=0.846 rhythm_precision=0.917 note_value_acc=0.343 note_value_n=108 avg_beat_error=0.188
      final display structure: cluster_f1=0.753 onset_align_recall=0.979 avg_jaccard=0.905 exact=35/47 pred=46 over=0 under=10 pitch_conflicts=1 missed_gt=1
      threshold profiles: hit_rate=0.000 thresholds=[0.75] profiles={'baseline_nominal': 10}
    delta treatment-control: precision=+0.000 recall=+0.000 f1=+0.000 offset_f1=+0.000 note_value_acc=+0.000 dup_per_100=+0.00 boundary_miss_rate=+0.000 p95_chunk_ms=-0.04 f1_10ms=+0.000 f1_20ms=+0.000 f1_30ms=+0.000 visible_p50_ms=+7.8 stabilize_p50_ms=-6.5 algo_visible_p50_ms=+0.0 algo_stabilize_p50_ms=+0.0 avg_revisions=+0.00 display_note_f1=+0.000 display_offset_f1=+0.000 display_cluster_f1=+0.000 display_cluster_jaccard=+0.000
    failure buckets: ['boundary_miss_failure', 'high_revision_slow_stabilization']
      boundary diagnostics: missed=6 by_arm={'control': 6, 'treatment': 6} tags={'control_boundary_miss': 6, 'no_control_coarse_candidate': 6}
        miss: pitch=55 onset=0.630s boundary_delta_ms=+30.2 control_coarse=False treatment_coarse=False retro=n/a
        miss: pitch=74 onset=1.161s boundary_delta_ms=-38.5 control_coarse=False treatment_coarse=False retro=n/a
        miss: pitch=52 onset=2.367s boundary_delta_ms=-32.8 control_coarse=False treatment_coarse=False retro=n/a
        ... 3 more missed boundary notes in diagnostics JSON
[TIMING] EnhancedMel.transcribe: audio_to_gpu=0.7ms, features=0.8ms, model=21.8ms, decode=2.0ms | TOTAL=25.4ms for 600ms audio (RTF=0.04x)
[TIMING] stream_chunk[experiment-2ef01e52404242ad8e2cb1423e2535ff](live_neural): decode=0.2ms, inference=29.2ms, second_pass=0.0ms, contention=0.0ms, TOTAL=29.6ms | audio=600ms, RTF=0.05x | model=enhanced_mel, neural_total=28.5ms, model_inference=21.8ms
[TIMING] EnhancedMel.transcribe: audio_to_gpu=0.2ms, features=0.6ms, model=21.3ms, decode=3.6ms | TOTAL=25.8ms for 1200ms audio (RTF=0.02x)
[TIMING] stream_chunk[experiment-2ef01e52404242ad8e2cb1423e2535ff](live_neural): decode=0.2ms, inference=29.9ms, second_pass=0.0ms, contention=0.0ms, TOTAL=30.3ms | audio=600ms, RTF=0.05x | model=enhanced_mel, neural_total=29.4ms, model_inference=21.3ms
[TIMING] EnhancedMel.transcribe: audio_to_gpu=0.2ms, features=1.1ms, model=16.1ms, decode=5.7ms | TOTAL=23.1ms for 1800ms audio (RTF=0.01x)
[TIMING] stream_chunk[experiment-2ef01e52404242ad8e2cb1423e2535ff](live_neural): decode=0.2ms, inference=27.6ms, second_pass=0.0ms, contention=0.0ms, TOTAL=28.0ms | audio=600ms, RTF=0.05x | model=enhanced_mel, neural_total=27.1ms, model_inference=16.1ms
[TIMING] EnhancedMel.transcribe: audio_to_gpu=0.2ms, features=0.4ms, model=14.9ms, decode=6.4ms | TOTAL=22.0ms for 2400ms audio (RTF=0.01x)
[TIMING] stream_chunk[experiment-2ef01e52404242ad8e2cb1423e2535ff](live_neural): decode=0.3ms, inference=25.4ms, second_pass=0.0ms, contention=0.0ms, TOTAL=26.0ms | audio=600ms, RTF=0.04x | model=enhanced_mel, neural_total=24.9ms, model_inference=14.9ms
[TIMING] EnhancedMel.transcribe: audio_to_gpu=0.4ms, features=0.6ms, model=17.8ms, decode=9.4ms | TOTAL=28.1ms for 3000ms audio (RTF=0.01x)
[TIMING] stream_chunk[experiment-2ef01e52404242ad8e2cb1423e2535ff](live_neural): decode=0.2ms, inference=32.4ms, second_pass=0.0ms, contention=0.0ms, TOTAL=33.0ms | audio=600ms, RTF=0.05x | model=enhanced_mel, neural_total=31.9ms, model_inference=17.8ms
[TIMING] EnhancedMel.transcribe: audio_to_gpu=0.3ms, features=2.1ms, model=22.1ms, decode=13.8ms | TOTAL=38.3ms for 3000ms audio (RTF=0.01x)
[TIMING] stream_chunk[experiment-2ef01e52404242ad8e2cb1423e2535ff](live_neural): decode=0.2ms, inference=42.5ms, second_pass=0.0ms, contention=0.0ms, TOTAL=43.0ms | audio=600ms, RTF=0.07x | model=enhanced_mel, neural_total=41.9ms, model_inference=22.1ms
[TIMING] EnhancedMel.transcribe: audio_to_gpu=0.4ms, features=0.8ms, model=21.0ms, decode=10.6ms | TOTAL=32.7ms for 3000ms audio (RTF=0.01x)
[TIMING] stream_chunk[experiment-2ef01e52404242ad8e2cb1423e2535ff](live_neural): decode=0.3ms, inference=38.9ms, second_pass=0.0ms, contention=0.0ms, TOTAL=39.6ms | audio=600ms, RTF=0.07x | model=enhanced_mel, neural_total=38.2ms, model_inference=21.0ms
[TIMING] EnhancedMel.transcribe: audio_to_gpu=0.3ms, features=2.9ms, model=15.5ms, decode=14.4ms | TOTAL=33.1ms for 3000ms audio (RTF=0.01x)
[TIMING] stream_chunk[experiment-2ef01e52404242ad8e2cb1423e2535ff](live_neural): decode=0.1ms, inference=37.4ms, second_pass=0.0ms, contention=0.0ms, TOTAL=38.0ms | audio=600ms, RTF=0.06x | model=enhanced_mel, neural_total=36.9ms, model_inference=15.5ms
[TIMING] EnhancedMel.transcribe: audio_to_gpu=0.3ms, features=0.8ms, model=19.2ms, decode=15.0ms | TOTAL=35.3ms for 3000ms audio (RTF=0.01x)
[TIMING] stream_chunk[experiment-2ef01e52404242ad8e2cb1423e2535ff](live_neural): decode=0.2ms, inference=41.2ms, second_pass=0.0ms, contention=0.0ms, TOTAL=41.7ms | audio=600ms, RTF=0.07x | model=enhanced_mel, neural_total=40.6ms, model_inference=19.2ms
[TIMING] EnhancedMel.transcribe: audio_to_gpu=0.3ms, features=0.8ms, model=16.1ms, decode=10.6ms | TOTAL=27.8ms for 3000ms audio (RTF=0.01x)
[TIMING] stream_chunk[experiment-2ef01e52404242ad8e2cb1423e2535ff](live_neural): decode=0.2ms, inference=33.6ms, second_pass=0.0ms, contention=0.0ms, TOTAL=34.3ms | audio=600ms, RTF=0.06x | model=enhanced_mel, neural_total=33.1ms, model_inference=16.1ms
[TIMING] EnhancedMel.transcribe: audio_to_gpu=0.5ms, features=0.8ms, model=20.1ms, decode=3.1ms | TOTAL=24.5ms for 600ms audio (RTF=0.04x)
[TIMING] stream_chunk[experiment-e4a350c8f44a41f2b339b966e4e512ee](live_neural): decode=0.2ms, inference=27.1ms, second_pass=0.0ms, contention=0.0ms, TOTAL=27.4ms | audio=600ms, RTF=0.05x | model=enhanced_mel, neural_total=26.5ms, model_inference=20.1ms
[TIMING] EnhancedMel.transcribe: audio_to_gpu=0.2ms, features=0.7ms, model=17.9ms, decode=5.2ms | TOTAL=24.1ms for 1200ms audio (RTF=0.02x)
[TIMING] stream_chunk[experiment-e4a350c8f44a41f2b339b966e4e512ee](live_neural): decode=0.2ms, inference=27.6ms, second_pass=0.0ms, contention=0.0ms, TOTAL=27.9ms | audio=600ms, RTF=0.05x | model=enhanced_mel, neural_total=27.2ms, model_inference=17.9ms
[TIMING] EnhancedMel.transcribe: audio_to_gpu=0.3ms, features=0.6ms, model=22.6ms, decode=4.6ms | TOTAL=28.0ms for 1800ms audio (RTF=0.02x)
[TIMING] stream_chunk[experiment-e4a350c8f44a41f2b339b966e4e512ee](live_neural): decode=0.2ms, inference=32.4ms, second_pass=0.0ms, contention=0.0ms, TOTAL=32.9ms | audio=600ms, RTF=0.05x | model=enhanced_mel, neural_total=31.9ms, model_inference=22.6ms
[TIMING] EnhancedMel.transcribe: audio_to_gpu=0.3ms, features=0.6ms, model=25.1ms, decode=7.6ms | TOTAL=33.6ms for 2400ms audio (RTF=0.01x)
[TIMING] stream_chunk[experiment-e4a350c8f44a41f2b339b966e4e512ee](live_neural): decode=0.2ms, inference=38.7ms, second_pass=0.0ms, contention=0.0ms, TOTAL=39.2ms | audio=600ms, RTF=0.07x | model=enhanced_mel, neural_total=38.0ms, model_inference=25.1ms
[TIMING] EnhancedMel.transcribe: audio_to_gpu=0.3ms, features=0.7ms, model=23.4ms, decode=10.3ms | TOTAL=34.6ms for 3000ms audio (RTF=0.01x)
[TIMING] stream_chunk[experiment-e4a350c8f44a41f2b339b966e4e512ee](live_neural): decode=0.2ms, inference=38.8ms, second_pass=0.0ms, contention=0.0ms, TOTAL=39.4ms | audio=600ms, RTF=0.07x | model=enhanced_mel, neural_total=38.3ms, model_inference=23.4ms
[TIMING] EnhancedMel.transcribe: audio_to_gpu=0.4ms, features=0.6ms, model=15.5ms, decode=7.1ms | TOTAL=23.6ms for 3000ms audio (RTF=0.01x)
[TIMING] stream_chunk[experiment-e4a350c8f44a41f2b339b966e4e512ee](live_neural): decode=0.2ms, inference=27.3ms, second_pass=0.0ms, contention=0.0ms, TOTAL=27.8ms | audio=600ms, RTF=0.05x | model=enhanced_mel, neural_total=26.9ms, model_inference=15.5ms
[TIMING] EnhancedMel.transcribe: audio_to_gpu=0.5ms, features=0.5ms, model=19.1ms, decode=15.2ms | TOTAL=35.3ms for 3000ms audio (RTF=0.01x)
[TIMING] stream_chunk[experiment-e4a350c8f44a41f2b339b966e4e512ee](live_neural): decode=0.4ms, inference=39.2ms, second_pass=0.0ms, contention=0.0ms, TOTAL=39.9ms | audio=600ms, RTF=0.07x | model=enhanced_mel, neural_total=38.7ms, model_inference=19.1ms
[TIMING] EnhancedMel.transcribe: audio_to_gpu=0.4ms, features=0.8ms, model=20.9ms, decode=14.2ms | TOTAL=36.3ms for 3000ms audio (RTF=0.01x)
[TIMING] stream_chunk[experiment-e4a350c8f44a41f2b339b966e4e512ee](live_neural): decode=0.2ms, inference=42.8ms, second_pass=0.0ms, contention=0.0ms, TOTAL=43.4ms | audio=600ms, RTF=0.07x | model=enhanced_mel, neural_total=42.1ms, model_inference=20.9ms
[TIMING] EnhancedMel.transcribe: audio_to_gpu=0.5ms, features=0.8ms, model=22.4ms, decode=11.1ms | TOTAL=34.7ms for 3000ms audio (RTF=0.01x)
[TIMING] stream_chunk[experiment-e4a350c8f44a41f2b339b966e4e512ee](live_neural): decode=0.2ms, inference=38.1ms, second_pass=0.0ms, contention=0.0ms, TOTAL=38.7ms | audio=600ms, RTF=0.06x | model=enhanced_mel, neural_total=37.5ms, model_inference=22.4ms
[TIMING] EnhancedMel.transcribe: audio_to_gpu=0.3ms, features=0.6ms, model=14.7ms, decode=9.0ms | TOTAL=24.7ms for 3000ms audio (RTF=0.01x)
[TIMING] stream_chunk[experiment-e4a350c8f44a41f2b339b966e4e512ee](live_neural): decode=0.2ms, inference=28.9ms, second_pass=0.0ms, contention=0.0ms, TOTAL=29.7ms | audio=600ms, RTF=0.05x | model=enhanced_mel, neural_total=28.3ms, model_inference=14.7ms

[CLIP_028] Etude No. 7 "Study in Chromatic Steps"
  excerpt: start=84.00s end=90.00s duration=6.00s gt_notes=131 rms=0.0495 peak=0.4230 crest=8.542 rms_std=0.0249
    control:
      note metrics: precision=0.976 recall=0.931 f1=0.953 matched=122/131 pred=125
      strict onset f1: 10ms=0.688 20ms=0.922 30ms=0.953
      timing metrics: offset_f1=0.938 rhythm_precision=0.984 note_value_acc=0.697 note_value_n=122 avg_beat_error=0.032
      duplicate metrics: duplicates=2 per_100_notes=1.60
      boundary metrics: gt=37 matched=32 missed=5 miss_rate=0.135
      latency: avg_chunk_ms=34.34 p95_chunk_ms=42.43 avg_rtf=0.057
      notation metrics: first_correct_ms=52.2 visible_p50_ms=336.0 visible_p95_ms=613.0 stabilize_p50_ms=1305.6 stabilize_p95_ms=2637.7 avg_revisions=1.52 matched=40 refined=40 snapshots=19
      algorithmic latency: first_correct_ms=21.9 visible_p50_ms=307.8 visible_p95_ms=571.3 stabilize_p50_ms=1271.4 stabilize_p95_ms=2556.2
      final display note metrics: precision=0.992 recall=0.931 f1=0.961 matched=122/131 pred=123
      final display strict onset f1: 10ms=0.693 20ms=0.929 30ms=0.961
      final display timing: offset_f1=0.945 rhythm_precision=0.984 note_value_acc=0.459 note_value_n=122 avg_beat_error=0.095
      final display structure: cluster_f1=0.791 onset_align_recall=1.000 avg_jaccard=0.908 exact=53/67 pred=67 over=3 under=11 pitch_conflicts=0 missed_gt=0
      threshold profiles: hit_rate=0.000 thresholds=[0.75] profiles={'fixed_baseline': 10}
    treatment:
      note metrics: precision=0.976 recall=0.931 f1=0.953 matched=122/131 pred=125
      strict onset f1: 10ms=0.688 20ms=0.922 30ms=0.953
      timing metrics: offset_f1=0.938 rhythm_precision=0.984 note_value_acc=0.697 note_value_n=122 avg_beat_error=0.032
      duplicate metrics: duplicates=2 per_100_notes=1.60
      boundary metrics: gt=37 matched=32 missed=5 miss_rate=0.135
      latency: avg_chunk_ms=34.62 p95_chunk_ms=41.81 avg_rtf=0.058
      notation metrics: first_correct_ms=49.8 visible_p50_ms=341.4 visible_p95_ms=610.0 stabilize_p50_ms=1301.1 stabilize_p95_ms=2635.1 avg_revisions=1.52 matched=40 refined=40 snapshots=19
      algorithmic latency: first_correct_ms=21.9 visible_p50_ms=307.8 visible_p95_ms=571.3 stabilize_p50_ms=1271.4 stabilize_p95_ms=2556.2
      final display note metrics: precision=0.992 recall=0.931 f1=0.961 matched=122/131 pred=123
      final display strict onset f1: 10ms=0.693 20ms=0.929 30ms=0.961
      final display timing: offset_f1=0.945 rhythm_precision=0.984 note_value_acc=0.459 note_value_n=122 avg_beat_error=0.095
      final display structure: cluster_f1=0.791 onset_align_recall=1.000 avg_jaccard=0.908 exact=53/67 pred=67 over=3 under=11 pitch_conflicts=0 missed_gt=0
      threshold profiles: hit_rate=0.100 thresholds=[0.75, 0.77] profiles={'baseline_nominal': 9, 'loud_dense_precision': 1}
    delta treatment-control: precision=+0.000 recall=+0.000 f1=+0.000 offset_f1=+0.000 note_value_acc=+0.000 dup_per_100=+0.00 boundary_miss_rate=+0.000 p95_chunk_ms=-0.62 f1_10ms=+0.000 f1_20ms=+0.000 f1_30ms=+0.000 visible_p50_ms=+5.4 stabilize_p50_ms=-4.6 algo_visible_p50_ms=+0.0 algo_stabilize_p50_ms=+0.0 avg_revisions=+0.00 display_note_f1=+0.000 display_offset_f1=+0.000 display_cluster_f1=+0.000 display_cluster_jaccard=+0.000
    failure buckets: ['boundary_miss_failure', 'high_revision_slow_stabilization']
      boundary diagnostics: missed=5 by_arm={'control': 5, 'treatment': 5} tags={'control_boundary_miss': 5, 'no_control_coarse_candidate': 5}
        miss: pitch=76 onset=1.101s boundary_delta_ms=-99.0 control_coarse=False treatment_coarse=False retro=n/a
        miss: pitch=78 onset=2.459s boundary_delta_ms=+59.4 control_coarse=False treatment_coarse=False retro=n/a
        miss: pitch=79 onset=3.672s boundary_delta_ms=+71.9 control_coarse=False treatment_coarse=False retro=n/a
        ... 2 more missed boundary notes in diagnostics JSON
[TIMING] EnhancedMel.transcribe: audio_to_gpu=0.7ms, features=0.7ms, model=16.9ms, decode=2.3ms | TOTAL=20.5ms for 600ms audio (RTF=0.03x)
[TIMING] stream_chunk[experiment-877f587ba238412790283575cbad8b65](live_neural): decode=0.2ms, inference=24.6ms, second_pass=0.0ms, contention=0.0ms, TOTAL=24.8ms | audio=600ms, RTF=0.04x | model=enhanced_mel, neural_total=23.9ms, model_inference=16.9ms
[TIMING] EnhancedMel.transcribe: audio_to_gpu=0.2ms, features=0.6ms, model=14.6ms, decode=3.2ms | TOTAL=18.6ms for 1200ms audio (RTF=0.02x)
[TIMING] stream_chunk[experiment-877f587ba238412790283575cbad8b65](live_neural): decode=0.3ms, inference=22.9ms, second_pass=0.0ms, contention=0.0ms, TOTAL=23.3ms | audio=600ms, RTF=0.04x | model=enhanced_mel, neural_total=22.3ms, model_inference=14.6ms
[TIMING] EnhancedMel.transcribe: audio_to_gpu=0.3ms, features=0.6ms, model=14.3ms, decode=4.7ms | TOTAL=19.9ms for 1800ms audio (RTF=0.01x)
[TIMING] stream_chunk[experiment-877f587ba238412790283575cbad8b65](live_neural): decode=0.2ms, inference=23.1ms, second_pass=0.0ms, contention=0.0ms, TOTAL=23.6ms | audio=600ms, RTF=0.04x | model=enhanced_mel, neural_total=22.6ms, model_inference=14.3ms
[TIMING] EnhancedMel.transcribe: audio_to_gpu=0.3ms, features=0.6ms, model=14.4ms, decode=6.3ms | TOTAL=21.6ms for 2400ms audio (RTF=0.01x)
[TIMING] stream_chunk[experiment-877f587ba238412790283575cbad8b65](live_neural): decode=0.2ms, inference=25.1ms, second_pass=0.0ms, contention=0.0ms, TOTAL=25.4ms | audio=600ms, RTF=0.04x | model=enhanced_mel, neural_total=24.6ms, model_inference=14.4ms
[TIMING] EnhancedMel.transcribe: audio_to_gpu=0.3ms, features=0.5ms, model=15.5ms, decode=9.9ms | TOTAL=26.2ms for 3000ms audio (RTF=0.01x)
[TIMING] stream_chunk[experiment-877f587ba238412790283575cbad8b65](live_neural): decode=0.2ms, inference=29.7ms, second_pass=0.0ms, contention=0.0ms, TOTAL=30.1ms | audio=600ms, RTF=0.05x | model=enhanced_mel, neural_total=29.3ms, model_inference=15.5ms
[TIMING] EnhancedMel.transcribe: audio_to_gpu=0.3ms, features=0.6ms, model=16.0ms, decode=9.3ms | TOTAL=26.2ms for 3000ms audio (RTF=0.01x)
[TIMING] stream_chunk[experiment-877f587ba238412790283575cbad8b65](live_neural): decode=0.2ms, inference=30.2ms, second_pass=0.0ms, contention=0.0ms, TOTAL=30.6ms | audio=600ms, RTF=0.05x | model=enhanced_mel, neural_total=29.7ms, model_inference=16.0ms
[TIMING] EnhancedMel.transcribe: audio_to_gpu=0.3ms, features=0.7ms, model=20.2ms, decode=15.2ms | TOTAL=36.3ms for 3000ms audio (RTF=0.01x)
[TIMING] stream_chunk[experiment-877f587ba238412790283575cbad8b65](live_neural): decode=0.3ms, inference=40.5ms, second_pass=0.0ms, contention=0.0ms, TOTAL=41.1ms | audio=600ms, RTF=0.07x | model=enhanced_mel, neural_total=39.9ms, model_inference=20.2ms
[TIMING] EnhancedMel.transcribe: audio_to_gpu=0.3ms, features=0.6ms, model=15.5ms, decode=7.9ms | TOTAL=24.4ms for 3000ms audio (RTF=0.01x)
[TIMING] stream_chunk[experiment-877f587ba238412790283575cbad8b65](live_neural): decode=0.2ms, inference=29.4ms, second_pass=0.0ms, contention=0.0ms, TOTAL=29.9ms | audio=600ms, RTF=0.05x | model=enhanced_mel, neural_total=28.9ms, model_inference=15.5ms
[TIMING] EnhancedMel.transcribe: audio_to_gpu=0.7ms, features=0.8ms, model=16.3ms, decode=10.3ms | TOTAL=28.2ms for 3000ms audio (RTF=0.01x)
[TIMING] stream_chunk[experiment-877f587ba238412790283575cbad8b65](live_neural): decode=0.2ms, inference=31.8ms, second_pass=0.0ms, contention=0.0ms, TOTAL=32.2ms | audio=600ms, RTF=0.05x | model=enhanced_mel, neural_total=31.3ms, model_inference=16.3ms
[TIMING] EnhancedMel.transcribe: audio_to_gpu=0.4ms, features=0.8ms, model=18.4ms, decode=9.0ms | TOTAL=28.6ms for 3000ms audio (RTF=0.01x)
[TIMING] stream_chunk[experiment-877f587ba238412790283575cbad8b65](live_neural): decode=0.3ms, inference=33.0ms, second_pass=0.0ms, contention=0.0ms, TOTAL=33.5ms | audio=600ms, RTF=0.06x | model=enhanced_mel, neural_total=32.5ms, model_inference=18.4ms
[TIMING] EnhancedMel.transcribe: audio_to_gpu=0.5ms, features=1.8ms, model=19.3ms, decode=1.9ms | TOTAL=23.5ms for 600ms audio (RTF=0.04x)
[TIMING] stream_chunk[experiment-5f96d5acecba4cd5890338f7530f1d93](live_neural): decode=0.2ms, inference=26.2ms, second_pass=0.0ms, contention=0.0ms, TOTAL=26.4ms | audio=600ms, RTF=0.04x | model=enhanced_mel, neural_total=25.7ms, model_inference=19.3ms
[TIMING] EnhancedMel.transcribe: audio_to_gpu=0.2ms, features=0.5ms, model=17.8ms, decode=3.9ms | TOTAL=22.5ms for 1200ms audio (RTF=0.02x)
[TIMING] stream_chunk[experiment-5f96d5acecba4cd5890338f7530f1d93](live_neural): decode=0.1ms, inference=25.2ms, second_pass=0.0ms, contention=0.0ms, TOTAL=25.4ms | audio=600ms, RTF=0.04x | model=enhanced_mel, neural_total=24.7ms, model_inference=17.8ms
[TIMING] EnhancedMel.transcribe: audio_to_gpu=0.3ms, features=0.6ms, model=16.2ms, decode=7.4ms | TOTAL=24.5ms for 1800ms audio (RTF=0.01x)
[TIMING] stream_chunk[experiment-5f96d5acecba4cd5890338f7530f1d93](live_neural): decode=0.1ms, inference=27.6ms, second_pass=0.0ms, contention=0.0ms, TOTAL=27.9ms | audio=600ms, RTF=0.05x | model=enhanced_mel, neural_total=27.1ms, model_inference=16.2ms
[TIMING] EnhancedMel.transcribe: audio_to_gpu=0.3ms, features=0.8ms, model=24.5ms, decode=4.5ms | TOTAL=30.2ms for 2400ms audio (RTF=0.01x)
[TIMING] stream_chunk[experiment-5f96d5acecba4cd5890338f7530f1d93](live_neural): decode=0.2ms, inference=34.1ms, second_pass=0.0ms, contention=0.0ms, TOTAL=34.5ms | audio=600ms, RTF=0.06x | model=enhanced_mel, neural_total=33.6ms, model_inference=24.5ms
[TIMING] EnhancedMel.transcribe: audio_to_gpu=0.3ms, features=0.6ms, model=18.9ms, decode=12.9ms | TOTAL=32.7ms for 3000ms audio (RTF=0.01x)
[TIMING] stream_chunk[experiment-5f96d5acecba4cd5890338f7530f1d93](live_neural): decode=0.2ms, inference=37.1ms, second_pass=0.0ms, contention=0.0ms, TOTAL=37.6ms | audio=600ms, RTF=0.06x | model=enhanced_mel, neural_total=36.1ms, model_inference=18.9ms
[TIMING] EnhancedMel.transcribe: audio_to_gpu=0.4ms, features=0.8ms, model=15.7ms, decode=8.9ms | TOTAL=25.8ms for 3000ms audio (RTF=0.01x)
[TIMING] stream_chunk[experiment-5f96d5acecba4cd5890338f7530f1d93](live_neural): decode=0.2ms, inference=31.7ms, second_pass=0.0ms, contention=0.0ms, TOTAL=32.2ms | audio=600ms, RTF=0.05x | model=enhanced_mel, neural_total=31.1ms, model_inference=15.7ms
[TIMING] EnhancedMel.transcribe: audio_to_gpu=0.4ms, features=0.8ms, model=17.9ms, decode=8.1ms | TOTAL=27.1ms for 3000ms audio (RTF=0.01x)
[TIMING] stream_chunk[experiment-5f96d5acecba4cd5890338f7530f1d93](live_neural): decode=0.2ms, inference=32.3ms, second_pass=0.0ms, contention=0.0ms, TOTAL=32.8ms | audio=600ms, RTF=0.05x | model=enhanced_mel, neural_total=31.8ms, model_inference=17.9ms
[TIMING] EnhancedMel.transcribe: audio_to_gpu=0.3ms, features=0.7ms, model=16.7ms, decode=9.3ms | TOTAL=27.0ms for 3000ms audio (RTF=0.01x)
[TIMING] stream_chunk[experiment-5f96d5acecba4cd5890338f7530f1d93](live_neural): decode=0.3ms, inference=32.7ms, second_pass=0.0ms, contention=0.0ms, TOTAL=33.2ms | audio=600ms, RTF=0.06x | model=enhanced_mel, neural_total=32.1ms, model_inference=16.7ms
[TIMING] EnhancedMel.transcribe: audio_to_gpu=0.4ms, features=0.6ms, model=14.4ms, decode=13.1ms | TOTAL=28.5ms for 3000ms audio (RTF=0.01x)
[TIMING] stream_chunk[experiment-5f96d5acecba4cd5890338f7530f1d93](live_neural): decode=0.2ms, inference=33.5ms, second_pass=0.0ms, contention=0.0ms, TOTAL=34.0ms | audio=600ms, RTF=0.06x | model=enhanced_mel, neural_total=31.9ms, model_inference=14.4ms
[TIMING] EnhancedMel.transcribe: audio_to_gpu=0.3ms, features=0.6ms, model=16.4ms, decode=8.7ms | TOTAL=26.1ms for 3000ms audio (RTF=0.01x)
[TIMING] stream_chunk[experiment-5f96d5acecba4cd5890338f7530f1d93](live_neural): decode=0.3ms, inference=29.8ms, second_pass=0.0ms, contention=0.0ms, TOTAL=30.3ms | audio=600ms, RTF=0.05x | model=enhanced_mel, neural_total=29.2ms, model_inference=16.4ms

[CLIP_029] Concert Etude "Waldesrauschen"
  excerpt: start=42.00s end=48.00s duration=6.00s gt_notes=107 rms=0.0942 peak=0.4380 crest=4.650 rms_std=0.0186
    control:
      note metrics: precision=0.925 recall=0.916 f1=0.920 matched=98/107 pred=106
      strict onset f1: 10ms=0.751 20ms=0.911 30ms=0.920
      timing metrics: offset_f1=0.836 rhythm_precision=0.908 note_value_acc=0.235 note_value_n=98 avg_beat_error=0.108
      duplicate metrics: duplicates=4 per_100_notes=3.77
      boundary metrics: gt=34 matched=32 missed=2 miss_rate=0.059
      latency: avg_chunk_ms=29.45 p95_chunk_ms=37.69 avg_rtf=0.049
      notation metrics: first_correct_ms=48.1 visible_p50_ms=394.9 visible_p95_ms=647.6 stabilize_p50_ms=1727.9 stabilize_p95_ms=2279.1 avg_revisions=1.30 matched=43 refined=43 snapshots=20
      algorithmic latency: first_correct_ms=15.9 visible_p50_ms=356.3 visible_p95_ms=617.1 stabilize_p50_ms=1264.3 stabilize_p95_ms=1778.5
      final display note metrics: precision=0.961 recall=0.916 f1=0.938 matched=98/107 pred=102
      final display strict onset f1: 10ms=0.766 20ms=0.928 30ms=0.938
      final display timing: offset_f1=0.852 rhythm_precision=0.908 note_value_acc=0.337 note_value_n=98 avg_beat_error=0.132
      final display structure: cluster_f1=0.754 onset_align_recall=0.915 avg_jaccard=0.910 exact=43/59 pred=55 over=6 under=5 pitch_conflicts=0 missed_gt=5
      threshold profiles: hit_rate=0.000 thresholds=[0.75] profiles={'fixed_baseline': 10}
    treatment:
      note metrics: precision=0.925 recall=0.916 f1=0.920 matched=98/107 pred=106
      strict onset f1: 10ms=0.751 20ms=0.911 30ms=0.920
      timing metrics: offset_f1=0.836 rhythm_precision=0.908 note_value_acc=0.235 note_value_n=98 avg_beat_error=0.108
      duplicate metrics: duplicates=4 per_100_notes=3.77
      boundary metrics: gt=34 matched=32 missed=2 miss_rate=0.059
      latency: avg_chunk_ms=31.42 p95_chunk_ms=36.20 avg_rtf=0.052
      notation metrics: first_correct_ms=49.8 visible_p50_ms=389.0 visible_p95_ms=649.8 stabilize_p50_ms=1728.2 stabilize_p95_ms=2280.5 avg_revisions=1.30 matched=43 refined=43 snapshots=20
      algorithmic latency: first_correct_ms=15.9 visible_p50_ms=356.3 visible_p95_ms=617.1 stabilize_p50_ms=1264.3 stabilize_p95_ms=1778.5
      final display note metrics: precision=0.961 recall=0.916 f1=0.938 matched=98/107 pred=102
      final display strict onset f1: 10ms=0.766 20ms=0.928 30ms=0.938
      final display timing: offset_f1=0.852 rhythm_precision=0.908 note_value_acc=0.337 note_value_n=98 avg_beat_error=0.132
      final display structure: cluster_f1=0.754 onset_align_recall=0.915 avg_jaccard=0.910 exact=43/59 pred=55 over=6 under=5 pitch_conflicts=0 missed_gt=5
      threshold profiles: hit_rate=0.000 thresholds=[0.75] profiles={'baseline_nominal': 10}
    delta treatment-control: precision=+0.000 recall=+0.000 f1=+0.000 offset_f1=+0.000 note_value_acc=+0.000 dup_per_100=+0.00 boundary_miss_rate=+0.000 p95_chunk_ms=-1.49 f1_10ms=+0.000 f1_20ms=+0.000 f1_30ms=+0.000 visible_p50_ms=-5.9 stabilize_p50_ms=+0.3 algo_visible_p50_ms=+0.0 algo_stabilize_p50_ms=+0.0 avg_revisions=+0.00 display_note_f1=+0.000 display_offset_f1=+0.000 display_cluster_f1=+0.000 display_cluster_jaccard=+0.000
    failure buckets: ['boundary_miss_failure', 'high_revision_slow_stabilization', 'note_value_offset_failure']
      boundary diagnostics: missed=2 by_arm={'control': 2, 'treatment': 2} tags={'control_boundary_miss': 2, 'no_control_coarse_candidate': 2}
        miss: pitch=87 onset=1.836s boundary_delta_ms=+35.9 control_coarse=False treatment_coarse=False retro=n/a
        miss: pitch=60 onset=2.947s boundary_delta_ms=-53.4 control_coarse=False treatment_coarse=False retro=n/a
[TIMING] EnhancedMel.transcribe: audio_to_gpu=4.1ms, features=1.1ms, model=18.4ms, decode=3.0ms | TOTAL=26.5ms for 600ms audio (RTF=0.04x)
[TIMING] stream_chunk[experiment-9c00ad63be6c4bdb9dbfd08f88294358](live_neural): decode=0.3ms, inference=30.6ms, second_pass=0.0ms, contention=0.0ms, TOTAL=31.0ms | audio=600ms, RTF=0.05x | model=enhanced_mel, neural_total=29.8ms, model_inference=18.4ms
[TIMING] EnhancedMel.transcribe: audio_to_gpu=0.2ms, features=0.4ms, model=14.0ms, decode=3.2ms | TOTAL=17.7ms for 1200ms audio (RTF=0.01x)
[TIMING] stream_chunk[experiment-9c00ad63be6c4bdb9dbfd08f88294358](live_neural): decode=0.3ms, inference=20.8ms, second_pass=0.0ms, contention=0.0ms, TOTAL=21.2ms | audio=600ms, RTF=0.04x | model=enhanced_mel, neural_total=20.2ms, model_inference=14.0ms
[TIMING] EnhancedMel.transcribe: audio_to_gpu=0.3ms, features=0.5ms, model=13.9ms, decode=4.5ms | TOTAL=19.3ms for 1800ms audio (RTF=0.01x)
[TIMING] stream_chunk[experiment-9c00ad63be6c4bdb9dbfd08f88294358](live_neural): decode=0.2ms, inference=22.5ms, second_pass=0.0ms, contention=0.0ms, TOTAL=22.9ms | audio=600ms, RTF=0.04x | model=enhanced_mel, neural_total=21.9ms, model_inference=13.9ms
[TIMING] EnhancedMel.transcribe: audio_to_gpu=0.2ms, features=1.4ms, model=15.2ms, decode=9.1ms | TOTAL=25.8ms for 2400ms audio (RTF=0.01x)
[TIMING] stream_chunk[experiment-9c00ad63be6c4bdb9dbfd08f88294358](live_neural): decode=0.3ms, inference=29.2ms, second_pass=0.0ms, contention=0.0ms, TOTAL=29.7ms | audio=600ms, RTF=0.05x | model=enhanced_mel, neural_total=28.6ms, model_inference=15.2ms
[TIMING] EnhancedMel.transcribe: audio_to_gpu=0.4ms, features=0.7ms, model=16.7ms, decode=7.5ms | TOTAL=25.3ms for 3000ms audio (RTF=0.01x)
[TIMING] stream_chunk[experiment-9c00ad63be6c4bdb9dbfd08f88294358](live_neural): decode=0.2ms, inference=29.6ms, second_pass=0.0ms, contention=0.0ms, TOTAL=29.9ms | audio=600ms, RTF=0.05x | model=enhanced_mel, neural_total=29.0ms, model_inference=16.7ms
[TIMING] EnhancedMel.transcribe: audio_to_gpu=0.2ms, features=0.5ms, model=15.6ms, decode=7.5ms | TOTAL=23.7ms for 3000ms audio (RTF=0.01x)
[TIMING] stream_chunk[experiment-9c00ad63be6c4bdb9dbfd08f88294358](live_neural): decode=0.3ms, inference=27.3ms, second_pass=0.0ms, contention=0.0ms, TOTAL=27.8ms | audio=600ms, RTF=0.05x | model=enhanced_mel, neural_total=26.7ms, model_inference=15.6ms
[TIMING] EnhancedMel.transcribe: audio_to_gpu=0.3ms, features=0.6ms, model=18.9ms, decode=10.2ms | TOTAL=30.1ms for 3000ms audio (RTF=0.01x)
[TIMING] stream_chunk[experiment-9c00ad63be6c4bdb9dbfd08f88294358](live_neural): decode=0.2ms, inference=33.9ms, second_pass=0.0ms, contention=0.0ms, TOTAL=34.3ms | audio=600ms, RTF=0.06x | model=enhanced_mel, neural_total=33.3ms, model_inference=18.9ms
[TIMING] EnhancedMel.transcribe: audio_to_gpu=0.2ms, features=0.6ms, model=15.9ms, decode=9.6ms | TOTAL=26.3ms for 3000ms audio (RTF=0.01x)
[TIMING] stream_chunk[experiment-9c00ad63be6c4bdb9dbfd08f88294358](live_neural): decode=0.2ms, inference=31.1ms, second_pass=0.0ms, contention=0.0ms, TOTAL=31.6ms | audio=600ms, RTF=0.05x | model=enhanced_mel, neural_total=30.4ms, model_inference=15.9ms
[TIMING] EnhancedMel.transcribe: audio_to_gpu=0.3ms, features=0.7ms, model=21.4ms, decode=8.9ms | TOTAL=31.4ms for 3000ms audio (RTF=0.01x)
[TIMING] stream_chunk[experiment-9c00ad63be6c4bdb9dbfd08f88294358](live_neural): decode=0.1ms, inference=35.7ms, second_pass=0.0ms, contention=0.0ms, TOTAL=36.1ms | audio=600ms, RTF=0.06x | model=enhanced_mel, neural_total=35.2ms, model_inference=21.4ms
[TIMING] EnhancedMel.transcribe: audio_to_gpu=0.3ms, features=0.8ms, model=12.4ms, decode=11.5ms | TOTAL=25.0ms for 3000ms audio (RTF=0.01x)
[TIMING] stream_chunk[experiment-9c00ad63be6c4bdb9dbfd08f88294358](live_neural): decode=0.3ms, inference=30.4ms, second_pass=0.0ms, contention=0.0ms, TOTAL=31.0ms | audio=600ms, RTF=0.05x | model=enhanced_mel, neural_total=29.7ms, model_inference=12.4ms
[TIMING] EnhancedMel.transcribe: audio_to_gpu=0.6ms, features=0.9ms, model=20.6ms, decode=2.6ms | TOTAL=24.7ms for 600ms audio (RTF=0.04x)
[TIMING] stream_chunk[experiment-34d78f99a546454dba3a59d66defe0b0](live_neural): decode=0.4ms, inference=28.6ms, second_pass=0.0ms, contention=0.0ms, TOTAL=29.1ms | audio=600ms, RTF=0.05x | model=enhanced_mel, neural_total=28.0ms, model_inference=20.6ms
[TIMING] EnhancedMel.transcribe: audio_to_gpu=0.2ms, features=0.7ms, model=20.6ms, decode=4.8ms | TOTAL=26.3ms for 1200ms audio (RTF=0.02x)
[TIMING] stream_chunk[experiment-34d78f99a546454dba3a59d66defe0b0](live_neural): decode=0.3ms, inference=30.7ms, second_pass=0.0ms, contention=0.0ms, TOTAL=31.2ms | audio=600ms, RTF=0.05x | model=enhanced_mel, neural_total=30.0ms, model_inference=20.6ms
[TIMING] EnhancedMel.transcribe: audio_to_gpu=0.2ms, features=0.5ms, model=18.1ms, decode=8.1ms | TOTAL=26.9ms for 1800ms audio (RTF=0.01x)
[TIMING] stream_chunk[experiment-34d78f99a546454dba3a59d66defe0b0](live_neural): decode=0.2ms, inference=31.1ms, second_pass=0.0ms, contention=0.0ms, TOTAL=31.6ms | audio=600ms, RTF=0.05x | model=enhanced_mel, neural_total=30.5ms, model_inference=18.1ms
[TIMING] EnhancedMel.transcribe: audio_to_gpu=0.3ms, features=0.7ms, model=16.8ms, decode=6.2ms | TOTAL=23.9ms for 2400ms audio (RTF=0.01x)
[TIMING] stream_chunk[experiment-34d78f99a546454dba3a59d66defe0b0](live_neural): decode=0.2ms, inference=29.7ms, second_pass=0.0ms, contention=0.0ms, TOTAL=30.0ms | audio=600ms, RTF=0.05x | model=enhanced_mel, neural_total=29.2ms, model_inference=16.8ms
[TIMING] EnhancedMel.transcribe: audio_to_gpu=0.2ms, features=0.6ms, model=14.8ms, decode=7.8ms | TOTAL=23.3ms for 3000ms audio (RTF=0.01x)
[TIMING] stream_chunk[experiment-34d78f99a546454dba3a59d66defe0b0](live_neural): decode=0.2ms, inference=28.1ms, second_pass=0.0ms, contention=0.0ms, TOTAL=28.5ms | audio=600ms, RTF=0.05x | model=enhanced_mel, neural_total=27.7ms, model_inference=14.8ms
[TIMING] EnhancedMel.transcribe: audio_to_gpu=0.2ms, features=0.6ms, model=14.8ms, decode=6.5ms | TOTAL=22.1ms for 3000ms audio (RTF=0.01x)
[TIMING] stream_chunk[experiment-34d78f99a546454dba3a59d66defe0b0](live_neural): decode=0.1ms, inference=26.7ms, second_pass=0.0ms, contention=0.0ms, TOTAL=27.0ms | audio=600ms, RTF=0.04x | model=enhanced_mel, neural_total=26.2ms, model_inference=14.8ms
[TIMING] EnhancedMel.transcribe: audio_to_gpu=0.3ms, features=0.6ms, model=16.3ms, decode=7.9ms | TOTAL=25.1ms for 3000ms audio (RTF=0.01x)
[TIMING] stream_chunk[experiment-34d78f99a546454dba3a59d66defe0b0](live_neural): decode=0.1ms, inference=28.6ms, second_pass=0.0ms, contention=0.0ms, TOTAL=28.9ms | audio=600ms, RTF=0.05x | model=enhanced_mel, neural_total=28.2ms, model_inference=16.3ms
[TIMING] EnhancedMel.transcribe: audio_to_gpu=0.3ms, features=0.5ms, model=18.7ms, decode=9.6ms | TOTAL=29.1ms for 3000ms audio (RTF=0.01x)
[TIMING] stream_chunk[experiment-34d78f99a546454dba3a59d66defe0b0](live_neural): decode=0.1ms, inference=33.8ms, second_pass=0.0ms, contention=0.0ms, TOTAL=35.3ms | audio=600ms, RTF=0.06x | model=enhanced_mel, neural_total=33.3ms, model_inference=18.7ms
[TIMING] EnhancedMel.transcribe: audio_to_gpu=0.3ms, features=1.4ms, model=12.7ms, decode=12.2ms | TOTAL=26.6ms for 3000ms audio (RTF=0.01x)
[TIMING] stream_chunk[experiment-34d78f99a546454dba3a59d66defe0b0](live_neural): decode=0.2ms, inference=30.4ms, second_pass=0.0ms, contention=0.0ms, TOTAL=30.8ms | audio=600ms, RTF=0.05x | model=enhanced_mel, neural_total=29.8ms, model_inference=12.7ms
[TIMING] EnhancedMel.transcribe: audio_to_gpu=0.4ms, features=0.7ms, model=18.2ms, decode=8.7ms | TOTAL=28.0ms for 3000ms audio (RTF=0.01x)
[TIMING] stream_chunk[experiment-34d78f99a546454dba3a59d66defe0b0](live_neural): decode=0.1ms, inference=31.7ms, second_pass=0.0ms, contention=0.0ms, TOTAL=32.1ms | audio=600ms, RTF=0.05x | model=enhanced_mel, neural_total=31.2ms, model_inference=18.2ms

[CLIP_030] Fantasy in F-sharp Minor, Op. 28 (Complete)
  excerpt: start=75.00s end=81.00s duration=6.00s gt_notes=93 rms=0.0981 peak=0.6460 crest=6.582 rms_std=0.0429
    control:
      note metrics: precision=0.900 recall=0.968 f1=0.933 matched=90/93 pred=100
      strict onset f1: 10ms=0.839 20ms=0.922 30ms=0.933
      timing metrics: offset_f1=0.839 rhythm_precision=0.900 note_value_acc=0.289 note_value_n=90 avg_beat_error=0.190
      duplicate metrics: duplicates=1 per_100_notes=1.00
      boundary metrics: gt=23 matched=22 missed=1 miss_rate=0.043
      latency: avg_chunk_ms=29.55 p95_chunk_ms=35.29 avg_rtf=0.049
      notation metrics: first_correct_ms=29.5 visible_p50_ms=254.9 visible_p95_ms=511.1 stabilize_p50_ms=2573.7 stabilize_p95_ms=3653.1 avg_revisions=2.85 matched=13 refined=13 snapshots=19
      algorithmic latency: first_correct_ms=0.0 visible_p50_ms=224.0 visible_p95_ms=485.4 stabilize_p50_ms=1846.9 stabilize_p95_ms=3222.3
      final display note metrics: precision=0.909 recall=0.968 f1=0.937 matched=90/93 pred=99
      final display strict onset f1: 10ms=0.833 20ms=0.917 30ms=0.937
      final display timing: offset_f1=0.844 rhythm_precision=0.900 note_value_acc=0.211 note_value_n=90 avg_beat_error=0.258
      final display structure: cluster_f1=0.769 onset_align_recall=1.000 avg_jaccard=0.937 exact=20/25 pred=27 over=2 under=3 pitch_conflicts=0 missed_gt=0
      threshold profiles: hit_rate=0.000 thresholds=[0.75] profiles={'fixed_baseline': 10}
    treatment:
      note metrics: precision=0.909 recall=0.968 f1=0.937 matched=90/93 pred=99
      strict onset f1: 10ms=0.844 20ms=0.927 30ms=0.937
      timing metrics: offset_f1=0.844 rhythm_precision=0.900 note_value_acc=0.289 note_value_n=90 avg_beat_error=0.190
      duplicate metrics: duplicates=1 per_100_notes=1.01
      boundary metrics: gt=23 matched=22 missed=1 miss_rate=0.043
      latency: avg_chunk_ms=30.44 p95_chunk_ms=33.83 avg_rtf=0.051
      notation metrics: first_correct_ms=33.2 visible_p50_ms=256.0 visible_p95_ms=515.7 stabilize_p50_ms=2568.8 stabilize_p95_ms=3650.7 avg_revisions=2.85 matched=13 refined=13 snapshots=19
      algorithmic latency: first_correct_ms=0.0 visible_p50_ms=224.0 visible_p95_ms=485.4 stabilize_p50_ms=1846.9 stabilize_p95_ms=3222.3
      final display note metrics: precision=0.918 recall=0.968 f1=0.942 matched=90/93 pred=98
      final display strict onset f1: 10ms=0.838 20ms=0.921 30ms=0.942
      final display timing: offset_f1=0.848 rhythm_precision=0.900 note_value_acc=0.211 note_value_n=90 avg_beat_error=0.258
      final display structure: cluster_f1=0.769 onset_align_recall=1.000 avg_jaccard=0.937 exact=20/25 pred=27 over=2 under=3 pitch_conflicts=0 missed_gt=0
      threshold profiles: hit_rate=0.200 thresholds=[0.75, 0.77] profiles={'baseline_nominal': 8, 'loud_dense_precision': 2}
    delta treatment-control: precision=+0.009 recall=+0.000 f1=+0.005 offset_f1=+0.004 note_value_acc=+0.000 dup_per_100=+0.01 boundary_miss_rate=+0.000 p95_chunk_ms=-1.45 f1_10ms=+0.004 f1_20ms=+0.005 f1_30ms=+0.005 visible_p50_ms=+1.1 stabilize_p50_ms=-4.9 algo_visible_p50_ms=+0.0 algo_stabilize_p50_ms=+0.0 avg_revisions=+0.00 display_note_f1=+0.005 display_offset_f1=+0.004 display_cluster_f1=+0.000 display_cluster_jaccard=+0.000
    failure buckets: ['boundary_miss_failure', 'high_revision_slow_stabilization', 'note_value_offset_failure']
      boundary diagnostics: missed=1 by_arm={'control': 1, 'treatment': 1} tags={'control_boundary_miss': 1, 'no_control_coarse_candidate': 1}
        miss: pitch=57 onset=4.793s boundary_delta_ms=-7.3 control_coarse=False treatment_coarse=False retro=n/a
[TIMING] EnhancedMel.transcribe: audio_to_gpu=0.7ms, features=0.9ms, model=20.7ms, decode=3.9ms | TOTAL=26.2ms for 600ms audio (RTF=0.04x)
[TIMING] stream_chunk[experiment-46b59c01ded640febe6513b6ada21f1e](live_neural): decode=0.3ms, inference=29.9ms, second_pass=0.0ms, contention=0.0ms, TOTAL=30.2ms | audio=600ms, RTF=0.05x | model=enhanced_mel, neural_total=29.2ms, model_inference=20.7ms
[TIMING] EnhancedMel.transcribe: audio_to_gpu=0.1ms, features=0.5ms, model=14.4ms, decode=3.0ms | TOTAL=18.1ms for 1200ms audio (RTF=0.02x)
[TIMING] stream_chunk[experiment-46b59c01ded640febe6513b6ada21f1e](live_neural): decode=0.3ms, inference=21.0ms, second_pass=0.0ms, contention=0.0ms, TOTAL=21.4ms | audio=600ms, RTF=0.04x | model=enhanced_mel, neural_total=20.6ms, model_inference=14.4ms
[TIMING] EnhancedMel.transcribe: audio_to_gpu=0.1ms, features=4.8ms, model=15.4ms, decode=5.8ms | TOTAL=26.2ms for 1800ms audio (RTF=0.01x)
[TIMING] stream_chunk[experiment-46b59c01ded640febe6513b6ada21f1e](live_neural): decode=0.2ms, inference=29.2ms, second_pass=0.0ms, contention=0.0ms, TOTAL=29.5ms | audio=600ms, RTF=0.05x | model=enhanced_mel, neural_total=28.7ms, model_inference=15.4ms
[TIMING] EnhancedMel.transcribe: audio_to_gpu=0.2ms, features=0.7ms, model=16.7ms, decode=8.8ms | TOTAL=26.4ms for 2400ms audio (RTF=0.01x)
[TIMING] stream_chunk[experiment-46b59c01ded640febe6513b6ada21f1e](live_neural): decode=0.2ms, inference=29.7ms, second_pass=0.0ms, contention=0.0ms, TOTAL=30.1ms | audio=600ms, RTF=0.05x | model=enhanced_mel, neural_total=29.3ms, model_inference=16.7ms
[TIMING] EnhancedMel.transcribe: audio_to_gpu=0.3ms, features=0.7ms, model=17.2ms, decode=7.9ms | TOTAL=26.1ms for 3000ms audio (RTF=0.01x)
[TIMING] stream_chunk[experiment-46b59c01ded640febe6513b6ada21f1e](live_neural): decode=0.2ms, inference=30.5ms, second_pass=0.0ms, contention=0.0ms, TOTAL=30.9ms | audio=600ms, RTF=0.05x | model=enhanced_mel, neural_total=29.8ms, model_inference=17.2ms
[TIMING] EnhancedMel.transcribe: audio_to_gpu=0.3ms, features=0.7ms, model=16.5ms, decode=9.1ms | TOTAL=26.5ms for 3000ms audio (RTF=0.01x)
[TIMING] stream_chunk[experiment-46b59c01ded640febe6513b6ada21f1e](live_neural): decode=0.3ms, inference=31.0ms, second_pass=0.0ms, contention=0.0ms, TOTAL=31.7ms | audio=600ms, RTF=0.05x | model=enhanced_mel, neural_total=30.4ms, model_inference=16.5ms
[TIMING] EnhancedMel.transcribe: audio_to_gpu=0.3ms, features=2.3ms, model=16.0ms, decode=8.5ms | TOTAL=27.1ms for 3000ms audio (RTF=0.01x)
[TIMING] stream_chunk[experiment-46b59c01ded640febe6513b6ada21f1e](live_neural): decode=0.2ms, inference=31.8ms, second_pass=0.0ms, contention=0.0ms, TOTAL=32.4ms | audio=600ms, RTF=0.05x | model=enhanced_mel, neural_total=31.2ms, model_inference=16.0ms
[TIMING] EnhancedMel.transcribe: audio_to_gpu=0.3ms, features=0.6ms, model=16.1ms, decode=8.5ms | TOTAL=25.6ms for 3000ms audio (RTF=0.01x)
[TIMING] stream_chunk[experiment-46b59c01ded640febe6513b6ada21f1e](live_neural): decode=0.2ms, inference=30.0ms, second_pass=0.0ms, contention=0.0ms, TOTAL=30.5ms | audio=600ms, RTF=0.05x | model=enhanced_mel, neural_total=29.2ms, model_inference=16.1ms
[TIMING] EnhancedMel.transcribe: audio_to_gpu=0.3ms, features=0.6ms, model=17.5ms, decode=9.4ms | TOTAL=27.8ms for 3000ms audio (RTF=0.01x)
[TIMING] stream_chunk[experiment-46b59c01ded640febe6513b6ada21f1e](live_neural): decode=0.2ms, inference=32.4ms, second_pass=0.0ms, contention=0.0ms, TOTAL=32.8ms | audio=600ms, RTF=0.05x | model=enhanced_mel, neural_total=31.7ms, model_inference=17.5ms
[TIMING] EnhancedMel.transcribe: audio_to_gpu=0.3ms, features=1.4ms, model=17.9ms, decode=9.6ms | TOTAL=29.3ms for 3000ms audio (RTF=0.01x)
[TIMING] stream_chunk[experiment-46b59c01ded640febe6513b6ada21f1e](live_neural): decode=0.2ms, inference=33.4ms, second_pass=0.0ms, contention=0.0ms, TOTAL=33.7ms | audio=600ms, RTF=0.06x | model=enhanced_mel, neural_total=32.8ms, model_inference=17.9ms
[TIMING] EnhancedMel.transcribe: audio_to_gpu=0.6ms, features=0.6ms, model=11.3ms, decode=1.0ms | TOTAL=13.5ms for 600ms audio (RTF=0.02x)
[TIMING] stream_chunk[experiment-e4b1affa93de4b8d9670e48faa5372ce](live_neural): decode=0.1ms, inference=15.1ms, second_pass=0.0ms, contention=0.0ms, TOTAL=15.2ms | audio=600ms, RTF=0.03x | model=enhanced_mel, neural_total=14.7ms, model_inference=11.3ms
[TIMING] EnhancedMel.transcribe: audio_to_gpu=0.2ms, features=0.6ms, model=18.6ms, decode=3.1ms | TOTAL=22.5ms for 1200ms audio (RTF=0.02x)
[TIMING] stream_chunk[experiment-e4b1affa93de4b8d9670e48faa5372ce](live_neural): decode=0.1ms, inference=26.6ms, second_pass=0.0ms, contention=0.0ms, TOTAL=26.9ms | audio=600ms, RTF=0.04x | model=enhanced_mel, neural_total=26.2ms, model_inference=18.6ms
[TIMING] EnhancedMel.transcribe: audio_to_gpu=0.2ms, features=0.5ms, model=22.1ms, decode=7.7ms | TOTAL=30.5ms for 1800ms audio (RTF=0.02x)
[TIMING] stream_chunk[experiment-e4b1affa93de4b8d9670e48faa5372ce](live_neural): decode=0.2ms, inference=35.1ms, second_pass=0.0ms, contention=0.0ms, TOTAL=35.4ms | audio=600ms, RTF=0.06x | model=enhanced_mel, neural_total=34.7ms, model_inference=22.1ms
[TIMING] EnhancedMel.transcribe: audio_to_gpu=0.3ms, features=1.6ms, model=18.9ms, decode=6.2ms | TOTAL=26.9ms for 2400ms audio (RTF=0.01x)
[TIMING] stream_chunk[experiment-e4b1affa93de4b8d9670e48faa5372ce](live_neural): decode=0.3ms, inference=30.2ms, second_pass=0.0ms, contention=0.0ms, TOTAL=30.6ms | audio=600ms, RTF=0.05x | model=enhanced_mel, neural_total=29.8ms, model_inference=18.9ms
[TIMING] EnhancedMel.transcribe: audio_to_gpu=0.3ms, features=0.6ms, model=18.9ms, decode=13.9ms | TOTAL=33.8ms for 3000ms audio (RTF=0.01x)
[TIMING] stream_chunk[experiment-e4b1affa93de4b8d9670e48faa5372ce](live_neural): decode=0.1ms, inference=37.9ms, second_pass=0.0ms, contention=0.0ms, TOTAL=38.3ms | audio=600ms, RTF=0.06x | model=enhanced_mel, neural_total=37.4ms, model_inference=18.9ms
[TIMING] EnhancedMel.transcribe: audio_to_gpu=0.4ms, features=0.7ms, model=15.9ms, decode=8.1ms | TOTAL=25.1ms for 3000ms audio (RTF=0.01x)
[TIMING] stream_chunk[experiment-e4b1affa93de4b8d9670e48faa5372ce](live_neural): decode=0.1ms, inference=30.2ms, second_pass=0.0ms, contention=0.0ms, TOTAL=30.6ms | audio=600ms, RTF=0.05x | model=enhanced_mel, neural_total=29.8ms, model_inference=15.9ms
[TIMING] EnhancedMel.transcribe: audio_to_gpu=0.3ms, features=0.6ms, model=25.2ms, decode=6.4ms | TOTAL=32.5ms for 3000ms audio (RTF=0.01x)
[TIMING] stream_chunk[experiment-e4b1affa93de4b8d9670e48faa5372ce](live_neural): decode=0.2ms, inference=34.9ms, second_pass=0.0ms, contention=0.0ms, TOTAL=35.3ms | audio=600ms, RTF=0.06x | model=enhanced_mel, neural_total=34.5ms, model_inference=25.2ms
[TIMING] EnhancedMel.transcribe: audio_to_gpu=0.4ms, features=0.8ms, model=21.8ms, decode=11.1ms | TOTAL=34.0ms for 3000ms audio (RTF=0.01x)
[TIMING] stream_chunk[experiment-e4b1affa93de4b8d9670e48faa5372ce](live_neural): decode=0.1ms, inference=39.4ms, second_pass=0.0ms, contention=0.0ms, TOTAL=39.9ms | audio=600ms, RTF=0.07x | model=enhanced_mel, neural_total=38.9ms, model_inference=21.8ms
[TIMING] EnhancedMel.transcribe: audio_to_gpu=0.5ms, features=0.8ms, model=20.9ms, decode=8.4ms | TOTAL=30.6ms for 3000ms audio (RTF=0.01x)
[TIMING] stream_chunk[experiment-e4b1affa93de4b8d9670e48faa5372ce](live_neural): decode=0.2ms, inference=36.0ms, second_pass=0.0ms, contention=0.0ms, TOTAL=36.4ms | audio=600ms, RTF=0.06x | model=enhanced_mel, neural_total=35.4ms, model_inference=20.9ms
[TIMING] EnhancedMel.transcribe: audio_to_gpu=0.3ms, features=0.9ms, model=16.0ms, decode=5.5ms | TOTAL=22.7ms for 3000ms audio (RTF=0.01x)
[TIMING] stream_chunk[experiment-e4b1affa93de4b8d9670e48faa5372ce](live_neural): decode=0.3ms, inference=27.9ms, second_pass=0.0ms, contention=0.0ms, TOTAL=28.4ms | audio=600ms, RTF=0.05x | model=enhanced_mel, neural_total=27.4ms, model_inference=16.0ms

[CLIP_031] Hungarian Rhapsody No. 9
  excerpt: start=18.00s end=24.00s duration=6.00s gt_notes=99 rms=0.0312 peak=0.2985 crest=9.571 rms_std=0.0160
    control:
      note metrics: precision=0.958 recall=0.919 f1=0.938 matched=91/99 pred=95
      strict onset f1: 10ms=0.732 20ms=0.938 30ms=0.938
      timing metrics: offset_f1=0.938 rhythm_precision=1.000 note_value_acc=0.945 note_value_n=91 avg_beat_error=0.005
      duplicate metrics: duplicates=3 per_100_notes=3.16
      boundary metrics: gt=32 matched=31 missed=1 miss_rate=0.031
      latency: avg_chunk_ms=30.34 p95_chunk_ms=33.34 avg_rtf=0.051
      notation metrics: first_correct_ms=95.5 visible_p50_ms=372.4 visible_p95_ms=512.9 stabilize_p50_ms=3008.9 stabilize_p95_ms=4230.2 avg_revisions=2.80 matched=5 refined=5 snapshots=14
      algorithmic latency: first_correct_ms=65.4 visible_p50_ms=351.0 visible_p95_ms=481.7 stabilize_p50_ms=2465.4 stabilize_p95_ms=3686.7
      final display note metrics: precision=0.989 recall=0.909 f1=0.947 matched=90/99 pred=91
      final display strict onset f1: 10ms=0.747 20ms=0.947 30ms=0.947
      final display timing: offset_f1=0.947 rhythm_precision=1.000 note_value_acc=0.956 note_value_n=90 avg_beat_error=0.046
      final display structure: cluster_f1=0.667 onset_align_recall=0.962 avg_jaccard=0.914 exact=17/26 pred=25 over=0 under=7 pitch_conflicts=1 missed_gt=1
      threshold profiles: hit_rate=0.000 thresholds=[0.75] profiles={'fixed_baseline': 10}
    treatment:
      note metrics: precision=0.958 recall=0.919 f1=0.938 matched=91/99 pred=95
      strict onset f1: 10ms=0.732 20ms=0.938 30ms=0.938
      timing metrics: offset_f1=0.938 rhythm_precision=1.000 note_value_acc=0.945 note_value_n=91 avg_beat_error=0.005
      duplicate metrics: duplicates=3 per_100_notes=3.16
      boundary metrics: gt=32 matched=31 missed=1 miss_rate=0.031
      latency: avg_chunk_ms=31.70 p95_chunk_ms=39.14 avg_rtf=0.053
      notation metrics: first_correct_ms=96.0 visible_p50_ms=377.9 visible_p95_ms=519.3 stabilize_p50_ms=3012.2 stabilize_p95_ms=4233.6 avg_revisions=2.80 matched=5 refined=5 snapshots=14
      algorithmic latency: first_correct_ms=65.4 visible_p50_ms=351.0 visible_p95_ms=481.7 stabilize_p50_ms=2465.4 stabilize_p95_ms=3686.7
      final display note metrics: precision=0.989 recall=0.909 f1=0.947 matched=90/99 pred=91
      final display strict onset f1: 10ms=0.747 20ms=0.947 30ms=0.947
      final display timing: offset_f1=0.947 rhythm_precision=1.000 note_value_acc=0.956 note_value_n=90 avg_beat_error=0.046
      final display structure: cluster_f1=0.667 onset_align_recall=0.962 avg_jaccard=0.914 exact=17/26 pred=25 over=0 under=7 pitch_conflicts=1 missed_gt=1
      threshold profiles: hit_rate=0.300 thresholds=[0.71, 0.75] profiles={'baseline_nominal': 7, 'soft_sparse_recall': 3}
    delta treatment-control: precision=+0.000 recall=+0.000 f1=+0.000 offset_f1=+0.000 note_value_acc=+0.000 dup_per_100=+0.00 boundary_miss_rate=+0.000 p95_chunk_ms=+5.81 f1_10ms=+0.000 f1_20ms=+0.000 f1_30ms=+0.000 visible_p50_ms=+5.5 stabilize_p50_ms=+3.4 algo_visible_p50_ms=+0.0 algo_stabilize_p50_ms=+0.0 avg_revisions=+0.00 display_note_f1=+0.000 display_offset_f1=+0.000 display_cluster_f1=+0.000 display_cluster_jaccard=+0.000
    failure buckets: ['boundary_miss_failure', 'high_revision_slow_stabilization']
      boundary diagnostics: missed=1 by_arm={'control': 1, 'treatment': 1} tags={'control_boundary_miss': 1, 'no_control_coarse_candidate': 1}
        miss: pitch=82 onset=4.102s boundary_delta_ms=-98.4 control_coarse=False treatment_coarse=False retro=n/a
[TIMING] EnhancedMel.transcribe: audio_to_gpu=0.4ms, features=0.8ms, model=21.0ms, decode=2.2ms | TOTAL=24.4ms for 600ms audio (RTF=0.04x)
[TIMING] stream_chunk[experiment-dd792a4d2edc4730ac143ac29e6ebe6f](live_neural): decode=0.2ms, inference=28.2ms, second_pass=0.0ms, contention=0.0ms, TOTAL=28.5ms | audio=600ms, RTF=0.05x | model=enhanced_mel, neural_total=27.6ms, model_inference=21.0ms
[TIMING] EnhancedMel.transcribe: audio_to_gpu=0.1ms, features=0.4ms, model=19.9ms, decode=5.9ms | TOTAL=26.3ms for 1200ms audio (RTF=0.02x)
[TIMING] stream_chunk[experiment-dd792a4d2edc4730ac143ac29e6ebe6f](live_neural): decode=0.3ms, inference=30.2ms, second_pass=0.0ms, contention=0.0ms, TOTAL=30.7ms | audio=600ms, RTF=0.05x | model=enhanced_mel, neural_total=29.6ms, model_inference=19.9ms
[TIMING] EnhancedMel.transcribe: audio_to_gpu=0.3ms, features=0.6ms, model=14.6ms, decode=3.6ms | TOTAL=19.0ms for 1800ms audio (RTF=0.01x)
[TIMING] stream_chunk[experiment-dd792a4d2edc4730ac143ac29e6ebe6f](live_neural): decode=0.2ms, inference=22.0ms, second_pass=0.0ms, contention=0.0ms, TOTAL=22.4ms | audio=600ms, RTF=0.04x | model=enhanced_mel, neural_total=21.6ms, model_inference=14.6ms
[TIMING] EnhancedMel.transcribe: audio_to_gpu=0.3ms, features=0.6ms, model=19.4ms, decode=6.7ms | TOTAL=27.0ms for 2400ms audio (RTF=0.01x)
[TIMING] stream_chunk[experiment-dd792a4d2edc4730ac143ac29e6ebe6f](live_neural): decode=0.2ms, inference=30.4ms, second_pass=0.0ms, contention=0.0ms, TOTAL=30.8ms | audio=600ms, RTF=0.05x | model=enhanced_mel, neural_total=30.0ms, model_inference=19.4ms
[TIMING] EnhancedMel.transcribe: audio_to_gpu=0.5ms, features=1.1ms, model=22.5ms, decode=10.3ms | TOTAL=34.3ms for 3000ms audio (RTF=0.01x)
[TIMING] stream_chunk[experiment-dd792a4d2edc4730ac143ac29e6ebe6f](live_neural): decode=0.1ms, inference=37.8ms, second_pass=0.0ms, contention=0.0ms, TOTAL=38.3ms | audio=600ms, RTF=0.06x | model=enhanced_mel, neural_total=37.2ms, model_inference=22.5ms
[TIMING] EnhancedMel.transcribe: audio_to_gpu=0.3ms, features=0.8ms, model=17.3ms, decode=6.9ms | TOTAL=25.3ms for 3000ms audio (RTF=0.01x)
[TIMING] stream_chunk[experiment-dd792a4d2edc4730ac143ac29e6ebe6f](live_neural): decode=0.2ms, inference=30.7ms, second_pass=0.0ms, contention=0.0ms, TOTAL=31.4ms | audio=600ms, RTF=0.05x | model=enhanced_mel, neural_total=30.2ms, model_inference=17.3ms
[TIMING] EnhancedMel.transcribe: audio_to_gpu=0.3ms, features=0.8ms, model=17.4ms, decode=14.9ms | TOTAL=33.4ms for 3000ms audio (RTF=0.01x)
[TIMING] stream_chunk[experiment-dd792a4d2edc4730ac143ac29e6ebe6f](live_neural): decode=0.2ms, inference=37.8ms, second_pass=0.0ms, contention=0.0ms, TOTAL=38.4ms | audio=600ms, RTF=0.06x | model=enhanced_mel, neural_total=37.1ms, model_inference=17.4ms
[TIMING] EnhancedMel.transcribe: audio_to_gpu=0.3ms, features=0.7ms, model=18.9ms, decode=6.1ms | TOTAL=26.0ms for 3000ms audio (RTF=0.01x)
[TIMING] stream_chunk[experiment-dd792a4d2edc4730ac143ac29e6ebe6f](live_neural): decode=0.1ms, inference=29.9ms, second_pass=0.0ms, contention=0.0ms, TOTAL=30.3ms | audio=600ms, RTF=0.05x | model=enhanced_mel, neural_total=29.5ms, model_inference=18.9ms
[TIMING] EnhancedMel.transcribe: audio_to_gpu=0.3ms, features=0.6ms, model=21.6ms, decode=9.2ms | TOTAL=31.8ms for 3000ms audio (RTF=0.01x)
[TIMING] stream_chunk[experiment-dd792a4d2edc4730ac143ac29e6ebe6f](live_neural): decode=0.2ms, inference=38.2ms, second_pass=0.0ms, contention=0.0ms, TOTAL=38.9ms | audio=600ms, RTF=0.06x | model=enhanced_mel, neural_total=37.6ms, model_inference=21.6ms
[TIMING] EnhancedMel.transcribe: audio_to_gpu=0.3ms, features=0.7ms, model=15.0ms, decode=9.7ms | TOTAL=25.7ms for 3000ms audio (RTF=0.01x)
[TIMING] stream_chunk[experiment-dd792a4d2edc4730ac143ac29e6ebe6f](live_neural): decode=0.2ms, inference=29.7ms, second_pass=0.0ms, contention=0.0ms, TOTAL=30.2ms | audio=600ms, RTF=0.05x | model=enhanced_mel, neural_total=29.2ms, model_inference=15.0ms
[TIMING] EnhancedMel.transcribe: audio_to_gpu=0.5ms, features=0.9ms, model=14.6ms, decode=1.8ms | TOTAL=17.8ms for 600ms audio (RTF=0.03x)
[TIMING] stream_chunk[experiment-7b5cb54bcfc44fe2b9546d5c23883370](live_neural): decode=0.2ms, inference=21.3ms, second_pass=0.0ms, contention=0.0ms, TOTAL=21.5ms | audio=600ms, RTF=0.04x | model=enhanced_mel, neural_total=20.8ms, model_inference=14.6ms
[TIMING] EnhancedMel.transcribe: audio_to_gpu=0.2ms, features=0.5ms, model=12.8ms, decode=3.8ms | TOTAL=17.3ms for 1200ms audio (RTF=0.01x)
[TIMING] stream_chunk[experiment-7b5cb54bcfc44fe2b9546d5c23883370](live_neural): decode=0.3ms, inference=20.2ms, second_pass=0.0ms, contention=0.0ms, TOTAL=20.7ms | audio=600ms, RTF=0.03x | model=enhanced_mel, neural_total=19.6ms, model_inference=12.8ms
[TIMING] EnhancedMel.transcribe: audio_to_gpu=0.2ms, features=0.6ms, model=14.6ms, decode=4.9ms | TOTAL=20.4ms for 1800ms audio (RTF=0.01x)
[TIMING] stream_chunk[experiment-7b5cb54bcfc44fe2b9546d5c23883370](live_neural): decode=0.2ms, inference=24.0ms, second_pass=0.0ms, contention=0.0ms, TOTAL=24.4ms | audio=600ms, RTF=0.04x | model=enhanced_mel, neural_total=23.6ms, model_inference=14.6ms
[TIMING] EnhancedMel.transcribe: audio_to_gpu=0.4ms, features=0.6ms, model=15.7ms, decode=8.8ms | TOTAL=25.6ms for 2400ms audio (RTF=0.01x)
[TIMING] stream_chunk[experiment-7b5cb54bcfc44fe2b9546d5c23883370](live_neural): decode=0.2ms, inference=29.2ms, second_pass=0.0ms, contention=0.0ms, TOTAL=29.6ms | audio=600ms, RTF=0.05x | model=enhanced_mel, neural_total=28.7ms, model_inference=15.7ms
[TIMING] EnhancedMel.transcribe: audio_to_gpu=0.4ms, features=0.6ms, model=14.3ms, decode=9.1ms | TOTAL=24.4ms for 3000ms audio (RTF=0.01x)
[TIMING] stream_chunk[experiment-7b5cb54bcfc44fe2b9546d5c23883370](live_neural): decode=0.2ms, inference=29.2ms, second_pass=0.0ms, contention=0.0ms, TOTAL=29.8ms | audio=600ms, RTF=0.05x | model=enhanced_mel, neural_total=28.8ms, model_inference=14.3ms
[TIMING] EnhancedMel.transcribe: audio_to_gpu=0.5ms, features=2.5ms, model=16.7ms, decode=13.8ms | TOTAL=33.5ms for 3000ms audio (RTF=0.01x)
[TIMING] stream_chunk[experiment-7b5cb54bcfc44fe2b9546d5c23883370](live_neural): decode=0.2ms, inference=37.6ms, second_pass=0.0ms, contention=0.0ms, TOTAL=38.2ms | audio=600ms, RTF=0.06x | model=enhanced_mel, neural_total=37.1ms, model_inference=16.7ms
[TIMING] EnhancedMel.transcribe: audio_to_gpu=0.3ms, features=0.8ms, model=18.7ms, decode=8.0ms | TOTAL=27.9ms for 3000ms audio (RTF=0.01x)
[TIMING] stream_chunk[experiment-7b5cb54bcfc44fe2b9546d5c23883370](live_neural): decode=0.2ms, inference=33.5ms, second_pass=0.0ms, contention=0.0ms, TOTAL=34.2ms | audio=600ms, RTF=0.06x | model=enhanced_mel, neural_total=33.0ms, model_inference=18.7ms
[TIMING] EnhancedMel.transcribe: audio_to_gpu=0.3ms, features=0.7ms, model=15.1ms, decode=13.6ms | TOTAL=29.6ms for 3000ms audio (RTF=0.01x)
[TIMING] stream_chunk[experiment-7b5cb54bcfc44fe2b9546d5c23883370](live_neural): decode=0.2ms, inference=34.9ms, second_pass=0.0ms, contention=0.0ms, TOTAL=35.3ms | audio=600ms, RTF=0.06x | model=enhanced_mel, neural_total=34.4ms, model_inference=15.1ms
[TIMING] EnhancedMel.transcribe: audio_to_gpu=0.3ms, features=0.5ms, model=15.9ms, decode=8.1ms | TOTAL=24.9ms for 3000ms audio (RTF=0.01x)
[TIMING] stream_chunk[experiment-7b5cb54bcfc44fe2b9546d5c23883370](live_neural): decode=0.3ms, inference=28.9ms, second_pass=0.0ms, contention=0.0ms, TOTAL=29.6ms | audio=600ms, RTF=0.05x | model=enhanced_mel, neural_total=28.4ms, model_inference=15.9ms
[TIMING] EnhancedMel.transcribe: audio_to_gpu=0.4ms, features=0.8ms, model=20.5ms, decode=8.3ms | TOTAL=29.9ms for 3000ms audio (RTF=0.01x)
[TIMING] stream_chunk[experiment-7b5cb54bcfc44fe2b9546d5c23883370](live_neural): decode=0.3ms, inference=34.6ms, second_pass=0.0ms, contention=0.0ms, TOTAL=35.4ms | audio=600ms, RTF=0.06x | model=enhanced_mel, neural_total=34.0ms, model_inference=20.5ms

[CLIP_032] Au bord d'une source
  excerpt: start=75.00s end=81.00s duration=6.00s gt_notes=122 rms=0.0265 peak=0.1431 crest=5.398 rms_std=0.0113
    control:
      note metrics: precision=0.992 recall=0.959 f1=0.975 matched=117/122 pred=118
      strict onset f1: 10ms=0.825 20ms=0.975 30ms=0.975
      timing metrics: offset_f1=0.883 rhythm_precision=0.906 note_value_acc=0.667 note_value_n=117 avg_beat_error=0.080
      duplicate metrics: duplicates=0 per_100_notes=0.00
      boundary metrics: gt=39 matched=35 missed=4 miss_rate=0.103
      latency: avg_chunk_ms=31.99 p95_chunk_ms=38.67 avg_rtf=0.053
      notation metrics: first_correct_ms=57.4 visible_p50_ms=184.3 visible_p95_ms=609.2 stabilize_p50_ms=1132.3 stabilize_p95_ms=3392.9 avg_revisions=1.33 matched=21 refined=21 snapshots=19
      algorithmic latency: first_correct_ms=19.0 visible_p50_ms=162.0 visible_p95_ms=578.4 stabilize_p50_ms=1109.9 stabilize_p95_ms=2953.6
      final display note metrics: precision=0.991 recall=0.951 f1=0.971 matched=116/122 pred=117
      final display strict onset f1: 10ms=0.820 20ms=0.971 30ms=0.971
      final display timing: offset_f1=0.879 rhythm_precision=0.905 note_value_acc=0.422 note_value_n=116 avg_beat_error=0.157
      final display structure: cluster_f1=0.879 onset_align_recall=1.000 avg_jaccard=0.951 exact=51/58 pred=58 over=1 under=6 pitch_conflicts=0 missed_gt=0
      threshold profiles: hit_rate=0.000 thresholds=[0.75] profiles={'fixed_baseline': 10}
    treatment:
      note metrics: precision=0.992 recall=0.967 f1=0.979 matched=118/122 pred=119
      strict onset f1: 10ms=0.830 20ms=0.979 30ms=0.979
      timing metrics: offset_f1=0.888 rhythm_precision=0.907 note_value_acc=0.661 note_value_n=118 avg_beat_error=0.080
      duplicate metrics: duplicates=0 per_100_notes=0.00
      boundary metrics: gt=39 matched=36 missed=3 miss_rate=0.077
      latency: avg_chunk_ms=29.87 p95_chunk_ms=36.92 avg_rtf=0.050
      notation metrics: first_correct_ms=53.2 visible_p50_ms=243.1 visible_p95_ms=621.0 stabilize_p50_ms=1128.8 stabilize_p95_ms=2504.2 avg_revisions=0.82 matched=22 refined=22 snapshots=19
      algorithmic latency: first_correct_ms=19.0 visible_p50_ms=220.2 visible_p95_ms=599.9 stabilize_p50_ms=855.9 stabilize_p95_ms=1789.1
      final display note metrics: precision=0.992 recall=0.959 f1=0.975 matched=117/122 pred=118
      final display strict onset f1: 10ms=0.825 20ms=0.975 30ms=0.975
      final display timing: offset_f1=0.883 rhythm_precision=0.906 note_value_acc=0.462 note_value_n=117 avg_beat_error=0.156
      final display structure: cluster_f1=0.897 onset_align_recall=1.000 avg_jaccard=0.960 exact=52/58 pred=58 over=1 under=5 pitch_conflicts=0 missed_gt=0
      threshold profiles: hit_rate=0.600 thresholds=[0.71, 0.75] profiles={'baseline_nominal': 4, 'soft_sparse_recall': 6}
    delta treatment-control: precision=+0.000 recall=+0.008 f1=+0.004 offset_f1=+0.005 note_value_acc=-0.006 dup_per_100=+0.00 boundary_miss_rate=-0.026 p95_chunk_ms=-1.75 f1_10ms=+0.005 f1_20ms=+0.004 f1_30ms=+0.004 visible_p50_ms=+58.8 stabilize_p50_ms=-3.5 algo_visible_p50_ms=+58.2 algo_stabilize_p50_ms=-254.0 avg_revisions=-0.52 display_note_f1=+0.004 display_offset_f1=+0.005 display_cluster_f1=+0.017 display_cluster_jaccard=+0.009
    failure buckets: ['boundary_miss_failure', 'high_revision_slow_stabilization']
      boundary diagnostics: missed=4 by_arm={'control': 4, 'treatment': 3} tags={'control_boundary_miss': 4, 'no_control_coarse_candidate': 4, 'treatment_recovers_boundary_note': 1}
        miss: pitch=86 onset=0.599s boundary_delta_ms=-1.0 control_coarse=False treatment_coarse=True retro=n/a
        miss: pitch=82 onset=4.197s boundary_delta_ms=-3.4 control_coarse=False treatment_coarse=False retro=n/a
        miss: pitch=83 onset=4.276s boundary_delta_ms=+76.0 control_coarse=False treatment_coarse=False retro=n/a
        ... 1 more missed boundary notes in diagnostics JSON
[TIMING] EnhancedMel.transcribe: audio_to_gpu=0.5ms, features=0.6ms, model=21.0ms, decode=2.0ms | TOTAL=24.1ms for 600ms audio (RTF=0.04x)
[TIMING] stream_chunk[experiment-f820f7ebe5d04390bb4013622473be98](live_neural): decode=0.3ms, inference=26.7ms, second_pass=0.0ms, contention=0.0ms, TOTAL=27.1ms | audio=600ms, RTF=0.05x | model=enhanced_mel, neural_total=26.2ms, model_inference=21.0ms
[TIMING] EnhancedMel.transcribe: audio_to_gpu=0.2ms, features=4.5ms, model=14.2ms, decode=3.5ms | TOTAL=22.4ms for 1200ms audio (RTF=0.02x)
[TIMING] stream_chunk[experiment-f820f7ebe5d04390bb4013622473be98](live_neural): decode=0.2ms, inference=26.6ms, second_pass=0.0ms, contention=0.0ms, TOTAL=26.9ms | audio=600ms, RTF=0.04x | model=enhanced_mel, neural_total=26.0ms, model_inference=14.2ms
[TIMING] EnhancedMel.transcribe: audio_to_gpu=0.3ms, features=0.6ms, model=13.8ms, decode=5.0ms | TOTAL=19.7ms for 1800ms audio (RTF=0.01x)
[TIMING] stream_chunk[experiment-f820f7ebe5d04390bb4013622473be98](live_neural): decode=0.2ms, inference=22.1ms, second_pass=0.0ms, contention=0.0ms, TOTAL=22.4ms | audio=600ms, RTF=0.04x | model=enhanced_mel, neural_total=21.5ms, model_inference=13.8ms
[TIMING] EnhancedMel.transcribe: audio_to_gpu=0.2ms, features=0.6ms, model=15.3ms, decode=6.3ms | TOTAL=22.4ms for 2400ms audio (RTF=0.01x)
[TIMING] stream_chunk[experiment-f820f7ebe5d04390bb4013622473be98](live_neural): decode=0.2ms, inference=26.0ms, second_pass=0.0ms, contention=0.0ms, TOTAL=26.4ms | audio=600ms, RTF=0.04x | model=enhanced_mel, neural_total=25.4ms, model_inference=15.3ms
[TIMING] EnhancedMel.transcribe: audio_to_gpu=0.3ms, features=0.7ms, model=15.4ms, decode=8.7ms | TOTAL=25.1ms for 3000ms audio (RTF=0.01x)
[TIMING] stream_chunk[experiment-f820f7ebe5d04390bb4013622473be98](live_neural): decode=0.2ms, inference=30.2ms, second_pass=0.0ms, contention=0.0ms, TOTAL=30.5ms | audio=600ms, RTF=0.05x | model=enhanced_mel, neural_total=29.7ms, model_inference=15.4ms
[TIMING] EnhancedMel.transcribe: audio_to_gpu=0.4ms, features=0.5ms, model=15.0ms, decode=8.2ms | TOTAL=24.2ms for 3000ms audio (RTF=0.01x)
[TIMING] stream_chunk[experiment-f820f7ebe5d04390bb4013622473be98](live_neural): decode=0.2ms, inference=28.0ms, second_pass=0.0ms, contention=0.0ms, TOTAL=28.2ms | audio=600ms, RTF=0.05x | model=enhanced_mel, neural_total=27.4ms, model_inference=15.0ms
[TIMING] EnhancedMel.transcribe: audio_to_gpu=0.3ms, features=0.7ms, model=21.3ms, decode=10.7ms | TOTAL=33.0ms for 3000ms audio (RTF=0.01x)
[TIMING] stream_chunk[experiment-f820f7ebe5d04390bb4013622473be98](live_neural): decode=0.2ms, inference=37.5ms, second_pass=0.0ms, contention=0.0ms, TOTAL=37.8ms | audio=600ms, RTF=0.06x | model=enhanced_mel, neural_total=37.1ms, model_inference=21.3ms
[TIMING] EnhancedMel.transcribe: audio_to_gpu=0.3ms, features=0.8ms, model=22.2ms, decode=8.4ms | TOTAL=31.8ms for 3000ms audio (RTF=0.01x)
[TIMING] stream_chunk[experiment-f820f7ebe5d04390bb4013622473be98](live_neural): decode=0.2ms, inference=36.8ms, second_pass=0.0ms, contention=0.0ms, TOTAL=37.2ms | audio=600ms, RTF=0.06x | model=enhanced_mel, neural_total=36.1ms, model_inference=22.2ms
[TIMING] EnhancedMel.transcribe: audio_to_gpu=0.4ms, features=1.7ms, model=18.1ms, decode=7.7ms | TOTAL=27.9ms for 3000ms audio (RTF=0.01x)
[TIMING] stream_chunk[experiment-f820f7ebe5d04390bb4013622473be98](live_neural): decode=0.3ms, inference=31.8ms, second_pass=0.0ms, contention=0.0ms, TOTAL=32.4ms | audio=600ms, RTF=0.05x | model=enhanced_mel, neural_total=31.3ms, model_inference=18.1ms
[TIMING] EnhancedMel.transcribe: audio_to_gpu=0.3ms, features=0.5ms, model=15.8ms, decode=11.5ms | TOTAL=28.2ms for 3000ms audio (RTF=0.01x)
[TIMING] stream_chunk[experiment-f820f7ebe5d04390bb4013622473be98](live_neural): decode=0.3ms, inference=32.3ms, second_pass=0.0ms, contention=0.0ms, TOTAL=32.8ms | audio=600ms, RTF=0.05x | model=enhanced_mel, neural_total=31.7ms, model_inference=15.8ms
[TIMING] EnhancedMel.transcribe: audio_to_gpu=0.4ms, features=0.8ms, model=20.2ms, decode=2.0ms | TOTAL=23.4ms for 600ms audio (RTF=0.04x)
[TIMING] stream_chunk[experiment-15d1eb14777b4a32999812d84e3d1ed5](live_neural): decode=0.3ms, inference=27.1ms, second_pass=0.0ms, contention=0.0ms, TOTAL=27.4ms | audio=600ms, RTF=0.05x | model=enhanced_mel, neural_total=26.6ms, model_inference=20.2ms
[TIMING] EnhancedMel.transcribe: audio_to_gpu=0.2ms, features=0.6ms, model=20.6ms, decode=5.9ms | TOTAL=27.4ms for 1200ms audio (RTF=0.02x)
[TIMING] stream_chunk[experiment-15d1eb14777b4a32999812d84e3d1ed5](live_neural): decode=0.2ms, inference=30.5ms, second_pass=0.0ms, contention=0.0ms, TOTAL=30.8ms | audio=600ms, RTF=0.05x | model=enhanced_mel, neural_total=30.1ms, model_inference=20.6ms
[TIMING] EnhancedMel.transcribe: audio_to_gpu=0.3ms, features=0.6ms, model=22.2ms, decode=6.1ms | TOTAL=29.2ms for 1800ms audio (RTF=0.02x)
[TIMING] stream_chunk[experiment-15d1eb14777b4a32999812d84e3d1ed5](live_neural): decode=0.1ms, inference=34.0ms, second_pass=0.0ms, contention=0.0ms, TOTAL=34.3ms | audio=600ms, RTF=0.06x | model=enhanced_mel, neural_total=33.4ms, model_inference=22.2ms
[TIMING] EnhancedMel.transcribe: audio_to_gpu=0.2ms, features=0.5ms, model=15.1ms, decode=7.0ms | TOTAL=22.8ms for 2400ms audio (RTF=0.01x)
[TIMING] stream_chunk[experiment-15d1eb14777b4a32999812d84e3d1ed5](live_neural): decode=0.2ms, inference=26.7ms, second_pass=0.0ms, contention=0.0ms, TOTAL=27.1ms | audio=600ms, RTF=0.05x | model=enhanced_mel, neural_total=26.1ms, model_inference=15.1ms
[TIMING] EnhancedMel.transcribe: audio_to_gpu=0.4ms, features=0.6ms, model=16.4ms, decode=10.4ms | TOTAL=27.7ms for 3000ms audio (RTF=0.01x)
[TIMING] stream_chunk[experiment-15d1eb14777b4a32999812d84e3d1ed5](live_neural): decode=0.2ms, inference=32.0ms, second_pass=0.0ms, contention=0.0ms, TOTAL=32.3ms | audio=600ms, RTF=0.05x | model=enhanced_mel, neural_total=31.3ms, model_inference=16.4ms
[TIMING] EnhancedMel.transcribe: audio_to_gpu=1.5ms, features=0.9ms, model=16.1ms, decode=7.3ms | TOTAL=25.8ms for 3000ms audio (RTF=0.01x)
[TIMING] stream_chunk[experiment-15d1eb14777b4a32999812d84e3d1ed5](live_neural): decode=0.2ms, inference=28.8ms, second_pass=0.0ms, contention=0.0ms, TOTAL=29.1ms | audio=600ms, RTF=0.05x | model=enhanced_mel, neural_total=28.4ms, model_inference=16.1ms
[TIMING] EnhancedMel.transcribe: audio_to_gpu=0.3ms, features=0.7ms, model=21.2ms, decode=13.4ms | TOTAL=35.7ms for 3000ms audio (RTF=0.01x)
[TIMING] stream_chunk[experiment-15d1eb14777b4a32999812d84e3d1ed5](live_neural): decode=0.2ms, inference=40.0ms, second_pass=0.0ms, contention=0.0ms, TOTAL=40.4ms | audio=600ms, RTF=0.07x | model=enhanced_mel, neural_total=39.6ms, model_inference=21.2ms
[TIMING] EnhancedMel.transcribe: audio_to_gpu=0.3ms, features=3.2ms, model=15.3ms, decode=8.3ms | TOTAL=27.2ms for 3000ms audio (RTF=0.01x)
[TIMING] stream_chunk[experiment-15d1eb14777b4a32999812d84e3d1ed5](live_neural): decode=0.2ms, inference=32.2ms, second_pass=0.0ms, contention=0.0ms, TOTAL=32.6ms | audio=600ms, RTF=0.05x | model=enhanced_mel, neural_total=31.5ms, model_inference=15.3ms
[TIMING] EnhancedMel.transcribe: audio_to_gpu=0.3ms, features=0.6ms, model=13.9ms, decode=7.7ms | TOTAL=22.4ms for 3000ms audio (RTF=0.01x)
[TIMING] stream_chunk[experiment-15d1eb14777b4a32999812d84e3d1ed5](live_neural): decode=0.2ms, inference=27.3ms, second_pass=0.0ms, contention=0.0ms, TOTAL=27.7ms | audio=600ms, RTF=0.05x | model=enhanced_mel, neural_total=25.8ms, model_inference=13.9ms
[TIMING] EnhancedMel.transcribe: audio_to_gpu=0.2ms, features=0.5ms, model=15.5ms, decode=8.8ms | TOTAL=24.9ms for 3000ms audio (RTF=0.01x)
[TIMING] stream_chunk[experiment-15d1eb14777b4a32999812d84e3d1ed5](live_neural): decode=0.1ms, inference=29.2ms, second_pass=0.0ms, contention=0.0ms, TOTAL=29.6ms | audio=600ms, RTF=0.05x | model=enhanced_mel, neural_total=28.5ms, model_inference=15.5ms

[CLIP_033] SuiteBergamasque
  excerpt: start=30.00s end=36.00s duration=6.00s gt_notes=90 rms=0.0930 peak=0.4669 crest=5.021 rms_std=0.0382
    control:
      note metrics: precision=0.796 recall=0.956 f1=0.869 matched=86/90 pred=108
      strict onset f1: 10ms=0.727 20ms=0.869 30ms=0.869
      timing metrics: offset_f1=0.697 rhythm_precision=0.802 note_value_acc=0.279 note_value_n=86 avg_beat_error=0.201
      duplicate metrics: duplicates=14 per_100_notes=12.96
      boundary metrics: gt=33 matched=32 missed=1 miss_rate=0.030
      latency: avg_chunk_ms=30.18 p95_chunk_ms=37.53 avg_rtf=0.050
      notation metrics: first_correct_ms=29.3 visible_p50_ms=338.7 visible_p95_ms=642.0 stabilize_p50_ms=1989.2 stabilize_p95_ms=3462.0 avg_revisions=2.85 matched=13 refined=13 snapshots=18
      algorithmic latency: first_correct_ms=1.0 visible_p50_ms=306.3 visible_p95_ms=619.5 stabilize_p50_ms=1950.8 stabilize_p95_ms=3163.3
      final display note metrics: precision=0.929 recall=0.878 f1=0.903 matched=79/90 pred=85
      final display strict onset f1: 10ms=0.731 20ms=0.891 30ms=0.891
      final display timing: offset_f1=0.720 rhythm_precision=0.797 note_value_acc=0.241 note_value_n=79 avg_beat_error=0.254
      final display structure: cluster_f1=0.681 onset_align_recall=0.955 avg_jaccard=0.921 exact=16/22 pred=25 over=0 under=5 pitch_conflicts=0 missed_gt=1
      threshold profiles: hit_rate=0.000 thresholds=[0.75] profiles={'fixed_baseline': 10}
    treatment:
      note metrics: precision=0.804 recall=0.956 f1=0.873 matched=86/90 pred=107
      strict onset f1: 10ms=0.721 20ms=0.873 30ms=0.873
      timing metrics: offset_f1=0.701 rhythm_precision=0.802 note_value_acc=0.279 note_value_n=86 avg_beat_error=0.201
      duplicate metrics: duplicates=14 per_100_notes=13.08
      boundary metrics: gt=33 matched=32 missed=1 miss_rate=0.030
      latency: avg_chunk_ms=31.12 p95_chunk_ms=37.65 avg_rtf=0.052
      notation metrics: first_correct_ms=30.2 visible_p50_ms=333.9 visible_p95_ms=653.9 stabilize_p50_ms=2314.4 stabilize_p95_ms=3523.6 avg_revisions=2.77 matched=13 refined=13 snapshots=17
      algorithmic latency: first_correct_ms=1.0 visible_p50_ms=306.3 visible_p95_ms=619.5 stabilize_p50_ms=1923.4 stabilize_p95_ms=3458.7
      final display note metrics: precision=0.919 recall=0.878 f1=0.898 matched=79/90 pred=86
      final display strict onset f1: 10ms=0.727 20ms=0.886 30ms=0.886
      final display timing: offset_f1=0.716 rhythm_precision=0.797 note_value_acc=0.177 note_value_n=79 avg_beat_error=0.282
      final display structure: cluster_f1=0.681 onset_align_recall=0.955 avg_jaccard=0.921 exact=16/22 pred=25 over=0 under=5 pitch_conflicts=0 missed_gt=1
      threshold profiles: hit_rate=0.200 thresholds=[0.75, 0.77] profiles={'baseline_nominal': 8, 'loud_dense_precision': 2}
    delta treatment-control: precision=+0.007 recall=+0.000 f1=+0.004 offset_f1=+0.004 note_value_acc=+0.000 dup_per_100=+0.12 boundary_miss_rate=+0.000 p95_chunk_ms=+0.12 f1_10ms=-0.006 f1_20ms=+0.004 f1_30ms=+0.004 visible_p50_ms=-4.7 stabilize_p50_ms=+325.2 algo_visible_p50_ms=+0.0 algo_stabilize_p50_ms=-27.3 avg_revisions=-0.08 display_note_f1=-0.005 display_offset_f1=-0.004 display_cluster_f1=+0.000 display_cluster_jaccard=+0.000
    failure buckets: ['boundary_miss_failure', 'high_revision_slow_stabilization', 'note_value_offset_failure']
      boundary diagnostics: missed=1 by_arm={'control': 1, 'treatment': 1} tags={'control_boundary_miss': 1, 'no_control_coarse_candidate': 1}
        miss: pitch=76 onset=4.204s boundary_delta_ms=+4.4 control_coarse=False treatment_coarse=False retro=n/a
[TIMING] EnhancedMel.transcribe: audio_to_gpu=0.5ms, features=0.7ms, model=14.4ms, decode=1.5ms | TOTAL=17.1ms for 600ms audio (RTF=0.03x)
[TIMING] stream_chunk[experiment-e595b81c2fc442ecb2b1efb5a3d3a522](live_neural): decode=0.2ms, inference=19.0ms, second_pass=0.0ms, contention=0.0ms, TOTAL=19.2ms | audio=600ms, RTF=0.03x | model=enhanced_mel, neural_total=18.4ms, model_inference=14.4ms
[TIMING] EnhancedMel.transcribe: audio_to_gpu=0.3ms, features=0.6ms, model=13.1ms, decode=4.4ms | TOTAL=18.3ms for 1200ms audio (RTF=0.02x)
[TIMING] stream_chunk[experiment-e595b81c2fc442ecb2b1efb5a3d3a522](live_neural): decode=0.2ms, inference=21.9ms, second_pass=0.0ms, contention=0.0ms, TOTAL=22.2ms | audio=600ms, RTF=0.04x | model=enhanced_mel, neural_total=21.4ms, model_inference=13.1ms
[TIMING] EnhancedMel.transcribe: audio_to_gpu=0.3ms, features=3.9ms, model=16.4ms, decode=5.9ms | TOTAL=26.4ms for 1800ms audio (RTF=0.01x)
[TIMING] stream_chunk[experiment-e595b81c2fc442ecb2b1efb5a3d3a522](live_neural): decode=0.2ms, inference=29.7ms, second_pass=0.0ms, contention=0.0ms, TOTAL=30.0ms | audio=600ms, RTF=0.05x | model=enhanced_mel, neural_total=29.1ms, model_inference=16.4ms
[TIMING] EnhancedMel.transcribe: audio_to_gpu=0.2ms, features=0.7ms, model=16.4ms, decode=6.8ms | TOTAL=24.2ms for 2400ms audio (RTF=0.01x)
[TIMING] stream_chunk[experiment-e595b81c2fc442ecb2b1efb5a3d3a522](live_neural): decode=0.2ms, inference=29.4ms, second_pass=0.0ms, contention=0.0ms, TOTAL=29.8ms | audio=600ms, RTF=0.05x | model=enhanced_mel, neural_total=28.9ms, model_inference=16.4ms
[TIMING] EnhancedMel.transcribe: audio_to_gpu=0.3ms, features=1.3ms, model=12.5ms, decode=5.3ms | TOTAL=19.4ms for 3000ms audio (RTF=0.01x)
[TIMING] stream_chunk[experiment-e595b81c2fc442ecb2b1efb5a3d3a522](live_neural): decode=0.2ms, inference=22.0ms, second_pass=0.0ms, contention=0.0ms, TOTAL=22.4ms | audio=600ms, RTF=0.04x | model=enhanced_mel, neural_total=21.5ms, model_inference=12.5ms
[TIMING] EnhancedMel.transcribe: audio_to_gpu=0.4ms, features=0.7ms, model=14.1ms, decode=5.3ms | TOTAL=20.4ms for 3000ms audio (RTF=0.01x)
[TIMING] stream_chunk[experiment-e595b81c2fc442ecb2b1efb5a3d3a522](live_neural): decode=0.1ms, inference=22.8ms, second_pass=0.0ms, contention=0.0ms, TOTAL=23.0ms | audio=600ms, RTF=0.04x | model=enhanced_mel, neural_total=22.4ms, model_inference=14.1ms
[TIMING] EnhancedMel.transcribe: audio_to_gpu=0.2ms, features=0.5ms, model=14.2ms, decode=5.3ms | TOTAL=20.3ms for 3000ms audio (RTF=0.01x)
[TIMING] stream_chunk[experiment-e595b81c2fc442ecb2b1efb5a3d3a522](live_neural): decode=0.1ms, inference=22.9ms, second_pass=0.0ms, contention=0.0ms, TOTAL=23.2ms | audio=600ms, RTF=0.04x | model=enhanced_mel, neural_total=22.4ms, model_inference=14.2ms
[TIMING] EnhancedMel.transcribe: audio_to_gpu=0.4ms, features=0.8ms, model=17.2ms, decode=5.5ms | TOTAL=23.9ms for 3000ms audio (RTF=0.01x)
[TIMING] stream_chunk[experiment-e595b81c2fc442ecb2b1efb5a3d3a522](live_neural): decode=0.2ms, inference=26.6ms, second_pass=0.0ms, contention=0.0ms, TOTAL=27.0ms | audio=600ms, RTF=0.05x | model=enhanced_mel, neural_total=26.2ms, model_inference=17.2ms
[TIMING] EnhancedMel.transcribe: audio_to_gpu=0.3ms, features=0.4ms, model=12.6ms, decode=5.9ms | TOTAL=19.3ms for 3000ms audio (RTF=0.01x)
[TIMING] stream_chunk[experiment-e595b81c2fc442ecb2b1efb5a3d3a522](live_neural): decode=0.1ms, inference=22.5ms, second_pass=0.0ms, contention=0.0ms, TOTAL=22.9ms | audio=600ms, RTF=0.04x | model=enhanced_mel, neural_total=22.0ms, model_inference=12.6ms
[TIMING] EnhancedMel.transcribe: audio_to_gpu=0.3ms, features=0.6ms, model=16.9ms, decode=5.7ms | TOTAL=23.6ms for 3000ms audio (RTF=0.01x)
[TIMING] stream_chunk[experiment-e595b81c2fc442ecb2b1efb5a3d3a522](live_neural): decode=0.2ms, inference=26.2ms, second_pass=0.0ms, contention=0.0ms, TOTAL=26.5ms | audio=600ms, RTF=0.04x | model=enhanced_mel, neural_total=25.8ms, model_inference=16.9ms
[TIMING] EnhancedMel.transcribe: audio_to_gpu=0.4ms, features=0.6ms, model=12.0ms, decode=1.3ms | TOTAL=14.4ms for 600ms audio (RTF=0.02x)
[TIMING] stream_chunk[experiment-2cb0a9fc27834843891af0f95ce5b62a](live_neural): decode=0.2ms, inference=16.2ms, second_pass=0.0ms, contention=0.0ms, TOTAL=16.4ms | audio=600ms, RTF=0.03x | model=enhanced_mel, neural_total=15.8ms, model_inference=12.0ms
[TIMING] EnhancedMel.transcribe: audio_to_gpu=0.2ms, features=0.4ms, model=11.8ms, decode=2.4ms | TOTAL=14.9ms for 1200ms audio (RTF=0.01x)
[TIMING] stream_chunk[experiment-2cb0a9fc27834843891af0f95ce5b62a](live_neural): decode=0.1ms, inference=16.8ms, second_pass=0.0ms, contention=0.0ms, TOTAL=17.0ms | audio=600ms, RTF=0.03x | model=enhanced_mel, neural_total=16.3ms, model_inference=11.8ms
[TIMING] EnhancedMel.transcribe: audio_to_gpu=0.3ms, features=0.4ms, model=10.9ms, decode=3.3ms | TOTAL=14.9ms for 1800ms audio (RTF=0.01x)
[TIMING] stream_chunk[experiment-2cb0a9fc27834843891af0f95ce5b62a](live_neural): decode=0.2ms, inference=17.0ms, second_pass=0.0ms, contention=0.0ms, TOTAL=17.4ms | audio=600ms, RTF=0.03x | model=enhanced_mel, neural_total=16.6ms, model_inference=10.9ms
[TIMING] EnhancedMel.transcribe: audio_to_gpu=0.2ms, features=0.4ms, model=11.2ms, decode=4.4ms | TOTAL=16.2ms for 2400ms audio (RTF=0.01x)
[TIMING] stream_chunk[experiment-2cb0a9fc27834843891af0f95ce5b62a](live_neural): decode=0.1ms, inference=18.2ms, second_pass=0.0ms, contention=0.0ms, TOTAL=18.5ms | audio=600ms, RTF=0.03x | model=enhanced_mel, neural_total=17.9ms, model_inference=11.2ms
[TIMING] EnhancedMel.transcribe: audio_to_gpu=0.2ms, features=0.5ms, model=17.4ms, decode=6.0ms | TOTAL=24.1ms for 3000ms audio (RTF=0.01x)
[TIMING] stream_chunk[experiment-2cb0a9fc27834843891af0f95ce5b62a](live_neural): decode=0.1ms, inference=27.8ms, second_pass=0.0ms, contention=0.0ms, TOTAL=28.0ms | audio=600ms, RTF=0.05x | model=enhanced_mel, neural_total=27.3ms, model_inference=17.4ms
[TIMING] EnhancedMel.transcribe: audio_to_gpu=0.2ms, features=3.0ms, model=12.8ms, decode=5.3ms | TOTAL=21.3ms for 3000ms audio (RTF=0.01x)
[TIMING] stream_chunk[experiment-2cb0a9fc27834843891af0f95ce5b62a](live_neural): decode=0.1ms, inference=24.9ms, second_pass=0.0ms, contention=0.0ms, TOTAL=25.1ms | audio=600ms, RTF=0.04x | model=enhanced_mel, neural_total=24.4ms, model_inference=12.8ms
[TIMING] EnhancedMel.transcribe: audio_to_gpu=0.3ms, features=0.6ms, model=16.7ms, decode=5.6ms | TOTAL=23.2ms for 3000ms audio (RTF=0.01x)
[TIMING] stream_chunk[experiment-2cb0a9fc27834843891af0f95ce5b62a](live_neural): decode=0.1ms, inference=26.3ms, second_pass=0.0ms, contention=0.0ms, TOTAL=26.6ms | audio=600ms, RTF=0.04x | model=enhanced_mel, neural_total=25.9ms, model_inference=16.7ms
[TIMING] EnhancedMel.transcribe: audio_to_gpu=0.3ms, features=0.5ms, model=16.4ms, decode=5.3ms | TOTAL=22.5ms for 3000ms audio (RTF=0.01x)
[TIMING] stream_chunk[experiment-2cb0a9fc27834843891af0f95ce5b62a](live_neural): decode=0.1ms, inference=25.1ms, second_pass=0.0ms, contention=0.0ms, TOTAL=25.3ms | audio=600ms, RTF=0.04x | model=enhanced_mel, neural_total=24.7ms, model_inference=16.4ms
[TIMING] EnhancedMel.transcribe: audio_to_gpu=0.3ms, features=4.0ms, model=16.9ms, decode=5.7ms | TOTAL=26.9ms for 3000ms audio (RTF=0.01x)
[TIMING] stream_chunk[experiment-2cb0a9fc27834843891af0f95ce5b62a](live_neural): decode=0.1ms, inference=30.5ms, second_pass=0.0ms, contention=0.0ms, TOTAL=30.8ms | audio=600ms, RTF=0.05x | model=enhanced_mel, neural_total=30.0ms, model_inference=16.9ms
[TIMING] EnhancedMel.transcribe: audio_to_gpu=0.4ms, features=0.7ms, model=15.8ms, decode=5.4ms | TOTAL=22.2ms for 3000ms audio (RTF=0.01x)
[TIMING] stream_chunk[experiment-2cb0a9fc27834843891af0f95ce5b62a](live_neural): decode=0.2ms, inference=25.8ms, second_pass=0.0ms, contention=0.0ms, TOTAL=26.2ms | audio=600ms, RTF=0.04x | model=enhanced_mel, neural_total=25.4ms, model_inference=15.8ms

[CLIP_034] Sonata K. 525
  excerpt: start=15.00s end=21.00s duration=6.00s gt_notes=84 rms=0.0631 peak=0.5078 crest=8.050 rms_std=0.0358
    control:
      note metrics: precision=0.938 recall=0.893 f1=0.915 matched=75/84 pred=80
      strict onset f1: 10ms=0.780 20ms=0.915 30ms=0.915
      timing metrics: offset_f1=0.829 rhythm_precision=0.907 note_value_acc=0.667 note_value_n=75 avg_beat_error=0.123
      duplicate metrics: duplicates=1 per_100_notes=1.25
      boundary metrics: gt=28 matched=25 missed=3 miss_rate=0.107
      latency: avg_chunk_ms=24.62 p95_chunk_ms=29.88 avg_rtf=0.041
      notation metrics: first_correct_ms=39.6 visible_p50_ms=344.3 visible_p95_ms=594.0 stabilize_p50_ms=2646.5 stabilize_p95_ms=3510.8 avg_revisions=2.67 matched=9 refined=9 snapshots=18
      algorithmic latency: first_correct_ms=16.4 visible_p50_ms=314.3 visible_p95_ms=573.6 stabilize_p50_ms=2053.6 stabilize_p95_ms=2948.8
      final display note metrics: precision=0.949 recall=0.893 f1=0.920 matched=75/84 pred=79
      final display strict onset f1: 10ms=0.785 20ms=0.920 30ms=0.920
      final display timing: offset_f1=0.834 rhythm_precision=0.907 note_value_acc=0.760 note_value_n=75 avg_beat_error=0.200
      final display structure: cluster_f1=0.778 onset_align_recall=1.000 avg_jaccard=0.912 exact=28/36 pred=36 over=4 under=4 pitch_conflicts=0 missed_gt=0
      threshold profiles: hit_rate=0.000 thresholds=[0.75] profiles={'fixed_baseline': 10}
    treatment:
      note metrics: precision=0.938 recall=0.893 f1=0.915 matched=75/84 pred=80
      strict onset f1: 10ms=0.780 20ms=0.915 30ms=0.915
      timing metrics: offset_f1=0.829 rhythm_precision=0.907 note_value_acc=0.667 note_value_n=75 avg_beat_error=0.123
      duplicate metrics: duplicates=1 per_100_notes=1.25
      boundary metrics: gt=28 matched=25 missed=3 miss_rate=0.107
      latency: avg_chunk_ms=23.13 p95_chunk_ms=29.56 avg_rtf=0.038
      notation metrics: first_correct_ms=43.0 visible_p50_ms=331.7 visible_p95_ms=590.2 stabilize_p50_ms=2645.5 stabilize_p95_ms=3503.6 avg_revisions=2.67 matched=9 refined=9 snapshots=18
      algorithmic latency: first_correct_ms=16.4 visible_p50_ms=314.3 visible_p95_ms=573.6 stabilize_p50_ms=2053.6 stabilize_p95_ms=2948.8
      final display note metrics: precision=0.949 recall=0.893 f1=0.920 matched=75/84 pred=79
      final display strict onset f1: 10ms=0.785 20ms=0.920 30ms=0.920
      final display timing: offset_f1=0.834 rhythm_precision=0.907 note_value_acc=0.760 note_value_n=75 avg_beat_error=0.200
      final display structure: cluster_f1=0.778 onset_align_recall=1.000 avg_jaccard=0.912 exact=28/36 pred=36 over=4 under=4 pitch_conflicts=0 missed_gt=0
      threshold profiles: hit_rate=0.000 thresholds=[0.75] profiles={'baseline_nominal': 10}
    delta treatment-control: precision=+0.000 recall=+0.000 f1=+0.000 offset_f1=+0.000 note_value_acc=+0.000 dup_per_100=+0.00 boundary_miss_rate=+0.000 p95_chunk_ms=-0.32 f1_10ms=+0.000 f1_20ms=+0.000 f1_30ms=+0.000 visible_p50_ms=-12.6 stabilize_p50_ms=-1.1 algo_visible_p50_ms=+0.0 algo_stabilize_p50_ms=+0.0 avg_revisions=+0.00 display_note_f1=+0.000 display_offset_f1=+0.000 display_cluster_f1=+0.000 display_cluster_jaccard=+0.000
    failure buckets: ['boundary_miss_failure', 'high_revision_slow_stabilization']
      boundary diagnostics: missed=3 by_arm={'control': 3, 'treatment': 3} tags={'control_boundary_miss': 3, 'no_control_coarse_candidate': 3}
        miss: pitch=74 onset=1.875s boundary_delta_ms=+75.0 control_coarse=False treatment_coarse=False retro=n/a
        miss: pitch=38 onset=1.882s boundary_delta_ms=+81.5 control_coarse=False treatment_coarse=False retro=n/a
        miss: pitch=35 onset=1.897s boundary_delta_ms=+97.1 control_coarse=False treatment_coarse=False retro=n/a
[TIMING] EnhancedMel.transcribe: audio_to_gpu=0.6ms, features=0.7ms, model=18.8ms, decode=1.9ms | TOTAL=22.0ms for 600ms audio (RTF=0.04x)
[TIMING] stream_chunk[experiment-88834253ba5645f495528ce7a1324fef](live_neural): decode=0.3ms, inference=24.0ms, second_pass=0.0ms, contention=0.0ms, TOTAL=24.3ms | audio=600ms, RTF=0.04x | model=enhanced_mel, neural_total=23.3ms, model_inference=18.8ms
[TIMING] EnhancedMel.transcribe: audio_to_gpu=0.2ms, features=0.5ms, model=15.2ms, decode=3.2ms | TOTAL=19.2ms for 1200ms audio (RTF=0.02x)
[TIMING] stream_chunk[experiment-88834253ba5645f495528ce7a1324fef](live_neural): decode=0.2ms, inference=21.3ms, second_pass=0.0ms, contention=0.0ms, TOTAL=21.7ms | audio=600ms, RTF=0.04x | model=enhanced_mel, neural_total=20.9ms, model_inference=15.2ms
[TIMING] EnhancedMel.transcribe: audio_to_gpu=0.5ms, features=0.7ms, model=18.4ms, decode=4.8ms | TOTAL=24.5ms for 1800ms audio (RTF=0.01x)
[TIMING] stream_chunk[experiment-88834253ba5645f495528ce7a1324fef](live_neural): decode=0.2ms, inference=27.9ms, second_pass=0.0ms, contention=0.0ms, TOTAL=28.2ms | audio=600ms, RTF=0.05x | model=enhanced_mel, neural_total=27.4ms, model_inference=18.4ms
[TIMING] EnhancedMel.transcribe: audio_to_gpu=0.4ms, features=0.9ms, model=16.2ms, decode=5.3ms | TOTAL=22.8ms for 2400ms audio (RTF=0.01x)
[TIMING] stream_chunk[experiment-88834253ba5645f495528ce7a1324fef](live_neural): decode=0.2ms, inference=26.3ms, second_pass=0.0ms, contention=0.0ms, TOTAL=26.7ms | audio=600ms, RTF=0.04x | model=enhanced_mel, neural_total=25.9ms, model_inference=16.2ms
[TIMING] EnhancedMel.transcribe: audio_to_gpu=0.3ms, features=0.5ms, model=19.7ms, decode=6.0ms | TOTAL=26.6ms for 3000ms audio (RTF=0.01x)
[TIMING] stream_chunk[experiment-88834253ba5645f495528ce7a1324fef](live_neural): decode=0.1ms, inference=29.1ms, second_pass=0.0ms, contention=0.0ms, TOTAL=29.4ms | audio=600ms, RTF=0.05x | model=enhanced_mel, neural_total=28.7ms, model_inference=19.7ms
[TIMING] EnhancedMel.transcribe: audio_to_gpu=0.4ms, features=0.8ms, model=21.9ms, decode=13.1ms | TOTAL=36.2ms for 3000ms audio (RTF=0.01x)
[TIMING] stream_chunk[experiment-88834253ba5645f495528ce7a1324fef](live_neural): decode=0.1ms, inference=38.9ms, second_pass=0.0ms, contention=0.0ms, TOTAL=39.2ms | audio=600ms, RTF=0.07x | model=enhanced_mel, neural_total=38.4ms, model_inference=21.9ms
[TIMING] EnhancedMel.transcribe: audio_to_gpu=0.6ms, features=0.9ms, model=17.7ms, decode=8.4ms | TOTAL=27.6ms for 3000ms audio (RTF=0.01x)
[TIMING] stream_chunk[experiment-88834253ba5645f495528ce7a1324fef](live_neural): decode=0.2ms, inference=30.7ms, second_pass=0.0ms, contention=0.0ms, TOTAL=31.2ms | audio=600ms, RTF=0.05x | model=enhanced_mel, neural_total=30.1ms, model_inference=17.7ms
[TIMING] EnhancedMel.transcribe: audio_to_gpu=0.3ms, features=0.7ms, model=15.9ms, decode=9.6ms | TOTAL=26.5ms for 3000ms audio (RTF=0.01x)
[TIMING] stream_chunk[experiment-88834253ba5645f495528ce7a1324fef](live_neural): decode=0.1ms, inference=30.6ms, second_pass=0.0ms, contention=0.0ms, TOTAL=30.9ms | audio=600ms, RTF=0.05x | model=enhanced_mel, neural_total=30.0ms, model_inference=15.9ms
[TIMING] EnhancedMel.transcribe: audio_to_gpu=0.3ms, features=0.8ms, model=18.5ms, decode=10.7ms | TOTAL=30.4ms for 3000ms audio (RTF=0.01x)
[TIMING] stream_chunk[experiment-88834253ba5645f495528ce7a1324fef](live_neural): decode=0.2ms, inference=34.6ms, second_pass=0.0ms, contention=0.0ms, TOTAL=34.9ms | audio=600ms, RTF=0.06x | model=enhanced_mel, neural_total=34.0ms, model_inference=18.5ms
[TIMING] EnhancedMel.transcribe: audio_to_gpu=0.4ms, features=0.9ms, model=19.2ms, decode=6.5ms | TOTAL=27.0ms for 3000ms audio (RTF=0.01x)
[TIMING] stream_chunk[experiment-88834253ba5645f495528ce7a1324fef](live_neural): decode=0.2ms, inference=29.6ms, second_pass=0.0ms, contention=0.0ms, TOTAL=30.0ms | audio=600ms, RTF=0.05x | model=enhanced_mel, neural_total=29.1ms, model_inference=19.2ms
[TIMING] EnhancedMel.transcribe: audio_to_gpu=0.7ms, features=1.1ms, model=17.7ms, decode=2.0ms | TOTAL=21.5ms for 600ms audio (RTF=0.04x)
[TIMING] stream_chunk[experiment-efc7703330ae477090d12d6f7ad861cf](live_neural): decode=0.3ms, inference=23.5ms, second_pass=0.0ms, contention=0.0ms, TOTAL=23.8ms | audio=600ms, RTF=0.04x | model=enhanced_mel, neural_total=22.8ms, model_inference=17.7ms
[TIMING] EnhancedMel.transcribe: audio_to_gpu=0.2ms, features=0.6ms, model=13.4ms, decode=2.7ms | TOTAL=17.0ms for 1200ms audio (RTF=0.01x)
[TIMING] stream_chunk[experiment-efc7703330ae477090d12d6f7ad861cf](live_neural): decode=0.1ms, inference=19.4ms, second_pass=0.0ms, contention=0.0ms, TOTAL=19.6ms | audio=600ms, RTF=0.03x | model=enhanced_mel, neural_total=18.6ms, model_inference=13.4ms
[TIMING] EnhancedMel.transcribe: audio_to_gpu=0.4ms, features=0.6ms, model=15.4ms, decode=4.0ms | TOTAL=20.3ms for 1800ms audio (RTF=0.01x)
[TIMING] stream_chunk[experiment-efc7703330ae477090d12d6f7ad861cf](live_neural): decode=0.1ms, inference=22.6ms, second_pass=0.0ms, contention=0.0ms, TOTAL=23.0ms | audio=600ms, RTF=0.04x | model=enhanced_mel, neural_total=22.1ms, model_inference=15.4ms
[TIMING] EnhancedMel.transcribe: audio_to_gpu=0.4ms, features=0.7ms, model=15.6ms, decode=5.4ms | TOTAL=22.0ms for 2400ms audio (RTF=0.01x)
[TIMING] stream_chunk[experiment-efc7703330ae477090d12d6f7ad861cf](live_neural): decode=0.1ms, inference=25.2ms, second_pass=0.0ms, contention=0.0ms, TOTAL=25.5ms | audio=600ms, RTF=0.04x | model=enhanced_mel, neural_total=24.7ms, model_inference=15.6ms
[TIMING] EnhancedMel.transcribe: audio_to_gpu=0.2ms, features=1.4ms, model=18.7ms, decode=7.9ms | TOTAL=28.1ms for 3000ms audio (RTF=0.01x)
[TIMING] stream_chunk[experiment-efc7703330ae477090d12d6f7ad861cf](live_neural): decode=0.1ms, inference=31.0ms, second_pass=0.0ms, contention=0.0ms, TOTAL=31.3ms | audio=600ms, RTF=0.05x | model=enhanced_mel, neural_total=30.2ms, model_inference=18.7ms
[TIMING] EnhancedMel.transcribe: audio_to_gpu=0.4ms, features=0.8ms, model=16.8ms, decode=8.3ms | TOTAL=26.3ms for 3000ms audio (RTF=0.01x)
[TIMING] stream_chunk[experiment-efc7703330ae477090d12d6f7ad861cf](live_neural): decode=0.5ms, inference=29.6ms, second_pass=0.0ms, contention=0.0ms, TOTAL=30.3ms | audio=600ms, RTF=0.05x | model=enhanced_mel, neural_total=29.0ms, model_inference=16.9ms
[TIMING] EnhancedMel.transcribe: audio_to_gpu=0.3ms, features=0.5ms, model=19.5ms, decode=12.2ms | TOTAL=32.4ms for 3000ms audio (RTF=0.01x)
[TIMING] stream_chunk[experiment-efc7703330ae477090d12d6f7ad861cf](live_neural): decode=0.1ms, inference=35.4ms, second_pass=0.0ms, contention=0.0ms, TOTAL=35.8ms | audio=600ms, RTF=0.06x | model=enhanced_mel, neural_total=34.9ms, model_inference=19.5ms
[TIMING] EnhancedMel.transcribe: audio_to_gpu=0.4ms, features=2.0ms, model=21.1ms, decode=11.3ms | TOTAL=34.8ms for 3000ms audio (RTF=0.01x)
[TIMING] stream_chunk[experiment-efc7703330ae477090d12d6f7ad861cf](live_neural): decode=0.2ms, inference=39.5ms, second_pass=0.0ms, contention=0.0ms, TOTAL=39.9ms | audio=600ms, RTF=0.07x | model=enhanced_mel, neural_total=38.9ms, model_inference=21.1ms
[TIMING] EnhancedMel.transcribe: audio_to_gpu=0.4ms, features=0.7ms, model=18.2ms, decode=7.5ms | TOTAL=26.9ms for 3000ms audio (RTF=0.01x)
[TIMING] stream_chunk[experiment-efc7703330ae477090d12d6f7ad861cf](live_neural): decode=0.3ms, inference=32.6ms, second_pass=0.0ms, contention=0.0ms, TOTAL=33.2ms | audio=600ms, RTF=0.06x | model=enhanced_mel, neural_total=32.0ms, model_inference=18.2ms
[TIMING] EnhancedMel.transcribe: audio_to_gpu=0.3ms, features=0.6ms, model=15.8ms, decode=9.2ms | TOTAL=25.9ms for 3000ms audio (RTF=0.01x)
[TIMING] stream_chunk[experiment-efc7703330ae477090d12d6f7ad861cf](live_neural): decode=0.2ms, inference=29.7ms, second_pass=0.0ms, contention=0.0ms, TOTAL=30.1ms | audio=600ms, RTF=0.05x | model=enhanced_mel, neural_total=29.2ms, model_inference=15.8ms

[CLIP_035] Estampes (Complete)
  excerpt: start=81.00s end=87.00s duration=6.00s gt_notes=79 rms=0.0222 peak=0.1165 crest=5.245 rms_std=0.0068
    control:
      note metrics: precision=0.887 recall=0.797 f1=0.840 matched=63/79 pred=71
      strict onset f1: 10ms=0.600 20ms=0.840 30ms=0.840
      timing metrics: offset_f1=0.640 rhythm_precision=0.762 note_value_acc=0.222 note_value_n=63 avg_beat_error=0.137
      duplicate metrics: duplicates=3 per_100_notes=4.23
      boundary metrics: gt=30 matched=25 missed=5 miss_rate=0.167
      latency: avg_chunk_ms=29.65 p95_chunk_ms=37.30 avg_rtf=0.049
      notation metrics: first_correct_ms=33.9 visible_p50_ms=286.6 visible_p95_ms=590.9 stabilize_p50_ms=1809.6 stabilize_p95_ms=2822.5 avg_revisions=2.14 matched=14 refined=14 snapshots=20
      algorithmic latency: first_correct_ms=5.7 visible_p50_ms=253.6 visible_p95_ms=556.9 stabilize_p50_ms=1434.6 stabilize_p95_ms=2472.1
      final display note metrics: precision=0.925 recall=0.785 f1=0.849 matched=62/79 pred=67
      final display strict onset f1: 10ms=0.616 20ms=0.849 30ms=0.849
      final display timing: offset_f1=0.658 rhythm_precision=0.774 note_value_acc=0.194 note_value_n=62 avg_beat_error=0.335
      final display structure: cluster_f1=0.486 onset_align_recall=1.000 avg_jaccard=0.758 exact=17/34 pred=36 over=1 under=14 pitch_conflicts=2 missed_gt=0
      threshold profiles: hit_rate=0.000 thresholds=[0.75] profiles={'fixed_baseline': 10}
    treatment:
      note metrics: precision=0.875 recall=0.797 f1=0.834 matched=63/79 pred=72
      strict onset f1: 10ms=0.596 20ms=0.834 30ms=0.834
      timing metrics: offset_f1=0.636 rhythm_precision=0.762 note_value_acc=0.222 note_value_n=63 avg_beat_error=0.137
      duplicate metrics: duplicates=3 per_100_notes=4.17
      boundary metrics: gt=30 matched=25 missed=5 miss_rate=0.167
      latency: avg_chunk_ms=29.24 p95_chunk_ms=38.07 avg_rtf=0.049
      notation metrics: first_correct_ms=28.7 visible_p50_ms=290.2 visible_p95_ms=589.1 stabilize_p50_ms=1790.8 stabilize_p95_ms=2740.7 avg_revisions=2.07 matched=14 refined=14 snapshots=20
      algorithmic latency: first_correct_ms=5.7 visible_p50_ms=253.6 visible_p95_ms=556.9 stabilize_p50_ms=1107.4 stabilize_p95_ms=2119.4
      final display note metrics: precision=0.912 recall=0.785 f1=0.844 matched=62/79 pred=68
      final display strict onset f1: 10ms=0.612 20ms=0.844 30ms=0.844
      final display timing: offset_f1=0.653 rhythm_precision=0.774 note_value_acc=0.177 note_value_n=62 avg_beat_error=0.317
      final display structure: cluster_f1=0.479 onset_align_recall=1.000 avg_jaccard=0.758 exact=17/34 pred=37 over=1 under=14 pitch_conflicts=2 missed_gt=0
      threshold profiles: hit_rate=0.400 thresholds=[0.71, 0.75] profiles={'baseline_nominal': 6, 'soft_sparse_recall': 4}
    delta treatment-control: precision=-0.012 recall=+0.000 f1=-0.006 offset_f1=-0.004 note_value_acc=+0.000 dup_per_100=-0.06 boundary_miss_rate=+0.000 p95_chunk_ms=+0.77 f1_10ms=-0.004 f1_20ms=-0.006 f1_30ms=-0.006 visible_p50_ms=+3.6 stabilize_p50_ms=-18.8 algo_visible_p50_ms=+0.0 algo_stabilize_p50_ms=-327.2 avg_revisions=-0.07 display_note_f1=-0.006 display_offset_f1=-0.004 display_cluster_f1=-0.007 display_cluster_jaccard=+0.000
    failure buckets: ['boundary_miss_failure', 'high_revision_slow_stabilization', 'note_value_offset_failure']
      boundary diagnostics: missed=5 by_arm={'control': 5, 'treatment': 5} tags={'control_boundary_miss': 5, 'no_control_coarse_candidate': 5}
        miss: pitch=78 onset=2.499s boundary_delta_ms=+98.7 control_coarse=False treatment_coarse=False retro=n/a
        miss: pitch=68 onset=4.201s boundary_delta_ms=+0.5 control_coarse=False treatment_coarse=False retro=n/a
        miss: pitch=54 onset=4.757s boundary_delta_ms=-43.5 control_coarse=False treatment_coarse=False retro=n/a
        ... 2 more missed boundary notes in diagnostics JSON
[TIMING] EnhancedMel.transcribe: audio_to_gpu=0.5ms, features=0.8ms, model=17.3ms, decode=2.8ms | TOTAL=21.4ms for 600ms audio (RTF=0.04x)
[TIMING] stream_chunk[experiment-3c28b2247681417da2232f4d157385da](live_neural): decode=0.2ms, inference=25.2ms, second_pass=0.0ms, contention=0.0ms, TOTAL=25.5ms | audio=600ms, RTF=0.04x | model=enhanced_mel, neural_total=24.7ms, model_inference=17.3ms
[TIMING] EnhancedMel.transcribe: audio_to_gpu=0.3ms, features=0.9ms, model=16.2ms, decode=3.4ms | TOTAL=20.9ms for 1200ms audio (RTF=0.02x)
[TIMING] stream_chunk[experiment-3c28b2247681417da2232f4d157385da](live_neural): decode=0.2ms, inference=24.2ms, second_pass=0.0ms, contention=0.0ms, TOTAL=24.5ms | audio=600ms, RTF=0.04x | model=enhanced_mel, neural_total=23.4ms, model_inference=16.2ms
[TIMING] EnhancedMel.transcribe: audio_to_gpu=0.1ms, features=0.5ms, model=20.4ms, decode=7.8ms | TOTAL=28.8ms for 1800ms audio (RTF=0.02x)
[TIMING] stream_chunk[experiment-3c28b2247681417da2232f4d157385da](live_neural): decode=0.2ms, inference=32.2ms, second_pass=0.0ms, contention=0.0ms, TOTAL=32.5ms | audio=600ms, RTF=0.05x | model=enhanced_mel, neural_total=31.7ms, model_inference=20.4ms
[TIMING] EnhancedMel.transcribe: audio_to_gpu=0.2ms, features=0.6ms, model=17.0ms, decode=6.0ms | TOTAL=23.9ms for 2400ms audio (RTF=0.01x)
[TIMING] stream_chunk[experiment-3c28b2247681417da2232f4d157385da](live_neural): decode=0.2ms, inference=28.6ms, second_pass=0.0ms, contention=0.0ms, TOTAL=29.0ms | audio=600ms, RTF=0.05x | model=enhanced_mel, neural_total=28.0ms, model_inference=17.0ms
[TIMING] EnhancedMel.transcribe: audio_to_gpu=0.2ms, features=0.4ms, model=15.5ms, decode=7.3ms | TOTAL=23.5ms for 3000ms audio (RTF=0.01x)
[TIMING] stream_chunk[experiment-3c28b2247681417da2232f4d157385da](live_neural): decode=0.2ms, inference=27.9ms, second_pass=0.0ms, contention=0.0ms, TOTAL=28.2ms | audio=600ms, RTF=0.05x | model=enhanced_mel, neural_total=27.3ms, model_inference=15.5ms
[TIMING] EnhancedMel.transcribe: audio_to_gpu=0.3ms, features=0.5ms, model=14.8ms, decode=12.7ms | TOTAL=28.2ms for 3000ms audio (RTF=0.01x)
[TIMING] stream_chunk[experiment-3c28b2247681417da2232f4d157385da](live_neural): decode=0.2ms, inference=32.4ms, second_pass=0.0ms, contention=0.0ms, TOTAL=32.9ms | audio=600ms, RTF=0.05x | model=enhanced_mel, neural_total=31.9ms, model_inference=14.8ms
[TIMING] EnhancedMel.transcribe: audio_to_gpu=1.3ms, features=0.6ms, model=16.4ms, decode=7.5ms | TOTAL=25.8ms for 3000ms audio (RTF=0.01x)
[TIMING] stream_chunk[experiment-3c28b2247681417da2232f4d157385da](live_neural): decode=0.2ms, inference=29.2ms, second_pass=0.0ms, contention=0.0ms, TOTAL=29.6ms | audio=600ms, RTF=0.05x | model=enhanced_mel, neural_total=28.7ms, model_inference=16.4ms
[TIMING] EnhancedMel.transcribe: audio_to_gpu=0.3ms, features=0.5ms, model=19.5ms, decode=12.2ms | TOTAL=32.4ms for 3000ms audio (RTF=0.01x)
[TIMING] stream_chunk[experiment-3c28b2247681417da2232f4d157385da](live_neural): decode=0.2ms, inference=35.3ms, second_pass=0.0ms, contention=0.0ms, TOTAL=35.7ms | audio=600ms, RTF=0.06x | model=enhanced_mel, neural_total=34.6ms, model_inference=19.5ms
[TIMING] EnhancedMel.transcribe: audio_to_gpu=0.3ms, features=0.8ms, model=23.3ms, decode=12.3ms | TOTAL=36.8ms for 3000ms audio (RTF=0.01x)
[TIMING] stream_chunk[experiment-3c28b2247681417da2232f4d157385da](live_neural): decode=0.2ms, inference=42.4ms, second_pass=0.0ms, contention=0.0ms, TOTAL=42.8ms | audio=600ms, RTF=0.07x | model=enhanced_mel, neural_total=41.8ms, model_inference=23.3ms
[TIMING] EnhancedMel.transcribe: audio_to_gpu=0.3ms, features=0.8ms, model=17.1ms, decode=9.0ms | TOTAL=27.3ms for 3000ms audio (RTF=0.01x)
[TIMING] stream_chunk[experiment-3c28b2247681417da2232f4d157385da](live_neural): decode=0.2ms, inference=31.4ms, second_pass=0.0ms, contention=0.0ms, TOTAL=32.0ms | audio=600ms, RTF=0.05x | model=enhanced_mel, neural_total=30.8ms, model_inference=17.1ms
[TIMING] EnhancedMel.transcribe: audio_to_gpu=0.3ms, features=0.6ms, model=13.3ms, decode=2.5ms | TOTAL=16.6ms for 600ms audio (RTF=0.03x)
[TIMING] stream_chunk[experiment-c7f939dca6c44db6a8a0e6089b6acd82](live_neural): decode=0.2ms, inference=19.1ms, second_pass=0.0ms, contention=0.0ms, TOTAL=19.4ms | audio=600ms, RTF=0.03x | model=enhanced_mel, neural_total=18.6ms, model_inference=13.3ms
[TIMING] EnhancedMel.transcribe: audio_to_gpu=0.2ms, features=4.7ms, model=12.1ms, decode=5.7ms | TOTAL=22.6ms for 1200ms audio (RTF=0.02x)
[TIMING] stream_chunk[experiment-c7f939dca6c44db6a8a0e6089b6acd82](live_neural): decode=0.1ms, inference=25.6ms, second_pass=0.0ms, contention=0.0ms, TOTAL=25.9ms | audio=600ms, RTF=0.04x | model=enhanced_mel, neural_total=25.1ms, model_inference=12.1ms
[TIMING] EnhancedMel.transcribe: audio_to_gpu=0.3ms, features=0.7ms, model=14.7ms, decode=5.4ms | TOTAL=21.1ms for 1800ms audio (RTF=0.01x)
[TIMING] stream_chunk[experiment-c7f939dca6c44db6a8a0e6089b6acd82](live_neural): decode=0.3ms, inference=23.8ms, second_pass=0.0ms, contention=0.0ms, TOTAL=24.3ms | audio=600ms, RTF=0.04x | model=enhanced_mel, neural_total=23.3ms, model_inference=14.7ms
[TIMING] EnhancedMel.transcribe: audio_to_gpu=0.2ms, features=0.5ms, model=15.8ms, decode=6.0ms | TOTAL=22.5ms for 2400ms audio (RTF=0.01x)
[TIMING] stream_chunk[experiment-c7f939dca6c44db6a8a0e6089b6acd82](live_neural): decode=0.2ms, inference=25.2ms, second_pass=0.0ms, contention=0.0ms, TOTAL=25.6ms | audio=600ms, RTF=0.04x | model=enhanced_mel, neural_total=24.8ms, model_inference=15.8ms
[TIMING] EnhancedMel.transcribe: audio_to_gpu=0.2ms, features=0.7ms, model=17.2ms, decode=6.9ms | TOTAL=25.0ms for 3000ms audio (RTF=0.01x)
[TIMING] stream_chunk[experiment-c7f939dca6c44db6a8a0e6089b6acd82](live_neural): decode=0.2ms, inference=30.3ms, second_pass=0.0ms, contention=0.0ms, TOTAL=30.6ms | audio=600ms, RTF=0.05x | model=enhanced_mel, neural_total=29.9ms, model_inference=17.2ms
[TIMING] EnhancedMel.transcribe: audio_to_gpu=0.3ms, features=0.8ms, model=20.7ms, decode=6.6ms | TOTAL=28.4ms for 3000ms audio (RTF=0.01x)
[TIMING] stream_chunk[experiment-c7f939dca6c44db6a8a0e6089b6acd82](live_neural): decode=0.1ms, inference=31.2ms, second_pass=0.0ms, contention=0.0ms, TOTAL=31.5ms | audio=600ms, RTF=0.05x | model=enhanced_mel, neural_total=30.8ms, model_inference=20.7ms
[TIMING] EnhancedMel.transcribe: audio_to_gpu=0.3ms, features=1.4ms, model=14.1ms, decode=5.5ms | TOTAL=21.3ms for 3000ms audio (RTF=0.01x)
[TIMING] stream_chunk[experiment-c7f939dca6c44db6a8a0e6089b6acd82](live_neural): decode=0.1ms, inference=24.0ms, second_pass=0.0ms, contention=0.0ms, TOTAL=24.4ms | audio=600ms, RTF=0.04x | model=enhanced_mel, neural_total=23.4ms, model_inference=14.1ms
[TIMING] EnhancedMel.transcribe: audio_to_gpu=0.3ms, features=0.6ms, model=16.7ms, decode=5.4ms | TOTAL=23.1ms for 3000ms audio (RTF=0.01x)
[TIMING] stream_chunk[experiment-c7f939dca6c44db6a8a0e6089b6acd82](live_neural): decode=0.1ms, inference=25.5ms, second_pass=0.0ms, contention=0.0ms, TOTAL=25.8ms | audio=600ms, RTF=0.04x | model=enhanced_mel, neural_total=25.1ms, model_inference=16.7ms
[TIMING] EnhancedMel.transcribe: audio_to_gpu=0.3ms, features=0.7ms, model=13.7ms, decode=5.4ms | TOTAL=20.1ms for 3000ms audio (RTF=0.01x)
[TIMING] stream_chunk[experiment-c7f939dca6c44db6a8a0e6089b6acd82](live_neural): decode=0.2ms, inference=22.5ms, second_pass=0.0ms, contention=0.0ms, TOTAL=22.8ms | audio=600ms, RTF=0.04x | model=enhanced_mel, neural_total=22.1ms, model_inference=13.7ms
[TIMING] EnhancedMel.transcribe: audio_to_gpu=0.3ms, features=0.7ms, model=23.9ms, decode=5.7ms | TOTAL=30.7ms for 3000ms audio (RTF=0.01x)
[TIMING] stream_chunk[experiment-c7f939dca6c44db6a8a0e6089b6acd82](live_neural): decode=0.1ms, inference=33.3ms, second_pass=0.0ms, contention=0.0ms, TOTAL=33.6ms | audio=600ms, RTF=0.06x | model=enhanced_mel, neural_total=32.8ms, model_inference=23.9ms

[CLIP_036] Sonata in D Major, K96
  excerpt: start=15.00s end=21.00s duration=6.00s gt_notes=81 rms=0.0569 peak=0.4561 crest=8.016 rms_std=0.0258
    control:
      note metrics: precision=0.917 recall=0.951 f1=0.933 matched=77/81 pred=84
      strict onset f1: 10ms=0.739 20ms=0.933 30ms=0.933
      timing metrics: offset_f1=0.848 rhythm_precision=0.909 note_value_acc=0.662 note_value_n=77 avg_beat_error=0.119
      duplicate metrics: duplicates=3 per_100_notes=3.57
      boundary metrics: gt=17 matched=17 missed=0 miss_rate=0.000
      latency: avg_chunk_ms=31.28 p95_chunk_ms=39.59 avg_rtf=0.052
      notation metrics: first_correct_ms=88.1 visible_p50_ms=367.8 visible_p95_ms=633.1 stabilize_p50_ms=661.6 stabilize_p95_ms=2455.5 avg_revisions=0.53 matched=34 refined=34 snapshots=19
      algorithmic latency: first_correct_ms=59.9 visible_p50_ms=337.0 visible_p95_ms=599.2 stabilize_p50_ms=578.9 stabilize_p95_ms=2026.6
      final display note metrics: precision=0.951 recall=0.951 f1=0.951 matched=77/81 pred=81
      final display strict onset f1: 10ms=0.753 20ms=0.951 30ms=0.951
      final display timing: offset_f1=0.864 rhythm_precision=0.909 note_value_acc=0.455 note_value_n=77 avg_beat_error=0.207
      final display structure: cluster_f1=0.667 onset_align_recall=0.889 avg_jaccard=0.893 exact=29/45 pred=42 over=7 under=4 pitch_conflicts=0 missed_gt=5
      threshold profiles: hit_rate=0.000 thresholds=[0.75] profiles={'fixed_baseline': 10}
    treatment:
      note metrics: precision=0.917 recall=0.951 f1=0.933 matched=77/81 pred=84
      strict onset f1: 10ms=0.739 20ms=0.933 30ms=0.933
      timing metrics: offset_f1=0.848 rhythm_precision=0.909 note_value_acc=0.662 note_value_n=77 avg_beat_error=0.119
      duplicate metrics: duplicates=3 per_100_notes=3.57
      boundary metrics: gt=17 matched=17 missed=0 miss_rate=0.000
      latency: avg_chunk_ms=26.39 p95_chunk_ms=32.68 avg_rtf=0.044
      notation metrics: first_correct_ms=83.0 visible_p50_ms=366.0 visible_p95_ms=628.8 stabilize_p50_ms=652.5 stabilize_p95_ms=2458.1 avg_revisions=0.53 matched=34 refined=34 snapshots=19
      algorithmic latency: first_correct_ms=59.9 visible_p50_ms=337.0 visible_p95_ms=599.2 stabilize_p50_ms=578.9 stabilize_p95_ms=2026.6
      final display note metrics: precision=0.951 recall=0.951 f1=0.951 matched=77/81 pred=81
      final display strict onset f1: 10ms=0.753 20ms=0.951 30ms=0.951
      final display timing: offset_f1=0.864 rhythm_precision=0.909 note_value_acc=0.455 note_value_n=77 avg_beat_error=0.207
      final display structure: cluster_f1=0.667 onset_align_recall=0.889 avg_jaccard=0.893 exact=29/45 pred=42 over=7 under=4 pitch_conflicts=0 missed_gt=5
      threshold profiles: hit_rate=0.000 thresholds=[0.75] profiles={'baseline_nominal': 10}
    delta treatment-control: precision=+0.000 recall=+0.000 f1=+0.000 offset_f1=+0.000 note_value_acc=+0.000 dup_per_100=+0.00 boundary_miss_rate=+0.000 p95_chunk_ms=-6.91 f1_10ms=+0.000 f1_20ms=+0.000 f1_30ms=+0.000 visible_p50_ms=-1.8 stabilize_p50_ms=-9.1 algo_visible_p50_ms=+0.0 algo_stabilize_p50_ms=+0.0 avg_revisions=+0.00 display_note_f1=+0.000 display_offset_f1=+0.000 display_cluster_f1=+0.000 display_cluster_jaccard=+0.000
    failure buckets: ['runtime_only_win', 'high_revision_slow_stabilization']
[TIMING] EnhancedMel.transcribe: audio_to_gpu=2.8ms, features=0.7ms, model=25.1ms, decode=1.4ms | TOTAL=30.0ms for 600ms audio (RTF=0.05x)
[TIMING] stream_chunk[experiment-eb632843956544dc88e56a1efb0200f4](live_neural): decode=0.2ms, inference=31.7ms, second_pass=0.0ms, contention=0.0ms, TOTAL=32.0ms | audio=600ms, RTF=0.05x | model=enhanced_mel, neural_total=31.3ms, model_inference=25.1ms
[TIMING] EnhancedMel.transcribe: audio_to_gpu=0.2ms, features=4.0ms, model=11.0ms, decode=3.1ms | TOTAL=18.3ms for 1200ms audio (RTF=0.02x)
[TIMING] stream_chunk[experiment-eb632843956544dc88e56a1efb0200f4](live_neural): decode=1.0ms, inference=20.1ms, second_pass=0.0ms, contention=0.0ms, TOTAL=21.3ms | audio=600ms, RTF=0.04x | model=enhanced_mel, neural_total=19.8ms, model_inference=11.0ms
[TIMING] EnhancedMel.transcribe: audio_to_gpu=0.2ms, features=3.4ms, model=25.9ms, decode=3.4ms | TOTAL=32.9ms for 1800ms audio (RTF=0.02x)
[TIMING] stream_chunk[experiment-eb632843956544dc88e56a1efb0200f4](live_neural): decode=0.1ms, inference=34.9ms, second_pass=0.0ms, contention=0.0ms, TOTAL=35.2ms | audio=600ms, RTF=0.06x | model=enhanced_mel, neural_total=34.4ms, model_inference=25.9ms
[TIMING] EnhancedMel.transcribe: audio_to_gpu=0.3ms, features=0.5ms, model=11.9ms, decode=5.6ms | TOTAL=18.3ms for 2400ms audio (RTF=0.01x)
[TIMING] stream_chunk[experiment-eb632843956544dc88e56a1efb0200f4](live_neural): decode=0.1ms, inference=20.7ms, second_pass=0.0ms, contention=0.0ms, TOTAL=21.0ms | audio=600ms, RTF=0.04x | model=enhanced_mel, neural_total=20.3ms, model_inference=11.9ms
[TIMING] EnhancedMel.transcribe: audio_to_gpu=0.3ms, features=0.6ms, model=15.7ms, decode=7.0ms | TOTAL=23.7ms for 3000ms audio (RTF=0.01x)
[TIMING] stream_chunk[experiment-eb632843956544dc88e56a1efb0200f4](live_neural): decode=0.1ms, inference=26.4ms, second_pass=0.0ms, contention=0.0ms, TOTAL=26.7ms | audio=600ms, RTF=0.04x | model=enhanced_mel, neural_total=25.9ms, model_inference=15.7ms
[TIMING] EnhancedMel.transcribe: audio_to_gpu=0.3ms, features=0.6ms, model=13.1ms, decode=5.6ms | TOTAL=19.6ms for 3000ms audio (RTF=0.01x)
[TIMING] stream_chunk[experiment-eb632843956544dc88e56a1efb0200f4](live_neural): decode=0.1ms, inference=22.5ms, second_pass=0.0ms, contention=0.0ms, TOTAL=22.8ms | audio=600ms, RTF=0.04x | model=enhanced_mel, neural_total=22.1ms, model_inference=13.1ms
[TIMING] EnhancedMel.transcribe: audio_to_gpu=0.4ms, features=1.6ms, model=21.6ms, decode=5.8ms | TOTAL=29.3ms for 3000ms audio (RTF=0.01x)
[TIMING] stream_chunk[experiment-eb632843956544dc88e56a1efb0200f4](live_neural): decode=0.1ms, inference=31.8ms, second_pass=0.0ms, contention=0.0ms, TOTAL=32.1ms | audio=600ms, RTF=0.05x | model=enhanced_mel, neural_total=31.4ms, model_inference=21.6ms
[TIMING] EnhancedMel.transcribe: audio_to_gpu=0.3ms, features=0.5ms, model=13.0ms, decode=8.1ms | TOTAL=21.9ms for 3000ms audio (RTF=0.01x)
[TIMING] stream_chunk[experiment-eb632843956544dc88e56a1efb0200f4](live_neural): decode=0.2ms, inference=24.6ms, second_pass=0.0ms, contention=0.0ms, TOTAL=25.1ms | audio=600ms, RTF=0.04x | model=enhanced_mel, neural_total=24.1ms, model_inference=13.0ms
[TIMING] EnhancedMel.transcribe: audio_to_gpu=0.3ms, features=0.5ms, model=13.8ms, decode=5.6ms | TOTAL=20.2ms for 3000ms audio (RTF=0.01x)
[TIMING] stream_chunk[experiment-eb632843956544dc88e56a1efb0200f4](live_neural): decode=0.1ms, inference=22.7ms, second_pass=0.0ms, contention=0.0ms, TOTAL=23.0ms | audio=600ms, RTF=0.04x | model=enhanced_mel, neural_total=22.2ms, model_inference=13.8ms
[TIMING] EnhancedMel.transcribe: audio_to_gpu=0.3ms, features=0.5ms, model=12.8ms, decode=5.4ms | TOTAL=19.1ms for 3000ms audio (RTF=0.01x)
[TIMING] stream_chunk[experiment-eb632843956544dc88e56a1efb0200f4](live_neural): decode=0.2ms, inference=21.6ms, second_pass=0.0ms, contention=0.0ms, TOTAL=22.0ms | audio=600ms, RTF=0.04x | model=enhanced_mel, neural_total=21.1ms, model_inference=12.8ms
[TIMING] EnhancedMel.transcribe: audio_to_gpu=0.5ms, features=0.8ms, model=16.3ms, decode=1.4ms | TOTAL=19.0ms for 600ms audio (RTF=0.03x)
[TIMING] stream_chunk[experiment-7c753ef483404d7394346d1053d88da6](live_neural): decode=0.2ms, inference=20.8ms, second_pass=0.0ms, contention=0.0ms, TOTAL=21.0ms | audio=600ms, RTF=0.03x | model=enhanced_mel, neural_total=20.2ms, model_inference=16.3ms
[TIMING] EnhancedMel.transcribe: audio_to_gpu=0.2ms, features=0.5ms, model=13.3ms, decode=2.4ms | TOTAL=16.4ms for 1200ms audio (RTF=0.01x)
[TIMING] stream_chunk[experiment-7c753ef483404d7394346d1053d88da6](live_neural): decode=0.1ms, inference=18.2ms, second_pass=0.0ms, contention=0.0ms, TOTAL=18.5ms | audio=600ms, RTF=0.03x | model=enhanced_mel, neural_total=17.9ms, model_inference=13.3ms
[TIMING] EnhancedMel.transcribe: audio_to_gpu=0.4ms, features=0.5ms, model=11.2ms, decode=3.5ms | TOTAL=15.6ms for 1800ms audio (RTF=0.01x)
[TIMING] stream_chunk[experiment-7c753ef483404d7394346d1053d88da6](live_neural): decode=0.1ms, inference=17.9ms, second_pass=0.0ms, contention=0.0ms, TOTAL=18.2ms | audio=600ms, RTF=0.03x | model=enhanced_mel, neural_total=17.5ms, model_inference=11.2ms
[TIMING] EnhancedMel.transcribe: audio_to_gpu=0.2ms, features=0.6ms, model=16.8ms, decode=4.6ms | TOTAL=22.2ms for 2400ms audio (RTF=0.01x)
[TIMING] stream_chunk[experiment-7c753ef483404d7394346d1053d88da6](live_neural): decode=0.1ms, inference=24.7ms, second_pass=0.0ms, contention=0.0ms, TOTAL=24.9ms | audio=600ms, RTF=0.04x | model=enhanced_mel, neural_total=24.2ms, model_inference=16.8ms
[TIMING] EnhancedMel.transcribe: audio_to_gpu=0.4ms, features=0.7ms, model=16.4ms, decode=5.8ms | TOTAL=23.2ms for 3000ms audio (RTF=0.01x)
[TIMING] stream_chunk[experiment-7c753ef483404d7394346d1053d88da6](live_neural): decode=0.1ms, inference=25.8ms, second_pass=0.0ms, contention=0.0ms, TOTAL=26.1ms | audio=600ms, RTF=0.04x | model=enhanced_mel, neural_total=25.3ms, model_inference=16.4ms
[TIMING] EnhancedMel.transcribe: audio_to_gpu=0.3ms, features=0.6ms, model=20.9ms, decode=5.6ms | TOTAL=27.4ms for 3000ms audio (RTF=0.01x)
[TIMING] stream_chunk[experiment-7c753ef483404d7394346d1053d88da6](live_neural): decode=0.1ms, inference=29.9ms, second_pass=0.0ms, contention=0.0ms, TOTAL=30.2ms | audio=600ms, RTF=0.05x | model=enhanced_mel, neural_total=29.4ms, model_inference=20.9ms
[TIMING] EnhancedMel.transcribe: audio_to_gpu=0.3ms, features=0.5ms, model=12.6ms, decode=5.6ms | TOTAL=19.0ms for 3000ms audio (RTF=0.01x)
[TIMING] stream_chunk[experiment-7c753ef483404d7394346d1053d88da6](live_neural): decode=0.1ms, inference=21.6ms, second_pass=0.0ms, contention=0.0ms, TOTAL=22.0ms | audio=600ms, RTF=0.04x | model=enhanced_mel, neural_total=21.1ms, model_inference=12.6ms
[TIMING] EnhancedMel.transcribe: audio_to_gpu=0.4ms, features=0.7ms, model=17.6ms, decode=5.7ms | TOTAL=24.4ms for 3000ms audio (RTF=0.01x)
[TIMING] stream_chunk[experiment-7c753ef483404d7394346d1053d88da6](live_neural): decode=0.1ms, inference=27.0ms, second_pass=0.0ms, contention=0.0ms, TOTAL=27.3ms | audio=600ms, RTF=0.05x | model=enhanced_mel, neural_total=26.5ms, model_inference=17.6ms
[TIMING] EnhancedMel.transcribe: audio_to_gpu=0.6ms, features=0.8ms, model=12.0ms, decode=6.2ms | TOTAL=19.5ms for 3000ms audio (RTF=0.01x)
[TIMING] stream_chunk[experiment-7c753ef483404d7394346d1053d88da6](live_neural): decode=0.1ms, inference=22.1ms, second_pass=0.0ms, contention=0.0ms, TOTAL=22.4ms | audio=600ms, RTF=0.04x | model=enhanced_mel, neural_total=21.7ms, model_inference=12.0ms
[TIMING] EnhancedMel.transcribe: audio_to_gpu=0.5ms, features=0.7ms, model=23.6ms, decode=5.5ms | TOTAL=30.2ms for 3000ms audio (RTF=0.01x)
[TIMING] stream_chunk[experiment-7c753ef483404d7394346d1053d88da6](live_neural): decode=0.1ms, inference=32.7ms, second_pass=0.0ms, contention=0.0ms, TOTAL=33.1ms | audio=600ms, RTF=0.06x | model=enhanced_mel, neural_total=32.2ms, model_inference=23.6ms

[CLIP_037] Jardins sous la pluie from Estampes
  excerpt: start=51.00s end=57.00s duration=6.00s gt_notes=95 rms=0.1381 peak=0.6274 crest=4.544 rms_std=0.0229
    control:
      note metrics: precision=0.958 recall=0.968 f1=0.963 matched=92/95 pred=96
      strict onset f1: 10ms=0.869 20ms=0.963 30ms=0.963
      timing metrics: offset_f1=0.901 rhythm_precision=0.935 note_value_acc=0.424 note_value_n=92 avg_beat_error=0.111
      duplicate metrics: duplicates=0 per_100_notes=0.00
      boundary metrics: gt=28 matched=26 missed=2 miss_rate=0.071
      latency: avg_chunk_ms=26.11 p95_chunk_ms=33.81 avg_rtf=0.043
      notation metrics: first_correct_ms=33.4 visible_p50_ms=321.5 visible_p95_ms=592.3 stabilize_p50_ms=1604.9 stabilize_p95_ms=2025.3 avg_revisions=1.46 matched=65 refined=65 snapshots=20
      algorithmic latency: first_correct_ms=8.3 visible_p50_ms=300.3 visible_p95_ms=562.0 stabilize_p50_ms=1115.9 stabilize_p95_ms=1785.7
      final display note metrics: precision=0.957 recall=0.937 f1=0.947 matched=89/95 pred=93
      final display strict onset f1: 10ms=0.862 20ms=0.947 30ms=0.947
      final display timing: offset_f1=0.883 rhythm_precision=0.933 note_value_acc=0.247 note_value_n=89 avg_beat_error=0.106
      final display structure: cluster_f1=0.800 onset_align_recall=0.908 avg_jaccard=0.915 exact=58/76 pred=69 over=7 under=2 pitch_conflicts=2 missed_gt=7
      threshold profiles: hit_rate=0.000 thresholds=[0.75] profiles={'fixed_baseline': 10}
    treatment:
      note metrics: precision=0.958 recall=0.958 f1=0.958 matched=91/95 pred=95
      strict onset f1: 10ms=0.863 20ms=0.958 30ms=0.958
      timing metrics: offset_f1=0.895 rhythm_precision=0.934 note_value_acc=0.429 note_value_n=91 avg_beat_error=0.111
      duplicate metrics: duplicates=0 per_100_notes=0.00
      boundary metrics: gt=28 matched=25 missed=3 miss_rate=0.107
      latency: avg_chunk_ms=24.37 p95_chunk_ms=31.79 avg_rtf=0.041
      notation metrics: first_correct_ms=32.4 visible_p50_ms=318.7 visible_p95_ms=586.8 stabilize_p50_ms=1206.7 stabilize_p95_ms=2029.5 avg_revisions=1.06 matched=65 refined=65 snapshots=20
      algorithmic latency: first_correct_ms=8.3 visible_p50_ms=300.3 visible_p95_ms=562.0 stabilize_p50_ms=739.6 stabilize_p95_ms=1785.7
      final display note metrics: precision=0.957 recall=0.947 f1=0.952 matched=90/95 pred=94
      final display strict onset f1: 10ms=0.857 20ms=0.952 30ms=0.952
      final display timing: offset_f1=0.889 rhythm_precision=0.933 note_value_acc=0.278 note_value_n=90 avg_beat_error=0.105
      final display structure: cluster_f1=0.800 onset_align_recall=0.908 avg_jaccard=0.919 exact=58/76 pred=69 over=8 under=2 pitch_conflicts=1 missed_gt=7
      threshold profiles: hit_rate=1.000 thresholds=[0.77] profiles={'loud_dense_precision': 10}
    delta treatment-control: precision=-0.000 recall=-0.011 f1=-0.005 offset_f1=-0.006 note_value_acc=+0.005 dup_per_100=+0.00 boundary_miss_rate=+0.036 p95_chunk_ms=-2.02 f1_10ms=-0.006 f1_20ms=-0.005 f1_30ms=-0.005 visible_p50_ms=-2.8 stabilize_p50_ms=-398.2 algo_visible_p50_ms=+0.0 algo_stabilize_p50_ms=-376.3 avg_revisions=-0.40 display_note_f1=+0.006 display_offset_f1=+0.006 display_cluster_f1=+0.000 display_cluster_jaccard=+0.004
    failure buckets: ['boundary_miss_failure', 'high_revision_slow_stabilization', 'note_value_offset_failure']
      boundary diagnostics: missed=3 by_arm={'control': 2, 'treatment': 3} tags={'control_boundary_miss': 2, 'no_control_coarse_candidate': 2}
        miss: pitch=79 onset=1.185s boundary_delta_ms=-15.1 control_coarse=False treatment_coarse=False retro=n/a
        miss: pitch=84 onset=1.789s boundary_delta_ms=-10.9 control_coarse=True treatment_coarse=False retro=n/a
        miss: pitch=68 onset=4.160s boundary_delta_ms=-39.8 control_coarse=False treatment_coarse=False retro=n/a
[TIMING] EnhancedMel.transcribe: audio_to_gpu=0.5ms, features=0.9ms, model=12.3ms, decode=1.3ms | TOTAL=15.0ms for 600ms audio (RTF=0.03x)
[TIMING] stream_chunk[experiment-e61c1b7c43ac4e3398e11e627b4e655f](live_neural): decode=0.2ms, inference=17.2ms, second_pass=0.0ms, contention=0.0ms, TOTAL=17.4ms | audio=600ms, RTF=0.03x | model=enhanced_mel, neural_total=16.7ms, model_inference=12.3ms
[TIMING] EnhancedMel.transcribe: audio_to_gpu=0.2ms, features=0.5ms, model=10.3ms, decode=2.4ms | TOTAL=13.3ms for 1200ms audio (RTF=0.01x)
[TIMING] stream_chunk[experiment-e61c1b7c43ac4e3398e11e627b4e655f](live_neural): decode=0.1ms, inference=15.1ms, second_pass=0.0ms, contention=0.0ms, TOTAL=15.3ms | audio=600ms, RTF=0.03x | model=enhanced_mel, neural_total=14.7ms, model_inference=10.3ms
[TIMING] EnhancedMel.transcribe: audio_to_gpu=0.2ms, features=0.4ms, model=11.6ms, decode=3.5ms | TOTAL=15.6ms for 1800ms audio (RTF=0.01x)
[TIMING] stream_chunk[experiment-e61c1b7c43ac4e3398e11e627b4e655f](live_neural): decode=0.1ms, inference=17.6ms, second_pass=0.0ms, contention=0.0ms, TOTAL=17.9ms | audio=600ms, RTF=0.03x | model=enhanced_mel, neural_total=17.2ms, model_inference=11.6ms
[TIMING] EnhancedMel.transcribe: audio_to_gpu=0.2ms, features=0.4ms, model=12.3ms, decode=4.7ms | TOTAL=17.6ms for 2400ms audio (RTF=0.01x)
[TIMING] stream_chunk[experiment-e61c1b7c43ac4e3398e11e627b4e655f](live_neural): decode=0.1ms, inference=20.0ms, second_pass=0.0ms, contention=0.0ms, TOTAL=20.3ms | audio=600ms, RTF=0.03x | model=enhanced_mel, neural_total=19.6ms, model_inference=12.3ms
[TIMING] EnhancedMel.transcribe: audio_to_gpu=0.3ms, features=0.6ms, model=12.9ms, decode=5.3ms | TOTAL=19.1ms for 3000ms audio (RTF=0.01x)
[TIMING] stream_chunk[experiment-e61c1b7c43ac4e3398e11e627b4e655f](live_neural): decode=0.1ms, inference=21.6ms, second_pass=0.0ms, contention=0.0ms, TOTAL=21.9ms | audio=600ms, RTF=0.04x | model=enhanced_mel, neural_total=21.1ms, model_inference=12.9ms
[TIMING] EnhancedMel.transcribe: audio_to_gpu=0.3ms, features=0.5ms, model=13.3ms, decode=5.6ms | TOTAL=19.7ms for 3000ms audio (RTF=0.01x)
[TIMING] stream_chunk[experiment-e61c1b7c43ac4e3398e11e627b4e655f](live_neural): decode=0.1ms, inference=22.1ms, second_pass=0.0ms, contention=0.0ms, TOTAL=22.5ms | audio=600ms, RTF=0.04x | model=enhanced_mel, neural_total=21.7ms, model_inference=13.3ms
[TIMING] EnhancedMel.transcribe: audio_to_gpu=0.6ms, features=0.7ms, model=16.4ms, decode=5.5ms | TOTAL=23.1ms for 3000ms audio (RTF=0.01x)
[TIMING] stream_chunk[experiment-e61c1b7c43ac4e3398e11e627b4e655f](live_neural): decode=0.1ms, inference=25.8ms, second_pass=0.0ms, contention=0.0ms, TOTAL=26.1ms | audio=600ms, RTF=0.04x | model=enhanced_mel, neural_total=25.2ms, model_inference=16.4ms
[TIMING] EnhancedMel.transcribe: audio_to_gpu=0.3ms, features=0.6ms, model=13.2ms, decode=5.5ms | TOTAL=19.6ms for 3000ms audio (RTF=0.01x)
[TIMING] stream_chunk[experiment-e61c1b7c43ac4e3398e11e627b4e655f](live_neural): decode=0.1ms, inference=22.2ms, second_pass=0.0ms, contention=0.0ms, TOTAL=22.5ms | audio=600ms, RTF=0.04x | model=enhanced_mel, neural_total=21.6ms, model_inference=13.2ms
[TIMING] EnhancedMel.transcribe: audio_to_gpu=0.3ms, features=0.7ms, model=15.0ms, decode=5.8ms | TOTAL=21.8ms for 3000ms audio (RTF=0.01x)
[TIMING] stream_chunk[experiment-e61c1b7c43ac4e3398e11e627b4e655f](live_neural): decode=0.1ms, inference=24.3ms, second_pass=0.0ms, contention=0.0ms, TOTAL=24.6ms | audio=600ms, RTF=0.04x | model=enhanced_mel, neural_total=23.8ms, model_inference=15.0ms
[TIMING] EnhancedMel.transcribe: audio_to_gpu=0.3ms, features=0.5ms, model=12.0ms, decode=5.5ms | TOTAL=18.4ms for 3000ms audio (RTF=0.01x)
[TIMING] stream_chunk[experiment-e61c1b7c43ac4e3398e11e627b4e655f](live_neural): decode=0.1ms, inference=20.8ms, second_pass=0.0ms, contention=0.0ms, TOTAL=21.1ms | audio=600ms, RTF=0.04x | model=enhanced_mel, neural_total=20.4ms, model_inference=12.0ms
[TIMING] EnhancedMel.transcribe: audio_to_gpu=0.3ms, features=0.5ms, model=10.3ms, decode=1.3ms | TOTAL=12.4ms for 600ms audio (RTF=0.02x)
[TIMING] stream_chunk[experiment-92876aef6ca34a97b369908d3f9f98b9](live_neural): decode=0.1ms, inference=13.9ms, second_pass=0.0ms, contention=0.0ms, TOTAL=14.1ms | audio=600ms, RTF=0.02x | model=enhanced_mel, neural_total=13.6ms, model_inference=10.3ms
[TIMING] EnhancedMel.transcribe: audio_to_gpu=0.2ms, features=0.4ms, model=20.7ms, decode=2.3ms | TOTAL=23.6ms for 1200ms audio (RTF=0.02x)
[TIMING] stream_chunk[experiment-92876aef6ca34a97b369908d3f9f98b9](live_neural): decode=0.1ms, inference=25.4ms, second_pass=0.0ms, contention=0.0ms, TOTAL=25.6ms | audio=600ms, RTF=0.04x | model=enhanced_mel, neural_total=25.0ms, model_inference=20.7ms
[TIMING] EnhancedMel.transcribe: audio_to_gpu=0.1ms, features=0.4ms, model=10.9ms, decode=3.4ms | TOTAL=14.8ms for 1800ms audio (RTF=0.01x)
[TIMING] stream_chunk[experiment-92876aef6ca34a97b369908d3f9f98b9](live_neural): decode=0.1ms, inference=16.9ms, second_pass=0.0ms, contention=0.0ms, TOTAL=17.1ms | audio=600ms, RTF=0.03x | model=enhanced_mel, neural_total=16.6ms, model_inference=10.9ms
[TIMING] EnhancedMel.transcribe: audio_to_gpu=0.3ms, features=0.6ms, model=20.4ms, decode=4.3ms | TOTAL=25.6ms for 2400ms audio (RTF=0.01x)
[TIMING] stream_chunk[experiment-92876aef6ca34a97b369908d3f9f98b9](live_neural): decode=0.1ms, inference=27.6ms, second_pass=0.0ms, contention=0.0ms, TOTAL=27.8ms | audio=600ms, RTF=0.05x | model=enhanced_mel, neural_total=27.2ms, model_inference=20.4ms
[TIMING] EnhancedMel.transcribe: audio_to_gpu=0.3ms, features=0.5ms, model=11.9ms, decode=6.3ms | TOTAL=19.0ms for 3000ms audio (RTF=0.01x)
[TIMING] stream_chunk[experiment-92876aef6ca34a97b369908d3f9f98b9](live_neural): decode=0.1ms, inference=22.7ms, second_pass=0.0ms, contention=0.0ms, TOTAL=23.1ms | audio=600ms, RTF=0.04x | model=enhanced_mel, neural_total=22.2ms, model_inference=11.9ms
[TIMING] EnhancedMel.transcribe: audio_to_gpu=0.3ms, features=3.3ms, model=18.5ms, decode=5.3ms | TOTAL=27.5ms for 3000ms audio (RTF=0.01x)
[TIMING] stream_chunk[experiment-92876aef6ca34a97b369908d3f9f98b9](live_neural): decode=0.1ms, inference=30.0ms, second_pass=0.0ms, contention=0.0ms, TOTAL=30.3ms | audio=600ms, RTF=0.05x | model=enhanced_mel, neural_total=29.5ms, model_inference=18.5ms
[TIMING] EnhancedMel.transcribe: audio_to_gpu=0.3ms, features=0.7ms, model=22.0ms, decode=5.5ms | TOTAL=28.5ms for 3000ms audio (RTF=0.01x)
[TIMING] stream_chunk[experiment-92876aef6ca34a97b369908d3f9f98b9](live_neural): decode=0.1ms, inference=30.9ms, second_pass=0.0ms, contention=0.0ms, TOTAL=31.3ms | audio=600ms, RTF=0.05x | model=enhanced_mel, neural_total=30.4ms, model_inference=22.0ms
[TIMING] EnhancedMel.transcribe: audio_to_gpu=0.4ms, features=0.7ms, model=17.3ms, decode=5.7ms | TOTAL=24.1ms for 3000ms audio (RTF=0.01x)
[TIMING] stream_chunk[experiment-92876aef6ca34a97b369908d3f9f98b9](live_neural): decode=0.2ms, inference=26.6ms, second_pass=0.0ms, contention=0.0ms, TOTAL=28.1ms | audio=600ms, RTF=0.05x | model=enhanced_mel, neural_total=26.0ms, model_inference=17.3ms
[TIMING] EnhancedMel.transcribe: audio_to_gpu=0.4ms, features=0.6ms, model=12.8ms, decode=5.6ms | TOTAL=19.4ms for 3000ms audio (RTF=0.01x)
[TIMING] stream_chunk[experiment-92876aef6ca34a97b369908d3f9f98b9](live_neural): decode=0.1ms, inference=21.9ms, second_pass=0.0ms, contention=0.0ms, TOTAL=22.2ms | audio=600ms, RTF=0.04x | model=enhanced_mel, neural_total=21.5ms, model_inference=12.8ms
[TIMING] EnhancedMel.transcribe: audio_to_gpu=0.3ms, features=1.9ms, model=13.3ms, decode=5.5ms | TOTAL=21.0ms for 3000ms audio (RTF=0.01x)
[TIMING] stream_chunk[experiment-92876aef6ca34a97b369908d3f9f98b9](live_neural): decode=0.2ms, inference=23.3ms, second_pass=0.0ms, contention=0.0ms, TOTAL=23.7ms | audio=600ms, RTF=0.04x | model=enhanced_mel, neural_total=23.0ms, model_inference=13.3ms

[CLIP_038] Sonata in D Major, K. 118
  excerpt: start=42.00s end=48.00s duration=6.00s gt_notes=81 rms=0.0337 peak=0.1839 crest=5.448 rms_std=0.0097
    control:
      note metrics: precision=0.953 recall=1.000 f1=0.976 matched=81/81 pred=85
      strict onset f1: 10ms=0.819 20ms=0.964 30ms=0.976
      timing metrics: offset_f1=0.940 rhythm_precision=0.951 note_value_acc=0.370 note_value_n=81 avg_beat_error=0.078
      duplicate metrics: duplicates=1 per_100_notes=1.18
      boundary metrics: gt=25 matched=25 missed=0 miss_rate=0.000
      latency: avg_chunk_ms=20.95 p95_chunk_ms=25.45 avg_rtf=0.035
      notation metrics: first_correct_ms=34.7 visible_p50_ms=342.0 visible_p95_ms=613.2 stabilize_p50_ms=1770.2 stabilize_p95_ms=2341.3 avg_revisions=1.82 matched=45 refined=45 snapshots=18
      algorithmic latency: first_correct_ms=12.2 visible_p50_ms=319.5 visible_p95_ms=591.8 stabilize_p50_ms=1292.7 stabilize_p95_ms=2307.3
      final display note metrics: precision=0.974 recall=0.938 f1=0.956 matched=76/81 pred=78
      final display strict onset f1: 10ms=0.818 20ms=0.956 30ms=0.956
      final display timing: offset_f1=0.918 rhythm_precision=0.961 note_value_acc=0.421 note_value_n=76 avg_beat_error=0.086
      final display structure: cluster_f1=0.917 onset_align_recall=0.964 avg_jaccard=0.972 exact=50/55 pred=54 over=0 under=2 pitch_conflicts=1 missed_gt=2
      threshold profiles: hit_rate=0.000 thresholds=[0.75] profiles={'fixed_baseline': 10}
    treatment:
      note metrics: precision=0.953 recall=1.000 f1=0.976 matched=81/81 pred=85
      strict onset f1: 10ms=0.819 20ms=0.964 30ms=0.976
      timing metrics: offset_f1=0.940 rhythm_precision=0.951 note_value_acc=0.370 note_value_n=81 avg_beat_error=0.078
      duplicate metrics: duplicates=1 per_100_notes=1.18
      boundary metrics: gt=25 matched=25 missed=0 miss_rate=0.000
      latency: avg_chunk_ms=24.33 p95_chunk_ms=30.87 avg_rtf=0.041
      notation metrics: first_correct_ms=40.4 visible_p50_ms=347.7 visible_p95_ms=617.1 stabilize_p50_ms=1775.8 stabilize_p95_ms=2348.5 avg_revisions=1.82 matched=45 refined=45 snapshots=18
      algorithmic latency: first_correct_ms=12.2 visible_p50_ms=319.5 visible_p95_ms=591.8 stabilize_p50_ms=1292.7 stabilize_p95_ms=2307.3
      final display note metrics: precision=0.974 recall=0.938 f1=0.956 matched=76/81 pred=78
      final display strict onset f1: 10ms=0.818 20ms=0.956 30ms=0.956
      final display timing: offset_f1=0.918 rhythm_precision=0.961 note_value_acc=0.421 note_value_n=76 avg_beat_error=0.086
      final display structure: cluster_f1=0.917 onset_align_recall=0.964 avg_jaccard=0.972 exact=50/55 pred=54 over=0 under=2 pitch_conflicts=1 missed_gt=2
      threshold profiles: hit_rate=0.000 thresholds=[0.75] profiles={'baseline_nominal': 10}
    delta treatment-control: precision=+0.000 recall=+0.000 f1=+0.000 offset_f1=+0.000 note_value_acc=+0.000 dup_per_100=+0.00 boundary_miss_rate=+0.000 p95_chunk_ms=+5.42 f1_10ms=+0.000 f1_20ms=+0.000 f1_30ms=+0.000 visible_p50_ms=+5.7 stabilize_p50_ms=+5.6 algo_visible_p50_ms=+0.0 algo_stabilize_p50_ms=+0.0 avg_revisions=+0.00 display_note_f1=+0.000 display_offset_f1=+0.000 display_cluster_f1=+0.000 display_cluster_jaccard=+0.000
    failure buckets: ['high_revision_slow_stabilization', 'note_value_offset_failure']
[TIMING] EnhancedMel.transcribe: audio_to_gpu=0.6ms, features=1.0ms, model=21.9ms, decode=1.3ms | TOTAL=24.8ms for 600ms audio (RTF=0.04x)
[TIMING] stream_chunk[experiment-06b0329e6d244adea8a77ae04207e5c3](live_neural): decode=0.2ms, inference=26.7ms, second_pass=0.0ms, contention=0.0ms, TOTAL=27.0ms | audio=600ms, RTF=0.04x | model=enhanced_mel, neural_total=26.1ms, model_inference=21.9ms
[TIMING] EnhancedMel.transcribe: audio_to_gpu=0.2ms, features=0.5ms, model=16.0ms, decode=2.3ms | TOTAL=19.1ms for 1200ms audio (RTF=0.02x)
[TIMING] stream_chunk[experiment-06b0329e6d244adea8a77ae04207e5c3](live_neural): decode=0.1ms, inference=20.8ms, second_pass=0.0ms, contention=0.0ms, TOTAL=21.0ms | audio=600ms, RTF=0.04x | model=enhanced_mel, neural_total=20.5ms, model_inference=16.0ms
[TIMING] EnhancedMel.transcribe: audio_to_gpu=0.2ms, features=0.5ms, model=11.8ms, decode=3.4ms | TOTAL=15.8ms for 1800ms audio (RTF=0.01x)
[TIMING] stream_chunk[experiment-06b0329e6d244adea8a77ae04207e5c3](live_neural): decode=0.1ms, inference=17.7ms, second_pass=0.0ms, contention=0.0ms, TOTAL=17.8ms | audio=600ms, RTF=0.03x | model=enhanced_mel, neural_total=17.3ms, model_inference=11.8ms
[TIMING] EnhancedMel.transcribe: audio_to_gpu=0.3ms, features=0.9ms, model=20.1ms, decode=4.3ms | TOTAL=25.6ms for 2400ms audio (RTF=0.01x)
[TIMING] stream_chunk[experiment-06b0329e6d244adea8a77ae04207e5c3](live_neural): decode=0.1ms, inference=27.8ms, second_pass=0.0ms, contention=0.0ms, TOTAL=28.0ms | audio=600ms, RTF=0.05x | model=enhanced_mel, neural_total=27.4ms, model_inference=20.1ms
[TIMING] EnhancedMel.transcribe: audio_to_gpu=0.5ms, features=0.6ms, model=12.1ms, decode=5.3ms | TOTAL=18.5ms for 3000ms audio (RTF=0.01x)
[TIMING] stream_chunk[experiment-06b0329e6d244adea8a77ae04207e5c3](live_neural): decode=0.1ms, inference=21.9ms, second_pass=0.0ms, contention=0.0ms, TOTAL=22.2ms | audio=600ms, RTF=0.04x | model=enhanced_mel, neural_total=21.6ms, model_inference=12.1ms
[TIMING] EnhancedMel.transcribe: audio_to_gpu=0.2ms, features=0.5ms, model=12.8ms, decode=6.3ms | TOTAL=19.9ms for 3000ms audio (RTF=0.01x)
[TIMING] stream_chunk[experiment-06b0329e6d244adea8a77ae04207e5c3](live_neural): decode=0.1ms, inference=22.2ms, second_pass=0.0ms, contention=0.0ms, TOTAL=22.5ms | audio=600ms, RTF=0.04x | model=enhanced_mel, neural_total=21.8ms, model_inference=12.8ms
[TIMING] EnhancedMel.transcribe: audio_to_gpu=0.3ms, features=0.5ms, model=14.1ms, decode=6.4ms | TOTAL=21.3ms for 3000ms audio (RTF=0.01x)
[TIMING] stream_chunk[experiment-06b0329e6d244adea8a77ae04207e5c3](live_neural): decode=0.3ms, inference=23.7ms, second_pass=0.0ms, contention=0.0ms, TOTAL=24.2ms | audio=600ms, RTF=0.04x | model=enhanced_mel, neural_total=23.3ms, model_inference=14.1ms
[TIMING] EnhancedMel.transcribe: audio_to_gpu=0.6ms, features=0.8ms, model=21.0ms, decode=5.3ms | TOTAL=27.8ms for 3000ms audio (RTF=0.01x)
[TIMING] stream_chunk[experiment-06b0329e6d244adea8a77ae04207e5c3](live_neural): decode=0.2ms, inference=30.2ms, second_pass=0.0ms, contention=0.0ms, TOTAL=30.5ms | audio=600ms, RTF=0.05x | model=enhanced_mel, neural_total=29.9ms, model_inference=21.0ms
[TIMING] EnhancedMel.transcribe: audio_to_gpu=0.3ms, features=0.5ms, model=12.2ms, decode=5.3ms | TOTAL=18.2ms for 3000ms audio (RTF=0.01x)
[TIMING] stream_chunk[experiment-06b0329e6d244adea8a77ae04207e5c3](live_neural): decode=0.1ms, inference=21.6ms, second_pass=0.0ms, contention=0.0ms, TOTAL=21.9ms | audio=600ms, RTF=0.04x | model=enhanced_mel, neural_total=21.2ms, model_inference=12.2ms
[TIMING] EnhancedMel.transcribe: audio_to_gpu=0.2ms, features=0.5ms, model=12.9ms, decode=6.2ms | TOTAL=19.7ms for 3000ms audio (RTF=0.01x)
[TIMING] stream_chunk[experiment-06b0329e6d244adea8a77ae04207e5c3](live_neural): decode=0.1ms, inference=22.1ms, second_pass=0.0ms, contention=0.0ms, TOTAL=22.4ms | audio=600ms, RTF=0.04x | model=enhanced_mel, neural_total=21.7ms, model_inference=12.9ms
[TIMING] EnhancedMel.transcribe: audio_to_gpu=0.9ms, features=0.5ms, model=10.4ms, decode=1.2ms | TOTAL=13.0ms for 600ms audio (RTF=0.02x)
[TIMING] stream_chunk[experiment-b0f6bfe92f4c4c1a95f2997f690fd023](live_neural): decode=0.1ms, inference=14.6ms, second_pass=0.0ms, contention=0.0ms, TOTAL=14.8ms | audio=600ms, RTF=0.02x | model=enhanced_mel, neural_total=14.3ms, model_inference=10.4ms
[TIMING] EnhancedMel.transcribe: audio_to_gpu=0.2ms, features=0.4ms, model=10.1ms, decode=2.3ms | TOTAL=12.9ms for 1200ms audio (RTF=0.01x)
[TIMING] stream_chunk[experiment-b0f6bfe92f4c4c1a95f2997f690fd023](live_neural): decode=0.1ms, inference=14.8ms, second_pass=0.0ms, contention=0.0ms, TOTAL=15.0ms | audio=600ms, RTF=0.02x | model=enhanced_mel, neural_total=14.3ms, model_inference=10.1ms
[TIMING] EnhancedMel.transcribe: audio_to_gpu=0.4ms, features=0.6ms, model=18.2ms, decode=3.4ms | TOTAL=22.5ms for 1800ms audio (RTF=0.01x)
[TIMING] stream_chunk[experiment-b0f6bfe92f4c4c1a95f2997f690fd023](live_neural): decode=0.1ms, inference=24.6ms, second_pass=0.0ms, contention=0.0ms, TOTAL=24.8ms | audio=600ms, RTF=0.04x | model=enhanced_mel, neural_total=24.2ms, model_inference=18.2ms
[TIMING] EnhancedMel.transcribe: audio_to_gpu=0.2ms, features=0.5ms, model=21.1ms, decode=4.4ms | TOTAL=26.3ms for 2400ms audio (RTF=0.01x)
[TIMING] stream_chunk[experiment-b0f6bfe92f4c4c1a95f2997f690fd023](live_neural): decode=0.1ms, inference=28.4ms, second_pass=0.0ms, contention=0.0ms, TOTAL=28.7ms | audio=600ms, RTF=0.05x | model=enhanced_mel, neural_total=28.0ms, model_inference=21.1ms
[TIMING] EnhancedMel.transcribe: audio_to_gpu=0.2ms, features=0.6ms, model=20.6ms, decode=5.6ms | TOTAL=26.9ms for 3000ms audio (RTF=0.01x)
[TIMING] stream_chunk[experiment-b0f6bfe92f4c4c1a95f2997f690fd023](live_neural): decode=0.1ms, inference=29.3ms, second_pass=0.0ms, contention=0.0ms, TOTAL=29.5ms | audio=600ms, RTF=0.05x | model=enhanced_mel, neural_total=28.9ms, model_inference=20.6ms
[TIMING] EnhancedMel.transcribe: audio_to_gpu=0.3ms, features=4.9ms, model=12.1ms, decode=5.4ms | TOTAL=22.6ms for 3000ms audio (RTF=0.01x)
[TIMING] stream_chunk[experiment-b0f6bfe92f4c4c1a95f2997f690fd023](live_neural): decode=0.1ms, inference=25.7ms, second_pass=0.0ms, contention=0.0ms, TOTAL=25.9ms | audio=600ms, RTF=0.04x | model=enhanced_mel, neural_total=25.3ms, model_inference=12.1ms
[TIMING] EnhancedMel.transcribe: audio_to_gpu=0.5ms, features=0.6ms, model=15.2ms, decode=5.3ms | TOTAL=21.7ms for 3000ms audio (RTF=0.01x)
[TIMING] stream_chunk[experiment-b0f6bfe92f4c4c1a95f2997f690fd023](live_neural): decode=0.1ms, inference=23.9ms, second_pass=0.0ms, contention=0.0ms, TOTAL=24.2ms | audio=600ms, RTF=0.04x | model=enhanced_mel, neural_total=23.5ms, model_inference=15.2ms
[TIMING] EnhancedMel.transcribe: audio_to_gpu=0.2ms, features=1.4ms, model=12.1ms, decode=6.7ms | TOTAL=20.4ms for 3000ms audio (RTF=0.01x)
[TIMING] stream_chunk[experiment-b0f6bfe92f4c4c1a95f2997f690fd023](live_neural): decode=0.2ms, inference=22.8ms, second_pass=0.0ms, contention=0.0ms, TOTAL=23.1ms | audio=600ms, RTF=0.04x | model=enhanced_mel, neural_total=22.4ms, model_inference=12.1ms
[TIMING] EnhancedMel.transcribe: audio_to_gpu=0.2ms, features=0.6ms, model=11.7ms, decode=5.2ms | TOTAL=17.7ms for 3000ms audio (RTF=0.01x)
[TIMING] stream_chunk[experiment-b0f6bfe92f4c4c1a95f2997f690fd023](live_neural): decode=0.2ms, inference=20.4ms, second_pass=0.0ms, contention=0.0ms, TOTAL=20.8ms | audio=600ms, RTF=0.03x | model=enhanced_mel, neural_total=19.9ms, model_inference=11.7ms
[TIMING] EnhancedMel.transcribe: audio_to_gpu=0.2ms, features=0.5ms, model=12.2ms, decode=5.3ms | TOTAL=18.2ms for 3000ms audio (RTF=0.01x)
[TIMING] stream_chunk[experiment-b0f6bfe92f4c4c1a95f2997f690fd023](live_neural): decode=0.1ms, inference=20.4ms, second_pass=0.0ms, contention=0.0ms, TOTAL=20.6ms | audio=600ms, RTF=0.03x | model=enhanced_mel, neural_total=20.0ms, model_inference=12.2ms

[CLIP_039] Sonata, K239
  excerpt: start=81.00s end=87.00s duration=6.00s gt_notes=64 rms=0.1164 peak=0.7610 crest=6.536 rms_std=0.0496
    control:
      note metrics: precision=0.970 recall=1.000 f1=0.985 matched=64/64 pred=66
      strict onset f1: 10ms=0.769 20ms=0.985 30ms=0.985
      timing metrics: offset_f1=0.738 rhythm_precision=0.750 note_value_acc=0.375 note_value_n=64 avg_beat_error=0.204
      duplicate metrics: duplicates=0 per_100_notes=0.00
      boundary metrics: gt=22 matched=22 missed=0 miss_rate=0.000
      latency: avg_chunk_ms=23.75 p95_chunk_ms=29.38 avg_rtf=0.039
      notation metrics: first_correct_ms=76.3 visible_p50_ms=235.4 visible_p95_ms=529.2 stabilize_p50_ms=2343.0 stabilize_p95_ms=2683.1 avg_revisions=2.10 matched=20 refined=20 snapshots=20
      algorithmic latency: first_correct_ms=45.8 visible_p50_ms=210.4 visible_p95_ms=507.2 stabilize_p50_ms=1952.1 stabilize_p95_ms=2307.2
      final display note metrics: precision=0.970 recall=1.000 f1=0.985 matched=64/64 pred=66
      final display strict onset f1: 10ms=0.769 20ms=0.985 30ms=0.985
      final display timing: offset_f1=0.738 rhythm_precision=0.750 note_value_acc=0.266 note_value_n=64 avg_beat_error=0.363
      final display structure: cluster_f1=0.955 onset_align_recall=1.000 avg_jaccard=0.994 exact=32/33 pred=34 over=1 under=0 pitch_conflicts=0 missed_gt=0
      threshold profiles: hit_rate=0.000 thresholds=[0.75] profiles={'fixed_baseline': 10}
    treatment:
      note metrics: precision=0.970 recall=1.000 f1=0.985 matched=64/64 pred=66
      strict onset f1: 10ms=0.769 20ms=0.985 30ms=0.985
      timing metrics: offset_f1=0.738 rhythm_precision=0.750 note_value_acc=0.375 note_value_n=64 avg_beat_error=0.204
      duplicate metrics: duplicates=0 per_100_notes=0.00
      boundary metrics: gt=22 matched=22 missed=0 miss_rate=0.000
      latency: avg_chunk_ms=22.74 p95_chunk_ms=29.14 avg_rtf=0.038
      notation metrics: first_correct_ms=69.0 visible_p50_ms=235.1 visible_p95_ms=536.5 stabilize_p50_ms=2347.5 stabilize_p95_ms=2683.2 avg_revisions=2.10 matched=20 refined=20 snapshots=20
      algorithmic latency: first_correct_ms=45.8 visible_p50_ms=210.4 visible_p95_ms=507.2 stabilize_p50_ms=1952.1 stabilize_p95_ms=2307.2
      final display note metrics: precision=0.970 recall=1.000 f1=0.985 matched=64/64 pred=66
      final display strict onset f1: 10ms=0.769 20ms=0.985 30ms=0.985
      final display timing: offset_f1=0.738 rhythm_precision=0.750 note_value_acc=0.266 note_value_n=64 avg_beat_error=0.363
      final display structure: cluster_f1=0.955 onset_align_recall=1.000 avg_jaccard=0.994 exact=32/33 pred=34 over=1 under=0 pitch_conflicts=0 missed_gt=0
      threshold profiles: hit_rate=0.400 thresholds=[0.75, 0.77] profiles={'baseline_nominal': 6, 'loud_dense_precision': 4}
    delta treatment-control: precision=+0.000 recall=+0.000 f1=+0.000 offset_f1=+0.000 note_value_acc=+0.000 dup_per_100=+0.00 boundary_miss_rate=+0.000 p95_chunk_ms=-0.23 f1_10ms=+0.000 f1_20ms=+0.000 f1_30ms=+0.000 visible_p50_ms=-0.2 stabilize_p50_ms=+4.5 algo_visible_p50_ms=+0.0 algo_stabilize_p50_ms=+0.0 avg_revisions=+0.00 display_note_f1=+0.000 display_offset_f1=+0.000 display_cluster_f1=+0.000 display_cluster_jaccard=+0.000
    failure buckets: ['high_revision_slow_stabilization', 'note_value_offset_failure']
[TIMING] EnhancedMel.transcribe: audio_to_gpu=0.4ms, features=0.9ms, model=20.7ms, decode=1.4ms | TOTAL=23.4ms for 600ms audio (RTF=0.04x)
[TIMING] stream_chunk[experiment-7460c1b0a6bd4e20811a6f3a30f923ca](live_neural): decode=0.1ms, inference=25.2ms, second_pass=0.0ms, contention=0.0ms, TOTAL=25.4ms | audio=600ms, RTF=0.04x | model=enhanced_mel, neural_total=24.8ms, model_inference=20.7ms
[TIMING] EnhancedMel.transcribe: audio_to_gpu=0.2ms, features=0.5ms, model=10.3ms, decode=2.3ms | TOTAL=13.2ms for 1200ms audio (RTF=0.01x)
[TIMING] stream_chunk[experiment-7460c1b0a6bd4e20811a6f3a30f923ca](live_neural): decode=0.1ms, inference=15.2ms, second_pass=0.0ms, contention=0.0ms, TOTAL=15.4ms | audio=600ms, RTF=0.03x | model=enhanced_mel, neural_total=14.8ms, model_inference=10.3ms
[TIMING] EnhancedMel.transcribe: audio_to_gpu=0.2ms, features=0.4ms, model=10.6ms, decode=3.4ms | TOTAL=14.7ms for 1800ms audio (RTF=0.01x)
[TIMING] stream_chunk[experiment-7460c1b0a6bd4e20811a6f3a30f923ca](live_neural): decode=0.1ms, inference=16.6ms, second_pass=0.0ms, contention=0.0ms, TOTAL=16.8ms | audio=600ms, RTF=0.03x | model=enhanced_mel, neural_total=16.2ms, model_inference=10.6ms
[TIMING] EnhancedMel.transcribe: audio_to_gpu=0.2ms, features=0.5ms, model=14.5ms, decode=4.3ms | TOTAL=19.6ms for 2400ms audio (RTF=0.01x)
[TIMING] stream_chunk[experiment-7460c1b0a6bd4e20811a6f3a30f923ca](live_neural): decode=0.1ms, inference=21.7ms, second_pass=0.0ms, contention=0.0ms, TOTAL=22.0ms | audio=600ms, RTF=0.04x | model=enhanced_mel, neural_total=21.3ms, model_inference=14.5ms
[TIMING] EnhancedMel.transcribe: audio_to_gpu=0.2ms, features=0.4ms, model=12.4ms, decode=5.5ms | TOTAL=18.5ms for 3000ms audio (RTF=0.01x)
[TIMING] stream_chunk[experiment-7460c1b0a6bd4e20811a6f3a30f923ca](live_neural): decode=0.1ms, inference=21.6ms, second_pass=0.0ms, contention=0.0ms, TOTAL=22.0ms | audio=600ms, RTF=0.04x | model=enhanced_mel, neural_total=21.1ms, model_inference=12.4ms
[TIMING] EnhancedMel.transcribe: audio_to_gpu=0.3ms, features=0.7ms, model=14.2ms, decode=5.6ms | TOTAL=20.8ms for 3000ms audio (RTF=0.01x)
[TIMING] stream_chunk[experiment-7460c1b0a6bd4e20811a6f3a30f923ca](live_neural): decode=0.1ms, inference=23.0ms, second_pass=0.0ms, contention=0.0ms, TOTAL=23.3ms | audio=600ms, RTF=0.04x | model=enhanced_mel, neural_total=22.7ms, model_inference=14.2ms
[TIMING] EnhancedMel.transcribe: audio_to_gpu=0.3ms, features=0.6ms, model=22.4ms, decode=5.5ms | TOTAL=28.9ms for 3000ms audio (RTF=0.01x)
[TIMING] stream_chunk[experiment-7460c1b0a6bd4e20811a6f3a30f923ca](live_neural): decode=0.1ms, inference=31.2ms, second_pass=0.0ms, contention=0.0ms, TOTAL=31.5ms | audio=600ms, RTF=0.05x | model=enhanced_mel, neural_total=30.8ms, model_inference=22.4ms
[TIMING] EnhancedMel.transcribe: audio_to_gpu=0.3ms, features=0.7ms, model=14.7ms, decode=5.5ms | TOTAL=21.2ms for 3000ms audio (RTF=0.01x)
[TIMING] stream_chunk[experiment-7460c1b0a6bd4e20811a6f3a30f923ca](live_neural): decode=0.1ms, inference=23.6ms, second_pass=0.0ms, contention=0.0ms, TOTAL=23.9ms | audio=600ms, RTF=0.04x | model=enhanced_mel, neural_total=23.2ms, model_inference=14.7ms
[TIMING] EnhancedMel.transcribe: audio_to_gpu=0.3ms, features=0.6ms, model=11.9ms, decode=5.6ms | TOTAL=18.3ms for 3000ms audio (RTF=0.01x)
[TIMING] stream_chunk[experiment-7460c1b0a6bd4e20811a6f3a30f923ca](live_neural): decode=0.1ms, inference=20.7ms, second_pass=0.0ms, contention=0.0ms, TOTAL=21.0ms | audio=600ms, RTF=0.03x | model=enhanced_mel, neural_total=20.3ms, model_inference=11.9ms
[TIMING] EnhancedMel.transcribe: audio_to_gpu=0.3ms, features=0.6ms, model=16.7ms, decode=5.6ms | TOTAL=23.3ms for 3000ms audio (RTF=0.01x)
[TIMING] stream_chunk[experiment-7460c1b0a6bd4e20811a6f3a30f923ca](live_neural): decode=0.1ms, inference=25.8ms, second_pass=0.0ms, contention=0.0ms, TOTAL=26.3ms | audio=600ms, RTF=0.04x | model=enhanced_mel, neural_total=25.2ms, model_inference=16.7ms
[TIMING] EnhancedMel.transcribe: audio_to_gpu=0.4ms, features=0.6ms, model=12.1ms, decode=1.4ms | TOTAL=14.5ms for 600ms audio (RTF=0.02x)
[TIMING] stream_chunk[experiment-84accc8dd07140d7ae714f7d6d1a3133](live_neural): decode=0.1ms, inference=16.1ms, second_pass=0.0ms, contention=0.0ms, TOTAL=16.3ms | audio=600ms, RTF=0.03x | model=enhanced_mel, neural_total=15.7ms, model_inference=12.1ms
[TIMING] EnhancedMel.transcribe: audio_to_gpu=0.2ms, features=0.5ms, model=10.0ms, decode=2.4ms | TOTAL=13.1ms for 1200ms audio (RTF=0.01x)
[TIMING] stream_chunk[experiment-84accc8dd07140d7ae714f7d6d1a3133](live_neural): decode=0.1ms, inference=14.8ms, second_pass=0.0ms, contention=0.0ms, TOTAL=15.0ms | audio=600ms, RTF=0.02x | model=enhanced_mel, neural_total=14.4ms, model_inference=10.0ms
[TIMING] EnhancedMel.transcribe: audio_to_gpu=0.2ms, features=0.5ms, model=11.1ms, decode=3.4ms | TOTAL=15.2ms for 1800ms audio (RTF=0.01x)
[TIMING] stream_chunk[experiment-84accc8dd07140d7ae714f7d6d1a3133](live_neural): decode=0.2ms, inference=17.2ms, second_pass=0.0ms, contention=0.0ms, TOTAL=17.6ms | audio=600ms, RTF=0.03x | model=enhanced_mel, neural_total=16.9ms, model_inference=11.1ms
[TIMING] EnhancedMel.transcribe: audio_to_gpu=0.3ms, features=0.5ms, model=11.9ms, decode=4.8ms | TOTAL=17.6ms for 2400ms audio (RTF=0.01x)
[TIMING] stream_chunk[experiment-84accc8dd07140d7ae714f7d6d1a3133](live_neural): decode=0.1ms, inference=19.7ms, second_pass=0.0ms, contention=0.0ms, TOTAL=20.0ms | audio=600ms, RTF=0.03x | model=enhanced_mel, neural_total=19.4ms, model_inference=11.9ms
[TIMING] EnhancedMel.transcribe: audio_to_gpu=0.3ms, features=3.0ms, model=14.0ms, decode=5.6ms | TOTAL=22.9ms for 3000ms audio (RTF=0.01x)
[TIMING] stream_chunk[experiment-84accc8dd07140d7ae714f7d6d1a3133](live_neural): decode=0.1ms, inference=25.3ms, second_pass=0.0ms, contention=0.0ms, TOTAL=25.6ms | audio=600ms, RTF=0.04x | model=enhanced_mel, neural_total=24.8ms, model_inference=14.0ms
[TIMING] EnhancedMel.transcribe: audio_to_gpu=0.3ms, features=0.6ms, model=13.0ms, decode=5.5ms | TOTAL=19.3ms for 3000ms audio (RTF=0.01x)
[TIMING] stream_chunk[experiment-84accc8dd07140d7ae714f7d6d1a3133](live_neural): decode=0.1ms, inference=21.7ms, second_pass=0.0ms, contention=0.0ms, TOTAL=22.0ms | audio=600ms, RTF=0.04x | model=enhanced_mel, neural_total=21.3ms, model_inference=13.0ms
[TIMING] EnhancedMel.transcribe: audio_to_gpu=0.3ms, features=0.6ms, model=22.8ms, decode=5.7ms | TOTAL=29.4ms for 3000ms audio (RTF=0.01x)
[TIMING] stream_chunk[experiment-84accc8dd07140d7ae714f7d6d1a3133](live_neural): decode=0.1ms, inference=31.9ms, second_pass=0.0ms, contention=0.0ms, TOTAL=32.1ms | audio=600ms, RTF=0.05x | model=enhanced_mel, neural_total=31.5ms, model_inference=22.8ms
[TIMING] EnhancedMel.transcribe: audio_to_gpu=0.4ms, features=0.6ms, model=16.6ms, decode=5.6ms | TOTAL=23.2ms for 3000ms audio (RTF=0.01x)
[TIMING] stream_chunk[experiment-84accc8dd07140d7ae714f7d6d1a3133](live_neural): decode=0.1ms, inference=25.7ms, second_pass=0.0ms, contention=0.0ms, TOTAL=26.0ms | audio=600ms, RTF=0.04x | model=enhanced_mel, neural_total=25.2ms, model_inference=16.6ms
[TIMING] EnhancedMel.transcribe: audio_to_gpu=0.4ms, features=6.1ms, model=13.8ms, decode=7.8ms | TOTAL=28.2ms for 3000ms audio (RTF=0.01x)
[TIMING] stream_chunk[experiment-84accc8dd07140d7ae714f7d6d1a3133](live_neural): decode=0.1ms, inference=30.7ms, second_pass=0.0ms, contention=0.0ms, TOTAL=31.0ms | audio=600ms, RTF=0.05x | model=enhanced_mel, neural_total=30.2ms, model_inference=13.8ms
[TIMING] EnhancedMel.transcribe: audio_to_gpu=0.4ms, features=0.7ms, model=19.3ms, decode=5.5ms | TOTAL=25.9ms for 3000ms audio (RTF=0.01x)
[TIMING] stream_chunk[experiment-84accc8dd07140d7ae714f7d6d1a3133](live_neural): decode=0.1ms, inference=28.4ms, second_pass=0.0ms, contention=0.0ms, TOTAL=28.8ms | audio=600ms, RTF=0.05x | model=enhanced_mel, neural_total=27.9ms, model_inference=19.3ms

[CLIP_040] Sonata K. 525
  excerpt: start=27.00s end=33.00s duration=6.00s gt_notes=95 rms=0.0558 peak=0.3398 crest=6.085 rms_std=0.0188
    control:
      note metrics: precision=0.904 recall=0.895 f1=0.899 matched=85/95 pred=94
      strict onset f1: 10ms=0.751 20ms=0.878 30ms=0.899
      timing metrics: offset_f1=0.772 rhythm_precision=0.859 note_value_acc=0.376 note_value_n=85 avg_beat_error=0.122
      duplicate metrics: duplicates=1 per_100_notes=1.06
      boundary metrics: gt=23 matched=21 missed=2 miss_rate=0.087
      latency: avg_chunk_ms=22.75 p95_chunk_ms=29.13 avg_rtf=0.038
      notation metrics: first_correct_ms=145.4 visible_p50_ms=386.5 visible_p95_ms=627.7 stabilize_p50_ms=2569.3 stabilize_p95_ms=3703.3 avg_revisions=2.17 matched=12 refined=12 snapshots=17
      algorithmic latency: first_correct_ms=122.1 visible_p50_ms=364.6 visible_p95_ms=603.9 stabilize_p50_ms=2056.9 stabilize_p95_ms=3117.9
      final display note metrics: precision=0.914 recall=0.895 f1=0.904 matched=85/95 pred=93
      final display strict onset f1: 10ms=0.755 20ms=0.883 30ms=0.904
      final display timing: offset_f1=0.777 rhythm_precision=0.859 note_value_acc=0.271 note_value_n=85 avg_beat_error=0.190
      final display structure: cluster_f1=0.667 onset_align_recall=1.000 avg_jaccard=0.880 exact=25/36 pred=39 over=2 under=9 pitch_conflicts=0 missed_gt=0
      threshold profiles: hit_rate=0.000 thresholds=[0.75] profiles={'fixed_baseline': 10}
    treatment:
      note metrics: precision=0.904 recall=0.895 f1=0.899 matched=85/95 pred=94
      strict onset f1: 10ms=0.751 20ms=0.878 30ms=0.899
      timing metrics: offset_f1=0.772 rhythm_precision=0.859 note_value_acc=0.376 note_value_n=85 avg_beat_error=0.122
      duplicate metrics: duplicates=1 per_100_notes=1.06
      boundary metrics: gt=23 matched=21 missed=2 miss_rate=0.087
      latency: avg_chunk_ms=23.44 p95_chunk_ms=31.61 avg_rtf=0.039
      notation metrics: first_correct_ms=144.1 visible_p50_ms=390.2 visible_p95_ms=622.1 stabilize_p50_ms=2570.5 stabilize_p95_ms=3712.8 avg_revisions=2.17 matched=12 refined=12 snapshots=17
      algorithmic latency: first_correct_ms=122.1 visible_p50_ms=364.6 visible_p95_ms=603.9 stabilize_p50_ms=2056.9 stabilize_p95_ms=3117.9
      final display note metrics: precision=0.914 recall=0.895 f1=0.904 matched=85/95 pred=93
      final display strict onset f1: 10ms=0.755 20ms=0.883 30ms=0.904
      final display timing: offset_f1=0.777 rhythm_precision=0.859 note_value_acc=0.271 note_value_n=85 avg_beat_error=0.190
      final display structure: cluster_f1=0.667 onset_align_recall=1.000 avg_jaccard=0.880 exact=25/36 pred=39 over=2 under=9 pitch_conflicts=0 missed_gt=0
      threshold profiles: hit_rate=0.000 thresholds=[0.75] profiles={'baseline_nominal': 10}
    delta treatment-control: precision=+0.000 recall=+0.000 f1=+0.000 offset_f1=+0.000 note_value_acc=+0.000 dup_per_100=+0.00 boundary_miss_rate=+0.000 p95_chunk_ms=+2.49 f1_10ms=+0.000 f1_20ms=+0.000 f1_30ms=+0.000 visible_p50_ms=+3.7 stabilize_p50_ms=+1.2 algo_visible_p50_ms=+0.0 algo_stabilize_p50_ms=+0.0 avg_revisions=+0.00 display_note_f1=+0.000 display_offset_f1=+0.000 display_cluster_f1=+0.000 display_cluster_jaccard=+0.000
    failure buckets: ['boundary_miss_failure', 'high_revision_slow_stabilization', 'note_value_offset_failure']
      boundary diagnostics: missed=2 by_arm={'control': 2, 'treatment': 2} tags={'control_boundary_miss': 2, 'no_control_coarse_candidate': 2}
        miss: pitch=74 onset=3.628s boundary_delta_ms=+27.6 control_coarse=False treatment_coarse=False retro=n/a
        miss: pitch=74 onset=5.440s boundary_delta_ms=+40.1 control_coarse=False treatment_coarse=False retro=n/a
[TIMING] EnhancedMel.transcribe: audio_to_gpu=0.5ms, features=0.8ms, model=21.9ms, decode=1.1ms | TOTAL=24.3ms for 600ms audio (RTF=0.04x)
[TIMING] stream_chunk[experiment-d3e48f078c9d46e2ba944171f087b682](live_neural): decode=0.2ms, inference=26.8ms, second_pass=0.0ms, contention=0.0ms, TOTAL=27.0ms | audio=600ms, RTF=0.05x | model=enhanced_mel, neural_total=26.3ms, model_inference=21.9ms
[TIMING] EnhancedMel.transcribe: audio_to_gpu=0.2ms, features=0.3ms, model=11.3ms, decode=2.3ms | TOTAL=14.1ms for 1200ms audio (RTF=0.01x)
[TIMING] stream_chunk[experiment-d3e48f078c9d46e2ba944171f087b682](live_neural): decode=0.2ms, inference=16.0ms, second_pass=0.0ms, contention=0.0ms, TOTAL=16.4ms | audio=600ms, RTF=0.03x | model=enhanced_mel, neural_total=15.5ms, model_inference=11.3ms
[TIMING] EnhancedMel.transcribe: audio_to_gpu=0.2ms, features=0.5ms, model=22.5ms, decode=3.2ms | TOTAL=26.4ms for 1800ms audio (RTF=0.01x)
[TIMING] stream_chunk[experiment-d3e48f078c9d46e2ba944171f087b682](live_neural): decode=0.2ms, inference=28.4ms, second_pass=0.0ms, contention=0.0ms, TOTAL=28.7ms | audio=600ms, RTF=0.05x | model=enhanced_mel, neural_total=28.0ms, model_inference=22.5ms
[TIMING] EnhancedMel.transcribe: audio_to_gpu=0.2ms, features=0.4ms, model=12.0ms, decode=4.2ms | TOTAL=16.8ms for 2400ms audio (RTF=0.01x)
[TIMING] stream_chunk[experiment-d3e48f078c9d46e2ba944171f087b682](live_neural): decode=0.1ms, inference=19.8ms, second_pass=0.0ms, contention=0.0ms, TOTAL=20.1ms | audio=600ms, RTF=0.03x | model=enhanced_mel, neural_total=19.5ms, model_inference=12.0ms
[TIMING] EnhancedMel.transcribe: audio_to_gpu=0.3ms, features=1.0ms, model=12.4ms, decode=5.3ms | TOTAL=18.8ms for 3000ms audio (RTF=0.01x)
[TIMING] stream_chunk[experiment-d3e48f078c9d46e2ba944171f087b682](live_neural): decode=0.1ms, inference=22.6ms, second_pass=0.0ms, contention=0.0ms, TOTAL=23.0ms | audio=600ms, RTF=0.04x | model=enhanced_mel, neural_total=22.2ms, model_inference=12.4ms
[TIMING] EnhancedMel.transcribe: audio_to_gpu=0.2ms, features=0.4ms, model=15.5ms, decode=5.5ms | TOTAL=21.6ms for 3000ms audio (RTF=0.01x)
[TIMING] stream_chunk[experiment-d3e48f078c9d46e2ba944171f087b682](live_neural): decode=0.1ms, inference=24.1ms, second_pass=0.0ms, contention=0.0ms, TOTAL=24.4ms | audio=600ms, RTF=0.04x | model=enhanced_mel, neural_total=23.5ms, model_inference=15.5ms
[TIMING] EnhancedMel.transcribe: audio_to_gpu=0.4ms, features=0.6ms, model=16.0ms, decode=5.2ms | TOTAL=22.2ms for 3000ms audio (RTF=0.01x)
[TIMING] stream_chunk[experiment-d3e48f078c9d46e2ba944171f087b682](live_neural): decode=0.1ms, inference=24.5ms, second_pass=0.0ms, contention=0.0ms, TOTAL=24.8ms | audio=600ms, RTF=0.04x | model=enhanced_mel, neural_total=24.1ms, model_inference=16.0ms
[TIMING] EnhancedMel.transcribe: audio_to_gpu=0.3ms, features=0.5ms, model=12.2ms, decode=5.3ms | TOTAL=18.3ms for 3000ms audio (RTF=0.01x)
[TIMING] stream_chunk[experiment-d3e48f078c9d46e2ba944171f087b682](live_neural): decode=0.1ms, inference=20.6ms, second_pass=0.0ms, contention=0.0ms, TOTAL=20.9ms | audio=600ms, RTF=0.03x | model=enhanced_mel, neural_total=20.2ms, model_inference=12.2ms
[TIMING] EnhancedMel.transcribe: audio_to_gpu=0.3ms, features=0.6ms, model=12.5ms, decode=5.3ms | TOTAL=18.8ms for 3000ms audio (RTF=0.01x)
[TIMING] stream_chunk[experiment-d3e48f078c9d46e2ba944171f087b682](live_neural): decode=0.1ms, inference=21.1ms, second_pass=0.0ms, contention=0.0ms, TOTAL=21.4ms | audio=600ms, RTF=0.04x | model=enhanced_mel, neural_total=20.7ms, model_inference=12.5ms
[TIMING] EnhancedMel.transcribe: audio_to_gpu=0.2ms, features=0.5ms, model=12.5ms, decode=5.2ms | TOTAL=18.5ms for 3000ms audio (RTF=0.01x)
[TIMING] stream_chunk[experiment-d3e48f078c9d46e2ba944171f087b682](live_neural): decode=0.3ms, inference=21.4ms, second_pass=0.0ms, contention=0.0ms, TOTAL=21.9ms | audio=600ms, RTF=0.04x | model=enhanced_mel, neural_total=21.0ms, model_inference=12.5ms
[TIMING] EnhancedMel.transcribe: audio_to_gpu=0.4ms, features=0.7ms, model=11.7ms, decode=1.1ms | TOTAL=13.9ms for 600ms audio (RTF=0.02x)
[TIMING] stream_chunk[experiment-1d3bef43f0804c2f9a57be33d7b319b9](live_neural): decode=0.1ms, inference=15.4ms, second_pass=0.0ms, contention=0.0ms, TOTAL=15.6ms | audio=600ms, RTF=0.03x | model=enhanced_mel, neural_total=15.0ms, model_inference=11.7ms
[TIMING] EnhancedMel.transcribe: audio_to_gpu=0.2ms, features=0.5ms, model=17.8ms, decode=2.2ms | TOTAL=20.8ms for 1200ms audio (RTF=0.02x)
[TIMING] stream_chunk[experiment-1d3bef43f0804c2f9a57be33d7b319b9](live_neural): decode=0.2ms, inference=22.6ms, second_pass=0.0ms, contention=0.0ms, TOTAL=22.9ms | audio=600ms, RTF=0.04x | model=enhanced_mel, neural_total=22.1ms, model_inference=17.8ms
[TIMING] EnhancedMel.transcribe: audio_to_gpu=0.2ms, features=0.5ms, model=21.0ms, decode=3.3ms | TOTAL=25.1ms for 1800ms audio (RTF=0.01x)
[TIMING] stream_chunk[experiment-1d3bef43f0804c2f9a57be33d7b319b9](live_neural): decode=0.1ms, inference=27.0ms, second_pass=0.0ms, contention=0.0ms, TOTAL=27.2ms | audio=600ms, RTF=0.05x | model=enhanced_mel, neural_total=26.6ms, model_inference=21.0ms
[TIMING] EnhancedMel.transcribe: audio_to_gpu=0.3ms, features=0.6ms, model=20.5ms, decode=5.4ms | TOTAL=26.8ms for 2400ms audio (RTF=0.01x)
[TIMING] stream_chunk[experiment-1d3bef43f0804c2f9a57be33d7b319b9](live_neural): decode=0.1ms, inference=29.1ms, second_pass=0.0ms, contention=0.0ms, TOTAL=29.4ms | audio=600ms, RTF=0.05x | model=enhanced_mel, neural_total=28.7ms, model_inference=20.5ms
[TIMING] EnhancedMel.transcribe: audio_to_gpu=0.3ms, features=1.6ms, model=15.2ms, decode=5.1ms | TOTAL=22.2ms for 3000ms audio (RTF=0.01x)
[TIMING] stream_chunk[experiment-1d3bef43f0804c2f9a57be33d7b319b9](live_neural): decode=0.2ms, inference=24.4ms, second_pass=0.0ms, contention=0.0ms, TOTAL=24.8ms | audio=600ms, RTF=0.04x | model=enhanced_mel, neural_total=24.0ms, model_inference=15.2ms
[TIMING] EnhancedMel.transcribe: audio_to_gpu=0.5ms, features=0.7ms, model=15.6ms, decode=5.4ms | TOTAL=22.2ms for 3000ms audio (RTF=0.01x)
[TIMING] stream_chunk[experiment-1d3bef43f0804c2f9a57be33d7b319b9](live_neural): decode=0.1ms, inference=24.7ms, second_pass=0.0ms, contention=0.0ms, TOTAL=25.0ms | audio=600ms, RTF=0.04x | model=enhanced_mel, neural_total=24.2ms, model_inference=15.6ms
[TIMING] EnhancedMel.transcribe: audio_to_gpu=0.3ms, features=0.5ms, model=12.0ms, decode=5.3ms | TOTAL=18.1ms for 3000ms audio (RTF=0.01x)
[TIMING] stream_chunk[experiment-1d3bef43f0804c2f9a57be33d7b319b9](live_neural): decode=0.1ms, inference=20.4ms, second_pass=0.0ms, contention=0.0ms, TOTAL=20.7ms | audio=600ms, RTF=0.03x | model=enhanced_mel, neural_total=20.0ms, model_inference=12.0ms
[TIMING] EnhancedMel.transcribe: audio_to_gpu=0.4ms, features=0.5ms, model=12.2ms, decode=5.1ms | TOTAL=18.3ms for 3000ms audio (RTF=0.01x)
[TIMING] stream_chunk[experiment-1d3bef43f0804c2f9a57be33d7b319b9](live_neural): decode=0.1ms, inference=20.7ms, second_pass=0.0ms, contention=0.0ms, TOTAL=21.1ms | audio=600ms, RTF=0.04x | model=enhanced_mel, neural_total=20.2ms, model_inference=12.2ms
[TIMING] EnhancedMel.transcribe: audio_to_gpu=0.3ms, features=0.5ms, model=12.6ms, decode=5.3ms | TOTAL=18.7ms for 3000ms audio (RTF=0.01x)
[TIMING] stream_chunk[experiment-1d3bef43f0804c2f9a57be33d7b319b9](live_neural): decode=0.1ms, inference=21.1ms, second_pass=0.0ms, contention=0.0ms, TOTAL=21.4ms | audio=600ms, RTF=0.04x | model=enhanced_mel, neural_total=20.6ms, model_inference=12.6ms
[TIMING] EnhancedMel.transcribe: audio_to_gpu=0.4ms, features=0.7ms, model=13.7ms, decode=5.2ms | TOTAL=20.0ms for 3000ms audio (RTF=0.01x)
[TIMING] stream_chunk[experiment-1d3bef43f0804c2f9a57be33d7b319b9](live_neural): decode=0.1ms, inference=22.3ms, second_pass=0.0ms, contention=0.0ms, TOTAL=22.6ms | audio=600ms, RTF=0.04x | model=enhanced_mel, neural_total=21.8ms, model_inference=13.7ms

[CLIP_041] Sonata No. 9, Op. 68
  excerpt: start=72.00s end=78.00s duration=6.00s gt_notes=66 rms=0.0617 peak=0.3605 crest=5.841 rms_std=0.0284
    control:
      note metrics: precision=0.966 recall=0.848 f1=0.903 matched=56/66 pred=58
      strict onset f1: 10ms=0.710 20ms=0.839 30ms=0.903
      timing metrics: offset_f1=0.806 rhythm_precision=0.893 note_value_acc=0.482 note_value_n=56 avg_beat_error=0.131
      duplicate metrics: duplicates=2 per_100_notes=3.45
      boundary metrics: gt=20 matched=18 missed=2 miss_rate=0.100
      latency: avg_chunk_ms=22.86 p95_chunk_ms=27.94 avg_rtf=0.038
      notation metrics: first_correct_ms=0.0 visible_p50_ms=320.6 visible_p95_ms=608.6 stabilize_p50_ms=1319.0 stabilize_p95_ms=1932.4 avg_revisions=1.25 matched=55 refined=55 snapshots=20
      algorithmic latency: first_correct_ms=0.0 visible_p50_ms=303.9 visible_p95_ms=584.0 stabilize_p50_ms=839.6 stabilize_p95_ms=1475.1
      final display note metrics: precision=1.000 recall=0.818 f1=0.900 matched=54/66 pred=54
      final display strict onset f1: 10ms=0.700 20ms=0.833 30ms=0.900
      final display timing: offset_f1=0.800 rhythm_precision=0.889 note_value_acc=0.278 note_value_n=54 avg_beat_error=0.160
      final display structure: cluster_f1=0.796 onset_align_recall=0.839 avg_jaccard=0.936 exact=41/56 pred=47 over=2 under=4 pitch_conflicts=0 missed_gt=9
      threshold profiles: hit_rate=0.000 thresholds=[0.75] profiles={'fixed_baseline': 10}
    treatment:
      note metrics: precision=0.966 recall=0.848 f1=0.903 matched=56/66 pred=58
      strict onset f1: 10ms=0.710 20ms=0.839 30ms=0.903
      timing metrics: offset_f1=0.806 rhythm_precision=0.893 note_value_acc=0.482 note_value_n=56 avg_beat_error=0.131
      duplicate metrics: duplicates=2 per_100_notes=3.45
      boundary metrics: gt=20 matched=18 missed=2 miss_rate=0.100
      latency: avg_chunk_ms=23.08 p95_chunk_ms=28.44 avg_rtf=0.038
      notation metrics: first_correct_ms=0.0 visible_p50_ms=325.0 visible_p95_ms=611.9 stabilize_p50_ms=1320.6 stabilize_p95_ms=1932.7 avg_revisions=1.25 matched=55 refined=55 snapshots=20
      algorithmic latency: first_correct_ms=0.0 visible_p50_ms=303.9 visible_p95_ms=584.0 stabilize_p50_ms=839.6 stabilize_p95_ms=1475.1
      final display note metrics: precision=1.000 recall=0.818 f1=0.900 matched=54/66 pred=54
      final display strict onset f1: 10ms=0.700 20ms=0.833 30ms=0.900
      final display timing: offset_f1=0.800 rhythm_precision=0.889 note_value_acc=0.278 note_value_n=54 avg_beat_error=0.160
      final display structure: cluster_f1=0.796 onset_align_recall=0.839 avg_jaccard=0.936 exact=41/56 pred=47 over=2 under=4 pitch_conflicts=0 missed_gt=9
      threshold profiles: hit_rate=0.100 thresholds=[0.71, 0.75] profiles={'baseline_nominal': 9, 'soft_sparse_recall': 1}
    delta treatment-control: precision=+0.000 recall=+0.000 f1=+0.000 offset_f1=+0.000 note_value_acc=+0.000 dup_per_100=+0.00 boundary_miss_rate=+0.000 p95_chunk_ms=+0.50 f1_10ms=+0.000 f1_20ms=+0.000 f1_30ms=+0.000 visible_p50_ms=+4.4 stabilize_p50_ms=+1.6 algo_visible_p50_ms=+0.0 algo_stabilize_p50_ms=+0.0 avg_revisions=+0.00 display_note_f1=+0.000 display_offset_f1=+0.000 display_cluster_f1=+0.000 display_cluster_jaccard=+0.000
    failure buckets: ['boundary_miss_failure', 'high_revision_slow_stabilization', 'note_value_offset_failure']
      boundary diagnostics: missed=2 by_arm={'control': 2, 'treatment': 2} tags={'control_boundary_miss': 2, 'no_control_coarse_candidate': 2}
        miss: pitch=67 onset=3.034s boundary_delta_ms=+33.9 control_coarse=False treatment_coarse=False retro=n/a
        miss: pitch=67 onset=4.871s boundary_delta_ms=+71.1 control_coarse=False treatment_coarse=False retro=n/a
[TIMING] EnhancedMel.transcribe: audio_to_gpu=1.7ms, features=0.8ms, model=16.2ms, decode=1.3ms | TOTAL=20.1ms for 600ms audio (RTF=0.03x)
[TIMING] stream_chunk[experiment-79c5f274ff914034998185c040c173ef](live_neural): decode=0.2ms, inference=22.4ms, second_pass=0.0ms, contention=0.0ms, TOTAL=22.7ms | audio=600ms, RTF=0.04x | model=enhanced_mel, neural_total=21.8ms, model_inference=16.2ms
[TIMING] EnhancedMel.transcribe: audio_to_gpu=0.2ms, features=0.4ms, model=19.8ms, decode=2.5ms | TOTAL=22.8ms for 1200ms audio (RTF=0.02x)
[TIMING] stream_chunk[experiment-79c5f274ff914034998185c040c173ef](live_neural): decode=0.2ms, inference=24.6ms, second_pass=0.0ms, contention=0.0ms, TOTAL=25.0ms | audio=600ms, RTF=0.04x | model=enhanced_mel, neural_total=24.2ms, model_inference=19.8ms
[TIMING] EnhancedMel.transcribe: audio_to_gpu=0.2ms, features=0.6ms, model=17.0ms, decode=3.5ms | TOTAL=21.2ms for 1800ms audio (RTF=0.01x)
[TIMING] stream_chunk[experiment-79c5f274ff914034998185c040c173ef](live_neural): decode=0.2ms, inference=23.2ms, second_pass=0.0ms, contention=0.0ms, TOTAL=23.5ms | audio=600ms, RTF=0.04x | model=enhanced_mel, neural_total=22.8ms, model_inference=17.0ms
[TIMING] EnhancedMel.transcribe: audio_to_gpu=0.2ms, features=0.5ms, model=11.9ms, decode=5.4ms | TOTAL=17.9ms for 2400ms audio (RTF=0.01x)
[TIMING] stream_chunk[experiment-79c5f274ff914034998185c040c173ef](live_neural): decode=0.1ms, inference=20.2ms, second_pass=0.0ms, contention=0.0ms, TOTAL=20.4ms | audio=600ms, RTF=0.03x | model=enhanced_mel, neural_total=19.8ms, model_inference=11.9ms
[TIMING] EnhancedMel.transcribe: audio_to_gpu=0.2ms, features=0.5ms, model=11.9ms, decode=5.4ms | TOTAL=18.0ms for 3000ms audio (RTF=0.01x)
[TIMING] stream_chunk[experiment-79c5f274ff914034998185c040c173ef](live_neural): decode=0.2ms, inference=20.4ms, second_pass=0.0ms, contention=0.0ms, TOTAL=20.7ms | audio=600ms, RTF=0.03x | model=enhanced_mel, neural_total=20.0ms, model_inference=11.9ms
[TIMING] EnhancedMel.transcribe: audio_to_gpu=0.3ms, features=0.6ms, model=20.2ms, decode=5.5ms | TOTAL=26.6ms for 3000ms audio (RTF=0.01x)
[TIMING] stream_chunk[experiment-79c5f274ff914034998185c040c173ef](live_neural): decode=0.1ms, inference=28.9ms, second_pass=0.0ms, contention=0.0ms, TOTAL=29.1ms | audio=600ms, RTF=0.05x | model=enhanced_mel, neural_total=28.5ms, model_inference=20.2ms
[TIMING] EnhancedMel.transcribe: audio_to_gpu=0.2ms, features=0.7ms, model=12.6ms, decode=5.4ms | TOTAL=18.9ms for 3000ms audio (RTF=0.01x)
[TIMING] stream_chunk[experiment-79c5f274ff914034998185c040c173ef](live_neural): decode=0.1ms, inference=21.4ms, second_pass=0.0ms, contention=0.0ms, TOTAL=21.6ms | audio=600ms, RTF=0.04x | model=enhanced_mel, neural_total=21.0ms, model_inference=12.6ms
[TIMING] EnhancedMel.transcribe: audio_to_gpu=0.2ms, features=0.5ms, model=12.4ms, decode=5.5ms | TOTAL=18.7ms for 3000ms audio (RTF=0.01x)
[TIMING] stream_chunk[experiment-79c5f274ff914034998185c040c173ef](live_neural): decode=0.1ms, inference=21.0ms, second_pass=0.0ms, contention=0.0ms, TOTAL=21.4ms | audio=600ms, RTF=0.04x | model=enhanced_mel, neural_total=20.7ms, model_inference=12.4ms
[TIMING] EnhancedMel.transcribe: audio_to_gpu=0.3ms, features=0.6ms, model=16.5ms, decode=5.5ms | TOTAL=23.0ms for 3000ms audio (RTF=0.01x)
[TIMING] stream_chunk[experiment-79c5f274ff914034998185c040c173ef](live_neural): decode=0.2ms, inference=25.4ms, second_pass=0.0ms, contention=0.0ms, TOTAL=25.9ms | audio=600ms, RTF=0.04x | model=enhanced_mel, neural_total=25.0ms, model_inference=16.5ms
[TIMING] EnhancedMel.transcribe: audio_to_gpu=0.3ms, features=0.8ms, model=15.5ms, decode=5.6ms | TOTAL=22.1ms for 3000ms audio (RTF=0.01x)
[TIMING] stream_chunk[experiment-79c5f274ff914034998185c040c173ef](live_neural): decode=0.1ms, inference=24.8ms, second_pass=0.0ms, contention=0.0ms, TOTAL=25.0ms | audio=600ms, RTF=0.04x | model=enhanced_mel, neural_total=24.4ms, model_inference=15.5ms
[TIMING] EnhancedMel.transcribe: audio_to_gpu=0.6ms, features=0.8ms, model=11.2ms, decode=1.3ms | TOTAL=13.8ms for 600ms audio (RTF=0.02x)
[TIMING] stream_chunk[experiment-eadf066107e14ba4947604ff008bcc46](live_neural): decode=0.1ms, inference=15.4ms, second_pass=0.0ms, contention=0.0ms, TOTAL=15.6ms | audio=600ms, RTF=0.03x | model=enhanced_mel, neural_total=14.9ms, model_inference=11.2ms
[TIMING] EnhancedMel.transcribe: audio_to_gpu=0.1ms, features=1.3ms, model=10.5ms, decode=2.3ms | TOTAL=14.3ms for 1200ms audio (RTF=0.01x)
[TIMING] stream_chunk[experiment-eadf066107e14ba4947604ff008bcc46](live_neural): decode=0.1ms, inference=16.0ms, second_pass=0.0ms, contention=0.0ms, TOTAL=16.3ms | audio=600ms, RTF=0.03x | model=enhanced_mel, neural_total=15.7ms, model_inference=10.5ms
[TIMING] EnhancedMel.transcribe: audio_to_gpu=0.2ms, features=3.1ms, model=11.3ms, decode=3.4ms | TOTAL=17.9ms for 1800ms audio (RTF=0.01x)
[TIMING] stream_chunk[experiment-eadf066107e14ba4947604ff008bcc46](live_neural): decode=0.1ms, inference=20.0ms, second_pass=0.0ms, contention=0.0ms, TOTAL=20.2ms | audio=600ms, RTF=0.03x | model=enhanced_mel, neural_total=19.6ms, model_inference=11.3ms
[TIMING] EnhancedMel.transcribe: audio_to_gpu=0.3ms, features=0.6ms, model=16.5ms, decode=4.6ms | TOTAL=22.1ms for 2400ms audio (RTF=0.01x)
[TIMING] stream_chunk[experiment-eadf066107e14ba4947604ff008bcc46](live_neural): decode=0.1ms, inference=24.4ms, second_pass=0.0ms, contention=0.0ms, TOTAL=24.6ms | audio=600ms, RTF=0.04x | model=enhanced_mel, neural_total=24.0ms, model_inference=16.5ms
[TIMING] EnhancedMel.transcribe: audio_to_gpu=0.3ms, features=0.5ms, model=11.7ms, decode=5.4ms | TOTAL=17.9ms for 3000ms audio (RTF=0.01x)
[TIMING] stream_chunk[experiment-eadf066107e14ba4947604ff008bcc46](live_neural): decode=0.1ms, inference=21.6ms, second_pass=0.0ms, contention=0.0ms, TOTAL=21.8ms | audio=600ms, RTF=0.04x | model=enhanced_mel, neural_total=21.1ms, model_inference=11.7ms
[TIMING] EnhancedMel.transcribe: audio_to_gpu=0.3ms, features=0.6ms, model=15.8ms, decode=6.6ms | TOTAL=23.3ms for 3000ms audio (RTF=0.01x)
[TIMING] stream_chunk[experiment-eadf066107e14ba4947604ff008bcc46](live_neural): decode=0.1ms, inference=25.6ms, second_pass=0.0ms, contention=0.0ms, TOTAL=25.8ms | audio=600ms, RTF=0.04x | model=enhanced_mel, neural_total=25.2ms, model_inference=15.8ms
[TIMING] EnhancedMel.transcribe: audio_to_gpu=0.3ms, features=0.6ms, model=11.7ms, decode=5.6ms | TOTAL=18.1ms for 3000ms audio (RTF=0.01x)
[TIMING] stream_chunk[experiment-eadf066107e14ba4947604ff008bcc46](live_neural): decode=0.1ms, inference=20.4ms, second_pass=0.0ms, contention=0.0ms, TOTAL=20.8ms | audio=600ms, RTF=0.03x | model=enhanced_mel, neural_total=20.0ms, model_inference=11.7ms
[TIMING] EnhancedMel.transcribe: audio_to_gpu=0.3ms, features=0.6ms, model=14.6ms, decode=5.6ms | TOTAL=21.1ms for 3000ms audio (RTF=0.01x)
[TIMING] stream_chunk[experiment-eadf066107e14ba4947604ff008bcc46](live_neural): decode=0.1ms, inference=24.3ms, second_pass=0.0ms, contention=0.0ms, TOTAL=24.6ms | audio=600ms, RTF=0.04x | model=enhanced_mel, neural_total=23.7ms, model_inference=14.6ms
[TIMING] EnhancedMel.transcribe: audio_to_gpu=0.4ms, features=0.5ms, model=12.0ms, decode=5.6ms | TOTAL=18.5ms for 3000ms audio (RTF=0.01x)
[TIMING] stream_chunk[experiment-eadf066107e14ba4947604ff008bcc46](live_neural): decode=0.1ms, inference=20.9ms, second_pass=0.0ms, contention=0.0ms, TOTAL=21.2ms | audio=600ms, RTF=0.04x | model=enhanced_mel, neural_total=20.5ms, model_inference=12.0ms
[TIMING] EnhancedMel.transcribe: audio_to_gpu=0.4ms, features=0.7ms, model=15.2ms, decode=5.5ms | TOTAL=21.8ms for 3000ms audio (RTF=0.01x)
[TIMING] stream_chunk[experiment-eadf066107e14ba4947604ff008bcc46](live_neural): decode=0.1ms, inference=24.6ms, second_pass=0.0ms, contention=0.0ms, TOTAL=24.8ms | audio=600ms, RTF=0.04x | model=enhanced_mel, neural_total=24.2ms, model_inference=15.2ms

[CLIP_042] Sonata in D Major, K. 96 L. 465
  excerpt: start=63.00s end=69.00s duration=6.00s gt_notes=91 rms=0.0446 peak=0.2839 crest=6.358 rms_std=0.0114
    control:
      note metrics: precision=0.968 recall=0.989 f1=0.978 matched=90/91 pred=93
      strict onset f1: 10ms=0.902 20ms=0.978 30ms=0.978
      timing metrics: offset_f1=0.946 rhythm_precision=0.967 note_value_acc=0.611 note_value_n=90 avg_beat_error=0.111
      duplicate metrics: duplicates=0 per_100_notes=0.00
      boundary metrics: gt=25 matched=25 missed=0 miss_rate=0.000
      latency: avg_chunk_ms=23.53 p95_chunk_ms=27.66 avg_rtf=0.039
      notation metrics: first_correct_ms=131.3 visible_p50_ms=133.1 visible_p95_ms=497.8 stabilize_p50_ms=3331.7 stabilize_p95_ms=4775.5 avg_revisions=1.67 matched=3 refined=3 snapshots=15
      algorithmic latency: first_correct_ms=110.7 visible_p50_ms=111.5 visible_p95_ms=474.5 stabilize_p50_ms=3110.7 stabilize_p95_ms=4554.4
      final display note metrics: precision=0.968 recall=0.989 f1=0.978 matched=90/91 pred=93
      final display strict onset f1: 10ms=0.902 20ms=0.978 30ms=0.978
      final display timing: offset_f1=0.946 rhythm_precision=0.967 note_value_acc=0.300 note_value_n=90 avg_beat_error=0.380
      final display structure: cluster_f1=0.903 onset_align_recall=1.000 avg_jaccard=0.981 exact=28/30 pred=32 over=1 under=1 pitch_conflicts=0 missed_gt=0
      threshold profiles: hit_rate=0.000 thresholds=[0.75] profiles={'fixed_baseline': 10}
    treatment:
      note metrics: precision=0.968 recall=0.989 f1=0.978 matched=90/91 pred=93
      strict onset f1: 10ms=0.902 20ms=0.978 30ms=0.978
      timing metrics: offset_f1=0.946 rhythm_precision=0.967 note_value_acc=0.611 note_value_n=90 avg_beat_error=0.111
      duplicate metrics: duplicates=0 per_100_notes=0.00
      boundary metrics: gt=25 matched=25 missed=0 miss_rate=0.000
      latency: avg_chunk_ms=21.56 p95_chunk_ms=25.38 avg_rtf=0.036
      notation metrics: first_correct_ms=132.2 visible_p50_ms=132.5 visible_p95_ms=494.8 stabilize_p50_ms=3326.5 stabilize_p95_ms=4770.3 avg_revisions=1.67 matched=3 refined=3 snapshots=15
      algorithmic latency: first_correct_ms=110.7 visible_p50_ms=111.5 visible_p95_ms=474.5 stabilize_p50_ms=3110.7 stabilize_p95_ms=4554.4
      final display note metrics: precision=0.968 recall=0.989 f1=0.978 matched=90/91 pred=93
      final display strict onset f1: 10ms=0.902 20ms=0.978 30ms=0.978
      final display timing: offset_f1=0.946 rhythm_precision=0.967 note_value_acc=0.300 note_value_n=90 avg_beat_error=0.380
      final display structure: cluster_f1=0.903 onset_align_recall=1.000 avg_jaccard=0.981 exact=28/30 pred=32 over=1 under=1 pitch_conflicts=0 missed_gt=0
      threshold profiles: hit_rate=0.000 thresholds=[0.75] profiles={'baseline_nominal': 10}
    delta treatment-control: precision=+0.000 recall=+0.000 f1=+0.000 offset_f1=+0.000 note_value_acc=+0.000 dup_per_100=+0.00 boundary_miss_rate=+0.000 p95_chunk_ms=-2.28 f1_10ms=+0.000 f1_20ms=+0.000 f1_30ms=+0.000 visible_p50_ms=-0.6 stabilize_p50_ms=-5.2 algo_visible_p50_ms=+0.0 algo_stabilize_p50_ms=+0.0 avg_revisions=+0.00 display_note_f1=+0.000 display_offset_f1=+0.000 display_cluster_f1=+0.000 display_cluster_jaccard=+0.000
    failure buckets: ['runtime_only_win', 'high_revision_slow_stabilization']
[TIMING] EnhancedMel.transcribe: audio_to_gpu=0.5ms, features=0.9ms, model=21.9ms, decode=1.3ms | TOTAL=24.6ms for 600ms audio (RTF=0.04x)
[TIMING] stream_chunk[experiment-d83e470f6cbe47d98662c9204d990586](live_neural): decode=0.1ms, inference=26.3ms, second_pass=0.0ms, contention=0.0ms, TOTAL=26.5ms | audio=600ms, RTF=0.04x | model=enhanced_mel, neural_total=25.8ms, model_inference=21.9ms
[TIMING] EnhancedMel.transcribe: audio_to_gpu=0.4ms, features=0.7ms, model=19.8ms, decode=2.3ms | TOTAL=23.2ms for 1200ms audio (RTF=0.02x)
[TIMING] stream_chunk[experiment-d83e470f6cbe47d98662c9204d990586](live_neural): decode=0.2ms, inference=26.7ms, second_pass=0.0ms, contention=0.0ms, TOTAL=27.0ms | audio=600ms, RTF=0.05x | model=enhanced_mel, neural_total=25.5ms, model_inference=19.8ms
[TIMING] EnhancedMel.transcribe: audio_to_gpu=0.2ms, features=0.5ms, model=12.8ms, decode=3.3ms | TOTAL=16.8ms for 1800ms audio (RTF=0.01x)
[TIMING] stream_chunk[experiment-d83e470f6cbe47d98662c9204d990586](live_neural): decode=0.1ms, inference=19.3ms, second_pass=0.0ms, contention=0.0ms, TOTAL=19.6ms | audio=600ms, RTF=0.03x | model=enhanced_mel, neural_total=18.3ms, model_inference=12.8ms
[TIMING] EnhancedMel.transcribe: audio_to_gpu=0.4ms, features=0.6ms, model=18.3ms, decode=4.2ms | TOTAL=23.5ms for 2400ms audio (RTF=0.01x)
[TIMING] stream_chunk[experiment-d83e470f6cbe47d98662c9204d990586](live_neural): decode=0.1ms, inference=25.7ms, second_pass=0.0ms, contention=0.0ms, TOTAL=26.0ms | audio=600ms, RTF=0.04x | model=enhanced_mel, neural_total=25.3ms, model_inference=18.3ms
[TIMING] EnhancedMel.transcribe: audio_to_gpu=0.3ms, features=0.5ms, model=12.5ms, decode=5.2ms | TOTAL=18.5ms for 3000ms audio (RTF=0.01x)
[TIMING] stream_chunk[experiment-d83e470f6cbe47d98662c9204d990586](live_neural): decode=0.1ms, inference=21.6ms, second_pass=0.0ms, contention=0.0ms, TOTAL=21.9ms | audio=600ms, RTF=0.04x | model=enhanced_mel, neural_total=21.2ms, model_inference=12.5ms
[TIMING] EnhancedMel.transcribe: audio_to_gpu=0.3ms, features=0.7ms, model=12.7ms, decode=5.1ms | TOTAL=18.8ms for 3000ms audio (RTF=0.01x)
[TIMING] stream_chunk[experiment-d83e470f6cbe47d98662c9204d990586](live_neural): decode=0.1ms, inference=21.3ms, second_pass=0.0ms, contention=0.0ms, TOTAL=21.7ms | audio=600ms, RTF=0.04x | model=enhanced_mel, neural_total=20.7ms, model_inference=12.7ms
[TIMING] EnhancedMel.transcribe: audio_to_gpu=0.2ms, features=0.6ms, model=11.6ms, decode=5.2ms | TOTAL=17.6ms for 3000ms audio (RTF=0.01x)
[TIMING] stream_chunk[experiment-d83e470f6cbe47d98662c9204d990586](live_neural): decode=0.1ms, inference=19.8ms, second_pass=0.0ms, contention=0.0ms, TOTAL=20.1ms | audio=600ms, RTF=0.03x | model=enhanced_mel, neural_total=19.5ms, model_inference=11.6ms
[TIMING] EnhancedMel.transcribe: audio_to_gpu=0.3ms, features=0.6ms, model=20.8ms, decode=5.8ms | TOTAL=27.5ms for 3000ms audio (RTF=0.01x)
[TIMING] stream_chunk[experiment-d83e470f6cbe47d98662c9204d990586](live_neural): decode=0.1ms, inference=29.8ms, second_pass=0.0ms, contention=0.0ms, TOTAL=30.2ms | audio=600ms, RTF=0.05x | model=enhanced_mel, neural_total=29.5ms, model_inference=20.8ms
[TIMING] EnhancedMel.transcribe: audio_to_gpu=0.3ms, features=2.7ms, model=14.8ms, decode=5.4ms | TOTAL=23.1ms for 3000ms audio (RTF=0.01x)
[TIMING] stream_chunk[experiment-d83e470f6cbe47d98662c9204d990586](live_neural): decode=0.1ms, inference=26.0ms, second_pass=0.0ms, contention=0.0ms, TOTAL=26.3ms | audio=600ms, RTF=0.04x | model=enhanced_mel, neural_total=25.6ms, model_inference=14.8ms
[TIMING] EnhancedMel.transcribe: audio_to_gpu=0.3ms, features=0.5ms, model=12.3ms, decode=5.4ms | TOTAL=18.5ms for 3000ms audio (RTF=0.01x)
[TIMING] stream_chunk[experiment-d83e470f6cbe47d98662c9204d990586](live_neural): decode=0.1ms, inference=20.9ms, second_pass=0.0ms, contention=0.0ms, TOTAL=21.1ms | audio=600ms, RTF=0.04x | model=enhanced_mel, neural_total=20.4ms, model_inference=12.3ms
[TIMING] EnhancedMel.transcribe: audio_to_gpu=0.4ms, features=0.5ms, model=10.4ms, decode=1.2ms | TOTAL=12.6ms for 600ms audio (RTF=0.02x)
[TIMING] stream_chunk[experiment-a12bdbe3a9f54fec8fa7d31a7bcf72c8](live_neural): decode=0.1ms, inference=14.1ms, second_pass=0.0ms, contention=0.0ms, TOTAL=14.3ms | audio=600ms, RTF=0.02x | model=enhanced_mel, neural_total=13.7ms, model_inference=10.4ms
[TIMING] EnhancedMel.transcribe: audio_to_gpu=0.2ms, features=0.3ms, model=10.2ms, decode=2.4ms | TOTAL=13.1ms for 1200ms audio (RTF=0.01x)
[TIMING] stream_chunk[experiment-a12bdbe3a9f54fec8fa7d31a7bcf72c8](live_neural): decode=0.1ms, inference=14.8ms, second_pass=0.0ms, contention=0.0ms, TOTAL=15.0ms | audio=600ms, RTF=0.02x | model=enhanced_mel, neural_total=14.4ms, model_inference=10.2ms
[TIMING] EnhancedMel.transcribe: audio_to_gpu=0.1ms, features=0.4ms, model=11.3ms, decode=4.1ms | TOTAL=15.9ms for 1800ms audio (RTF=0.01x)
[TIMING] stream_chunk[experiment-a12bdbe3a9f54fec8fa7d31a7bcf72c8](live_neural): decode=0.1ms, inference=17.9ms, second_pass=0.0ms, contention=0.0ms, TOTAL=18.1ms | audio=600ms, RTF=0.03x | model=enhanced_mel, neural_total=17.5ms, model_inference=11.3ms
[TIMING] EnhancedMel.transcribe: audio_to_gpu=0.2ms, features=0.5ms, model=12.4ms, decode=4.4ms | TOTAL=17.5ms for 2400ms audio (RTF=0.01x)
[TIMING] stream_chunk[experiment-a12bdbe3a9f54fec8fa7d31a7bcf72c8](live_neural): decode=0.1ms, inference=19.7ms, second_pass=0.0ms, contention=0.0ms, TOTAL=20.0ms | audio=600ms, RTF=0.03x | model=enhanced_mel, neural_total=19.3ms, model_inference=12.4ms
[TIMING] EnhancedMel.transcribe: audio_to_gpu=0.3ms, features=0.7ms, model=13.4ms, decode=6.2ms | TOTAL=20.5ms for 3000ms audio (RTF=0.01x)
[TIMING] stream_chunk[experiment-a12bdbe3a9f54fec8fa7d31a7bcf72c8](live_neural): decode=0.1ms, inference=23.2ms, second_pass=0.0ms, contention=0.0ms, TOTAL=23.6ms | audio=600ms, RTF=0.04x | model=enhanced_mel, neural_total=22.8ms, model_inference=13.4ms
[TIMING] EnhancedMel.transcribe: audio_to_gpu=0.4ms, features=0.9ms, model=16.7ms, decode=5.1ms | TOTAL=23.1ms for 3000ms audio (RTF=0.01x)
[TIMING] stream_chunk[experiment-a12bdbe3a9f54fec8fa7d31a7bcf72c8](live_neural): decode=0.1ms, inference=25.6ms, second_pass=0.0ms, contention=0.0ms, TOTAL=25.9ms | audio=600ms, RTF=0.04x | model=enhanced_mel, neural_total=25.1ms, model_inference=16.7ms
[TIMING] EnhancedMel.transcribe: audio_to_gpu=0.5ms, features=0.6ms, model=18.3ms, decode=5.3ms | TOTAL=24.7ms for 3000ms audio (RTF=0.01x)
[TIMING] stream_chunk[experiment-a12bdbe3a9f54fec8fa7d31a7bcf72c8](live_neural): decode=0.1ms, inference=27.0ms, second_pass=0.0ms, contention=0.0ms, TOTAL=27.3ms | audio=600ms, RTF=0.05x | model=enhanced_mel, neural_total=26.6ms, model_inference=18.3ms
[TIMING] EnhancedMel.transcribe: audio_to_gpu=0.4ms, features=0.6ms, model=14.9ms, decode=5.1ms | TOTAL=21.1ms for 3000ms audio (RTF=0.01x)
[TIMING] stream_chunk[experiment-a12bdbe3a9f54fec8fa7d31a7bcf72c8](live_neural): decode=0.1ms, inference=23.5ms, second_pass=0.0ms, contention=0.0ms, TOTAL=23.7ms | audio=600ms, RTF=0.04x | model=enhanced_mel, neural_total=23.1ms, model_inference=14.9ms
[TIMING] EnhancedMel.transcribe: audio_to_gpu=0.3ms, features=0.6ms, model=17.2ms, decode=5.3ms | TOTAL=23.6ms for 3000ms audio (RTF=0.01x)
[TIMING] stream_chunk[experiment-a12bdbe3a9f54fec8fa7d31a7bcf72c8](live_neural): decode=0.1ms, inference=25.9ms, second_pass=0.0ms, contention=0.0ms, TOTAL=26.2ms | audio=600ms, RTF=0.04x | model=enhanced_mel, neural_total=25.5ms, model_inference=17.2ms
[TIMING] EnhancedMel.transcribe: audio_to_gpu=0.3ms, features=0.6ms, model=15.2ms, decode=5.3ms | TOTAL=21.4ms for 3000ms audio (RTF=0.01x)
[TIMING] stream_chunk[experiment-a12bdbe3a9f54fec8fa7d31a7bcf72c8](live_neural): decode=0.1ms, inference=24.0ms, second_pass=0.0ms, contention=0.0ms, TOTAL=24.3ms | audio=600ms, RTF=0.04x | model=enhanced_mel, neural_total=23.4ms, model_inference=15.2ms

[CLIP_043] Sonata in D Minor, K. 9 L. 413
  excerpt: start=12.00s end=18.00s duration=6.00s gt_notes=72 rms=0.0332 peak=0.1817 crest=5.471 rms_std=0.0120
    control:
      note metrics: precision=0.947 recall=0.986 f1=0.966 matched=71/72 pred=75
      strict onset f1: 10ms=0.844 20ms=0.966 30ms=0.966
      timing metrics: offset_f1=0.966 rhythm_precision=0.986 note_value_acc=0.493 note_value_n=71 avg_beat_error=0.054
      duplicate metrics: duplicates=3 per_100_notes=4.00
      boundary metrics: gt=20 matched=20 missed=0 miss_rate=0.000
      latency: avg_chunk_ms=24.04 p95_chunk_ms=28.74 avg_rtf=0.040
      notation metrics: first_correct_ms=19.3 visible_p50_ms=268.8 visible_p95_ms=568.4 stabilize_p50_ms=751.1 stabilize_p95_ms=3143.1 avg_revisions=0.86 matched=14 refined=14 snapshots=17
      algorithmic latency: first_correct_ms=0.0 visible_p50_ms=242.4 visible_p95_ms=543.9 stabilize_p50_ms=513.3 stabilize_p95_ms=2702.0
      final display note metrics: precision=0.986 recall=0.986 f1=0.986 matched=71/72 pred=72
      final display strict onset f1: 10ms=0.847 20ms=0.986 30ms=0.986
      final display timing: offset_f1=0.972 rhythm_precision=0.986 note_value_acc=0.380 note_value_n=71 avg_beat_error=0.183
      final display structure: cluster_f1=0.959 onset_align_recall=1.000 avg_jaccard=0.986 exact=35/36 pred=37 over=0 under=1 pitch_conflicts=0 missed_gt=0
      threshold profiles: hit_rate=0.000 thresholds=[0.75] profiles={'fixed_baseline': 10}
    treatment:
      note metrics: precision=0.934 recall=0.986 f1=0.959 matched=71/72 pred=76
      strict onset f1: 10ms=0.838 20ms=0.959 30ms=0.959
      timing metrics: offset_f1=0.959 rhythm_precision=0.986 note_value_acc=0.493 note_value_n=71 avg_beat_error=0.054
      duplicate metrics: duplicates=3 per_100_notes=3.95
      boundary metrics: gt=20 matched=20 missed=0 miss_rate=0.000
      latency: avg_chunk_ms=21.84 p95_chunk_ms=26.83 avg_rtf=0.036
      notation metrics: first_correct_ms=21.0 visible_p50_ms=268.7 visible_p95_ms=569.4 stabilize_p50_ms=1886.7 stabilize_p95_ms=3180.6 avg_revisions=1.71 matched=14 refined=14 snapshots=17
      algorithmic latency: first_correct_ms=0.0 visible_p50_ms=242.4 visible_p95_ms=543.9 stabilize_p50_ms=842.4 stabilize_p95_ms=2737.4
      final display note metrics: precision=0.973 recall=0.986 f1=0.979 matched=71/72 pred=73
      final display strict onset f1: 10ms=0.841 20ms=0.979 30ms=0.979
      final display timing: offset_f1=0.966 rhythm_precision=0.986 note_value_acc=0.451 note_value_n=71 avg_beat_error=0.098
      final display structure: cluster_f1=0.946 onset_align_recall=1.000 avg_jaccard=0.986 exact=35/36 pred=38 over=0 under=1 pitch_conflicts=0 missed_gt=0
      threshold profiles: hit_rate=0.300 thresholds=[0.71, 0.75] profiles={'baseline_nominal': 7, 'soft_sparse_recall': 3}
    delta treatment-control: precision=-0.012 recall=+0.000 f1=-0.007 offset_f1=-0.007 note_value_acc=+0.000 dup_per_100=-0.05 boundary_miss_rate=+0.000 p95_chunk_ms=-1.92 f1_10ms=-0.006 f1_20ms=-0.007 f1_30ms=-0.007 visible_p50_ms=-0.1 stabilize_p50_ms=+1135.6 algo_visible_p50_ms=+0.0 algo_stabilize_p50_ms=+329.2 avg_revisions=+0.86 display_note_f1=-0.007 display_offset_f1=-0.007 display_cluster_f1=-0.013 display_cluster_jaccard=+0.000
    failure buckets: ['high_revision_slow_stabilization', 'note_value_offset_failure']
[TIMING] EnhancedMel.transcribe: audio_to_gpu=0.4ms, features=0.5ms, model=10.3ms, decode=1.3ms | TOTAL=12.5ms for 600ms audio (RTF=0.02x)
[TIMING] stream_chunk[experiment-6e41e1e19486482a9e621745f5216efa](live_neural): decode=0.1ms, inference=14.0ms, second_pass=0.0ms, contention=0.0ms, TOTAL=14.2ms | audio=600ms, RTF=0.02x | model=enhanced_mel, neural_total=13.6ms, model_inference=10.3ms
[TIMING] EnhancedMel.transcribe: audio_to_gpu=0.1ms, features=0.3ms, model=10.4ms, decode=2.3ms | TOTAL=13.1ms for 1200ms audio (RTF=0.01x)
[TIMING] stream_chunk[experiment-6e41e1e19486482a9e621745f5216efa](live_neural): decode=0.1ms, inference=14.7ms, second_pass=0.0ms, contention=0.0ms, TOTAL=14.9ms | audio=600ms, RTF=0.02x | model=enhanced_mel, neural_total=14.3ms, model_inference=10.4ms
[TIMING] EnhancedMel.transcribe: audio_to_gpu=0.1ms, features=0.3ms, model=11.2ms, decode=3.1ms | TOTAL=14.8ms for 1800ms audio (RTF=0.01x)
[TIMING] stream_chunk[experiment-6e41e1e19486482a9e621745f5216efa](live_neural): decode=0.2ms, inference=17.8ms, second_pass=0.0ms, contention=0.0ms, TOTAL=18.2ms | audio=600ms, RTF=0.03x | model=enhanced_mel, neural_total=17.4ms, model_inference=11.2ms
[TIMING] EnhancedMel.transcribe: audio_to_gpu=0.2ms, features=0.4ms, model=11.4ms, decode=4.1ms | TOTAL=16.2ms for 2400ms audio (RTF=0.01x)
[TIMING] stream_chunk[experiment-6e41e1e19486482a9e621745f5216efa](live_neural): decode=0.1ms, inference=18.4ms, second_pass=0.0ms, contention=0.0ms, TOTAL=18.5ms | audio=600ms, RTF=0.03x | model=enhanced_mel, neural_total=18.0ms, model_inference=11.4ms
[TIMING] EnhancedMel.transcribe: audio_to_gpu=0.2ms, features=0.4ms, model=12.3ms, decode=5.9ms | TOTAL=18.9ms for 3000ms audio (RTF=0.01x)
[TIMING] stream_chunk[experiment-6e41e1e19486482a9e621745f5216efa](live_neural): decode=0.1ms, inference=21.2ms, second_pass=0.0ms, contention=0.0ms, TOTAL=21.5ms | audio=600ms, RTF=0.04x | model=enhanced_mel, neural_total=20.8ms, model_inference=12.3ms
[TIMING] EnhancedMel.transcribe: audio_to_gpu=0.2ms, features=0.4ms, model=12.1ms, decode=5.3ms | TOTAL=17.9ms for 3000ms audio (RTF=0.01x)
[TIMING] stream_chunk[experiment-6e41e1e19486482a9e621745f5216efa](live_neural): decode=0.1ms, inference=20.1ms, second_pass=0.0ms, contention=0.0ms, TOTAL=20.3ms | audio=600ms, RTF=0.03x | model=enhanced_mel, neural_total=19.7ms, model_inference=12.1ms
[TIMING] EnhancedMel.transcribe: audio_to_gpu=0.5ms, features=0.6ms, model=17.6ms, decode=5.6ms | TOTAL=24.3ms for 3000ms audio (RTF=0.01x)
[TIMING] stream_chunk[experiment-6e41e1e19486482a9e621745f5216efa](live_neural): decode=0.1ms, inference=26.4ms, second_pass=0.0ms, contention=0.0ms, TOTAL=26.6ms | audio=600ms, RTF=0.04x | model=enhanced_mel, neural_total=26.0ms, model_inference=17.6ms
[TIMING] EnhancedMel.transcribe: audio_to_gpu=0.3ms, features=0.6ms, model=14.1ms, decode=5.2ms | TOTAL=20.2ms for 3000ms audio (RTF=0.01x)
[TIMING] stream_chunk[experiment-6e41e1e19486482a9e621745f5216efa](live_neural): decode=0.1ms, inference=22.4ms, second_pass=0.0ms, contention=0.0ms, TOTAL=22.6ms | audio=600ms, RTF=0.04x | model=enhanced_mel, neural_total=22.0ms, model_inference=14.1ms
[TIMING] EnhancedMel.transcribe: audio_to_gpu=0.2ms, features=0.5ms, model=13.7ms, decode=5.4ms | TOTAL=19.9ms for 3000ms audio (RTF=0.01x)
[TIMING] stream_chunk[experiment-6e41e1e19486482a9e621745f5216efa](live_neural): decode=0.1ms, inference=22.3ms, second_pass=0.0ms, contention=0.0ms, TOTAL=22.6ms | audio=600ms, RTF=0.04x | model=enhanced_mel, neural_total=21.9ms, model_inference=13.7ms
[TIMING] EnhancedMel.transcribe: audio_to_gpu=0.5ms, features=0.5ms, model=12.4ms, decode=5.2ms | TOTAL=18.6ms for 3000ms audio (RTF=0.01x)
[TIMING] stream_chunk[experiment-6e41e1e19486482a9e621745f5216efa](live_neural): decode=0.1ms, inference=20.9ms, second_pass=0.0ms, contention=0.0ms, TOTAL=21.2ms | audio=600ms, RTF=0.04x | model=enhanced_mel, neural_total=20.6ms, model_inference=12.4ms
[TIMING] EnhancedMel.transcribe: audio_to_gpu=0.4ms, features=0.5ms, model=10.2ms, decode=1.3ms | TOTAL=12.4ms for 600ms audio (RTF=0.02x)
[TIMING] stream_chunk[experiment-6935c4449b654a92a3c874a8ae21b574](live_neural): decode=0.1ms, inference=14.1ms, second_pass=0.0ms, contention=0.0ms, TOTAL=14.3ms | audio=600ms, RTF=0.02x | model=enhanced_mel, neural_total=13.7ms, model_inference=10.2ms
[TIMING] EnhancedMel.transcribe: audio_to_gpu=0.2ms, features=0.8ms, model=10.3ms, decode=2.3ms | TOTAL=13.6ms for 1200ms audio (RTF=0.01x)
[TIMING] stream_chunk[experiment-6935c4449b654a92a3c874a8ae21b574](live_neural): decode=0.2ms, inference=15.3ms, second_pass=0.0ms, contention=0.0ms, TOTAL=15.5ms | audio=600ms, RTF=0.03x | model=enhanced_mel, neural_total=14.8ms, model_inference=10.3ms
[TIMING] EnhancedMel.transcribe: audio_to_gpu=0.3ms, features=0.5ms, model=11.3ms, decode=3.5ms | TOTAL=15.6ms for 1800ms audio (RTF=0.01x)
[TIMING] stream_chunk[experiment-6935c4449b654a92a3c874a8ae21b574](live_neural): decode=0.1ms, inference=18.7ms, second_pass=0.0ms, contention=0.0ms, TOTAL=19.0ms | audio=600ms, RTF=0.03x | model=enhanced_mel, neural_total=18.3ms, model_inference=11.3ms
[TIMING] EnhancedMel.transcribe: audio_to_gpu=0.2ms, features=0.7ms, model=11.9ms, decode=4.1ms | TOTAL=17.0ms for 2400ms audio (RTF=0.01x)
[TIMING] stream_chunk[experiment-6935c4449b654a92a3c874a8ae21b574](live_neural): decode=0.1ms, inference=19.0ms, second_pass=0.0ms, contention=0.0ms, TOTAL=19.2ms | audio=600ms, RTF=0.03x | model=enhanced_mel, neural_total=18.7ms, model_inference=11.9ms
[TIMING] EnhancedMel.transcribe: audio_to_gpu=0.2ms, features=0.8ms, model=14.2ms, decode=5.1ms | TOTAL=20.3ms for 3000ms audio (RTF=0.01x)
[TIMING] stream_chunk[experiment-6935c4449b654a92a3c874a8ae21b574](live_neural): decode=0.1ms, inference=23.4ms, second_pass=0.0ms, contention=0.0ms, TOTAL=23.6ms | audio=600ms, RTF=0.04x | model=enhanced_mel, neural_total=23.0ms, model_inference=14.2ms
[TIMING] EnhancedMel.transcribe: audio_to_gpu=0.4ms, features=1.0ms, model=18.3ms, decode=5.4ms | TOTAL=25.1ms for 3000ms audio (RTF=0.01x)
[TIMING] stream_chunk[experiment-6935c4449b654a92a3c874a8ae21b574](live_neural): decode=0.1ms, inference=27.8ms, second_pass=0.0ms, contention=0.0ms, TOTAL=28.1ms | audio=600ms, RTF=0.05x | model=enhanced_mel, neural_total=27.4ms, model_inference=18.3ms
[TIMING] EnhancedMel.transcribe: audio_to_gpu=0.4ms, features=0.6ms, model=17.5ms, decode=5.0ms | TOTAL=23.5ms for 3000ms audio (RTF=0.01x)
[TIMING] stream_chunk[experiment-6935c4449b654a92a3c874a8ae21b574](live_neural): decode=0.1ms, inference=25.9ms, second_pass=0.0ms, contention=0.0ms, TOTAL=26.2ms | audio=600ms, RTF=0.04x | model=enhanced_mel, neural_total=25.6ms, model_inference=17.5ms
[TIMING] EnhancedMel.transcribe: audio_to_gpu=0.3ms, features=0.6ms, model=18.9ms, decode=5.2ms | TOTAL=25.0ms for 3000ms audio (RTF=0.01x)
[TIMING] stream_chunk[experiment-6935c4449b654a92a3c874a8ae21b574](live_neural): decode=0.1ms, inference=27.3ms, second_pass=0.0ms, contention=0.0ms, TOTAL=27.6ms | audio=600ms, RTF=0.05x | model=enhanced_mel, neural_total=26.9ms, model_inference=18.9ms
[TIMING] EnhancedMel.transcribe: audio_to_gpu=0.4ms, features=1.6ms, model=15.1ms, decode=5.5ms | TOTAL=22.6ms for 3000ms audio (RTF=0.01x)
[TIMING] stream_chunk[experiment-6935c4449b654a92a3c874a8ae21b574](live_neural): decode=0.1ms, inference=25.1ms, second_pass=0.0ms, contention=0.0ms, TOTAL=25.3ms | audio=600ms, RTF=0.04x | model=enhanced_mel, neural_total=24.6ms, model_inference=15.1ms
[TIMING] EnhancedMel.transcribe: audio_to_gpu=0.3ms, features=1.6ms, model=12.8ms, decode=5.4ms | TOTAL=20.2ms for 3000ms audio (RTF=0.01x)
[TIMING] stream_chunk[experiment-6935c4449b654a92a3c874a8ae21b574](live_neural): decode=0.1ms, inference=22.4ms, second_pass=0.0ms, contention=0.0ms, TOTAL=22.6ms | audio=600ms, RTF=0.04x | model=enhanced_mel, neural_total=22.1ms, model_inference=12.8ms

[CLIP_044] Pagodas from Estampes No. 1
  excerpt: start=18.00s end=24.00s duration=6.00s gt_notes=54 rms=0.0153 peak=0.0634 crest=4.148 rms_std=0.0028
    control:
      note metrics: precision=0.851 recall=0.741 f1=0.792 matched=40/54 pred=47
      strict onset f1: 10ms=0.495 20ms=0.733 30ms=0.792
      timing metrics: offset_f1=0.436 rhythm_precision=0.500 note_value_acc=0.025 note_value_n=40 avg_beat_error=0.677
      duplicate metrics: duplicates=2 per_100_notes=4.26
      boundary metrics: gt=19 matched=12 missed=7 miss_rate=0.368
      latency: avg_chunk_ms=20.06 p95_chunk_ms=24.81 avg_rtf=0.033
      notation metrics: first_correct_ms=43.5 visible_p50_ms=241.6 visible_p95_ms=513.7 stabilize_p50_ms=2139.9 stabilize_p95_ms=3270.4 avg_revisions=2.47 matched=15 refined=15 snapshots=18
      algorithmic latency: first_correct_ms=25.0 visible_p50_ms=220.1 visible_p95_ms=491.5 stabilize_p50_ms=1846.4 stabilize_p95_ms=2837.1
      final display note metrics: precision=0.889 recall=0.741 f1=0.808 matched=40/54 pred=45
      final display strict onset f1: 10ms=0.505 20ms=0.747 30ms=0.808
      final display timing: offset_f1=0.404 rhythm_precision=0.500 note_value_acc=0.300 note_value_n=40 avg_beat_error=0.284
      final display structure: cluster_f1=0.450 onset_align_recall=0.947 avg_jaccard=0.764 exact=9/19 pred=21 over=1 under=7 pitch_conflicts=1 missed_gt=1
      threshold profiles: hit_rate=0.000 thresholds=[0.75] profiles={'fixed_baseline': 10}
    treatment:
      note metrics: precision=0.824 recall=0.778 f1=0.800 matched=42/54 pred=51
      strict onset f1: 10ms=0.476 20ms=0.724 30ms=0.781
      timing metrics: offset_f1=0.419 rhythm_precision=0.476 note_value_acc=0.024 note_value_n=42 avg_beat_error=0.699
      duplicate metrics: duplicates=3 per_100_notes=5.88
      boundary metrics: gt=19 matched=12 missed=7 miss_rate=0.368
      latency: avg_chunk_ms=22.14 p95_chunk_ms=27.84 avg_rtf=0.037
      notation metrics: first_correct_ms=44.2 visible_p50_ms=219.6 visible_p95_ms=517.6 stabilize_p50_ms=2157.4 stabilize_p95_ms=3129.6 avg_revisions=2.47 matched=15 refined=15 snapshots=16
      algorithmic latency: first_correct_ms=25.0 visible_p50_ms=194.3 visible_p95_ms=491.5 stabilize_p50_ms=1861.5 stabilize_p95_ms=2725.8
      final display note metrics: precision=0.875 recall=0.778 f1=0.824 matched=42/54 pred=48
      final display strict onset f1: 10ms=0.490 20ms=0.745 30ms=0.804
      final display timing: offset_f1=0.392 rhythm_precision=0.476 note_value_acc=0.143 note_value_n=42 avg_beat_error=0.430
      final display structure: cluster_f1=0.450 onset_align_recall=0.947 avg_jaccard=0.766 exact=9/19 pred=21 over=2 under=6 pitch_conflicts=1 missed_gt=1
      threshold profiles: hit_rate=1.000 thresholds=[0.71] profiles={'soft_sparse_recall': 10}
    delta treatment-control: precision=-0.028 recall=+0.037 f1=+0.008 offset_f1=-0.017 note_value_acc=-0.001 dup_per_100=+1.63 boundary_miss_rate=+0.000 p95_chunk_ms=+3.03 f1_10ms=-0.019 f1_20ms=-0.009 f1_30ms=-0.011 visible_p50_ms=-22.0 stabilize_p50_ms=+17.5 algo_visible_p50_ms=-25.8 algo_stabilize_p50_ms=+15.1 avg_revisions=+0.00 display_note_f1=+0.015 display_offset_f1=-0.012 display_cluster_f1=+0.000 display_cluster_jaccard=+0.002
    failure buckets: ['boundary_miss_failure', 'high_revision_slow_stabilization', 'note_value_offset_failure']
      boundary diagnostics: missed=7 by_arm={'control': 7, 'treatment': 7} tags={'control_boundary_miss': 7, 'no_control_coarse_candidate': 7}
        miss: pitch=59 onset=2.352s boundary_delta_ms=-48.4 control_coarse=False treatment_coarse=False retro=n/a
        miss: pitch=68 onset=2.368s boundary_delta_ms=-31.5 control_coarse=False treatment_coarse=False retro=n/a
        miss: pitch=63 onset=2.372s boundary_delta_ms=-27.6 control_coarse=False treatment_coarse=False retro=n/a
        ... 4 more missed boundary notes in diagnostics JSON
[TIMING] EnhancedMel.transcribe: audio_to_gpu=0.5ms, features=0.9ms, model=13.4ms, decode=1.3ms | TOTAL=16.1ms for 600ms audio (RTF=0.03x)
[TIMING] stream_chunk[experiment-129060ca431744aca4296a4d8a389f4f](live_neural): decode=0.1ms, inference=17.8ms, second_pass=0.0ms, contention=0.0ms, TOTAL=18.0ms | audio=600ms, RTF=0.03x | model=enhanced_mel, neural_total=17.3ms, model_inference=13.4ms
[TIMING] EnhancedMel.transcribe: audio_to_gpu=0.1ms, features=0.4ms, model=10.2ms, decode=2.2ms | TOTAL=12.8ms for 1200ms audio (RTF=0.01x)
[TIMING] stream_chunk[experiment-129060ca431744aca4296a4d8a389f4f](live_neural): decode=0.1ms, inference=14.7ms, second_pass=0.0ms, contention=0.0ms, TOTAL=14.9ms | audio=600ms, RTF=0.02x | model=enhanced_mel, neural_total=14.2ms, model_inference=10.2ms
[TIMING] EnhancedMel.transcribe: audio_to_gpu=0.2ms, features=0.6ms, model=12.9ms, decode=3.1ms | TOTAL=16.8ms for 1800ms audio (RTF=0.01x)
[TIMING] stream_chunk[experiment-129060ca431744aca4296a4d8a389f4f](live_neural): decode=0.1ms, inference=18.6ms, second_pass=0.0ms, contention=0.0ms, TOTAL=18.8ms | audio=600ms, RTF=0.03x | model=enhanced_mel, neural_total=18.3ms, model_inference=12.9ms
[TIMING] EnhancedMel.transcribe: audio_to_gpu=0.2ms, features=0.5ms, model=11.4ms, decode=4.1ms | TOTAL=16.2ms for 2400ms audio (RTF=0.01x)
[TIMING] stream_chunk[experiment-129060ca431744aca4296a4d8a389f4f](live_neural): decode=0.1ms, inference=18.2ms, second_pass=0.0ms, contention=0.0ms, TOTAL=18.5ms | audio=600ms, RTF=0.03x | model=enhanced_mel, neural_total=17.9ms, model_inference=11.4ms
[TIMING] EnhancedMel.transcribe: audio_to_gpu=0.3ms, features=0.7ms, model=15.2ms, decode=5.3ms | TOTAL=21.5ms for 3000ms audio (RTF=0.01x)
[TIMING] stream_chunk[experiment-129060ca431744aca4296a4d8a389f4f](live_neural): decode=0.1ms, inference=23.8ms, second_pass=0.0ms, contention=0.0ms, TOTAL=24.1ms | audio=600ms, RTF=0.04x | model=enhanced_mel, neural_total=23.4ms, model_inference=15.2ms
[TIMING] EnhancedMel.transcribe: audio_to_gpu=0.4ms, features=0.6ms, model=20.2ms, decode=5.7ms | TOTAL=26.9ms for 3000ms audio (RTF=0.01x)
[TIMING] stream_chunk[experiment-129060ca431744aca4296a4d8a389f4f](live_neural): decode=0.1ms, inference=29.1ms, second_pass=0.0ms, contention=0.0ms, TOTAL=29.4ms | audio=600ms, RTF=0.05x | model=enhanced_mel, neural_total=28.8ms, model_inference=20.2ms
[TIMING] EnhancedMel.transcribe: audio_to_gpu=0.3ms, features=0.6ms, model=14.7ms, decode=5.3ms | TOTAL=21.0ms for 3000ms audio (RTF=0.01x)
[TIMING] stream_chunk[experiment-129060ca431744aca4296a4d8a389f4f](live_neural): decode=0.1ms, inference=23.2ms, second_pass=0.0ms, contention=0.0ms, TOTAL=23.4ms | audio=600ms, RTF=0.04x | model=enhanced_mel, neural_total=22.8ms, model_inference=14.7ms
[TIMING] EnhancedMel.transcribe: audio_to_gpu=0.3ms, features=0.5ms, model=11.9ms, decode=5.4ms | TOTAL=18.1ms for 3000ms audio (RTF=0.01x)
[TIMING] stream_chunk[experiment-129060ca431744aca4296a4d8a389f4f](live_neural): decode=0.1ms, inference=20.3ms, second_pass=0.0ms, contention=0.0ms, TOTAL=20.6ms | audio=600ms, RTF=0.03x | model=enhanced_mel, neural_total=20.0ms, model_inference=11.9ms
[TIMING] EnhancedMel.transcribe: audio_to_gpu=0.3ms, features=0.6ms, model=13.0ms, decode=6.1ms | TOTAL=20.0ms for 3000ms audio (RTF=0.01x)
[TIMING] stream_chunk[experiment-129060ca431744aca4296a4d8a389f4f](live_neural): decode=0.1ms, inference=22.5ms, second_pass=0.0ms, contention=0.0ms, TOTAL=22.8ms | audio=600ms, RTF=0.04x | model=enhanced_mel, neural_total=22.0ms, model_inference=13.0ms
[TIMING] EnhancedMel.transcribe: audio_to_gpu=0.3ms, features=0.5ms, model=13.2ms, decode=6.2ms | TOTAL=20.3ms for 3000ms audio (RTF=0.01x)
[TIMING] stream_chunk[experiment-129060ca431744aca4296a4d8a389f4f](live_neural): decode=0.1ms, inference=23.3ms, second_pass=0.0ms, contention=0.0ms, TOTAL=23.6ms | audio=600ms, RTF=0.04x | model=enhanced_mel, neural_total=22.8ms, model_inference=13.2ms
[TIMING] EnhancedMel.transcribe: audio_to_gpu=1.6ms, features=0.9ms, model=10.0ms, decode=1.2ms | TOTAL=13.7ms for 600ms audio (RTF=0.02x)
[TIMING] stream_chunk[experiment-dc51251029744208abf7c7ab613f0f2b](live_neural): decode=0.1ms, inference=16.0ms, second_pass=0.0ms, contention=0.0ms, TOTAL=16.2ms | audio=600ms, RTF=0.03x | model=enhanced_mel, neural_total=15.6ms, model_inference=10.0ms
[TIMING] EnhancedMel.transcribe: audio_to_gpu=0.1ms, features=4.8ms, model=10.3ms, decode=2.1ms | TOTAL=17.3ms for 1200ms audio (RTF=0.01x)
[TIMING] stream_chunk[experiment-dc51251029744208abf7c7ab613f0f2b](live_neural): decode=0.2ms, inference=19.0ms, second_pass=0.0ms, contention=0.0ms, TOTAL=19.2ms | audio=600ms, RTF=0.03x | model=enhanced_mel, neural_total=18.6ms, model_inference=10.3ms
[TIMING] EnhancedMel.transcribe: audio_to_gpu=0.2ms, features=1.4ms, model=11.1ms, decode=3.1ms | TOTAL=15.7ms for 1800ms audio (RTF=0.01x)
[TIMING] stream_chunk[experiment-dc51251029744208abf7c7ab613f0f2b](live_neural): decode=0.1ms, inference=18.4ms, second_pass=0.0ms, contention=0.0ms, TOTAL=18.6ms | audio=600ms, RTF=0.03x | model=enhanced_mel, neural_total=18.1ms, model_inference=11.1ms
[TIMING] EnhancedMel.transcribe: audio_to_gpu=0.2ms, features=4.1ms, model=13.2ms, decode=4.3ms | TOTAL=21.7ms for 2400ms audio (RTF=0.01x)
[TIMING] stream_chunk[experiment-dc51251029744208abf7c7ab613f0f2b](live_neural): decode=0.1ms, inference=23.7ms, second_pass=0.0ms, contention=0.0ms, TOTAL=23.9ms | audio=600ms, RTF=0.04x | model=enhanced_mel, neural_total=23.4ms, model_inference=13.2ms
[TIMING] EnhancedMel.transcribe: audio_to_gpu=0.3ms, features=0.6ms, model=15.6ms, decode=5.7ms | TOTAL=22.3ms for 3000ms audio (RTF=0.01x)
[TIMING] stream_chunk[experiment-dc51251029744208abf7c7ab613f0f2b](live_neural): decode=0.1ms, inference=24.6ms, second_pass=0.0ms, contention=0.0ms, TOTAL=24.9ms | audio=600ms, RTF=0.04x | model=enhanced_mel, neural_total=24.3ms, model_inference=15.6ms
[TIMING] EnhancedMel.transcribe: audio_to_gpu=0.3ms, features=0.8ms, model=16.9ms, decode=5.2ms | TOTAL=23.1ms for 3000ms audio (RTF=0.01x)
[TIMING] stream_chunk[experiment-dc51251029744208abf7c7ab613f0f2b](live_neural): decode=0.1ms, inference=25.5ms, second_pass=0.0ms, contention=0.0ms, TOTAL=25.8ms | audio=600ms, RTF=0.04x | model=enhanced_mel, neural_total=25.2ms, model_inference=16.9ms
[TIMING] EnhancedMel.transcribe: audio_to_gpu=0.3ms, features=0.5ms, model=12.6ms, decode=5.8ms | TOTAL=19.2ms for 3000ms audio (RTF=0.01x)
[TIMING] stream_chunk[experiment-dc51251029744208abf7c7ab613f0f2b](live_neural): decode=0.1ms, inference=21.7ms, second_pass=0.0ms, contention=0.0ms, TOTAL=22.0ms | audio=600ms, RTF=0.04x | model=enhanced_mel, neural_total=21.2ms, model_inference=12.6ms
[TIMING] EnhancedMel.transcribe: audio_to_gpu=0.6ms, features=2.7ms, model=15.4ms, decode=5.3ms | TOTAL=24.0ms for 3000ms audio (RTF=0.01x)
[TIMING] stream_chunk[experiment-dc51251029744208abf7c7ab613f0f2b](live_neural): decode=0.1ms, inference=26.3ms, second_pass=0.0ms, contention=0.0ms, TOTAL=26.6ms | audio=600ms, RTF=0.04x | model=enhanced_mel, neural_total=25.9ms, model_inference=15.4ms
[TIMING] EnhancedMel.transcribe: audio_to_gpu=0.4ms, features=0.6ms, model=13.9ms, decode=5.6ms | TOTAL=20.6ms for 3000ms audio (RTF=0.01x)
[TIMING] stream_chunk[experiment-dc51251029744208abf7c7ab613f0f2b](live_neural): decode=0.1ms, inference=23.1ms, second_pass=0.0ms, contention=0.0ms, TOTAL=23.4ms | audio=600ms, RTF=0.04x | model=enhanced_mel, neural_total=22.7ms, model_inference=13.9ms
[TIMING] EnhancedMel.transcribe: audio_to_gpu=0.3ms, features=0.5ms, model=12.6ms, decode=5.3ms | TOTAL=18.7ms for 3000ms audio (RTF=0.01x)
[TIMING] stream_chunk[experiment-dc51251029744208abf7c7ab613f0f2b](live_neural): decode=0.2ms, inference=21.2ms, second_pass=0.0ms, contention=0.0ms, TOTAL=21.6ms | audio=600ms, RTF=0.04x | model=enhanced_mel, neural_total=20.8ms, model_inference=12.6ms

[CLIP_045] Sonata in C Major, K. 132
  excerpt: start=84.00s end=90.00s duration=6.00s gt_notes=69 rms=0.0391 peak=0.2202 crest=5.629 rms_std=0.0212
    control:
      note metrics: precision=0.937 recall=0.855 f1=0.894 matched=59/69 pred=63
      strict onset f1: 10ms=0.591 20ms=0.848 30ms=0.879
      timing metrics: offset_f1=0.773 rhythm_precision=0.864 note_value_acc=0.593 note_value_n=59 avg_beat_error=0.173
      duplicate metrics: duplicates=0 per_100_notes=0.00
      boundary metrics: gt=18 matched=15 missed=3 miss_rate=0.167
      latency: avg_chunk_ms=21.41 p95_chunk_ms=27.00 avg_rtf=0.036
      notation metrics: first_correct_ms=30.7 visible_p50_ms=380.5 visible_p95_ms=620.4 stabilize_p50_ms=1598.7 stabilize_p95_ms=2490.6 avg_revisions=1.90 matched=51 refined=51 snapshots=19
      algorithmic latency: first_correct_ms=7.3 visible_p50_ms=356.8 visible_p95_ms=594.0 stabilize_p50_ms=1138.3 stabilize_p95_ms=2015.1
      final display note metrics: precision=0.935 recall=0.841 f1=0.885 matched=58/69 pred=62
      final display strict onset f1: 10ms=0.580 20ms=0.840 30ms=0.870
      final display timing: offset_f1=0.763 rhythm_precision=0.862 note_value_acc=0.328 note_value_n=58 avg_beat_error=0.225
      final display structure: cluster_f1=0.566 onset_align_recall=0.843 avg_jaccard=0.802 exact=28/51 pred=48 over=5 under=8 pitch_conflicts=2 missed_gt=8
      threshold profiles: hit_rate=0.000 thresholds=[0.75] profiles={'fixed_baseline': 10}
    treatment:
      note metrics: precision=0.937 recall=0.855 f1=0.894 matched=59/69 pred=63
      strict onset f1: 10ms=0.591 20ms=0.848 30ms=0.879
      timing metrics: offset_f1=0.773 rhythm_precision=0.864 note_value_acc=0.593 note_value_n=59 avg_beat_error=0.173
      duplicate metrics: duplicates=0 per_100_notes=0.00
      boundary metrics: gt=18 matched=15 missed=3 miss_rate=0.167
      latency: avg_chunk_ms=22.23 p95_chunk_ms=26.23 avg_rtf=0.037
      notation metrics: first_correct_ms=29.3 visible_p50_ms=381.7 visible_p95_ms=617.9 stabilize_p50_ms=1598.6 stabilize_p95_ms=2496.8 avg_revisions=1.90 matched=51 refined=51 snapshots=19
      algorithmic latency: first_correct_ms=7.3 visible_p50_ms=356.8 visible_p95_ms=594.0 stabilize_p50_ms=1138.3 stabilize_p95_ms=2015.1
      final display note metrics: precision=0.935 recall=0.841 f1=0.885 matched=58/69 pred=62
      final display strict onset f1: 10ms=0.580 20ms=0.840 30ms=0.870
      final display timing: offset_f1=0.763 rhythm_precision=0.862 note_value_acc=0.328 note_value_n=58 avg_beat_error=0.225
      final display structure: cluster_f1=0.566 onset_align_recall=0.843 avg_jaccard=0.802 exact=28/51 pred=48 over=5 under=8 pitch_conflicts=2 missed_gt=8
      threshold profiles: hit_rate=0.400 thresholds=[0.71, 0.75] profiles={'baseline_nominal': 6, 'soft_sparse_recall': 4}
    delta treatment-control: precision=+0.000 recall=+0.000 f1=+0.000 offset_f1=+0.000 note_value_acc=+0.000 dup_per_100=+0.00 boundary_miss_rate=+0.000 p95_chunk_ms=-0.77 f1_10ms=+0.000 f1_20ms=+0.000 f1_30ms=+0.000 visible_p50_ms=+1.2 stabilize_p50_ms=-0.2 algo_visible_p50_ms=+0.0 algo_stabilize_p50_ms=+0.0 avg_revisions=+0.00 display_note_f1=+0.000 display_offset_f1=+0.000 display_cluster_f1=+0.000 display_cluster_jaccard=+0.000
    failure buckets: ['boundary_miss_failure', 'high_revision_slow_stabilization']
      boundary diagnostics: missed=3 by_arm={'control': 3, 'treatment': 3} tags={'control_boundary_miss': 3, 'no_control_coarse_candidate': 3}
        miss: pitch=70 onset=0.513s boundary_delta_ms=-87.0 control_coarse=False treatment_coarse=False retro=n/a
        miss: pitch=69 onset=0.611s boundary_delta_ms=+10.7 control_coarse=False treatment_coarse=False retro=n/a
        miss: pitch=74 onset=3.555s boundary_delta_ms=-45.3 control_coarse=False treatment_coarse=False retro=n/a
[TIMING] EnhancedMel.transcribe: audio_to_gpu=0.5ms, features=1.4ms, model=20.3ms, decode=1.4ms | TOTAL=23.6ms for 600ms audio (RTF=0.04x)
[TIMING] stream_chunk[experiment-efa949b66cb34f8ea7b69534c244bc53](live_neural): decode=0.1ms, inference=26.0ms, second_pass=0.0ms, contention=0.0ms, TOTAL=26.2ms | audio=600ms, RTF=0.04x | model=enhanced_mel, neural_total=25.4ms, model_inference=20.3ms
[TIMING] EnhancedMel.transcribe: audio_to_gpu=0.2ms, features=0.4ms, model=14.1ms, decode=2.5ms | TOTAL=17.2ms for 1200ms audio (RTF=0.01x)
[TIMING] stream_chunk[experiment-efa949b66cb34f8ea7b69534c244bc53](live_neural): decode=0.1ms, inference=19.1ms, second_pass=0.0ms, contention=0.0ms, TOTAL=19.4ms | audio=600ms, RTF=0.03x | model=enhanced_mel, neural_total=18.8ms, model_inference=14.1ms
[TIMING] EnhancedMel.transcribe: audio_to_gpu=0.2ms, features=0.5ms, model=11.8ms, decode=3.5ms | TOTAL=15.9ms for 1800ms audio (RTF=0.01x)
[TIMING] stream_chunk[experiment-efa949b66cb34f8ea7b69534c244bc53](live_neural): decode=0.1ms, inference=18.0ms, second_pass=0.0ms, contention=0.0ms, TOTAL=18.2ms | audio=600ms, RTF=0.03x | model=enhanced_mel, neural_total=17.6ms, model_inference=11.8ms
[TIMING] EnhancedMel.transcribe: audio_to_gpu=0.2ms, features=0.5ms, model=12.0ms, decode=4.5ms | TOTAL=17.3ms for 2400ms audio (RTF=0.01x)
[TIMING] stream_chunk[experiment-efa949b66cb34f8ea7b69534c244bc53](live_neural): decode=0.1ms, inference=19.5ms, second_pass=0.0ms, contention=0.0ms, TOTAL=19.7ms | audio=600ms, RTF=0.03x | model=enhanced_mel, neural_total=19.1ms, model_inference=12.0ms
[TIMING] EnhancedMel.transcribe: audio_to_gpu=0.3ms, features=2.5ms, model=17.1ms, decode=5.5ms | TOTAL=25.5ms for 3000ms audio (RTF=0.01x)
[TIMING] stream_chunk[experiment-efa949b66cb34f8ea7b69534c244bc53](live_neural): decode=0.1ms, inference=28.4ms, second_pass=0.0ms, contention=0.0ms, TOTAL=28.8ms | audio=600ms, RTF=0.05x | model=enhanced_mel, neural_total=27.5ms, model_inference=17.1ms
[TIMING] EnhancedMel.transcribe: audio_to_gpu=0.3ms, features=0.6ms, model=17.0ms, decode=5.5ms | TOTAL=23.4ms for 3000ms audio (RTF=0.01x)
[TIMING] stream_chunk[experiment-efa949b66cb34f8ea7b69534c244bc53](live_neural): decode=0.1ms, inference=25.8ms, second_pass=0.0ms, contention=0.0ms, TOTAL=26.1ms | audio=600ms, RTF=0.04x | model=enhanced_mel, neural_total=25.4ms, model_inference=17.0ms
[TIMING] EnhancedMel.transcribe: audio_to_gpu=0.4ms, features=0.7ms, model=21.3ms, decode=6.4ms | TOTAL=28.7ms for 3000ms audio (RTF=0.01x)
[TIMING] stream_chunk[experiment-efa949b66cb34f8ea7b69534c244bc53](live_neural): decode=0.1ms, inference=31.2ms, second_pass=0.0ms, contention=0.0ms, TOTAL=31.5ms | audio=600ms, RTF=0.05x | model=enhanced_mel, neural_total=30.7ms, model_inference=21.3ms
[TIMING] EnhancedMel.transcribe: audio_to_gpu=0.2ms, features=0.5ms, model=12.2ms, decode=5.3ms | TOTAL=18.2ms for 3000ms audio (RTF=0.01x)
[TIMING] stream_chunk[experiment-efa949b66cb34f8ea7b69534c244bc53](live_neural): decode=0.1ms, inference=20.6ms, second_pass=0.0ms, contention=0.0ms, TOTAL=20.9ms | audio=600ms, RTF=0.03x | model=enhanced_mel, neural_total=20.1ms, model_inference=12.2ms
[TIMING] EnhancedMel.transcribe: audio_to_gpu=0.3ms, features=0.6ms, model=13.2ms, decode=5.3ms | TOTAL=19.5ms for 3000ms audio (RTF=0.01x)
[TIMING] stream_chunk[experiment-efa949b66cb34f8ea7b69534c244bc53](live_neural): decode=0.1ms, inference=21.9ms, second_pass=0.0ms, contention=0.0ms, TOTAL=22.2ms | audio=600ms, RTF=0.04x | model=enhanced_mel, neural_total=21.6ms, model_inference=13.2ms
[TIMING] EnhancedMel.transcribe: audio_to_gpu=0.3ms, features=0.5ms, model=13.9ms, decode=5.4ms | TOTAL=20.0ms for 3000ms audio (RTF=0.01x)
[TIMING] stream_chunk[experiment-efa949b66cb34f8ea7b69534c244bc53](live_neural): decode=0.1ms, inference=22.2ms, second_pass=0.0ms, contention=0.0ms, TOTAL=22.6ms | audio=600ms, RTF=0.04x | model=enhanced_mel, neural_total=21.9ms, model_inference=13.9ms
[TIMING] EnhancedMel.transcribe: audio_to_gpu=0.4ms, features=0.7ms, model=21.0ms, decode=1.5ms | TOTAL=23.7ms for 600ms audio (RTF=0.04x)
[TIMING] stream_chunk[experiment-14962810ee38407ba674a334372c2191](live_neural): decode=0.1ms, inference=26.3ms, second_pass=0.0ms, contention=0.0ms, TOTAL=26.6ms | audio=600ms, RTF=0.04x | model=enhanced_mel, neural_total=25.0ms, model_inference=21.0ms
[TIMING] EnhancedMel.transcribe: audio_to_gpu=0.2ms, features=0.5ms, model=15.1ms, decode=2.5ms | TOTAL=18.3ms for 1200ms audio (RTF=0.02x)
[TIMING] stream_chunk[experiment-14962810ee38407ba674a334372c2191](live_neural): decode=0.1ms, inference=20.1ms, second_pass=0.0ms, contention=0.0ms, TOTAL=20.3ms | audio=600ms, RTF=0.03x | model=enhanced_mel, neural_total=19.7ms, model_inference=15.1ms
[TIMING] EnhancedMel.transcribe: audio_to_gpu=0.3ms, features=0.5ms, model=11.0ms, decode=3.4ms | TOTAL=15.2ms for 1800ms audio (RTF=0.01x)
[TIMING] stream_chunk[experiment-14962810ee38407ba674a334372c2191](live_neural): decode=0.1ms, inference=17.2ms, second_pass=0.0ms, contention=0.0ms, TOTAL=17.4ms | audio=600ms, RTF=0.03x | model=enhanced_mel, neural_total=16.7ms, model_inference=11.0ms
[TIMING] EnhancedMel.transcribe: audio_to_gpu=0.2ms, features=0.5ms, model=21.5ms, decode=4.7ms | TOTAL=27.0ms for 2400ms audio (RTF=0.01x)
[TIMING] stream_chunk[experiment-14962810ee38407ba674a334372c2191](live_neural): decode=0.1ms, inference=29.3ms, second_pass=0.0ms, contention=0.0ms, TOTAL=29.5ms | audio=600ms, RTF=0.05x | model=enhanced_mel, neural_total=28.9ms, model_inference=21.5ms
[TIMING] EnhancedMel.transcribe: audio_to_gpu=0.2ms, features=0.6ms, model=17.0ms, decode=5.6ms | TOTAL=23.4ms for 3000ms audio (RTF=0.01x)
[TIMING] stream_chunk[experiment-14962810ee38407ba674a334372c2191](live_neural): decode=0.1ms, inference=25.9ms, second_pass=0.0ms, contention=0.0ms, TOTAL=26.2ms | audio=600ms, RTF=0.04x | model=enhanced_mel, neural_total=25.5ms, model_inference=17.0ms
[TIMING] EnhancedMel.transcribe: audio_to_gpu=0.3ms, features=0.5ms, model=22.0ms, decode=5.6ms | TOTAL=28.4ms for 3000ms audio (RTF=0.01x)
[TIMING] stream_chunk[experiment-14962810ee38407ba674a334372c2191](live_neural): decode=0.1ms, inference=30.8ms, second_pass=0.0ms, contention=0.0ms, TOTAL=31.1ms | audio=600ms, RTF=0.05x | model=enhanced_mel, neural_total=30.4ms, model_inference=22.0ms
[TIMING] EnhancedMel.transcribe: audio_to_gpu=0.5ms, features=0.6ms, model=17.6ms, decode=5.6ms | TOTAL=24.3ms for 3000ms audio (RTF=0.01x)
[TIMING] stream_chunk[experiment-14962810ee38407ba674a334372c2191](live_neural): decode=0.2ms, inference=26.7ms, second_pass=0.0ms, contention=0.0ms, TOTAL=27.1ms | audio=600ms, RTF=0.05x | model=enhanced_mel, neural_total=26.3ms, model_inference=17.6ms
[TIMING] EnhancedMel.transcribe: audio_to_gpu=0.4ms, features=0.7ms, model=14.5ms, decode=5.7ms | TOTAL=21.3ms for 3000ms audio (RTF=0.01x)
[TIMING] stream_chunk[experiment-14962810ee38407ba674a334372c2191](live_neural): decode=0.1ms, inference=23.7ms, second_pass=0.0ms, contention=0.0ms, TOTAL=24.0ms | audio=600ms, RTF=0.04x | model=enhanced_mel, neural_total=23.3ms, model_inference=14.5ms
[TIMING] EnhancedMel.transcribe: audio_to_gpu=0.4ms, features=0.5ms, model=12.0ms, decode=5.6ms | TOTAL=18.6ms for 3000ms audio (RTF=0.01x)
[TIMING] stream_chunk[experiment-14962810ee38407ba674a334372c2191](live_neural): decode=0.1ms, inference=20.9ms, second_pass=0.0ms, contention=0.0ms, TOTAL=21.1ms | audio=600ms, RTF=0.04x | model=enhanced_mel, neural_total=20.5ms, model_inference=12.0ms
[TIMING] EnhancedMel.transcribe: audio_to_gpu=0.3ms, features=1.0ms, model=14.8ms, decode=5.2ms | TOTAL=21.2ms for 3000ms audio (RTF=0.01x)
[TIMING] stream_chunk[experiment-14962810ee38407ba674a334372c2191](live_neural): decode=0.1ms, inference=23.5ms, second_pass=0.0ms, contention=0.0ms, TOTAL=23.8ms | audio=600ms, RTF=0.04x | model=enhanced_mel, neural_total=23.1ms, model_inference=14.8ms

[CLIP_046] Sonata in D Major, K. 118
  excerpt: start=9.00s end=15.00s duration=6.00s gt_notes=86 rms=0.0403 peak=0.2391 crest=5.927 rms_std=0.0103
    control:
      note metrics: precision=0.944 recall=0.988 f1=0.966 matched=85/86 pred=90
      strict onset f1: 10ms=0.875 20ms=0.966 30ms=0.966
      timing metrics: offset_f1=0.943 rhythm_precision=0.976 note_value_acc=0.435 note_value_n=85 avg_beat_error=0.070
      duplicate metrics: duplicates=3 per_100_notes=3.33
      boundary metrics: gt=29 matched=29 missed=0 miss_rate=0.000
      latency: avg_chunk_ms=23.55 p95_chunk_ms=30.25 avg_rtf=0.039
      notation metrics: first_correct_ms=6.6 visible_p50_ms=316.5 visible_p95_ms=586.2 stabilize_p50_ms=1362.4 stabilize_p95_ms=2069.0 avg_revisions=1.54 matched=63 refined=63 snapshots=20
      algorithmic latency: first_correct_ms=0.0 visible_p50_ms=290.9 visible_p95_ms=566.5 stabilize_p50_ms=1100.8 stabilize_p95_ms=1808.6
      final display note metrics: precision=0.976 recall=0.965 f1=0.971 matched=83/86 pred=85
      final display strict onset f1: 10ms=0.854 20ms=0.959 30ms=0.959
      final display timing: offset_f1=0.947 rhythm_precision=0.976 note_value_acc=0.241 note_value_n=83 avg_beat_error=0.104
      final display structure: cluster_f1=0.945 onset_align_recall=0.984 avg_jaccard=0.974 exact=60/64 pred=63 over=1 under=1 pitch_conflicts=1 missed_gt=1
      threshold profiles: hit_rate=0.000 thresholds=[0.75] profiles={'fixed_baseline': 10}
    treatment:
      note metrics: precision=0.944 recall=0.988 f1=0.966 matched=85/86 pred=90
      strict onset f1: 10ms=0.875 20ms=0.966 30ms=0.966
      timing metrics: offset_f1=0.943 rhythm_precision=0.976 note_value_acc=0.435 note_value_n=85 avg_beat_error=0.070
      duplicate metrics: duplicates=3 per_100_notes=3.33
      boundary metrics: gt=29 matched=29 missed=0 miss_rate=0.000
      latency: avg_chunk_ms=24.71 p95_chunk_ms=30.39 avg_rtf=0.041
      notation metrics: first_correct_ms=4.0 visible_p50_ms=313.9 visible_p95_ms=595.1 stabilize_p50_ms=1362.6 stabilize_p95_ms=2068.7 avg_revisions=1.54 matched=63 refined=63 snapshots=20
      algorithmic latency: first_correct_ms=0.0 visible_p50_ms=290.9 visible_p95_ms=566.5 stabilize_p50_ms=1100.8 stabilize_p95_ms=1808.6
      final display note metrics: precision=0.976 recall=0.965 f1=0.971 matched=83/86 pred=85
      final display strict onset f1: 10ms=0.854 20ms=0.959 30ms=0.959
      final display timing: offset_f1=0.947 rhythm_precision=0.976 note_value_acc=0.241 note_value_n=83 avg_beat_error=0.104
      final display structure: cluster_f1=0.945 onset_align_recall=0.984 avg_jaccard=0.974 exact=60/64 pred=63 over=1 under=1 pitch_conflicts=1 missed_gt=1
      threshold profiles: hit_rate=0.000 thresholds=[0.75] profiles={'baseline_nominal': 10}
    delta treatment-control: precision=+0.000 recall=+0.000 f1=+0.000 offset_f1=+0.000 note_value_acc=+0.000 dup_per_100=+0.00 boundary_miss_rate=+0.000 p95_chunk_ms=+0.15 f1_10ms=+0.000 f1_20ms=+0.000 f1_30ms=+0.000 visible_p50_ms=-2.6 stabilize_p50_ms=+0.2 algo_visible_p50_ms=+0.0 algo_stabilize_p50_ms=+0.0 avg_revisions=+0.00 display_note_f1=+0.000 display_offset_f1=+0.000 display_cluster_f1=+0.000 display_cluster_jaccard=+0.000
    failure buckets: ['high_revision_slow_stabilization', 'note_value_offset_failure']
[TIMING] EnhancedMel.transcribe: audio_to_gpu=0.4ms, features=0.8ms, model=21.6ms, decode=1.5ms | TOTAL=24.4ms for 600ms audio (RTF=0.04x)
[TIMING] stream_chunk[experiment-c947467717ad4c28a9dd07976589cd9f](live_neural): decode=0.2ms, inference=27.0ms, second_pass=0.0ms, contention=0.0ms, TOTAL=27.2ms | audio=600ms, RTF=0.05x | model=enhanced_mel, neural_total=26.5ms, model_inference=21.6ms
[TIMING] EnhancedMel.transcribe: audio_to_gpu=0.2ms, features=0.4ms, model=9.8ms, decode=2.2ms | TOTAL=12.7ms for 1200ms audio (RTF=0.01x)
[TIMING] stream_chunk[experiment-c947467717ad4c28a9dd07976589cd9f](live_neural): decode=0.2ms, inference=14.4ms, second_pass=0.0ms, contention=0.0ms, TOTAL=14.6ms | audio=600ms, RTF=0.02x | model=enhanced_mel, neural_total=14.1ms, model_inference=9.8ms
[TIMING] EnhancedMel.transcribe: audio_to_gpu=0.3ms, features=0.6ms, model=15.8ms, decode=3.2ms | TOTAL=19.8ms for 1800ms audio (RTF=0.01x)
[TIMING] stream_chunk[experiment-c947467717ad4c28a9dd07976589cd9f](live_neural): decode=0.1ms, inference=21.6ms, second_pass=0.0ms, contention=0.0ms, TOTAL=21.8ms | audio=600ms, RTF=0.04x | model=enhanced_mel, neural_total=21.2ms, model_inference=15.8ms
[TIMING] EnhancedMel.transcribe: audio_to_gpu=0.3ms, features=0.5ms, model=11.4ms, decode=4.3ms | TOTAL=16.4ms for 2400ms audio (RTF=0.01x)
[TIMING] stream_chunk[experiment-c947467717ad4c28a9dd07976589cd9f](live_neural): decode=0.1ms, inference=19.0ms, second_pass=0.0ms, contention=0.0ms, TOTAL=19.3ms | audio=600ms, RTF=0.03x | model=enhanced_mel, neural_total=18.5ms, model_inference=11.4ms
[TIMING] EnhancedMel.transcribe: audio_to_gpu=0.3ms, features=0.6ms, model=12.6ms, decode=5.2ms | TOTAL=18.7ms for 3000ms audio (RTF=0.01x)
[TIMING] stream_chunk[experiment-c947467717ad4c28a9dd07976589cd9f](live_neural): decode=0.1ms, inference=22.1ms, second_pass=0.0ms, contention=0.0ms, TOTAL=22.4ms | audio=600ms, RTF=0.04x | model=enhanced_mel, neural_total=21.7ms, model_inference=12.6ms
[TIMING] EnhancedMel.transcribe: audio_to_gpu=0.3ms, features=0.5ms, model=11.9ms, decode=5.1ms | TOTAL=17.8ms for 3000ms audio (RTF=0.01x)
[TIMING] stream_chunk[experiment-c947467717ad4c28a9dd07976589cd9f](live_neural): decode=0.1ms, inference=20.0ms, second_pass=0.0ms, contention=0.0ms, TOTAL=20.3ms | audio=600ms, RTF=0.03x | model=enhanced_mel, neural_total=19.6ms, model_inference=11.9ms
[TIMING] EnhancedMel.transcribe: audio_to_gpu=0.2ms, features=0.4ms, model=11.9ms, decode=5.2ms | TOTAL=17.8ms for 3000ms audio (RTF=0.01x)
[TIMING] stream_chunk[experiment-c947467717ad4c28a9dd07976589cd9f](live_neural): decode=0.1ms, inference=20.8ms, second_pass=0.0ms, contention=0.0ms, TOTAL=21.1ms | audio=600ms, RTF=0.04x | model=enhanced_mel, neural_total=20.5ms, model_inference=11.9ms
[TIMING] EnhancedMel.transcribe: audio_to_gpu=0.4ms, features=0.6ms, model=21.4ms, decode=5.2ms | TOTAL=27.6ms for 3000ms audio (RTF=0.01x)
[TIMING] stream_chunk[experiment-c947467717ad4c28a9dd07976589cd9f](live_neural): decode=0.1ms, inference=29.8ms, second_pass=0.0ms, contention=0.0ms, TOTAL=30.1ms | audio=600ms, RTF=0.05x | model=enhanced_mel, neural_total=29.4ms, model_inference=21.4ms
[TIMING] EnhancedMel.transcribe: audio_to_gpu=0.4ms, features=0.7ms, model=12.3ms, decode=5.3ms | TOTAL=18.7ms for 3000ms audio (RTF=0.01x)
[TIMING] stream_chunk[experiment-c947467717ad4c28a9dd07976589cd9f](live_neural): decode=0.1ms, inference=21.0ms, second_pass=0.0ms, contention=0.0ms, TOTAL=21.3ms | audio=600ms, RTF=0.04x | model=enhanced_mel, neural_total=20.6ms, model_inference=12.3ms
[TIMING] EnhancedMel.transcribe: audio_to_gpu=0.3ms, features=0.7ms, model=15.8ms, decode=5.3ms | TOTAL=22.1ms for 3000ms audio (RTF=0.01x)
[TIMING] stream_chunk[experiment-c947467717ad4c28a9dd07976589cd9f](live_neural): decode=0.1ms, inference=24.4ms, second_pass=0.0ms, contention=0.0ms, TOTAL=24.7ms | audio=600ms, RTF=0.04x | model=enhanced_mel, neural_total=24.0ms, model_inference=15.8ms
[TIMING] EnhancedMel.transcribe: audio_to_gpu=3.0ms, features=0.6ms, model=10.4ms, decode=1.3ms | TOTAL=15.4ms for 600ms audio (RTF=0.03x)
[TIMING] stream_chunk[experiment-ad80e6277e0b4dc1a6f96f95c82e6101](live_neural): decode=0.2ms, inference=16.8ms, second_pass=0.0ms, contention=0.0ms, TOTAL=17.0ms | audio=600ms, RTF=0.03x | model=enhanced_mel, neural_total=16.5ms, model_inference=10.4ms
[TIMING] EnhancedMel.transcribe: audio_to_gpu=0.2ms, features=3.6ms, model=23.0ms, decode=2.3ms | TOTAL=29.1ms for 1200ms audio (RTF=0.02x)
[TIMING] stream_chunk[experiment-ad80e6277e0b4dc1a6f96f95c82e6101](live_neural): decode=0.1ms, inference=31.0ms, second_pass=0.0ms, contention=0.0ms, TOTAL=31.2ms | audio=600ms, RTF=0.05x | model=enhanced_mel, neural_total=30.6ms, model_inference=23.0ms
[TIMING] EnhancedMel.transcribe: audio_to_gpu=0.4ms, features=0.5ms, model=11.5ms, decode=3.2ms | TOTAL=15.7ms for 1800ms audio (RTF=0.01x)
[TIMING] stream_chunk[experiment-ad80e6277e0b4dc1a6f96f95c82e6101](live_neural): decode=0.1ms, inference=18.3ms, second_pass=0.0ms, contention=0.0ms, TOTAL=18.6ms | audio=600ms, RTF=0.03x | model=enhanced_mel, neural_total=18.0ms, model_inference=11.5ms
[TIMING] EnhancedMel.transcribe: audio_to_gpu=0.3ms, features=0.6ms, model=20.8ms, decode=4.4ms | TOTAL=26.1ms for 2400ms audio (RTF=0.01x)
[TIMING] stream_chunk[experiment-ad80e6277e0b4dc1a6f96f95c82e6101](live_neural): decode=0.1ms, inference=28.8ms, second_pass=0.0ms, contention=0.0ms, TOTAL=29.0ms | audio=600ms, RTF=0.05x | model=enhanced_mel, neural_total=28.4ms, model_inference=20.8ms
[TIMING] EnhancedMel.transcribe: audio_to_gpu=0.4ms, features=0.7ms, model=16.7ms, decode=5.2ms | TOTAL=23.0ms for 3000ms audio (RTF=0.01x)
[TIMING] stream_chunk[experiment-ad80e6277e0b4dc1a6f96f95c82e6101](live_neural): decode=0.1ms, inference=25.3ms, second_pass=0.0ms, contention=0.0ms, TOTAL=25.5ms | audio=600ms, RTF=0.04x | model=enhanced_mel, neural_total=25.0ms, model_inference=16.7ms
[TIMING] EnhancedMel.transcribe: audio_to_gpu=0.4ms, features=0.7ms, model=11.8ms, decode=5.3ms | TOTAL=18.2ms for 3000ms audio (RTF=0.01x)
[TIMING] stream_chunk[experiment-ad80e6277e0b4dc1a6f96f95c82e6101](live_neural): decode=0.1ms, inference=21.0ms, second_pass=0.0ms, contention=0.0ms, TOTAL=21.2ms | audio=600ms, RTF=0.04x | model=enhanced_mel, neural_total=20.5ms, model_inference=11.8ms
[TIMING] EnhancedMel.transcribe: audio_to_gpu=0.2ms, features=1.8ms, model=14.1ms, decode=5.3ms | TOTAL=21.5ms for 3000ms audio (RTF=0.01x)
[TIMING] stream_chunk[experiment-ad80e6277e0b4dc1a6f96f95c82e6101](live_neural): decode=0.1ms, inference=23.7ms, second_pass=0.0ms, contention=0.0ms, TOTAL=24.0ms | audio=600ms, RTF=0.04x | model=enhanced_mel, neural_total=23.3ms, model_inference=14.1ms
[TIMING] EnhancedMel.transcribe: audio_to_gpu=0.3ms, features=1.7ms, model=12.4ms, decode=5.2ms | TOTAL=19.5ms for 3000ms audio (RTF=0.01x)
[TIMING] stream_chunk[experiment-ad80e6277e0b4dc1a6f96f95c82e6101](live_neural): decode=0.1ms, inference=21.7ms, second_pass=0.0ms, contention=0.0ms, TOTAL=22.0ms | audio=600ms, RTF=0.04x | model=enhanced_mel, neural_total=21.4ms, model_inference=12.4ms
[TIMING] EnhancedMel.transcribe: audio_to_gpu=0.3ms, features=0.7ms, model=13.0ms, decode=5.3ms | TOTAL=19.3ms for 3000ms audio (RTF=0.01x)
[TIMING] stream_chunk[experiment-ad80e6277e0b4dc1a6f96f95c82e6101](live_neural): decode=0.1ms, inference=21.6ms, second_pass=0.0ms, contention=0.0ms, TOTAL=21.8ms | audio=600ms, RTF=0.04x | model=enhanced_mel, neural_total=21.2ms, model_inference=13.0ms
[TIMING] EnhancedMel.transcribe: audio_to_gpu=0.3ms, features=0.6ms, model=14.8ms, decode=5.4ms | TOTAL=21.1ms for 3000ms audio (RTF=0.01x)
[TIMING] stream_chunk[experiment-ad80e6277e0b4dc1a6f96f95c82e6101](live_neural): decode=0.1ms, inference=23.3ms, second_pass=0.0ms, contention=0.0ms, TOTAL=23.5ms | audio=600ms, RTF=0.04x | model=enhanced_mel, neural_total=22.9ms, model_inference=14.8ms

[CLIP_047] Etude Op. 42, Nos. 4 & 5
  excerpt: start=57.00s end=63.00s duration=6.00s gt_notes=51 rms=0.0933 peak=0.5488 crest=5.883 rms_std=0.0336
    control:
      note metrics: precision=0.875 recall=0.961 f1=0.916 matched=49/51 pred=56
      strict onset f1: 10ms=0.785 20ms=0.897 30ms=0.897
      timing metrics: offset_f1=0.505 rhythm_precision=0.551 note_value_acc=0.102 note_value_n=49 avg_beat_error=0.403
      duplicate metrics: duplicates=1 per_100_notes=1.79
      boundary metrics: gt=13 matched=13 missed=0 miss_rate=0.000
      latency: avg_chunk_ms=22.28 p95_chunk_ms=28.81 avg_rtf=0.037
      notation metrics: first_correct_ms=31.0 visible_p50_ms=360.6 visible_p95_ms=616.3 stabilize_p50_ms=1734.0 stabilize_p95_ms=2262.8 avg_revisions=2.14 matched=42 refined=42 snapshots=21
      algorithmic latency: first_correct_ms=9.9 visible_p50_ms=343.6 visible_p95_ms=596.6 stabilize_p50_ms=1067.8 stabilize_p95_ms=1737.9
      final display note metrics: precision=0.891 recall=0.961 f1=0.925 matched=49/51 pred=55
      final display strict onset f1: 10ms=0.792 20ms=0.906 30ms=0.906
      final display timing: offset_f1=0.509 rhythm_precision=0.551 note_value_acc=0.041 note_value_n=49 avg_beat_error=0.414
      final display structure: cluster_f1=0.759 onset_align_recall=0.947 avg_jaccard=0.921 exact=30/38 pred=41 over=4 under=2 pitch_conflicts=0 missed_gt=2
      threshold profiles: hit_rate=0.000 thresholds=[0.75] profiles={'fixed_baseline': 10}
    treatment:
      note metrics: precision=0.875 recall=0.961 f1=0.916 matched=49/51 pred=56
      strict onset f1: 10ms=0.785 20ms=0.897 30ms=0.897
      timing metrics: offset_f1=0.505 rhythm_precision=0.551 note_value_acc=0.102 note_value_n=49 avg_beat_error=0.403
      duplicate metrics: duplicates=1 per_100_notes=1.79
      boundary metrics: gt=13 matched=13 missed=0 miss_rate=0.000
      latency: avg_chunk_ms=23.40 p95_chunk_ms=30.22 avg_rtf=0.039
      notation metrics: first_correct_ms=33.8 visible_p50_ms=372.3 visible_p95_ms=625.2 stabilize_p50_ms=1733.8 stabilize_p95_ms=2261.7 avg_revisions=2.14 matched=42 refined=42 snapshots=21
      algorithmic latency: first_correct_ms=9.9 visible_p50_ms=343.6 visible_p95_ms=596.6 stabilize_p50_ms=1067.8 stabilize_p95_ms=1737.9
      final display note metrics: precision=0.891 recall=0.961 f1=0.925 matched=49/51 pred=55
      final display strict onset f1: 10ms=0.792 20ms=0.906 30ms=0.906
      final display timing: offset_f1=0.509 rhythm_precision=0.551 note_value_acc=0.041 note_value_n=49 avg_beat_error=0.414
      final display structure: cluster_f1=0.759 onset_align_recall=0.947 avg_jaccard=0.921 exact=30/38 pred=41 over=4 under=2 pitch_conflicts=0 missed_gt=2
      threshold profiles: hit_rate=0.000 thresholds=[0.75] profiles={'baseline_nominal': 10}
    delta treatment-control: precision=+0.000 recall=+0.000 f1=+0.000 offset_f1=+0.000 note_value_acc=+0.000 dup_per_100=+0.00 boundary_miss_rate=+0.000 p95_chunk_ms=+1.41 f1_10ms=+0.000 f1_20ms=+0.000 f1_30ms=+0.000 visible_p50_ms=+11.7 stabilize_p50_ms=-0.1 algo_visible_p50_ms=+0.0 algo_stabilize_p50_ms=+0.0 avg_revisions=+0.00 display_note_f1=+0.000 display_offset_f1=+0.000 display_cluster_f1=+0.000 display_cluster_jaccard=+0.000
    failure buckets: ['high_revision_slow_stabilization', 'note_value_offset_failure']
[TIMING] EnhancedMel.transcribe: audio_to_gpu=0.4ms, features=0.6ms, model=9.9ms, decode=1.3ms | TOTAL=12.2ms for 600ms audio (RTF=0.02x)
[TIMING] stream_chunk[experiment-765d693c69f14b10a0d3a6cfae1d1d81](live_neural): decode=0.1ms, inference=13.9ms, second_pass=0.0ms, contention=0.0ms, TOTAL=14.2ms | audio=600ms, RTF=0.02x | model=enhanced_mel, neural_total=13.5ms, model_inference=9.9ms
[TIMING] EnhancedMel.transcribe: audio_to_gpu=0.2ms, features=0.4ms, model=23.6ms, decode=3.0ms | TOTAL=27.2ms for 1200ms audio (RTF=0.02x)
[TIMING] stream_chunk[experiment-765d693c69f14b10a0d3a6cfae1d1d81](live_neural): decode=0.2ms, inference=29.0ms, second_pass=0.0ms, contention=0.0ms, TOTAL=29.2ms | audio=600ms, RTF=0.05x | model=enhanced_mel, neural_total=28.6ms, model_inference=23.6ms
[TIMING] EnhancedMel.transcribe: audio_to_gpu=0.3ms, features=0.5ms, model=11.6ms, decode=4.1ms | TOTAL=16.4ms for 1800ms audio (RTF=0.01x)
[TIMING] stream_chunk[experiment-765d693c69f14b10a0d3a6cfae1d1d81](live_neural): decode=0.1ms, inference=19.4ms, second_pass=0.0ms, contention=0.0ms, TOTAL=19.6ms | audio=600ms, RTF=0.03x | model=enhanced_mel, neural_total=19.0ms, model_inference=11.6ms
[TIMING] EnhancedMel.transcribe: audio_to_gpu=0.3ms, features=0.5ms, model=12.4ms, decode=4.6ms | TOTAL=17.8ms for 2400ms audio (RTF=0.01x)
[TIMING] stream_chunk[experiment-765d693c69f14b10a0d3a6cfae1d1d81](live_neural): decode=0.1ms, inference=19.8ms, second_pass=0.0ms, contention=0.0ms, TOTAL=20.0ms | audio=600ms, RTF=0.03x | model=enhanced_mel, neural_total=19.4ms, model_inference=12.4ms
[TIMING] EnhancedMel.transcribe: audio_to_gpu=0.5ms, features=0.8ms, model=15.7ms, decode=5.3ms | TOTAL=22.4ms for 3000ms audio (RTF=0.01x)
[TIMING] stream_chunk[experiment-765d693c69f14b10a0d3a6cfae1d1d81](live_neural): decode=0.2ms, inference=24.7ms, second_pass=0.0ms, contention=0.0ms, TOTAL=25.1ms | audio=600ms, RTF=0.04x | model=enhanced_mel, neural_total=24.3ms, model_inference=15.7ms
[TIMING] EnhancedMel.transcribe: audio_to_gpu=0.4ms, features=0.6ms, model=15.5ms, decode=5.3ms | TOTAL=21.9ms for 3000ms audio (RTF=0.01x)
[TIMING] stream_chunk[experiment-765d693c69f14b10a0d3a6cfae1d1d81](live_neural): decode=0.2ms, inference=24.2ms, second_pass=0.0ms, contention=0.0ms, TOTAL=24.4ms | audio=600ms, RTF=0.04x | model=enhanced_mel, neural_total=23.8ms, model_inference=15.5ms
[TIMING] EnhancedMel.transcribe: audio_to_gpu=0.4ms, features=4.4ms, model=12.8ms, decode=7.2ms | TOTAL=24.8ms for 3000ms audio (RTF=0.01x)
[TIMING] stream_chunk[experiment-765d693c69f14b10a0d3a6cfae1d1d81](live_neural): decode=0.1ms, inference=27.2ms, second_pass=0.0ms, contention=0.0ms, TOTAL=27.5ms | audio=600ms, RTF=0.05x | model=enhanced_mel, neural_total=26.8ms, model_inference=12.8ms
[TIMING] EnhancedMel.transcribe: audio_to_gpu=0.3ms, features=1.0ms, model=11.9ms, decode=6.0ms | TOTAL=19.2ms for 3000ms audio (RTF=0.01x)
[TIMING] stream_chunk[experiment-765d693c69f14b10a0d3a6cfae1d1d81](live_neural): decode=0.2ms, inference=21.8ms, second_pass=0.0ms, contention=0.0ms, TOTAL=22.1ms | audio=600ms, RTF=0.04x | model=enhanced_mel, neural_total=21.3ms, model_inference=11.9ms
[TIMING] EnhancedMel.transcribe: audio_to_gpu=0.4ms, features=0.5ms, model=13.1ms, decode=6.1ms | TOTAL=20.1ms for 3000ms audio (RTF=0.01x)
[TIMING] stream_chunk[experiment-765d693c69f14b10a0d3a6cfae1d1d81](live_neural): decode=0.1ms, inference=22.5ms, second_pass=0.0ms, contention=0.0ms, TOTAL=22.7ms | audio=600ms, RTF=0.04x | model=enhanced_mel, neural_total=22.1ms, model_inference=13.1ms
[TIMING] EnhancedMel.transcribe: audio_to_gpu=0.3ms, features=0.5ms, model=12.0ms, decode=5.5ms | TOTAL=18.3ms for 3000ms audio (RTF=0.01x)
[TIMING] stream_chunk[experiment-765d693c69f14b10a0d3a6cfae1d1d81](live_neural): decode=0.1ms, inference=21.7ms, second_pass=0.0ms, contention=0.0ms, TOTAL=22.0ms | audio=600ms, RTF=0.04x | model=enhanced_mel, neural_total=21.2ms, model_inference=12.0ms
[TIMING] EnhancedMel.transcribe: audio_to_gpu=0.8ms, features=0.6ms, model=10.9ms, decode=1.3ms | TOTAL=13.6ms for 600ms audio (RTF=0.02x)
[TIMING] stream_chunk[experiment-09da594a97e646eea543f4549cafbb28](live_neural): decode=0.1ms, inference=16.2ms, second_pass=0.0ms, contention=0.0ms, TOTAL=16.4ms | audio=600ms, RTF=0.03x | model=enhanced_mel, neural_total=15.8ms, model_inference=10.9ms
[TIMING] EnhancedMel.transcribe: audio_to_gpu=0.3ms, features=3.0ms, model=10.5ms, decode=2.4ms | TOTAL=16.2ms for 1200ms audio (RTF=0.01x)
[TIMING] stream_chunk[experiment-09da594a97e646eea543f4549cafbb28](live_neural): decode=0.1ms, inference=17.9ms, second_pass=0.0ms, contention=0.0ms, TOTAL=18.1ms | audio=600ms, RTF=0.03x | model=enhanced_mel, neural_total=17.5ms, model_inference=10.5ms
[TIMING] EnhancedMel.transcribe: audio_to_gpu=0.3ms, features=2.7ms, model=15.3ms, decode=3.5ms | TOTAL=21.9ms for 1800ms audio (RTF=0.01x)
[TIMING] stream_chunk[experiment-09da594a97e646eea543f4549cafbb28](live_neural): decode=0.1ms, inference=24.0ms, second_pass=0.0ms, contention=0.0ms, TOTAL=24.2ms | audio=600ms, RTF=0.04x | model=enhanced_mel, neural_total=23.5ms, model_inference=15.3ms
[TIMING] EnhancedMel.transcribe: audio_to_gpu=0.3ms, features=0.5ms, model=14.4ms, decode=4.4ms | TOTAL=19.6ms for 2400ms audio (RTF=0.01x)
[TIMING] stream_chunk[experiment-09da594a97e646eea543f4549cafbb28](live_neural): decode=0.1ms, inference=21.8ms, second_pass=0.0ms, contention=0.0ms, TOTAL=22.1ms | audio=600ms, RTF=0.04x | model=enhanced_mel, neural_total=21.4ms, model_inference=14.4ms
[TIMING] EnhancedMel.transcribe: audio_to_gpu=0.2ms, features=0.6ms, model=12.7ms, decode=5.3ms | TOTAL=18.9ms for 3000ms audio (RTF=0.01x)
[TIMING] stream_chunk[experiment-09da594a97e646eea543f4549cafbb28](live_neural): decode=0.1ms, inference=21.2ms, second_pass=0.0ms, contention=0.0ms, TOTAL=21.5ms | audio=600ms, RTF=0.04x | model=enhanced_mel, neural_total=20.8ms, model_inference=12.7ms
[TIMING] EnhancedMel.transcribe: audio_to_gpu=0.4ms, features=0.5ms, model=12.4ms, decode=5.3ms | TOTAL=18.6ms for 3000ms audio (RTF=0.01x)
[TIMING] stream_chunk[experiment-09da594a97e646eea543f4549cafbb28](live_neural): decode=0.1ms, inference=20.9ms, second_pass=0.0ms, contention=0.0ms, TOTAL=21.1ms | audio=600ms, RTF=0.04x | model=enhanced_mel, neural_total=20.4ms, model_inference=12.4ms
[TIMING] EnhancedMel.transcribe: audio_to_gpu=0.2ms, features=0.5ms, model=14.3ms, decode=6.3ms | TOTAL=21.4ms for 3000ms audio (RTF=0.01x)
[TIMING] stream_chunk[experiment-09da594a97e646eea543f4549cafbb28](live_neural): decode=0.1ms, inference=23.7ms, second_pass=0.0ms, contention=0.0ms, TOTAL=24.0ms | audio=600ms, RTF=0.04x | model=enhanced_mel, neural_total=23.3ms, model_inference=14.3ms
[TIMING] EnhancedMel.transcribe: audio_to_gpu=0.4ms, features=0.7ms, model=12.8ms, decode=7.0ms | TOTAL=20.8ms for 3000ms audio (RTF=0.01x)
[TIMING] stream_chunk[experiment-09da594a97e646eea543f4549cafbb28](live_neural): decode=0.1ms, inference=23.4ms, second_pass=0.0ms, contention=0.0ms, TOTAL=23.7ms | audio=600ms, RTF=0.04x | model=enhanced_mel, neural_total=22.9ms, model_inference=12.8ms
[TIMING] EnhancedMel.transcribe: audio_to_gpu=0.4ms, features=0.8ms, model=12.9ms, decode=5.4ms | TOTAL=19.5ms for 3000ms audio (RTF=0.01x)
[TIMING] stream_chunk[experiment-09da594a97e646eea543f4549cafbb28](live_neural): decode=0.1ms, inference=21.9ms, second_pass=0.0ms, contention=0.0ms, TOTAL=22.2ms | audio=600ms, RTF=0.04x | model=enhanced_mel, neural_total=21.4ms, model_inference=12.9ms
[TIMING] EnhancedMel.transcribe: audio_to_gpu=0.3ms, features=0.6ms, model=20.7ms, decode=5.4ms | TOTAL=27.0ms for 3000ms audio (RTF=0.01x)
[TIMING] stream_chunk[experiment-09da594a97e646eea543f4549cafbb28](live_neural): decode=0.1ms, inference=29.4ms, second_pass=0.0ms, contention=0.0ms, TOTAL=29.7ms | audio=600ms, RTF=0.05x | model=enhanced_mel, neural_total=29.0ms, model_inference=20.7ms

[CLIP_048] Sonata, K239
  excerpt: start=39.00s end=45.00s duration=6.00s gt_notes=65 rms=0.1394 peak=0.6552 crest=4.699 rms_std=0.0445
    control:
      note metrics: precision=0.985 recall=1.000 f1=0.992 matched=65/65 pred=66
      strict onset f1: 10ms=0.794 20ms=0.962 30ms=0.992
      timing metrics: offset_f1=0.809 rhythm_precision=0.800 note_value_acc=0.215 note_value_n=65 avg_beat_error=0.155
      duplicate metrics: duplicates=1 per_100_notes=1.52
      boundary metrics: gt=19 matched=19 missed=0 miss_rate=0.000
      latency: avg_chunk_ms=22.69 p95_chunk_ms=28.48 avg_rtf=0.038
      notation metrics: first_correct_ms=31.9 visible_p50_ms=306.9 visible_p95_ms=598.4 stabilize_p50_ms=1098.4 stabilize_p95_ms=1907.7 avg_revisions=0.91 matched=46 refined=46 snapshots=21
      algorithmic latency: first_correct_ms=17.7 visible_p50_ms=283.3 visible_p95_ms=577.1 stabilize_p50_ms=676.0 stabilize_p95_ms=1484.4
      final display note metrics: precision=1.000 recall=1.000 f1=1.000 matched=65/65 pred=65
      final display strict onset f1: 10ms=0.800 20ms=0.969 30ms=1.000
      final display timing: offset_f1=0.800 rhythm_precision=0.800 note_value_acc=0.323 note_value_n=65 avg_beat_error=0.154
      final display structure: cluster_f1=1.000 onset_align_recall=1.000 avg_jaccard=1.000 exact=55/55 pred=55 over=0 under=0 pitch_conflicts=0 missed_gt=0
      threshold profiles: hit_rate=0.000 thresholds=[0.75] profiles={'fixed_baseline': 10}
    treatment:
      note metrics: precision=0.985 recall=1.000 f1=0.992 matched=65/65 pred=66
      strict onset f1: 10ms=0.794 20ms=0.962 30ms=0.992
      timing metrics: offset_f1=0.809 rhythm_precision=0.800 note_value_acc=0.215 note_value_n=65 avg_beat_error=0.155
      duplicate metrics: duplicates=1 per_100_notes=1.52
      boundary metrics: gt=19 matched=19 missed=0 miss_rate=0.000
      latency: avg_chunk_ms=22.29 p95_chunk_ms=27.23 avg_rtf=0.037
      notation metrics: first_correct_ms=34.1 visible_p50_ms=305.9 visible_p95_ms=599.0 stabilize_p50_ms=1097.7 stabilize_p95_ms=1906.9 avg_revisions=0.91 matched=46 refined=46 snapshots=21
      algorithmic latency: first_correct_ms=17.7 visible_p50_ms=283.3 visible_p95_ms=577.1 stabilize_p50_ms=676.0 stabilize_p95_ms=1484.4
      final display note metrics: precision=1.000 recall=1.000 f1=1.000 matched=65/65 pred=65
      final display strict onset f1: 10ms=0.800 20ms=0.969 30ms=1.000
      final display timing: offset_f1=0.800 rhythm_precision=0.800 note_value_acc=0.323 note_value_n=65 avg_beat_error=0.154
      final display structure: cluster_f1=1.000 onset_align_recall=1.000 avg_jaccard=1.000 exact=55/55 pred=55 over=0 under=0 pitch_conflicts=0 missed_gt=0
      threshold profiles: hit_rate=1.000 thresholds=[0.77] profiles={'loud_dense_precision': 10}
    delta treatment-control: precision=+0.000 recall=+0.000 f1=+0.000 offset_f1=+0.000 note_value_acc=+0.000 dup_per_100=+0.00 boundary_miss_rate=+0.000 p95_chunk_ms=-1.25 f1_10ms=+0.000 f1_20ms=+0.000 f1_30ms=+0.000 visible_p50_ms=-1.1 stabilize_p50_ms=-0.6 algo_visible_p50_ms=+0.0 algo_stabilize_p50_ms=+0.0 avg_revisions=+0.00 display_note_f1=+0.000 display_offset_f1=+0.000 display_cluster_f1=+0.000 display_cluster_jaccard=+0.000
    failure buckets: ['high_revision_slow_stabilization', 'note_value_offset_failure']
    paired_stats treatment-control:
      display_cluster_f1: ref=0.7038 cand=0.7057 diff=+0.0019 95%CI=[-0.0078, +0.0152] p=0.8571 signs=7/6/35 best=clip_007 +0.2500 worst=clip_014 -0.1053
      display_note_f1: ref=0.9239 cand=0.9214 diff=-0.0024 95%CI=[-0.0059, +0.0006] p=0.1600 signs=8/10/30 best=clip_004 +0.0188 worst=clip_014 -0.0500
      display_offset_f1: ref=0.7441 cand=0.7429 diff=-0.0012 95%CI=[-0.0029, +0.0005] p=0.2037 signs=7/11/30 best=clip_004 +0.0185 worst=clip_012 -0.0225

Failure buckets:
  runtime_only_win: 7 clips -> clip_001, clip_002, clip_017, clip_018, clip_019, clip_036, clip_042
  boundary_miss_failure: 33 clips -> clip_001, clip_002, clip_004, clip_006, clip_008, clip_010, clip_012, clip_015, clip_016, clip_017, clip_018, clip_019, clip_020, clip_021, clip_022, clip_023, clip_024, clip_025, clip_026, clip_027, clip_028, clip_029, clip_030, clip_031, clip_032, clip_033, clip_034, clip_035, clip_037, clip_040, clip_041, clip_044, clip_045
  high_revision_slow_stabilization: 46 clips -> clip_001, clip_002, clip_003, clip_005, clip_006, clip_008, clip_009, clip_010, clip_011, clip_012, clip_013, clip_014, clip_015, clip_016, clip_017, clip_018, clip_019, clip_020, clip_021, clip_022, clip_023, clip_024, clip_025, clip_026, clip_027, clip_028, clip_029, clip_030, clip_031, clip_032, clip_033, clip_034, clip_035, clip_036, clip_037, clip_038, clip_039, clip_040, clip_041, clip_042, clip_043, clip_044, clip_045, clip_046, clip_047, clip_048
  note_value_offset_failure: 26 clips -> clip_001, clip_002, clip_003, clip_004, clip_005, clip_007, clip_009, clip_011, clip_013, clip_014, clip_025, clip_026, clip_029, clip_030, clip_033, clip_035, clip_037, clip_038, clip_039, clip_040, clip_041, clip_043, clip_044, clip_046, clip_047, clip_048

Boundary failure tags:
  control_boundary_miss: 121
  no_control_coarse_candidate: 119
  control_timing_or_quantization_drift: 2
  treatment_candidate_not_retained: 2
  treatment_recovers_boundary_note: 1

Saved full results to C:\Users\ToniH\Documents\GitHub\LiveScore\backend\live_benchmark_replay_auto_v2_results_20260602_enhancedheur_offset055.json
